,Pearson Correlation,Absolute Correlation,P-values
Tyrobp,-0.2635082184182605,0.2635082184182605,3.933198553182392e-52
Pabpc1,-0.15272560732263984,0.15272560732263984,3.2992921782540603e-18
Nedd8,-0.05324028371022965,0.05324028371022965,0.0025495935514213007
Dad1,0.057155313284685795,0.057155313284685795,0.0011968581371452373
Cox17,-0.07506978998724144,0.07506978998724144,2.0666041543329847e-05
Fam49b,-0.08457307042686273,0.08457307042686273,1.5995653173266227e-06
Rpl36al,-0.11751833897915169,0.11751833897915169,2.4093841896848745e-11
Cd53,0.008922754581115421,0.008922754581115421,0.6133141272024683
Samhd1,-0.04436669350704927,0.04436669350704927,0.011939194283454545
Eef1g,0.02319792438415651,0.02319792438415651,0.18885074406985652
Atox1,-0.15233642200065797,0.15233642200065797,4.019539565911784e-18
Cox7c,-0.14263203214945797,0.14263203214945797,4.681844476901274e-16
Arhgdia,-0.005433628831808947,0.005433628831808947,0.7582841919979219
Dusp1,-0.3035561871856344,0.3035561871856344,2.1020065787500949e-69
Arf6,-0.060164877165530296,0.060164877165530296,0.0006484026885998997
6720456B07Rik,-0.11278720658973095,0.11278720658973095,1.473090711527241e-10
Tln1,-0.07530622197567036,0.07530622197567036,1.945827572111967e-05
Cox5b,0.06264353247234689,0.06264353247234689,0.0003833452520523097
Rnf130,-0.0513528747810068,0.0513528747810068,0.003611053599909529
Rps7,-0.23426945675732955,0.23426945675732955,2.8591817541221375e-41
Tpt1,-0.2818446329665463,0.2818446329665463,1.0952674555631635e-59
Shisa5,-0.04909707897028871,0.04909707897028871,0.005397829334117819
Arpc1a,-0.046474785577262,0.046474785577262,0.008450661637264939
Tmem167,0.019631415101563715,0.019631415101563715,0.26616896988620986
Rplp1,-0.31058761535160606,0.31058761535160606,9.802846060104108e-73
Stk24,-0.11196872326127431,0.11196872326127431,2.0000422796201224e-10
Fxyd5,-0.11514589421768905,0.11514589421768905,6.0281898544667e-11
Rassf4,0.0030574494049376852,0.0030574494049376852,0.8625269012792818
Zfand5,-0.05039591965659644,0.05039591965659644,0.004290457372959281
Polr2l,-0.08384051171452056,0.08384051171452056,1.968158516264573e-06
Polr2f,0.015282237437088132,0.015282237437088132,0.3867331829390633
Rpl13,-0.29446511309761403,0.29446511309761403,3.125553798137818e-65
Tomm6,-0.09696447597240043,0.09696447597240043,3.701380143585614e-08
Capza1,-0.07223187210942546,0.07223187210942546,4.2000799800015466e-05
Higd2a,-0.07983127799370776,0.07983127799370776,5.941604381099977e-06
Arf5,-0.12283627887492754,0.12283627887492754,2.883930157792485e-12
Atp2b1,-0.00999014758736201,0.00999014758736201,0.5715269714856371
Slfn2,-0.00720205445380508,0.00720205445380508,0.6833528420453521
Btg2,-0.2053614607496282,0.2053614607496282,6.568688315427279e-32
Gabarapl2,-0.03892796461127156,0.03892796461127156,0.027418099064690022
Mrpl43,0.04145837932684959,0.04145837932684959,0.018824072544558923
Ctage5,0.015256672074314439,0.015256672074314439,0.38752813161507527
Ccdc72,-0.12758943195516895,0.12758943195516895,3.996711746422217e-13
Mcl1,-0.11402146349410847,0.11402146349410847,9.250367936580875e-11
Fcer1g,-0.19062902538277415,0.19062902538277415,1.2004004615543404e-27
Klf13,-0.20196468496916867,0.20196468496916867,6.763206146791066e-31
Rgs2,-0.05568352562926707,0.05568352562926707,0.0015990837865910103
Cebpd,-0.028776204485986008,0.028776204485986008,0.10308628188843609
Snrpd1,0.07387769361882722,0.07387769361882722,2.792321916449153e-05
Eif4a1,0.014822736552774343,0.014822736552774343,0.40117265242344524
March2,0.01957907192214046,0.01957907192214046,0.26744613413961205
Rhog,-0.044563587131347594,0.044563587131347594,0.01156640367606689
Rplp0,-0.23148410953905604,0.23148410953905604,2.611556385064011e-40
Lst1,-0.28088708837995596,0.28088708837995596,2.8094330557243648e-59
Ndufc2,0.10043560636061027,0.10043560636061027,1.180117684181583e-08
Pgk1,0.0970313715909106,0.0970313715909106,3.6220570564087374e-08
Pcbp1,-0.025638455732018863,0.025638455732018863,0.1464272685342623
Sepp1,-0.04169597906245635,0.04169597906245635,0.018153580888799082
Uqcrb,0.07506490487328096,0.07506490487328096,2.0691732961087148e-05
S100a11,-0.16995006805387258,0.16995006805387258,3.1447836357918944e-22
Eif3k,0.029498047443777042,0.029498047443777042,0.09472573201381519
Ptpn18,-0.1412757567469093,0.1412757567469093,8.875592246947455e-16
Csnk2b,0.08901062549353436,0.08901062549353436,4.3921110927275337e-07
Papola,-0.0007432097922090311,0.0007432097922090311,0.9664257240893158
Arhgdib,-0.10579866444204589,0.10579866444204589,1.869523441746154e-09
Tpm4,-0.06714458720821465,0.06714458720821465,0.00014065330536002584
Mtdh,0.015797242887175468,0.015797242887175468,0.3709317353257356
Msn,-0.09291971187180502,0.09291971187180502,1.3355340910480458e-07
Klf3,0.04727394185677919,0.04727394185677919,0.007387598169378494
Bsg,0.08715376027759676,0.08715376027759676,7.600817380918854e-07
Ndufa7,-0.039330728528129334,0.039330728528129334,0.025857189009299113
Capza2,0.046250329417050394,0.046250329417050394,0.008772875886831127
Psma3,0.05685269993289792,0.05685269993289792,0.0012710046801713286
Fcgr3,-0.03226894526090054,0.03226894526090054,0.06754637913658047
2310016M24Rik,-0.051033862258922064,0.051033862258922064,0.003825823919390764
Mrpl33,-0.12886807189151037,0.12886807189151037,2.318859136341191e-13
Eif4a2,-0.0006392951032263601,0.0006392951032263601,0.97111782193883
1500003O03Rik,-0.027698181229144622,0.027698181229144622,0.11665217384459986
Tspan13,-0.13904918749522,0.13904918749522,2.5026703117656352e-15
Srp9,-0.015391459274147243,0.015391459274147243,0.3833481715543014
Ube2v1,0.021050374999026313,0.021050374999026313,0.23313744786483914
Serbp1,0.024989125954646745,0.024989125954646745,0.1569292572528622
Ms4a6c,0.02376915516372575,0.02376915516372575,0.17818920481062583
Scp2,0.02036526992726836,0.02036526992726836,0.24870418656590348
Lilrb4,0.008879846321476885,0.008879846321476885,0.6150217894149458
Atp5b,0.040136473453410024,0.040136473453410024,0.022963747257160154
Hnrnpa2b1,-0.03314885141138626,0.03314885141138626,0.06039560271902345
Mkrn1,-0.037338567282707555,0.037338567282707555,0.03439589193307364
Pold4,0.12703725022528878,0.12703725022528878,5.047508241774661e-13
Eif4ebp1,-0.10971864705159672,0.10971864705159672,4.5841229600464193e-10
Gpi1,-0.009788234844849206,0.009788234844849206,0.5793270515645498
Pdcd6,0.014483593209631178,0.014483593209631178,0.41203464200610185
Hp,0.08142315865592595,0.08142315865592595,3.854921365995376e-06
Ndufa8,0.06728210724367469,0.06728210724367469,0.00013627587644367292
Ndufa1,-0.10974789102333107,0.10974789102333107,4.535451052054221e-10
Ube2s,-0.06611316625480625,0.06611316625480625,0.00017796129904974612
Il1b,0.07075001885758958,0.07075001885758958,6.022159768758762e-05
St3gal4,0.07198495178789709,0.07198495178789709,4.4621092951623813e-05
Ppp1r11,0.026959356057332066,0.026959356057332066,0.12673237850395808
Chchd2,-0.09455844087915312,0.09455844087915312,7.991191321261102e-08
Crip1,-0.22438452720400467,0.22438452720400467,6.432991691897936e-38
Ndufa13,0.031066937321385674,0.031066937321385674,0.07842571147072988
Rps14,-0.23718421050778887,0.23718421050778887,2.737454148305939e-42
Rpl27,-0.25339174996415526,0.25339174996415526,3.2745469918492913e-48
Cd302,0.17181480952420705,0.17181480952420705,1.085532938225361e-22
Degs1,0.030741827617999474,0.030741827617999474,0.0816014574617517
Ifitm6,-0.1301426230928201,0.1301426230928201,1.3404706400742866e-13
Sdf2,0.08689682778907831,0.08689682778907831,8.193006835976603e-07
Cs,0.012495171753260113,0.012495171753260113,0.47913833583478527
Myl6,-0.18566052507960873,0.18566052507960873,2.759179915400821e-26
Ctsb,0.010365476352486191,0.010365476352486191,0.5571617980838012
Polr2j,0.021391927099601957,0.021391927099601957,0.22564023856515292
U2af1,0.056716995407799994,0.056716995407799994,0.0013056125053411641
Slc6a6,-0.025588348523010344,0.025588348523010344,0.14721804079981587
Csf2rb,0.08310883079658805,0.08310883079658805,2.416988427003237e-06
Ppp1r15a,-0.020838091198084007,0.020838091198084007,0.23788522119779906
Ifngr1,-0.01765187465544862,0.01765187465544862,0.3174130186817738
Ddx5,-0.05086656625716839,0.05086656625716839,0.003943031573401291
Zmat2,0.03481777920848394,0.03481777920848394,0.048553032033805794
Lrrc58,0.10867995493463346,0.10867995493463346,6.685392916946828e-10
Mrpl32,0.08045200149627338,0.08045200149627338,5.024033987411705e-06
Ptp4a2,-0.07789984360192681,0.07789984360192681,9.936200690025475e-06
Efhd2,0.0025780064930187264,0.0025780064930187264,0.8839173523946419
Canx,0.06199225939926242,0.06199225939926242,0.00044091588136966465
Ncl,0.1458543670484317,0.1458543670484317,9.9921178985378e-17
Tmem9b,-0.03146174166807558,0.03146174166807558,0.07470513431998207
Kif5b,0.08364129892299874,0.08364129892299874,2.0817236518720685e-06
Ctbp1,0.009400861583448177,0.009400861583448177,0.5944298490364249
Sys1,0.03491784165511526,0.03491784165511526,0.04790975538490485
Echs1,0.11645831303094978,0.11645831303094978,3.637898706337696e-11
Map2k2,0.05108859520020714,0.05108859520020714,0.003788170538486579
Sec61b,-0.10378747806261894,0.10378747806261894,3.771736166831429e-09
Tex261,0.0210580946572627,0.0210580946572627,0.23296607089545857
Fam96a,0.0776916888794977,0.0776916888794977,1.0495035170757357e-05
Tpm3,-0.016676144912514897,0.016676144912514897,0.3449061692045163
Ran,0.0779514663982224,0.0779514663982224,9.80207020027015e-06
Crlf2,0.06366907926798908,0.06366907926798908,0.00030673130511424835
Chchd1,0.06049352186671139,0.06049352186671139,0.000605410314171885
Usf2,-0.059429447793250934,0.059429447793250934,0.0007550926838092761
Ssr2,0.12475126817649619,0.12475126817649619,1.3124835908804956e-12
2010107E04Rik,-0.13466870279301452,0.13466870279301452,1.832606401398044e-14
Anapc5,0.0677084246594096,0.0677084246594096,0.00012350687376440665
Anxa2,-0.10979597531525827,0.10979597531525827,4.456516336571467e-10
Npm1,0.039229530792593115,0.039229530792593115,0.026241975816519606
Trappc4,0.009610111054397578,0.009610111054397578,0.5862493307486941
Cox6b1,-0.08045111726200253,0.08045111726200253,5.02523899863462e-06
Tpr,0.09829311568040408,0.09829311568040408,2.400659239355197e-08
Eif4h,0.05532610294037233,0.05532610294037233,0.0017139517542430326
Mgat2,0.06539543409541881,0.06539543409541881,0.00020921128228534877
Cox6c,-0.11032862067614083,0.11032862067614083,3.6670133449510905e-10
Paip2,0.029346141481532372,0.029346141481532372,0.09643846561372725
Ost4,-0.14788008573387876,0.14788008573387876,3.7170013478187664e-17
Itga4,0.019621886400449637,0.019621886400449637,0.26640115556031063
Ppp2r5a,-0.08192612722703305,0.08192612722703305,3.35683183132423e-06
Snrpg,-0.06336228597597643,0.06336228597597643,0.00032799897544543067
Arf1,-0.005357962995456179,0.005357962995456179,0.761547467935791
Spcs2,0.12077140219973583,0.12077140219973583,6.6489200701125e-12
Cib1,0.11076518521722135,0.11076518521722135,3.123243291280578e-10
Ier5,-0.08277455600334539,0.08277455600334539,2.6533130246783462e-06
Sf3b1,0.07392384142152321,0.07392384142152321,2.760205669745251e-05
Sep15,-0.039151590992933846,0.039151590992933846,0.026541690706165733
Sri,0.063763346292148,0.063763346292148,0.0003004602561783699
Edem1,0.00783569354100469,0.00783569354100469,0.6572018579107687
Pfdn5,-0.11191263170896436,0.11191263170896436,2.0422364244020437e-10
Stx16,0.03362416376637618,0.03362416376637618,0.056801364279754
Ube2l3,0.0741798020024307,0.0741798020024307,2.5883498795998533e-05
Vim,-0.0926588330216341,0.0926588330216341,1.4481663940282302e-07
Med30,0.02380507929762719,0.02380507929762719,0.17753398919516863
Clta,-0.06786535527451645,0.06786535527451645,0.00011909711025699238
Ltb4r1,0.05328811608354708,0.05328811608354708,0.002526850886814738
Tppp3,-0.1076439615702771,0.1076439615702771,9.706324527121974e-10
Ptplad2,0.021389429552080137,0.021389429552080137,0.22569442893052336
Hsbp1,-0.01264730613180885,0.01264730613180885,0.4738022745675496
Ostf1,-0.1331946067660144,0.1331946067660144,3.530044514001138e-14
Rpl36,-0.28843091078876903,0.28843091078876903,1.5188562218958503e-62
Psmb4,0.0884899582699601,0.0884899582699601,5.127922729742342e-07
Ogdh,-0.03818940766959673,0.03818940766959673,0.030492102674640312
Vcan,0.14571695874187673,0.14571695874187673,1.0679990236987608e-16
Ramp1,-0.006655682242757818,0.006655682242757818,0.7062127128163048
Smchd1,0.037791290073421135,0.037791290073421135,0.0322686536257261
Tcf25,0.07039368739275573,0.07039368739275573,6.560566201270557e-05
Hint1,-0.03372475495881187,0.03372475495881187,0.05606397466104535
Dnajc19,-0.008518990610493403,0.008518990610493403,0.6294649717131561
Fgfr1op2,0.022125406411571246,0.022125406411571246,0.21012519397515325
Son,0.0015260960839030824,0.0015260960839030824,0.9311244488484347
Pgls,0.02502999906735311,0.02502999906735311,0.15625179786685361
Tmco1,0.11543290075399679,0.11543290075399679,5.400457302998908e-11
Lfng,0.04345568926845493,0.04345568926845493,0.013806177931961447
0610012G03Rik,0.033941268909749696,0.033941268909749696,0.054503816290294944
Ldha,0.18995589882834166,0.18995589882834166,1.845017142091294e-27
Tor1aip1,0.06359303418053462,0.06359303418053462,0.00031187920012309376
Ccdc56,-0.008008677796234352,0.008008677796234352,0.6501332382092828
Txnl4a,-0.006910657355163314,0.006910657355163314,0.6955102112962953
Plac8,-0.2446962761489679,0.2446962761489679,5.582498733405263e-45
Hiatl1,-0.03315423536532369,0.03315423536532369,0.06035385897312295
Ufc1,0.059861730951320156,0.059861730951320156,0.0006905595166725984
Wsb1,0.0644258807352558,0.0644258807352558,0.0002596577064700897
Ywhah,-0.027604659328171136,0.027604659328171136,0.11789222171447095
Gdi2,0.05865092557383069,0.05865092557383069,0.0008856288774238268
Ppt1,0.06309053029492788,0.06309053029492788,0.00034798217197072487
Rpl39,-0.3371504579194062,0.3371504579194062,3.6532416722311024e-86
Mrpl30,0.03103363017983356,0.03103363017983356,0.07874636920229881
Dnajb11,0.1083771182891268,0.1083771182891268,7.457917185069209e-10
Acer3,0.03352791062957385,0.03352791062957385,0.057514488130620225
Cotl1,-0.0825934432275085,0.0825934432275085,2.790456383256839e-06
Tomm20,-0.011505723702706796,0.011505723702706796,0.5146296465688033
Gpx4,-0.16345312031614784,0.16345312031614784,1.1647481793746242e-20
C1d,0.08555224072459118,0.08555224072459118,1.2091335670406105e-06
Ube2d2,-0.017429223855402912,0.017429223855402912,0.3235566081001068
Emp3,0.008280838606167205,0.008280838606167205,0.6390756118417199
App,0.12636592082178924,0.12636592082178924,6.6947553457549e-13
Aldh2,0.01770132580965517,0.01770132580965517,0.3160589591333544
Gda,0.005225808006591873,0.005225808006591873,0.7672571255913974
Pdcd4,-0.10135002228169347,0.10135002228169347,8.67646395670937e-09
Wac,-0.01912355838717278,0.01912355838717278,0.2787383612836813
Ppm1g,0.03007846805337699,0.03007846805337699,0.08840474656803833
Myeov2,-0.0430612614506559,0.0430612614506559,0.014691432674243086
Psmd7,0.121481857673091,0.121481857673091,4.996012517115548e-12
Rara,-0.13348259557900824,0.13348259557900824,3.1074530835098156e-14
Tmed5,0.05802318472683559,0.05802318472683559,0.0010057897923367357
Hnrpdl,0.03111683806138724,0.03111683806138724,0.07794729082949092
Clec4a1,0.06274621781315531,0.06274621781315531,0.00037493648724376837
Ubac2,0.1424568546800924,0.1424568546800924,5.086820477990442e-16
Tmem51,0.018848313884682093,0.018848313884682093,0.285716676389048
Plbd1,0.037466516532332225,0.037466516532332225,0.033782878766978205
Csf2ra,0.0805572302652272,0.0805572302652272,4.882589123748315e-06
Eapp,0.03889128393311741,0.03889128393311741,0.02756421027204954
Nipbl,0.07371578588346835,0.07371578588346835,2.9078319507608777e-05
Psmd6,0.13488962461361495,0.13488962461361495,1.6600778423114062e-14
Pnp,0.12436146158622319,0.12436146158622319,1.5421047517039228e-12
Grcc10,-0.03464119413850974,0.03464119413850974,0.04970593916652611
Gpr65,-0.021665509531482607,0.021665509531482607,0.2197603081585323
Ninj1,-0.17478580756204098,0.17478580756204098,1.9444642313669863e-23
Cct5,0.10090633659550852,0.10090633659550852,1.0076387359156189e-08
Osgep,0.09927791761488797,0.09927791761488797,1.7352737930519614e-08
Ube2a,0.0013485690933302435,0.0013485690933302435,0.9391199874901688
Dram2,0.07271846446185197,0.07271846446185197,3.725824675357568e-05
Rassf5,-0.1041351061254555,0.1041351061254555,3.343967836201214e-09
Rpl23a,-0.29692578592756547,0.29692578592756547,2.4015433432773927e-66
Flna,-0.16432290314296774,0.16432290314296774,7.242650279633265e-21
Ndufa11,0.08355946114207112,0.08355946114207112,2.1301772867697814e-06
Stk11,-0.0164784586391005,0.0164784586391005,0.350656063902766
Akap13,-0.044511556216267525,0.044511556216267525,0.011663899657389286
Cic,-0.0493834577328677,0.0493834577328677,0.005133588126661615
Trappc1,0.07484379217714225,0.07484379217714225,2.188694327287073e-05
Phb,0.059546979136807204,0.059546979136807204,0.0007370141983689528
Tmed3,0.06236348934899512,0.06236348934899512,0.0004071815741254974
Ndufb11,0.0998685706559313,0.0998685706559313,1.4261753390905513e-08
Ly6e,-0.21879862963238877,0.21879862963238877,4.2933844031470286e-36
Dpm1,0.04392002271482803,0.04392002271482803,0.012824633104281462
Ppfia4,-0.031082683321143712,0.031082683321143712,0.0782744902661143
Ankrd11,-0.005599989249562428,0.005599989249562428,0.7511246796348884
Pik3cd,-0.025619441920678946,0.025619441920678946,0.14672695372881492
Usf1,0.07219569752116511,0.07219569752116511,4.2375340724251934e-05
Rpl12,-0.11207862506973461,0.11207862506973461,1.9198236210171527e-10
Phyh,0.04023298371619196,0.04023298371619196,0.022636783211902458
Txn1,-0.013430363880575658,0.013430363880575658,0.4468600450760688
Ctsd,0.13894818146048657,0.13894818146048657,2.62213768275042e-15
Akt1,-0.1426083742207721,0.1426083742207721,4.734623182957822e-16
Khk,0.09684099451433567,0.09684099451433567,3.85224687721337e-08
Rnf149,-0.03854807626024624,0.03854807626024624,0.028964151093227034
Rwdd1,0.02807796274072057,0.02807796274072057,0.11172141821681122
Rnpep,0.11639581764094746,0.11639581764094746,3.726924663824595e-11
H2-K1,-0.031356808689238465,0.031356808689238465,0.07567965809495052
Atp6v1e1,0.06047008716063786,0.06047008716063786,0.0006083859201199511
H2afv,0.035038197277629676,0.035038197277629676,0.047145517813176406
Prkcd,-0.08402394323291329,0.08402394323291329,1.8688690250093368e-06
2810428I15Rik,0.053564787921201285,0.053564787921201285,0.0023989027481453756
Uqcr10,-0.04133536461708578,0.04133536461708578,0.019179643926319073
Dnaja2,0.07656630839083008,0.07656630839083008,1.4074678865830484e-05
Exosc5,0.10398287302671888,0.10398287302671888,3.525145682390551e-09
Mdh2,0.08157805867993678,0.08157805867993678,3.694432062991877e-06
Map4k4,-0.004098444101136359,0.004098444101136359,0.8164482927775465
Trim25,-0.01262278916437413,0.01262278916437413,0.4746599855044761
Mrpl11,0.02599806265208395,0.02599806265208395,0.14084709388666117
Rps27a,-0.24600763592940825,0.24600763592940825,1.851645986551113e-45
Rab1,0.011452503559350345,0.011452503559350345,0.5165766127481103
Tmbim4,0.11038316303317576,0.11038316303317576,3.594333697750119e-10
Ankrd44,-0.03814881209865472,0.03814881209865472,0.030669325702014517
Arid1a,-0.0722397650288996,0.0722397650288996,4.1919497126606566e-05
Set,-0.016414817396283927,0.016414817396283927,0.3525199831829971
Srgn,-0.059050533584165364,0.059050533584165364,0.000816217332700937
Nupr1,0.08245951789176492,0.08245951789176492,2.896213994501925e-06
Bod1l,0.08236168656890974,0.08236168656890974,2.9758873972696683e-06
Tomm40,0.06475175872417456,0.06475175872417456,0.00024155096282103686
Commd8,0.033683122414554796,0.033683122414554796,0.05636819228548108
Sin3b,0.0388411601136276,0.0388411601136276,0.027764955017960457
Nop10,-0.005607346302937824,0.005607346302937824,0.7508085491834283
D4Wsu53e,0.0191570696894641,0.0191570696894641,0.2778967268598963
Egr1,-0.2919666678441269,0.2919666678441269,4.1234071935409454e-64
Camk2d,-0.017975291945412683,0.017975291945412683,0.30862604927800663
Rabac1,-0.03249064736464031,0.03249064736464031,0.06568209319898821
Rere,0.019287317797707967,0.019287317797707967,0.27464198751064883
Fkbp1a,-0.016597681741357458,0.016597681741357458,0.3471811131107449
Rpl7l1,0.0952929982492893,0.0952929982492893,6.33025230616898e-08
Eif4b,-0.03713276038776258,0.03713276038776258,0.03540185126201607
Arpc2,-0.25288193946782717,0.25288193946782717,5.106515066982995e-48
Timm13,0.028551245030968238,0.028551245030968238,0.10580844659287827
Rbm25,0.12865541157250046,0.12865541157250046,2.539567899928834e-13
Prdx3,0.10728734289995727,0.10728734289995727,1.1026680703208813e-09
Tmem50a,0.007813415154475842,0.007813415154475842,0.6581144642605291
Orai1,0.004097263155368652,0.004097263155368652,0.8165002400580066
Junb,-0.16825219540689573,0.16825219540689573,8.196829333700092e-22
Phf5a,0.09847444511828665,0.09847444511828665,2.2619195395439077e-08
Tmem93,0.02756824348585318,0.02756824348585318,0.11837786250207945
Ppp4c,-0.02018234034715086,0.02018234034715086,0.2529808263615518
Ctsl,0.21542234940885918,0.21542234940885918,5.143455215040453e-35
Fkbp2,0.12050738957785455,0.12050738957785455,7.390849213838204e-12
Pnpla2,-0.008486258105836758,0.008486258105836758,0.6307822305734279
Plp2,-0.03838902032168458,0.03838902032168458,0.029633414483116894
Cops5,0.1291386021315271,0.1291386021315271,2.0651413862412301e-13
Napsa,0.07598991378119341,0.07598991378119341,1.6332414747545856e-05
1810022K09Rik,0.0022845806009846475,0.0022845806009846475,0.8970514942237945
Adrm1,0.061196361968934486,0.061196361968934486,0.0005222147448556087
2810008M24Rik,0.06234659675607919,0.06234659675607919,0.0004086627745261462
Rbfa,0.07131329855709934,0.07131329855709934,5.255514307684332e-05
Rnf115,0.05888638729387222,0.05888638729387222,0.0008440952369940581
Tm6sf1,-0.06012526048679303,0.06012526048679303,0.0006537727097507185
Dctn3,0.1088992670148945,0.1088992670148945,6.175238789120917e-10
Aimp1,0.10913880411078873,0.10913880411078873,5.661400188397532e-10
Pkn1,-0.0035116620767642356,0.0035116620767642356,0.8423543648650046
Sepx1,-0.2974808658417601,0.2974808658417601,1.341451267257186e-66
Prdx2,0.1810908864858492,0.1810908864858492,4.565647247387894e-25
Fgr,-0.07549809887148005,0.07549809887148005,1.85278088158417e-05
C130050O18Rik,-0.002954889051669551,0.002954889051669551,0.8670947416828408
Neat1,-0.20126315041007903,0.20126315041007903,1.0890458166779515e-30
Pfdn1,0.0486459972429293,0.0486459972429293,0.0058390010154785845
Snrpb,-0.07792129321570906,0.07792129321570906,9.880257168639947e-06
Arrdc1,-0.00045173556362331494,0.00045173556362331494,0.9795891859456445
Btbd1,0.05628036140077998,0.05628036140077998,0.0014229486015899752
Fcgr4,0.1485890422725256,0.1485890422725256,2.6209908761139187e-17
Clec4e,0.004997419812164362,0.004997419812164362,0.7771541350687935
Creb3,0.09093990822230394,0.09093990822230394,2.4555572453161697e-07
Ppp2r5c,0.002422027017669866,0.002422027017669866,0.890895470391392
Arpc5,-0.17735456550785308,0.17735456550785308,4.288431153255833e-24
Mob4,0.05398762637526001,0.05398762637526001,0.002214776661903126
B4galt5,-0.022127028867766813,0.022127028867766813,0.2100917523532701
Myo1f,-0.03188485481178744,0.03188485481178744,0.07087907129232006
Tpd52l2,0.05054873919584283,0.05054873919584283,0.004174719239234626
Ormdl2,0.0642772242206526,0.0642772242206526,0.0002683332254178197
Cops6,0.08934426688886654,0.08934426688886654,3.975312186423414e-07
Nr1h2,-0.005098326606348747,0.005098326606348747,0.7727768602963289
Taok3,0.048836883042864716,0.048836883042864716,0.0056484886661876685
Stat3,0.016919795842245986,0.016919795842245986,0.3379025467323134
Chst12,0.11252035951157459,0.11252035951157459,1.6279206689298578e-10
Slc25a5,-0.03333585636091429,0.03333585636091429,0.05895962963211831
Ly96,0.0922584011751315,0.0922584011751315,1.6391110717802148e-07
Fes,0.021460427986231753,0.021460427986231753,0.2241575634638523
Ubl7,0.07676474804064291,0.07676474804064291,1.3368709590155963e-05
BC004004,0.01660302308028045,0.01660302308028045,0.34702594544525256
Gsk3b,-0.04897138979555529,0.04897138979555529,0.005517630649361857
Myl12b,-0.027009701474247947,0.027009701474247947,0.12602464550616752
Ppib,0.017860785079412918,0.017860785079412918,0.3117185380387079
Rps27l,-0.1499737164470315,0.1499737164470315,1.318233168134069e-17
Rpl24,-0.22720456068886477,0.22720456068886477,7.383539862458135e-39
Mrfap1,-0.05730402415096174,0.05730402415096174,0.0011619036778479173
Scarb2,0.07470301033681943,0.07470301033681943,2.268184933887846e-05
Pten,-0.09637576678881944,0.09637576678881944,4.476025335413426e-08
Cox6a1,-0.12039040340107039,0.12039040340107039,7.744980414022366e-12
Wnk1,-0.03852714625530418,0.03852714625530418,0.029051468967819658
Fh1,0.14915405427020054,0.14915405427020054,1.9815965436070608e-17
Rps23,-0.31603497262476177,0.31603497262476177,2.2241827903454474e-75
Eif3b,0.07203445461865618,0.07203445461865618,4.408365960777232e-05
Cbl,0.011801341370454198,0.011801341370454198,0.5038847879322048
Tm9sf2,0.010680138723790705,0.010680138723790705,0.5452555961741808
Ctsz,0.08165941208236406,0.08165941208236406,3.6127276732945545e-06
Cstb,0.024908660011630883,0.024908660011630883,0.15826945635822706
2810432D09Rik,0.023780558996128787,0.023780558996128787,0.1779810171981983
Ier2,-0.2200385759205267,0.2200385759205267,1.7066928466512217e-36
Pyhin1,0.0536167610493087,0.0536167610493087,0.0023755393953189476
Pilrb2,0.12207043350988232,0.12207043350988232,3.9377075243064894e-12
Ap2a2,-0.0037054513380024804,0.0037054513380024804,0.8337783485193536
Vav1,0.035064415038581306,0.035064415038581306,0.04698040607301694
Ccpg1,-0.04153674526785197,0.04153674526785197,0.01860057434367808
Rnh1,0.12648980916563798,0.12648980916563798,6.355474721341046e-13
Arrdc4,-0.06365849958385304,0.06365849958385304,0.00030744270648314884
Atp5a1,0.08313941952295466,0.08313941952295466,2.3964014756486252e-06
Glrx5,-0.02181003951576854,0.02181003951576854,0.21669876407491395
Eif3a,0.09433413157543351,0.09433413157543351,8.577528357437359e-08
Vdac1,0.08712317688068229,0.08712317688068229,7.669084423358637e-07
Cetn2,0.011707183003853166,0.011707183003853166,0.5072942833254994
9530068E07Rik,0.01342138521853425,0.01342138521853425,0.44716394841775836
Prpf19,0.09264920414429174,0.09264920414429174,1.4524945795532412e-07
Znrd1,0.020754449654880665,0.020754449654880665,0.2397744985715212
Sec11a,0.1478842490209268,0.1478842490209268,3.709401730516761e-17
Brd2,0.012477814210225726,0.012477814210225726,0.47974922290623806
Map2k1,0.043879586672388865,0.043879586672388865,0.012907586923872559
Irak1,-0.06304145167055356,0.06304145167055356,0.0003517102923723375
Aplp2,0.09695867079703525,0.09695867079703525,3.708342633887891e-08
Blvra,0.1607673261017563,0.1607673261017563,4.968643035793761e-20
Msl2,-0.0008741249973432629,0.0008741249973432629,0.9605161356457181
Lyn,-0.06456406117387278,0.06456406117387278,0.00025182994115159667
Lipa,0.05797727777011571,0.05797727777011571,0.0010151439969394139
Mrps14,0.07947115653614728,0.07947115653614728,6.5452764201352765e-06
2900010M23Rik,0.01927014057506925,0.01927014057506925,0.27506972927467477
Itgal,-0.170896855819599,0.170896855819599,1.835272133276211e-22
Tab2,-0.05275680636730664,0.05275680636730664,0.0027902024396716653
Med8,0.049276538925629366,0.049276538925629366,0.005230843488325137
Ifi27l2a,-0.2393359921959843,0.2393359921959843,4.744577729551849e-43
Eef1d,0.08351692506106728,0.08351692506106728,2.1557873495018674e-06
Cd48,0.188792268723901,0.188792268723901,3.864163295749284e-27
Mrpl54,0.03140483695764612,0.03140483695764612,0.07523233509196553
Rpn1,0.13893785570533843,0.13893785570533843,2.634662457987074e-15
Pkib,0.12160853941430358,0.12160853941430358,4.746947517356999e-12
Srsf11,0.12735513988524566,0.12735513988524566,4.413363838014133e-13
Ctnnb1,-0.012721339347196513,0.012721339347196513,0.47121744461997456
Itm2c,0.10820698537532984,0.10820698537532984,7.929410384153467e-10
Celf1,-0.028874617404315305,0.028874617404315305,0.10191305512002782
Plaa,0.057512682085674435,0.057512682085674435,0.0011144467758505388
Tmem134,-0.03775790745411384,0.03775790745411384,0.03242156849711393
Tmem160,-0.0025163181307769457,0.0025163181307769457,0.8866760849753981
Leprot,0.050287075455387006,0.050287075455387006,0.004374655753737633
Vapa,-0.00026594190639556956,0.00026594190639556956,0.9879830636120934
Dok3,-0.016932497874834303,0.016932497874834303,0.33753995487972727
2400001E08Rik,0.06515302528598291,0.06515302528598291,0.00022088131207978235
Gars,0.09408493427043146,0.09408493427043146,9.277750340075824e-08
Cfdp1,0.05466900544722041,0.05466900544722041,0.001945127343212199
Purb,-0.023572788471720955,0.023572788471720955,0.1818025294184298
Mgst3,0.08130785042605666,0.08130785042605666,3.97870490308277e-06
Cbfb,0.003386544951585686,0.003386544951585686,0.8479013541244254
Hcls1,0.09631609231583849,0.09631609231583849,4.5627965784264704e-08
Pomp,-0.0008131513132724882,0.0008131513132724882,0.9632682731759815
Tspo,0.04986028959871438,0.04986028959871438,0.004719440126258951
Nfil3,0.055800895338916384,0.055800895338916384,0.0015629368807700003
Rps20,-0.20663665923031838,0.20663665923031838,2.707855878341717e-32
BC031181,0.07292635480624725,0.07292635480624725,3.539104464821138e-05
Tmsb4x,-0.20922462023692895,0.20922462023692895,4.402532708846302e-33
Ogfrl1,-0.1661468962877365,0.1661468962877365,2.6516906461588107e-21
Ifi35,0.062341288116365405,0.062341288116365405,0.0004091292921055481
Imp3,0.07034913448039115,0.07034913448039115,6.631001172428462e-05
C1galt1c1,0.05283945712316745,0.05283945712316745,0.0027476544689865935
Snrnp27,0.0345517571481114,0.0345517571481114,0.05029856539540617
Crlf3,0.0002132387584978521,0.0002132387584978521,0.9903643949573014
Trappc3,0.050311537780566865,0.050311537780566865,0.00435560311837867
Cd300lf,-0.010186386528125545,0.010186386528125545,0.5639942543003569
Fgl2,-0.027614177493665414,0.027614177493665414,0.11776554559758795
Arl6ip1,0.11323559454198162,0.11323559454198162,1.2447154138609722e-10
Rpl21,-0.2770183647522598,0.2770183647522598,1.216239569195288e-57
Tmem219,0.0490682241384239,0.0490682241384239,0.005425122959542615
Tuba1b,0.10704884494574494,0.10704884494574494,1.2005721086324467e-09
Nfkb2,0.027527060074739065,0.027527060074739065,0.1189289715186074
Mrpl23,0.05702391877040742,0.05702391877040742,0.001228547766797514
Nhp2,0.07821386959067231,0.07821386959067231,9.146574620562492e-06
Scarb1,0.028062625300981792,0.028062625300981792,0.11191730976530238
Cbx3,-0.0319539706312612,0.0319539706312612,0.07026961336073781
Rab10,0.045536130131964225,0.045536130131964225,0.009872371628094494
Stxbp2,0.12957795353801346,0.12957795353801346,1.7099994514944098e-13
Atp5g2,-0.009947609367815732,0.009947609367815732,0.5731661053984601
Ube2r2,-0.06611549605326457,0.06611549605326457,0.0001778674085122771
Mrpl35,0.12020006534515096,0.12020006534515096,8.356976518796158e-12
Spg21,-0.051266581884158106,0.051266581884158106,0.003668040573222335
Mfsd1,0.1049340101807893,0.1049340101807893,2.532052310144676e-09
Calr,0.10392450015566819,0.10392450015566819,3.5971209928067067e-09
Nudc,0.06876050470932321,0.06876050470932321,9.664980346101636e-05
Polr2g,0.0736506475033137,0.0736506475033137,2.9555724751096767e-05
Cdc40,0.07730221482479661,0.07730221482479661,1.1622212305237538e-05
Cnih4,0.018097295750650028,0.018097295750650028,0.3053534784958565
Tacc1,0.009309299538740122,0.009309299538740122,0.5980257558411907
Rad23b,0.04070694666904252,0.04070694666904252,0.021089099729771615
Dpy30,0.057771142867700666,0.057771142867700666,0.0010581474215553015
Jak1,-0.022249003479758243,0.022249003479758243,0.20758866014009045
Mcts1,0.11735331994265269,0.11735331994265269,2.569616492341065e-11
Commd1,0.09837376996192058,0.09837376996192058,2.337958298611021e-08
Srsf6,0.049534223144390016,0.049534223144390016,0.004999224100223736
Arhgef6,-0.025889564431515716,0.025889564431515716,0.1425132173719695
Jhdm1d,-0.03617550081436816,0.03617550081436816,0.04041687468181213
Sephs2,-0.058789206698070404,0.058789206698070404,0.0008610133416318465
Rab2a,0.0011701538720743107,0.0011701538720743107,0.9471617146692157
Tcp1,0.06041613411066865,0.06041613411066865,0.0006152883622344434
Alkbh5,-0.04143437852585358,0.04143437852585358,0.01889299036669611
Rab8b,-0.03278008479389099,0.03278008479389099,0.06331223364128014
Snrpb2,0.05367034338402531,0.05367034338402531,0.0023516708136416373
Nans,0.12273390410386048,0.12273390410386048,3.0068664630219514e-12
Plekho1,-0.011568839886324142,0.011568839886324142,0.5123256019530993
Selenbp1,0.10213387803561019,0.10213387803561019,6.651211665103407e-09
Trappc6a,0.11606188057953863,0.11606188057953863,4.2399630304197664e-11
Ifi204,0.06065391851736482,0.06065391851736482,0.0005854046813841264
Uqcrc2,0.11758764273725736,0.11758764273725736,2.3450443539772787e-11
Rplp2,-0.3129095196677701,0.3129095196677701,7.43179092343971e-74
Ybx1,-0.08822195780093552,0.08822195780093552,5.551624917341583e-07
Cct7,0.11186633785434286,0.11186633785434286,2.0777140055129352e-10
Mrpl51,0.10025493157380734,0.10025493157380734,1.253662783594748e-08
Blmh,0.09597158315524223,0.09597158315524223,5.096521552106597e-08
Glod4,0.12068341601473553,0.12068341601473553,6.887687776263858e-12
Rock1,0.06259222767996142,0.06259222767996142,0.0003876122241674937
Lat2,0.08486990024378119,0.08486990024378119,1.4699441533365879e-06
Ahnak,-0.13024096508360095,0.13024096508360095,1.284680077926947e-13
Cd97,-0.11884376847554297,0.11884376847554297,1.4318787790085376e-11
Nptn,0.021829949505912313,0.021829949505912313,0.21627943151028559
Timp2,0.009862312779723124,0.009862312779723124,0.5764595547970934
Adprh,0.051054384803961385,0.051054384803961385,0.0038116658390945136
Psmb6,0.06527128315130347,0.06527128315130347,0.00021511386601032875
Bloc1s2,0.03606883899420031,0.03606883899420031,0.04101125671446775
Cxcr4,-0.1655011259081176,0.1655011259081176,3.7895508173051384e-21
Isg15,0.0015888856225115303,0.0015888856225115303,0.9282981264785857
Sirt7,0.0630098608634623,0.0630098608634623,0.00035412971690742243
Arl11,0.0290182895423305,0.0290182895423305,0.10021937579829833
Mcrs1,0.04239739863627824,0.04239739863627824,0.01629465182912399
Nme2,-0.07259557529247605,0.07259557529247605,3.8405564702854196e-05
Ctnna1,0.026133912556389943,0.026133912556389943,0.13878210498480326
Ebp,0.1538501525977359,0.1538501525977359,1.8594036517253e-18
Tgoln1,-0.034578890256916066,0.034578890256916066,0.05011815408114649
Clptm1l,0.07587711972879023,0.07587711972879023,1.6812851642211316e-05
Rab5b,-0.02870336938408052,0.02870336938408052,0.10396147606264579
Scamp3,0.024352851282865608,0.024352851282865608,0.16776427673455196
Apoc2,0.10580421586479838,0.10580421586479838,1.865871290305802e-09
Erp44,0.10382659326951976,0.10382659326951976,3.721065455296117e-09
Fam134b,0.04356225438914219,0.04356225438914219,0.013575230014106978
Vdac3,0.1266993456808732,0.1266993456808732,5.819639849789776e-13
Mrpl53,0.03664194571699905,0.03664194571699905,0.037902628948643345
Yipf4,0.06942390449700385,0.06942390449700385,8.265842026541155e-05
Alg5,0.1058732809923129,0.1058732809923129,1.8210118432459912e-09
S100a8,-0.19144481101785413,0.19144481101785413,7.114619770874965e-28
Baz1a,0.06665083365888956,0.06665083365888956,0.00015748551973290877
E2f4,-0.028142143105197134,0.028142143105197134,0.11090463067566589
Plxnb2,-0.02000360883259798,0.02000360883259798,0.25720852114159365
Tmpo,0.034886595252889105,0.034886595252889105,0.048109857583624696
Npm3,0.01662736226238784,0.01662736226238784,0.34631944277340204
Slc35c2,-0.0035135620223628737,0.0035135620223628737,0.842270191477544
Tcn2,0.06132178067107974,0.06132178067107974,0.0005085384821283767
Chic2,-0.03628226285777747,0.03628226285777747,0.0398292614432713
Bcl3,0.09332457162789665,0.09332457162789665,1.1773279250660535e-07
Myo9b,-0.021714029578662076,0.021714029578662076,0.21872907885203277
Ak2,0.12735229022604985,0.12735229022604985,4.4186852003537735e-13
Tifab,-0.04394506423640464,0.04394506423640464,0.012773497614385853
Carhsp1,-0.03206034506780181,0.03206034506780181,0.06934001486385553
Hectd1,0.040953578625647365,0.040953578625647365,0.020320817740616542
Hgsnat,0.032113658887783406,0.032113658887783406,0.06887792072879956
Slc25a3,0.02510532326793603,0.02510532326793603,0.15500913424082952
Sec13,0.10132691106752441,0.10132691106752441,8.744468030879823e-09
Lgals3,-0.08280854661058214,0.08280854661058214,2.628305519512302e-06
Bbip1,0.03607381290231311,0.03607381290231311,0.040983375540799734
Rfc2,0.04206101368390963,0.04206101368390963,0.0171641956207723
Cltb,0.036462176979162673,0.036462176979162673,0.03885541692414231
Rsrc2,0.06927584062496492,0.06927584062496492,8.560440750352886e-05
Syf2,0.06070400140343197,0.06070400140343197,0.0005792851893084405
Xpnpep1,0.10625883974599176,0.10625883974599176,1.589234697244711e-09
Ddx54,0.06542402143401464,0.06542402143401464,0.00020787384298976382
Rbm42,0.06913732354375789,0.06913732354375789,8.84499893381863e-05
Acadl,0.12738076677797625,0.12738076677797625,4.365790751568178e-13
Med28,-0.0017254618552422524,0.0017254618552422524,0.9221536398981095
Pkm2,0.06074199197181907,0.06074199197181907,0.0005746829887792113
Lsm7,0.0297901417125563,0.0297901417125563,0.0915008935202603
1110003E01Rik,0.03429798313088423,0.03429798313088423,0.05201242654030821
Ergic2,0.02195677727999047,0.02195677727999047,0.21362196030419156
Cnih,0.06224559105692533,0.06224559105692533,0.0004176247861944877
Ik,0.06114609366896649,0.06114609366896649,0.000527791815234395
Gyg,0.046128671875620114,0.046128671875620114,0.008952066140532929
Tmbim6,0.09788064371858622,0.09788064371858622,2.7476946419094645e-08
Pcnp,0.020684278924764318,0.020684278924764318,0.24136763636343952
Dok1,0.1060100039403945,0.1060100039403945,1.7352837609168125e-09
Rcsd1,-0.012688690349443378,0.012688690349443378,0.47235640742809676
B9d2,0.048943572308600074,0.048943572308600074,0.005544467057475111
Grina,0.014711064236436132,0.014711064236436132,0.4047301408569356
Vps72,0.03125204586222536,0.03125204586222536,0.0766629212302703
Sp3,0.02511112595815463,0.02511112595815463,0.1549137162453506
Itgb1bp1,0.07965702099108224,0.07965702099108224,6.2267398518636245e-06
Pes1,0.056611905312769,0.056611905312769,0.0013330078928279962
Abi1,0.016430892063838326,0.016430892063838326,0.35204859916385517
Gpr132,0.02882215492609593,0.02882215492609593,0.10253715592041884
Triap1,0.04690039898269721,0.04690039898269721,0.007868594248038471
Ntan1,0.04308700803082075,0.04308700803082075,0.014632157175795989
Rtf1,0.016729868580221286,0.016729868580221286,0.3433540108291854
Ndufb8,0.02985656262545834,0.02985656262545834,0.09078002930775089
Preb,0.022517691523334476,0.022517691523334476,0.202151229197063
Sdha,0.09086371549368666,0.09086371549368666,2.5131626786760533e-07
Mmp8,0.021198172269918977,0.021198172269918977,0.22987184146602485
Snrpf,-0.03605736460171523,0.03605736460171523,0.04107563754184594
Mllt10,0.010982842272615059,0.010982842272615059,0.5339222844603279
Oxa1l,0.08967479466372627,0.08967479466372627,3.6001577807686946e-07
Prorsd1,0.07782773868311871,0.07782773868311871,1.012648549784848e-05
6820431F20Rik,-0.052916834168402906,0.052916834168402906,0.0027083591559976194
Ndufs2,0.10966657039630727,0.10966657039630727,4.672060868226961e-10
Dock8,-0.004143291233786466,0.004143291233786466,0.8144761618114907
Dedd2,-0.01396397771720319,0.01396397771720319,0.42901076557820894
Mapre2,-0.001182979987811078,0.001182979987811078,0.9465834125012341
Pid1,-0.011197035860436832,0.011197035860436832,0.5259752920108544
Rnf167,-0.043370360610364665,0.043370360610364665,0.013993595232458049
Obfc2b,0.03677438548499079,0.03677438548499079,0.03721346044621859
Rpl22l1,-0.06792531934059094,0.06792531934059094,0.00011745163759575546
Snapc5,0.06080693225176421,0.06080693225176421,0.0005668948009254256
Ckb,0.010993302290258768,0.010993302290258768,0.5335327945082018
Cyb5r4,-0.028238181044905244,0.028238181044905244,0.10969121982498924
Rin3,-0.02068388181122545,0.02068388181122545,0.24137667346974107
Pstpip1,0.0338182452720675,0.0338182452720675,0.05538579958353145
Fam63b,0.017314875996702624,0.017314875996702624,0.32674170493998667
Vapb,0.02374592505174826,0.02374592505174826,0.1786138524729892
Csnk1a1,0.07802602764853762,0.07802602764853762,9.611387097973274e-06
Rap2a,0.0020467598471363654,0.0020467598471363654,0.9077175724221065
Vmp1,-0.010295377354704226,0.010295377354704226,0.5598313412406546
Bckdha,0.0534182103429613,0.0534182103429613,0.002465930530093614
Jtb,0.039142354425211856,0.039142354425211856,0.026577404754954088
Ear2,-0.03230300404831644,0.03230300404831644,0.06725718236020324
Bcl2a1b,0.054083398434871116,0.054083398434871116,0.002174912849885919
Polr2i,0.054234774489198806,0.054234774489198806,0.0021132435892352412
Vps28,0.0763287753584511,0.0763287753584511,1.4966487616051041e-05
Trem3,0.08079494227126652,0.08079494227126652,4.5769630112090835e-06
Mapk1,0.05913204566790157,0.05913204566790157,0.000802693232318119
0610031J06Rik,0.14145281065142556,0.14145281065142556,8.167462914975232e-16
Ndufa12,0.07187281505758812,0.07187281505758812,4.5861580822302486e-05
Mpv17l2,0.08949518112204753,0.08949518112204753,3.7995669562378756e-07
Rsu1,0.07501395916907325,0.07501395916907325,2.0961480326530213e-05
Cul1,0.04747546823426772,0.04747546823426772,0.007139200859686157
Slc12a6,-0.044981958994451565,0.044981958994451565,0.01080836880302793
2010107H07Rik,-0.023030438125956346,0.023030438125956346,0.19206412825318672
Ptk2b,-0.04843520881221636,0.04843520881221636,0.00605608770623727
Mat2a,0.02287477174444725,0.02287477174444725,0.1950866030941257
Rhob,-0.1837267453634188,0.1837267453634188,9.128896692377795e-26
Bach1,0.02096336989918159,0.02096336989918159,0.2350751487917041
Hbp1,0.026693220362911017,0.026693220362911017,0.13052509222804443
Mrpl17,0.027057278227926664,0.027057278227926664,0.12535866469390217
Naaa,0.12738868289495453,0.12738868289495453,4.3511974940687285e-13
Smarcb1,0.10701275821171914,0.10701275821171914,1.216105129148925e-09
Mta2,0.04689911942913173,0.04689911942913173,0.00787028897444942
Sipa1,-0.011476720804813911,0.011476720804813911,0.5156901941774459
Mrto4,0.05755220844373855,0.05755220844373855,0.0011056613011345107
Vill,0.0759742019067535,0.0759742019067535,1.639854525751386e-05
Med10,0.052406127064407025,0.052406127064407025,0.0029775011282754194
Whsc1l1,-0.00152137576821538,0.00152137576821538,0.9313369582171659
Coro1a,-0.16810088134515075,0.16810088134515075,8.923068955548496e-22
Mafb,0.11087264583110008,0.11087264583110008,3.001968501260048e-10
Ezr,-0.006426340418433542,0.006426340418433542,0.7158891994492241
Sp100,0.1439611587495263,0.1439611587495263,2.486500785755122e-16
Ppp2cb,-0.025683270898319954,0.025683270898319954,0.1457227686644689
Mdm2,0.030582142078008197,0.030582142078008197,0.08319906821980001
Fam195b,0.024360929315772696,0.024360929315772696,0.1676232843816399
Ube2w,0.0776732451148263,0.0776732451148263,1.0545972728764175e-05
Smpdl3a,-0.007894713903468707,0.007894713903468707,0.65478663370535
Snhg3,0.009280770544948034,0.009280770544948034,0.5991481861822483
Slfn5,-0.05423527825503767,0.05423527825503767,0.0021130410628344425
Txnip,-0.15644843015356497,0.15644843015356497,4.861712009057527e-19
Ifi203,0.03719837549698547,0.03719837549698547,0.03507844199228677
Tlr13,-0.07011519206135819,0.07011519206135819,7.012738712510934e-05
Capn2,0.025564341452045166,0.025564341452045166,0.14759806542399062
S100a6,-0.21546014808895284,0.21546014808895284,5.003593406077307e-35
Pcna,0.0788648551500344,0.0788648551500344,7.696265323016093e-06
Gns,0.025511673156928892,0.025511673156928892,0.14843441353375636
Smc1a,0.11520627388220737,0.11520627388220737,5.890467785036337e-11
Lpar6,0.10075508447817862,0.10075508447817862,1.0601989690543916e-08
Mycbp2,0.0692190340102993,0.0692190340102993,8.676077619247709e-05
Rab9,0.09171546931913599,0.09171546931913599,1.9372475553795786e-07
Zc3h11a,0.006548590260852405,0.006548590260852405,0.7107253887065426
Map3k1,0.009958514443820555,0.009958514443820555,0.5727456854883923
Psmd3,0.1418540326264491,0.1418540326264491,6.762207981835337e-16
Ndufs4,0.022463551222105912,0.022463551222105912,0.20323843237610326
Samd9l,0.07981469652751805,0.07981469652751805,5.9681893253945725e-06
Apobr,-0.013470623093277458,0.013470623093277458,0.445498824918382
Hiat1,0.020219899153198082,0.020219899153198082,0.2520986023771321
Aph1a,-0.002073383340040205,0.002073383340040205,0.9065226660064023
Bag1,-0.018601667758686068,0.018601667758686068,0.29206938748674105
Itgam,-0.021490883237228735,0.021490883237228735,0.22350061177523717
Gosr2,0.00886745753779343,0.00886745753779343,0.6155152267131041
Gm2382,-0.01967111233098489,0.01967111233098489,0.2652031666637854
2210403K04Rik,-0.09921515676135483,0.09921515676135483,1.771706967757688e-08
Slc39a1,-0.04263974304608013,0.04263974304608013,0.015692410940853697
Swi5,0.131578740851864,0.131578740851864,7.182237562174514e-14
Ube2k,0.04229425961529686,0.04229425961529686,0.016557056064116445
Dcaf12,-0.03262050044216174,0.03262050044216174,0.06460999166320784
LOC100038947,0.10835902765932955,0.10835902765932955,7.506723488978791e-10
Klf9,-0.266655539000678,0.266655539000678,2.1848572388501973e-53
Baz2b,0.08387932311597006,0.08387932311597006,1.9467367915187544e-06
Magoh,0.0532776733971596,0.0532776733971596,0.0025318001435269684
Ebi3,-0.0412510063233157,0.0412510063233157,0.019426858767870158
Cst3,-0.1862453675572505,0.1862453675572505,1.916434949680154e-26
Gm5150,0.138764670577234,0.138764670577234,2.853722036042241e-15
Sp140,0.18826252150412615,0.18826252150412615,5.401646797071097e-27
Dnajc8,0.04807293173186188,0.04807293173186188,0.006446221315978089
Stt3a,0.10755412471450426,0.10755412471450426,1.0023633021280053e-09
Mrpl36,0.042801642302041275,0.042801642302041275,0.015301068381932754
Pnn,0.06480492928088072,0.06480492928088072,0.0002387114680043953
Srd5a3,0.03905216637220202,0.03905216637220202,0.02692831121752376
Dazap2,-0.13529578867714717,0.13529578867714717,1.3835579959846795e-14
Arhgef3,0.004704631226349256,0.004704631226349256,0.7898947405368767
Aurkaip1,0.07257265031020532,0.07257265031020532,3.862327377461009e-05
Dnajc3,0.057950584245448425,0.057950584245448425,0.0010206201292894393
Hnrnpa3,0.030672982290231774,0.030672982290231774,0.08228715893568712
Ifi47,0.18269681686283412,0.18269681686283412,1.7172769595171863e-25
3200002M19Rik,0.07045649770498581,0.07045649770498581,6.46246893825017e-05
Abcf1,0.06664549758250717,0.06664549758250717,0.00015767737205719107
Rps15a-ps4,-0.3043130320318271,0.3043130320318271,9.299466006980247e-70
Slc48a1,-0.005782958309328469,0.005782958309328469,0.743275073448532
Evl,-0.014421382400672532,0.014421382400672532,0.414045868780668
Snx6,0.10348349905321516,0.10348349905321516,4.189065176056255e-09
Tcirg1,0.08196417303118826,0.08196417303118826,3.321776708154147e-06
Ehd4,0.07038008811657676,0.07038008811657676,6.581990287599714e-05
F11r,0.140029480886751,0.140029480886751,1.5888447411026754e-15
Sdc3,-0.08780297487953047,0.08780297487953047,6.282379852022404e-07
Klc1,-0.024440888513398085,0.024440888513398085,0.1662324876904169
Arl8b,0.03897585051904674,0.03897585051904674,0.02722835916820403
Slc11a1,0.08066861217690348,0.08066861217690348,4.737029328600894e-06
Uqcrfs1,0.007156326620499467,0.007156326620499467,0.6852553288054198
Serinc1,-0.0007478620384417368,0.0007478620384417368,0.9662156854780989
Asna1,0.0546315072903218,0.0546315072903218,0.00195914560798582
4930506M07Rik,0.13295553019806156,0.13295553019806156,3.9233725930449414e-14
Cd2ap,0.06855136061940262,0.06855136061940262,0.00010150531476200403
Cpsf3,0.07523922456085981,0.07523922456085981,1.9793517811958827e-05
Ndufb5,0.058317985934927694,0.058317985934927694,0.0009475952382993134
Rnf6,0.06169692750609704,0.06169692750609704,0.00046959671270479657
Psmd4,0.14303868264011518,0.14303868264011518,3.860172210921977e-16
Rtn4,0.029816194945480184,0.029816194945480184,0.09121759230923132
Mrpl20,0.006447173163930013,0.006447173163930013,0.7150083016703289
Gng12,0.0312811519149645,0.0312811519149645,0.07638870444825188
Abi3,0.08990134501798556,0.08990134501798556,3.363002129763416e-07
Usp8,0.07239249585723194,0.07239249585723194,4.037534221691923e-05
Galk2,0.056297357450788274,0.056297357450788274,0.001418205231752898
Dync1i2,0.025715888020724772,0.025715888020724772,0.14521165646481074
Tnfrsf1a,-0.006003319578178008,0.006003319578178008,0.7338566492153541
Hexa,0.06739159267544681,0.06739159267544681,0.0001328828839874057
Cnot8,-0.0126955228396609,0.0126955228396609,0.472117930152739
Sqstm1,0.013988916274273018,0.013988916274273018,0.42818683611019265
S100a9,-0.27589624559713916,0.27589624559713916,3.5870299596996365e-57
1110058L19Rik,0.017835428273557132,0.017835428273557132,0.3124061017511926
Mtus1,0.010986500670106302,0.010986500670106302,0.5337860437926635
Mrpl18,0.04102835159859873,0.04102835159859873,0.02009276633593434
Sema4d,-0.023261993677848838,0.023261993677848838,0.1876320491295447
Slx1b,0.02858326068060657,0.02858326068060657,0.1054175925464442
Asap1,0.04704542180499295,0.04704542180499295,0.00767862040476567
Cdc34,-0.05659348062061259,0.05659348062061259,0.0013378651999119992
Chmp4b,-0.09141699548852224,0.09141699548852224,2.1228031173006295e-07
Inpp5k,-0.01626726488813128,0.01626726488813128,0.35686554456508224
C5ar1,0.006817248480313306,0.006817248480313306,0.6994241218406975
Setd8,0.03941831750453116,0.03941831750453116,0.025528093833383426
Prkra,0.08343699181119442,0.08343699181119442,2.2047152111651554e-06
Timm44,0.10569824014461816,0.10569824014461816,1.936805021286654e-09
Pppde2,0.027524336336512495,0.027524336336512495,0.11896549084678273
Ptpro,0.07412035180865101,0.07412035180865101,2.627334267915981e-05
Tle3,-0.0028053230354345197,0.0028053230354345197,0.8737640418493966
Cebpa,-0.07671048755093657,0.07671048755093657,1.3558318405662475e-05
Acaa1a,0.11355807115648131,0.11355807115648131,1.1022451410565965e-10
Slfn1,-0.10806012083769694,0.10806012083769694,8.359691026748512e-10
Spag7,0.045596365405656286,0.045596365405656286,0.00977511515779381
Eif1a,0.10620116845179016,0.10620116845179016,1.6219786644413242e-09
Fam165b,0.03698633186824069,0.03698633186824069,0.036132761001145576
Arrdc3,-0.1425869655408083,0.1425869655408083,4.782888886525876e-16
Ssr1,0.03701221360975069,0.03701221360975069,0.03600264242760643
Ddt,0.09554472644491012,0.09554472644491012,5.842126266937998e-08
Cdkn1a,-0.10751067946576656,0.10751067946576656,1.0180688746555862e-09
Psen1,0.07797150461303229,0.07797150461303229,9.750472505307551e-06
Rcc2,-0.02315158028986153,0.02315158028986153,0.18973590827150053
Timm17b,0.054757749457385485,0.054757749457385485,0.001912317328460515
Fkbp3,0.05174625808970879,0.05174625808970879,0.003361329063839917
Chmp3,-0.008331797188838653,0.008331797188838653,0.637014001940048
Actr3,-0.08898413470643701,0.08898413470643701,4.426952528740568e-07
Nfkbiz,-0.18281419383380337,0.18281419383380337,1.5982599714466966e-25
Herpud2,0.015195113580351522,0.015195113580351522,0.3894463590925639
Xpr1,-0.03227764263794015,0.03227764263794015,0.06747243173159391
9430023L20Rik,0.1425668008075875,0.1425668008075875,4.82879319855974e-16
Por,0.05946519649868586,0.05946519649868586,0.000749550781103341
Krcc1,0.05903705927666221,0.05903705927666221,0.0008184731744775582
Aftph,0.016872783654837804,0.016872783654837804,0.33924673002450595
Mettl9,0.00875598577568399,0.00875598577568399,0.6199628724415925
Slc43a2,-0.05503599292456851,0.05503599292456851,0.0018127118243002225
Pfn1,-0.2737437115804703,0.2737437115804703,2.8158680667938945e-56
Shkbp1,0.014426405061265532,0.014426405061265532,0.4138832749568286
M6pr,0.05788968650077447,0.05788968650077447,0.0010332156481846241
Hagh,0.020219441793128918,0.020219441793128918,0.2521093324599332
Capg,0.012604371766204506,0.012604371766204506,0.4753048669486099
Sharpin,0.04504325541486238,0.04504325541486238,0.01070109681709741
Comt,0.0723628322749453,0.0723628322749453,4.0670963702223784e-05
Tardbp,0.04857702642272965,0.04857702642272965,0.0059092482818665195
Dock2,-0.0789172699827158,0.0789172699827158,7.589582830636364e-06
2410003K15Rik,0.008060646180546886,0.008060646180546886,0.6480157599099268
Vamp2,-0.08343808101562032,0.08343808101562032,2.2040413922857442e-06
Bre,0.06692554740705814,0.06692554740705814,0.00014789994029282627
Nmt1,0.08724025925508622,0.08724025925508622,7.410890717596281e-07
Cndp2,0.15017647051791147,0.15017647051791147,1.1913809652573894e-17
Hmox2,0.14961038754956377,0.14961038754956377,1.579729342604272e-17
Cdc42se1,-0.08041529216592373,0.08041529216592373,5.0742938294401795e-06
Stx8,0.07292674607723518,0.07292674607723518,3.5387615621359796e-05
Pepd,0.06422271453939647,0.06422271453939647,0.0002715818820914895
Ppm1m,0.038730590508749184,0.038730590508749184,0.02821224378866929
Mrpl12,0.06037587881444049,0.06037587881444049,0.0006204857623330989
Timm17a,0.06419946599750997,0.06419946599750997,0.0002729786220761933
Gch1,0.03066262093376316,0.03066262093376316,0.082390761484896
Usp9x,-0.005339714602310638,0.005339714602310638,0.762335112227831
Casp8,0.09350333189845977,0.09350333189845977,1.1133906671159081e-07
Mrpl15,0.14273751768593196,0.14273751768593196,4.453482283526724e-16
Nfe2l2,0.17673786677767023,0.17673786677767023,6.177634202016921e-24
Rps4x,-0.2463775946959416,0.2463775946959416,1.3546548185867215e-45
Ctps2,0.062417440639410036,0.062417440639410036,0.0004024844408302629
Batf3,-0.013784466688342528,0.013784466688342528,0.4349686429373749
Stag1,0.017483706848065973,0.017483706848065973,0.3220461518060488
Sar1b,0.10241830067810319,0.10241830067810319,6.0367000879288235e-09
Ddx24,0.08274662902768216,0.08274662902768216,2.6740300597107598e-06
Mrp63,-0.05904010496178157,0.05904010496178157,0.0008179627667671314
2610029G23Rik,0.09802529374663782,0.09802529374663782,2.6207870259856408e-08
Ms4a8a,0.1077369462339858,0.1077369462339858,9.388213604195993e-10
Pdlim5,0.016158342792516826,0.016158342792516826,0.3600949486115467
Cd14,0.008807092434582194,0.008807092434582194,0.6179220137216215
Rela,0.04366965616463976,0.04366965616463976,0.013345927307957578
Eif1b,0.06529657292110466,0.06529657292110466,0.00021389896711506207
Hmgb1,0.04060326548750481,0.04060326548750481,0.02141955399095869
Dnajc10,0.0999903046827547,0.0999903046827547,1.3694731375963721e-08
Tmem65,-0.008111976712350413,0.008111976712350413,0.6459270610927605
Tmem176a,0.1813329478490818,0.1813329478490818,3.9422594456490816e-25
Diap1,0.08218155910816538,0.08218155910816538,3.128112252118606e-06
BC017643,0.09942814254580411,0.09942814254580411,1.6509959027431834e-08
Sftpc,-0.07003736947962617,0.07003736947962617,7.144267569129099e-05
Ppp2r2a,0.09065341143603077,0.09065341143603077,2.679015184617137e-07
B4galnt1,-0.041828252261781065,0.041828252261781065,0.0177894474121861
Dlat,0.06951669092482107,0.06951669092482107,8.086136923193651e-05
Cops4,0.0793830125846947,0.0793830125846947,6.701730148304448e-06
Furin,-0.08888141690165333,0.08888141690165333,4.5645870727195673e-07
Mgp,-0.3568191338659873,0.3568191338659873,5.332853666224061e-97
Cnp,0.04073043791071883,0.04073043791071883,0.021014847980659713
Tmem179b,-0.020841310489712196,0.020841310489712196,0.23781271511624907
Hspa9,0.09349805464821155,0.09349805464821155,1.115229122758951e-07
Ifrd1,0.0644373772690957,0.0644373772690957,0.0002589978439275189
Wbscr22,0.04880820640607867,0.04880820640607867,0.005676746711002787
Ggta1,0.039093555412305664,0.039093555412305664,0.026766780134487234
Hnrnpr,0.07031645329904918,0.07031645329904918,6.683121930377578e-05
Tra2a,0.013796845539652793,0.013796845539652793,0.43455626897344485
Dnajc14,-0.05073761116824123,0.05073761116824123,0.0040355917227733575
Cebpb,-0.3297063697976927,0.3297063697976927,2.903950320307634e-82
Hmha1,-0.06375520992118361,0.06375520992118361,0.00030099675344032504
Mrps18c,0.048608096847888436,0.048608096847888436,0.005877509138925248
Herc4,-0.040939366803865215,0.040939366803865215,0.020364416960090535
Pglyrp1,-0.14059063342719702,0.14059063342719702,1.2231996537842544e-15
Fam125a,0.07917314955655083,0.07917314955655083,7.088753596699149e-06
Tgm2,0.10012529997481419,0.10012529997481419,1.3091532246465745e-08
Snw1,0.09921361334753809,0.09921361334753809,1.7726122205244082e-08
Uimc1,0.03933951031189154,0.03933951031189154,0.025824028931297822
Fam50a,0.09393157366839616,0.09393157366839616,9.735842885777658e-08
Paics,0.09894333238933678,0.09894333238933678,1.93825901243397e-08
Lmo2,0.0027778567609864717,0.0027778567609864717,0.8749897803334985
Per1,-0.13742958137889552,0.13742958137889552,5.264380031562741e-15
Atad2b,0.05509805128979179,0.05509805128979179,0.0017911564138815503
Mfsd6,-0.04964573448737093,0.04964573448737093,0.0049018975444427805
6430548M08Rik,-0.07218503229229968,0.07218503229229968,4.24863684672183e-05
Acly,-0.035088889185057856,0.035088889185057856,0.046826714183297494
Rbm7,0.08140541889018395,0.08140541889018395,3.873721882880579e-06
Nr2f6,-0.020792582404422947,0.020792582404422947,0.23891185681737703
Fau,-0.29214924817034144,0.29214924817034144,3.417959086788616e-64
Phf14,0.06894128394858146,0.06894128394858146,9.263025850787228e-05
Hcfc1r1,0.007304047432680556,0.007304047432680556,0.6791167171634649
Cops8,0.005371673083034867,0.005371673083034867,0.7609558701332076
Rcn2,0.04755083162476516,0.04755083162476516,0.007048252109387079
Lpl,-0.005638759575130904,0.005638759575130904,0.7494592009677121
Nck1,0.06634213179746393,0.06634213179746393,0.00016895331883941115
Pdcd6ip,-0.005652494173835275,0.005652494173835275,0.7488694756394968
Mtmr6,0.007988051050120437,0.007988051050120437,0.6509744701468423
2010109K11Rik,-0.014116788643906367,0.014116788643906367,0.42397662494208566
Mdp1,0.010706510708918699,0.010706510708918699,0.5442634947062018
Trappc6b,-0.011090041660839845,0.011090041660839845,0.5299374158318938
Qk,-0.061656176372980064,0.061656176372980064,0.00047368809771579894
Fam117b,0.0002729045295013063,0.0002729045295013063,0.9876684730087448
Psmc1,0.08048024310574874,0.08048024310574874,4.985692226858326e-06
Gm13157,0.054515446999150126,0.054515446999150126,0.0020031230197176584
Nudt9,0.0320698403461127,0.0320698403461127,0.06925752938801188
Stat6,-0.01214355085520103,0.01214355085520103,0.4915958204378322
9430038I01Rik,0.013202857829442569,0.013202857829442569,0.4545966439590853
Gpaa1,0.0947615411681499,0.0947615411681499,7.493903403375119e-08
Slc25a11,0.02583292876853591,0.02583292876853591,0.1433889142170037
Obfc1,0.05991569699539785,0.05991569699539785,0.0006828731886593065
Timm22,0.02423117145528406,0.02423117145528406,0.16989883451923446
Ets2,-0.01487882934449633,0.01487882934449633,0.39939283590601915
Banf1,0.04946382355706482,0.04946382355706482,0.0050615644523078086
Sh3bp5,-0.05876953884143349,0.05876953884143349,0.0008644753199003202
Ssb,0.12050313469099039,0.12050313469099039,7.403446765307035e-12
Il17ra,-0.08232306228455087,0.08232306228455087,3.0079179909561895e-06
Mknk2,-0.08760389807538198,0.08760389807538198,6.661260342260098e-07
Ppt2,0.12486994506293507,0.12486994506293507,1.2494904875098792e-12
Gas5,-0.0032402744364667534,0.0032402744364667534,0.8543957068578794
Eif4ebp2,0.07707601127376199,0.07707601127376199,1.2328944820253321e-05
Tbcb,0.12868694155167817,0.12868694155167817,2.5055879421406055e-13
Nfyc,0.054348646640104456,0.054348646640104456,0.002067914028569792
Rnf5,0.004742247388235268,0.004742247388235268,0.7882546592516223
Arpp19,-0.09373422144688605,0.09373422144688605,1.0357629757342024e-07
Rps6ka1,0.008910552342191428,0.008910552342191428,0.6137995388646128
Rab6a,-0.03613578762580836,0.03613578762580836,0.04063732110965769
Lamtor2,0.03576716204778025,0.03576716204778025,0.042732594891102545
Ufm1,-0.02163562517849461,0.02163562517849461,0.2203971934619217
Pion,0.02135742915680318,0.02135742915680318,0.22638957720262817
Fabp5,-0.03109272408899735,0.03109272408899735,0.07817818481977098
Tmem164,-0.05532061561728032,0.05532061561728032,0.0017157729415155005
Twistnb,0.07168476442109971,0.07168476442109971,4.801552402486999e-05
Smox,-0.016405518002036632,0.016405518002036632,0.3527928668788563
Fbxo9,0.011577217050100699,0.011577217050100699,0.5120201998016811
Top2b,0.016937593867986954,0.016937593867986954,0.337394555077433
Ccnl2,0.014690166575528359,0.014690166575528359,0.40539795553497265
Il13ra1,-0.028452829092430718,0.028452829092430718,0.10701712756139249
Pts,0.10789163822478967,0.10789163822478967,8.881374088090965e-10
Cln6,-0.04055295273015031,0.04055295273015031,0.02158152938395555
Ppp1cb,-0.019803331660368878,0.019803331660368878,0.2620037880595969
Gm6251,-0.019592662542539795,0.019592662542539795,0.2671141213866277
Ttc32,0.01665867617270123,0.01665867617270123,0.3454118298541319
Utp11l,0.05573254746529192,0.05573254746529192,0.0015838937613958741
Smek2,0.06495848693899325,0.06495848693899325,0.0002306856947415869
Daxx,0.07369640444406879,0.07369640444406879,2.9219596744110878e-05
Icam1,0.11810845713332435,0.11810845713332435,1.912466761936792e-11
Rnf34,0.08084445308765713,0.08084445308765713,4.515654007156754e-06
Mapk3,-0.024386512883200755,0.024386512883200755,0.16717734097146442
2700094K13Rik,0.0632210955587755,0.0632210955587755,0.00033824325050139177
Slc2a6,0.16450159219468147,0.16450159219468147,6.567012085543216e-21
Bcl2,-0.01367013614104654,0.01367013614104654,0.43878796965132255
Irf8,0.010429397124582485,0.010429397124582485,0.5547329513408433
Ankrd17,0.019236686014357858,0.019236686014357858,0.27590410835122486
Ckap4,0.005423565919542596,0.005423565919542596,0.7587179332772077
Zfp36l2,-0.19563601842513512,0.19563601842513512,4.6642174148335873e-29
Tusc1,-0.024078329796676186,0.024078329796676186,0.1726087993165777
Sms,0.014623521501985016,0.014623521501985016,0.40753208641098687
Arid4b,0.0727787324594348,0.0727787324594348,3.670753201056066e-05
Wbp4,0.07070129120828199,0.07070129120828199,6.0932348362672055e-05
Eif6,0.10373214308524054,0.10373214308524054,3.8445665512342716e-09
Tomm22,0.059960142804082454,0.059960142804082454,0.0006766025898606296
Mtch2,0.07905147078527643,0.07905147078527643,7.32284080264059e-06
Atp5g3,0.05546529525489317,0.05546529525489317,0.0016683453080198849
Rarg,0.0184283322371679,0.0184283322371679,0.29659021692174686
Nav1,0.003018228800990799,0.003018228800990799,0.8642731774930925
Fam102b,-0.02851202011096701,0.02851202011096701,0.10628887811706551
Dctn1,0.0411398833288639,0.0411398833288639,0.019756752825059773
Psma5,0.09820898598791063,0.09820898598791063,2.467799473457456e-08
B4galt6,0.07905681345885189,0.07905681345885189,7.3124092193207055e-06
Snrnp200,0.004670010235375953,0.004670010235375953,0.791405053797433
Glrx2,0.027056750802605868,0.027056750802605868,0.1253660325512354
Ergic3,0.08092934187687514,0.08092934187687514,4.412362351638706e-06
Rest,0.12105133771781258,0.12105133771781258,5.9419389226620336e-12
Ddx46,0.041249685727574016,0.041249685727574016,0.019430750838843033
Trem2,0.138382682495551,0.138382682495551,3.402236276914833e-15
Dhrs1,0.10552788261715625,0.10552788261715625,2.056370198997029e-09
Ddhd1,-0.021240536730465442,0.021240536730465442,0.2289418167226599
Srsf9,-0.014294405508361856,0.014294405508361856,0.4181689065213432
2410017P09Rik,0.04476993632927162,0.04476993632927162,0.011186825136976523
2810013P06Rik,-0.023760566577186004,0.023760566577186004,0.17834611703271014
Psmb8,-0.0012060187763652485,0.0012060187763652485,0.9455447135741786
Rsl1d1,0.10858559861638377,0.10858559861638377,6.917317461810167e-10
Nudt16l1,0.05335043664798467,0.05335043664798467,0.0024974978388999074
Mif4gd,0.06572626621851506,0.06572626621851506,0.00019421613250980802
Morf4l1,-0.050731787084437735,0.050731787084437735,0.004039818234085015
Rps19,-0.22548351352024495,0.22548351352024495,2.776900205375894e-38
Ndufv2,0.10529737902796564,0.10529737902796564,2.2296497145719797e-09
Rpa3,0.026388728988682462,0.026388728988682462,0.13497172340305816
Srpk2,-0.012037319291597013,0.012037319291597013,0.49539336974073844
Thbd,0.0174877683728899,0.0174877683728899,0.32193373686569215
Litaf,0.08010227280890614,0.08010227280890614,5.522849718113907e-06
Nasp,0.09404635385524338,0.09404635385524338,9.390987644266577e-08
Dclre1c,0.030978428949257984,0.030978428949257984,0.07928015505343938
Dcaf7,0.006237106265678816,0.006237106265678816,0.7239080187523266
Clpp,0.05965226107413266,0.05965226107413266,0.0007211619283005516
Clk4,0.025290286671407366,0.025290286671407366,0.15198953353353
Lypla2,-0.01266637560844345,0.01266637560844345,0.4731357300023661
Lrp1,-0.07114481836053492,0.07114481836053492,5.474549118321428e-05
2510039O18Rik,0.0040022298784787545,0.0040022298784787545,0.8206831734175071
Tap2,0.12920452101385596,0.12920452101385596,2.007573456018881e-13
Zbtb7a,0.027193034224710567,0.027193034224710567,0.12347341664026286
Dapp1,0.07580094315790338,0.07580094315790338,1.7144903266009864e-05
Herc1,0.01302153594927986,0.01302153594927986,0.46081634430607354
Fam36a,0.07644705852457513,0.07644705852457513,1.4515870341327865e-05
Lyl1,-0.004525101601495847,0.004525101601495847,0.7977350139230251
U2af2,0.034086411142889905,0.034086411142889905,0.05347834923865054
Vasp,-0.018245294409933357,0.018245294409933357,0.3014146286234706
4933407C03Rik,-0.044159343178817624,0.044159343178817624,0.012343257158634775
Pycr2,0.07022552555759898,0.07022552555759898,6.830182211630962e-05
Fndc3a,0.04210607927009604,0.04210607927009604,0.017045390728728585
Eps15l1,0.009463404980459495,0.009463404980459495,0.5919792812277277
Hmgn2,0.016642513497265237,0.016642513497265237,0.34588010486748955
Itpa,0.08140056950463012,0.08140056950463012,3.878876507559809e-06
Mycbp,0.01858457660838685,0.01858457660838685,0.29251308070688115
Hspa5,0.14910575673001666,0.14910575673001666,2.0296223333664637e-17
Pex13,0.06264448591224592,0.06264448591224592,0.0003832663722389853
Exoc3,0.09403173486189226,0.09403173486189226,9.434244251035854e-08
Krtcap2,0.08043082053477163,0.08043082053477163,5.052975022297861e-06
Prkch,0.011653540839227606,0.011653540839227606,0.5092420794457585
Mob2,0.03371129957953459,0.03371129957953459,0.056162146084902616
Rsrc1,0.029162571575513982,0.029162571575513982,0.09854115610241658
Sdf4,0.024619207771980865,0.024619207771980865,0.16316210042830534
Olfm1,0.03382479684256809,0.03382479684256809,0.055338532067062594
Phf23,0.03945688065586252,0.03945688065586252,0.025384354051739316
Plekhg3,0.0044296005169059925,0.0044296005169059925,0.8019140401060907
Gadd45b,-0.027237872957459372,0.027237872957459372,0.12285562362460076
Ndfip1,0.05712928262699118,0.05712928262699118,0.0012030755923506926
Atp13a3,-0.004357518635505761,0.004357518635505761,0.8050720289781496
Glyr1,0.02440612433165806,0.02440612433165806,0.16683610044201042
Lbh,-0.08388429284138867,0.08388429284138867,1.9440100046566706e-06
Il2rg,0.11654526428174522,0.11654526428174522,3.517486614075545e-11
Atp5l,-0.1766113176543465,0.1766113176543465,6.65703015280329e-24
Lrwd1,0.11468743836197791,0.11468743836197791,7.181724906496193e-11
Psmg3,0.09383338502546588,0.09383338502546588,1.0040545821959513e-07
Arl6ip4,0.025789781789112926,0.025789781789112926,0.14405881432702952
Asxl2,0.02117131629884033,0.02117131629884033,0.2304627983965007
Rnasel,0.002441061121048004,0.002441061121048004,0.8900434701387695
2310004N24Rik,0.10839557690868969,0.10839557690868969,7.408437025894394e-10
Pim3,0.02705831938960785,0.02705831938960785,0.12534412119710198
Tfe3,-0.01167959436690901,0.01167959436690901,0.5082955632575122
Lrrc25,0.10957525711765455,0.10957525711765455,4.830243633401619e-10
Tsn,0.07584329013903432,0.07584329013903432,1.6959550625299748e-05
P2rx4,0.09169148258265282,0.09169148258265282,1.9515610253202722e-07
Mrps30,0.09348568087918518,0.09348568087918518,1.1195513411090893e-07
Nab1,-0.006406772508767732,0.006406772508767732,0.7167169590123555
Idh3a,0.07074948869394948,0.07074948869394948,6.0229288358184534e-05
Elovl1,0.07799112414304417,0.07799112414304417,9.700204228404886e-06
Dek,0.020898842132968505,0.020898842132968505,0.23651959590052457
Stx7,0.0491893141902093,0.0491893141902093,0.005311413711143826
Taf12,0.018716864321255165,0.018716864321255165,0.289090630137298
Sec61a1,0.01627478375894287,0.01627478375894287,0.3566432943658256
Pip4k2a,-0.06315920563117514,0.06315920563117514,0.0003428274307107945
Prkaca,0.029922686047152893,0.029922686047152893,0.09006693575552317
Uqcr11,-0.05519369646571345,0.05519369646571345,0.0017583957095952654
Sirt2,0.05958393450978572,0.05958393450978572,0.000731413353323978
1300018I17Rik,-0.03394460158594864,0.03394460158594864,0.05448008747374249
Sfrs18,0.004207178567348906,0.004207178567348906,0.8116687784901483
Taf1d,0.04486582491718029,0.04486582491718029,0.011014232525070288
Dpp9,0.03486579745867614,0.03486579745867614,0.04824343550050196
Rpl19,-0.25500737429462067,0.25500737429462067,7.956241248036776e-49
Trip12,0.0013092816593567498,0.0013092816593567498,0.9408902900510315
Pdap1,0.0386578758833493,0.0386578758833493,0.028509768492465455
Tgfbr1,-0.041092392528255646,0.041092392528255646,0.019899224878926213
Alg1,0.042619552236367764,0.042619552236367764,0.01574182816240447
Gm1673,-0.1804652154011566,0.1804652154011566,6.666307833592769e-25
Uba52,-0.28809217581449126,0.28809217581449126,2.1398901736633964e-62
Nagk,0.047330864657416365,0.047330864657416365,0.007316662610107812
Chchd3,0.10056407591077661,0.10056407591077661,1.1303905229381223e-08
Rnf114,0.10783959011666287,0.10783959011666287,9.048854957057154e-10
Ing4,0.038376842672322595,0.038376842672322595,0.029685198127482607
Sertad3,0.0458549848976858,0.0458549848976858,0.00936717513548378
Yipf1,0.1446543956600259,0.1446543956600259,1.7832806079543065e-16
Cnot4,0.07792817040208813,0.07792817040208813,9.862384281280423e-06
Pcmtd1,-0.007647385054114003,0.007647385054114003,0.664931647472541
Ndufaf3,0.01684386666139302,0.01684386666139302,0.340075232031359
Tor1aip2,0.04922782145897708,0.04922782145897708,0.005275707101192371
Rai12,0.030570024942233282,0.030570024942233282,0.08332132360700903
Dctn4,-0.023093759118832963,0.023093759118832963,0.19084456207873626
Ep400,0.020292052550571912,0.020292052550571912,0.2504098021730544
Eef1a1,-0.07846058268957126,0.07846058268957126,8.568619929233329e-06
Mcart1,0.0018566922419446005,0.0018566922419446005,0.9162540270004977
Stard3nl,-0.015923484308778244,0.015923484308778244,0.36712037778585316
2310045N01Rik,0.03375397716736236,0.03375397716736236,0.05585125921351177
Tsta3,0.11795939197344148,0.11795939197344148,2.027588471880193e-11
Vps25,0.06507678986356973,0.06507678986356973,0.00022467590427489395
D6Wsu116e,0.019113693319584103,0.019113693319584103,0.278986451771639
Cyba,-0.12299775940094958,0.12299775940094958,2.699963358506786e-12
Txnl1,0.05898387325443498,0.05898387325443498,0.0008274340433837442
Palm,0.04253856472638433,0.04253856472638433,0.015941423672560517
Rab27a,-0.01742215114122444,0.01742215114122444,0.32375302595270344
Ube2b,-0.031554906831827365,0.031554906831827365,0.0738485090136845
Ilk,0.022322402418168786,0.022322402418168786,0.20609286937360335
Kras,-0.061961783298680254,0.061961783298680254,0.0004437980846079546
B3gat3,0.022987483653963914,0.022987483653963914,0.19289468854967376
Relb,0.10987539265848015,0.10987539265848015,4.329071093926052e-10
Yif1b,0.11497592910095031,0.11497592910095031,6.432992431326251e-11
Lcp1,-0.037120052175680214,0.037120052175680214,0.03546478166035642
Gnai3,-0.00990127237663902,0.00990127237663902,0.5749541503404929
Pdpk1,-0.025678312812830468,0.025678312812830468,0.14580058253490996
Snhg8,-0.024581452574842375,0.024581452574842375,0.16380859470210357
Tmub1,0.029264365162489453,0.029264365162489453,0.09737069323348015
Sod1,0.006142056028942735,0.006142056028942735,0.7279473043767901
Tmem128,0.05063358281753918,0.05063358281753918,0.0041116920520866745
Gm14005,-0.015007982858532795,0.015007982858532795,0.3953129072156141
Fnta,0.0648807084230872,0.0648807084230872,0.00023471865464928896
Sft2d1,-0.05030944441366314,0.05030944441366314,0.004357230603617572
Selm,0.06967061452275769,0.06967061452275769,7.796139813261557e-05
Atrx,0.1020142016607747,0.1020142016607747,6.9275832594821115e-09
Dock5,-0.03011477275764474,0.03011477275764474,0.08802094950453258
Sptlc1,0.030159968842730367,0.030159968842730367,0.08754503461630049
Mrpl19,0.09580416545118393,0.09580416545118393,5.377260082303741e-08
Ace,-0.10938169272532297,0.10938169272532297,5.183025050393497e-10
Rps17,-0.1868976796385603,0.1868976796385603,1.2744659771286146e-26
Phf21a,-0.02210602540706851,0.02210602540706851,0.2105249677115352
Tsfm,0.05092349962659627,0.05092349962659627,0.003902783103931755
Ndufa5,0.09251224993442321,0.09251224993442321,1.5154260516299467e-07
Fkbp1b,-0.018224056721070934,0.018224056721070934,0.30197776285084127
Eif4g3,-0.015769281037453727,0.015769281037453727,0.37177924139289564
Fbxw5,0.02391346446825259,0.02391346446825259,0.17556803426192477
Gcnt2,0.01777552425609865,0.01777552425609865,0.3140343957577498
Phip,0.06907489630415747,0.06907489630415747,8.976143392226121e-05
Pla2g16,0.0676905162424877,0.0676905162424877,0.00012401976926358502
Itpr1,0.024350294924413166,0.024350294924413166,0.1678089134364858
Wapal,0.07996521399718198,0.07996521399718198,5.73098014475489e-06
Fam134c,0.03247301558031385,0.03247301558031385,0.06582878979151736
Kpnb1,-0.03536351628319678,0.03536351628319678,0.04513092748622181
Cabin1,0.022364893368214754,0.022364893368214754,0.20523053409416409
Myadm,-0.11529555089845898,0.11529555089845898,5.69245282937211e-11
Daglb,0.052838925674724944,0.052838925674724944,0.0027479261516605634
Usp25,0.02204833770002208,0.02204833770002208,0.21171815186042864
Psmd9,0.06505796123997457,0.06505796123997457,0.00022562246610017563
Ensa,0.03014257782443527,0.03014257782443527,0.08772791589642563
Nufip2,0.009159663418739446,0.009159663418739446,0.6039235507464146
N6amt2,0.10563548113394834,0.10563548113394834,1.9800429878724232e-09
Mdh1,0.1722168808870998,0.1722168808870998,8.616909854502858e-23
March1,0.05145491071584768,0.05145491071584768,0.003544709269384763
Ccm2,-0.01633121125873993,0.01633121125873993,0.3549781378437631
Srsf2,-0.03073552664235174,0.03073552664235174,0.08166402208890794
Rrp7a,0.10482934977387645,0.10482934977387645,2.6263207004795483e-09
Trip11,0.10088947696566039,0.10088947696566039,1.013369700015782e-08
Hist1h2ao,-0.08648625233177955,0.08648625233177955,9.232552118326866e-07
Usp34,0.06671318404616405,0.06671318404616405,0.00015525999825524492
Prkcb,-0.015746985210995167,0.015746985210995167,0.37245587321845053
4930453N24Rik,-0.005890997319348913,0.005890997319348913,0.7386524968169766
Pop4,0.05523195268922089,0.05523195268922089,0.0017454469288017917
Runx3,-0.004596166808362664,0.004596166808362664,0.7946290242642408
Mmadhc,0.05173938617638039,0.05173938617638039,0.003365553036086398
Mrpl39,0.0813212684564392,0.0813212684564392,3.964107220709329e-06
Fnbp1,-0.03814521993671482,0.03814521993671482,0.030685050048274563
Dctn6,-0.010343761139132723,0.010343761139132723,0.5579881042578063
Ahsa2,0.07884809909350957,0.07884809909350957,7.730670988457175e-06
Asl,0.09979640636398794,0.09979640636398794,1.4608578969727597e-08
Lsm2,0.009532230459158122,0.009532230459158122,0.5892879400067957
Rilpl2,0.12784598354693552,0.12784598354693552,3.584706690801698e-13
Slc25a45,0.020432813411529038,0.020432813411529038,0.2471379618248815
Klhl9,-0.009099869167609288,0.009099869167609288,0.6062875771183929
Tubb6,0.046421375348454995,0.046421375348454995,0.008526359493881162
Rae1,0.02617811355027446,0.02617811355027446,0.13811527651972655
Adam9,0.09529650171076526,0.09529650171076526,6.32319528257563e-08
Emr1,0.22416215511070806,0.22416215511070806,7.620809097938083e-38
H2-Ke6,0.004048552489830345,0.004048552489830345,0.818643617700267
F10,0.20559672701465376,0.20559672701465376,5.580436287884606e-32
Abca3,-0.018309429537965462,0.018309429537965462,0.29971827943380835
Ankhd1,0.06064377255037274,0.06064377255037274,0.0005866516943655153
Svil,0.004826143559112438,0.004826143559112438,0.7846001372801572
Cpsf2,0.05299894424118353,0.05299894424118353,0.0026672220836801656
Csnk1e,-0.06599859051366665,0.06599859051366665,0.00018263658472294914
Hccs,0.03169150812280984,0.03169150812280984,0.07260703044168876
Slc25a17,0.05864851404069366,0.05864851404069366,0.0008860638844285007
Cmc1,0.05080049405127119,0.05080049405127119,0.0039902127467379
Naga,0.0005795288380106978,0.0005795288380106978,0.973816933032053
Mrps7,0.09069038379627706,0.09069038379627706,2.649111500503065e-07
Nckap1l,-0.007079676174348264,0.007079676174348264,0.6884488116612513
Hint3,0.01964029788385495,0.01964029788385495,0.2659526487223285
Creb1,-0.0059525162686457295,0.0059525162686457295,0.7360245364826138
Mfap1a,0.07142740447355264,0.07142740447355264,5.1119123527846e-05
BC028528,-0.015811777539804457,0.015811777539804457,0.37049167298546976
Gcsh,0.10829559687891524,0.10829559687891524,7.68032457378047e-10
Usp18,0.07769456547542072,0.07769456547542072,1.0487111855164916e-05
Mrpl55,0.06049589789662161,0.06049589789662161,0.0006051093764843194
4933434E20Rik,0.023187072178348127,0.023187072178348127,0.18905774592493046
Thoc3,0.040415097298848,0.040415097298848,0.022030809394352698
Rpe,0.08488003021019713,0.08488003021019713,1.4657037221691463e-06
Mrpl22,0.09284833625653607,0.09284833625653607,1.3654788611956685e-07
Galnt1,0.006677635125184239,0.006677635125184239,0.7052889228486121
Sltm,0.03342619038779461,0.03342619038779461,0.058276187446313646
Ubr2,0.018969747797343752,0.018969747797343752,0.2826235265541197
Tspan32,0.07179562762996065,0.07179562762996065,4.673436833111559e-05
1810026B05Rik,0.009576459594799578,0.009576459594799578,0.5875613935647384
Mrps11,0.06742686447679952,0.06742686447679952,0.00013180685212932575
Tgif1,0.08981585665551925,0.08981585665551925,3.450665579278699e-07
Vta1,0.06219749321612594,0.06219749321612594,0.00042195657889506564
Gspt1,0.06010142931452845,0.06010142931452845,0.0006570228964420284
Stx11,0.004169879053268342,0.004169879053268342,0.8133075291041318
Clec5a,0.07723551013314088,0.07723551013314088,1.1826496859305267e-05
Tecr,0.055645515865532555,0.055645515865532555,0.0016109537141490468
Camk1d,-0.027771930326325998,0.027771930326325998,0.1156815427195207
Mbd3,0.01103720334085153,0.01103720334085153,0.5318996587627798
Traf7,-0.0006224803670677123,0.0006224803670677123,0.9718771620589046
Tfam,0.03445039636465851,0.03445039636465851,0.05097734464672091
Dok2,0.06517189495114274,0.06517189495114274,0.0002199514098612949
Maea,0.057832323006765794,0.057832323006765794,0.0010452115358320802
Ddx21,0.033870586457295675,0.033870586457295675,0.05500911175362837
Mitd1,0.08649907566428829,0.08649907566428829,9.198245233970799e-07
Abhd16a,0.045985806585063176,0.045985806585063176,0.00916665928661715
Nsfl1c,0.07688820338361953,0.07688820338361953,1.2946681121199865e-05
Rps6kb1,0.032326112440886366,0.032326112440886366,0.06706154712397178
Uqcrc1,0.11300251935767107,0.11300251935767107,1.3587339419280662e-10
Zmynd8,0.03906740587754298,0.03906740587754298,0.026868737656560136
Rfc1,0.10394626868054119,0.10394626868054119,3.5701141763950995e-09
Brix1,0.11838219310681597,0.11838219310681597,1.7174889630527235e-11
Ubxn8,0.07225577719914938,0.07225577719914938,4.175501868984493e-05
Ppil4,0.0795785331225264,0.0795785331225264,6.359401612329191e-06
Rpl36a,-0.18073584515275232,0.18073584515275232,5.660514160209833e-25
Saa3,0.19964694960840873,0.19964694960840873,3.241605822618238e-30
Elmo1,0.02283739286586665,0.02283739286586665,0.19581752843560435
Rnaseh2c,0.06684940725091282,0.06684940725091282,0.00015050019737288312
Gmnn,0.07048715515450373,0.07048715515450373,6.415093591176377e-05
Adh5,0.11829113657911,0.11829113657911,1.780082985236392e-11
Slc15a4,0.11636654919936876,0.11636654919936876,3.769347432787012e-11
Pydc3,-0.02051175989567192,0.02051175989567192,0.24531608715307207
Ext2,0.06667743834228462,0.06667743834228462,0.00015653225210240012
Pdia3,0.09614415448207322,0.09614415448207322,4.822019706358885e-08
Sypl,0.02231220716449526,0.02231220716449526,0.20630016834752643
Tnfaip3,-0.029161913900919944,0.029161913900919944,0.09854875465389829
Acd,0.0576915596424702,0.0576915596424702,0.0010751960143296053
Psmc3,0.13756997221491205,0.13756997221491205,4.937474288630592e-15
1810006K21Rik,-0.048778763010106904,0.048778763010106904,0.005705892873330289
Parp12,0.06821303489009502,0.06821303489009502,0.00010985019603327081
Seh1l,0.07879822770228495,0.07879822770228495,7.833945198648507e-06
Cyth2,0.020989511130036744,0.020989511130036744,0.23449176044308886
Phax,0.0687118633296927,0.0687118633296927,9.775910275166155e-05
Usp14,0.06705389871064925,0.06705389871064925,0.0001436120979725807
Rbks,-0.004346207842753334,0.004346207842753334,0.8055678576864306
Wash,0.059201610232198214,0.059201610232198214,0.0007913161045029239
Armc3,-0.0024914638148034107,0.0024914638148034107,0.8877879716378713
Osbpl9,0.04859718266844646,0.04859718266844646,0.005888640678041321
Rpl35a,-0.3023940926805422,0.3023940926805422,7.31812068810218e-69
Wdr89,-0.07082554880347046,0.07082554880347046,5.9135391344605236e-05
Ttc14,0.004741392682446136,0.004741392682446136,0.7882919144166838
Bfar,0.058146704303340624,0.058146704303340624,0.0009810154342684964
Mpp1,0.07597194579530238,0.07597194579530238,1.640806203868289e-05
Med1,-0.008043600990573621,0.008043600990573621,0.6487099623591139
Ywhag,-0.063183379805957,0.063183379805957,0.0003410299812297993
Ubr4,-0.04833676316298577,0.04833676316298577,0.006159942712828315
Luc7l,0.07448442095619501,0.07448442095619501,2.3970737530452495e-05
Sat1,-0.17769520591078494,0.17769520591078494,3.503389790706928e-24
Tgs1,0.07714416479243164,0.07714416479243164,1.2111807674814434e-05
Cbx4,0.01083491851508479,0.01083491851508479,0.5394457079549675
Madd,0.0022691277440947157,0.0022691277440947157,0.8977439995926628
Bcas2,0.03949974806277816,0.03949974806277816,0.025225392751463734
1110049F12Rik,0.03240292319017723,0.03240292319017723,0.06641463074030254
Caprin1,0.03358475016382847,0.03358475016382847,0.0570924791282257
Parp10,0.009264786017924182,0.009264786017924182,0.5997774901676813
Pafah1b2,0.0331811261056944,0.0331811261056944,0.06014572303870496
Nat15,-0.03167178843531854,0.03167178843531854,0.07278518788494562
Tigd2,0.017908425816975736,0.017908425816975736,0.3104294320046812
Mndal,0.10312189092574266,0.10312189092574266,4.744214909457466e-09
Plec,0.016231218161884574,0.016231218161884574,0.3579322601523597
S1pr5,-0.030316825141220947,0.030316825141220947,0.08590941331019966
Rnase4,0.03707395197942172,0.03707395197942172,0.03569386878025115
Ocel1,-0.04607413214027523,0.04607413214027523,0.009033453472457197
Ubap2l,0.03855552828241618,0.03855552828241618,0.028933116564975193
Ehmt1,0.043946309415317214,0.043946309415317214,0.012770959637696888
Numa1,0.04187508754166939,0.04187508754166939,0.017662057298047068
Abhd11,0.09862306220152017,0.09862306220152017,2.154039032629476e-08
Arhgef10l,-0.010485716642403189,0.010485716642403189,0.5525972323873383
Elmo2,-0.036565748821400984,0.036565748821400984,0.03830402525106679
Rfxap,-0.01731151652409126,0.01731151652409126,0.32683558801364704
Deb1,0.0009727917867035209,0.0009727917867035209,0.9560636743857199
Atp6v1h,0.06770257555228254,0.06770257555228254,0.00012367417148822165
Fgd4,0.023984821081105556,0.023984821081105556,0.1742826152367988
Bcl7b,0.02792571730642002,0.02792571730642002,0.1136779341730195
Csrnp1,-0.012975151225264768,0.012975151225264768,0.462415036827552
Hgs,0.012389216969614302,0.012389216969614302,0.48287394852278304
Pi4k2a,0.028519442800303125,0.028519442800303125,0.10619783175426804
Tssc4,0.030399969974513198,0.030399969974513198,0.08505247984587684
Ascc3,0.06769677023390237,0.06769677023390237,0.00012384042787344211
Stau1,0.03977445850961057,0.03977445850961057,0.02422700978199691
Zfml,0.024587582583491897,0.024587582583491897,0.16370349760465824
Ccdc90a,-0.009961852657538885,0.009961852657538885,0.5726170176567286
Gpsm3,-0.06573071456867087,0.06573071456867087,0.00019402156441466142
1500011K16Rik,0.04509011104812696,0.04509011104812696,0.01061973615503506
H2-Aa,0.3139978188896207,0.3139978188896207,2.2005948823806354e-74
2010002N04Rik,0.00012181914770983805,0.00012181914770983805,0.9944952764972896
Naa38,0.025779869837421573,0.025779869837421573,0.14421304554310474
Dusp2,-0.0864938598274949,0.0864938598274949,9.212184587810786e-07
3830406C13Rik,0.039627737424877615,0.039627737424877615,0.024755895293020053
Mfsd5,-0.012326404963110814,0.012326404963110814,0.4850959342484596
Sfxn1,0.05793774359116454,0.05793774359116454,0.0010232640917179165
Nudcd2,0.08297661609750588,0.08297661609750588,2.507940585041242e-06
2210012G02Rik,0.03661504625604446,0.03661504625604446,0.038043921853522164
Apbb1ip,-0.020555909812589732,0.020555909812589732,0.2443013402585516
Vgll4,0.036856471693365214,0.036856471693365214,0.036791688761820665
Camk2g,0.03640518519752675,0.03640518519752675,0.03916169209558812
Tmem70,0.0711457682774789,0.0711457682774789,5.4732902816260746e-05
6430527G18Rik,0.08760602672101905,0.08760602672101905,6.657095092286614e-07
Dse,0.04918755777343893,0.04918755777343893,0.005313047572878297
Trpv2,0.029293372032903595,0.029293372032903595,0.09703920226116775
Mxd1,-0.12265955877916378,0.12265955877916378,3.0993487097111466e-12
Ctsc,0.17583067106094152,0.17583067106094152,1.0543136147307113e-23
Actr2,-0.10058255660103255,0.10058255660103255,1.1234067288509988e-08
Fbrs,-0.037940741137929244,0.037940741137929244,0.03159161733382595
Rgs14,0.061200850764423324,0.061200850764423324,0.0005217194099041138
Rpl13a,-0.278374314858105,0.278374314858105,3.269448214077774e-58
Ppp1r35,0.014100697209402034,0.014100697209402034,0.4245051021961346
Pdlim1,-0.06182832692161686,0.06182832692161686,0.00045662763293199797
Cant1,0.012165793434473384,0.012165793434473384,0.4908026784852051
Psmd12,0.1264869778677518,0.1264869778677518,6.363036732742352e-13
Ntpcr,0.10264900785248456,0.10264900785248456,5.579126874643711e-09
Vps26a,0.06190737209191234,0.06190737209191234,0.00044898764262663987
Grn,0.023283064170664433,0.023283064170664433,0.18723252711540447
Slc9a3r1,0.007487738390476289,0.007487738390476289,0.6715129583450097
D10Jhu81e,0.09096695221546264,0.09096695221546264,2.435418908605826e-07
Cpsf4,0.05242079131122603,0.05242079131122603,0.002969444701327066
BC013529,-0.007222393564440004,0.007222393564440004,0.6825072866171604
Acp5,0.12112145131943353,0.12112145131943353,5.7767328620583354e-12
Faim,0.025197801535760404,0.025197801535760404,0.15349374650071604
Akt1s1,0.057671271698425744,0.057671271698425744,0.0010795826068064882
Plscr1,0.1031160879049832,0.1031160879049832,4.753682785876093e-09
Elavl1,0.006231841351085399,0.006231841351085399,0.7241315585454581
Fez2,0.015992084451552188,0.015992084451552188,0.36505953694452264
Pak2,0.005840901738855799,0.005840901738855799,0.7407947330574083
Cebpz,0.026027486942108984,0.026027486942108984,0.14039783801669603
Tug1,-0.03186773377176782,0.03186773377176782,0.07103071094785274
Qrich1,0.030008300357472113,0.030008300357472113,0.08915034890662277
0610030E20Rik,0.016062360229680307,0.016062360229680307,0.3629558625746217
Sec24c,-0.003578306311881398,0.003578306311881398,0.8394029047171575
l7Rn6,0.11053531155358993,0.11053531155358993,3.398940493012764e-10
Clic4,0.015484025703355398,0.015484025703355398,0.38049359229967583
Csnk1g3,-0.023693493357058486,0.023693493357058486,0.17957507190239497
Dera,0.09416103944359884,0.09416103944359884,9.058235410361711e-08
Ring1,0.05027781875908622,0.05027781875908622,0.004381885060613794
Surf4,0.022721012786599538,0.022721012786599538,0.19810612693150817
Exoc6,0.09608695276306178,0.09608695276306178,4.911381445180128e-08
Fbxo28,0.02789920739597505,0.02789920739597505,0.11402135548663511
Mlec,0.036638656671115155,0.036638656671115155,0.03791988111371352
Mrpl45,0.10552649727256927,0.10552649727256927,2.057371364565524e-09
Rcbtb2,0.13295154975886878,0.13295154975886878,3.930272927269413e-14
Fus,0.008013121632660557,0.008013121632660557,0.6499520610712975
Thrap3,0.0918432773173919,0.0918432773173919,1.8626750284581142e-07
Gm12657,0.02903933898246172,0.02903933898246172,0.09997312919284272
Tmem5,0.025565634813107065,0.025565634813107065,0.147577572831076
Itgb5,0.009208942606410125,0.009208942606410125,0.6019783649672764
Usp48,0.02511051862624296,0.02511051862624296,0.15492370097078217
Ndufb10,0.0887963824166098,0.0887963824166098,4.681640100897043e-07
Plekha1,0.0038481410708491805,0.0038481410708491805,0.8274762590458302
Plekho2,0.026636018441858172,0.026636018441858172,0.1313516574141833
Atf3,-0.06888074895648467,0.06888074895648467,9.395831678987138e-05
Zc3h18,0.06949528538626693,0.06949528538626693,8.127263763192978e-05
Ctdsp2,-0.03371478113831843,0.03371478113831843,0.05613673066887987
6330407A03Rik,-0.0015349037094598244,0.0015349037094598244,0.9307279412682536
Narfl,0.03271024204406056,0.03271024204406056,0.0638775288134725
Epb4.1,0.031954247896740146,0.031954247896740146,0.07026717713788028
Rpl34-ps1,-0.10593458077967266,0.10593458077967266,1.782077349773045e-09
Slc41a3,0.037404327885206,0.037404327885206,0.034079652296636426
Nfu1,0.010990398261735698,0.010990398261735698,0.5336409147243653
Znfx1,-0.0053971985730798065,0.0053971985730798065,0.7598548035651335
Napa,0.025984073690688347,0.025984073690688347,0.1410610671874616
Nsmce1,0.11276709440232087,0.11276709440232087,1.484240698390935e-10
Eci1,0.08411687746870043,0.08411687746870043,1.8204186940652703e-06
Tm2d3,0.07182694648969644,0.07182694648969644,4.6378352971489306e-05
Zfp187,-0.04371938776723272,0.04371938776723272,0.013240914365674882
Sdccag8,0.10141850553983456,0.10141850553983456,8.47795780291473e-09
Smurf2,-0.07796889704340328,0.07796889704340328,9.757172197886838e-06
Mxi1,-0.031191992292960952,0.031191992292960952,0.07723123886405063
Phpt1,0.03901754583133029,0.03901754583133029,0.02706407196130937
Dynlt3,0.05102120859930238,0.05102120859930238,0.0038345772032494893
Runx1,0.01226303318641189,0.01226303318641189,0.4873433191235572
Uba2,0.08447174997153331,0.08447174997153331,1.6462731266886282e-06
Cops2,0.08013593995436948,0.08013593995436948,5.472842148409673e-06
Adrbk1,-0.1281511103565826,0.1281511103565826,3.148726615506306e-13
Gnaq,-0.008793141468987851,0.008793141468987851,0.6184788306322211
Eml3,0.05406517262716233,0.05406517262716233,0.002182448066282911
Spsb3,0.039613074315338004,0.039613074315338004,0.024809296756418506
Myg1,0.12127376999739671,0.12127376999739671,5.433183770156275e-12
Tcf7l2,0.021358923286610737,0.021358923286610737,0.22635708610567015
Ogt,-0.068841976905123,0.068841976905123,9.481834515421703e-05
Tnrc18,-0.052685696653218775,0.052685696653218775,0.0028272895930693217
Tmed7,0.00606418040694638,0.00606418040694638,0.7312623766790646
Kctd12,-0.031055730070379532,0.031055730070379532,0.07853348821645105
Chuk,0.030305842472885487,0.030305842472885487,0.08602312590800787
Tm7sf3,0.0868462853748979,0.0868462853748979,8.314615422772064e-07
Ptov1,0.036399983645945835,0.036399983645945835,0.03918974712714711
Lpcat3,0.062381440044592396,0.062381440044592396,0.0004056130899262075
Etfa,0.09390491512569415,0.09390491512569415,9.81767425687255e-08
Tmem141,0.03033079266470479,0.03033079266470479,0.08576497146077376
Ndufb9,-0.03216548253412708,0.03216548253412708,0.06843116958064582
Dnajc1,0.05778014367659419,0.05778014367659419,0.001056235053701627
AI467606,0.024610662400189724,0.024610662400189724,0.1633082569257198
Ccdc104,0.05014201752701465,0.05014201752701465,0.004489194744386606
Igtp,0.12243308799458473,0.12243308799458473,3.398587073455906e-12
Cask,-0.04322023186054542,0.04322023186054542,0.01432879447894228
Abhd12,0.007202480807311083,0.007202480807311083,0.6833351132225561
Etf1,0.043111010006717576,0.043111010006717576,0.014577088122179057
Polr2d,0.09812752789741905,0.09812752789741905,2.5345413840990326e-08
Id1,-0.07053248148796365,0.07053248148796365,6.345651864893746e-05
Casp8ap2,0.06148882643292958,0.06148882643292958,0.0004908409066663401
Nars,0.12792604147808212,0.12792604147808212,3.4648938417494363e-13
Sarnp,0.09289378524006789,0.09289378524006789,1.3463371172339133e-07
Mrpl40,0.05183817132202203,0.05183817132202203,0.0033052945716910854
Fam100b,-0.016089651389367222,0.016089651389367222,0.36214096256556905
Mtf2,0.031161623109358102,0.031161623109358102,0.07751994167212348
Ddx58,0.03196206012034167,0.03196206012034167,0.07019856266435626
Hint2,0.10726936330721316,0.10726936330721316,1.109769132186697e-09
Dnase1l1,0.10409870346554517,0.10409870346554517,3.386449358449646e-09
G6pc3,0.042699581756880926,0.042699581756880926,0.015546755344202181
Sfpq,0.09100763645905184,0.09100763645905184,2.405423463219095e-07
Adssl1,0.05073860073562512,0.05073860073562512,0.004034873997085336
Nucb2,0.07194088001530403,0.07194088001530403,4.5104784549240915e-05
Sdhc,0.07036575724755174,0.07036575724755174,6.60463852229587e-05
Cul5,0.046396275650472656,0.046396275650472656,0.008562141935851177
F13a1,-0.008892424895264596,0.008892424895264596,0.6145209709341651
Ints12,0.0725009641621673,0.0725009641621673,3.931162739711721e-05
Slc31a2,0.07841962472458161,0.07841962472458161,8.662090983415383e-06
Zc3h4,0.03044433432229791,0.03044433432229791,0.08459807266935775
Acbd5,0.07194444929534898,0.07194444929534898,4.506542716016931e-05
Bub3,0.08571583715329331,0.08571583715329331,1.1535628002137795e-06
Tmem127,-0.03723685122085587,0.03723685122085587,0.03488997469155856
Pank2,0.021737622476214538,0.021737622476214538,0.21822890043539792
Triobp,-0.002603885450344679,0.002603885450344679,0.8827604500526542
Mtch1,0.02850602214516573,0.02850602214516573,0.10636249406539518
Pigt,0.0657169522906322,0.0657169522906322,0.00019462411171009014
Hcst,-0.05120524774116383,0.05120524774116383,0.0037090406480235856
Tmem183a,0.025934586738050734,0.025934586738050734,0.14182001795398305
Mrps36,0.06693321665898623,0.06693321665898623,0.00014764038513829717
Dck,-0.06320424172484512,0.06320424172484512,0.0003394858994961813
Xab2,0.09026244767792783,0.09026244767792783,3.015847221816222e-07
Spryd3,0.03262913040543569,0.03262913040543569,0.06453925493416617
Sssca1,0.0377843673362437,0.0377843673362437,0.03230031355829472
Ssbp1,0.08538154675824589,0.08538154675824589,1.2698561431841053e-06
Prpf6,-0.013754324595151352,0.013754324595151352,0.4359737036004136
Stat1,0.12109866695130694,0.12109866695130694,5.829919079920312e-12
Nup214,0.042606455758602835,0.042606455758602835,0.015773955040461817
Ehmt2,-0.007842154398036602,0.007842154398036602,0.6569372924168912
Rit1,-0.005146026862357926,0.005146026862357926,0.7707101555347603
Med4,0.01984928088194952,0.01984928088194952,0.2608981983029493
C1rl,0.13870928647929326,0.13870928647929326,2.927488212200711e-15
Pik3ca,-0.0005386116864540569,0.0005386116864540569,0.9756649718803858
Txndc17,0.004914220446022941,0.004914220446022941,0.7807686056383091
5430437P03Rik,0.05997395098427272,0.05997395098427272,0.0006746653945313934
Tfg,0.10777693877181897,0.10777693877181897,9.25454129361825e-10
Zdhhc12,0.041343456667562575,0.041343456667562575,0.019156075001218697
Ehd1,-0.06678364620953116,0.06678364620953116,0.00015278055975215187
Snhg5,-0.004638795966386543,0.004638795966386543,0.7927674229600774
Xpa,0.06771190453493331,0.06771190453493331,0.00012340744263143703
Trim34a,0.03265569930630695,0.03265569930630695,0.064321880142344
R3hdm1,0.09270949726801422,0.09270949726801422,1.42559739783974e-07
Rnaseh2a,0.08387298088103852,0.08387298088103852,1.9502219808725715e-06
Chmp7,0.02688116329872824,0.02688116329872824,0.1278377032637887
Rnd3,0.021671961884276888,0.021671961884276888,0.21962297124724223
Cpd,-0.07401741021189115,0.07401741021189115,2.6961614163669447e-05
Acin1,0.049214115504625164,0.049214115504625164,0.00528839129493813
Plagl2,-0.06972920607013168,0.06972920607013168,7.688356405466669e-05
Trpm7,0.06399097715730129,0.06399097715730129,0.00028580859618374747
H2-Ab1,0.3157328092431022,0.3157328092431022,3.1282668577269395e-75
Kctd20,0.016372734458404658,0.016372734458404658,0.3537559403199307
2610002M06Rik,0.0492581919583603,0.0492581919583603,0.005247698497349258
Dnajc7,0.09885073741998306,0.09885073741998306,1.9983892501470558e-08
Slc50a1,0.029928580638861203,0.029928580638861203,0.09000358619208235
Prr14,-0.009803458111864675,0.009803458111864675,0.5787372252374564
H2-T23,0.14706795292860084,0.14706795292860084,5.5346915132688595e-17
Cab39,-0.026025367552492868,0.026025367552492868,0.14043016041447598
Gtpbp2,-0.01240220009433934,0.01240220009433934,0.48241535833384325
Pldn,0.002837326302114467,0.002837326302114467,0.8723362129424442
Tbcc,0.0045945363450917215,0.0045945363450917215,0.7947002493491261
Dnpep,0.09009068697592382,0.09009068697592382,3.1764267153715307e-07
Dhx9,-0.010223613061440063,0.010223613061440063,0.5625707093354178
Smagp,0.04642975553479412,0.04642975553479412,0.008514442389509809
Atp11a,0.05804014691194745,0.05804014691194745,0.0010023537278110724
Rsf1,0.0447005433075446,0.0447005433075446,0.011313220819317458
Tra2b,-0.04510245702816787,0.04510245702816787,0.010598390190836363
Ube2e1,0.016581895937619096,0.016581895937619096,0.34763995381532214
Hook3,0.0050675224879843175,0.0050675224879843175,0.7741123651155192
Trabd,0.04179243178560295,0.04179243178560295,0.01788742009678345
Brcc3,0.08233380214625606,0.08233380214625606,2.9989785411251584e-06
Ppp2r4,0.0774012423996103,0.0774012423996103,1.1325136391997667e-05
Erdr1,0.052852506050256376,0.052852506050256376,0.002740991394028416
Zfc3h1,0.039058904884842316,0.039058904884842316,0.026901955296460476
Dtx2,0.008129321112405956,0.008129321112405956,0.6452219265408171
Atf7ip,0.02265404331493711,0.02265404331493711,0.19943190472330838
Bola3,0.031567697423770434,0.031567697423770434,0.07373153255378638
Pcgf1,0.06654019435406933,0.06654019435406933,0.0001615087018399527
Grsf1,0.04401190918974416,0.04401190918974416,0.012637880574013447
Crat,0.037800105902217565,0.037800105902217565,0.03222837444512627
Rbbp6,-0.012563214307184892,0.012563214307184892,0.47674772207181526
Tmf1,0.03492258687158881,0.03492258687158881,0.04787942821446172
Tm2d1,-0.03469083476413974,0.03469083476413974,0.049379544594707364
1810043G02Rik,0.04465663590504319,0.04465663590504319,0.011393848965399541
Ldlrad3,-0.08097731352678154,0.08097731352678154,4.3549956546800975e-06
Sergef,0.06542492339988493,0.06542492339988493,0.00020783177603387064
Emr4,0.025941862556926275,0.025941862556926275,0.14170823703834645
1810074P20Rik,0.07219420832406492,0.07219420832406492,4.239082710098057e-05
Ift57,0.061047404642955036,0.061047404642955036,0.0005389027039609524
Gm16517,0.09180519914896308,0.09180519914896308,1.8845975583401058e-07
C130039O16Rik,0.003989389556016389,0.003989389556016389,0.8212487400377682
Usp38,0.023321573804473486,0.023321573804473486,0.18650396092835694
Aggf1,0.0685416772909746,0.0685416772909746,0.00010173560643540191
Brd9,-0.004033975212172902,0.004033975212172902,0.819285314588492
Snx12,0.01674382899676454,0.01674382899676454,0.34295140439608884
Arhgap25,0.07208338424048528,0.07208338424048528,4.355848417138202e-05
Rlim,0.0161281611443537,0.0161281611443537,0.360993031756545
Med11,0.0637279707720027,0.0637279707720027,0.00030279938596902505
Ccdc47,0.08575428150622849,0.08575428150622849,1.140864941621039e-06
Pmvk,0.02645974913233052,0.02645974913233052,0.13392426047018974
Dhps,0.013598795724242767,0.013598795724242767,0.44118089452509085
Ece2,0.0646547757299048,0.0646547757299048,0.00024681193822010474
Csf2rb2,0.04962634939310327,0.04962634939310327,0.004918692759185335
Gpbp1l1,-0.003964732341168249,0.003964732341168249,0.8223350553490383
Tax1bp3,0.10536210905519867,0.10536210905519867,2.179603417446466e-09
Gxylt1,0.03298037261686106,0.03298037261686106,0.06171401492273936
Eea1,0.05531046769317602,0.05531046769317602,0.0017191456228948343
Itprip,0.014337677587363602,0.014337677587363602,0.41676112166368706
Nras,-0.052228028230557895,0.052228028230557895,0.003076951093805091
Zc3hav1,0.08537906478938884,0.08537906478938884,1.2707603428389233e-06
Puf60,0.022189415725289357,0.022189415725289357,0.20880877079260934
Pink1,-0.028887368369252084,0.028887368369252084,0.10176182538496865
Batf,0.05137892053795833,0.05137892053795833,0.003594012053872608
Amz1,-0.03784984327265596,0.03784984327265596,0.03200193226751367
Uba7,0.00778398238446301,0.00778398238446301,0.6593209219798741
Chmp6,0.0453410879949334,0.0453410879949334,0.010193228002435167
Tmem115,0.0175676210617972,0.0175676210617972,0.3197287732627808
Ccdc107,0.02473510611347506,0.02473510611347506,0.1611895476661631
Cmklr1,0.01971491915524963,0.01971491915524963,0.2641401840076982
Nr3c1,0.022895039043344095,0.022895039043344095,0.19469112332532554
Gde1,0.05166575602545172,0.05166575602545172,0.0034111155773757823
Ndrg3,0.029120964809885585,0.029120964809885585,0.09902278843942927
Wipf1,-0.04050299771131497,0.04050299771131497,0.02174340650047935
Wasl,-0.03445727992033925,0.03445727992033925,0.05093100634361314
Cd52,-0.16382164237305033,0.16382164237305033,9.526807756093185e-21
Zcrb1,-0.024307169392200248,0.024307169392200248,0.1685632748228174
Msl1,-0.05034313544734286,0.05034313544734286,0.004331104369007814
Ubl3,-0.08824589053182848,0.08824589053182848,5.512456416949302e-07
Mad2l2,0.04995075893367175,0.04995075893367175,0.004644364114689931
Dynlt1a,0.04171636316355833,0.04171636316355833,0.01809704395215832
Snx5,0.08562262981958445,0.08562262981958445,1.1849151796575879e-06
Prkrip1,0.08006610858336931,0.08006610858336931,5.577053313359939e-06
Aagab,0.026221518705748896,0.026221518705748896,0.13746285880499456
4930523C07Rik,0.013182015115497499,0.013182015115497499,0.4553091765142313
Rabl5,0.09752725467052385,0.09752725467052385,3.0833170925313e-08
Slc4a7,0.05882805050730464,0.05882805050730464,0.00085421369196882
Npc2,-0.09043227716382994,0.09043227716382994,2.8647914252685356e-07
Fam188a,0.040119204697147796,0.040119204697147796,0.023022681985343758
Atp2a3,-0.003559634277990038,0.003559634277990038,0.8402296036873776
Gpr141,-0.004860583958875325,0.004860583958875325,0.7831012797496509
Rc3h1,0.027972719681953973,0.027972719681953973,0.1130710464080037
Ireb2,0.0019649237304074237,0.0019649237304074237,0.9113918082951206
Wsb2,-0.006070204911932845,0.006070204911932845,0.7310057406961143
C230096C10Rik,-0.048588465263313146,0.048588465263313146,0.005897545333039584
Irf7,-0.024946791700841704,0.024946791700841704,0.1576332787016104
Sumo3,0.05905655203071297,0.05905655203071297,0.0008152116004257322
Arl6ip5,0.0707134467439523,0.0707134467439523,6.075430594149033e-05
1700012B15Rik,0.04822530999453642,0.04822530999453642,0.006279452553430549
Clec4a2,0.06621140567086327,0.06621140567086327,0.00017404242634485253
Cdk5,0.05916971770945273,0.05916971770945273,0.0007965133559926865
Ranbp2,0.08407236076500732,0.08407236076500732,1.8434745465846545e-06
Sec63,0.04787953410385597,0.04787953410385597,0.006663613775626799
Pptc7,-0.04246764226446194,0.04246764226446194,0.01611803689380102
Tmem123,0.03527925129235861,0.03527925129235861,0.04564566130801393
Ncoa4,0.026175707044054388,0.026175707044054388,0.13815151809628898
Bcl2l11,0.07447078691428852,0.07447078691428852,2.4053394818540236e-05
Usp19,-0.038133975962538764,0.038133975962538764,0.03073431420959647
2010012O05Rik,0.019123222497739303,0.019123222497739303,0.27874680589168105
Tcea1,-0.011026585110440554,0.011026585110440554,0.5322944287488798
Fam118b,0.02061374548100569,0.02061374548100569,0.24297650064538168
Ppp3ca,-0.02165020554028266,0.02165020554028266,0.2200862965644908
Dnm1l,0.03398828071233911,0.03398828071233911,0.054169885444215304
Acox3,0.00726172017222082,0.00726172017222082,0.6808734962137665
H47,0.002791988069185478,0.002791988069185478,0.8743591042660059
Nsd1,0.05742311550793926,0.05742311550793926,0.0011345938866910792
Dguok,0.07160096052737912,0.07160096052737912,4.9005990653403815e-05
Galnt9,0.03957480090647757,0.03957480090647757,0.024949154479871404
Dhx36,0.0524214689829708,0.0524214689829708,0.002969072874603908
Ict1,0.05744763248111794,0.05744763248111794,0.0011290458432250759
Adrbk2,-0.07273078315119369,0.07273078315119369,3.7145047874598685e-05
Golga2,-0.01782374863996599,0.01782374863996599,0.312723137123504
Gna13,0.025521470583184776,0.025521470583184776,0.1482785616604813
Rabif,0.02201416279843417,0.02201416279843417,0.21242730904219562
Ash1l,0.03981992185521203,0.03981992185521203,0.024065127491378506
Tctex1d2,0.034691740310911885,0.034691740310911885,0.049373607220992786
Adipor1,-0.0732350821238832,0.0732350821238832,3.2781265402184445e-05
Tfpt,0.03337708562718883,0.03337708562718883,0.058646879826040214
Ube3a,0.05887176898931606,0.05887176898931606,0.000846620280712524
Ddx18,0.02123140498752813,0.02123140498752813,0.22914205869598825
Pydc4,0.04678717031334603,0.04678717031334603,0.00801983299868381
Sac3d1,-0.04276166286513988,0.04276166286513988,0.01539689953182755
Actn1,-0.09943948221214398,0.09943948221214398,1.6447980648637154e-08
Noc2l,0.03259720531739276,0.03259720531739276,0.06480125284163721
Ppp2r1a,0.10018653256612552,0.10018653256612552,1.2826508863496047e-08
Srgap2,0.04301926219892466,0.04301926219892466,0.01478858025863801
Scaf8,-0.014074973620033408,0.014074973620033408,0.42535071896751536
Golt1b,-0.006334717223592655,0.006334717223592655,0.7197678958081098
Rala,-0.04451564895821092,0.04451564895821092,0.011656204319534609
Supt6h,0.04450244674793495,0.04450244674793495,0.011681043820441623
Racgap1,-0.07159137838840753,0.07159137838840753,4.912046601906759e-05
Hes1,-0.02689782324218178,0.02689782324218178,0.12760157400072838
Ppfia1,0.01054342860443189,0.01054342860443189,0.55041290127253
Fos,-0.2868282224163039,0.2868282224163039,7.657566222735062e-62
Cdipt,-0.00308453208344599,0.00308453208344599,0.8613214509156334
Taf1b,0.044578132351591165,0.044578132351591165,0.011539278307863686
Wdr46,0.0433007712714084,0.0433007712714084,0.014148100568123519
Usp39,0.06595840489651211,0.06595840489651211,0.0001843035296455951
Qtrt1,0.0549287262549235,0.0549287262549235,0.0018505326172450296
Tmem189,-0.015844965254204597,0.015844965254204597,0.3694880715383328
Gtl3,0.062056870123488865,0.062056870123488865,0.00043486314358028407
Trim30b,-0.10293431624026372,0.10293431624026372,5.059733494709059e-09
Lrrc59,0.037666504152474876,0.037666504152474876,0.03284343616770477
Epc1,-0.014323428978464652,0.014323428978464652,0.417224367538147
Rab18,0.05335649194373404,0.05335649194373404,0.00249466247223023
Ss18,-0.015103690570745218,0.015103690570745218,0.39230582845698814
Abce1,0.029881431403671554,0.029881431403671554,0.0905113067366614
Rpl5,-0.1633461840353917,0.1633461840353917,1.2345877066796309e-20
Dgkd,-0.04321254751138416,0.04321254751138416,0.014346140542316968
Ppp1r7,0.049990488925547596,0.049990488925547596,0.0046117370645322635
Rnf7,0.006799434310539179,0.006799434310539179,0.7001714616333651
Ly9,0.06404051181703088,0.06404051181703088,0.00028271017447343774
Dusp22,0.005124870803324013,0.005124870803324013,0.7716265824117434
Tceb3,0.0963457104057341,0.0963457104057341,4.5195278206077675e-08
Tnfsf12,-0.15660796424490483,0.15660796424490483,4.473964775912597e-19
Mocos,0.009831219877086335,0.009831219877086335,0.57766232080695
Hbs1l,0.015374316222223093,0.015374316222223093,0.38387826705712735
Acadvl,0.1126312056321627,0.1126312056321627,1.5617658655844902e-10
2310061C15Rik,0.07678371369066676,0.07678371369066676,1.3303034031805426e-05
Arid5b,0.1149006475705169,0.1149006475705169,6.62066987798101e-11
Hipk1,-0.07292980595189166,0.07292980595189166,3.5360810317641024e-05
Pycrl,0.058390909536706594,0.058390909536706594,0.0009336890448251135
Ankrd13a,-0.07614992490041034,0.07614992490041034,1.5673247634819745e-05
Matr3,0.025757584558362277,0.025757584558362277,0.14456026925579257
Srsf7,0.05565050974394607,0.05565050974394607,0.0016093895823486289
Dgat1,0.012184216194882722,0.012184216194882722,0.4901462671916084
Huwe1,0.03858916011092582,0.03858916011092582,0.028793409892258526
Cul4a,0.003046346804190652,0.003046346804190652,0.8630211708336999
2210021J22Rik,0.0037529616260077877,0.0037529616260077877,0.8316787841789938
Myo5a,0.024144389939199058,0.024144389939199058,0.17143357897115366
Rel,0.11938012734700579,0.11938012734700579,1.1580821792357822e-11
Vcl,-0.04357154533175804,0.04357154533175804,0.013555257296659231
2410127L17Rik,-0.0013834654605609762,0.0013834654605609762,0.9375477994770858
Il1rn,-0.05461660074178304,0.05461660074178304,0.0019647439590293222
Pttg1ip,0.00919027160083018,0.00919027160083018,0.6027150289862295
Chordc1,0.06432232046410241,0.06432232046410241,0.0002656731474498862
Arhgap4,0.008524279133651759,0.008524279133651759,0.6292522552903131
Naa15,0.047077134145530025,0.047077134145530025,0.007637630119315312
Hectd3,0.027522817216784172,0.027522817216784172,0.11898586271133023
Gm9320,-0.0689525656204796,0.0689525656204796,9.23847206418125e-05
Rpp30,0.03978484940710148,0.03978484940710148,0.02418992774521322
Lpxn,0.16713552786443128,0.16713552786443128,1.5307959936300166e-21
Sidt2,-0.004000102925174278,0.004000102925174278,0.8207768510660282
Polr2h,0.052859005255913354,0.052859005255913354,0.002737678261122559
Bcl11a,0.0035528622169733177,0.0035528622169733177,0.840529478338788
Sf3a3,0.07359503109403082,0.07359503109403082,2.9969226717105864e-05
Lonp2,0.06437567217131003,0.06437567217131003,0.00026255801874067945
Pum2,-0.052613893244709685,0.052613893244709685,0.0028651945552248042
Tspyl1,-0.007282480998393789,0.007282480998393789,0.6800116079819973
Slc38a2,0.010438565604846703,0.010438565604846703,0.5543849943487359
Setd3,-0.01518140675278501,0.01518140675278501,0.38987426287520593
Jak2,-0.022343798994780905,0.022343798994780905,0.20565830695092902
Itgax,-0.0032859383530842727,0.0032859383530842727,0.8523671665928436
Ddx1,0.0873110797684362,0.0873110797684362,7.258799859762054e-07
Sbf1,0.008718642571425253,0.008718642571425253,0.6214559642090585
Cdkn1b,-0.001701509496203578,0.001701509496203578,0.9232309175823713
Gsto1,-0.01026508707893732,0.01026508707893732,0.5609867850142012
Ndfip2,0.043040002671963264,0.043040002671963264,0.014740535411289614
Ldb1,-0.015633057586200386,0.015633057586200386,0.3759252326922825
Sema4a,0.025026554304171663,0.025026554304171663,0.15630880805939573
Psmc6,0.09890600025932016,0.09890600025932016,1.9622878331815185e-08
Ppil2,0.04833449557739483,0.04833449557739483,0.00616235367081634
Zfp330,0.05180709061481008,0.05180709061481008,0.0033241469014607962
2010321M09Rik,0.03187834290884678,0.03187834290884678,0.07093671538947435
Hdgfrp2,0.031648707043149406,0.031648707043149406,0.07299417071618575
F8a,0.049823974030404325,0.049823974030404325,0.004749884209560226
Ap1g1,0.013549259308156808,0.013549259308156808,0.44284684885870645
Mtap1s,0.016623788718094012,0.016623788718094012,0.3464231160113947
1810063B07Rik,0.004953906830118063,0.004953906830118063,0.7790438948054434
Slc35b3,0.052414820021213004,0.052414820021213004,0.0029727228806836004
Cox7a2l,-0.04786889033867039,0.04786889033867039,0.006675767185043507
Riok3,-0.014466663694822145,0.014466663694822145,0.41258138562877045
Ruvbl1,0.06987279533034493,0.06987279533034493,7.43013749843503e-05
Sart3,0.014005532435181635,0.014005532435181635,0.4276383764353115
Ncbp1,0.06056592552816992,0.06056592552816992,0.0005963022182806936
Wdr18,0.07599335604769118,0.07599335604769118,1.6317960383764837e-05
Pik3r5,-0.027887287988616203,0.027887287988616203,0.11417603068394958
Ttc9c,0.054786537793803006,0.054786537793803006,0.0019017834638368916
Ptms,-0.11702115419641294,0.11702115419641294,2.924393134001771e-11
Fbxw4,0.03796345579022798,0.03796345579022798,0.0314897900288712
Gm4902,0.07516072241314703,0.07516072241314703,2.0193322615266168e-05
Rgs1,0.06466224812454074,0.06466224812454074,0.0002464027989084712
Psen2,0.04209896810163247,0.04209896810163247,0.017064089606130733
Aoah,0.06880415744621057,0.06880415744621057,9.566439794245451e-05
Cd300lg,0.07600803309924786,0.07600803309924786,1.625646686848214e-05
Fzr1,0.02783242838372573,0.02783242838372573,0.11489005980280002
Fbxl15,0.043151352442736116,0.043151352442736116,0.014484939656777052
Mrpl21,0.08878778560198994,0.08878778560198994,4.6936337194311736e-07
Cherp,0.014567084074743683,0.014567084074743683,0.4093445686404059
A930013F10Rik,-0.021807583611375886,0.021807583611375886,0.21675052938421285
D16H22S680E,0.046489840505159044,0.046489840505159044,0.008429433229278882
Pppde1,0.04190048074162582,0.04190048074162582,0.017593323464632767
Gapvd1,0.029240562008545516,0.029240562008545516,0.09764339137718338
Chfr,0.01080083507905271,0.01080083507905271,0.5407224147609503
Gm15417,-0.07452439390228481,0.07452439390228481,2.372995300332774e-05
Arih1,-0.02652928946555404,0.02652928946555404,0.13290472371303227
Nacc1,-0.013664279117741892,0.013664279117741892,0.438984146640184
1810026J23Rik,-0.015665656543590072,0.015665656543590072,0.3749304882244658
Irf2,0.059515510714264384,0.059515510714264384,0.0007418148189728696
Ankrd40,-0.019764758316732408,0.019764758316732408,0.2629344007400809
Lsm14a,0.004018945605463135,0.004018945605463135,0.819947049836314
2610524H06Rik,0.04317100175441092,0.04317100175441092,0.01444024376332167
Coq9,0.04158528310765594,0.04158528310765594,0.018463312193637293
Snrpd2,0.06723514493689685,0.06723514493689685,0.00013775611358438148
Haghl,0.038881420262665244,0.038881420262665244,0.027603614857911258
Cbx1,0.07475703137640867,0.07475703137640867,2.237363293351107e-05
Ppp2r5d,0.004214879723462191,0.004214879723462191,0.8113305313609829
Mdfic,0.04663961497299987,0.04663961497299987,0.008220823731662307
Mad2l1bp,0.04593157021443818,0.04593157021443818,0.009249320219142916
Emilin1,0.07687642468007323,0.07687642468007323,1.2986391388571637e-05
Lrrk2,0.0033035448140292046,0.0033035448140292046,0.8515852899989677
Prpf8,0.022967279469508807,0.022967279469508807,0.19328626411109812
BC029214,-0.013943154635296016,0.013943154635296016,0.4296994316863674
March7,0.0056108918179513245,0.0056108918179513245,0.7506562143572861
C1qbp,0.06327959488852646,0.06327959488852646,0.0003339629678325393
Tmem167b,0.000883213893064931,0.000883213893064931,0.9601059343534062
Cinp,0.03866314973302383,0.03866314973302383,0.02848809911236283
Ppme1,0.018703992908231434,0.018703992908231434,0.28942244072848206
Tmem170b,-0.0034497159669868794,0.0034497159669868794,0.8450997475117867
Pqlc3,-0.061398162428623795,0.061398162428623795,0.0005003737366651333
Rhoa,-0.11000210917046241,0.11000210917046241,4.133050695740864e-10
Tnrc6a,-0.04759077939094486,0.04759077939094486,0.007000465945469728
S100a1,0.0661721581597806,0.0661721581597806,0.0001755982184606791
Sumf1,0.08584636731291032,0.08584636731291032,1.1109940400199487e-06
Bccip,0.09310265193536095,0.09310265193536095,1.2616543887554997e-07
Aco1,0.04219748091492625,0.04219748091492625,0.016806644486736515
Plk2,0.043406223522020865,0.043406223522020865,0.013914553591566283
Fam158a,0.06308080999772968,0.06308080999772968,0.00034871760021558336
Bsdc1,-0.009839735719921496,0.009839735719921496,0.5773327852769367
Adam8,-0.07046346349861457,0.07046346349861457,6.451675638515352e-05
Mrpl3,0.050353088329045,0.050353088329045,0.00432341346164768
Iffo1,-0.005383451303773181,0.005383451303773181,0.7604477449678354
Vav3,0.04085382122579136,0.04085382122579136,0.02062858181635264
Gm5617,0.025937370813778005,0.025937370813778005,0.141777237244241
Mtap7d1,0.0029671926831021204,0.0029671926831021204,0.8665465243212698
Pcgf5,0.05051138634695307,0.05051138634695307,0.004202744020642518
Ramp2,-0.059595272646540694,0.059595272646540694,0.0007297029176877438
Mapk9,0.05160115614786558,0.05160115614786558,0.0034515516362834367
Smn1,0.04727772530412046,0.04727772530412046,0.007382864285318516
9030624J02Rik,0.06383478418399988,0.06383478418399988,0.0002957880574452764
Mbtps1,0.02344650811804631,0.02344650811804631,0.18415473700872506
Sar1a,0.07732263308860102,0.07732263308860102,1.1560356907356043e-05
Isoc1,0.07390213498436826,0.07390213498436826,2.775268141065772e-05
Usp45,-0.007918842610844981,0.007918842610844981,0.6538002786992618
2310009A05Rik,0.056456668305928735,0.056456668305928735,0.001374446826942894
Rp2h,0.03054126488778096,0.03054126488778096,0.08361207945581776
Eno3,0.03418105362034218,0.03418105362034218,0.05281838940543596
Fam133b,-0.00022397598046036753,0.00022397598046036753,0.9898792382371246
Sacm1l,0.013938113538905606,0.013938113538905606,0.4298662485275833
Minpp1,0.03612603693062314,0.03612603693062314,0.04069160236115583
Lemd2,0.020238009461331932,0.020238009461331932,0.2516739738760216
Pilrb1,0.14294134984724644,0.14294134984724644,4.0428617404544863e-16
Oaz2,-0.059209873941176334,0.059209873941176334,0.0007899745799435195
Lyst,0.05801123613537636,0.05801123613537636,0.001008216782079156
Cwc27,0.08447178201524223,0.08447178201524223,1.6462581497509772e-06
Rad50,0.0687142524205496,0.0687142524205496,9.77043385234384e-05
5730528L13Rik,0.08029880285993705,0.08029880285993705,5.236989140909001e-06
Exoc2,-0.022328495349495207,0.022328495349495207,0.2059690546878565
Zfhx3,-0.010086844860273626,0.010086844860273626,0.5678092291939275
Srpk1,0.05786864808707463,0.05786864808707463,0.0010376003472928853
Ndufab1,0.06966751684414962,0.06966751684414962,7.801877775440818e-05
Ccdc41,0.04795521295403259,0.04795521295403259,0.006577772827399318
Fam175b,0.054846107200084336,0.054846107200084336,0.0018801555250040182
Tes,0.0030397482556844798,0.0030397482556844798,0.863314952784189
Mlf2,-0.01046955417635491,0.01046955417635491,0.5532097241353489
Gpr35,0.053377986380815076,0.053377986380815076,0.0024846215453272103
H2-Q4,0.09571501599654061,0.09571501599654061,5.5328063948123703e-08
Raf1,0.02776152186714389,0.02776152186714389,0.11581814528182964
Itch,-0.023842030538223247,0.023842030538223247,0.17686191296256937
Cflar,0.022366734378213154,0.022366734378213154,0.20519323094272862
2810025M15Rik,-0.0038198591141072537,0.0038198591141072537,0.8287245024528933
Ktn1,0.063953769368674,0.063953769368674,0.00028815684869844005
Zc3h3,0.00025468570830388656,0.00025468570830388656,0.9884916537583894
Tacstd2,-0.029058640787934416,0.029058640787934416,0.09974775136112482
Mbd6,-0.025614019846585956,0.025614019846585956,0.1468124993347242
Rbm38,-0.04037135806299264,0.04037135806299264,0.02217504778178738
Plod1,-0.002260914824005868,0.002260914824005868,0.898112085664387
Rqcd1,0.029066642906541467,0.029066642906541467,0.09965443335567681
Chchd4,0.005743212371433756,0.005743212371433756,0.7449779907003051
Nsmaf,0.001705468899750421,0.001705468899750421,0.9230528302821145
D230037D09Rik,-0.000798586716106741,0.000798586716106741,0.9639257338016504
Pdxdc1,-0.005950629639674547,0.005950629639674547,0.7361050836225573
Adk,0.048112159679421104,0.048112159679421104,0.006402912278193646
Atp13a1,0.05347904812872545,0.05347904812872545,0.0024379050543469273
Tmem109,0.05334771725341934,0.05334771725341934,0.0024987721425277186
Zfyve27,0.016783177760540984,0.016783177760540984,0.3418182434369102
Tmem30a,0.029930934209009073,0.029930934209009073,0.08997830223539349
Dmtf1,0.02005326487085639,0.02005326487085639,0.2560290769023656
Vps52,-0.003524906324408588,0.003524906324408588,0.8417676418039481
Mms19,0.02889840562560285,0.02889840562560285,0.10163106491382336
Psmd1,0.11080254590611772,0.11080254590611772,3.0805472664774553e-10
1300018J18Rik,0.03208374547580879,0.03208374547580879,0.06913688091061639
Anxa5,0.04832953829186674,0.04832953829186674,0.006167627348371387
Phf1,-0.04460295700628823,0.04460295700628823,0.01149311314526698
Fam63a,-0.0033096760857391928,0.0033096760857391928,0.8513130435798203
Znrf1,-0.052558587230114286,0.052558587230114286,0.0028947060707474933
Sap18,0.06569299314242351,0.06569299314242351,0.00019567729913760735
Limd1,-0.025921015795516214,0.025921015795516214,0.14202869391502862
Tceal8,0.013844271762755524,0.013844271762755524,0.43297845978316973
9430016H08Rik,0.07182789814380325,0.07182789814380325,4.63675754430862e-05
Mif,0.14555141552925596,0.14555141552925596,1.1570909801967815e-16
Flcn,0.05999259609227503,0.05999259609227503,0.0006720577880679024
Smarcc2,0.018514141020555278,0.018514141020555278,0.2943463897380346
Uba1,0.028413304753406147,0.028413304753406147,0.10750560675724763
Fgfr1op,0.011181925708568123,0.011181925708568123,0.5265339199469709
1700034H14Rik,0.0509184589779702,0.0509184589779702,0.003906331430952427
Wdr74,0.1041272027230539,0.1041272027230539,3.3531467229256336e-09
Mfge8,0.0024757096303747728,0.0024757096303747728,0.8884928678092063
Ski,-0.02029825897124735,0.02029825897124735,0.25026490628084763
Tfeb,6.647767283689562e-05,6.647767283689562e-05,0.9969960121003949
Umps,0.04648275317755223,0.04648275317755223,0.008439420867298802
Polb,0.022880507631849175,0.022880507631849175,0.1949746179021576
Pgm1,0.0625907712327285,0.0625907712327285,0.00038773400065061925
Tinf2,-0.000996659361131389,0.000996659361131389,0.9549868209953014
Appl1,0.013605655070948753,0.013605655070948753,0.4409504917336671
Sdhaf2,0.026140374559886593,0.026140374559886593,0.1386844630068787
Alkbh7,0.09751489705777648,0.09751489705777648,3.095745278419673e-08
Aqr,0.04401944100846691,0.04401944100846691,0.012622679943246529
Meaf6,-0.015236776089389083,0.015236776089389083,0.3881474808328375
Tmem159,0.004451885243996666,0.004451885243996666,0.800938372548161
Gnpnat1,0.03015022745982147,0.03015022745982147,0.08764743559475784
Vamp5,-0.0321589185648738,0.0321589185648738,0.06848762294324758
Tet2,-0.02696075159018387,0.02696075159018387,0.12671271915223095
Pex6,0.03942994379448416,0.03942994379448416,0.02548468422291622
Rrp1,0.1036693858020935,0.1036693858020935,3.928822280883074e-09
Ccdc58,0.07711158492542698,0.07711158492542698,1.2215148050709127e-05
Snip1,0.06198053623576458,0.06198053623576458,0.00044202249799662774
Ptpn11,0.03493267280566623,0.03493267280566623,0.04781502152610803
Dusp12,0.029363259955914833,0.029363259955914833,0.09624422601794766
Zfp639,0.015734887068851445,0.015734887068851445,0.372823345627169
Ptges2,0.008126261116955307,0.008126261116955307,0.645346307159233
Tank,0.09082004065982836,0.09082004065982836,2.546769048063509e-07
Sptlc2,0.09293354677497861,0.09293354677497861,1.3298037525623043e-07
2010003O02Rik,-0.04912276715975702,0.04912276715975702,0.005373635352499705
Snhg6,-0.0063184524914543,0.0063184524914543,0.7204571904519373
Wars,0.03010165301734142,0.03010165301734142,0.08815949025603084
Sfr1,0.029806599668210795,0.029806599668210795,0.09132184864355476
Stx6,0.049037138723988294,0.049037138723988294,0.005454665774298858
Pfkfb4,-0.08263653557913643,0.08263653557913643,2.757222282979718e-06
Gm13476,-0.02078697581778718,0.02078697581778718,0.23903855199359528
Ep300,0.0593789435920566,0.0593789435920566,0.0007629868785571213
Rbl2,0.01540075374984073,0.01540075374984073,0.3830609562580053
Nt5c3,0.15211703060238685,0.15211703060238685,4.491793599994467e-18
2010320M18Rik,0.021088024613178255,0.021088024613178255,0.23230246819475356
Tcerg1,0.0010788098821592595,0.0010788098821592595,0.9512810069479214
Paox,0.06395649218219918,0.06395649218219918,0.0002879843960846107
Vopp1,-0.002455310718612702,0.002455310718612702,0.8894057158717107
Pkig,-0.0021138822268623354,0.0021138822268623354,0.9047054153109707
H6pd,-0.0355704502247238,0.0355704502247238,0.04388758928200206
Lrrc45,0.024609064040478523,0.024609064040478523,0.1633356055570932
Ebpl,0.035540893653960924,0.035540893653960924,0.04406338711856923
Rnaseh1,0.02189855530391191,0.02189855530391191,0.21483896922325782
Eif2ak3,-0.014151891921433707,0.014151891921433707,0.42282509353631353
Tgfbr2,-0.016208636027918957,0.016208636027918957,0.35860154439924435
Il21r,0.15053546348290503,0.15053546348290503,9.956343453479738e-18
Qsox1,0.019523426079416973,0.019523426079416973,0.26880849395018114
Il15,0.019759196925935335,0.019759196925935335,0.26306876162157256
Chkb,0.017639855297647344,0.017639855297647344,0.3177427032571144
Parg,0.06450478469415263,0.06450478469415263,0.0002551603974298092
Vipar,0.04659496197352033,0.04659496197352033,0.00828252907402201
Man1c1,0.02971666812241743,0.02971666812241743,0.09230364974627853
H2afy,-0.007889222177942617,0.007889222177942617,0.6550112136386148
Spnb2,0.023996471492295647,0.023996471492295647,0.17407341336962184
Gps2,-0.0229617172962981,0.0229617172962981,0.19339416648901547
Slc27a4,-0.02680559272975158,0.02680559272975158,0.12891306775855632
Dnajb14,0.08734986942438482,0.08734986942438482,7.176775649107395e-07
U2af1l4,0.06309179238409586,0.06309179238409586,0.0003478867899634911
Mbnl3,0.04323305830912219,0.04323305830912219,0.014299882223327287
Auh,0.06439754355456534,0.06439754355456534,0.00026129089985167756
Avpi1,0.06978624168347687,0.06978624168347687,7.584789129929704e-05
Ddx3y,-0.010706366845534485,0.010706366845534485,0.5442689043438073
2810004N23Rik,0.07093152127576097,0.07093152127576097,5.764261167071439e-05
Hsd3b7,0.03762780267696389,0.03762780267696389,0.033023471678182
Slc33a1,0.045775563514504666,0.045775563514504666,0.009490806995534801
1110038B12Rik,0.09964799775871087,0.09964799775871087,1.5347765670348982e-08
Amica1,-0.07161321120665387,0.07161321120665387,4.886000308194109e-05
AI314180,-0.00018461028958217238,0.00018461028958217238,0.9916579768354419
Erich1,-0.027853815397255444,0.027853815397255444,0.11461127911108443
Gpcpd1,-0.2450797533333881,0.2450797533333881,4.0455085988688756e-45
Rasa3,-0.06444499119328927,0.06444499119328927,0.0002585616956116957
Cdkn2aipnl,-0.05037201449045472,0.05037201449045472,0.004308822751641736
Celf2,-0.048936368881623324,0.048936368881623324,0.005551435594943583
Pnkd,0.0732935240042078,0.0732935240042078,3.2308265025372595e-05
Btf3l4,0.022573483823582794,0.022573483823582794,0.20103529114662064
Kti12,0.031671335653344956,0.031671335653344956,0.072789282737989
Cebpg,-0.045025281571914065,0.045025281571914065,0.010732453519456727
Ppap2c,0.046547318111792524,0.046547318111792524,0.00834882389300478
Csnk2a1,-0.02358152023289403,0.02358152023289403,0.1816407114002174
Clec4n,0.057175882082552316,0.057175882082552316,0.0011919662540832987
Snx1,0.113510180511295,0.113510180511295,1.1223481184655581e-10
Tifa,0.1410612874144591,0.1410612874144591,9.814701989040838e-16
Pgap2,0.09427212970429903,0.09427212970429903,8.746809717038992e-08
Ctdspl,0.022451490616097823,0.022451490616097823,0.20348120257241117
Setx,0.02276185303246546,0.02276185303246546,0.1973007922366764
Ncstn,-0.0011411829009804774,0.0011411829009804774,0.9484680558316739
Tmem229b,-0.00929859148061093,0.00929859148061093,0.5984469363926898
Slc38a9,0.009821962146034128,0.009821962146034128,0.5780206653737778
Hlcs,0.0009454584052446628,0.0009454584052446628,0.9572969958513955
Scnn1a,-0.06274095546520193,0.06274095546520193,0.0003753631901072742
Ncoa6,-0.0015254253929342949,0.0015254253929342949,0.9311546431645569
Golph3,-0.007924651782671672,0.007924651782671672,0.6535628963162329
Mtss1,-0.04577668749117296,0.04577668749117296,0.009489047250876338
Tsnax,0.04306482224243869,0.04306482224243869,0.01468322219527335
B230208H17Rik,0.039179741955098844,0.039179741955098844,0.026433097879384068
Sppl3,-0.0226976794860928,0.0226976794860928,0.19856731705256997
Hdlbp,0.11086886104196624,0.11086886104196624,3.0061606500661986e-10
Kctd13,0.01098758195004361,0.01098758195004361,0.5337457797141397
2410004B18Rik,0.01760630127824209,0.01760630127824209,0.3186642589343733
Efha1,0.05107607813912135,0.05107607813912135,0.003796751805974621
Nae1,0.039067672877811085,0.039067672877811085,0.02686769492627024
2210016F16Rik,0.04157197675441847,0.04157197675441847,0.018500853334627077
Fem1c,0.05988628970801494,0.05988628970801494,0.0006870517263245176
Uba5,0.03978826799851356,0.03978826799851356,0.024177738561547406
Bcap29,0.05364113555808139,0.05364113555808139,0.0023646542675511985
Gps1,0.06870989845796235,0.06870989845796235,9.780416447222104e-05
Aak1,-0.0031676136569834187,0.0031676136569834187,0.8576255148910532
Plcl2,-0.020265107953274634,0.020265107953274634,0.25103953301675325
Incenp,0.05502563705243382,0.05502563705243382,0.001816331955840377
Rnf214,0.036221177449010704,0.036221177449010704,0.04016457941678455
Hars,0.07145074401715502,0.07145074401715502,5.083001167292527e-05
Lats1,-0.02433498658702557,0.02433498658702557,0.16807639962855445
Cisd2,-0.025363653840790656,0.025363653840790656,0.1508042627444645
Acvrl1,0.051439378669030325,0.051439378669030325,0.003554736240922127
A230046K03Rik,0.02141500444904388,0.02141500444904388,0.22513995859071254
Cd151,0.02758753861684218,0.02758753861684218,0.11812034814421361
Ptrh2,0.04552267508692964,0.04552267508692964,0.009894213665960123
E230008N13Rik,-0.06802242578105895,0.06802242578105895,0.00011483231268884145
Mtap,0.02118998758254421,0.02118998758254421,0.23005182861391416
Fam53c,-0.0020509418890463983,0.0020509418890463983,0.9075298615714201
Ccnh,0.07183973202555041,0.07183973202555041,4.623375430332661e-05
Atg12,0.04064828850537002,0.04064828850537002,0.021275506337287094
Nudt18,0.020942994911149298,0.020942994911149298,0.23553056479194082
Slc22a15,-0.028617204994586063,0.028617204994586063,0.10500444448970894
Brp44l,-0.024892122723922903,0.024892122723922903,0.15854596287898376
Abcd2,0.010398642015192342,0.010398642015192342,0.5559009308150463
Trip4,0.009547155207231093,0.009547155207231093,0.588705070039065
Slc25a37,0.028841012674741373,0.028841012674741373,0.10231247261015528
Mknk1,0.00953279204879624,0.00953279204879624,0.5892660029112015
Fam82b,0.063000716192414,0.063000716192414,0.00035483297218274237
Ift172,-0.021568632921606195,0.021568632921606195,0.2218297154925453
Slc29a1,0.026728008057368403,0.026728008057368403,0.13002438751947548
Atg13,0.0036125913765063748,0.0036125913765063748,0.8378854049685136
5133401N09Rik,0.06021075448039131,0.06021075448039131,0.0006422352871519815
Anapc10,0.06381738483809717,0.06381738483809717,0.0002969197064817293
Ipo11,0.006596183158488705,0.006596183158488705,0.7087186415299201
Lonp1,0.04140202467557849,0.04140202467557849,0.018986242805128575
Crybg3,-0.017199407438179472,0.017199407438179472,0.3299786055929036
Smarca5,0.12801000036798538,0.12801000036798538,3.3434662333463274e-13
Lpgat1,-0.027355643387212768,0.027355643387212768,0.12124446210626705
Rpp21,0.017034912100443896,0.017034912100443896,0.33462557684976507
4930526I15Rik,-0.02164614198112494,0.02164614198112494,0.22017291216403623
Mrpl16,0.10434385403676161,0.10434385403676161,3.1101923745131363e-09
Ints9,0.059759616676986135,0.059759616676986135,0.0007053239222287869
Rsbn1,0.031449504643103345,0.031449504643103345,0.07481825043931647
Grk5,-0.01427825037648508,0.01427825037648508,0.4186952034710688
Isg20,-0.0064944038344976205,0.0064944038344976205,0.713012592698057
Skint3,-0.03195174854285773,0.03195174854285773,0.07028914048105347
Sp1,-0.02654135071371838,0.02654135071371838,0.13272850554171176
Hdac7,0.04311918694838322,0.04311918694838322,0.014558369068793969
Uhrf1bp1l,0.009876098879049434,0.009876098879049434,0.5759266455148085
Angel2,0.020477780685835285,0.020477780685835285,0.24609907923813537
Ube2g1,0.04309593072429262,0.04309593072429262,0.014611663979721344
Zfyve21,0.008752527527792136,0.008752527527792136,0.6201010777660477
Smc3,0.04089074445520946,0.04089074445520946,0.020514198711499933
Rpa1,0.06105251926010237,0.06105251926010237,0.0005383215645834149
Mpg,0.04963611294653522,0.04963611294653522,0.004910227140188601
Rb1cc1,0.03778325318661689,0.03778325318661689,0.032305411411994125
Sec23ip,-0.007482929609396852,0.007482929609396852,0.6717115909416359
Atp2c1,0.01663480711624751,0.01663480711624751,0.3461035211764315
4930572J05Rik,-0.03348881971631455,0.03348881971631455,0.05780622325283024
Ext1,-0.01812504021412294,0.01812504021412294,0.3046124973613848
Svip,-0.04584036944279912,0.04584036944279912,0.009389817989448494
Tbc1d23,-0.07582098095405967,0.07582098095405967,1.705695866695619e-05
Acsl4,0.008723777798872205,0.008723777798872205,0.6212505500337956
Nsun2,0.06769048928837039,0.06769048928837039,0.000124020542737533
6330578E17Rik,0.00041832676208218344,0.00041832676208218344,0.9810984056829087
Rp9,-0.017158648210728985,0.017158648210728985,0.33112613764249316
Samsn1,-0.07683855474423236,0.07683855474423236,1.311485318308871e-05
Jup,-0.09862496463083395,0.09862496463083395,2.1526909659406893e-08
Armc10,-0.00553003708354458,0.00553003708354458,0.7541325831467978
Vps18,0.016017141700993127,0.016017141700993127,0.36430858766818125
Apoc1,0.08020781302958768,0.08020781302958768,5.367531176882185e-06
Slc28a2,0.052257120858582834,0.052257120858582834,0.003060501673827504
C330007P06Rik,0.035888089761514363,0.035888089761514363,0.04203539746996079
Dnajb6,0.033219031681609744,0.033219031681609744,0.05985334216910352
Rrp15,0.030224137459667906,0.030224137459667906,0.08687290559616778
Leprotl1,-0.01088977086331031,0.01088977086331031,0.537394207021189
1700037H04Rik,-0.040060611971022446,0.040060611971022446,0.023223626595592635
Upf3b,0.046326604004788205,0.046326604004788205,0.008662170944480524
Cd83,0.038390713912662966,0.038390713912662966,0.02962621889311343
Smad7,0.02051882183449191,0.02051882183449191,0.24515357647086924
Chd3,0.07794621194333445,0.07794621194333445,9.815643316547531e-06
Eif2s3y,0.07190349548315965,0.07190349548315965,4.5518975305020976e-05
Siglece,-0.010812613663194571,0.010812613663194571,0.5402810386309002
Malt1,-0.01311921595030403,0.01311921595030403,0.4574598343725015
Nop16,0.027167028818656767,0.027167028818656767,0.12383283112737713
Tmem126a,0.06774486777619251,0.06774486777619251,0.00012246931172153758
Med31,0.05132505717372061,0.05132505717372061,0.0036293355509046275
5830433M19Rik,0.006155240316598282,0.006155240316598282,0.7273865662437314
Zcchc11,0.07898358468762359,0.07898358468762359,7.456633411497781e-06
Mum1,0.003001155729207464,0.003001155729207464,0.8650335543692712
Cdc123,0.08170970707165684,0.08170970707165684,3.563084917043763e-06
Gbp9,0.006427652871105945,0.006427652871105945,0.7158336921508991
Ccdc86,0.0888144238312699,0.0888144238312699,4.6565660922601246e-07
Hsd17b11,0.07344831578180089,0.07344831578180089,3.108657189801175e-05
Ddx19a,0.03220887007562224,0.03220887007562224,0.06805897629429832
Cpne2,-0.027276745707276593,0.027276745707276593,0.12232198600947808
Rnf139,0.007937570253833157,0.007937570253833157,0.6530351295635161
Cfl2,0.021146230692890323,0.021146230692890323,0.23101577338127732
Nr1h3,0.08561607743113617,0.08561607743113617,1.1871497835607086e-06
Tmem135,0.019014239944543793,0.019014239944543793,0.2814959282781237
Fam173a,0.1141113220828256,0.1141113220828256,8.9405266160482e-11
Commd9,0.10532184442744069,0.10532184442744069,2.2106040356511897e-09
Phactr4,0.030987118475734824,0.030987118475734824,0.07919593439718552
Plekha2,-0.003843194102582032,0.003843194102582032,0.8276945655196462
Mapk6,0.017758077388482955,0.017758077388482955,0.3145096789086505
AB124611,-0.03537978502100719,0.03537978502100719,0.045032115134724465
Prdm1,-0.0017427861640216093,0.0017427861640216093,0.9213745532400222
Atpaf2,0.04536256377738417,0.04536256377738417,0.010157450051637922
Samd8,-0.009541388920989591,0.009541388920989591,0.5889302345966896
Mapkapk5,0.0020915474747626043,0.0020915474747626043,0.9057075507648762
Ddx47,0.11010367039974658,0.11010367039974658,3.9822204512104605e-10
Hdac5,-0.0037514799004955356,0.0037514799004955356,0.8317442462196817
Padi4,-0.03098370836234974,0.03098370836234974,0.07922897723463453
Kctd10,0.014105977410153629,0.014105977410153629,0.42433164665924145
Tmem86a,0.11559380817555766,0.11559380817555766,5.0769766191562645e-11
Acsl1,-0.0227032371483318,0.0227032371483318,0.19845739696435266
Kif21b,-0.04665218595992086,0.04665218595992086,0.008203526399925207
Cryl1,0.05767719127729891,0.05767719127729891,0.0010783009884464828
Pltp,0.12324679945119173,0.12324679945119173,2.438571207857354e-12
Prr5l,-0.0214534313433627,0.0214534313433627,0.2243086830939796
Tob2,0.04055520972791331,0.04055520972791331,0.021574240503867123
Ndufa9,0.15098918098417088,0.15098918098417088,7.930655695656113e-18
Prdm2,0.07558541601468446,0.07558541601468446,1.811855291231089e-05
Tcf20,-0.010112364438281484,0.010112364438281484,0.5668300051193254
Dcaf13,0.09884984086471955,0.09884984086471955,1.9989802209992625e-08
Mctp1,0.005543549006456544,0.005543549006456544,0.7535512859171072
Wdr41,0.009952624475618073,0.009952624475618073,0.5729727413792183
Zfp592,-0.04409288103271021,0.04409288103271021,0.012475309959448741
Cnot6,0.013384449059907435,0.013384449059907435,0.44841537221721595
Ublcp1,0.04496511672255989,0.04496511672255989,0.01083801051436183
Hat1,0.06807644241561535,0.06807644241561535,0.00011339921768615911
Ube4b,0.025326753477837263,0.025326753477837263,0.15139951710106964
Pih1d1,0.0819540652961526,0.0819540652961526,3.331055517003032e-06
1500011B03Rik,-0.0019444434627271297,0.0019444434627271297,0.912311620277276
0610007L01Rik,0.01733855455980039,0.01733855455980039,0.32608048578921667
Tmem101,0.03916923040688944,0.03916923040688944,0.026473601390711685
Rhbdf2,0.015354638703224345,0.015354638703224345,0.3844872855681421
Rdh14,0.045920751657424944,0.045920751657424944,0.00926588795577165
Rbm10,0.02955242516735162,0.02955242516735162,0.09411857981113536
Nup50,0.05335252870274623,0.05335252870274623,0.0024965179100841094
Gpr180,0.017193891439675795,0.017193891439675795,0.330133751809518
Casp6,0.09650854906415171,0.09650854906415171,4.2886488998243033e-08
2300009A05Rik,0.00495121952635174,0.00495121952635174,0.7791606467902988
Crnkl1,0.08433333671112801,0.08433333671112801,1.7122025410890372e-06
Cstf2t,0.002228020476975137,0.002228020476975137,0.8995865610435966
Il1r2,-0.06671758500482664,0.06671758500482664,0.00015510403454879973
Otud5,-0.0026927427188519005,0.0026927427188519005,0.8787900595180399
Slc25a19,0.042350967931313155,0.042350967931313155,0.0164123244533392
2810453I06Rik,0.037025567939892985,0.037025567939892985,0.03593566082793206
Atxn7l1,0.026701912064063395,0.026701912064063395,0.1303998513170361
Srebf2,-0.02922592874765871,0.02922592874765871,0.09781133824885163
Mzt2,0.05157486220424808,0.05157486220424808,0.0034681347417288154
Pcyt1a,0.047291408943051956,0.047291408943051956,0.00736576588936561
Ranbp1,0.011424165987717776,0.011424165987717776,0.5176148479728532
Dtd1,0.02361436467927326,0.02361436467927326,0.1810329908582741
Cib2,0.030398268283158645,0.030398268283158645,0.08506994883681522
Nbeal1,0.03988797595785117,0.03988797595785117,0.023824558004373185
BC147527,0.04027163494705093,0.04027163494705093,0.022506976425165363
Naip5,-0.010467105076461578,0.010467105076461578,0.5533025640724303
Gas7,0.013090175919742241,0.013090175919742241,0.45845628108602227
Chd9,0.06471284408503965,0.06471284408503965,0.0002436491812326722
Mxd4,0.039138417232455786,0.039138417232455786,0.026592640885210295
Fbxo31,-0.027637319970618225,0.027637319970618225,0.11745799049708036
Ebag9,0.012564906940715723,0.012564906940715723,0.47668833626308266
Abcb7,0.014609060135445561,0.014609060135445561,0.40799605547816803
Srek1ip1,0.013177563996307156,0.013177563996307156,0.45546142462476935
Impact,-0.03185005545948511,0.03185005545948511,0.07118756519143185
Gna11,-0.0007322433859517506,0.0007322433859517506,0.9669208422245519
Mrps34,0.07463912244107773,0.07463912244107773,2.305157428765277e-05
Zc3h15,0.06858782970811272,0.06858782970811272,0.0001006424031309586
Zfx,0.020897946505411696,0.020897946505411696,0.23653968846470136
Kri1,0.026578572225071744,0.026578572225071744,0.13218582899143955
Far1,0.06141889266239243,0.06141889266239243,0.0004981789717221316
Gramd3,-0.05130463955645659,0.05130463955645659,0.003642807666110744
Trim44,-0.03779493947373679,0.03779493947373679,0.032251974430107286
Eya3,0.017696279410878247,0.017696279410878247,0.31619696448842943
Kat5,0.04718574363036411,0.04718574363036411,0.007498726598825238
Loh12cr1,0.029674449575737852,0.029674449575737852,0.09276747190784251
Agfg1,0.07617502740284395,0.07617502740284395,1.5572166452182684e-05
1700020I14Rik,0.0032713284712851867,0.0032713284712851867,0.8530160797316721
Dom3z,0.034603289538635444,0.034603289538635444,0.049956383615149855
Supt5h,-0.023457933622940807,0.023457933622940807,0.1839409934201699
Cks2,-0.03406266163383685,0.03406266163383685,0.053645035148506715
Zfp511,0.022148382569358385,0.022148382569358385,0.20965197450187845
Cxxc1,0.06554921771850385,0.06554921771850385,0.00020211061447997317
Lpcat4,-0.09564703904194687,0.09564703904194687,5.654331092768706e-08
Cenpa,0.06170281974271799,0.06170281974271799,0.00046900787041855534
B3gnt8,0.08588794873414762,0.08588794873414762,1.0977536923547717e-06
Pebp1,0.08229461783814573,0.08229461783814573,3.031717682695307e-06
Rps12,-0.24631725851429484,0.24631725851429484,1.425542508981596e-45
Samm50,0.1622952573395039,0.1622952573395039,2.1834936153169717e-20
Itsn2,0.054851896155882596,0.054851896155882596,0.0018780658061052203
Nbeal2,-0.0019395136292683463,0.0019395136292683463,0.912533047070552
Scd2,0.0090509480048552,0.0090509480048552,0.6082247959919794
1190002N15Rik,-0.032176809818946626,0.032176809818946626,0.068333839284453
Luc7l2,0.030560871062795637,0.030560871062795637,0.08341377774154815
Glb1,0.0569285215589222,0.0569285215589222,0.0012520389666380585
Yipf6,0.033303110661737585,0.033303110661737585,0.05920901123644955
Nup210,-0.02568210306077839,0.02568210306077839,0.14574109424016762
Amfr,-0.032370064329709486,0.032370064329709486,0.0666907433977841
Taf1,0.04833276281821509,0.04833276281821509,0.0061641965594249485
Aup1,0.005919945326409707,0.005919945326409707,0.737415516428615
Cul2,0.033623746614132845,0.033623746614132845,0.05680443895300683
Hdac4,-0.022389169062704304,0.022389169062704304,0.2047390477244003
Spsb2,0.07179697645674775,0.07179697645674775,4.6718982392735705e-05
Guca1a,0.06555164612819002,0.06555164612819002,0.0002020003239257582
Dym,0.05175822889645502,0.05175822889645502,0.003353982466997256
Fli1,0.06952366473967568,0.06952366473967568,8.072780529492302e-05
Fbxl3,-0.013324011271858557,0.013324011271858557,0.4504673292985491
Cd177,0.03570799231091365,0.03570799231091365,0.04307727775581767
Zfp598,-0.004948436495421903,0.004948436495421903,0.7792815629653954
Tmbim1,-0.012566112001754025,0.012566112001754025,0.47664605933436827
Golgb1,0.042058592563536536,0.042058592563536536,0.017170598841085367
Phf11,0.06723300925849292,0.06723300925849292,0.00013782378807010754
Zfp91,0.001643902545582583,0.001643902545582583,0.9258224117329394
Cd300ld,0.017013894016861136,0.017013894016861136,0.3352223577693866
Inf2,0.006489806300777589,0.006489806300777589,0.7132067732603886
1810032O08Rik,0.03475001945403767,0.03475001945403767,0.048992747093974845
D14Abb1e,0.0651914350722295,0.0651914350722295,0.00021899234002500709
Wipi2,0.023709649568448676,0.023709649568448676,0.17927847460943003
Akirin1,0.026276657861653875,0.026276657861653875,0.1366374971587595
Nomo1,0.0237101880043779,0.0237101880043779,0.17926859622316246
Fxr2,0.011520681621034892,0.011520681621034892,0.514083124266684
Ubr1,0.047150007758012036,0.047150007758012036,0.007544178157110192
Wasf2,0.09554900700658553,0.09554900700658553,5.8341496042047555e-08
Mrps15,0.039353558123895,0.039353558123895,0.025771060721983065
Gar1,0.04775139944415128,0.04775139944415128,0.006811251683141876
Adar,0.02549661112885947,0.02549661112885947,0.148674255550276
Rprd2,0.01640287766998391,0.01640287766998391,0.35287036976798214
Dnajc24,-0.006023801582840285,0.006023801582840285,0.7329832361176942
Exosc8,0.11130248947897643,0.11130248947897643,2.561201827539998e-10
Psmb2,0.056732463400160416,0.056732463400160416,0.0013016243683921897
2700078E11Rik,-0.01738360562491752,0.01738360562491752,0.32482484613435864
Ccdc34,0.04628083941431944,0.04628083941431944,0.008728442932030683
Mrps5,0.027984322586402384,0.027984322586402384,0.112921624834822
Ssrp1,0.0747262299528138,0.0747262299528138,2.2548878390496656e-05
Anapc1,0.00916824043418158,0.00916824043418158,0.6035847894272106
Cd33,-0.04218456565219924,0.04218456565219924,0.016840200872790933
Etfdh,0.045394863972258545,0.045394863972258545,0.010103849416340455
Btbd10,0.031437209650058785,0.031437209650058785,0.07493204318648922
1500012F01Rik,0.10177054795120195,0.10177054795120195,7.5251836321477e-09
B4galt1,-0.05949498409641185,0.05949498409641185,0.0007449618537393543
Adnp,-0.012434207566702667,0.012434207566702667,0.4812858011489555
Egfl7,-0.07846482146270184,0.07846482146270184,8.559001738737395e-06
Dapk3,0.05366172034996356,0.05366172034996356,0.002355497118094571
Nisch,0.005469414390003237,0.005469414390003237,0.7567423454245118
Dynll1,-0.05340080857310131,0.05340080857310131,0.0024740008346129344
Opa1,0.0705801361180784,0.0705801361180784,6.273410371394161e-05
Ddx28,0.07275913411801611,0.07275913411801611,3.6885763824124715e-05
Cybasc3,0.021577224709291423,0.021577224709291423,0.22164562209997357
Psmb10,0.0868580352517414,0.0868580352517414,8.286190327453167e-07
Lmf2,0.026469897207269503,0.026469897207269503,0.13377510297729933
Hmgn5,0.061313122549726755,0.061313122549726755,0.0005094717752581366
Ptp4a3,-0.04386282703467585,0.04386282703467585,0.012942107876647374
Hp1bp3,0.08052101577408845,0.08052101577408845,4.930831616399449e-06
Smc2,0.03889843075404179,0.03889843075404179,0.02753568959354859
Rbm8a,0.022259790671485546,0.022259790671485546,0.2073683368087536
Hnrnpl,-0.01860106715835437,0.01860106715835437,0.2920849716500055
Zc3h10,0.056115186380683926,0.056115186380683926,0.0014698141064291002
5031439G07Rik,-0.06151792607757098,0.06151792607757098,0.00048781730217514405
Fam172a,0.07205502840950022,0.07205502840950022,4.386210804007871e-05
Nup62,0.014386319867411422,0.014386319867411422,0.41518196679646735
Gmeb1,0.028616674838573667,0.028616674838573667,0.10501088731301374
Mlycd,0.0014549118148360954,0.0014549118148360954,0.9343296885342831
B230208H11Rik,-0.05541414539392348,0.05541414539392348,0.0016849732928158226
Pacs1,-0.025832662086052997,0.025832662086052997,0.14339304738121145
Ttf1,0.03793167747039942,0.03793167747039942,0.03163232748259904
Nudt16,0.03250540585608851,0.03250540585608851,0.0655595096140512
Gle1,0.01014550505114092,0.01014550505114092,0.5655595596583923
Krr1,0.016715470831403664,0.016715470831403664,0.3437695455336599
Cldn5,0.035503120067768866,0.035503120067768866,0.04428892304611968
Ppp1r14b,-0.005700922527713851,0.005700922527713851,0.7467912705734104
Tgds,0.06352749331401306,0.06352749331401306,0.00031638076619879555
Apoo,0.03914423239493549,0.03914423239493549,0.026570140051693166
Rngtt,0.03184497086464957,0.03184497086464957,0.0712327317576379
Sos1,0.024131210202089776,0.024131210202089776,0.1716675691848044
Enoph1,0.026014836083636875,0.026014836083636875,0.14059085863619453
Wdr37,-0.03820728140625559,0.03820728140625559,0.030414352739072514
Farsa,0.07226256564083411,0.07226256564083411,4.168547211338117e-05
Zkscan6,0.02900011004251136,0.02900011004251136,0.1004324372119537
Atp6ap2,0.11666127203684543,0.11666127203684543,3.36288955152891e-11
2310046O06Rik,-0.010107630712521073,0.010107630712521073,0.5670115840588228
Erlec1,0.0610700251447285,0.0610700251447285,0.0005363369036310564
Cnn3,-0.015010443647849992,0.015010443647849992,0.3952354167056056
Rabgap1l,0.01523564226284349,0.01523564226284349,0.3881827942682976
Eif2ak2,0.07352559841673956,0.07352559841673956,3.0493166846442228e-05
Zmym2,0.00039507267802133884,0.00039507267802133884,0.9821489332490527
Ltbr,0.014061909704679406,0.014061909704679406,0.42578054786819325
3110062M04Rik,0.013452685720017577,0.013452685720017577,0.4461050205850324
Cby1,0.048725968507716794,0.048725968507716794,0.005758492410301053
Atxn2l,-0.014589975956756889,0.014589975956756889,0.40860882108828783
Cry1,-0.03394770247101826,0.03394770247101826,0.05445801675787362
Rbm28,0.06124497345597352,0.06124497345597352,0.0005168737480636956
Nup54,0.0691419028231155,0.0691419028231155,8.835450552264405e-05
Heatr1,0.01681070765403576,0.01681070765403576,0.34102686620186645
Bag3,0.03299614289388254,0.03299614289388254,0.06158960468374444
Pold3,0.018831622844626982,0.018831622844626982,0.28614360950817774
Padi2,-0.10361070214579172,0.10361070214579172,4.00923253254207e-09
Antxr2,-0.033172723256214946,0.033172723256214946,0.06021069760236698
Hmgxb4,0.07391059187843466,0.07391059187843466,2.7693904916537676e-05
1700029I01Rik,0.018775313752680097,0.018775313752680097,0.2875870931506317
Slc35a4,0.011977188545698254,0.011977188545698254,0.4975498343671043
Igsf6,0.06084528795413748,0.06084528795413748,0.0005623411265458077
Usp3,0.01615153474232772,0.01615153474232772,0.36029740594034443
Ciao1,0.04509473617610197,0.04509473617610197,0.010611734924261707
Ftsjd2,0.041722208392534724,0.041722208392534724,0.01808086020345974
Pitpnb,0.03288742132561523,0.03288742132561523,0.06245153007291919
Asnsd1,0.0785834091248476,0.0785834091248476,8.294057355085722e-06
Gfer,0.09441822598066356,0.09441822598066356,8.352987485466757e-08
BC031781,0.08314620528576563,0.08314620528576563,2.391857352452328e-06
Snrnp70,0.07023019229536058,0.07023019229536058,6.822560635181609e-05
Il6st,0.007679888397532546,0.007679888397532546,0.6635948581870411
Acp1,0.08027107404771094,0.08027107404771094,5.2764459620411654e-06
Pphln1,0.007861114773305145,0.007861114773305145,0.6561611326403295
Sftpa1,-0.006275889668771996,0.006275889668771996,0.7222620642501513
Rbmxl1,0.0681111163010627,0.0681111163010627,0.00011248820170009822
Birc2,-0.01469879896936217,0.01469879896936217,0.40512201528038055
Ppig,0.07472160199364172,0.07472160199364172,2.257532184659623e-05
Wdfy4,-0.06613573381400016,0.06613573381400016,0.00017705378616700507
Hibadh,0.07403913873518173,0.07403913873518173,2.68149247028126e-05
Vps16,0.06577935462279225,0.06577935462279225,0.00019190599054357354
Mid1ip1,0.01926619696633734,0.01926619696633734,0.2751679958963616
Ube2f,0.07135356923068822,0.07135356923068822,5.204402969287526e-05
Btbd9,0.04958002118802972,0.04958002118802972,0.0049590423768860695
Sept6,-0.0025615648499972693,0.0025615648499972693,0.8846524943136489
Ammecr1l,-0.007378033646464105,0.007378033646464105,0.6760501287094176
Ptpn12,-0.03961546045314967,0.03961546045314967,0.02480059991219217
Eps8,0.11207716442239772,0.11207716442239772,1.9208688730863706e-10
Eif4e,0.08609047077677548,0.08609047077677548,1.0354069534735255e-06
5730508B09Rik,0.049159894106249755,0.049159894106249755,0.005338840909264204
Kdm6a,0.021155775070739284,0.021155775070739284,0.2308052707710012
Pgpep1,-0.005952987885421776,0.005952987885421776,0.7360044018783581
Hsd17b4,0.10899759179573466,0.10899759179573466,5.959039352597147e-10
Man1a,0.034036327230216074,0.034036327230216074,0.05383036986815251
Soat1,0.03412993802716408,0.03412993802716408,0.05317397809059527
Trub2,-0.03249899086969164,0.03249899086969164,0.06561276911440436
Mbip,0.05754301900197248,0.05754301900197248,0.0011076980968094887
Banp,0.024126903112498092,0.024126903112498092,0.17174408810145206
Rpia,-0.005170706348483763,0.005170706348483763,0.7696415069575844
Pgam5,0.03343412705536321,0.03343412705536321,0.05821645649323921
Mettl3,0.03238173412717043,0.03238173412717043,0.06659257421582389
Rab31,-0.03966279163944089,0.03966279163944089,0.024628634790993437
Eaf1,0.015899518846932664,0.015899518846932664,0.36784203739227744
Cep120,-0.02327307014314399,0.02327307014314399,0.18742194761199463
Scaf11,0.11758128558533429,0.11758128558533429,2.3508754362554525e-11
Kdsr,0.027734727714600903,0.027734727714600903,0.11617037981925987
Poldip3,0.005584788753401136,0.005584788753401136,0.7517779727684539
Rmnd5b,0.010332475198638471,0.010332475198638471,0.558417791436237
Pfdn2,0.013946871461997455,0.013946871461997455,0.42957646083555023
Rexo1,0.08322492664576399,0.08322492664576399,2.339741888237749e-06
Ctcf,0.025041560629682404,0.025041560629682404,0.1560605714025601
Nab2,0.0721254507755419,0.0721254507755419,4.311171977701254e-05
Ikbkap,-0.08030403477821284,0.08030403477821284,5.229576097793513e-06
Timm8a1,0.013461575760107591,0.013461575760107591,0.44580452195461434
Coq10b,0.028215363024699118,0.028215363024699118,0.10997856451755443
Lta4h,0.08261124672085586,0.08261124672085586,2.776679485914976e-06
Serpinb10-ps,-0.16266942532792722,0.16266942532792722,1.7831004026548883e-20
Tbkbp1,-0.04526233116508857,0.04526233116508857,0.010325395887843024
Mthfs,-0.021284370885668605,0.021284370885668605,0.2279823492821444
Nedd9,-0.045366780987581894,0.045366780987581894,0.010150437459445803
Mrpl2,0.05145925485240487,0.05145925485240487,0.0035419094461345392
2610039C10Rik,-0.041866800609436615,0.041866800609436615,0.017684539065243265
Phf12,0.011827952030940824,0.011827952030940824,0.5029234055052336
Cdca4,0.03098798955203269,0.03098798955203269,0.07918749576092586
Hnrnpul1,0.056636253878774225,0.056636253878774225,0.0013266138194837373
Rpl7,-0.2291230044737008,0.2291230044737008,1.664661687983453e-39
Mut,0.007019721940886639,0.007019721940886639,0.6909505597652791
Psmb9,0.11265214452821393,0.11265214452821393,1.5495674698894464e-10
Cdv3,-0.002742762061178465,0.002742762061178465,0.8765563888172178
Lrrc42,0.006983194116001217,0.006983194116001217,0.6924764369040722
Trmt1,0.060787112964448685,0.060787112964448685,0.0005692612185231672
Trnt1,0.01971771169537172,0.01971771169537172,0.26407252208884124
Bet1l,0.024266653444907593,0.024266653444907593,0.1692743036773742
Pkp3,0.0771091186004744,0.0771091186004744,1.2223005158946922e-05
Zcchc10,0.06479860187411751,0.06479860187411751,0.00023904772538305724
Tmem185b,0.07059617373850065,0.07059617373850065,6.249273838815277e-05
Pdcd2l,0.027923131021377945,0.027923131021377945,0.11371140218897892
Rin2,0.0038723537575798854,0.0038723537575798854,0.826407961513222
Zrsr2,0.06587705887611303,0.06587705887611303,0.00018772170829762047
Pam,0.0259750728104014,0.0259750728104014,0.14119887545298548
Asah1,0.07648051851313933,0.07648051851313933,1.4390764877206554e-05
Nudt7,0.008349146661694532,0.008349146661694532,0.6363127409216605
Ube2q2,0.022902583113890037,0.022902583113890037,0.1945440646424731
Rps26,-0.1560159569815265,0.1560159569815265,6.087683387351588e-19
Ubap2,-0.038498688749634184,0.038498688749634184,0.029170554031545653
5430417L22Rik,-0.0333088099452405,0.0333088099452405,0.059165544383743676
AI314976,0.028903409354549558,0.028903409354549558,0.1015718288567303
Epas1,0.0028056573019372534,0.0028056573019372534,0.8737491263841983
Erp29,-0.042253298404574355,0.042253298404574355,0.016662293491821356
Daam1,0.036555997219534696,0.036555997219534696,0.038355655331328106
Vbp1,0.04981936767939888,0.04981936767939888,0.004753758478299126
Eif4g2,0.024413854202286707,0.024413854202286707,0.16670174403838578
Gmps,0.14676677642264616,0.14676677642264616,6.4116053831908e-17
Hnrnpu,0.09167168902555803,0.09167168902555803,1.9634492142407168e-07
Cirbp,-0.04565564841945401,0.04565564841945401,0.00968023047675806
Swap70,0.03200802995742605,0.03200802995742605,0.06979592350414462
Itgav,-0.06740092173163427,0.06740092173163427,0.00013259748188112816
Spryd4,0.06967274303645714,0.06967274303645714,7.792199388411216e-05
Bop1,0.05256326021501416,0.05256326021501416,0.0028922018624105176
Zcchc7,0.035397140036565154,0.035397140036565154,0.04492690606644736
Slc16a3,0.07462704878535857,0.07462704878535857,2.312208660293248e-05
Ddx27,0.06444687568978293,0.06444687568978293,0.00025845385234561495
E2f1,0.04935231525510164,0.04935231525510164,0.0051617459305163885
Csnk1d,0.05108223025238234,0.05108223025238234,0.003792531924277733
Bod1,0.030597711051140706,0.030597711051140706,0.0830421989076966
Arrb2,0.0017817072178402088,0.0017817072178402088,0.9196245215259118
Ccdc127,0.01659275676323062,0.01659275676323062,0.3473242244532003
Rap2b,0.011638632071706805,0.011638632071706805,0.509784124910832
Eif1,0.024594203595811992,0.024594203595811992,0.16359003947092796
Exosc4,0.038619657686815675,0.038619657686815675,0.028667225223885887
I830077J02Rik,0.023749829274195493,0.023749829274195493,0.17854243052065305
Pisd,0.01449091206332552,0.01449091206332552,0.41179841052387206
2410091C18Rik,0.11941477350907981,0.11941477350907981,1.1422777951232711e-11
Dhdds,-0.006924603281241686,0.006924603281241686,0.694926557240639
Vps54,-0.00032528842638539495,0.00032528842638539495,0.9853016882631213
Kctd18,0.019258086037031105,0.019258086037031105,0.2753701788594818
Sept9,-0.05374389430118953,0.05374389430118953,0.00231926447728609
Pot1b,0.08055102842829295,0.08055102842829295,4.8908186016062645e-06
Mll5,-0.005927950222743802,0.005927950222743802,0.7370735781420397
Vps13b,-0.010967179113146647,0.010967179113146647,0.5345057872591156
Pank3,0.01034948469987818,0.01034948469987818,0.5577702538106318
Slc7a11,-0.21215361463635052,0.21215361463635052,5.470701866381029e-34
Atf2,0.006391898345020605,0.006391898345020605,0.7173463869165667
Golph3l,0.052158422476404086,0.052158422476404086,0.0031166348111635734
Rnf13,0.0038988603434766396,0.0038988603434766396,0.8252388221677958
Hsd11b1,0.061495098126735294,0.061495098126735294,0.0004901877721078376
Sord,-0.04139697544882509,0.04139697544882509,0.019000832255533347
Dennd1c,-0.020725844506856796,0.020725844506856796,0.24042304540356627
Lrrc61,0.006943663203700386,0.006943663203700386,0.6941291684601104
Pygo2,-0.07250332516832411,0.07250332516832411,3.9288772084390176e-05
Ap3s2,0.055269430643013116,0.055269430643013116,0.0017328466061512973
Socs3,0.05114036124883633,0.05114036124883633,0.0037528682861690337
Gtf2f2,0.08867192847856217,0.08867192847856217,4.858186770577703e-07
Cdc5l,0.11690284557096524,0.11690284557096524,3.061985764674175e-11
Man2a2,0.012524835726258149,0.012524835726258149,0.4780953154707754
Dusp7,-0.022578019787648684,0.022578019787648684,0.2009447622340137
Metap1,0.0004290108386598296,0.0004290108386598296,0.9806157522247272
Ahcyl1,-0.025520916437823678,0.025520916437823678,0.14828737335433897
Gadd45g,0.030538047077795415,0.030538047077795415,0.08364466160651789
Snx30,0.0028765088341039936,0.0028765088341039936,0.8705886467831154
Rabep1,0.056079037986024004,0.056079037986024004,0.0014802583840105637
Zfp84,0.015952212163758202,0.015952212163758202,0.3662564738214284
Ralgapb,0.002571701692406809,0.002571701692406809,0.884199242083174
Abcf3,0.07317387368668384,0.07317387368668384,3.3283702891629164e-05
Fam58b,0.04234183114530642,0.04234183114530642,0.016435568122182106
Tet3,0.0009039700411463264,0.0009039700411463264,0.9591692047782003
Pla2g15,0.07767758392092729,0.07767758392092729,1.0533968732716266e-05
Lnpep,0.06523231248978327,0.06523231248978327,0.0002169986693060598
Fam123b,-0.010794319397696131,0.010794319397696131,0.5409666527338666
Ptpn6,-0.020401581775325004,0.020401581775325004,0.24786131296193872
Dennd5a,-0.11552967483824009,0.11552967483824009,5.203570484160711e-11
Zfp143,0.020746648971240345,0.020746648971240345,0.23995123627042497
Pnpla7,-0.047900753221124776,0.047900753221124776,0.006639444384345705
Tbc1d10c,-0.06737643556168206,0.06737643556168206,0.00013334781670051683
Terf2ip,0.0382731599609562,0.0382731599609562,0.030129252272405514
Armcx3,0.038061363889203156,0.038061363889203156,0.031054093053699803
Sephs1,0.007025476393050836,0.007025476393050836,0.6907102931739847
Ipo8,-0.015053427738464244,0.015053427738464244,0.39388332397231623
Iqsec1,-0.06821900151186852,0.06821900151186852,0.00010969758110446963
Zwint,0.031002464077781726,0.031002464077781726,0.07904737934067414
Tlr7,-0.041754437659831486,0.041754437659831486,0.017991853998303872
Prpf31,0.07014399032126406,0.07014399032126406,6.964649469643412e-05
Urod,0.11849514869248833,0.11849514869248833,1.6428289821187252e-11
Bmx,0.03806478355434109,0.03806478355434109,0.031038969273821836
Mob1b,0.03391833004209735,0.03391833004209735,0.05466737603060911
Alcam,-0.0016074234086016215,0.0016074234086016215,0.9274638631681715
Casp7,-0.006563273125907214,0.006563273125907214,0.7101060733883965
Lzic,0.034712140452114654,0.034712140452114654,0.04924000875101958
Pak1,-0.03009896453806558,0.03009896453806558,0.08818790152172018
Ifit1,0.09604230100904566,0.09604230100904566,4.982250382147485e-08
Xaf1,0.06505368604030781,0.06505368604030781,0.0002258379116287084
Zfp386,0.06622985974086804,0.06622985974086804,0.00017331538441374774
Rnf169,-0.012327558271177581,0.012327558271177581,0.48505508595433794
Anxa3,0.00270939233215642,0.00270939233215642,0.8780464440914038
Mitf,0.04253416708570889,0.04253416708570889,0.015952325140338536
Cds2,-0.00610274703406811,0.00610274703406811,0.7296200100058419
Ppp6r1,-0.0007907472482739869,0.0007907472482739869,0.9642796254751558
Btaf1,0.04378627306856296,0.04378627306856296,0.01310083146499981
Tceb2,-0.09199616980300322,0.09199616980300322,1.777106066197406e-07
Dtymk,0.043275535304828805,0.043275535304828805,0.014204501215290159
Rrn3,0.026657295300176867,0.026657295300176867,0.13104373527063917
Dnaja3,0.06724543652226839,0.06724543652226839,0.00013743043655930278
Scamp1,-0.0025725208340983377,0.0025725208340983377,0.8841626171623836
Osm,-0.04425041317798869,0.04425041317798869,0.012164321582645257
St6galnac6,0.02598785241945747,0.02598785241945747,0.14100324364743574
Tubg1,0.06978527507040858,0.06978527507040858,7.586533302848975e-05
Gm3219,-0.012400921703454044,0.012400921703454044,0.482460503177592
Uck2,0.07721336624510981,0.07721336624510981,1.189506707450108e-05
Cbfa2t3,-0.08717346729651232,0.08717346729651232,7.557138554439286e-07
Tbc1d8,-0.017072801852619744,0.017072801852619744,0.33355147714803024
Cramp1l,-0.014131440283238029,0.014131440283238029,0.4234957683538389
Psmd5,0.06442244901483202,0.06442244901483202,0.00025985498087195203
Lcmt1,0.08147022264656603,0.08147022264656603,3.8054658556807864e-06
Ddx6,-0.003919937721980923,0.003919937721980923,0.824309427924064
Dhx58,0.04656148420616673,0.04656148420616673,0.008329062861388544
Tpp2,0.07796902170047659,0.07796902170047659,9.756851813401174e-06
Rogdi,-0.04382525981886905,0.04382525981886905,0.013019784337582196
Zbtb4,-0.00955825664731441,0.00955825664731441,0.5882716878965584
Prrc2b,-0.028537063522966817,0.028537063522966817,0.10598194431120457
Dhrs11,0.029314198359725735,0.029314198359725735,0.09680175541555053
3110043O21Rik,0.002509698570370149,0.002509698570370149,0.8869721970001532
Dbf4,0.054432071830115204,0.054432071830115204,0.002035272370026114
Notch1,-0.09745003009623193,0.09745003009623193,3.1617835888059977e-08
Orc3,0.03830945897111395,0.03830945897111395,0.02997314539518282
Acaa2,0.07752657088242886,0.07752657088242886,1.0959538104303569e-05
Rnf216,0.007315790222461082,0.007315790222461082,0.6786296445827404
Grpel2,0.041327959381254185,0.041327959381254185,0.019201234630580002
ORF61,-0.08010860482293423,0.08010860482293423,5.5134111861880415e-06
Ndufaf1,0.05163745559024764,0.05163745559024764,0.0034287767779119884
Cog7,0.03632632541268526,0.03632632541268526,0.0395888641382972
Txndc11,0.008871971142801256,0.008871971142801256,0.6153354325852799
Aimp2,0.06014159215911864,0.06014159215911864,0.0006515539708145932
Phlda3,-0.010913965266626038,0.010913965266626038,0.5364905729830337
Usp16,0.039268636059901545,0.039268636059901545,0.026092702371635187
Slc37a4,0.03987366269615681,0.03987366269615681,0.02387498114080128
Rwdd4a,0.02301918160479953,0.02301918160479953,0.19228152784009292
Dnajc5,0.01763513104598582,0.01763513104598582,0.31787234835293837
Cyp4v3,0.03971211800529269,0.03971211800529269,0.024450520412385643
Secisbp2l,0.015486522038869539,0.015486522038869539,0.3804167910695618
BC006779,-0.023532891453838762,0.023532891453838762,0.18254326592364284
Cyp2ab1,-0.025959620767510308,0.025959620767510308,0.14143569560422728
Hck,0.041520542052024774,0.041520542052024774,0.018646594355238962
Tarbp2,0.059282562647696616,0.059282562647696616,0.0007782649240916394
Dpagt1,0.04993622744083641,0.04993622744083641,0.004656349745037657
Rpusd4,0.11493334129230125,0.11493334129230125,6.53851568632244e-11
Pla2g4a,0.1029838340245726,0.1029838340245726,4.974511268659857e-09
1810013L24Rik,-0.01873136395124649,0.01873136395124649,0.2887171528847217
Snhg9,-0.059599564614854356,0.059599564614854356,0.000729056414424684
Tagap,0.030224093876556866,0.030224093876556866,0.08687336068685773
Akap8l,0.05010387494139439,0.05010387494139439,0.004519760037133708
Esf1,0.05955915457222991,0.05955915457222991,0.0007351645428405303
Sap30l,-0.03248530785789847,0.03248530785789847,0.06572648947840605
Parvb,0.03230005480065664,0.03230005480065664,0.06728218438695642
BC029722,0.02440064684226082,0.02440064684226082,0.16693135641840692
D19Wsu162e,-0.025300196012273388,0.025300196012273388,0.1518290320080839
Plcb2,-0.004338127581968089,0.004338127581968089,0.8059221181516437
Copa,0.03803575719320732,0.03803575719320732,0.03116754202783256
Prrg2,0.014634963836428705,0.014634963836428705,0.40716520088711167
Trim27,0.06583278452507002,0.06583278452507002,0.000189607068110819
Dync1li2,0.03226606656472564,0.03226606656472564,0.06757086925014903
Kcnk6,0.005261515308759237,0.005261515308759237,0.7657131582434384
S1pr1,0.00948250133616895,0.00948250133616895,0.5912319749797347
Frrs1,0.09307167253865785,0.09307167253865785,1.2738810601124403e-07
5730494M16Rik,0.0101733428414136,0.0101733428414136,0.5644934556383925
Arfip2,0.049035545894515156,0.049035545894515156,0.005456183462493499
6720456H20Rik,0.01651767528783854,0.01651767528783854,0.34951060611089846
Zmiz2,-0.006056030175261452,0.006056030175261452,0.731609613660615
Hnrnpk,0.14195375286069972,0.14195375286069972,6.45166783768722e-16
Gpr107,0.01036433281724082,0.01036433281724082,0.5572052969649689
Add1,-0.031568681478753205,0.031568681478753205,0.07372253914818341
Prmt1,0.11916113411427437,0.11916113411427437,1.2630493948729698e-11
Mon1b,-0.035509753733610976,0.035509753733610976,0.044249244866401576
Ecd,0.04450212909278684,0.04450212909278684,0.011681642055403433
Sip1,0.0603411599220748,0.0603411599220748,0.0006250011147403431
Fmr1,-0.029600705642127807,0.029600705642127807,0.09358212365727248
Ngly1,0.0422784269243143,0.0422784269243143,0.016597663990903268
Pnrc1,-0.057914666038696674,0.057914666038696674,0.0010280318216779071
Tbc1d1,0.015208306008432758,0.015208306008432758,0.3890347837993646
Fbxo8,0.04477053543045752,0.04477053543045752,0.011185739386394165
Acp6,0.03999528340847361,0.03999528340847361,0.02344946480780368
Lyrm1,0.05535642674837844,0.05535642674837844,0.0017039195917888258
Etv6,-0.025141190669701937,0.025141190669701937,0.15442005341956094
Lrrc41,0.015555802945428321,0.015555802945428321,0.3782891231484339
Pip5k1a,-0.006336881064080516,0.006336881064080516,0.7196762100215564
Cyb5r1,-0.0011380082590320994,0.0011380082590320994,0.9486112133100573
Tyk2,0.03078358760994173,0.03078358760994173,0.08118778957072807
Orc6,0.06355298641732954,0.06355298641732954,0.00031462263780535706
Ndufs3,0.10874705522094122,0.10874705522094122,6.52509442414941e-10
Lrp6,-0.038460536711229856,0.038460536711229856,0.029330866071772526
9130401M01Rik,0.04573954361005966,0.04573954361005966,0.009547355522677454
Rrp36,0.04154723997583274,0.04154723997583274,0.018570820539605827
Srf,0.003835944383177025,0.003835944383177025,0.8280145149304716
Adck4,0.01691188992175304,0.01691188992175304,0.33812835513150896
Gcn1l1,0.012695890964170897,0.012695890964170897,0.47210508323111394
Klhl20,-0.009365378331960234,0.009365378331960234,0.5958222068122353
Clcn3,0.04300300372437814,0.04300300372437814,0.014826339048691862
Plxnd1,-0.06741850138022128,0.06741850138022128,0.00013206123917449412
Mt2,-0.059882893372007515,0.059882893372007515,0.0006875358453820363
Igsf8,0.05711565491779273,0.05711565491779273,0.0012063424683494447
Lsm4,0.05479440651044587,0.05479440651044587,0.0018989135261029745
Azi2,0.03387431362827952,0.03387431362827952,0.05498236975850881
Metap1d,0.04764214272025638,0.04764214272025638,0.006939451748860619
BC024659,-0.010037708804057943,0.010037708804057943,0.5696969284886272
Ints4,0.040937774790490926,0.040937774790490926,0.020369306036646915
Mta1,-0.033726629531174154,0.033726629531174154,0.05605030898792233
Crebzf,-0.0020876942706340423,0.0020876942706340423,0.905880454968292
Xrcc4,0.05837923096199338,0.05837923096199338,0.0009359033107075417
Pigm,-0.010986179819078375,0.010986179819078375,0.5337979917532129
Tspan3,0.013596963422263325,0.013596963422263325,0.4412424525024007
Gnl2,0.0746324628568272,0.0746324628568272,2.3090442120060222e-05
Prkrir,0.006167046227808826,0.006167046227808826,0.7268845753351602
Gtpbp4,0.07704359885287407,0.07704359885287407,1.2433508915523734e-05
Nek9,-0.008284394639769963,0.008284394639769963,0.6389316561423258
Cd86,0.055338269518669304,0.055338269518669304,0.0017099201256767502
Rfesd,0.029299359934772447,0.029299359934772447,0.09697088486701502
Slc12a7,0.02464272142463567,0.02464272142463567,0.16276044151937039
1110018J18Rik,0.002403825092537645,0.002403825092537645,0.8917103386790831
Gins4,0.020938925864834968,0.020938925864834968,0.2356215896824369
Mcm4,0.04830322328252369,0.04830322328252369,0.0061956899509709035
Mpi,0.07895233257134346,0.07895233257134346,7.519008727965941e-06
Phc2,0.004597520825404664,0.004597520825404664,0.7945698767446906
Scamp2,0.05216837889219592,0.05216837889219592,0.0031109300065061186
Vcpip1,0.06210653305795047,0.06210653305795047,0.0004302635143944109
Lman2,0.06106569107755073,0.06106569107755073,0.0005368276257877557
BC002163,-0.002719028678742053,0.002719028678742053,0.8776161086524026
Rfc4,0.06510353684852149,0.06510353684852149,0.00022333767084894982
Lpp,-0.005618975725549499,0.005618975725549499,0.7503089215622307
4833439L19Rik,-0.0014001167747258736,0.0014001167747258736,0.9367976922537695
8430410A17Rik,-0.012058006789068557,0.012058006789068557,0.4946526106337052
Hspbap1,0.04277382819277629,0.04277382819277629,0.015367683366746434
0610037L13Rik,0.02670868123181572,0.02670868123181572,0.13030237724655602
Rft1,0.05597040582231918,0.05597040582231918,0.0015120579872694346
C330006K01Rik,0.03854297059037791,0.03854297059037791,0.028985430584466794
Havcr2,0.004541905061625726,0.004541905061625726,0.797000307679018
Rsad2,-0.012141946475981852,0.012141946475981852,0.49165305713124596
Fnip1,-0.02126461852261012,0.02126461852261012,0.22841434544608163
Polg,-0.039908101964413994,0.039908101964413994,0.023753813778248384
Ccdc25,0.0391029056898148,0.0391029056898148,0.026730404369417753
Hltf,0.0413874173679361,0.0413874173679361,0.01902847661060879
Zdhhc3,0.028595203176217058,0.028595203176217058,0.10527208952215099
Ggct,0.053832508144723464,0.053832508144723464,0.0022807646138987914
N4bp2l1,-0.004166334760654049,0.004166334760654049,0.8134632898967814
Snx10,0.12307007193698824,0.12307007193698824,2.621358229810301e-12
Mrpl47,0.06682422940025695,0.06682422940025695,0.00015136946687493215
Larp1b,0.0024564149931693624,0.0024564149931693624,0.8893562959968492
Pdia4,0.093522825064902,0.093522825064902,1.1066251388117557e-07
Zfp668,0.024543826683277467,0.024543826683277467,0.16445479256105178
Mapk1ip1,0.02466960308720344,0.02466960308720344,0.16230216424383548
Idh2,0.04032920298739165,0.04032920298739165,0.022314838253869547
Dnajb12,0.060866968113052984,0.060866968113052984,0.0005597822959717563
Plrg1,0.042826251799889255,0.042826251799889255,0.015242340470355435
Rnf145,0.02017617137493546,0.02017617137493546,0.25312593549723705
Whamm,0.03595227370715408,0.03595227370715408,0.04166927581318182
Polr2m,0.04756544093396001,0.04756544093396001,0.007030742365860261
Pold2,-0.015365129402160197,0.015365129402160197,0.38416252532763545
Cpped1,0.008685421585147578,0.008685421585147578,0.6227855483960529
Arid5a,0.0816259273514325,0.0816259273514325,3.64614497042597e-06
Srsf4,0.018849590734337306,0.018849590734337306,0.28568403411524
2310021P13Rik,-0.008248551248240697,0.008248551248240697,0.6403832932154322
Tbc1d10a,0.016766996960650524,0.016766996960650524,0.3422839259801863
1810011H11Rik,0.1061824656721774,0.1061824656721774,1.6327379434949243e-09
Fam35a,0.04153924404356028,0.04153924404356028,0.0185934862243095
Ptcd1,0.08448696210215978,0.08448696210215978,1.639177815738345e-06
Gpatch3,0.049420013267421445,0.049420013267421445,0.0051007131294268995
Zfp655,0.010321498125693714,0.010321498125693714,0.5588358733205788
Itpr2,0.013385972022817182,0.013385972022817182,0.44836373387198714
Mettl21a,0.0642825723875765,0.0642825723875765,0.00026801645552227885
Tapbpl,0.09334286032312489,0.09334286032312489,1.1706269424090347e-07
Stxbp3a,0.09306837441071429,0.09306837441071429,1.2751894640417067e-07
Ccr5,0.15395703224959023,0.15395703224959023,1.760379511125489e-18
Clcc1,0.08088014569565716,0.08088014569565716,4.471944658387979e-06
5730419I09Rik,0.01091360005773512,0.01091360005773512,0.5365042074465474
Lima1,0.020605322241661228,0.020605322241661228,0.24316913679216737
Mphosph8,0.060240215921289766,0.060240215921289766,0.0006383035164277062
Pef1,0.07973571770898565,0.07973571770898565,6.096384901226264e-06
Ube2j2,0.012385625466805944,0.012385625466805944,0.4830008494370347
Ptplad1,-0.0023790504387802636,0.0023790504387802636,0.8928196400308761
Elp2,0.009654542283931263,0.009654542283931263,0.584519050593381
4930481A15Rik,-0.0069420815089031645,0.0069420815089031645,0.6941953272059872
Traf2,0.0784794878407083,0.0784794878407083,8.525801809100894e-06
Lman1,0.07155323659365805,0.07155323659365805,4.9578652749280496e-05
Ccl5,0.13729903343316896,0.13729903343316896,5.58742700229047e-15
Surf1,0.10333838775133442,0.10333838775133442,4.403804375342019e-09
B430010I23Rik,-0.033667157160683664,0.033667157160683664,0.056485217498762674
Slc12a2,-0.061597370291442986,0.061597370291442986,0.00047965080379539166
Cdt1,0.03327506296945146,0.03327506296945146,0.05942330934269922
Cdc23,-0.0015289445326332274,0.0015289445326332274,0.9309962136035339
Cwf19l2,0.01618880122640058,0.01618880122640058,0.35919005225393286
Eid2b,-0.029820683110788556,0.029820683110788556,0.09116885953025308
Atg16l1,-0.003575187418418363,0.003575187418418363,0.8395409805407374
AI987944,0.01691349652496658,0.01691349652496658,0.3380824595920988
Gigyf2,0.05539471200532252,0.05539471200532252,0.0016913306157468203
Cops7b,0.0233554936604175,0.0233554936604175,0.1858639652080004
Gpn1,0.016341746498639176,0.016341746498639176,0.3546677907240926
Nubp2,0.07903740027335765,0.07903740027335765,7.350381614847104e-06
G0s2,-0.19995274100132554,0.19995274100132554,2.639032416740022e-30
B230118H07Rik,0.03230369775662676,0.03230369775662676,0.06725130261022565
Eml2,0.033061783506303274,0.033061783506303274,0.06107399961945464
2310061I04Rik,0.060493098179639326,0.060493098179639326,0.0006054639911708333
Galnt7,0.04509223148117316,0.04509223148117316,0.01061606725069829
Ormdl3,0.04219270956903708,0.04219270956903708,0.016819034539471592
Chpf2,0.0071621597261746425,0.0071621597261746425,0.6850125336097455
Ccdc146,-0.020913133247175426,0.020913133247175426,0.23619915132534555
Kank3,0.023094218572987706,0.023094218572987706,0.19083573383308025
Kptn,0.03847665190463265,0.03847665190463265,0.02926305903267311
Pds5a,0.03572936636846487,0.03572936636846487,0.04295249695291061
Dnajc18,0.031077559308255225,0.031077559308255225,0.07832367412581993
Hnrnpul2,0.03350452796810394,0.03350452796810394,0.05768884529717156
Arhgap27,0.010529544899772291,0.010529544899772291,0.5509379951149864
Wdr81,-0.021563607461281643,0.021563607461281643,0.221937445102071
Papss2,0.01166601442155775,0.01166601442155775,0.5087888031541022
Clasp1,0.020768380180213753,0.020768380180213753,0.23945910714616386
Slc12a4,0.027391412678109777,0.027391412678109777,0.12075840411426014
Mis12,0.04940751366821363,0.04940751366821363,0.005111932764781032
Dyrk1a,-0.022616166087840655,0.022616166087840655,0.20018461329850123
H2afx,-0.005400753505633653,0.005400753505633653,0.7597014966557971
Zswim4,-0.00044791709760846026,0.00044791709760846026,0.9797616789390834
Gcdh,0.06408572135507279,0.06408572135507279,0.00027990977628370654
Ptdss1,0.04546637761016124,0.04546637761016124,0.009986070728780515
Timm10,0.04572324498896559,0.04572324498896559,0.009573041665747416
Rcl1,0.01659968469248989,0.01659968469248989,0.3471229215462566
Ilf2,0.04028448107751046,0.04028448107751046,0.022463977244700926
Ilvbl,0.08763805428259605,0.08763805428259605,6.594726843652369e-07
Rpl30,-0.07024124873863098,0.07024124873863098,6.80453567270496e-05
Sestd1,0.04584675925932624,0.04584675925932624,0.009379912629858121
Dnmt1,0.04232769073683306,0.04232769073683306,0.016471597816178258
Unc45a,0.04334773153810727,0.04334773153810727,0.014043673172298607
Gabpb2,0.04371326835748336,0.04371326835748336,0.013253796554796207
Gpr183,0.10240375378931389,0.10240375378931389,6.066743458792033e-09
Ero1lb,0.04574768135632953,0.04574768135632953,0.009534553682640627
Upf1,-0.021838658367947815,0.021838658367947815,0.21609619421986684
Pmp22,-0.037002139248360204,0.037002139248360204,0.03605324300177027
Katnb1,0.021206324917374807,0.021206324917374807,0.22969265844536454
Cox10,0.022144121366628827,0.022144121366628827,0.20973968039215746
Crbn,0.05230899992539703,0.05230899992539703,0.003031367246782358
Las1l,0.08218283996331077,0.08218283996331077,3.127003910073873e-06
2810403A07Rik,0.02901471035270259,0.02901471035270259,0.10026129494229487
Arl2,0.05106835984398027,0.05106835984398027,0.0038020520007840306
Nlrx1,-0.003026689290341984,0.003026689290341984,0.8638964224132628
Tagln2,-0.050688970288005446,0.050688970288005446,0.004071013692608532
Rap1gap2,-0.11494886312426668,0.11494886312426668,6.499861466750796e-11
Gm16039,0.04608627365974315,0.04608627365974315,0.009015278272159956
Mfsd11,0.034814067895387504,0.034814067895387504,0.04857702990815245
Dusp23,0.02846650142517313,0.02846650142517313,0.10684856170615267
Mcat,0.06101794364159625,0.06101794364159625,0.0005422615493642874
Pacsin2,0.02299076713979108,0.02299076713979108,0.19283110666819814
Tmem126b,0.05624542399843324,0.05624542399843324,0.0014327451073640805
Zfp106,0.03532834126112181,0.03532834126112181,0.0453451967321717
Aga,0.05867284957611471,0.05867284957611471,0.0008816831600939929
Ppid,0.08530557513096157,0.08530557513096157,1.2978154455278403e-06
Rrs1,0.06152750681744021,0.06152750681744021,0.00048682561859623297
Plekhg1,-0.014416991337932065,0.014416991337932065,0.41418804743131526
Nrf1,0.030795545076251384,0.030795545076251384,0.08106965463057289
Dhx16,0.025267562849378117,0.025267562849378117,0.15235807864086207
Lmna,0.035746072468819626,0.035746072468819626,0.042855180230124856
Pomgnt1,0.018145422598642984,0.018145422598642984,0.3040688986752664
Pdk3,0.03900513257643871,0.03900513257643871,0.027112892830470046
Zfp768,0.026628597646872837,0.026628597646872837,0.13145918413961832
Lass6,0.09722744743074663,0.09722744743074663,3.398933241433159e-08
Ppif,0.0204342061833186,0.0204342061833186,0.2471057385056207
Fbrsl1,-0.016482366660236458,0.016482366660236458,0.35054181002230417
Zfp637,0.018347978578604502,0.018347978578604502,0.2987017405311614
Fut11,0.034166586228092925,0.034166586228092925,0.052918830566065105
Rbmx2,0.019349980363960798,0.019349980363960798,0.27308543469002355
Vhl,0.005373322675523224,0.005373322675523224,0.760884698719173
Asph,0.006069737571179875,0.006069737571179875,0.7310256477209238
Adap2,0.04733329087567399,0.04733329087567399,0.00731365274497519
Secisbp2,0.000951637937145754,0.000951637937145754,0.9570181574433669
Prpf39,0.0401592210271003,0.0401592210271003,0.022886314382724697
4632411B12Rik,-0.008582326639134458,0.008582326639134458,0.6269194765206537
Osgin2,0.05603004720162165,0.05603004720162165,0.001494522292854834
Ugcg,-0.07878569747713007,0.07878569747713007,7.860099412402182e-06
Zswim6,-0.03890180221468418,0.03890180221468418,0.027522244006229036
Slc30a5,0.04307888292770502,0.04307888292770502,0.014650840533094643
Slc39a9,-0.004241177829936129,0.004241177829936129,0.8101757420340135
Ptprcap,0.017437380226036095,0.017437380226036095,0.32333019218131576
Nup188,-0.003395012786211642,0.003395012786211642,0.847525697081229
Nufip1,0.03721316441017662,0.03721316441017662,0.03500589829345184
Ulk1,-0.015951618546315376,0.015951618546315376,0.36627431224816004
1500011H22Rik,4.486807737974151e-05,4.486807737974151e-05,0.997972502209195
Os9,0.11414144053133672,0.11414144053133672,8.838962713138175e-11
Dpp4,0.029989853685523087,0.029989853685523087,0.08934720156175953
Pola2,0.03320665864481756,0.03320665864481756,0.05994865054518593
Atg4a,0.025251959790693806,0.025251959790693806,0.1526115294418072
Cdc42se2,-0.044194446406734124,0.044194446406734124,0.012274011681321799
6330409N04Rik,-0.000409905719687356,0.000409905719687356,0.9814788313911539
Cmpk2,0.00725888115603735,0.00725888115603735,0.6809913907271707
C330019G07Rik,0.035950162640277505,0.035950162640277505,0.04168127482089179
Ptpla,0.0022656275803494014,0.0022656275803494014,0.8979008669993791
Zbtb6,0.015456489924172388,0.015456489924172388,0.38134137833986487
Rbm18,0.0010027357374536297,0.0010027357374536297,0.9547126810612838
Pcnx,0.022882374545510273,0.022882374545510273,0.19493817918726572
Arl4a,-0.02069251808292976,0.02069251808292976,0.2411801916862287
Prmt10,0.023664750160012658,0.023664750160012658,0.18010364332396636
Lsmd1,0.052021395270242334,0.052021395270242334,0.003196122779184777
Scly,0.026627507020076074,0.026627507020076074,0.1314749929814431
Kif13a,0.004293515324882663,0.004293515324882663,0.8078787549022796
Fam76a,0.001704616018117844,0.001704616018117844,0.9230911911354273
Abhd15,-0.03865339231565637,0.03865339231565637,0.02852820189310878
Utp18,0.12567457768981277,0.12567457768981277,8.940710506390898e-13
4921531C22Rik,0.023439466431411506,0.023439466431411506,0.1842865614695787
Pdcd7,0.06759885269761873,0.06759885269761873,0.00012667658025041756
Siah1a,0.00964853156941457,0.00964853156941457,0.5847529862139819
Dmxl2,0.009677982797916547,0.009677982797916547,0.5836071671995613
Cars2,0.01358704252440254,0.01358704252440254,0.44157584016535373
Nsun5,0.02884295700874722,0.02884295700874722,0.10228932885368874
Pank4,-0.006129668628538528,0.006129668628538528,0.7284742829397909
Appl2,0.013379964425972647,0.013379964425972647,0.44856745007057586
Aaas,0.04551668312522879,0.04551668312522879,0.009903954465257431
Map3k4,0.05571141349939568,0.05571141349939568,0.0015904260270344108
A730098P11Rik,0.04422377210243871,0.04422377210243871,0.012216427066102445
Vps37a,0.028904885702908976,0.028904885702908976,0.10155435653110224
Lyrm5,0.040677003202867136,0.040677003202867136,0.021184076986022114
2900097C17Rik,-0.014630548005423329,0.014630548005423329,0.407306766182666
Arpc1b,-0.24863939216082054,0.24863939216082054,1.981792428785011e-46
Aph1b,-0.004480061377830881,0.004480061377830881,0.7997052123967888
AU019823,0.03403097309133353,0.03403097309133353,0.0538681161934804
Arl13b,-0.0012124076117400093,0.0012124076117400093,0.9452566905886629
Osbpl11,0.010282369326567226,0.010282369326567226,0.5603274002419067
8430406I07Rik,0.03209730309807868,0.03209730309807868,0.06901941379763701
5031414D18Rik,0.0031466958929243062,0.0031466958929243062,0.8585557642829157
Mavs,0.038030901442558294,0.038030901442558294,0.03118909519911733
Gdap2,-0.0031253020565983934,0.0031253020565983934,0.8595073885091653
Xpo7,0.012278906636288816,0.012278906636288816,0.48677986413610913
2610002J02Rik,-0.0007753658936008194,0.0007753658936008194,0.9649739957021379
Gm9766,0.086274747270737,0.086274747270737,9.816483524124014e-07
Cbll1,0.00841279096776366,0.00841279096776366,0.6337430473223779
Fem1b,0.018581840417902434,0.018581840417902434,0.2925841553179633
Msi2,-0.017340554080884536,0.017340554080884536,0.32602468939668006
Kidins220,-0.0035705889515342593,0.0035705889515342593,0.8397445672259398
Zyg11b,-0.01162709317510327,0.01162709317510327,0.5102038574074009
D19Bwg1357e,0.06725114042204053,0.06725114042204053,0.0001372502491424687
Cdadc1,0.02974720251755224,0.02974720251755224,0.09196935376564168
Gtf2e1,0.04354329902189287,0.04354329902189287,0.01361605893187118
Lars2,0.07858571708253068,0.07858571708253068,8.288979561642157e-06
Zdhhc18,-0.07275722689656292,0.07275722689656292,3.690315231374452e-05
Naa35,0.05388643507194897,0.05388643507194897,0.002257622433340638
Dtnbp1,0.028437535653983454,0.028437535653983454,0.10720592945557825
Vps33b,0.006456667444305996,0.006456667444305996,0.7146069685400873
Taf8,0.008483875181967585,0.008483875181967585,0.6308781727936768
Rrad,0.1151917593258649,0.1151917593258649,5.923290969012662e-11
Rrp9,0.019364946550641818,0.019364946550641818,0.272714565016445
Nipal3,-0.004211069583590311,0.004211069583590311,0.8114978744200789
Ankrd33b,-0.040149773381434106,0.040149773381434106,0.02291844665445628
Cct8,0.14432117501524389,0.14432117501524389,2.092675214737743e-16
Wdr11,0.00302114323646962,0.00302114323646962,0.8641433909255902
Zfp959,0.0633234864009106,0.0633234864009106,0.0003307848315478504
1110020G09Rik,0.01888374056729912,0.01888374056729912,0.2848119387571224
AW549877,0.011502497516320154,0.011502497516320154,0.5147475623421649
Vkorc1,0.023759431862342785,0.023759431862342785,0.1783668557910266
Rpl3l,-0.013049337582072598,0.013049337582072598,0.4598596175629865
Fkrp,0.04519237833651499,0.04519237833651499,0.010444065171977312
Cnbp,0.034103900929557264,0.034103900929557264,0.053355873795316894
Akt2,-0.013685717127990611,0.013685717127990611,0.438266340354171
Fam129a,0.0681230347239086,0.0681230347239086,0.0001121766558070452
Bcor,-0.04475762981573852,0.04475762981573852,0.011209148930255495
Ddx10,0.09798911037599514,0.09798911037599514,2.651988371136441e-08
Ppp2ca,0.04963477247249742,0.04963477247249742,0.0049113886353787505
Lsg1,0.08271534808297495,0.08271534808297495,2.6974194021364884e-06
C330006A16Rik,-0.01580299086894187,0.01580299086894187,0.3707576662518139
Slc25a39,0.025948209149545935,0.025948209149545935,0.14161078740259253
Man1b1,0.007736283987641409,0.007736283987641409,0.6612779743180355
Kpna2,0.08867653589693643,0.08867653589693643,4.851537927437937e-07
Tubb4b,0.09162921854199448,0.09162921854199448,1.9891939415467434e-07
Tesk1,-0.022592687892598072,0.022592687892598072,0.20065221925983057
Bpnt1,0.014631850761343533,0.014631850761343533,0.40726499862037313
Cep78,0.02990852363851199,0.02990852363851199,0.09021928671641631
Fbxo45,0.001691364375030553,0.001691364375030553,0.923687245572614
Ino80b,0.03416265055550846,0.03416265055550846,0.05294618191029517
BC018507,0.0605191179405475,0.0605191179405475,0.0006021757420256808
Slc39a3,0.016351315089727956,0.016351315089727956,0.3543860675892235
Zfp738,0.00894565399443652,0.00894565399443652,0.6124036336081803
Ppp2r1b,0.011314460252068066,0.011314460252068066,0.521644412875016
Tmem66,0.13427233100335034,0.13427233100335034,2.187434019279266e-14
Rpp14,0.04388267726294509,0.04388267726294509,0.012901229926453211
Agpat4,0.09378270087697578,0.09378270087697578,1.0201420918806273e-07
Cdc16,0.04856115662607857,0.04856115662607857,0.005925519137628272
Lactb,0.10957018699582131,0.10957018699582131,4.839178095253575e-10
1200011M11Rik,0.029138250921337153,0.029138250921337153,0.09882246001551365
Dhx40,0.024782064605695295,0.024782064605695295,0.16039547401021803
Hira,0.01990035732212142,0.01990035732212142,0.2596730318185342
Eif2d,0.005510801102000017,0.005510801102000017,0.7549603756379719
Pdrg1,0.04081760050039613,0.04081760050039613,0.020741328333104898
Zw10,0.002189878036468197,0.002189878036468197,0.9012967135118658
Zdhhc13,0.043234841953376,0.043234841953376,0.01429586576544909
E030030I06Rik,-0.002534265022952921,0.002534265022952921,0.885873348406331
Noc4l,0.05750178754839718,0.05750178754839718,0.0011168796080726587
Unc50,0.02134636305629156,0.02134636305629156,0.2266303223123137
Ngfrap1,0.0077722595390789,0.0077722595390789,0.6598016918068733
Dgkg,0.035953384995492624,0.035953384995492624,0.04166296058072584
Sgcb,-0.013817481955469522,0.013817481955469522,0.4338693145326687
Sipa1l1,0.08246391731018556,0.08246391731018556,2.8926796255260193e-06
Ccr2,0.04972039341393796,0.04972039341393796,0.004837696486974266
Gss,0.03539610222485927,0.03539610222485927,0.044933191628667435
Cul3,-0.028155722557027835,0.028155722557027835,0.11073241811041855
Fam126a,-0.04643697416366063,0.04643697416366063,0.008504189022909978
Kdm2b,0.004037171594222633,0.004037171594222633,0.8191445983560485
Cyhr1,0.01988638333655105,0.01988638333655105,0.2600078283386644
Abtb2,0.025916930627490738,0.025916930627490738,0.14209155634735093
Mgst1,-0.07276364523439444,0.07276364523439444,3.684466608389887e-05
Micu1,0.03633824376282983,0.03633824376282983,0.039524051688156835
BC056474,0.019098901517455115,0.019098901517455115,0.27935872288002545
A630001G21Rik,0.030899073381147873,0.030899073381147873,0.0800526581252548
Maff,0.014822717568475426,0.014822717568475426,0.40117325559728945
Mrpl44,0.04651414656227375,0.04651414656227375,0.008395260737820888
Oraov1,0.001027127283108869,0.001027127283108869,0.9536122937736162
Ier3,0.0855378798428019,0.0855378798428019,1.2141327654163805e-06
Smg5,-0.01918624234354699,0.01918624234354699,0.2771654667710539
Ptdss2,0.034741993224620155,0.034741993224620155,0.049045052521364076
Sgsh,0.0019855566597243163,0.0019855566597243163,0.9104652599538985
Rptor,0.003742402761046936,0.003742402761046936,0.8321452960592663
Tbc1d20,0.035974666587407174,0.035974666587407174,0.04154217767213629
Gcat,0.0440075014322022,0.0440075014322022,0.012646783770981353
C2cd2l,0.007878826506412197,0.007878826506412197,0.6554364221214826
AI413582,-0.00010562423367220484,0.00010562423367220484,0.9952270775420988
Btbd2,0.040083136743605516,0.040083136743605516,0.023146198175332477
Otud3,0.021256531451977576,0.021256531451977576,0.2285913826056879
Wdr91,0.02672750775783587,0.02672750775783587,0.13003157783242061
Dmxl1,0.006573901068986249,0.006573901068986249,0.7096579118288807
2610005L07Rik,0.05693955406403746,0.05693955406403746,0.0012493012106937224
Ero1l,0.03601031025238683,0.03601031025238683,0.04134054717849262
Fubp3,-0.0048432718477109974,0.0048432718477109974,0.783854608329559
Ufd1l,0.042988058678644116,0.042988058678644116,0.014861122398631247
Cutc,0.02180306189807643,0.02180306189807643,0.21684586086990595
Uck1,0.042925400822101334,0.042925400822101334,0.015007736869764136
Rpl34,0.023617223370538933,0.023617223370538933,0.18098016797699823
Lars,0.08709663490393316,0.08709663490393316,7.728808531688454e-07
Araf,0.03796710878638412,0.03796710878638412,0.031473440340752216
Mapk7,-0.0017751782351942197,0.0017751782351942197,0.9199180613332928
Pgm2,0.048560186275674024,0.048560186275674024,0.005926515318580441
Rabep2,0.06660058742346049,0.06660058742346049,0.00015930079798490764
Cnot3,0.016456633905584682,0.016456633905584682,0.35129455993705067
Rbm19,0.015784643218766905,0.015784643218766905,0.3713134748785516
Ykt6,0.022097518589086436,0.022097518589086436,0.21070061221084954
Hjurp,0.05481538146189988,0.05481538146189988,0.0018912827965881637
A730011L01Rik,0.012902337402566369,0.012902337402566369,0.4649308597043917
Rabgap1,0.04154064546868142,0.04154064546868142,0.018589511924169504
Tjp2,0.019844461095037763,0.019844461095037763,0.26101401613861897
Pfkfb2,-0.014282388052117994,0.014282388052117994,0.41856037043486555
Cacna1f,0.02811334200548171,0.02811334200548171,0.11127058137674209
Urgcp,0.010947248659329398,0.010947248659329398,0.5352487251730714
Cdh5,-0.040661108353517605,0.040661108353517605,0.021234644793996782
Rab3ip,0.04760070832227556,0.04760070832227556,0.006988634013773798
Abhd8,0.018968994131973293,0.018968994131973293,0.2826426535897931
Wdr20a,-0.0029335287481709067,0.0029335287481709067,0.8680466520842096
Def8,0.013621777730067196,0.013621777730067196,0.44040920935664274
Ubfd1,0.010339300053765063,0.010339300053765063,0.5581579309865348
Coro1c,-0.02839433921116546,0.02839433921116546,0.10774062670143453
Gripap1,0.05513275904817887,0.05513275904817887,0.0017792039178332912
Fbxo30,-0.021031886853563674,0.021031886853563674,0.2335482492793584
Gtf2a1,-0.02008272490981224,0.02008272490981224,0.2553311113863929
Slc35e2,0.03068246491651198,0.03068246491651198,0.0821924353084428
Dido1,0.023057244773079275,0.023057244773079275,0.19154713325315764
Ccdc45,0.02189579964913658,0.02189579964913658,0.21489669398833802
Atg2b,-0.005315946734295592,0.005315946734295592,0.763361359156098
Pvr,0.038808154954053244,0.038808154954053244,0.027897826879046912
As3mt,0.024840985787717876,0.024840985787717876,0.15940329480300994
Phb2,0.060479989358527164,0.060479989358527164,0.0006071269393880195
Rps6ka4,0.040052098035026774,0.040052098035026774,0.023252951551699135
Stx5a,0.04104984132421383,0.04104984132421383,0.020027638839114785
Naca,-0.09964884436150856,0.09964884436150856,1.534344771787595e-08
Agfg2,0.02420354706328054,0.02420354706328054,0.17038625512938588
Ncdn,0.006562195248183534,0.006562195248183534,0.7101515311862363
Ccdc6,0.018767246954664557,0.018767246954664557,0.28779428696679643
Sfxn5,-0.10351308621989762,0.10351308621989762,4.146548888162877e-09
Lrrcc1,0.031802692535480216,0.031802692535480216,0.07160920103961117
Fen1,0.08518089461497635,0.08518089461497635,1.3449878641293212e-06
Stmn2,-0.05752495353214321,0.05752495353214321,0.0011117123350702402
Nup88,0.04463325267256299,0.04463325267256299,0.011436995850467636
P2rx7,0.03080855040671976,0.03080855040671976,0.08094132560294247
C030044B11Rik,-0.027405796219234436,0.027405796219234436,0.12056338077650287
5730455P16Rik,0.02694950312340868,0.02694950312340868,0.12687124771192906
Stub1,0.025992747249216887,0.025992747249216887,0.14092836818490784
Sun1,0.017141004507190076,0.017141004507190076,0.3316236761779328
Muted,0.04129856117547811,0.04129856117547811,0.019287157645903205
Synrg,0.024517857623864842,0.024517857623864842,0.1649019107233524
Rxra,-0.058654258081242604,0.058654258081242604,0.0008850280651495843
Tmem106b,0.02062637240464853,0.02062637240464853,0.2426879287925314
Bcl6,-0.0074130248150452525,0.0074130248150452525,0.6746016760607894
Cd99l2,0.0014065864242752226,0.0014065864242752226,0.9365062630250393
Mtif3,0.024831094053681793,0.024831094053681793,0.15956953769199106
Mecr,0.09164210296277682,0.09164210296277682,1.9813494093728734e-07
Ripk1,0.12427646204053908,0.12427646204053908,1.5971775066452742e-12
Nsdhl,0.02201214855783686,0.02201214855783686,0.21246915963707333
Spg11,0.009193929173253125,0.009193929173253125,0.6025706876170351
Pde2a,-0.03452708025046612,0.03452708025046612,0.05046311714493022
Riok1,0.07896608507844309,0.07896608507844309,7.4914992492238915e-06
Efcab4a,-0.026241471372439706,0.026241471372439706,0.13716375071780504
Mterfd2,0.06847508815786026,0.06847508815786026,0.0001033326486827891
Rad51l3,0.04868375544680145,0.04868375544680145,0.005800863569415516
Taz,0.0330107953227769,0.0330107953227769,0.061474199099953365
3110056K07Rik,0.02474664195760267,0.02474664195760267,0.1609942007237327
Ikbkg,-0.007678697513461459,0.007678697513461459,0.6636438177143323
Nudt2,0.0450976172399463,0.0450976172399463,0.010606753542858267
Adap1,-0.0577751639813071,0.0577751639813071,0.001057292675392734
Tsr2,0.016905372046521986,0.016905372046521986,0.3383145911012294
Gtpbp1,0.024325247356303106,0.024325247356303106,0.16824674196753953
Ormdl1,0.07778346223795903,0.07778346223795903,1.0245049594424009e-05
Tgm3,-0.055918867014846795,0.055918867014846795,0.0015273637543668079
Slc25a38,0.05954333146847607,0.05954333146847607,0.0007375691816752157
Plxnc1,-0.026122768078798677,0.026122768078798677,0.13895062427961813
Smg7,0.027567509835862196,0.027567509835862196,0.11838766253101717
2610301G19Rik,0.02942199118325818,0.02942199118325818,0.09558019295210936
Nup155,-0.009316826272639342,0.009316826272639342,0.5977297870112418
Mettl2,0.03754474828557793,0.03754474828557793,0.03341268472763022
Prpf38a,0.08402489397637179,0.08402489397637179,1.8683671521012118e-06
Zkscan14,0.027962214241882038,0.027962214241882038,0.11320646918428952
Ltn1,0.02358669083278293,0.02358669083278293,0.18154493960934817
Emp1,0.008110408682326833,0.008110408682326833,0.6459908248596394
Bud13,0.03216460314483771,0.03216460314483771,0.06843873054212483
Lamc1,0.03379947916300008,0.03379947916300008,0.055521377308405076
Ccdc82,0.032521833955232775,0.032521833955232775,0.06542328010781523
Ccdc53,0.07998372412920758,0.07998372412920758,5.702439598736888e-06
Gm10872,-0.09895238457596618,0.09895238457596618,1.9324757294493214e-08
Ap1s2,0.0009092638285328319,0.0009092638285328319,0.9589303039439274
Fam203a,0.04803284432157569,0.04803284432157569,0.006490751200424884
Ccdc102a,-0.013553812872480265,0.013553812872480265,0.4426935584958061
Hmga2-ps1,0.009358000012689067,0.009358000012689067,0.5961119175673426
Ppp4r1,-0.01797658604656652,0.01797658604656652,0.3085912157474954
Rdm1,0.11610169410706553,0.11610169410706553,4.1753458338696246e-11
Rhoc,-0.030175901565174894,0.030175901565174894,0.0873777585092
Fasn,-0.016097431781994923,0.016097431781994923,0.36190885407538564
Casp4,0.09104610560701833,0.09104610560701833,2.37738949417168e-07
Med17,0.0671066493262033,0.0671066493262033,0.00014188401132359703
Usp22,-0.006307304473086126,0.006307304473086126,0.720929771479256
Naf1,0.002681265311187185,0.002681265311187185,0.8793027329461173
Aacs,-0.0034881520204208503,0.0034881520204208503,0.8433960807923024
Larp1,0.03868765122844592,0.03868765122844592,0.028387612381430023
Rab22a,0.02038608498472492,0.02038608498472492,0.24822078099253012
Tmem37,0.05574440805844837,0.05574440805844837,0.0015802386133256586
AF251705,0.053732660267826714,0.053732660267826714,0.002324187565197534
Rfxank,0.026452408688345717,0.026452408688345717,0.13403223122009722
Snhg7,0.04350849362628125,0.04350849362628125,0.013691310425847543
Zfp623,0.019749043534764726,0.019749043534764726,0.2633141854868357
Lyrm4,-0.01850389257832933,0.01850389257832933,0.294613778103805
1700020L24Rik,0.03143729515623137,0.03143729515623137,0.07493125132130866
Ddx19b,0.006611939784502108,0.006611939784502108,0.7080547100315556
Psmg2,0.04923735237934166,0.04923735237934166,0.005266902896784107
Flt1,-0.050553236641982,0.050553236641982,0.004171356388241353
2810006K23Rik,0.07143484796230513,0.07143484796230513,5.102675070352632e-05
Erbb2ip,-0.0018070626451194146,0.0018070626451194146,0.9184846583167243
Plcg2,0.011837495646903456,0.011837495646903456,0.5025788526443936
Tinagl1,0.005975886133307634,0.005975886133307634,0.7350270315919957
Dpp8,-0.02302252154155952,0.02302252154155952,0.1922170040729624
Tmem206,0.05586049738997001,0.05586049738997001,0.001544870280351189
Fam160b1,0.013056935103191327,0.013056935103191327,0.4595983605073056
Ier3ip1,-0.03916964987976215,0.03916964987976215,0.026471984035239378
Mfsd7a,0.023084493448641462,0.023084493448641462,0.1910226627225224
Dnajc21,0.029120542558970695,0.029120542558970695,0.0990276859479237
H2-T10,0.01126886476767213,0.01126886476767213,0.5233238980118937
Klk8,-0.012907610879577567,0.012907610879577567,0.4647483982576285
Tnpo1,0.016897824877763864,0.016897824877763864,0.3385303194207483
Ctdp1,0.04860126079424401,0.04860126079424401,0.005884479114314166
Fahd1,0.031057346844193107,0.031057346844193107,0.07851793275896268
Naip6,-0.033352608749441216,0.033352608749441216,0.05883238575419389
Gstk1,0.007272160980263831,0.007272160980263831,0.6804399926458246
Pigx,0.1071219660647121,0.1071219660647121,1.169688644783967e-09
Rab19,0.04515987717240631,0.04515987717240631,0.01049961226913152
Cdc42,-0.08291434489962488,0.08291434489962488,2.551906751604856e-06
Alg8,0.034344929317950204,0.034344929317950204,0.05169174507204803
Dirc2,0.0063017431700341225,0.0063017431700341225,0.7211655632057331
Il18bp,0.08610162652766742,0.08610162652766742,1.0320735283921243e-06
Zfp318,0.03428685874538885,0.03428685874538885,0.05208865862587826
Adck2,0.03183170272935968,0.03183170272935968,0.07135070347281143
Dnajc25,0.028141779957020392,0.028141779957020392,0.11090923896626724
Ccdc163,0.04386161720973573,0.04386161720973573,0.01294460299081043
Gm10565,0.004277673927814943,0.004277673927814943,0.8085738281746874
Acss2,-0.007054904399286814,0.007054904399286814,0.6894820680628725
Anapc7,0.078081193559318,0.078081193559318,9.47259087909298e-06
Anks3,0.020458069216896208,0.020458069216896208,0.24655409762384392
Vrk2,0.051888055354150725,0.051888055354150725,0.003275240291118871
Fdxacb1,0.03343574475933256,0.03343574475933256,0.058204287975742904
Cpsf6,0.07000060148817515,0.07000060148817515,7.207217731532034e-05
Bcr,-0.08617068575032241,0.08617068575032241,1.0116667313614145e-06
Vegfa,0.03436354826014989,0.03436354826014989,0.05156502102031341
Mybbp1a,0.013566136215493128,0.013566136215493128,0.44227885985591964
Scoc,0.01477255883006364,0.01477255883006364,0.4027688112815904
Fgd2,0.03298713390703638,0.03298713390703638,0.061660650298525875
Pip4k2c,0.012721763196379153,0.012721763196379153,0.47120266857158144
Camsap2,0.01804644206246192,0.01804644206246192,0.30671474618526784
Nfya,0.03220095233278899,0.03220095233278899,0.06812677303136058
Dhodh,0.04156994026985657,0.04156994026985657,0.01850660474474825
Zxdc,0.011614377531277979,0.011614377531277979,0.5106666037721959
Snapc1,0.053727681582793695,0.053727681582793695,0.00232637243082739
Map2k7,0.018891395469465305,0.018891395469465305,0.28461670026579544
Wdfy1,-0.12816962961924244,0.12816962961924244,3.1240102779341765e-13
Plk1s1,0.022208889675823785,0.022208889675823785,0.20840945482359924
Mus81,0.01329363701814289,0.01329363701814289,0.4515005863496001
Yars,0.05616630316753562,0.05616630316753562,0.001455160870636919
Psip1,0.028854470978762765,0.028854470978762765,0.10215236133156304
Abcg1,-0.027576301440304762,0.027576301440304762,0.11827026693358608
Ankrd16,0.00946595088082826,0.00946595088082826,0.5918796263304511
Mcm7,0.037468893549467835,0.037468893549467835,0.03377157925183994
Batf2,0.06033472954364806,0.06033472954364806,0.0006258407616878393
Arhgap21,-0.005245580286423416,0.005245580286423416,0.766402066761543
2010011I20Rik,-0.027810668139725533,0.027810668139725533,0.11517425254666329
Baz2a,0.0279298464920144,0.0279298464920144,0.11362451620994514
Cpne8,0.027538829372522076,0.027538829372522076,0.11877127213235
Il18,0.09757265498105126,0.09757265498105126,3.038071551797477e-08
Slc25a33,-0.02373188966637381,0.02373188966637381,0.17887078448291577
Helz,0.022832480495664546,0.022832480495664546,0.19591373634032336
Hnrpll,0.047787786664721575,0.047787786664721575,0.006769030132518268
Tmcc2,-0.016627807533899346,0.016627807533899346,0.34630652624293656
Aldh1a1,-0.024036265831968336,0.024036265831968336,0.17336025578148626
Yeats4,0.02002440500522051,0.02002440500522051,0.2567141067043731
Plxdc1,-0.01183786603762882,0.01183786603762882,0.5025654829550804
Tubgcp3,0.046559578966502486,0.046559578966502486,0.008331718144082926
1110018G07Rik,-0.01939084562803043,0.01939084562803043,0.2720735868179177
Apc,0.027432333983112234,0.027432333983112234,0.12020420775147515
Stam2,0.006000731984804967,0.006000731984804967,0.7339670163537768
Cnot2,0.04808163264927006,0.04808163264927006,0.006436592525797287
Nat8l,-0.05125755124263384,0.05125755124263384,0.003674051318857816
Orai2,0.02535688455084465,0.02535688455084465,0.15091332709743846
Slc17a5,0.03926948544710732,0.03926948544710732,0.026089468230493202
Mllt4,0.004972169298923397,0.004972169298923397,0.7782505998882515
E2f6,0.043485398932090566,0.043485398932090566,0.01374144505144934
Gm10336,0.0026877245948043896,0.0026877245948043896,0.8790142031008179
Ipo5,0.0009802223209878812,0.0009802223209878812,0.9557284160478483
Papss1,0.04821767212758967,0.04821767212758967,0.006287718420728723
D2Ertd750e,0.1064750015998461,0.1064750015998461,1.472137732005354e-09
Adsl,0.07500895388579154,0.07500895388579154,2.0988162096683122e-05
Ttc39c,0.04357476557414785,0.04357476557414785,0.013548340807423084
Gemin6,0.0304929864665758,0.0304929864665758,0.08410200631567391
Cdc37l1,0.017051465193692016,0.017051465193692016,0.3341560555375672
Bub1b,0.08273649271052604,0.08273649271052604,2.6815877825871855e-06
Rbm43,0.07835501927635913,0.07835501927635913,8.811511064665265e-06
Gstm4,0.02294064697257448,0.02294064697257448,0.19380331748590987
Sulf2,-0.06629429879717923,0.06629429879717923,0.00017079898325205934
Ift27,0.02223289098051448,0.02223289098051448,0.20791806639549992
Arl5a,-0.037348537878736376,0.037348537878736376,0.03434778321761264
Cd200r1,0.05915687376387796,0.05915687376387796,0.0007986153536789048
Gm11974,0.0009877190142573917,0.0009877190142573917,0.9553901806158038
Rangrf,0.010679855942728788,0.010679855942728788,0.5452662391222908
Foxred2,0.019418066835249277,0.019418066835249277,0.2714009990367284
Parp4,0.009250029143116673,0.009250029143116673,0.6003587273504883
Git2,-0.0435109871146623,0.0435109871146623,0.013685907160159851
Fdft1,0.02150101498780345,0.02150101498780345,0.2232823647454085
Brp44,-0.07092025211408033,0.07092025211408033,5.779964297233204e-05
Pinx1,0.08096388667769053,0.08096388667769053,4.370979706773191e-06
Map4k3,0.04994933033270324,0.04994933033270324,0.0046455411913645436
Fbxl20,0.012263003147380307,0.012263003147380307,0.48734438574344047
Polrmt,0.023202562827976607,0.023202562827976607,0.1887623184273376
Mettl1,0.02509326914563472,0.02509326914563472,0.1552074918092374
1200014J11Rik,0.055465928471197,0.055465928471197,0.0016681404086318391
Gga2,0.016800823446687645,0.016800823446687645,0.3413108636376846
Mapk8,0.030098564650226547,0.030098564650226547,0.08819212807996953
Ankrd13c,0.028026388114087926,0.028026388114087926,0.11238121106924638
Gpd1l,0.02588515169546271,0.02588515169546271,0.14258129904394312
Tns1,-0.09552721862271343,0.09552721862271343,5.874861516088687e-08
Dot1l,0.014869256220694101,0.014869256220694101,0.39969625329566094
Edc3,0.03218471646242285,0.03218471646242285,0.0682659684664016
Arhgef37,-0.006805988045530039,0.006805988045530039,0.6998964856508885
Ankle2,0.07012930896186916,0.07012930896186916,6.98912627696899e-05
Comtd1,0.017912791155366925,0.017912791155366925,0.3103114869106911
Nudt13,0.004457370374991333,0.004457370374991333,0.8006982706539011
Polr3e,-0.0017953155343728043,0.0017953155343728043,0.9190127336272875
Rbmx,-0.0076750433714170545,0.0076750433714170545,0.663794055458507
Phkg2,0.0038498654277081485,0.0038498654277081485,0.8274001674361496
Eif2b3,0.011169347400878722,0.011169347400878722,0.5269991755579126
Fam179b,0.04616023510593966,0.04616023510593966,0.00890526526949981
Fiz1,0.004775966931932024,0.004775966931932024,0.7867852690840249
Ints8,0.0640389808606809,0.0640389808606809,0.00028280546371374634
4930579G24Rik,0.027261106025205258,0.027261106025205258,0.122536466454137
E230016K23Rik,-0.059465741239301484,0.059465741239301484,0.000749466626093291
Phrf1,-0.0032246160365169622,0.0032246160365169622,0.855091526383107
Thoc5,0.07966823028017152,0.07966823028017152,6.208011067955511e-06
Tmod3,0.09949102816326444,0.09949102816326444,1.616908498382883e-08
Rev1,0.006785035412825217,0.006785035412825217,0.7007757361531857
Abcd4,0.02285495303848665,0.02285495303848665,0.19547389854209662
Ankzf1,0.05886483826906029,0.05886483826906029,0.0008478198807086205
Dyrk2,0.00988173863786066,0.00988173863786066,0.5757087045486537
1200011I18Rik,0.035568265873864774,0.035568265873864774,0.04390056117010674
Rpa2,0.06525062200713519,0.06525062200713519,0.00021611121341068404
Fbxw11,0.004096111489989807,0.004096111489989807,0.8165509001328668
Trak2,-0.00353847095294211,0.00353847095294211,0.8411668168242122
Cdkal1,0.025905654321562225,0.025905654321562225,0.14226518661858595
Pex7,0.04220299503820465,0.04220299503820465,0.016792335593842724
Crtc3,0.021779643513733373,0.021779643513733373,0.21734007423869217
Polr3c,0.038176476357279894,0.038176476357279894,0.030548459623371202
Eif4g1,0.0567412189793022,0.0567412189793022,0.0012993718874923603
Stambpl1,0.05950283893856914,0.05950283893856914,0.0007437561290143935
Lsr,0.0026117305540421173,0.0026117305540421173,0.8824097889285172
Clock,0.024351940761695657,0.024351940761695657,0.16778017436790504
Setmar,0.011209978279921859,0.011209978279921859,0.5254970468261492
Gm14446,0.11570951824490505,0.11570951824490505,4.8561492792288105e-11
Kifc3,-0.0037470817568758833,0.0037470817568758833,0.8319385613153656
4933433P14Rik,0.02495715931587731,0.02495715931587731,0.15746064381631933
Ubr7,0.03730731468186575,0.03730731468186575,0.03454706063600801
Pik3ap1,0.07444445432197314,0.07444445432197314,2.4213805824876712e-05
Sin3a,0.024205988745906792,0.024205988745906792,0.17034313053319522
Atg16l2,0.0255449899913529,0.0255449899913529,0.147904938299463
Slc31a1,0.10348022999245524,0.10348022999245524,4.193788699428698e-09
Prpf4,0.024157134195423827,0.024157134195423827,0.17120754722534587
Nol7,0.12133642806370169,0.12133642806370169,5.297745255387788e-12
Mbtps2,0.03395767277862377,0.03395767277862377,0.05438710307659356
Zkscan3,0.017386580198535347,0.017386580198535347,0.32474205122124383
Serpinb1a,0.11730805336615327,0.11730805336615327,2.6153625038549428e-11
Clpb,0.07348674349032759,0.07348674349032759,3.079015166906136e-05
Fance,0.04585512212124955,0.04585512212124955,0.00936696277410078
Mri1,0.03358619593520233,0.03358619593520233,0.057081778565855223
Nrbp1,0.03524440871869742,0.03524440871869742,0.04585993790574709
Fnbp4,0.04270974316638812,0.04270974316638812,0.015522139548239744
Bnip3,-0.0075549622076886945,0.0075549622076886945,0.6687386024170728
Ropn1l,0.028035997012045816,0.028035997012045816,0.11225805246360426
Fam105b,0.032292047115980736,0.032292047115980736,0.06735010749857924
Socs1,0.0010032953156024864,0.0010032953156024864,0.9546874355736069
Armc5,0.03661930760674294,0.03661930760674294,0.03802150875645902
Zfp266,0.0029622944793340914,0.0029622944793340914,0.8667647676877791
2410089E03Rik,0.01593600534643876,0.01593600534643876,0.36674368923605627
Ranbp3,0.007939764713612341,0.007939764713612341,0.6529454950943968
Tsc2,0.032153684390242465,0.032153684390242465,0.06853266683425155
Fut4,-0.06821322296383919,0.06821322296383919,0.00010984538240718006
Tars2,0.0359957091060873,0.0359957091060873,0.041423043122126635
Jrkl,0.004039817951943657,0.004039817951943657,0.8190281005774646
Mpv17l,-0.01002663318339561,0.01002663318339561,0.5701228424538818
Wdr3,0.024819403346066606,0.024819403346066606,0.1597661835312579
Flt3l,0.017800527690303512,0.017800527690303512,0.3133540822758406
Tjap1,0.031173484081969873,0.031173484081969873,0.07740708164765861
Gpihbp1,-0.029197918849150795,0.029197918849150795,0.09813345304182126
Ddx39b,0.15158392668350112,0.15158392668350112,5.8796514523748226e-18
Gm16845,0.007027727951816419,0.007027727951816419,0.6906162919439232
Fry,-0.051706837148074336,0.051706837148074336,0.0033856257187532433
Rab44,-0.04041118685601677,0.04041118685601677,0.0220436715280256
Pyroxd1,0.08239083917168469,0.08239083917168469,2.9519284091448813e-06
Zbtb17,0.01746542751358443,0.01746542751358443,0.32255240439354665
Mdga1,0.013299978127014793,0.013299978127014793,0.45128476688768954
Skil,0.01627668188075677,0.01627668188075677,0.35658720159383783
1810024B03Rik,-0.014060965001619385,0.014060965001619385,0.4258116403060893
Tmem218,0.04410761823580456,0.04410761823580456,0.012445921377147775
Cdc42ep3,-0.02663613968825403,0.02663613968825403,0.13134990112965278
Cd320,0.022391815629508656,0.022391815629508656,0.20468551702525217
Foxred1,0.07279603387297877,0.07279603387297877,3.6550868488239964e-05
Solh,0.006558646662889298,0.006558646662889298,0.7103011944730925
H2-Oa,0.0487624692112454,0.0487624692112454,0.005722080104717321
Tm4sf1,-0.03854510204692792,0.03854510204692792,0.028976545431314817
P2ry12,0.029100325417422322,0.029100325417422322,0.09926240216483737
Vps39,-0.02345896785548339,0.02345896785548339,0.1839216544954901
Hn1l,0.008273630931900259,0.008273630931900259,0.6393674353045645
Mfsd3,0.023456644958357333,0.023456644958357333,0.18396509202896308
Zbtb22,-0.04824467127756894,0.04824467127756894,0.00625854313390349
Dak,0.028411266910152316,0.028411266910152316,0.10753084012105925
Kpna3,0.08866256512199883,0.08866256512199883,4.871725856616856e-07
Foxn2,-0.051940439579314816,0.051940439579314816,0.0032439477262827866
Xlr4b,0.05452182503283724,0.05452182503283724,0.0020006829424736557
Paf1,0.019247893678054698,0.019247893678054698,0.2756243897364004
Samd4b,-0.007715798122670284,0.007715798122670284,0.6621192156888734
Dimt1,0.014187947608020458,0.014187947608020458,0.42164422740950624
Rars2,0.06426793393211004,0.06426793393211004,0.00026888431974775523
Mtl5,0.05240019041513164,0.05240019041513164,0.002980768343336739
Ppp1r3b,-0.01619363997220978,0.01619363997220978,0.3590464284801118
Zfp644,-0.012170243255344684,0.012170243255344684,0.49064408611274557
Pdf,0.004909896023144333,0.004909896023144333,0.7809566039034864
AA987161,-0.009022278174063557,0.009022278174063557,0.6093613663745288
Zfp874a,0.029406748856585098,0.029406748856585098,0.09575217399478599
Rrp8,0.019863325011285914,0.019863325011285914,0.2605609252648215
Phf20,0.0284131026499152,0.0284131026499152,0.10750810907148754
1810034E14Rik,0.013989010442528222,0.013989010442528222,0.4281837266892124
Cxcl14,-0.1132927396975364,0.1132927396975364,1.2182199977535206e-10
Zmym4,0.02681439259202035,0.02681439259202035,0.12878748605846824
Pdlim7,-0.0662761870197574,0.0662761870197574,0.00017150277144131098
Itga1,0.04674272507281208,0.04674272507281208,0.008079905684169157
Gng2,-0.015997912126653906,0.015997912126653906,0.36488479917380495
Nkap,0.09540835177229642,0.09540835177229642,6.101857290770614e-08
Nop2,0.059412237052491906,0.059412237052491906,0.000757774299825197
Sh2b1,0.005066506545987738,0.005066506545987738,0.7741564224344449
Nupl1,0.037180467188037455,0.037180467188037455,0.035166458865183124
Csf1,-0.05348587670822169,0.05348587670822169,0.002434777661971978
Arhgap12,0.03590264462955238,0.03590264462955238,0.04195213509402264
Ccdc22,0.08319483803496319,0.08319483803496319,2.3595313107076015e-06
Ptgs1,0.040848853990199274,0.040848853990199274,0.020644011970686802
Prmt5,0.02030317089517266,0.02030317089517266,0.25015027337035745
Gclm,0.028575930253018682,0.028575930253018682,0.10550698277941249
Spata13,-0.007911534385038393,0.007911534385038393,0.6540989672223251
Ear5,0.04795651398957246,0.04795651398957246,0.006576305820649196
Map3k2,0.03338089564490631,0.03338089564490631,0.05861804809158853
Alpk1,0.027046277857083984,0.027046277857083984,0.1255124040174412
Mapk1ip1l,0.004025941528355132,0.004025941528355132,0.8196390119147741
Cdk10,0.013449532002579118,0.013449532002579118,0.4462116493517071
Stk38l,-0.014508680673477312,0.014508680673477312,0.41122522531182615
9330133O14Rik,0.05010670774017437,0.05010670774017437,0.004517483532406615
Ptafr,0.04514871851350282,0.04514871851350282,0.010518743801119479
1700112E06Rik,0.15617801483475394,0.15617801483475394,5.596132589388481e-19
Usp30,0.04668165296286633,0.04668165296286633,0.008163108146731164
Prmt3,0.042907517458109015,0.042907517458109015,0.015049815483127855
Zbtb43,0.012899972347871902,0.012899972347871902,0.4650127031439819
Slc25a16,0.022840325423436267,0.022840325423436267,0.19576011131270699
Nedd1,-0.01150981191498126,0.01150981191498126,0.5144802442665336
Ipo9,0.013518672896079185,0.013518672896079185,0.4438772901527642
Qrsl1,0.012319304642811413,0.012319304642811413,0.4853474570508342
2410002I01Rik,0.0006049266770248742,0.0006049266770248742,0.9726698999240402
Senp3,-0.01525258007316163,0.01525258007316163,0.3876554637648218
Pisd-ps1,-0.019353129322698424,0.019353129322698424,0.273007373275336
Myst2,-0.026232088695400255,0.026232088695400255,0.13730434277171957
Med16,0.014898360535183227,0.014898360535183227,0.3987742302016156
Tsen54,0.03195814117140206,0.03195814117140206,0.07023297577721037
Gpx3,-0.05297799668231841,0.05297799668231841,0.0026776622037346753
Sec24a,0.005429565676279224,0.005429565676279224,0.7584593168733117
Arg2,-0.031902053328522195,0.031902053328522195,0.0707270126671373
2810001G20Rik,0.04950328511901125,0.04950328511901125,0.005026534413098081
Asap2,0.03831018940099064,0.03831018940099064,0.029970011267388814
Sirt1,-0.014329919171899259,0.014329919171899259,0.41701332298592547
Prim2,0.03070517261720318,0.03070517261720318,0.08196596327584127
Sept4,-0.103483794936891,0.103483794936891,4.188637904035266e-09
Scyl3,0.008817053520933952,0.008817053520933952,0.617524576761972
Acbd4,0.035896736711596086,0.035896736711596086,0.04198591501089949
Ugt1a7c,0.026517435628093222,0.026517435628093222,0.1330780879067258
Ylpm1,0.013918156334888333,0.013918156334888333,0.4305270288934011
D1Bwg0212e,0.03928504181520824,0.03928504181520824,0.026030296771398932
Slamf9,0.15013689197180885,0.15013689197180885,1.215158744119415e-17
Mnat1,0.07673513123510271,0.07673513123510271,1.3471887427906967e-05
Nlrp3,0.0014844972007754499,0.0014844972007754499,0.9329974044927944
Shmt2,0.07572833600983533,0.07572833600983533,1.7467202960713297e-05
Nol11,0.05715269692676651,0.05715269692676651,0.0011974817136119525
Srebf1,0.054215366375797186,0.054215366375797186,0.0021210596944767246
Arl8a,-0.03496877260666632,0.03496877260666632,0.047585091826269514
Ctns,0.018747554975554224,0.018747554975554224,0.28830049347317904
Fam3c,0.03335456959216563,0.03335456959216563,0.058817506953125126
Arhgap10,0.008627920213959764,0.008627920213959764,0.625089798627985
Ccl4,0.0066767852861056185,0.0066767852861056185,0.7053246764988478
Scpep1,0.06988222515124477,0.06988222515124477,7.413469799325735e-05
Trappc9,0.03471501111551741,0.03471501111551741,0.04922123342212107
Tk2,0.010623011326007181,0.010623011326007181,0.5474077736325863
Gabpb1,0.02171809522433183,0.02171809522433183,0.21864282696656878
Nr2c2,0.014463880407591119,0.014463880407591119,0.4126713138225933
Cenpt,0.06430916169878839,0.06430916169878839,0.00026644677521666277
Xpc,-0.007000527830319908,0.007000527830319908,0.6917521995239465
Nkiras1,0.04577577845709123,0.04577577845709123,0.009490470449979464
Naprt1,0.05068726770155406,0.05068726770155406,0.004072258668629656
Fam13b,0.05123902862639526,0.05123902862639526,0.003686407889266473
Asxl1,-0.022002141964321684,0.022002141964321684,0.2126771584398833
Gfpt1,0.06824217510609765,0.06824217510609765,0.00010910673847577926
Csrp2bp,-0.013388777549751058,0.013388777549751058,0.44826861710349114
Stard4,0.008312560019151309,0.008312560019151309,0.6377919432003752
Glt8d1,0.0005997299511605915,0.0005997299511605915,0.972904593191409
Glcci1,0.028825850004389097,0.028825850004389097,0.10249309950708634
Pus10,0.029656092964066023,0.029656092964066023,0.0929697241456266
Rasa2,-0.03020566072456197,0.03020566072456197,0.08706601042961319
Mmp14,0.1154774415757571,0.1154774415757571,5.308950581667076e-11
Cd38,0.10466649058763103,0.10466649058763103,2.7798407103485163e-09
Gnpda2,0.01733124660840716,0.01733124660840716,0.3262844660559783
Cdk12,0.04768563365600228,0.04768563365600228,0.0068881628786248246
March6,-0.014279569403517071,0.014279569403517071,0.4186522180094538
5430416N02Rik,0.03593547809489666,0.03593547809489666,0.04176482064466205
Pgcp,0.06579195919710824,0.06579195919710824,0.00019136130701834738
Trim39,0.0014235842575968157,0.0014235842575968157,0.9357406260836346
Zfp597,0.027284027463189708,0.027284027463189708,0.12222222511634649
Mrpl10,0.05893769493346247,0.05893769493346247,0.0008352879350259393
BC005764,0.04521598393083879,0.04521598393083879,0.010403885305683477
1110019D14Rik,0.009268562451876678,0.009268562451876678,0.5996287866009355
Trerf1,0.04045110048296962,0.04045110048296962,0.021912694888755788
Hmg20a,-0.028469093370419384,0.028469093370419384,0.106816629402835
Rnf25,0.03096945617197921,0.03096945617197921,0.07936719741706884
Psma4,0.14992487722560086,0.14992487722560086,1.3507276582875114e-17
Brap,-0.0023187043404144583,0.0023187043404144583,0.8955225490408126
Safb,0.021336688240901427,0.021336688240901427,0.22684094925372314
Nfatc2,-0.00519905591365032,0.00519905591365032,0.7684144795523741
Sap30bp,0.05340243011983858,0.05340243011983858,0.002473247801264116
Capn7,0.007801755264369488,0.007801755264369488,0.658592300305079
D830046C22Rik,0.07537786441818206,0.07537786441818206,1.910577370638322e-05
Mrpl13,0.1022217033521564,0.1022217033521564,6.455244311299081e-09
Med26,-0.021805273277195267,0.021805273277195267,0.21679923449726987
0610011L14Rik,0.032890359547301073,0.032890359547301073,0.06242810594360058
BC017612,-0.02736555271763849,0.02736555271763849,0.12110965430319495
Hrsp12,0.032799014821631445,0.032799014821631445,0.0631597310178193
L3mbtl3,0.04443511054618755,0.04443511054618755,0.01180846616017921
Slc52a2,0.01224818771040545,0.01224818771040545,0.48787060280339456
Epb4.1l2,-0.0010191109318036869,0.0010191109318036869,0.9539739295578592
Ccnd1,-0.061954876352523114,0.061954876352523114,0.00044445373092120896
Git1,-0.03175909445479037,0.03175909445479037,0.07199912717148182
Nkg7,0.09937333520129725,0.09937333520129725,1.6812725488350468e-08
Iars2,0.07279754884397974,0.07279754884397974,3.6537180748982804e-05
Rfwd2,-0.04648211042190994,0.04648211042190994,0.008440327177488249
Zfp658,-0.017446301432137563,0.017446301432137563,0.32308266311679557
Ciz1,0.03779188436070592,0.03779188436070592,0.03226593699550514
Fuz,0.08172226059365224,0.08172226059365224,3.550796520509906e-06
Timm9,0.026054117215966545,0.026054117215966545,0.13999219216509814
Lhpp,-0.0006097452149190135,0.0006097452149190135,0.9724522884026107
Vamp4,0.016318911660626715,0.016318911660626715,0.35534067614074927
Josd1,0.02203685571454316,0.02203685571454316,0.2119562214259626
Smg6,0.06932362248899254,0.06932362248899254,8.464303553079679e-05
Atp10a,0.01718709275952651,0.01718709275952651,0.33032504041728344
Lrrk1,0.02234687344479409,0.02234687344479409,0.2055959198888976
Lrrc28,0.011760735305662611,0.011760735305662611,0.505353658570629
Syngr2,0.05985414699034311,0.05985414699034311,0.0006916461110221811
Arsk,0.048522066440724626,0.048522066440724626,0.005965769468199838
2210018M11Rik,0.02954245887986473,0.02954245887986473,0.09422962395508916
Dgat2,-0.024624304860024364,0.024624304860024364,0.16307496889801013
Cobra1,0.045024015395840354,0.045024015395840354,0.010734665533138333
Il1f9,-0.11127554641678411,0.11127554641678411,2.5868670988813653e-10
Hnmt,0.034134030185522,0.034134030185522,0.053145437326400376
Il27,0.0032888341980076294,0.0032888341980076294,0.8522385564657904
Mrc1,-0.04899301487023035,0.04899301487023035,0.005496849270165781
Ipo7,0.05207283226113589,0.05207283226113589,0.0031660707449630695
Rab11fip2,0.008512376735353289,0.008512376735353289,0.6297310400492385
A430078G23Rik,0.022824475628562223,0.022824475628562223,0.1960705844251895
Caml,0.054550250734299914,0.054550250734299914,0.001989841096550362
Fam193b,-0.03606806048486012,0.03606806048486012,0.04101562209144
Retn,-0.05353589376482804,0.05353589376482804,0.0024119822142043886
Mdm4,0.040520227028228856,0.040520227028228856,0.02168745670307102
Use1,0.010624649889228937,0.010624649889228937,0.5473459850917426
Tshz1,0.007985916100813745,0.007985916100813745,0.6510615663608339
Fbxl6,0.0814930611406303,0.0814930611406303,3.781686476925158e-06
1700123O20Rik,0.0842736883440141,0.0842736883440141,1.7413898749384476e-06
Gm10033,0.012227584866028443,0.012227584866028443,0.48860288698206006
Bicd2,0.02787838357477302,0.02787838357477302,0.11429168875760277
Nat2,0.06506356071770066,0.06506356071770066,0.00022534057623007682
1810029B16Rik,0.07744774931384268,0.07744774931384268,1.118813257354443e-05
Spred1,-0.018977283708193595,0.018977283708193595,0.2824323232749075
Immp1l,0.03972042369470237,0.03972042369470237,0.02442063910744885
Ppp1r16a,-0.004172756847466143,0.004172756847466143,0.8131810643019373
Gpr137,-0.01365789121906881,0.01365789121906881,0.4391981623400589
Clec4b1,0.10449846997629894,0.10449846997629894,2.947371726850528e-09
Wrn,0.07612633239479545,0.07612633239479545,1.5768818134155043e-05
Grap,0.027574516402819858,0.027574516402819858,0.11829409541710209
1500002O20Rik,0.06871210459148071,0.06871210459148071,9.775357108408367e-05
Arl10,-0.0014798312088604047,0.0014798312088604047,0.933207510279096
Serping1,-0.04714856510298725,0.04714856510298725,0.007546018207598788
Ints5,0.04480232610723146,0.04480232610723146,0.011128259188756524
Hk3,0.09065802995877312,0.09065802995877312,2.6752619334972304e-07
Sertad1,0.04939448201891811,0.04939448201891811,0.00512365370278745
Dcun1d2,0.0012112333820504496,0.0012112333820504496,0.9453096269535207
Lnp,0.012690465533789167,0.012690465533789167,0.4722944410472326
Diexf,0.007553648921223909,0.007553648921223909,0.668792759192213
Pak4,-0.023260497711581365,0.023260497711581365,0.18766043835396704
Abhd13,0.03326328616967565,0.03326328616967565,0.05951348141983011
Slc30a1,-0.010887591518564119,0.010887591518564119,0.5374756406318214
Traf6,0.03606089806582574,0.03606089806582574,0.04105580277360424
Zfp433,-0.0022351049304474473,0.0022351049304474473,0.8992689739244578
Trub1,0.04254320641282632,0.04254320641282632,0.01592992433411878
Asb13,0.02458221954600075,0.02458221954600075,0.16379544243849545
Nol10,0.06496029230589709,0.06496029230589709,0.00023059285965546035
B3gnt5,0.031355726641190435,0.031355726641190435,0.07568976094915049
Zfp654,0.00664242284445551,0.00664242284445551,0.7067708857059748
Rint1,0.003853215512717351,0.003853215512717351,0.8272523410882667
Fzd1,0.05839984366994801,0.05839984366994801,0.000931998403232163
Foxj3,0.007665869125809219,0.007665869125809219,0.6641713083037575
Mx2,0.05104912765096275,0.05104912765096275,0.003815288099582877
Fbxl4,0.03500570944017,0.03500570944017,0.0473507932119001
Cd80,-0.007648268902071306,0.007648268902071306,0.6648952826841503
Alg14,0.03590388892825349,0.03590388892825349,0.04194502345389516
Reep4,0.037580367100900694,0.037580367100900694,0.03324528848807985
Slc39a11,0.007920462405034316,0.007920462405034316,0.6537340849160239
Senp7,0.03355794750258529,0.03355794750258529,0.057291155444926044
Rdh10,0.02575567890387343,0.02575567890387343,0.14458999067816733
Cbr3,0.03662776218404106,0.03662776218404106,0.0379770740938165
Wdr48,0.015928862031973388,0.015928862031973388,0.36695856241509656
Abcc1,-0.025229339331173446,0.025229339331173446,0.15297953782129559
Rap2c,0.02360741663097809,0.02360741663097809,0.18116142454965883
Rnaseh2b,0.08305559875667928,0.08305559875667928,2.4532201696382256e-06
Nbn,0.041160806409211215,0.041160806409211215,0.01969426679454232
Psrc1,0.052405539561221924,0.052405539561221924,0.0029778243130189844
A930005H10Rik,-0.023296463907217565,0.023296463907217565,0.1869787787328849
Setd4,-0.010926071393838924,0.010926071393838924,0.5360387096036119
Ttc4,0.07593340413878955,0.07593340413878955,1.6571454296969266e-05
Agl,0.03619694471233163,0.03619694471233163,0.040298262361255714
Pik3r4,-0.019773971191187286,0.019773971191187286,0.26271192574497704
Phtf1,0.01969266561162251,0.01969266561162251,0.26467980381092704
Gm12504,-0.007159455639706927,0.007159455639706927,0.6851250835380702
B330016D10Rik,-0.03602007639506354,0.03602007639506354,0.04128544648837447
Tssc1,0.0924717734549729,0.0924717734549729,1.5345244763191974e-07
BC026590,0.021040642189264623,0.021040642189264623,0.23335364428012717
Rnf168,0.033591143102853493,0.033591143102853493,0.05704517579514377
Iffo2,0.025222803599718555,0.025222803599718555,0.15308599206110793
Kpna1,0.027489137141547645,0.027489137141547645,0.11943822529592112
Bola1,0.046682970424756734,0.046682970424756734,0.008161305225100123
Ddx42,0.011017705218337993,0.011017705218337993,0.5326246837258415
4933421O10Rik,-0.04173822262311397,0.04173822262311397,0.018036586315671194
Nfx1,0.010655515466858905,0.010655515466858905,0.5461827205304606
Gltpd1,0.013580970227465584,0.013580970227465584,0.44177996829938826
1190007I07Rik,0.04162971791310229,0.04162971791310229,0.01833843091764172
Rcc1,0.01537707878109188,0.01537707878109188,0.38379281322794495
Pabpc4,0.025966255688852368,0.025966255688852368,0.14133397053297317
Zxda,-0.03128729885649692,0.03128729885649692,0.07633089465976069
Abcf2,0.07025068714638372,0.07025068714638372,6.789184184974212e-05
AI504432,0.0313271807018098,0.0313271807018098,0.07595668593321635
Dopey2,-0.00421356206184168,0.00421356206184168,0.8113884026785667
Recql,0.05401694316140427,0.05401694316140427,0.002202503434786237
Tmem9,0.014229427534933291,0.014229427534933291,0.42028810528695953
Extl2,0.022584478172802614,0.022584478172802614,0.20081591688779446
Aven,0.005200599627424954,0.005200599627424954,0.7683476810659546
Ankrd39,-0.008662718401212712,0.008662718401212712,0.623694892782265
Renbp,0.06510712255305304,0.06510712255305304,0.00022315883667432574
Rwdd2b,0.051999507303437574,0.051999507303437574,0.003208989441102198
Atg2a,-0.0050658753047882485,0.0050658753047882485,0.7741837971930514
Rasgrp1,0.06445560298992015,0.06445560298992015,0.0002579549683720202
Ghdc,0.05656549789316351,0.05656549789316351,0.0013452735210757328
Lrp5,-0.040686175161432886,0.040686175161432886,0.021154945089522148
Tradd,0.09281056431299918,0.09281056431299918,1.3815872398072944e-07
Lace1,0.02326769376118279,0.02326769376118279,0.18752390664840318
Fbxo42,0.010069624327176889,0.010069624327176889,0.568470463566444
Fam136a,0.03788462296706355,0.03788462296706355,0.031844399829184904
2900008C10Rik,-0.01032116920380767,0.01032116920380767,0.5588484032563675
Dtwd1,0.025230493353127915,0.025230493353127915,0.15296074691657055
Shq1,0.030766036979519344,0.030766036979519344,0.08136143561385126
Tcof1,0.0735684674705188,0.0735684674705188,3.016865809819057e-05
2310033P09Rik,0.031591662491200836,0.031591662491200836,0.07351276752623115
Pak1ip1,0.08603239156802966,0.08603239156802966,1.052929485493339e-06
Trmt11,0.020981470472686815,0.020981470472686815,0.23467109284219553
Ahi1,0.0006433039603388191,0.0006433039603388191,0.9709367889754505
Parp8,0.01042832240906061,0.01042832240906061,0.5547737453259555
Smad1,0.016461102461676633,0.016461102461676633,0.3511637696631008
Echdc1,0.023831305328567927,0.023831305328567927,0.1770567896594132
Slc10a7,0.03331470325789891,0.03331470325789891,0.0591206255676999
Arhgap18,0.0583230152998076,0.0583230152998076,0.000946630038898251
Rcor1,0.03197268206615725,0.03197268206615725,0.07010535866491041
Tmem57,0.0703222264237919,0.0703222264237919,6.673886716423175e-05
Cops3,0.09563416302556285,0.09563416302556285,5.677639423165977e-08
Ttc3,0.026421374332094023,0.026421374332094023,0.13448946006663962
Med23,0.01893928352512529,0.01893928352512529,0.283397368501984
Zfp236,-0.00970173557852809,0.00970173557852809,0.5826838123521447
Rpap3,0.03564737030560228,0.03564737030560228,0.04343285343986683
Ccl3,-0.10886266064294825,0.10886266064294825,6.257668487558404e-10
Efha2,-0.0055094879079224165,0.0055094879079224165,0.7550168973058147
Efnb1,-0.012459710058643842,0.012459710058643842,0.48038683852865255
Ascc2,0.04004479563313949,0.04004479563313949,0.023278129158004132
Golm1,-0.0017910318699171437,0.0017910318699171437,0.919205308805558
Dolpp1,0.014846363789544114,0.014846363789544114,0.40042238394918106
Rasip1,-0.011847240904269472,0.011847240904269472,0.5022271487020066
Mki67,0.09540969563212232,0.09540969563212232,6.099244120857225e-08
Dapk1,-0.016700657739463273,0.016700657739463273,0.3441974023373147
Nvl,0.0642116383290906,0.0642116383290906,0.00027224648820702523
Noc3l,0.01230935016094184,0.01230935016094184,0.4857002048910648
Med27,0.046338933717918744,0.046338933717918744,0.008644393251073938
Tmem63a,0.08402468400468986,0.08402468400468986,1.868477979589828e-06
Oma1,0.013527451412072344,0.013527451412072344,0.44358140629458354
Fam160b2,-0.014993673622424833,0.014993673622424833,0.3957636883726392
Mtmr10,-0.014923216528497985,0.014923216528497985,0.39798780793919386
2900056M20Rik,0.014745073473687578,0.014745073473687578,0.40364473393327294
Cbx7,-0.028319555762205944,0.028319555762205944,0.10867130412980266
Rtn1,-0.06204912131381106,0.06204912131381106,0.0004355849390920368
1810048J11Rik,0.030982425748230184,0.030982425748230184,0.07924140822847121
Nolc1,0.068028406265535,0.068028406265535,0.00011467281024298104
6330416G13Rik,0.031209571168079778,0.031209571168079778,0.07706452688973432
Pole3,0.06582085364192947,0.06582085364192947,0.00019011816206150378
Lrch3,0.027803658668377137,0.027803658668377137,0.1152659151041037
Sgk3,-0.03497578652147058,0.03497578652147058,0.04754052621201711
Msrb2,0.00846355310995741,0.00846355310995741,0.6316966406064358
Gm8979,0.0305062612612245,0.0305062612612245,0.08396706346107144
Tlr8,0.07060741196193653,0.07060741196193653,6.232412763279521e-05
Tbrg3,0.04561050953690355,0.04561050953690355,0.009752402005136374
Ermp1,-0.015259243540632225,0.015259243540632225,0.3874481274909803
Eif4a3,0.097514811518173,0.097514811518173,3.095831475587095e-08
A130077B15Rik,0.00677213240171478,0.00677213240171478,0.701317394056092
Cc2d1b,0.01647840864611451,0.01647840864611451,0.35065752563745545
Ccdc61,0.01757022937726284,0.01757022937726284,0.31965691705518307
Kcnn4,0.02534053052493518,0.02534053052493518,0.151177065165928
Cdc73,0.02620280474066524,0.02620280474066524,0.1377438543034382
Letm2,-0.0022558719002212396,0.0022558719002212396,0.8983381099295292
Tmem97,0.03603154893658735,0.03603154893658735,0.041220797708342805
Taf6l,0.049635193288445574,0.049635193288445574,0.004911023979637701
Erf,0.02300044237139423,0.02300044237139423,0.1926438436294742
Ophn1,0.008021737416011268,0.008021737416011268,0.6496008507826134
Phlpp1,-0.001363178626269559,0.001363178626269559,0.938461754154554
Ankrd10,0.07225288110455368,0.07225288110455368,4.178472222184016e-05
Utp15,0.05291803941890296,0.05291803941890296,0.002707751159393631
Ppcs,0.007885003617017524,0.007885003617017524,0.6551837496636669
Mettl14,-0.010637026273306507,0.010637026273306507,0.5468793957559304
Nup107,0.023468129633189998,0.023468129633189998,0.18375040580686605
Rpl26,0.0025211786232575205,0.0025211786232575205,0.8864586711969847
Dennd1a,0.021733170153395105,0.021733170153395105,0.21832322842844226
Zbed3,0.00343104766095356,0.00343104766095356,0.845927476501828
Tmem149,0.02112170752473734,0.02112170752473734,0.23155726047483222
Psat1,0.071720201330663,0.071720201330663,4.7602432931849003e-05
Gcnt1,-0.023177402722286085,0.023177402722286085,0.18924232807790056
Zfp715,-0.013801234815348125,0.013801234815348125,0.4344101042096844
Diap2,0.07082003645387058,0.07082003645387058,5.9214033634852884e-05
Arsb,-0.023311933794855612,0.023311933794855612,0.18668614411483955
Jmy,0.005100121100178377,0.005100121100178377,0.7726990811532
Trmt2b,0.032587972320283556,0.032587972320283556,0.06487718809710571
Fut8,0.008039260798334348,0.008039260798334348,0.6488867749068007
Mettl8,0.05456238148803293,0.05456238148803293,0.0019852307366854723
Rps19-ps3,-0.040883747820855916,0.040883747820855916,0.020535830773934255
Eid1,0.011367895794645455,0.011367895794645455,0.5196796766962486
Impad1,-0.00333626935492453,0.00333626935492453,0.8501324299640317
Kif9,0.016171667211233132,0.016171667211233132,0.3596989146118956
Neurl2,0.06621825595645446,0.06621825595645446,0.00017377220912086617
Hacl1,0.06804110425164787,0.06804110425164787,0.00011433484099219806
Ap4m1,0.0186700564564558,0.0186700564564558,0.2902985131218718
Pi4kb,0.028019170240788246,0.028019170240788246,0.11247379359167245
Inpp1,-0.005825646122350377,0.005825646122350377,0.7414475087450615
Prr3,-0.013501566258974303,0.013501566258974303,0.4444542006308326
Hist1h2ac,-0.02530237686328734,0.02530237686328734,0.15179372610540748
H2-Q10,-0.19112741295316382,0.19112741295316382,8.72289609524764e-28
Tti1,0.01670149133388211,0.01670149133388211,0.34417331603458295
Prdm4,0.007432465365877988,0.007432465365877988,0.6737974582530609
Ttc5,0.01918610966656817,0.01918610966656817,0.27716878956654817
Ccnb2,0.12244651897157427,0.12244651897157427,3.3800768060263864e-12
Dus1l,0.036543078346299336,0.036543078346299336,0.038424145651576536
E130311K13Rik,-0.012919260238904627,0.012919260238904627,0.46434547347185906
Exoc1,0.03459531236982222,0.03459531236982222,0.05000922508644593
A530054K11Rik,0.0025716485126377198,0.0025716485126377198,0.8842016198303407
Abi2,-0.030970324721105686,0.030970324721105686,0.07935876847486151
Fryl,0.01945850726301145,0.01945850726301145,0.2704038911101173
Gpatch4,0.06324226801860257,0.06324226801860257,0.00033668821323427217
Nat6,-0.00670170181872409,0.00670170181872409,0.7042766813198079
Egln3,0.04044676479432557,0.04044676479432557,0.021926889616590298
Zfp219,0.01781055487406938,0.01781055487406938,0.31308152722558474
5031425F14Rik,0.060239006425893984,0.060239006425893984,0.000638464487893579
A530013C23Rik,-0.03444789161565063,0.03444789161565063,0.05099421471893847
Arhgap24,0.03341415103245039,0.03341415103245039,0.058366892159892506
Zfp64,0.061467854151771244,0.061467854151771244,0.0004930308573470288
Mllt11,-0.016883307590673927,0.016883307590673927,0.3389455297736448
Slc25a20,0.021483703773871182,0.021483703773871182,0.22365535618280719
Sema3c,0.012638436834824122,0.012638436834824122,0.47411246307661575
Abcb1b,0.03927967497715155,0.03927967497715155,0.026050697394861527
Mier2,0.03610590302142572,0.03610590302142572,0.040803880436897776
Coq5,0.049380495259844816,0.049380495259844816,0.005136260693805606
Med20,0.045556861546360954,0.045556861546360954,0.009838801656652912
Gtf3c3,0.04708999241366027,0.04708999241366027,0.007621065899836231
Cd300e,0.09775467626445852,0.09775467626445852,2.8630501218634622e-08
Telo2,0.016594100192441303,0.016594100192441303,0.3472851830045338
Tnfsf9,0.020538797056558953,0.020538797056558953,0.2446943116868661
Zfp560,0.04149129030731054,0.04149129030731054,0.018729926680806013
Wdr45l,0.002698345376432903,0.002698345376432903,0.8785398181615073
Gm12191,-0.011759626231566619,0.011759626231566619,0.5053938094571611
Farsb,0.07177581230804121,0.07177581230804121,4.696095405215142e-05
Nudt6,0.05495682385215321,0.05495682385215321,0.0018405563506605261
Tgm1,0.04906716102217228,0.04906716102217228,0.0054261309298074285
Edc4,0.013143253078195909,0.013143253078195909,0.4566359717753057
Adpgk,0.049241598359764875,0.049241598359764875,0.00526298493803909
Idua,0.009882793790928294,0.009882793790928294,0.5756679338877723
Meis1,0.012897280979482811,0.012897280979482811,0.46510584850891246
Sp4,-0.01801766597050041,0.01801766597050041,0.30748681132992073
Usp2,0.024775650085230617,0.024775650085230617,0.1605037697009053
Ccrn4l,0.05470682965421374,0.05470682965421374,0.0019310804953318911
Lifr,0.027779687419154174,0.027779687419154174,0.11557981954392631
Trp53inp2,-0.02568257718112219,0.02568257718112219,0.14573365418429376
Uqcc,0.01999996604693887,0.01999996604693887,0.25729519375413945
1810058I24Rik,-0.043360769511353564,0.043360769511353564,0.014014800982028003
Klhdc4,0.036046709061562016,0.036046709061562016,0.04113550055262316
Tprgl,-0.08738625536142068,0.08738625536142068,7.100646171430018e-07
Tmem71,-0.013741568883819657,0.013741568883819657,0.4363994338781008
Haus4,-0.0037067640234395055,0.0037067640234395055,0.8337203226194528
Rnf4,-0.0009396607522979645,0.0009396607522979645,0.9575586075224961
Myst4,0.020678372232234274,0.020678372232234274,0.24150207943541047
Nudt3,-0.004460235312813143,0.004460235312813143,0.8005728705556276
Zbtb7b,-0.03934863941959654,0.03934863941959654,0.025789596328947062
Dnmt3a,-0.01495934651908997,0.01495934651908997,0.3968463532955886
Slc7a8,1.3404331187703048e-05,1.3404331187703048e-05,0.9993942847547183
Maf,-0.031332073605563227,0.031332073605563227,0.07591087934365977
Whsc2,0.04876400884669757,0.04876400884669757,0.005720548770005851
3110002H16Rik,0.014727405468915959,0.014727405468915959,0.4042083918149491
Sf3b3,-0.010588173726330839,0.010588173726330839,0.548722279393509
Slc25a36,0.019352654961884215,0.019352654961884215,0.27301913151224855
Cep70,0.06265271088059572,0.06265271088059572,0.0003825865349843112
Pdlim4,-0.032456451127702665,0.032456451127702665,0.06596685197491009
9430020K01Rik,-0.10212540298618265,0.10212540298618265,6.6704254241549125e-09
Maml2,-0.004598816083096368,0.004598816083096368,0.7945132971142869
Limch1,-0.08342690456513237,0.08342690456513237,2.2109649267641937e-06
1700021C14Rik,-0.00024118613076780804,0.00024118613076780804,0.9891016129333863
Tapt1,0.011476798087199931,0.011476798087199931,0.5156873666904732
Syt11,0.025108761431179988,0.025108761431179988,0.15495259255529262
Pex10,0.032898960935244866,0.032898960935244866,0.062359575598677316
Bcl2a1a,0.023367094605526835,0.023367094605526835,0.1856454528382988
Galnt10,0.007003383366514305,0.007003383366514305,0.6916329165008347
Tbc1d14,-0.059327335877206525,0.059327335877206525,0.0007711326280534819
Nom1,0.04069318446628107,0.04069318446628107,0.02113270571690295
Sh3tc1,0.06508809658891346,0.06508809658891346,0.00022410927886494552
Bphl,0.08009283451360028,0.08009283451360028,5.53694719211609e-06
Ip6k3,-0.0029406100119996146,0.0029406100119996146,0.867731058123602
Tns3,0.0010912257268382525,0.0010912257268382525,0.9507210171978829
Zfp445,0.0013451948039648284,0.0013451948039648284,0.939272022215881
Rhou,-0.004530321732303914,0.004530321732303914,0.7975067522761935
A130040M12Rik,-0.1645131821807161,0.1645131821807161,6.525407505173407e-21
Cyp4b1,-0.002129906024937377,0.002129906024937377,0.9039865386894214
Mink1,0.0036590807552940073,0.0036590807552940073,0.8358286904095781
Il15ra,0.015067956810235164,0.015067956810235164,0.39342693614487806
Sgpp1,0.0360723397200602,0.0360723397200602,0.0409916317700076
Usp36,0.012241933707118461,0.012241933707118461,0.48809282543373844
Tstd2,-0.05064543671691775,0.05064543671691775,0.004102955281979035
Slc2a8,0.05684869035747084,0.05684869035747084,0.0012720149613568434
Nos1ap,0.019467661677542332,0.019467661677542332,0.2701785267884337
Zfp513,0.020359881466182478,0.020359881466182478,0.24882943448364372
4930471M23Rik,0.028207816269078125,0.028207816269078125,0.11007373066095805
Chst11,-0.04995286941723988,0.04995286941723988,0.004642625703888679
Cbx6,-0.054561512705079605,0.054561512705079605,0.0019855605963561194
Wdr85,0.004394671001471597,0.004394671001471597,0.8034439412850806
Mblac2,0.04411501700697402,0.04411501700697402,0.012431190042438086
C430048L16Rik,0.018102932754961568,0.018102932754961568,0.30520283238171353
3110056O03Rik,0.015168449651460398,0.015168449651460398,0.3902790241065556
Mdn1,0.015285729868989755,0.015285729868989755,0.38662466389051114
Ddx17,-0.030782192182472034,0.030782192182472034,0.08120158492663652
Nfia,-0.038023371283684215,0.038023371283684215,0.031222544523465443
Ccng2,0.00855799690373388,0.00855799690373388,0.6278967734047577
Tacc3,0.0452873501067988,0.0452873501067988,0.010283245400848516
2310079F23Rik,0.03808515436570518,0.03808515436570518,0.030949008381743547
Kmo,0.03544380343767347,0.03544380343767347,0.044645051548061365
Zfyve16,0.0342989073881617,0.0342989073881617,0.052006097080840565
Atf5,0.029591881352176372,0.029591881352176372,0.09367998897942446
Pmpcb,0.11536820004141236,0.11536820004141236,5.536134310577481e-11
Rbm33,0.031096774888687666,0.031096774888687666,0.0781393591126386
Dr1,-0.05327355733171651,0.05327355733171651,0.002533753365125513
Cdc26,0.05918851947156113,0.05918851947156113,0.0007934455756046355
Rab33b,-0.0024409447593482262,0.0024409447593482262,0.8900486783104374
Btbd19,-0.028723367943534237,0.028723367943534237,0.10372058567833549
Rmnd5a,-0.01057607750942549,0.01057607750942549,0.5491790625261866
Zfp260,0.010399088978588777,0.010399088978588777,0.5558839480060106
Pparg,0.0010981656006393658,0.0010981656006393658,0.9504080198193002
Rcan3,-0.012187091266087188,0.012187091266087188,0.49004386969694624
8430408G22Rik,-0.004150604804328,0.004150604804328,0.8141546621526725
Slc52a3,0.04907813745399683,0.04907813745399683,0.005415731998137635
Ccdc77,0.022207809458648305,0.022207809458648305,0.20843159031750583
Irf5,-0.060466950583125574,0.060466950583125574,0.0006087852155907801
Gjb2,-0.014081929559264966,0.014081929559264966,0.42512195803806646
St7,-0.004750822720312127,0.004750822720312127,0.7878809019863486
C3ar1,0.08761297709624766,0.08761297709624766,6.643512333055087e-07
Paqr7,0.029985297463660743,0.029985297463660743,0.08939587688308825
C1ra,0.07476325172301727,0.07476325172301727,2.2338399721552467e-05
Mios,0.020152948090370035,0.020152948090370035,0.25367272292701315
Pdik1l,0.011986586787583816,0.011986586787583816,0.49721245682573123
Acn9,-0.001498007145779808,0.001498007145779808,0.9323890891214491
Vnn3,0.011537211341808025,0.011537211341808025,0.5134795236683971
Sept10,0.01722874373958927,0.01722874373958927,0.329154268534059
Hsf2,-0.010260972574222142,0.010260972574222142,0.561143824634826
Wdr8,0.03830996050747921,0.03830996050747921,0.029970993373147875
Suclg2,0.042145366481399535,0.042145366481399535,0.01694240823189496
Pramef8,-0.014158015921739833,0.014158015921739833,0.4226243889502328
Gm12250,0.1447816755382083,0.1447816755382083,1.6774004531806581e-16
Sftpb,-0.0014196512098160548,0.0014196512098160548,0.9359177779169583
Chn2,-0.047153925521281156,0.047153925521281156,0.007539183230703604
Ralgapa2,-0.011044031151028894,0.011044031151028894,0.5316458892971038
Sesn1,0.0033701462934194815,0.0033701462934194815,0.8486289430199402
Stambp,0.029496822456409263,0.029496822456409263,0.09473944560534175
Fbxo7,0.0275845141731383,0.0275845141731383,0.11816068355895615
Smpd2,0.03900921288223891,0.03900921288223891,0.027096836763899044
Mir1931,0.00779776881063958,0.00779776881063958,0.6587557018619277
Tmed4,0.04524018531420379,0.04524018531420379,0.01036283411263676
Plxna1,-0.04630097625023877,0.04630097625023877,0.008699227060181024
Ap4e1,0.00942538504191695,0.00942538504191695,0.593468421541825
Kdm1a,0.03948144362993626,0.03948144362993626,0.025293163748993083
Rrm2,0.06297219189073726,0.06297219189073726,0.0003570349808699076
Zbtb48,0.008981455717177077,0.008981455717177077,0.6109813352947588
Peg13,-0.05100312233147985,0.05100312233147985,0.003847120121311176
Mvk,0.05254213167320072,0.05254213167320072,0.0029035402044498195
Chst14,0.027652803328028844,0.027652803328028844,0.11725257437999807
Eif2ak4,0.010104834314624597,0.010104834314624597,0.5671188629666084
Gatsl3,0.02368671321622567,0.02368671321622567,0.17969965093132345
4930539J05Rik,-0.012375494249998337,0.012375494249998337,0.4833589198809581
Kbtbd4,0.022386610784386758,0.022386610784386758,0.20479080233104932
Ctbs,0.03004000003882134,0.03004000003882134,0.08881288327132077
Inpp5b,0.04863936505370387,0.04863936505370387,0.005845723097295617
Prmt2,0.012145578390540056,0.012145578390540056,0.49152349264176604
A130010J15Rik,0.028456587881813357,0.028456587881813357,0.10697076456219755
Ptcd2,0.11590601383915271,0.11590601383915271,4.502475839090786e-11
2310003C23Rik,0.010201451710409,0.010201451710409,0.5634179519303113
Zfp59,0.011102517323121652,0.011102517323121652,0.529474647523942
Gmeb2,-0.007326383305984148,0.007326383305984148,0.6781903750986154
Znf512b,-0.03967505271882156,0.03967505271882156,0.02458425620170214
Fbxo21,0.006679425595991205,0.006679425595991205,0.7052135979321548
Kctd9,-0.016293596374711505,0.016293596374711505,0.35608759455329775
St3gal3,-0.0012368539645992126,0.0012368539645992126,0.9441546607062811
Ppp1r3d,-0.0016944138354258083,0.0016944138354258083,0.9235500780661366
Th1l,0.0250328306939815,0.0250328306939815,0.15620494677794408
Dhrsx,0.019761556576191105,0.019761556576191105,0.2630117476714289
Gm12942,0.03529707104118923,0.03529707104118923,0.04553639882395337
Nfs1,0.08562085369281931,0.08562085369281931,1.185520503838398e-06
Pspc1,0.019877075437568406,0.019877075437568406,0.2602309978046561
Heca,-0.03518561008469747,0.03518561008469747,0.04622346116908027
Adck5,0.021174573274024493,0.021174573274024493,0.2303910722490423
Aebp2,0.01191275476677965,0.01191275476677965,0.4998661515709501
Wdyhv1,0.04381672896632986,0.04381672896632986,0.013037480612086184
Mib2,-0.0184149448266083,0.0184149448266083,0.2969413150451929
Ncapd2,0.024162840113787797,0.024162840113787797,0.17110641954475703
Mettl21d,0.04845843644756767,0.04845843644756767,0.006031814806877614
Xkr8,0.01881177336890471,0.01881177336890471,0.28665189145814124
Dvl1,-0.016858983836746912,0.016858983836746912,0.3396419476301489
Dennd5b,0.0016652766758491087,0.0016652766758491087,0.9248607863307311
Rasl2-9-ps,-0.004389788572607808,0.004389788572607808,0.8036578501687991
Card6,-0.021502457797423935,0.021502457797423935,0.22325129772783125
Gm17066,-0.05827799554122906,0.05827799554122906,0.000955302395675377
Ccnb1,0.07908926602008487,0.07908926602008487,7.249350041707651e-06
Dnajc12,0.06929669724116452,0.06929669724116452,8.518351053257547e-05
Zdhhc5,0.010284046314383196,0.010284046314383196,0.5602634366374076
Zbtb39,-0.03473139823374423,0.03473139823374423,0.0491141698108512
Zfp955b,0.01564814149315057,0.01564814149315057,0.3754647508694248
Gmppb,0.029602121659780167,0.029602121659780167,0.09356642702358518
Trmu,0.03635121879264922,0.03635121879264922,0.03945359534713581
Prmt7,0.06319101669118167,0.06319101669118167,0.00034046398158449305
Ccdc111,0.007503106865215607,0.007503106865215607,0.6708782984597592
Afap1l1,-0.03206074851188825,0.03206074851188825,0.06933650850567505
Ppp2r5b,0.006411178601949357,0.006411178601949357,0.7165305438819002
Cdc42ep2,0.009199864500184873,0.009199864500184873,0.6023364907277736
BC088983,0.03582220320666477,0.03582220320666477,0.042414057725363954
Rab40c,0.024837966667873468,0.024837966667873468,0.15945402097430525
Dgcr2,0.003414547128147554,0.003414547128147554,0.8466592307378812
Morc3,0.02048230884974281,0.02048230884974281,0.24599463452935127
Acadsb,0.058561070984287866,0.058561070984287866,0.0009019717845528154
Col4a2,-0.06059183491869849,0.06059183491869849,0.0005930740094414144
Suz12,0.014174937599559526,0.014174937599559526,0.4220700973822498
Clasp2,-0.044390516643537214,0.044390516643537214,0.011893529308735164
D19Ertd386e,0.023940020201999992,0.023940020201999992,0.17508883557183513
Rprd1a,0.0426595804022879,0.0426595804022879,0.015643991698361875
Gm20199,0.055082369888641784,0.055082369888641784,0.001796580858654552
Gab3,0.014322366266717908,0.014322366266717908,0.4172589302112848
Atg4b,0.06773512814693863,0.06773512814693863,0.00012274579891135326
Mrm1,0.01769196776621713,0.01769196776621713,0.3163149076213457
Slc41a1,-0.0213449681298097,0.0213449681298097,0.22666068215140628
Klhdc3,-0.004254677891536258,0.004254677891536258,0.8095830942859705
Dgcr14,0.01576940061123285,0.01576940061123285,0.3717756146334368
Fam101b,-0.050978452959412626,0.050978452959412626,0.003864288523543014
Pigp,0.013357577145579827,0.013357577145579827,0.4493270598873266
Ercc5,0.012471178449857383,0.012471178449857383,0.47998287618826097
Zfp958,0.0021116765772661653,0.0021116765772661653,0.904804373628019
1700012A16Rik,-0.025093469958435102,0.025093469958435102,0.1552041857411702
Csnk2a2,0.022377206163258338,0.022377206163258338,0.20498114188628475
3110052M02Rik,0.01852345201119482,0.01852345201119482,0.29410360110292977
Hmgxb3,0.008358811545545195,0.008358811545545195,0.6359222301046537
Gm8369,0.04439397412533318,0.04439397412533318,0.011886914772828591
Zfp53,0.05455750529652248,0.05455750529652248,0.001987082780970879
Efnb2,-0.04135797442475909,0.04135797442475909,0.019113853967793023
Dhcr7,0.02739634052110531,0.02739634052110531,0.12069156078188649
Zfp119a,0.03529775576353131,0.03529775576353131,0.04553220482116649
Ip6k2,0.01936671420506899,0.01936671420506899,0.2726707843986809
Zfp952,0.036108639764027284,0.036108639764027284,0.040788603416102326
Prkar2a,0.0004944397631567411,0.0004944397631567411,0.9776601600199254
Trp53i13,-0.020972715561001234,0.020972715561001234,0.2348664657803867
Itga5,-0.0025498337445013335,0.0025498337445013335,0.8851770784879706
Clcn7,0.023958050046684852,0.023958050046684852,0.17476404318417274
Dynlt1f,-0.01110910988419455,0.01110910988419455,0.5292301881007245
Arsa,0.021219723569243877,0.021219723569243877,0.2293983918488955
Gnmt,0.02462668575942247,0.02462668575942247,0.1630342809317678
Zfp943,0.0033209231129906467,0.0033209231129906467,0.8508136886994753
Athl1,-0.08136039642068156,0.08136039642068156,3.921831684311465e-06
Rnf170,-0.013064229519755865,0.013064229519755865,0.45934760453537254
Rab7l1,0.03742889409301096,0.03742889409301096,0.03396215357560141
Eif2s3x,-0.023867511217057207,0.023867511217057207,0.1763995705327268
Galc,0.032221188211829364,0.032221188211829364,0.0679536108557105
Zbtb44,0.007399251495311149,0.007399251495311149,0.6751716765237705
Iqsec2,0.008077817588931646,0.008077817588931646,0.6473167260880943
Thra,-0.010747800681497034,0.010747800681497034,0.5427119893855251
Bambi,0.03200716138283268,0.03200716138283268,0.06980351354700348
Kctd12b,0.02342780414437006,0.02342780414437006,0.1845050398173248
Lin52,-0.009074631019325867,0.009074631019325867,0.6072866329121551
Eif2b5,0.047280122913622935,0.047280122913622935,0.007379865782393022
Ssbp4,0.03022716062796212,0.03022716062796212,0.08684134265555563
9530077C05Rik,-0.007782951128156073,0.007782951128156073,0.6593632095638391
4933417E11Rik,0.0027086164739615433,0.0027086164739615433,0.878081093570783
Strada,0.026521553034070035,0.026521553034070035,0.13301785038996933
Zfp953,-0.006355238051125499,0.006355238051125499,0.7188985539512186
Fam20a,0.062121639864664215,0.062121639864664215,0.0004288733993781239
Fam86,0.0701152132771506,0.0701152132771506,7.01270316968215e-05
Cep192,0.015746663634174242,0.015746663634174242,0.372465637980928
Zfp874b,-0.010163569735399766,0.010163569735399766,0.5648676262053549
Cyp4f13,0.023691287689243633,0.023691287689243633,0.179615592033355
Mylip,-0.010538931481870375,0.010538931481870375,0.550582959408096
Pgs1,0.07481933441337797,0.07481933441337797,2.2023111290421214e-05
Pbx1,0.053336636012076555,0.053336636012076555,0.0025039709430158606
C130026I21Rik,0.18268356040790928,0.18268356040790928,1.7312585105965475e-25
Ubp1,-0.010052943957152572,0.010052943957152572,0.5691113073712982
Gtf3c1,0.013187352862256455,0.013187352862256455,0.4551266395583198
Mllt6,0.015778431797093068,0.015778431797093068,0.37150175559579957
2410022L05Rik,0.01233701790218203,0.01233701790218203,0.4847201115083311
Taok2,-0.03557725878191166,0.03557725878191166,0.04384717704323302
Ddx60,-0.018476713225232227,0.018476713225232227,0.2953236924718037
Zfp868,-0.003474137513468204,0.003474137513468204,0.8440171852753533
Zfp866,-0.01031913557681673,0.01031913557681673,0.5589258751814403
Tssk6,-0.005132423333597848,0.005132423333597848,0.7712993893038427
Wdr7,-0.006340348631600269,0.006340348631600269,0.71952929139739
Nrp2,0.010307496735386102,0.010307496735386102,0.5593693622961204
Hibch,0.08954949956679423,0.08954949956679423,3.738164558423668e-07
Heatr5b,0.04447004915856373,0.04447004915856373,0.011742197780712529
Btla,0.013488130101170772,0.013488130101170772,0.44490762623458463
Spice1,-0.004626370773090541,0.004626370773090541,0.7933099056808692
Bcdin3d,0.021445517102831907,0.021445517102831907,0.2244797095198594
Nxf1,0.0047461537453847066,0.0047461537453847066,0.7880843939814884
Rabl2,0.007908351967872554,0.007908351967872554,0.6542290505025761
Dclre1a,0.02814159504772871,0.02814159504772871,0.11091158549281202
Brwd3,0.03715325661422043,0.03715325661422043,0.035300555705371564
Aldh6a1,0.0036438766768886054,0.0036438766768886054,0.8365012040960063
Hist1h4c,-0.02019120354348586,0.02019120354348586,0.2527724439737487
Mylpf,0.025608987443372627,0.025608987443372627,0.1468919311037619
4930455F23Rik,0.060763880067850294,0.060763880067850294,0.0005720469255282837
2610015P09Rik,0.05020197392530035,0.05020197392530035,0.004441527346477927
Cyb561,0.014785679551452624,0.014785679551452624,0.40235107276961546
Kdm5b,-0.012940107511195358,0.012940107511195358,0.46362489912656624
A630033H20Rik,0.0858798205370435,0.0858798205370435,1.1003298784615504e-06
Mtap4,0.007919191856609407,0.007919191856609407,0.6537860063481862
Maml3,0.02725106236805492,0.02725106236805492,0.12267435857992981
Arhgef11,-0.02388072399459936,0.02388072399459936,0.1761601818331128
Cog6,0.055440491522494105,0.055440491522494105,0.0016763896599213727
Fam189b,0.040871327268646715,0.040871327268646715,0.020574281384796004
Snx14,0.030020046081026108,0.030020046081026108,0.08902518712892142
Ager,-0.042138660491392574,0.042138660491392574,0.01695994773634796
Acyp2,-0.013524778716908546,0.013524778716908546,0.44367147876995394
Gm3414,0.03541355041723897,0.03541355041723897,0.04482761419123469
Gm5803,0.007726947183119189,0.007726947183119189,0.6616613323847956
Bckdhb,0.0045921324407595205,0.0045921324407595205,0.7948052645190495
Cxcl10,0.027211195461420083,0.027211195461420083,0.1232228976515626
Mgrn1,0.027294983901469543,0.027294983901469543,0.12207224042988765
Ick,0.024174612307743513,0.024174612307743513,0.1708979187532727
AW209491,0.05940088464651934,0.05940088464651934,0.0007595479601952448
Rnase6,0.019938873259853444,0.019938873259853444,0.2587517904597194
Cgnl1,-0.08285151731448406,0.08285151731448406,2.5970146771574703e-06
Cxcl15,-0.028959678132911386,0.028959678132911386,0.10090758787239597
Aif1,0.05931788184155988,0.05931788184155988,0.0007726335684670245
Fam173b,0.06051245654550751,0.06051245654550751,0.0006030159904686824
Guf1,0.010663945199786853,0.010663945199786853,0.5458652330818393
Calml4,0.04442793701161009,0.04442793701161009,0.011822113218072285
Eef2k,0.0022213598795183575,0.0022213598795183575,0.8998851618909918
Aff1,0.026479920133932022,0.026479920133932022,0.13362791104816035
Sorl1,-0.07032711674808476,0.07032711674808476,6.66607315495626e-05
Upb1,-0.016268623446755857,0.016268623446755857,0.35682538049528867
Scfd1,0.06967506570568663,0.06967506570568663,7.787901679353822e-05
Ocstamp,0.038718997388529346,0.038718997388529346,0.028259499124355443
Xdh,-0.016437143969397754,0.016437143969397754,0.35186537200529555
Ankrd28,0.011007002684809315,0.011007002684809315,0.5330228628546918
Sap25,-0.03050180487669718,0.03050180487669718,0.08401234459475072
Mepce,0.01926404303274764,0.01926404303274764,0.2752216776050859
Zswim3,0.006446126976551529,0.006446126976551529,0.7150525299214933
Hist1h2be,-0.031211082904968535,0.031211082904968535,0.07705020379882242
Agxt2l2,0.02708220973394477,0.02708220973394477,0.12501076922252038
Arhgef12,0.022744353788360382,0.022744353788360382,0.1976455685949394
Dhx35,0.01373518885125702,0.01373518885125702,0.4366124614768908
Nt5dc2,0.0659445761155335,0.0659445761155335,0.0001848804618441253
Zhx2,-0.0168348833353092,0.0168348833353092,0.3403328773662753
Pbrm1,-0.02401497312209595,0.02401497312209595,0.1737415722026154
Galm,0.008016337027033362,0.008016337027033362,0.6498209809453985
Jmjd1c,0.01940141073088876,0.01940141073088876,0.27181240655459343
5430405H02Rik,0.04354601981989486,0.04354601981989486,0.013610191811642695
Arhgap5,0.0328186644680164,0.0328186644680164,0.06300175217342444
Tecpr1,0.005813767146762105,0.005813767146762105,0.7419559294998705
Cox11,0.03638773867627139,0.03638773867627139,0.03925585881755091
Slc46a3,-0.06570484713249912,0.06570484713249912,0.00019515555855842846
Rfng,-0.017083914503725314,0.017083914503725314,0.3332368775599887
Tob1,0.008420978054773157,0.008420978054773157,0.6334128060596783
Mudeng,0.00931513229979065,0.00931513229979065,0.5977963921956023
C030034I22Rik,0.017127815095461806,0.017127815095461806,0.33199592254252236
Twsg1,-0.008385072430484922,0.008385072430484922,0.634861666835846
Sparcl1,-0.05068001509993711,0.05068001509993711,0.004077565832107873
Slx4,0.014627661431759446,0.014627661431759446,0.4073993215047515
Gbp4,0.03452257556431805,0.03452257556431805,0.05049320413615275
Fbxo34,0.047972307842031214,0.047972307842031214,0.006558520609304913
Gpr116,-0.06706597423367013,0.06706597423367013,0.00014321476952180737
Cxcr1,0.0009450050724070453,0.0009450050724070453,0.9573174517503221
Gm216,0.004862784783936319,0.004862784783936319,0.7830055264007085
Snx33,0.01861766166415111,0.01861766166415111,0.2916545887450516
E130317F20Rik,0.016105437027020553,0.016105437027020553,0.3616701349622903
Pop1,0.021126409885033327,0.021126409885033327,0.2314533596238358
Alkbh2,0.04887578119295231,0.04887578119295231,0.005610361017541483
Gm14325,-0.005728336827841506,0.005728336827841506,0.7456156553570279
Mmab,0.014221927750725423,0.014221927750725423,0.42053310931745874
Bysl,0.03517437635230792,0.03517437635230792,0.046293189078109497
Kdelc2,0.0204053665344413,0.0204053665344413,0.24777357595486105
Rfc5,0.030682058606410843,0.030682058606410843,0.08219649219864406
E2f5,0.013243732308401989,0.013243732308401989,0.4532011272050669
4833417C18Rik,0.010536955266100267,0.010536955266100267,0.5506576979384102
Ift81,0.022165647955995876,0.022165647955995876,0.2092968826152034
2610528A11Rik,-0.011522695978367425,0.011522695978367425,0.5140095481015352
Hip1r,-0.010029683820843344,0.010029683820843344,0.5700055147825469
1110031I02Rik,0.06249717438790227,0.06249717438790227,0.00039563518866669596
Hinfp,-0.0010260515643440637,0.0010260515643440637,0.9536608213333319
Rilpl1,-0.013997630146739486,0.013997630146739486,0.42789916104210574
Mynn,0.05882979676250864,0.05882979676250864,0.0008539091804717294
Etv1,-0.003727374053946897,0.003727374053946897,0.832809396444892
0610007P22Rik,0.03582750587105776,0.03582750587105776,0.04238347615037805
Pcolce2,-0.06627611616416575,0.06627611616416575,0.00017150553009688278
Ubxn2b,0.04411391587335056,0.04411391587335056,0.012433381478127939
Gspt2,-0.006758599573470634,0.006758599573470634,0.701885654228239
Adamts1,0.009473394246161712,0.009473394246161712,0.5915883127493049
Stk40,-0.053573048222532685,0.053573048222532685,0.002395175518401806
Zfp451,0.015692023987333693,0.015692023987333693,0.37412708666159067
Tbck,0.020590741335328008,0.020590741335328008,0.24350284990490442
Zbtb8a,0.04267296531973623,0.04267296531973623,0.01561139591498325
Nf2,-0.015722223242357426,0.015722223242357426,0.3732082406698324
Txlna,0.07100430240731039,0.07100430240731039,5.663812159646032e-05
Slc10a3,0.004655374156739728,0.004655374156739728,0.7920437769289295
Nipsnap1,0.025511015140168295,0.025511015140168295,0.14844488536911404
Spry2,-0.03255944038665851,0.03255944038665851,0.0651123081216195
Hmbox1,0.01225143786793132,0.01225143786793132,0.48775513695735395
Hmgb3,0.0320504621331826,0.0320504621331826,0.0694259535413516
Med18,-0.020973893698509154,0.020973893698509154,0.2348401679871207
Sesn2,0.018497370894003023,0.018497370894003023,0.2947840176838815
Mtm1,0.02714801675399728,0.02714801675399728,0.12409610835434705
Slc35a3,0.00688233663694083,0.00688233663694083,0.6966960227246078
Atp11c,0.017790748945251886,0.017790748945251886,0.31362003466850974
Map3k6,-0.03959661073905498,0.03959661073905498,0.02486937414011058
Gpr18,0.0831127115013568,0.0831127115013568,2.414367250340897e-06
Ankrd9,-0.0013899602112520445,0.0013899602112520445,0.9372552177803122
1810030O07Rik,0.06302207202078414,0.06302207202078414,0.0003531926701858066
Dicer1,-0.020684056423569717,0.020684056423569717,0.24137269979015405
Foxo4,-0.004972017577361376,0.004972017577361376,0.778257189500705
Mapt,-0.04543530960148569,0.04543530960148569,0.010037086889155774
Txnrd2,0.01744545424548115,0.01744545424548115,0.32310616397132536
1110054M08Rik,-0.0026907988933213755,0.0026907988933213755,0.8788768828483914
9030625A04Rik,0.10605681314659766,0.10605681314659766,1.706846823399093e-09
Akap2,-0.017775692030765053,0.017775692030765053,0.3140298275763419
Lrch1,0.05156878632304697,0.05156878632304697,0.003471976982507498
Sec22a,0.022574588605921153,0.022574588605921153,0.20101323912687424
Map3k15,-0.02959342585835751,0.02959342585835751,0.09366285379357848
Cdk5rap2,0.027632187719075343,0.027632187719075343,0.11752614181917857
Kdm4c,-0.026400069479949828,0.026400069479949828,0.13480404132907667
Nol6,0.015426229542185234,0.015426229542185234,0.3822743862504123
Slc35a1,0.06275419099996586,0.06275419099996586,0.0003742908367157992
Tspyl2,0.03952041273266361,0.03952041273266361,0.025149071970743175
Gale,0.03000710057383804,0.03000710057383804,0.08916314170568902
Bach2,0.03251143156551782,0.03251143156551782,0.06550951448311783
Alas2,0.14071221988957025,0.14071221988957025,1.1556497797077935e-15
Fstl1,-0.09345966811055337,0.09345966811055337,1.128690628364828e-07
Hspb11,0.01995387356859578,0.01995387356859578,0.2583936196421493
Cpt2,0.04260430322539384,0.04260430322539384,0.015779240916681144
Txndc12,0.08892510441955913,0.08892510441955913,4.505552024330341e-07
Mast2,0.002342539178442445,0.002342539178442445,0.8944548371428301
Tmem69,0.0335134666138997,0.0335134666138997,0.05762214083530781
Loxl2,0.0012141966102365595,0.0012141966102365595,0.9451760398160612
Fam55c,0.013276958934165684,0.013276958934165684,0.4520685029683874
Szt2,-0.007354990511891872,0.007354990511891872,0.6770046501081046
Lepre1,0.011068049520637342,0.011068049520637342,0.5307536853351975
Itpk1,-0.02545169543961017,0.02545169543961017,0.14939123215485373
Fam126b,0.050360594425808494,0.050360594425808494,0.004317621451490216
Vpreb1,0.043227175946435235,0.043227175946435235,0.014313135337552347
Nbl1,-0.027960058100205864,0.027960058100205864,0.11323427921298751
Dag1,0.008078636940979768,0.008078636940979768,0.6472833787093938
BC003965,-0.0033643605238663317,0.0033643605238663317,0.8488856815113593
Orc5,0.013476200350051605,0.013476200350051605,0.4453104365340377
1700106N22Rik,0.014364908460127335,0.014364908460127335,0.41587664488046805
Slc4a2,-0.021866159147204117,0.021866159147204117,0.21551830236041497
Fastk,-0.0023267455456676437,0.0023267455456676437,0.8951623117764942
Rassf1,0.04348971576322522,0.04348971576322522,0.013732061654136337
Fdxr,0.02358986247899844,0.02358986247899844,0.1814862117249633
Rfx5,0.01354792988090494,0.01354792988090494,0.4428916081766299
4831440E17Rik,-0.02390568864318599,0.02390568864318599,0.17570853407805234
Stat5b,-0.014200580889512992,0.014200580889512992,0.42123093038471626
Rbm15b,0.015193140416401088,0.015193140416401088,0.3895079403043782
Tyms,0.08613233396738022,0.08613233396738022,1.0229511442360967e-06
Mapre3,-0.024528971712848867,0.024528971712848867,0.16471044381043418
Thtpa,0.03999743484540089,0.03999743484540089,0.023441997147314195
Clec16a,0.002982683044488372,0.002982683044488372,0.8658564059517095
Gm10778,0.004447331421482431,0.004447331421482431,0.8011377223457091
Rad1,0.016953706097746442,0.016953706097746442,0.3369351027711175
Tbc1d22b,-0.002149576357105552,0.002149576357105552,0.903104174988802
Slc37a1,-0.00025686488403385186,0.00025686488403385186,0.9883931914291344
Papolg,-0.006333216250603758,0.006333216250603758,0.719831497081724
A530088E08Rik,-0.02473249693839851,0.02473249693839851,0.16123375600544929
Zfyve28,-0.05889570160914845,0.05889570160914845,0.0008424900033936327
Nthl1,0.026150921347686075,0.026150921347686075,0.1385252128611
Ccdc51,0.05379745388319232,0.05379745388319232,0.0022959240598112536
Sec61g,-0.1479779913117858,0.1479779913117858,3.5422845852318e-17
Fmo5,-0.014142356752097239,0.014142356752097239,0.42313770492815117
Elk3,-0.04046104388693794,0.04046104388693794,0.021880171087401548
Slc35a2,0.016623351069719013,0.016623351069719013,0.3464358141262385
Actr6,0.06369045929654771,0.06369045929654771,0.0003052983648547933
Plekhm2,-0.03938603771761586,0.03938603771761586,0.02564895372359543
Ddx20,0.03174425762760101,0.03174425762760101,0.07213221838215712
Rcbtb1,-0.006586912290670196,0.006586912290670196,0.7091093883072784
Zfp229,-0.011237127618713332,0.011237127618713332,0.5244945538165687
4933437F05Rik,-0.012233067534975516,0.012233067534975516,0.4884079593967436
Trim33,0.041906359559525694,0.041906359559525694,0.017577444240677136
Clec3b,-0.053946400772754546,0.053946400772754546,0.002232141420680749
Cd101,-0.025468316980249414,0.025468316980249414,0.14912560036423625
Zbtb40,0.014715625482585178,0.014715625482585178,0.40458446718109764
Tnfrsf14,0.021457305962994097,0.021457305962994097,0.2242249866696154
Nde1,0.04469635942801157,0.04469635942801157,0.011320881885039723
Cnot10,0.03587870706746865,0.03587870706746865,0.04208914604033237
Prkcz,-0.006088598906131112,0.006088598906131112,0.7302223670388249
Flywch1,0.047163082506402484,0.047163082506402484,0.00752752015058533
Rundc1,0.008434450134209272,0.008434450134209272,0.632869543775975
Mxra8,-0.028270057991779708,0.028270057991779708,0.10929079056246939
Acap3,-0.006191149172864244,0.006191149172864244,0.7258600748323771
Fam132a,0.0007402057296408317,0.0007402057296408317,0.9665613520973612
Ttf2,0.023204630045875224,0.023204630045875224,0.18872291955360596
Pde4dip,0.01798877325453654,0.01798877325453654,0.3082632981709228
2610019E17Rik,0.009625681232662218,0.009625681232662218,0.5856427129349739
Zfp947,0.03160464940012876,0.03160464940012876,0.07339443843022254
Hsph1,0.025065318050736675,0.025065318050736675,0.1556681844092776
Actr5,0.030463497164174562,0.030463497164174562,0.08440240304405085
Adat2,0.0217581150913849,0.0217581150913849,0.21779511636361887
Exosc1,0.08103986757494565,0.08103986757494565,4.28126292899992e-06
Lcmt2,0.02739725945077221,0.02739725945077221,0.1206790992363691
Mppe1,0.02032840852034755,0.02032840852034755,0.2495618637670762
Haus2,0.029163068740655166,0.029163068740655166,0.09853541233362362
Tmem38a,-0.032102291801212685,0.032102291801212685,0.06897623151636814
Cib3,0.01680256699872146,0.01680256699872146,0.3412607561366894
Tmem87a,0.035904500749354,0.035904500749354,0.041941527037721395
Uros,0.05724170814932124,0.05724170814932124,0.0011764346478771504
Ppip5k1,0.0048129739957450315,0.0048129739957450315,0.7851734924630279
Rpap1,0.023311340888261495,0.023311340888261495,0.18669735353843406
Atp9b,0.009788765858700092,0.009788765858700092,0.5793064726570643
Arrdc2,0.016540947053710696,0.016540947053710696,0.3488319974921052
Zbed6,0.08435027577666379,0.08435027577666379,1.703999913479452e-06
Ighmbp2,0.003529916560009637,0.003529916560009637,0.8415457101484696
Bahd1,-0.016057343870494078,0.016057343870494078,0.3631057732126597
Gapdh,-0.03178147546440687,0.03178147546440687,0.0717987425969342
Klhl26,0.028703158518117056,0.028703158518117056,0.10396401838979932
Ruvbl2,0.07684035274968112,0.07684035274968112,1.3108726714345141e-05
Tbc1d2,0.01668108120767048,0.01668108120767048,0.3447633657976301
Elmod2,-0.035445729200625956,0.035445729200625956,0.044633451735042906
Anubl1,-0.03823902202124224,0.03823902202124224,0.03027670203731506
D730005E14Rik,0.028003705347863835,0.028003705347863835,0.11267236168174945
Gm16548,0.0025127667263086413,0.0025127667263086413,0.8868349475744196
Nup93,0.023390735497260104,0.023390735497260104,0.18520074698932185
Zc3h8,0.02608253184912283,0.02608253184912283,0.13956036062824612
Eif4ebp3,0.0014880344865028936,0.0014880344865028936,0.9328381265282298
Fahd2a,0.014606295170235834,0.014606295170235834,0.408084800630663
Bcas3,0.011617803942117592,0.011617803942117592,0.5105418886125496
Nkd1,-0.03825528655542115,0.03825528655542115,0.03020637458648482
Ttll1,0.029335651912772025,0.029335651912772025,0.09655764327943399
Mctp2,0.019380912661480763,0.019380912661480763,0.2723192965829814
4930578M01Rik,-0.030489561638648337,0.030489561638648337,0.08413684932716263
Snap47,0.00497207651416289,0.00497207651416289,0.7782546297394936
Ddx39,0.11253326200195166,0.11253326200195166,1.6200817040642926e-10
Rif1,0.003621453363123943,0.003621453363123943,0.8374932601497208
Gm20300,0.009586966015545071,0.009586966015545071,0.5871516047976179
Selp,0.00925386503877865,0.00925386503877865,0.600207616322897
Lins,-0.004474602280004735,0.004474602280004735,0.7999440970657165
Tmem40,-0.03346039513041149,0.03346039513041149,0.05801912679669775
Gm166,-0.012399353913106958,0.012399353913106958,0.4825158709498815
2810422O20Rik,0.02119071047578212,0.02119071047578212,0.23003592764103817
4933439F18Rik,-0.0020868860487580987,0.0020868860487580987,0.9059167227433783
Ptgr2,0.07319441867773327,0.07319441867773327,3.3114246967955894e-05
1810055G02Rik,-0.018842267949878883,0.018842267949878883,0.2858712730875903
BC035044,0.009759315276607984,0.009759315276607984,0.5804483179324086
Rab14,0.009282606506870619,0.009282606506870619,0.5990759243003482
Zbtb41,0.02106883218117669,0.02106883218117669,0.23272784563175686
Plat,-0.0074355954626619215,0.0074355954626619215,0.673668007025312
BC003331,0.08566064603416654,0.08566064603416654,1.1720298623105086e-06
Mrps31,0.053948162163249457,0.053948162163249457,0.002231396957349194
Dtx4,0.036554578213263085,0.036554578213263085,0.03836317321872853
Calcrl,-0.012141790322155488,0.012141790322155488,0.4916586281551713
Tmco3,0.009058290625350412,0.009058290625350412,0.6079338612943241
Naip1,-0.018812181259674945,0.018812181259674945,0.2866414405436832
Lin37,0.06900471903172366,0.06900471903172366,9.125760151952391e-05
Azi1,0.008233560092922384,0.008233560092922384,0.6409908351009463
Mbd5,0.023035116320116324,0.023035116320116324,0.19197383045532268
Tsen15,0.033916481062426077,0.033916481062426077,0.054680577509133126
Col4a1,-0.05418012569200418,0.05418012569200418,0.00213531972269424
Tmem216,0.006284154120919094,0.006284154120919094,0.7219114894147272
B230120H23Rik,0.016146662045176022,0.016146662045176022,0.36044235371552785
Mettl5,0.034848501916867204,0.034848501916867204,0.04835475655564148
Map2k4,-0.001746049510503374,0.001746049510503374,0.9212278066134115
Rdh12,-0.057607904278059806,0.057607904278059806,0.0010933904734294377
Tspan18,-0.022462732190854887,0.022462732190854887,0.20325491213455044
Zfp296,-0.009184697737091223,0.009184697737091223,0.6029350242332415
Mpp5,0.01465382692616925,0.01465382692616925,0.40656080723544213
Klrd1,0.0008030084369720004,0.0008030084369720004,0.963726130243832
Klrk1,0.06184617268759001,0.06184617268759001,0.0004548922547590447
Sugp1,0.0033869066110908674,0.0033869066110908674,0.8478853091813837
Dnahc2,-0.07971852307102932,0.07971852307102932,6.124641667753605e-06
1190002F15Rik,0.06030378110337101,0.06030378110337101,0.000629896548645994
1810021B22Rik,0.007907042444542864,0.007907042444542864,0.654282581131468
Ogn,-0.04591488064938919,0.04591488064938919,0.009274890000759263
Fam20b,-0.017669664448674405,0.017669664448674405,0.3169254657155591
Scrg1,-0.04339171287027459,0.04339171287027459,0.01394648740228312
Smcr7,0.054919202135930795,0.054919202135930795,0.001853925481241122
Abl2,0.03463297323049033,0.03463297323049033,0.04976016703999647
Sash1,0.052747798597342,0.052747798597342,0.0027948757346174706
Tcp11l1,0.0025774486918393367,0.0025774486918393367,0.8839422912752437
Nup43,0.03377922162319461,0.03377922162319461,0.05566804014977221
Tnfrsf13b,0.06785113600116,0.06785113600116,0.0001194904754717137
Zfp703,-0.0015183393501089853,0.0015183393501089853,0.9314736608338431
Tor2a,0.09446084660480111,0.09446084660480111,8.24136892732672e-08
Arhgap39,-0.015201806351888506,0.015201806351888506,0.3892375259817653
Ipcef1,0.011290539159221659,0.011290539159221659,0.5225251877434444
Acta2,0.013529247138821006,0.013529247138821006,0.44352089438836845
Zc3h6,0.023545693369861478,0.023545693369861478,0.18230533953324243
Tsr1,0.015112554903707678,0.015112554903707678,0.3920280197522554
Surf6,0.009987627194550621,0.009987627194550621,0.571624028158123
Colec12,-0.018025306629672506,0.018025306629672506,0.3072816864733821
4930426L09Rik,-0.013277228746737011,0.013277228746737011,0.4520593121888816
Spns3,0.052765573590859934,0.052765573590859934,0.0027856607932171865
Cyb5d2,0.025656317783573097,0.025656317783573097,0.14614616336829053
Hipk2,0.010284756677578106,0.010284756677578106,0.5602363430582701
Wwox,0.042253513288940454,0.042253513288940454,0.01666173988323859
Zfp455,0.02265089826310829,0.02265089826310829,0.19949432542409107
Ezh2,0.07794959846351007,0.07794959846351007,9.806893326965089e-06
Otud1,0.017046833092895432,0.017046833092895432,0.334287400264582
Thnsl1,0.04687266969173455,0.04687266969173455,0.007905394054699913
Acap1,0.004781896486143896,0.004781896486143896,0.786526956298249
Stard10,-0.020825483744711767,0.020825483744711767,0.23816932114985298
Ucp2,-0.37051688039540964,0.37051688039540964,5.154336827273652e-105
Celf4,-0.006009493800585363,0.006009493800585363,0.7335933258513763
Dcaf6,-0.013485016528823172,0.013485016528823172,0.44501273655770573
Gimap5,-0.0013062227879086959,0.0013062227879086959,0.9410281360017053
Shpk,0.05512015183218542,0.05512015183218542,0.0017835370310648779
Dennd3,-0.04794813816670396,0.04794813816670396,0.006585755285058786
Pex19,0.048439931173617154,0.048439931173617154,0.006051145723511498
9430060I03Rik,-0.004455799650502778,0.004455799650502778,0.8007670244143396
Mterfd1,0.06275294542085871,0.06275294542085871,0.00037439163236302855
1110008L16Rik,0.034521153183347496,0.034521153183347496,0.05050270739972148
Zfp429,0.0022601983986521752,0.0022601983986521752,0.8981441954054912
Zfp317,0.013859221760892795,0.013859221760892795,0.43248178034675544
Pigu,0.052562545078843,0.052562545078843,0.0028925849689689846
Casd1,0.006260001517517922,0.006260001517517922,0.7229361971510343
Uap1,-0.011373564504364728,0.011373564504364728,0.5194714717649164
Gm7694,0.001663559045107579,0.001663559045107579,0.9249380587654598
Dis3l2,0.05266159298256413,0.05266159298256413,0.00283996256490318
Amotl1,-0.024264637168326934,0.024264637168326934,0.1693097466785648
Mtmr2,-0.018367030232969327,0.018367030232969327,0.2982001985279598
Msh2,-0.01925977851648132,0.01925977851648132,0.27532798167840644
4933427D14Rik,-0.011785556436023099,0.011785556436023099,0.5044555193284068
Tada1,0.096233399412228,0.096233399412228,4.685737353108078e-08
Pter,0.012166592489515423,0.012166592489515423,0.4907741979994542
Myc,-0.048917623655664995,0.048917623655664995,0.005569606617696529
Tubb3,0.016418843853470887,0.016418843853470887,0.35240187126997946
Cox4i2,-0.030258851823848947,0.030258851823848947,0.0865110320449923
Mtpap,0.07054947806108118,0.07054947806108118,6.319796270962206e-05
Polr3a,0.029039437225479692,0.029039437225479692,0.09997198102985864
Podxl,-0.057246073915730486,0.057246073915730486,0.0011754111876405892
Bpgm,0.04916932996813127,0.04916932996813127,0.005330030328524606
Ascc1,0.02228626527288388,0.02228626527288388,0.2068283244249428
Tprn,-0.03234735665591981,0.03234735665591981,0.06688210729262149
Poc5,0.011103640402107097,0.011103640402107097,0.5294329984632523
Ptpra,0.049678933586617575,0.049678933586617575,0.004873254300578565
Gin1,0.01880680813703398,0.01880680813703398,0.2867791304847139
Cd8b1,0.06211281839762831,0.06211281839762831,0.00042968463297059423
Prss23,0.03970076165692661,0.03970076165692661,0.024491428297625118
Grap2,0.058821801866017515,0.058821801866017515,0.0008553041530110345
Kctd21,0.005250695105455977,0.005250695105455977,0.7661809209506419
Zfp692,0.028648995670337015,0.028648995670337015,0.10461867509707279
Zfp90,-0.0041093141434968734,0.0041093141434968734,0.8159701807301086
Rnf24,0.01306529463054442,0.01306529463054442,0.45931099624266414
Chml,-0.014862008004925762,0.014862008004925762,0.3999260755493287
Ggcx,0.010704819044618511,0.010704819044618511,0.5443271073758629
Trim47,-0.022681705064278575,0.022681705064278575,0.19888350874240113
Paip2b,-0.00044183976114733534,0.00044183976114733534,0.9800362146793955
Cdk20,0.04171696443233385,0.04171696443233385,0.01809537862791147
Chchd5,0.08515022146861574,0.08515022146861574,1.3568431281928303e-06
Dpep3,0.031050891299201813,0.031050891299201813,0.07858005843872602
Sfxn2,0.02000112233934863,0.02000112233934863,0.25726767995385114
4930402H24Rik,-0.028921488178312083,0.028921488178312083,0.10135803379763816
Eci2,0.09383970525087865,0.09383970525087865,1.0020657929108253e-07
Zfp160,0.002813307427226708,0.002813307427226708,0.8734077787599002
Camsap1,-0.00017617255592166818,0.00017617255592166818,0.9920392414947169
Lrsam1,-0.014157608654060662,0.014157608654060662,0.42263773478327654
Phf10,0.037207953643983535,0.037207953643983535,0.03503144391854289
9030025P20Rik,0.021011232229535215,0.021011232229535215,0.23400779554199516
Mzt1,-0.02963710897255083,0.02963710897255083,0.09317926077309424
Pdgfb,-0.027301877381666416,0.027301877381666416,0.12197794804419165
Ttll12,0.04723366515852565,0.04723366515852565,0.00743816169945605
Abca6,-0.05010625105275339,0.05010625105275339,0.004517850467105994
E130306D19Rik,0.015799667188798428,0.015799667188798428,0.3708583127770406
Ms4a1,0.037703411986791745,0.037703411986791745,0.03267252764016178
Ttyh2,-0.018471534989620418,0.018471534989620418,0.29545907578412994
Gtf3c5,-0.006147687832558258,0.006147687832558258,0.72770776150553
Pdp1,0.02138604484036664,0.02138604484036664,0.22576788329977585
4632428C04Rik,0.021464269595917664,0.021464269595917664,0.22407461995233996
Magi3,-0.01085972413643442,0.01085972413643442,0.5385174818537606
Pprc1,-0.0064756291478194165,0.0064756291478194165,0.7138056737169791
Trmt2a,0.06446642022178223,0.06446642022178223,0.00025733786895729106
Gfi1b,0.0027302496037235353,0.0027302496037235353,0.8771150554170106
Polg2,0.02715975176998893,0.02715975176998893,0.12393355147432467
Dach1,-0.009554147562086945,0.009554147562086945,0.5884320827142094
Optn,0.02162053718029547,0.02162053718029547,0.22071924604575613
Zfp51,-0.006204402177624152,0.006204402177624152,0.7252969619075932
Adora3,0.029261520349129155,0.029261520349129155,0.09740325246485294
Prkca,0.015340443781598254,0.015340443781598254,0.3849269844402561
Dennd2d,0.0034706097839412625,0.0034706097839412625,0.8441735448899221
Fam178a,-0.02349837357891986,0.02349837357891986,0.18318593474167505
Fcna,0.01955444800197055,0.01955444800197055,0.2680484075511191
Uhrf2,0.021165600089551418,0.021165600089551418,0.23058872094004856
Chaf1b,0.03333149677875219,0.03333149677875219,0.05899278054831618
Ddx31,0.028343233004524782,0.028343233004524782,0.10837595641775052
Polr2a,-0.009447255305986075,0.009447255305986075,0.592611611742785
Tdrd3,-0.009933654846661758,0.009933654846661758,0.573704302899247
Ccnj,-0.057907858003956904,0.057907858003956904,0.0010294422547303202
2010002M12Rik,-0.010358156871546995,0.010358156871546995,0.5574402520297368
Cdc45,0.03138716797114308,0.03138716797114308,0.07539664798134603
2610029I01Rik,0.019725031884194083,0.019725031884194083,0.2638952141040775
Donson,0.006112295379280844,0.006112295379280844,0.7292135830879245
Mms22l,0.015221177578472998,0.015221177578472998,0.3886334737206046
Kif11,0.014690120010323186,0.014690120010323186,0.4053994443273206
Cep55,0.05891849857091496,0.05891849857091496,0.0008385730963957218
Pkn3,0.018389544375976452,0.018389544375976452,0.29760823037129003
5730455O13Rik,0.025392710029627202,0.025392710029627202,0.15033680186259854
Abca8a,-0.04350359797986482,0.04350359797986482,0.013701924527866291
Tmem2,0.017602843756771458,0.017602843756771458,0.3187593185164488
Kbtbd7,-0.013046468786749532,0.013046468786749532,0.459958288848169
Camkk1,0.0005251242991012135,0.0005251242991012135,0.976274164005039
Acat2,0.025029418887533746,0.025029418887533746,0.15626139863119315
Scarf2,-0.030307363522375917,0.030307363522375917,0.08600736998423755
Cbwd1,-0.0008374244474273795,0.0008374244474273795,0.9621726150744011
Slc16a13,-0.0064434562591274515,0.0064434562591274515,0.7151654405721919
Lif,-0.04333928555436849,0.04333928555436849,0.014062404537399209
Rnf41,0.028540668246603104,0.028540668246603104,0.10593782246864657
Tsc1,0.010397172579152325,0.010397172579152325,0.5559567652504791
2310028H24Rik,0.009499442689558525,0.009499442689558525,0.5905693644810471
Scd1,-0.0179843504619173,0.0179843504619173,0.30838227429156473
Tmem181a,-0.009118827260036062,0.009118827260036062,0.6055376018518086
Insl6,0.027631844969343154,0.027631844969343154,0.11753069430791427
Hic2,0.0176495893189763,0.0176495893189763,0.31747568697738926
Anapc2,0.024106382789888095,0.024106382789888095,0.17210899854970538
Ak8,0.026375411022169875,0.026375411022169875,0.13516885035276427
Atp6v0d2,-0.07727782674254824,0.07727782674254824,1.1696507784352655e-05
Pi4ka,0.03330727751019973,0.03330727751019973,0.0591772292374177
Zc3h7b,-0.007157806584019276,0.007157806584019276,0.6851937242325654
Socs5,0.008092980375005797,0.008092980375005797,0.6466997200010334
Ap4b1,0.010323597359910062,0.010323597359910062,0.5587559083982359
Caskin2,-0.005924934400215669,0.005924934400215669,0.7372023963408888
1110035M17Rik,0.022217249601025862,0.022217249601025862,0.20823820328102635
Rtel1,0.015224199905310614,0.015224199905310614,0.388539280089307
Slc2a4rg-ps,0.03492491841578961,0.03492491841578961,0.04786453298307086
Uckl1,0.05507339765539023,0.05507339765539023,0.0017996912797976024
AU019990,-0.06838396296913202,0.06838396296913202,0.00010555651009069865
Ccdc94,0.05041367889418138,0.05041367889418138,0.004276859628123355
Samd10,-0.045084943160643494,0.045084943160643494,0.010628682674837152
Fam164a,0.029108007987918374,0.029108007987918374,0.09917315712722392
Hey1,-0.035185113264805,0.035185113264805,0.046226543066752966
2310035K24Rik,0.029507450429476535,0.029507450429476535,0.09462051961444791
Lsm11,0.06349755170315872,0.06349755170315872,0.0003184574232078092
Ly6a,0.08558936875731302,0.08558936875731302,1.1963004164160862e-06
4632415L05Rik,0.013723896827993867,0.013723896827993867,0.4369896458899377
Rad51c,0.03746311917665397,0.03746311917665397,0.03379903422736172
Zmat3,0.019528121699634048,0.019528121699634048,0.2686933488867833
Mccc1,0.03808578072592287,0.03808578072592287,0.030946245819628286
Reep5,0.03460253694098471,0.03460253694098471,0.04996136688872128
Stk35,-0.0010674240336492535,0.0010674240336492535,0.9517945620991143
2010001M09Rik,0.04011971718781873,0.04011971718781873,0.023020931070899555
D030028A08Rik,-0.022920321249181655,0.022920321249181655,0.194198611185117
Fbf1,0.0012332412681268536,0.0012332412681268536,0.9443175126573905
Gm5148,0.029674689596262276,0.029674689596262276,0.09276482971385694
Hspa4l,0.05225990335123833,0.05225990335123833,0.0030589326171347694
Hist3h2ba,0.049854382255607954,0.049854382255607954,0.004724380318085091
Taf4a,-0.021850785827183576,0.021850785827183576,0.21584121468326986
Bfsp1,-0.005895227640408036,0.005895227640408036,0.7384716882378595
Tslp,0.013506276720691952,0.013506276720691952,0.44429530064630723
Ptk2,0.001473642659253014,0.001473642659253014,0.933486182761595
Snta1,-0.0011307180872040584,0.0011307180872040584,0.9489399629871912
Stxbp4,0.0037959378844832662,0.0037959378844832662,0.8297806198693052
5430421N21Rik,-0.03205158840634992,0.03205158840634992,0.06941615543676298
Tgif2,0.018085473611460727,0.018085473611460727,0.3056695793387891
Krt79,-0.0760521073808994,0.0760521073808994,1.6073129778765385e-05
Morn2,0.018987053588870078,0.018987053588870078,0.28218456959165583
Dnmt3b,0.021943936222360887,0.021943936222360887,0.21388994750965803
Cdkl3,-0.003789119142477695,0.003789119142477695,0.8300817223403707
Unk,-0.004090956644100409,0.004090956644100409,0.8167776636477968
2500004C02Rik,0.015566967111085583,0.015566967111085583,0.37794694991200417
Mpp7,-0.0003043401272152531,0.0003043401272152531,0.9862481501768379
Ttc27,0.04305619604228724,0.04305619604228724,0.014703119470067307
Apbb3,0.014465557183653338,0.014465557183653338,0.4126171356872006
Zswim1,0.011564965582628909,0.011564965582628909,0.5124668776452875
Csad,-0.014967843071867604,0.014967843071867604,0.39657820876270866
Lyrm7,0.01569099448434613,0.01569099448434613,0.3741584350713901
Entpd6,0.003954660359756416,0.003954660359756416,0.8227788916012514
Slc13a3,0.008742590505107247,0.008742590505107247,0.6204982753002583
Xylt2,0.02393373878330697,0.02393373878330697,0.17520209570004244
Snai1,0.014617046890696081,0.014617046890696081,0.407739774743178
C330013E15Rik,0.038110824917559794,0.038110824917559794,0.030835961618685626
Zfp937,-0.028253457564114026,0.028253457564114026,0.10949917607937483
Zfp191,0.025471970431264895,0.025471970431264895,0.1490672622514702
Gzf1,0.06877289373021156,0.06877289373021156,9.636916768534491e-05
Ppp1r9b,-0.09133647858144882,0.09133647858144882,2.1757288005002855e-07
Zfp931,-0.006409852398490301,0.006409852398490301,0.7165866517664726
Psmf1,0.022972235504876457,0.022972235504876457,0.1931901576384866
Vars2,-0.015381389556940697,0.015381389556940697,0.383659491882752
Atp6v1g2,-0.00012997904078579836,0.00012997904078579836,0.994126556386181
Mcc,-0.014166388767252812,0.014166388767252812,0.42235007224983945
A630055G03Rik,0.044535045152378556,0.044535045152378556,0.01161979600963275
BC021614,0.013843720257989203,0.013843720257989203,0.4329967885728386
Rbm4b,-0.00620002264818125,0.00620002264818125,0.7254830293114577
Tuft1,-0.005840872719819019,0.005840872719819019,0.7407959745820355
Aff4,0.025018375967252492,0.025018375967252492,0.1564442211851477
Slc39a4,-0.01772251390802875,0.01772251390802875,0.3154799533721679
1810043H04Rik,-0.02813888039281103,0.02813888039281103,0.11094603937924138
Gm16516,-0.016006132324678592,0.016006132324678592,0.36463841248730605
Plcb3,0.0002020414440875462,0.0002020414440875462,0.9908703445460167
Slc9a3r2,-0.04668008486980187,0.04668008486980187,0.008165254516798748
C030006K11Rik,0.02172199842884317,0.02172199842884317,0.21856004421909409
Etaa1,0.03157147132017305,0.03157147132017305,0.07369704730076036
Them4,0.013848367366054522,0.013848367366054522,0.43284235994749864
Anxa9,0.03155482377764141,0.03155482377764141,0.07384926908168697
1700113I22Rik,0.03864008152631881,0.03864008152631881,0.028582987326572874
Harbi1,0.01691039785607965,0.01691039785607965,0.3381709822797548
Acp2,0.07210022377088053,0.07210022377088053,4.337911687776369e-05
Phgdh,0.08632858698186172,0.08632858698186172,9.664556326832079e-07
Specc1,0.05840934968822571,0.05840934968822571,0.0009302026547977251
5730408K05Rik,0.029042317783382468,0.029042317783382468,0.09993832071435306
Rom1,0.0017563003654489,0.0017563003654489,0.920766862175794
Dusp19,0.029238519539391702,0.029238519539391702,0.09766681908510792
Zfp944,-0.018380831400879757,0.018380831400879757,0.29783722891699177
Rbm45,0.016031751111149874,0.016031751111149874,0.36387119898707165
Adcy3,0.0022677364314335775,0.0022677364314335775,0.8978063538000636
Spc25,0.03083150123247616,0.03083150123247616,0.08071526239670494
Zfp7,0.014572602434977124,0.014572602434977124,0.4091671359263375
Cenpo,0.03653638241272969,0.03653638241272969,0.03845968548346693
Ints3,0.057554064365910776,0.057554064365910776,0.0011052503652710466
1110002L01Rik,0.015252054587412703,0.015252054587412703,0.3876718173249264
Ppic,-0.0367806115730715,0.0367806115730715,0.03718132627484738
Fam48a,0.026559622621886943,0.026559622621886943,0.13246189246378365
Jmjd4,0.017577961208690897,0.017577961208690897,0.31944397569470767
Spg20,-0.00442607879552461,0.00442607879552461,0.8020682560342406
Rnd1,0.0033915414657121707,0.0033915414657121707,0.8476796904732299
Fam198b,-0.008127759293895347,0.008127759293895347,0.6452854090404591
Lrba,0.0037718534589944166,0.0037718534589944166,0.8308442530014395
Cd1d1,0.04431866011757995,0.04431866011757995,0.012031738983941142
B230217C12Rik,-0.010342199170827284,0.010342199170827284,0.5580475631552938
4933439C10Rik,-0.017545934073509246,0.017545934073509246,0.3203266347333993
Hspa1b,-0.012457338862472968,0.012457338862472968,0.48047038458525754
Zbtb12,0.017701663514900642,0.017701663514900642,0.31604972521962427
Kat2a,0.02103409914396996,0.02103409914396996,0.23349906580758778
5730403B10Rik,-0.0051638206335369915,0.0051638206335369915,0.7699396220152304
Myo10,-0.00816988072454802,0.00816988072454802,0.6435742252318195
4930549G23Rik,0.005594593554524498,0.005594593554524498,0.7513565576344042
Tmem106c,0.04731573424371859,0.04731573424371859,0.007335457847369375
BC033916,-0.06000910093673502,0.06000910093673502,0.0006697573253580577
Top2a,0.0472537809126997,0.0472537809126997,0.007412869648221012
5430411K18Rik,0.0006307664382585416,0.0006307664382585416,0.9715029664426829
Kif3c,0.008324718232146502,0.008324718232146502,0.6373002248736802
Zfr,0.06851576898881519,0.06851576898881519,0.00010235419122959562
Chac1,-0.10886402132423148,0.10886402132423148,6.254585413566604e-10
Mettl22,0.035823115692949783,0.035823115692949783,0.04240879389751487
Amacr,0.014992244081227834,0.014992244081227834,0.39580873998512045
Fam161a,0.007513799038379669,0.007513799038379669,0.6704368905030834
1810049H13Rik,0.02921084969052959,0.02921084969052959,0.0979846428297389
Dolk,0.05734907780760021,0.05734907780760021,0.0011515014371432652
Cyp51,-0.0038336756825044817,0.0038336756825044817,0.8281146445916834
Pea15a,-0.011159307512571317,0.011159307512571317,0.5273706887119436
Zscan2,0.029525309982297514,0.029525309982297514,0.09442094229298245
Opn3,0.02141344647987717,0.02141344647987717,0.2251737079209636
Hps5,-0.006250994738995433,0.006250994738995433,0.7233184495127144
Sphk2,-0.010313604128069056,0.010313604128069056,0.5591366245539011
Dbp,-0.09057721607038512,0.09057721607038512,2.7416741427152924e-07
Mtx3,-0.017570998676218866,0.017570998676218866,0.3196357257360092
Ccne1,0.025447991940345065,0.025447991940345065,0.1494504675698221
Mfsd7b,0.018155790149196646,0.018155790149196646,0.3037926431011056
Nmb,0.05100704949164765,0.05100704949164765,0.0038443934535556386
Zfp790,0.03177067558706074,0.03177067558706074,0.07189538037962036
Zfp780b,-0.008704748389145851,0.008704748389145851,0.6220118930348788
Megf8,0.013566462653211216,0.013566462653211216,0.4422678777672473
9130221H12Rik,-0.011609784714416437,0.011609784714416437,0.5108337989653227
Ceacam10,-0.028865094541226224,0.028865094541226224,0.10202611533388072
Irgq,0.005640231540264587,0.005640231540264587,0.7493959918817256
Pvrl2,0.05378817855405792,0.05378817855405792,0.002299950641843878
Qpctl,0.02390539054285519,0.02390539054285519,0.17571392206068545
Gltscr1,0.038038723300317816,0.038038723300317816,0.031154382684624084
Gm4636,0.013970185053328343,0.013970185053328343,0.4288055991869647
Hdgfrp3,-0.0016124378455542958,0.0016124378455542958,0.9272382101374692
Serpinh1,-0.09077742021062382,0.09077742021062382,2.5799821750863714e-07
Snora31,-0.034925462632430175,0.034925462632430175,0.047861056777813715
Ins2,0.06929219252750735,0.06929219252750735,8.527425208412375e-05
Fntb,0.03168700306597521,0.03168700306597521,0.07264769988422995
5830432E09Rik,-0.02172964013870214,0.02172964013870214,0.21839803698811813
Ctla2b,0.008913264072495158,0.008913264072495158,0.6136916501338235
9130023H24Rik,-0.013119227684984585,0.013119227684984585,0.45745943196777733
Zfp367,0.01692696299197335,0.01692696299197335,0.33769792275098237
Habp4,0.04136716319055972,0.04136716319055972,0.019087172927044736
Zfp747,-0.006418706442960311,0.006418706442960311,0.7162120913951977
Sult1a1,-0.04263182715511446,0.04263182715511446,0.015711768888647573
Rsl1,0.019531141851761514,0.019531141851761514,0.26861930721006777
D430042O09Rik,-0.005430289215236711,0.005430289215236711,0.7584281309260649
Fam78b,-0.05122091032961612,0.05122091032961612,0.0036985312618788204
Dctn5,0.010565312585423047,0.010565312585423047,0.5495857303465175
Ears2,0.02291010977596065,0.02291010977596065,0.1943974265062794
Pde3b,0.059691214232804504,0.059691214232804504,0.0007153774403808947
Sbf2,0.0074930908364659165,0.0074930908364659165,0.6712918959682572
St5,-0.01426407958599319,0.01426407958599319,0.4191571757753429
Hbb-b1,0.19382250713429178,0.19382250713429178,1.5281202704230554e-28
Hbb-b2,0.08878253812097775,0.08878253812097775,4.7009691570365567e-07
Zfp444,0.0492055530486631,0.0492055530486631,0.005296329397674301
Ascl2,-0.021928824052860243,0.021928824052860243,0.21420564222607527
Adamts6,-0.006750431865286712,0.006750431865286712,0.7022287070506691
Gm8994,0.01918462267876533,0.01918462267876533,0.2772060319173598
Pot1a,0.01053112927027816,0.01053112927027816,0.5508780603899445
Ppp1r9a,0.00030634912832843943,0.00030634912832843943,0.9861573809438242
Col1a2,-0.14212516325111668,0.14212516325111668,5.950368109904993e-16
B3galtl,-0.04497630516607879,0.04497630516607879,0.010818311268801383
Ccdc66,0.03776135527378818,0.03776135527378818,0.032405746481352714
Slc7a1,-0.049459290994946635,0.049459290994946635,0.005065602100218801
Actr8,0.03007524066374017,0.03007524066374017,0.08843893024482886
2210417K05Rik,0.05623261798878551,0.05623261798878551,0.0014363514703448588
Tmem209,0.026701700221146374,0.026701700221146374,0.13040290270649685
Nek4,0.035616522460940984,0.035616522460940984,0.04361473951161506
Stab1,0.012110748816839385,0.012110748816839385,0.4927667530593654
Tmem26,0.004942572768820619,0.004942572768820619,0.7795363456229714
Trim56,0.03721524058272814,0.03721524058272814,0.03499572434931928
Sh2b2,0.010092275324094721,0.010092275324094721,0.5676007864723676
Rhbdd2,-0.00018939926267366313,0.00018939926267366313,0.991441584713127
Gstt3,0.0340376405570285,0.0340376405570285,0.05382111437236719
Gtf2i,0.03902573292064632,0.03902573292064632,0.02703191396824281
Gtf2ird2,-0.000807704145820232,0.000807704145820232,0.9635141609178841
Baat1,-0.008250327736208747,0.008250327736208747,0.6403113139937264
Copg2,0.012398250891301603,0.012398250891301603,0.4825548271170126
Trim24,0.01159817064780572,0.01159817064780572,0.5112567206530609
Mgam,-0.012907136203028845,0.012907136203028845,0.46476482035828276
Vwf,0.027319926360818692,0.027319926360818692,0.12173133486751003
Acrbp,-0.011756516078537803,0.011756516078537803,0.5055064126953912
Tcf21,-0.043825592201742716,0.043825592201742716,0.013019095277482386
Phc1,-0.0010778617222458754,0.0010778617222458754,0.9513237726365392
Dcp1b,0.023382964623679663,0.023382964623679663,0.18534683693484216
Cxcl12,-0.004721561724371147,0.004721561724371147,0.7891564477341212
Kbtbd8,-0.02434149336897047,0.02434149336897047,0.1679626660201431
Fyn,0.0031723582689046088,0.0031723582689046088,0.8574145411837805
Chchd6,0.022012531836862848,0.022012531836862848,0.21246119565358554
Cep57l1,0.018234653988589214,0.018234653988589214,0.3016966804416383
Nid2,-0.004584203110220273,0.004584203110220273,0.7951516856727037
Tnip3,0.11346228879715217,0.11346228879715217,1.142809637126813e-10
Hoxa5,0.005534915756873437,0.005534915756873437,0.7539226813736161
Mcm9,0.028229340325788176,0.028229340325788176,0.10980247951731956
D330028D13Rik,0.017772207687065382,0.017772207687065382,0.3141247085208064
Gpnmb,0.0664315408209747,0.0664315408209747,0.00016555359835261044
Gimap9,0.03097186535446793,0.03097186535446793,0.07934381899809231
Usp54,0.003977357167317894,0.003977357167317894,0.8217788046083838
Zfp956,0.0402690917693819,0.0402690917693819,0.022515497545473204
Shprh,0.037402885946876456,0.037402885946876456,0.034086559780621355
Niacr1,-0.06489496845660553,0.06489496845660553,0.00023397432949012599
Cdkn1c,-0.010314409281464128,0.010314409281464128,0.5591059456406756
Irs2,-0.020618948096454218,0.020618948096454218,0.24285757247162956
Slc39a10,-0.01151621123755254,0.01151621123755254,0.5142464284943756
Itga9,0.001560657173496047,0.001560657173496047,0.9295686535411467
Tmem194b,0.009882376494117192,0.009882376494117192,0.5756840578942043
Klhl18,-0.06007775675510363,0.06007775675510363,0.0006602663144628295
2610002I17Rik,0.08138162170915902,0.08138162170915902,3.899080021835174e-06
Nme6,0.023539356878662633,0.023539356878662633,0.18242307585250178
Cdca7l,0.02333313766370332,0.02333313766370332,0.1862855928426931
1700019E19Rik,0.0011509952661215858,0.0011509952661215858,0.9480255870314228
Zfp105,-0.011412950381850358,0.011412950381850358,0.5180260645595983
Acpp,0.004776956505060619,0.004776956505060619,0.7867421580751813
Acad11,0.019730370708679976,0.019730370708679976,0.2637659500549779
Rab6b,0.0426501182138698,0.0426501182138698,0.015667070702755977
Ppp2r3a,-0.005014382103982059,0.005014382103982059,0.7764178224614187
Tfdp2,0.014030838147861754,0.014030838147861754,0.4268038815413876
Plscr4,-0.003231296421715728,0.003231296421715728,0.854794653222802
9330159M07Rik,-0.01103265454780648,0.01103265454780648,0.532068757956452
Gpr137b,0.06211593751199105,0.06211593751199105,0.0004293976316413931
Stradb,0.043306301903286264,0.043306301903286264,0.014135766406693001
Pfkp,0.0732631966660763,0.0732631966660763,3.2552904973545655e-05
Ppp1r13b,0.01583908167447192,0.01583908167447192,0.36966586857262035
Xrcc3,0.021827236331758152,0.021827236331758152,0.21633654041094813
Alkbh1,0.032354034716115934,0.032354034716115934,0.06682578257055893
Trappc2,-0.0021526667133674616,0.0021526667133674616,0.9029655598977974
Piga,0.007438984348202877,0.007438984348202877,0.6735278639766998
Apex2,0.034811751940462765,0.034811751940462765,0.04859201024370709
Ammecr1,0.012108974833143308,0.012108974833143308,0.4928301214207158
BC065397,-0.00792386974485264,0.00792386974485264,0.6535948509827719
Atp7a,-0.03212520961911684,0.03212520961911684,0.06877813955827469
Fam135a,-0.0142349800110177,0.0142349800110177,0.42010677020248555
Tab3,-0.006509364407303781,0.006509364407303781,0.7123808494961318
Dst,-0.002237252503651456,0.002237252503651456,0.8991727041068299
Arhgef4,0.007417134135520426,0.007417134135520426,0.6744316504527966
Xlr3b,0.05263859447402312,0.05263859447402312,0.0028521027857696343
Wdr25,0.029513728202084782,0.029513728202084782,0.09455032814514432
2610018G03Rik,0.03637750645467288,0.03637750645467288,0.03931117607443926
Aff3,0.011466005099123254,0.011466005099123254,0.5160823214860647
Gpr34,0.03761828229904762,0.03761828229904762,0.03306788873545578
Tecpr2,0.0008344893266478581,0.0008344893266478581,0.9623050989029477
Xk,0.022973021602901253,0.022973021602901253,0.1931749170032718
Suv39h1,-0.01164586771117056,0.01164586771117056,0.5095210174843537
Uxs1,0.005603956729634629,0.005603956729634629,0.7509541929749927
Mto1,0.06586105954056726,0.06586105954056726,0.00018840097543531778
Nadsyn1,0.05073360547067895,0.05073360547067895,0.00403849820838066
Gnb5,0.025263222837018873,0.025263222837018873,0.15242854416186558
Nedd4,-0.03760182487322663,0.03760182487322663,0.033144790941666474
Pdcd1,0.04780161637367204,0.04780161637367204,0.006753044727433964
Terf2,0.012398737161193116,0.012398737161193116,0.48253765298381207
D230025D16Rik,0.01296394220874896,0.01296394220874896,0.46280182947676524
Mgat5,0.046735143576215415,0.046735143576215415,0.008090193024505718
Dstyk,-0.020586206249580956,0.020586206249580956,0.24360670992998718
Zfp617,0.015468875836173143,0.015468875836173143,0.3809598910683049
Map3k9,-0.028359210505105027,0.028359210505105027,0.10817701359764081
C78339,0.03507428459988599,0.03507428459988599,0.04691837658497007
Entpd5,0.0331067825975246,0.0331067825975246,0.06072260184379466
Atp2b4,-0.002725348731591707,0.002725348731591707,0.877333890321685
Armc6,0.04494464473174755,0.04494464473174755,0.010874137616935316
Zfp930,0.01578318022983544,0.01578318022983544,0.3713578156949721
Fbxw17,0.013723245835528213,0.013723245835528213,0.4370113965323304
Neil3,0.004856619767171105,0.004856619767171105,0.7832737618202226
Purg,0.01024052790863117,0.01024052790863117,0.5619244579002842
4930444A02Rik,-0.021858161245527787,0.021858161245527787,0.21568625263152544
1810011O10Rik,-0.018343144207414893,0.018343144207414893,0.298829096667477
Slc25a15,0.01915859199346227,0.01915859199346227,0.27785853539170674
Rnf144b,0.00718513227420984,0.00718513227420984,0.6840566485639508
Thap4,0.004635817371720375,0.004635817371720375,0.7928974589861559
Taf1c,0.017700280828721767,0.017700280828721767,0.3160875332897504
Wfdc1,0.012263569325526604,0.012263569325526604,0.4873242822158652
2810408I11Rik,0.05338338382594856,0.05338338382594856,0.002482105991185511
Zfp609,0.01838261290579712,0.01838261290579712,0.2977903969912823
1110028C15Rik,-0.030332788648363022,0.030332788648363022,0.08574434649505831
Tipin,-0.0020286743184742403,0.0020286743184742403,0.9085294001171826
Gm10653,0.030010652763257484,0.030010652763257484,0.08912527046142134
Arid3b,-0.04502327706525867,0.04502327706525867,0.010735955586044255
Cyp27a1,-0.004265690722394328,0.004265690722394328,0.8090997158602177
Sik2,-0.03234269004497868,0.03234269004497868,0.06692149004514258
Usp28,0.015478100830511094,0.015478100830511094,0.38067591260879924
Cep164,-0.01297242468426113,0.01297242468426113,0.4625091057404445
Cd3e,0.05816935421671922,0.05816935421671922,0.000976534276272386
Epha4,0.055339910267180666,0.055339910267180666,0.0017093770998743518
Thy1,0.05615038830161851,0.05615038830161851,0.0014597085656518655
BC024479,0.0017203301463799736,0.0017203301463799736,0.9223844309140796
Ccdc15,0.024973096010174903,0.024973096010174903,0.15719555548408531
Ets1,0.021574495195756573,0.021574495195756573,0.22170409462189547
Hist1h2bb,0.032183093548214935,0.032183093548214935,0.06827989508083575
C130036L24Rik,-0.004493686460130273,0.004493686460130273,0.79910907416168
Gas8,-0.008689254281393062,0.008689254281393062,0.6226320917613881
Cyp20a1,0.05327979550363797,0.05327979550363797,0.0025307936653132745
Ybey,-0.029302686649438643,0.029302686649438643,0.09693294620459984
Arsg,0.04251814082905228,0.04251814082905228,0.015992108662025988
Gja4,0.00608730910849317,0.00608730910849317,0.7302772884981629
5730507C01Rik,-0.003072824030856662,0.003072824030856662,0.861842537034795
Cand1,0.033844304339129536,0.033844304339129536,0.05519799057577806
AV051173,0.03142768103935868,0.03142768103935868,0.0750203296215024
Areg,-0.003335462282076908,0.003335462282076908,0.8501682552004187
Atpaf1,0.04303212859393621,0.04303212859393621,0.014758759322788242
3110021N24Rik,-0.028152665749773077,0.028152665749773077,0.11077116566033057
Eid3,0.03437360361476188,0.03437360361476188,0.05149669051158522
Rsbn1l,0.05926004879752038,0.05926004879752038,0.0007818744226553554
Slc35d1,-0.002895541785948634,0.002895541785948634,0.8697399921858026
Atg9b,0.004759146289790233,0.004759146289790233,0.787518164521189
Dock7,0.03357135059034484,0.03357135059034484,0.05719173253909817
Hgf,0.0403531173796758,0.0403531173796758,0.02223544201581669
Cnr2,0.0011215379927647677,0.0011215379927647677,0.9493539509151092
Fggy,0.023738326025548817,0.023738326025548817,0.17875292628883807
Pkd2,0.02216654592106347,0.02216654592106347,0.2092784263634334
Ift74,0.017414851581694462,0.017414851581694462,0.32395582498441206
Haus6,0.02347538158160448,0.02347538158160448,0.18361493868595233
Rpap2,0.02092280516916418,0.02092280516916418,0.23598245547203942
Cntln,0.0410889294281409,0.0410889294281409,0.019909649137687526
Wdhd1,0.05019670130058042,0.05019670130058042,0.004445700803419763
Adat3,0.01599036940481645,0.01599036940481645,0.3651109710772141
2900005J15Rik,-0.03278576247057911,0.03278576247057911,0.06326646168380944
Wdtc1,-0.0040810015106868365,0.0040810015106868365,0.8172156369081567
Slc5a6,0.030962636102885605,0.030962636102885605,0.07943340891098541
Tbxa2r,-0.02725821257162593,0.02725821257162593,0.12257617905352075
Haus3,0.05367935732630525,0.05367935732630525,0.0023476771332448685
Tmem129,0.04865185393018015,0.04865185393018015,0.005833070738690755
Snhg12,0.06680942045299412,0.06680942045299412,0.00015188295252085786
Iqcc,0.015313457098434903,0.015313457098434903,0.3857637651712091
S100pbp,0.0193792783342987,0.0193792783342987,0.2723597391387895
5730409E04Rik,0.00020196145464509445,0.00020196145464509445,0.9908739588748217
Rgs12,0.028064791466559012,0.028064791466559012,0.11188962683732413
Oscp1,-0.049768883153570864,0.049768883153570864,0.00479640730072241
Tbc1d19,0.0183763662151463,0.0183763662151463,0.2979546306418582
Pias4,0.07033194484932428,0.07033194484932428,6.658367499918115e-05
Trim35,0.00035477468178502907,0.00035477468178502907,0.9839695095907943
N4bp2,0.03483224589137188,0.03483224589137188,0.048459583393687965
Tec,0.07038516009198181,0.07038516009198181,6.573992250129362e-05
Kitl,-0.053455178609047284,0.053455178609047284,0.00244886584873692
Kdr,-0.01655679000541637,0.01655679000541637,0.34837049331179354
Gna15,0.02806416297576947,0.02806416297576947,0.1118976581997396
Ppat,0.027473961590400674,0.027473961590400674,0.11964249024376124
Spink2,0.02532565322241239,0.02532565322241239,0.15141729318397995
Ankrd24,0.018586659041781244,0.018586659041781244,0.29245899569636846
Ahdc1,-0.01717498064813078,0.01717498064813078,0.3306660061022345
Ssh1,0.0024789862617863234,0.0024789862617863234,0.8883462528185463
Tmco4,0.02193652981975277,0.02193652981975277,0.21404462604902566
Tmem48,0.03766909907028676,0.03766909907028676,0.03283139496739744
Laptm5,-0.10708019927028137,0.10708019927028137,1.1872331819438043e-09
Nt5dc3,0.016138920318091596,0.016138920318091596,0.36067272153880753
Susd1,-0.014105580988048741,0.014105580988048741,0.4243446677579852
Dffa,0.013274547946209286,0.013274547946209286,0.4521506345127794
Iqcd,-0.0011372581828100392,0.0011372581828100392,0.9486450375307585
Col6a1,-0.06462725830078539,0.06462725830078539,0.0002483241102081886
Myo1h,-0.03143004929913469,0.03143004929913469,0.07499837881119888
Tmem201,0.025511463726319718,0.025511463726319718,0.14843774640114352
Spen,0.06479243669587469,0.06479243669587469,0.00023937578867253505
Zfp189,0.004848971225703113,0.004848971225703113,0.7836065801132073
Espn,-0.00010753224344512453,0.00010753224344512453,0.9951408599115024
1700012D01Rik,0.0015369383918616155,0.0015369383918616155,0.9306363450145261
Prdm10,0.004909223814915811,0.004909223814915811,0.7809858283701084
Ptprm,-0.00569568378958355,0.00569568378958355,0.747015992002366
Oaf,0.022513246601346775,0.022513246601346775,0.20224032867510885
Kank2,0.002786535612831163,0.002786535612831163,0.8746024363358702
Dock6,-0.013539974687764078,0.013539974687764078,0.443159498597568
Spa17,0.001646936290009214,0.001646936290009214,0.9256859164761597
Trmt61b,0.0018363630478665785,0.0018363630478665785,0.917167655863178
4930430F08Rik,0.031154819373193803,0.031154819373193803,0.07758474131467136
Nmnat1,-0.017799724290071622,0.017799724290071622,0.31337592674460507
Anln,0.03386499432739368,0.03386499432739368,0.05504925493055537
Memo1,0.05858854520746376,0.05858854520746376,0.0008969453110746928
Prelp,-0.046683100946364735,0.046683100946364735,0.008161126628148458
Zfp882,-0.0007351079118301605,0.0007351079118301605,0.9667915115896547
Pus3,0.028982473965089312,0.028982473965089312,0.10063947449797536
4930581F22Rik,0.01885182041127982,0.01885182041127982,0.28562703914242116
Carns1,-0.039666297789266905,0.039666297789266905,0.024615937315753053
Sox13,-0.026119537557979695,0.026119537557979695,0.1389995034781446
Ltbp1,-0.020932742501520562,0.020932742501520562,0.23575995964076463
Chpt1,-0.02380911784670678,0.02380911784670678,0.17746044289945803
Strn,0.042629663493848925,0.042629663493848925,0.015717063675384703
Ano8,0.02849509321273768,0.02849509321273768,0.10649673403648485
B3gnt3,0.03153480850856823,0.03153480850856823,0.07403262472917096
Glb1l2,0.03851075373982622,0.03851075373982622,0.02912001494275187
Dram1,0.06940221922839465,0.06940221922839465,8.308381747789782e-05
Rttn,0.03482488304654915,0.03482488304654915,0.048507125366595585
Snx7,0.05078524382674453,0.05078524382674453,0.004001175222025432
Ccl2,0.030472210036085346,0.030472210036085346,0.0843135580198755
Dennd2c,-0.035929968686182936,0.035929968686182936,0.04179620224465399
Rufy4,-0.03247376891659294,0.03247376891659294,0.06582251651216989
Dctd,0.005121758804127381,0.005121758804127381,0.7717614132420789
Csk,-0.032582592909036465,0.032582592909036465,0.06492146399426954
Snupn,0.015496246499270661,0.015496246499270661,0.38011770311089893
Scaper,0.01481630735022581,0.01481630735022581,0.4013769537555855
Elovl6,0.0176505033725822,0.0176505033725822,0.3174506209070402
Gpm6a,0.01801998861378959,0.01801998861378959,0.3074244469345957
Sgol1,0.04209931392912234,0.04209931392912234,0.01706317983383689
Atad5,0.0362879979792201,0.0362879979792201,0.03979790174371989
Bco2,0.022533637780029432,0.022533637780029432,0.20183181816190757
Arhgap29,-0.01367662606806155,0.01367662606806155,0.43857065280293855
Chpf,0.007350182866596334,0.007350182866596334,0.6772038638336498
Kdm4b,0.01143982059951678,0.01143982059951678,0.5170411590950834
Ptprs,-0.006953088144272671,0.006953088144272671,0.6937349926484161
Slc44a3,0.007873650886981874,0.007873650886981874,0.6556481593081036
Tmem98,-0.041417578990363316,0.041417578990363316,0.018941361023940537
Ctsf,0.00031167112705087223,0.00031167112705087223,0.9859169271214582
Zfp652,0.007458367067292914,0.007458367067292914,0.6727265340837992
Fxyd6,-0.01158306282817977,0.01158306282817977,0.5118071393864904
Slc25a23,-0.018372096370108757,0.018372096370108757,0.298066925235915
Mpzl3,-0.029254024575401952,0.029254024575401952,0.09748908415399327
Znrf3,0.011966322847657241,0.011966322847657241,0.4979400423638936
Trnau1ap,0.007790092538674261,0.007790092538674261,0.6590703919921774
Fbxl17,-0.01961274658963832,0.01961274658963832,0.26662399601584585
Man2a1,-0.05172240631227913,0.05172240631227913,0.0033760108062990007
Sh3rf1,-0.011165965328778272,0.011165965328778272,0.5271243098721852
Utp14b,0.029987659297301756,0.029987659297301756,0.08937064212662035
Gm7609,0.07966862620029136,0.07966862620029136,6.2073505400188285e-06
Pvrl1,-0.01441809227972232,0.01441809227972232,0.41415239721777763
Thada,0.03160451291645618,0.03160451291645618,0.07339568117926738
Gm6531,0.028543941293869494,0.028543941293869494,0.10589777296151165
5730577I03Rik,0.005550911419301494,0.005550911419301494,0.7532346058503048
Tmco7,0.022692582527189607,0.022692582527189607,0.19866816440417664
Slc7a6,0.014961734526107811,0.014961734526107811,0.3967709786246465
E130303B06Rik,0.002507983648224149,0.002507983648224149,0.8870489129867096
Exoc3l,0.02325117866639892,0.02325117866639892,0.18783735893605547
C1qb,0.14813570090121558,0.14813570090121558,3.2777246606679023e-17
Ctse,-0.043445530842427,0.043445530842427,0.013828373278371785
Fam72a,0.01031085855410799,0.01031085855410799,0.5592412458233911
Mcm6,0.07194960122736152,0.07194960122736152,4.5008675743465734e-05
Expi,0.040466223665716276,0.040466223665716276,0.021863245227741794
Pdp2,0.016444187935825465,0.016444187935825465,0.3516590039241955
Nme5,-0.018835574346562516,0.018835574346562516,0.28604249679469856
4933408B17Rik,-0.011446247987555964,0.011446247987555964,0.5168057122887749
Hook2,0.034073486550250734,0.034073486550250734,0.053569006782567374
Wdr83,0.039464953949158256,0.039464953949158256,0.025354350541613786
Trim37,0.008176944776669231,0.008176944776669231,0.6432874325575573
Slc23a1,0.022301772740178114,0.022301772740178114,0.20651248703122857
Gpr97,0.009881303908007105,0.009881303908007105,0.5757255027197797
Pllp,-0.017775874762622802,0.017775874762622802,0.31402485218908927
Tmem177,0.03858097132297346,0.03858097132297346,0.02882737255299059
Nrg2,-0.001392189743060625,0.001392189743060625,0.9371547816645371
Bbs2,0.011008837311093953,0.011008837311093953,0.5329545963777146
Slc6a2,0.02895008996554548,0.02895008996554548,0.10102052899690037
Tox3,0.0038299609707764986,0.0038299609707764986,0.8282786003338085
Vaultrc5,0.04247412130829735,0.04247412130829735,0.016101831540171477
Fchsd1,-0.013178225289194706,0.013178225289194706,0.4554388036499222
Pcdh1,0.0254656562556803,0.0254656562556803,0.14916809763430716
Iigp1,0.047020184014415906,0.047020184014415906,0.007711382620714036
Slc35f5,0.0446731149831513,0.0446731149831513,0.011363528488551333
Gpt2,0.006922533784326763,0.006922533784326763,0.6950131568072923
Txnl4b,-0.01798690684407999,0.01798690684407999,0.3083135021760102
Aebp1,0.02053428708426687,0.02053428708426687,0.244797950930989
Sh3tc2,0.021465190663240683,0.021465190663240683,0.22405473661155417
AW554918,0.0023039914532341855,0.0023039914532341855,0.8961817261055994
4833418N02Rik,0.014814249789224273,0.014814249789224273,0.4014423502359277
Lmnb1,-0.007963242561613355,0.007963242561613355,0.6519868371405
Msh6,0.012004116508502815,0.012004116508502815,0.4965835015444994
Slfn8,0.012007904069214807,0.012007904069214807,0.49644766198764056
Gm4832,-0.020272764359788663,0.020272764359788663,0.25086048043541087
LOC100044193,0.009984513777289265,0.009984513777289265,0.5717439321577887
8030462N17Rik,0.018138681994885893,0.018138681994885893,0.3042485994231386
Celsr2,-0.014132389315820327,0.014132389315820327,0.4234646327705015
Sh3bp4,0.05293360671788232,0.05293360671788232,0.0026999093274520125
Slfn10-ps,0.0033306957271277207,0.0033306957271277207,0.8503798445820978
Cxcr7,0.002253036159403158,0.002253036159403158,0.8984652116921437
Acsf3,-0.003524629053987303,0.003524629053987303,0.8417799240453097
Dgke,0.015563543157200089,0.015563543157200089,0.37805187124271133
Dcn,-0.062479935661436406,0.062479935661436406,0.00039710673313800103
Camk2b,-0.03600818162472991,0.03600818162472991,0.04135256518004411
D18Ertd653e,0.019812172631827548,0.019812172631827548,0.26179081338861704
Cenpn,0.022429948972626415,0.022429948972626415,0.2039153432719104
Mov10,-0.013593843882538892,0.013593843882538892,0.4413472678047725
Gstm7,-0.017011205099628068,0.017011205099628068,0.3352987554561089
Grrp1,0.010136205020726026,0.010136205020726026,0.5659159383020854
Spic,0.05194145706120628,0.05194145706120628,0.0032433426217907467
Mks1,0.022887811269203782,0.022887811269203782,0.194832092798059
Cul7,0.009404291123196311,0.009404291123196311,0.5942953531961896
Taf4b,0.009999366730582281,0.009999366730582281,0.5711720224052513
Spire1,-0.03019701450356775,0.03019701450356775,0.08715649304252301
Bzrap1,0.03872110641262266,0.03872110641262266,0.02825089734937571
Ftsjd1,-0.0068671165030116,0.0068671165030116,0.6973336084675713
Ddx56,0.041496788661065466,0.041496788661065466,0.018714238173064602
Gm4890,-0.010845977188944308,0.010845977188944308,0.5390317935648128
Elk4,0.031404160833661064,0.031404160833661064,0.07523861733112741
Yap1,-0.06112836562498125,0.06112836562498125,0.0005297718693878548
Gm5431,0.024445479554325855,0.024445479554325855,0.16615289601092748
Tmem202,-0.025788738249999284,0.025788738249999284,0.14407504597134693
Xlr4a,0.01707599534749681,0.01707599534749681,0.33346104957691564
D4Bwg0951e,-0.0054328798696815835,0.0054328798696815835,0.7583164718634191
Megf9,0.003180566510091903,0.003180566510091903,0.8570495779377424
Hexim2,0.0296758323622872,0.0296758323622872,0.09275225074483805
Ccl27a,0.017582366244906757,0.017582366244906757,0.3193226986600952
Tbl1x,0.08779049457234615,0.08779049457234615,6.305509250489037e-07
Ttc39b,0.012999363037327169,0.012999363037327169,0.4615801686727723
Unc13b,0.024789863481706968,0.024789863481706968,0.16026388075662207
Gm11648,0.017218316857757914,0.017218316857757914,0.329447106363691
Cd72,0.040963963711959234,0.040963963711959234,0.020289009722618184
Cxcr3,-0.006451518648368411,0.006451518648368411,0.7148246037306866
Enox,-0.0006382775336451207,0.0006382775336451207,0.9711637738353291
St3gal6,-0.0536038001071337,0.0536038001071337,0.0023813461265618317
Filip1l,0.0869365053072837,0.0869365053072837,8.098741463649701e-07
2810055G20Rik,-0.0050451129687628105,0.0050451129687628105,0.7750843444978349
Slc5a3,-0.0007489234025984315,0.0007489234025984315,0.9661677675653846
Mrps6,0.040303948733304784,0.040303948733304784,0.022398950230926588
Higd1b,-0.022410252225346837,0.022410252225346837,0.20431289208285044
Pim2,0.005274241125175662,0.005274241125175662,0.7651631242038411
Tagap1,0.003418200157230271,0.003418200157230271,0.846497217311469
Il18r1,0.0027956107892535467,0.0027956107892535467,0.8741974361811641
Dynlt1b,0.004187450858663529,0.004187450858663529,0.8125354112488352
Med14,-0.0008019578572508611,0.0008019578572508611,0.9637735548888011
3300005D01Rik,0.05357854981755217,0.05357854981755217,0.0023926960182679906
C2cd2,0.004897969511279408,0.004897969511279408,0.781475158694511
Prdm15,0.0061634584775472154,0.0061634584775472154,0.7270371151755802
Creg2,0.009679242603745388,0.009679242603745388,0.5835581769702683
Itgb2l,-0.008619079112146487,0.008619079112146487,0.625444413587927
Timp1,-0.03196313188097338,0.03196313188097338,0.07018915371800993
Mgat4a,-0.0010418062603289812,0.0010418062603289812,0.9529501166248816
Actr1b,-0.01817772162469628,0.01817772162469628,0.3032088024986086
Fam122b,-0.005455149995884999,0.005455149995884999,0.7573568215163897
Mtap7d3,0.004604522412877983,0.004604522412877983,0.7942640452762544
B230206F22Rik,0.014636501342415214,0.014636501342415214,0.4071159175047965
AI597479,0.01653682508545838,0.01653682508545838,0.3489521337755279
Gm4956,0.013376732135524334,0.013376732135524334,0.4486770780096889
Tmem14a,0.03238085685092956,0.03238085685092956,0.06659994994006849
2010005H15Rik,-0.04993452728772774,0.04993452728772774,0.004657753865360633
Prex2,-0.05557945617786705,0.05557945617786705,0.0016317762914783017
Yy2,0.033959476338885575,0.033959476338885575,0.054374283506173064
Reps2,-0.03958487930403076,0.03958487930403076,0.02491226022595748
Mylk,-0.05143812334551208,0.05143812334551208,0.0035555477613516593
Txlng,0.011509431752452615,0.011509431752452615,0.514494136224076
Stfa1,-0.10717106080716743,0.10717106080716743,1.149388817204809e-09
Ppp1r42,-0.037199987085872833,0.037199987085872833,0.035070530481686124
AI480653,0.01452234590317916,0.01452234590317916,0.4107847303829673
Fancb,0.0033508600372976092,0.0033508600372976092,0.8494848161275509
Tmem194,0.022729119017891333,0.022729119017891333,0.19794608811998024
Arhgap6,-0.007820569666457802,0.007820569666457802,0.6578213329994299
Kdm5d,0.024322536624770064,0.024322536624770064,0.16829417658804438
Gm11696,0.00833255192349802,0.00833255192349802,0.636983489001311
Coro2a,0.03223896313187125,0.03223896313187125,0.06780180620003572
BC100530,-0.05472232063275944,0.05472232063275944,0.0019253545014018033
Stfa3,-0.023032274133444334,0.023032274133444334,0.19202868619283836
Ildr1,-0.013297535906643334,0.013297535906643334,0.4513678808803155
Gtpbp8,0.046527659400924945,0.046527659400924945,0.008376316316379457
Boc,-0.027797246672431743,0.027797246672431743,0.11534981471263556
Taf9b,0.02294446239125408,0.02294446239125408,0.1937291812755136
Armcx2,-0.0037949301943257015,0.0037949301943257015,0.8298251159471514
Zmat1,0.012822041411662233,0.012822041411662233,0.46771400168563015
Gap43,-0.03624211755351441,0.03624211755351441,0.04004936368120389
Bhlhb9,-0.0032341503464541933,0.0032341503464541933,0.8546678324174101
Fktn,-0.02279850911711766,0.02279850911711766,0.19658000760025693
Tmsb15b1,-0.018719381337575468,0.018719381337575468,0.28902577423711673
Rnf128,-0.006129260198601225,0.006129260198601225,0.7284916603471309
Fam120c,0.031430796145351186,0.031430796145351186,0.07499145756695724
Iqcb1,0.012937136207392312,0.012937136207392312,0.46372756252526287
Mageh1,-0.016076063570416133,0.016076063570416133,0.3625465445475369
Slc15a2,-0.010776551502204568,0.010776551502204568,0.5416329557645582
Prdx4,0.11686162676841438,0.11686162676841438,3.111394976332208e-11
Gsta3,-0.001631614130874955,0.001631614130874955,0.9263753185319039
Neo1,0.005501865652000047,0.005501865652000047,0.7553449955001567
Dll1,0.03561125101341275,0.03561125101341275,0.04364588543627783
Cxcr6,0.054907814659259035,0.054907814659259035,0.0018579896439826775
Nt5e,0.00026443073254213975,0.00026443073254213975,0.9880513428821529
Nr1d1,-0.06773888078825238,0.06773888078825238,0.00012263919989083797
Bdh2,-0.006834974634748884,0.006834974634748884,0.6986807632449014
Cdca8,0.07695357944730113,0.07695357944730113,1.2728371312713843e-05
Angptl4,-0.003983330083058615,0.003983330083058615,0.8215156687009736
Sec14l2,0.011320758921886918,0.011320758921886918,0.5214126228273243
H2-Ob,0.05182056522887833,0.05182056522887833,0.003315961745404028
Ddah1,0.012331451321236723,0.012331451321236723,0.48491721421161393
Pik3cb,0.04088940486874874,0.04088940486874874,0.020518338881613758
Sgol2,0.04129384366121931,0.04129384366121931,0.019300976892609057
Wdr4,-0.000935222569620702,0.000935222569620702,0.9577588779263795
Lphn2,0.005210382891279918,0.005210382891279918,0.7679243866130018
Rsph1,1.5510712341134442e-05,1.5510712341134442e-05,0.9992991015744894
Dnahc8,0.005162435640533842,0.005162435640533842,0.7699995889976973
Spsb4,0.028739133236944416,0.028739133236944416,0.10353099932204934
Ube2cbp,-0.0015748465199559056,0.0015748465199559056,0.9289299862312765
Ttk,0.029731217009679324,0.029731217009679324,0.0921442444814326
C4b,0.060937081475771926,0.060937081475771926,0.0005515810886449164
Rsph9,0.013357382059190471,0.013357382059190471,0.44933368245394695
Osbpl7,0.03046706913642131,0.03046706913642131,0.08436597054275684
Senp8,0.05429640510606022,0.05429640510606022,0.002088598188562276
Znrd1as,-0.005297059385866351,0.005297059385866351,0.764177172014875
Glce,-0.022882545702040787,0.022882545702040787,0.19493483877700352
Fabp3,0.010922411494188058,0.010922411494188058,0.5361752958169886
Sec24b,-0.01809708724673661,0.01809708724673661,0.3053590516037882
Kpna6,0.0006152522855049779,0.0006152522855049779,0.9722035843484215
Pou5f1,0.042695496945270694,0.042695496945270694,0.015556660383745846
H2-Q7,0.016401561363229754,0.016401561363229754,0.35290901195063834
Fastkd2,0.0637567228504717,0.0637567228504717,0.0003008969258600061
Myzap,-0.008245303675740608,0.008245303675740608,0.6405148861530136
Tex9,-0.013119039100376588,0.013119039100376588,0.4574658989200354
Dennd1b,-0.013982265241025823,0.013982265241025823,0.42840648540531795
Gstcd,0.018170417661833308,0.018170417661833308,0.303403159371266
1700097N02Rik,0.015224149258642967,0.015224149258642967,0.3885408584253994
4930503E24Rik,0.034514256214719964,0.034514256214719964,0.05054880892201234
Zzz3,0.00707092149089944,0.00707092149089944,0.6888139123034598
Def6,-0.009005654875181462,0.009005654875181462,0.6100208029773376
Nckipsd,0.011537047726933845,0.011537047726933845,0.5134854964345995
Ptprf,-0.028743697438926935,0.028743697438926935,0.10347616369452071
Fbxl2,0.040389232152755083,0.040389232152755083,0.022116005704720814
Atp6v0c-ps2,0.03963095024598758,0.03963095024598758,0.024744207845368224
Tnfrsf12a,0.028020903382254853,0.028020903382254853,0.11245155737779648
Mmp25,0.005550911419301481,0.005550911419301481,0.7532346058503048
Wdr6,-0.004894272943072944,0.004894272943072944,0.7816359021252461
Ccdc17,0.02058875663080323,0.02058875663080323,0.24354829868263514
Plcd1,0.030145269453173498,0.030145269453173498,0.08769959101138947
D9Ertd402e,0.016432512083018887,0.016432512083018887,0.3520011148028382
Zfp942,-0.004553211046297216,0.004553211046297216,0.796506071474484
Gpx7,-0.023514900186998772,0.023514900186998772,0.18287802636365555
Kdelc1,0.043082483936680564,0.043082483936680564,0.01464255756158683
Lrp8,-0.028143336980179262,0.028143336980179262,0.11088948166355837
Vmn2r-ps129,0.00036951033577178313,0.00036951033577178313,0.9833037744252529
Tcta,-0.012522004058929304,0.012522004058929304,0.4781948266511133
Ppie,0.05083916883212431,0.05083916883212431,0.0039625338662598155
Fam110b,0.040305984066082295,0.040305984066082295,0.022392161146220734
Nphp3,0.004321177723088698,0.004321177723088698,0.8066653750379837
Fpgt,0.029431195971647228,0.029431195971647228,0.09547645397725625
Depdc1a,0.04275942845216367,0.04275942845216367,0.015402270991116877
Atp6v0e,-0.06811312897161631,0.06811312897161631,0.00011243553358956984
Inpp5j,0.03856201107285967,0.03856201107285967,0.02890614175422588
Glyctk,0.007873650886981892,0.007873650886981892,0.6556481593081036
Mars2,0.0026906770888535537,0.0026906770888535537,0.8788823234415063
Neurl1b,-0.020208615697350697,0.020208615697350697,0.2523634154365964
Cish,-0.0013804464851503951,0.0013804464851503951,0.9376838040201728
Arhgdig,-0.025215903072435916,0.025215903072435916,0.15319844922434575
Hemk1,0.046654283980602534,0.046654283980602534,0.008200642753434035
Hyal1,-0.020046712797124888,0.020046712797124888,0.256184488171412
Wdr90,0.012315789186199255,0.012315789186199255,0.48547201522440736
Msln,0.04592384848844894,0.04592384848844894,0.00926114270998678
Traip,0.03959389337019082,0.03959389337019082,0.024879302213642016
Klhl11,0.03341479672868163,0.03341479672868163,0.05836202450012711
Tspan2,-0.060390144203756574,0.060390144203756574,0.0006186392911956183
Fadd,0.01492735167198233,0.01492735167198233,0.3978570662434627
Prdm16,0.0006710642558480989,0.0006710642558480989,0.9696832242422165
Rnf217,0.06945742489086923,0.06945742489086923,8.2004901125566e-05
Rad18,0.022874081461958493,0.022874081461958493,0.19510008307361157
1500001M20Rik,0.050626322059387587,0.050626322059387587,0.0041170518342705485
Mbd4,0.004802802556298091,0.004802802556298091,0.7856163999380921
March8,-0.012389994154708836,0.012389994154708836,0.48284649011692715
Cxcl3,-0.04467189092216715,0.04467189092216715,0.01136577822036115
Adal,0.03517716966771951,0.03517716966771951,0.04627584267292915
Gpr171,0.0448828137265513,0.0448828137265513,0.010983901702505783
Erc1,0.018720768995038117,0.018720768995038117,0.2889900226905903
Ttbk2,-0.012660798025423876,0.012660798025423876,0.4733306325597461
Mical3,0.002588808302434271,0.002588808302434271,0.8834344341385566
Ubtd2,-0.012811524817229223,0.012811524817229223,0.46807919991456437
Ganc,0.01797131473480044,0.01797131473480044,0.3087331207671578
Gdf3,0.0931531683394964,0.0931531683394964,1.2419600430479104e-07
Akap7,0.0051641698611738784,0.0051641698611738784,0.7699245014861559
Ppp4r2,0.0035973397620332782,0.0035973397620332782,0.8385603863928085
Snora33,-0.002757414258074546,0.002757414258074546,0.8759022635023269
Tspyl4,0.015521434022204902,0.015521434022204902,0.3793437011690416
Cxcl1,-0.08581475372535022,0.08581475372535022,1.1211630788064864e-06
Siglec1,-0.027036215132262915,0.027036215132262915,0.12565316753907163
Cdkl2,-0.02269540281518472,0.02269540281518472,0.19861235815778558
Cd8a,0.08898142844663053,0.08898142844663053,4.430526844737543e-07
Fastkd5,0.020933982457306412,0.020933982457306412,0.23573220757467153
4930414L22Rik,0.0043339147340887944,0.0043339147340887944,0.806106836580707
Foxo3,0.027570020493605633,0.027570020493605633,0.11835412803187405
Lhfp,-0.0894616828057175,0.0894616828057175,3.83791773419697e-07
Gm14023,0.04711403290553072,0.04711403290553072,0.007590182892238384
Exoc6b,-0.010489962703648163,0.010489962703648163,0.552436379105667
Polr1b,0.007942106575366023,0.007942106575366023,0.6528498453964007
Amd1,0.024189307416870642,0.024189307416870642,0.1706379163233148
Rev3l,0.04325842404398062,0.04325842404398062,0.014242856421058008
Eefsec,0.021945587901676125,0.021945587901676125,0.21385546411296605
2810021J22Rik,0.04091017380242207,0.04091017380242207,0.020454231555209833
Txnrd3,-0.0319785076436233,0.0319785076436233,0.07005428429950221
Ccdc99,0.042179351057031265,0.042179351057031265,0.016853766063516098
Fabp1,-0.07852933861383019,0.07852933861383019,8.413873093226811e-06
Gm14207,0.010507431469836483,0.010507431469836483,0.5517748526068373
Zfp384,0.024792742212097076,0.024792742212097076,0.16021532751622405
Creb3l1,-0.00876892424405956,0.00876892424405956,0.6194459188799735
Ceacam16,0.021749370905920273,0.021749370905920273,0.21798013589798
Akap12,-0.04161399211828104,0.04161399211828104,0.018382542538803177
Lcorl,0.017121389365176043,0.017121389365176043,0.3321773744399244
Nup160,-0.021543855248696623,0.021543855248696623,0.22236123155633564
Grik5,0.010684230747383214,0.010684230747383214,0.5451015974163347
Zfp518b,0.03303808960840033,0.03303808960840033,0.061259700789275354
Pigl,0.016525693043272244,0.016525693043272244,0.3492767124885142
Gon4l,0.022051859656986528,0.022051859656986528,0.21164516569733724
C030039L03Rik,0.009241614203523927,0.009241614203523927,0.6006902851597401
Nsg1,0.018812177085191065,0.018812177085191065,0.2866415475003631
Plekha3,0.031249710114998646,0.031249710114998646,0.07668496172538689
Eid2,0.01688619132285619,0.01688619132285619,0.3388630258799279
Rasgrp4,-0.04847100236300091,0.04847100236300091,0.006018719962107998
Spint2,-0.031891824441175304,0.031891824441175304,0.07081741789003283
Syne1,-0.012985488864146313,0.012985488864146313,0.4620584729032708
Sh3pxd2b,-0.004932766766179169,0.004932766766179169,0.7799624755751776
Rtn2,-0.04340695010247241,0.04340695010247241,0.013912956292641164
Cnksr3,-0.025020577292532802,0.025020577292532802,0.15640776391377292
Izumo4,0.0006173257912379449,0.0006173257912379449,0.9721099437411643
Rhbdf1,-0.0021647560496001993,0.0021647560496001993,0.9024233322703391
Tspan9,-0.006668865247720682,0.006668865247720682,0.7056579123572335
Foxm1,0.04969052227871499,0.04969052227871499,0.004863291595420277
Klra17,-0.048689874359778174,0.048689874359778174,0.005794704378957388
Cenpc1,0.03307991314558162,0.03307991314558162,0.060932223331499925
Plekha5,0.015557145963756114,0.015557145963756114,0.3782479505655776
4933424B01Rik,0.036768244108688494,0.036768244108688494,0.03724518055052401
4833442J19Rik,-0.006267496315371076,0.006267496315371076,0.7226181666996838
Stxbp5,-0.03190247558176979,0.03190247558176979,0.07072328273154518
Katna1,0.07270747625847526,0.07270747625847526,3.7359495688982407e-05
Zfp28,-0.01448315902751765,0.01448315902751765,0.41204865867579527
Zscan22,0.0215950487789926,0.0215950487789926,0.22126406063257825
Meis3,0.006907228546124034,0.006907228546124034,0.6956537387837868
Dact3,0.0020005651542183327,0.0020005651542183327,0.9097913605037554
Accs,-0.0030085789260187986,0.0030085789260187986,0.8647029348985541
Spef1,-0.0011526408726646904,0.0011526408726646904,0.9479513832909436
Gprin3,0.021436400445318967,0.021436400445318967,0.22467683555941562
Creb5,0.05099957044836727,0.05099957044836727,0.003849587742689884
2310015B20Rik,0.00405182162473181,0.00405182162473181,0.8184997258838946
Mblac1,0.010961709116728991,0.010961709116728991,0.5347096378776183
Cdk1,0.04805825382097857,0.04805825382097857,0.006462493849907791
Wisp2,-0.012308138279959779,0.012308138279959779,0.4857431586719821
Ttpal,0.012160064904037272,0.012160064904037272,0.4910068848188091
N4bp3,0.0005539063251255721,0.0005539063251255721,0.9749741678433153
Tmem116,0.01918709654783214,0.01918709654783214,0.2771440745145004
Mafk,-0.020600214887682697,0.020600214887682697,0.24328599219165145
Rtkn2,0.012030681861859878,0.012030681861859878,0.49563116219808484
Ado,0.05127674203028754,0.05127674203028754,0.003661288720297332
Tbx3,-0.011598956360207933,0.011598956360207933,0.5112281034803899
Ctnnbl1,0.06776762768893944,0.06776762768893944,0.00012182549295811743
Trpm2,-0.04910412474535988,0.04910412474535988,0.005391183626469173
E130309D02Rik,0.04777447570879477,0.04777447570879477,0.006784448019136842
0610040B10Rik,-0.038627477817237216,0.038627477817237216,0.02863494597069924
Ephb4,0.014950833874104395,0.014950833874104395,0.39711511531008437
Pms2,-0.008311115256574953,0.008311115256574953,0.6378503847723289
Ncoa5,0.012096119091128437,0.012096119091128437,0.49328947099053205
Serpine1,-0.032247374992540365,0.032247374992540365,0.06773006292968378
Col6a2,-0.0663819003458974,0.0663819003458974,0.00016743311922575325
Dip2a,-0.00041091314223353067,0.00041091314223353067,0.9814333202419447
4930579G22Rik,0.002019645180323087,0.002019645180323087,0.9089347381020169
Gatsl2,0.014422465762990902,0.014422465762990902,0.4140107949257081
Lime1,-0.016124426239684832,0.016124426239684832,0.3611042648957612
Gm14420,-0.021104064483630197,0.021104064483630197,0.23194738686360353
Tgtp1,0.06267962775780911,0.06267962775780911,0.0003803695798803134
Tgtp2,0.10958625292871177,0.10958625292871177,4.810922303834968e-10
Pcbp3,-0.03168359534652335,0.03168359534652335,0.07267847548273937
Stx1a,0.026422942744676953,0.026422942744676953,0.13446632377933324
Scgb3a1,0.04590293776290895,0.04590293776290895,0.009293226163100465
Myl2,-0.048524705444963526,0.048524705444963526,0.005963044410421429
Adora2a,0.09936990104988305,0.09936990104988305,1.6831874790354298e-08
Adarb1,-0.015489522527291496,0.015489522527291496,0.3803244918777221
2810408M09Rik,0.03808387730406006,0.03808387730406006,0.030954641518402326
Tcea2,-0.027366558092862474,0.027366558092862474,0.12109598360125465
Gm15708,-0.0007839257751046059,0.0007839257751046059,0.9645875682449012
Cyp7b1,-0.00030697801169551176,0.00030697801169551176,0.9861289672278307
Gzmm,0.020498367902297806,0.020498367902297806,0.24562447366054127
Pxmp2,-0.03237145697008051,0.03237145697008051,0.06667902191160163
E130215H24Rik,-0.013759646690672577,0.013759646690672577,0.4357961459407334
Acss1,-0.020128308181722197,0.020128308181722197,0.25425376255383275
Zfp777,-0.028319445329290416,0.028319445329290416,0.10867268314939485
Zfp862,-0.0005691120150298182,0.0005691120150298182,0.9742873999014499
Gimap8,0.027999680781607916,0.027999680781607916,0.1127240820842533
Brdt,0.03261572276247793,0.03261572276247793,0.06464918009305864
3110057O12Rik,0.020529465703847394,0.020529465703847394,0.24490878039031574
Helq,0.040995440422620974,0.040995440422620974,0.020192866187334364
Mex3d,-0.012993158440462796,0.012993158440462796,0.4617940344482817
Shroom3,-0.025785180124281257,0.025785180124281257,0.1441304010846479
Kif16b,-0.002056824796293136,0.002056824796293136,0.9072658161608431
Btbd3,-0.04009011048141712,0.04009011048141712,0.02312227156962616
Hoxa7,-0.005805608930906035,0.005805608930906035,0.7423051667751412
Mfap3,0.008361855395627327,0.008361855395627327,0.6357992639064004
Sdcbp2,0.03632128030793374,0.03632128030793374,0.039616326763443364
Creb3l2,0.017419657353773398,0.017419657353773398,0.32382229996775247
Cald1,-0.042632113241220626,0.042632113241220626,0.015711068912680377
Ddx51,0.037973689733379515,0.037973689733379515,0.031444004410839624
Mtus2,-0.016634175840888332,0.016634175840888332,0.34612182660184015
Trpv4,-0.035800211494680635,0.035800211494680635,0.04254108772707368
Phc3,0.020695105340383685,0.020695105340383685,0.24112135151866523
Procr,0.027561143833245278,0.027561143833245278,0.11847272571005747
Prss57,-0.004637732110298313,0.004637732110298313,0.7928138668923294
Cbfa2t2,0.005162605606753125,0.005162605606753125,0.7699922297808871
1810062G17Rik,0.021012431743030566,0.021012431743030566,0.23398108997202172
Muc1,0.007771415232511629,0.007771415232511629,0.6598363233917686
Bpifa1,0.05118515923992496,0.05118515923992496,0.0037225594804982448
Ing3,0.025311679719594693,0.025311679719594693,0.1516431918938145
Pofut1,-0.00023998667854918733,0.00023998667854918733,0.9891558087859749
Hilpda,0.04395829073948296,0.04395829073948296,0.012746561579106778
Tspyl3,-0.008038986325373237,0.008038986325373237,0.6488979571650142
Ficd,0.022354165091708872,0.022354165091708872,0.2054480119882111
Sox12,0.007912748444703403,0.007912748444703403,0.654049344545544
Mest,-0.033965947981923435,0.033965947981923435,0.05432830429644548
Cav2,-0.00994572213263063,0.00994572213263063,0.5732388782221569
Tm2d2,0.04449991993185544,0.04449991993185544,0.01168580328507286
Zfp14,0.01567790483344859,0.01567790483344859,0.3745571570789083
Bbs5,-0.006134304682698356,0.006134304682698356,0.7282770432174961
Hist2h2ac,0.028059588352495567,0.028059588352495567,0.11195613012259792
BC037704,0.02977238825434,0.02977238825434,0.09169434814428334
Tgfb1i1,-0.041888749313434795,0.041888749313434795,0.017625048693017963
Marveld1,-0.014376671388654179,0.014376671388654179,0.41549492004668775
BC017158,0.01662378369888976,0.01662378369888976,0.34642326163902604
Tacc2,-0.01002353345931931,0.01002353345931931,0.5702420697859927
Tctn3,0.05252636950633208,0.05252636950633208,0.0029120251495157695
2700050L05Rik,0.0275325887039876,0.0275325887039876,0.11885487179072005
Hist2h2be,-0.0014883426170010949,0.0014883426170010949,0.9328242520627481
Lix1l,0.0017771708275938574,0.0017771708275938574,0.9198284742133072
Mgmt,0.018250486340624865,0.018250486340624865,0.3012770668357983
Hectd2,0.0008987181805772976,0.0008987181805772976,0.9594062171388031
Kif20b,0.07501080300641257,0.07501080300641257,2.0978301187804116e-05
Pank1,-0.015166644263157445,0.015166644263157445,0.390335442099866
Ppp2r2d,0.012162696471370058,0.012162696471370058,0.4909130710256162
Prss36,0.017003674081256855,0.017003674081256855,0.3355127868794054
Pwwp2b,0.010809868567197766,0.010809868567197766,0.5403838888711825
Srr,0.02883874087851205,0.02883874087851205,0.10233951948407806
Pex1,0.04430271016462982,0.04430271016462982,0.01206260961073247
Napepld,7.655918472471508e-05,7.655918472471508e-05,0.9965404521925139
Mpzl1,-0.013310097552344243,0.013310097552344243,0.4509404734090575
Dusp5,0.05777431728205946,0.05777431728205946,0.0010574726005441225
P2rx1,-0.014163888062916397,0.014163888062916397,0.4224319910542932
Gnai1,-0.050811618835773245,0.050811618835773245,0.0039822330060620215
Dpt,-0.08239613277301756,0.08239613277301756,2.947597767682201e-06
Nme7,0.030482862800395475,0.030482862800395475,0.08420503474447531
2310034G01Rik,-0.0033836477438526523,0.0033836477438526523,0.8480298903708045
Gm4532,-0.008458126565460071,0.008458126565460071,0.6319152701237225
Slc19a2,0.00775917282696126,0.00775917282696126,0.6603385615847669
Etv5,-0.036295023088132455,0.036295023088132455,0.0397595169198078
Poll,0.018161433292790526,0.018161433292790526,0.3036423449746139
Kazald1,-0.013247366869876726,0.013247366869876726,0.453077154884035
Zfp764,-0.0031370805391405625,0.0031370805391405625,0.8589834417509187
Ankib1,0.04896387677790679,0.04896387677790679,0.005524867120821304
1700008J07Rik,-0.005983013014904937,0.005983013014904937,0.7347229209536228
Spred2,0.007517426123815678,0.007517426123815678,0.6702871783436648
Ifit3,0.10743189010514556,0.10743189010514556,1.0471655447401252e-09
C030048B08Rik,-0.014461954873203654,0.014461954873203654,0.41273353475977603
Fam46c,0.039733740504294714,0.039733740504294714,0.024372795357455734
A330040F15Rik,0.01935251020074319,0.01935251020074319,0.27302271985353943
Cttn,-0.02696722091405731,0.02696722091405731,0.12662161455505586
Mcm3ap,-0.045498388530954434,0.045498388530954434,0.009933747831360846
Npl,0.026917337422290882,0.026917337422290882,0.12732542166788838
A430093F15Rik,-0.0011380904411616662,0.0011380904411616662,0.9486075073636672
Lig4,0.01686397479647427,0.01686397479647427,0.3394989758141826
Tnfrsf18,0.03645208894190946,0.03645208894190946,0.038909481649196984
Zfp828,0.0002541333791103731,0.0002541333791103731,0.9885166098364772
Fads3,-0.01145427279712337,0.01145427279712337,0.5165118270077114
Best1,-0.013611197511201389,0.013611197511201389,0.44076437367467
Slc46a1,0.015637975178054427,0.015637975178054427,0.3757750700727232
Thsd1,0.008180131251412238,0.008180131251412238,0.6431580825995469
Tnfrsf4,0.00685991868198016,0.00685991868198016,0.6976352064182211
Slc20a2,-0.0030937370772444635,0.0030937370772444635,0.860911809891009
E030024N20Rik,0.003198797305580598,0.003198797305580598,0.8562390909678164
6430531B16Rik,-0.01149738597195734,0.01149738597195734,0.5149344158931966
Tnfrsf23,-0.007675374299862887,0.007675374299862887,0.6637804489878613
BC016495,0.017139075098110856,0.017139075098110856,0.3316781132779091
Asah2,0.012396192138478338,0.012396192138478338,0.48262754205266745
Tubgcp2,0.034678177090176954,0.034678177090176954,0.04946259951393728
Cenpl,0.01697066233710455,0.01697066233710455,0.3364520173705555
Pdcd1lg2,0.020297068271686043,0.020297068271686043,0.25029269996749026
Sigirr,0.006355996609127604,0.006355996609127604,0.7188664254506726
Gm9895,0.0027359758707053324,0.0027359758707053324,0.8768593766790913
4430402I18Rik,-0.013909674751295693,0.013909674751295693,0.43080803130922524
Lrrc56,-0.0016753690393512832,0.0016753690393512832,0.9244067673996986
Klhl17,-0.0031921087364464133,0.0031921087364464133,0.8565364273142325
Pgm5,-0.01346655219332665,0.01346655219332665,0.44563636029138853
Fam189a2,-0.01452227116670075,0.01452227116670075,0.41078713873081135
Mamdc2,-0.03295199384933994,0.03295199384933994,0.06193841607617321
Plekhn1,0.0029177779214638183,0.0029177779214638183,0.8687487017634802
Aldh1a7,0.027848776076628598,0.027848776076628598,0.11467691892339088
Wars2,0.0072192585252242175,0.0072192585252242175,0.682637593298257
Tnfrsf26,0.03660758936207844,0.03660758936207844,0.03808316932363607
Ablim1,-0.017674016540819883,0.017674016540819883,0.31680626562631353
Cdr2,-0.006496616186780096,0.006496616186780096,0.7129191588302782
6330503K22Rik,0.030769452434982775,0.030769452434982775,0.08132761948768918
Ptges,0.020288482278733675,0.020288482278733675,0.2504931807201242
Taf1a,0.011221281086283673,0.011221281086283673,0.5250795701722742
Gys1,0.012656398720181714,0.012656398720181714,0.47348439262142356
Chrnb1,-0.055857873187089235,0.055857873187089235,0.0015456616669249524
4930404N11Rik,0.00845670197611109,0.00845670197611109,0.6319726705966937
2210404O07Rik,-0.011639140444614811,0.011639140444614811,0.509765636775475
Ccbl1,0.026515034564911465,0.026515034564911465,0.13311322512523743
Ephx1,0.029712849382612837,0.029712849382612837,0.0923455265271031
She,-0.03149379011543824,0.03149379011543824,0.07440954777298102
Mrgpra2b,-0.03059801134181898,0.03059801134181898,0.08303917560567331
6530402F18Rik,0.006742998498247103,0.006742998498247103,0.7025409694441992
E2f8,0.014573590247117863,0.014573590247117863,0.4091353794729342
Gtf3c4,0.004300977249207216,0.004300977249207216,0.8075514003848965
Gas2,0.02193309688720589,0.02193309688720589,0.2141163482546128
Tubgcp5,0.060261545691686055,0.060261545691686055,0.0006354709351851063
1700056E22Rik,0.02044568226338367,0.02044568226338367,0.2468403386291966
Nipa1,0.010005134154351145,0.010005134154351145,0.5709500223763081
Clec11a,0.010726481353010098,0.010726481353010098,0.5435128058899307
Ptrh1,0.017762839774695328,0.017762839774695328,0.3143798963063637
Zfp566,0.010881705395282007,0.010881705395282007,0.5376956130574159
Zfp382,-0.0032927059643142386,0.0032927059643142386,0.8520666099003116
Tnfaip6,0.01875856133176954,0.01875856133176954,0.28801748765357504
Ints7,0.011131540824495927,0.011131540824495927,0.5283988541583796
Epc2,0.09195816460816386,0.09195816460816386,1.798014545861577e-07
Wdr62,0.008015771369918781,0.008015771369918781,0.6498440399773026
Gm16523,-0.0046682106272579555,0.0046682106272579555,0.7914835817307588
Scai,-0.01248033699798778,0.01248033699798778,0.47966040871928856
BC053749,0.028003998536794097,0.028003998536794097,0.11266859459048294
Zbtb26,0.003456588677192134,0.003456588677192134,0.8447950632545083
Dab2ip,-0.01568428931059714,0.01568428931059714,0.3743626476286496
Hc,0.006938381340809629,0.006938381340809629,0.6943501060352337
Cntrob,-0.0051500857979692345,0.0051500857979692345,0.7705343692564445
Fxyd7,-0.016243630900606893,0.016243630900606893,0.35756470901995463
Slc7a10,-0.015090612263171412,0.015090612263171412,0.3927159212086434
C130074G19Rik,-0.06680560225860703,0.06680560225860703,0.0001520156101660213
Adck3,0.01802693457859221,0.01802693457859221,0.3072379934699358
Lysmd4,-0.013664547809324662,0.013664547809324662,0.4389751458974051
Aen,0.046042396840403295,0.046042396840403295,0.009081114047860217
Wdpcp,0.028011778800145114,0.028011778800145114,0.1125686647153573
Agbl5,-0.002104296313033838,0.002104296313033838,0.9051355061019688
Apbb1,-0.034785491370733126,0.034785491370733126,0.048762143404902036
Apoa2,-0.01744568095032529,0.01744568095032529,0.32309987509743604
Ppfibp2,-0.050468779338556334,0.050468779338556334,0.0042349190241999105
Xrcc2,0.035298776828521145,0.035298776828521145,0.045525951285486414
Parva,-0.003022995258811348,0.003022995258811348,0.8640609179813069
Derl2,0.09572478086185436,0.09572478086185436,5.515558576656044e-08
Sec61a2,0.01867835404175095,0.01867835404175095,0.2900841456781125
Cyp2r1,0.015636391398149607,0.015636391398149607,0.3758234280229889
Nlrp1b,0.051984988811432264,0.051984988811432264,0.0032175500255905392
Meig1,-0.018345947050280743,0.018345947050280743,0.2987552544743358
Fam64a,0.04221950199338777,0.04221950199338777,0.016749564691751675
Smg1,0.02610846638517622,0.02610846638517622,0.13916711558513253
Nanos1,-0.0021952902626837228,0.0021952902626837228,0.9010540231536182
Pdss1,0.040068369462787384,0.040068369462787384,0.023196935046087778
Trim21,0.017881539634008216,0.017881539634008216,0.3111565095692565
Ucp3,-0.017987557851083046,0.017987557851083046,0.30829599032348487
Lipt2,-0.0034844731491923946,0.0034844731491923946,0.8435591141113836
Pex11a,0.003101343559304687,0.003101343559304687,0.8605733341197778
2610034B18Rik,0.02532575304631056,0.02532575304631056,0.15141568033121147
Col5a1,-0.002617425747133805,0.002617425747133805,0.8821552391211773
Sema4b,-0.036335006528774284,0.036335006528774284,0.03954164698083281
Surf2,0.023444343527861015,0.023444343527861015,0.18419525196254607
D330012F22Rik,0.0507007291746443,0.0507007291746443,0.004062424708605254
Dnlz,0.007420625375291574,0.007420625375291574,0.6742872113595949
Zfp82,0.006784865202074722,0.006784865202074722,0.700782880473032
1700094D03Rik,-0.002575271368959484,0.002575271368959484,0.8840396388801484
Dlg4,-0.011808990939031356,0.011808990939031356,0.5036083272319681
Mgl2,-0.019440095930186724,0.019440095930186724,0.2708575331938023
Npdc1,-0.03022120899861399,0.03022120899861399,0.08690348858533652
Mex3b,-0.0219590718653679,0.0219590718653679,0.21357409883364106
Neu3,0.005778183941355872,0.005778183941355872,0.7434795654083427
Ehbp1,-0.0061283882582975815,0.0061283882582975815,0.7285287591272498
Psd4,-0.0018698840610684288,0.0018698840610684288,0.9156612230848822
Tle6,0.0167882883262728,0.0167882883262728,0.34167124586762027
Gpr182,-0.01928928786454738,0.01928928786454738,0.2745929585680201
Sox17,-0.020942913877927412,0.020942913877927412,0.2355323772687983
Prss16,0.029030553901638084,0.029030553901638084,0.10007584264869948
Tst,-0.027323865033927815,0.027323865033927815,0.12167757043125758
4930431P03Rik,-0.01920976579954989,0.01920976579954989,0.2765767681945917
1200009I06Rik,0.03068417378270648,0.03068417378270648,0.08217537454468414
Skp2,0.024317933979494014,0.024317933979494014,0.16837474046080306
Pelo,0.04955059436688661,0.04955059436688661,0.004984826848608803
B3galnt2,-0.0033200122464999518,0.0033200122464999518,0.8508541278858123
Pde8b,0.012098619026831466,0.012098619026831466,0.49320012763571097
Zfp85-rs1,0.03785318791618535,0.03785318791618535,0.03198675395346873
Scel,-0.005050406553698916,0.005050406553698916,0.7748547113260325
Gm5141,0.006098638220953302,0.006098638220953302,0.729794925701746
1700020O03Rik,-0.013309983142764792,0.013309983142764792,0.4509443651384287
Rnf219,0.03484006998592473,0.03484006998592473,0.048409106000003026
Ccdc125,0.026882668101416495,0.026882668101416495,0.12781636103889613
2010111I01Rik,0.03271779243804783,0.03271779243804783,0.06381621705648348
1300014I06Rik,-0.008001714304631834,0.008001714304631834,0.6504171843596789
Spag1,0.002917777921463865,0.002917777921463865,0.8687487017634731
2900041M22Rik,-0.006852986642604984,0.006852986642604984,0.6979257129135182
Mxd3,0.046405612491174086,0.046405612491174086,0.008548815574835226
Tbc1d22a,0.05724679043289052,0.05724679043289052,0.0011752432941507217
Cenpp,0.03891559720664382,0.03891559720664382,0.027467287700609362
Hist1h4h,-0.009134116189407616,0.009134116189407616,0.6049330800358393
Tubgcp6,0.0036431797096879437,0.0036431797096879437,0.8365320355323912
Rgs7bp,-0.01075431780091456,0.01075431780091456,0.5424673046067328
Tmem171,0.04101755986862847,0.04101755986862847,0.020125541748243457
Fbln5,-0.04482563117464635,0.04482563117464635,0.01108628842497084
Mcpt8,0.00475914628979022,0.00475914628979022,0.787518164521189
Tmem104,-0.04444409053909306,0.04444409053909306,0.011791402148316282
Cep72,0.04611091426469874,0.04611091426469874,0.00897849291523722
4930534B04Rik,0.005828824299793276,0.005828824299793276,0.7413115017069469
Osmr,-0.024320737343392525,0.024320737343392525,0.16832566744072242
Serpinb9,0.006239292645353176,0.006239292645353176,0.7238151955077161
Etohd2,0.0013332321389142982,0.0013332321389142982,0.939811039568922
2610020C07Rik,0.009170077511644219,0.009170077511644219,0.603512242565127
Ccdc122,0.09343509335639893,0.09343509335639893,1.1373909491891339e-07
Fgd3,0.03492530284981979,0.03492530284981979,0.04786207737354738
Rnf157,-0.009655431133752949,0.009655431133752949,0.5844844604570821
C1qtnf6,0.03637555633284284,0.03637555633284284,0.03932172629086671
Sgsm3,0.03883459273570444,0.03883459273570444,0.027791350352843983
Map2k6,0.04426822601730933,0.04426822601730933,0.012129592553653016
Lamp3,0.007384246214380421,0.007384246214380421,0.6757928729570347
Stk30,0.014083363049993615,0.014083363049993615,0.4250748235593019
S1pr3,0.0036038674252127385,0.0036038674252127385,0.8382714810113948
Nrp,0.059429304229704494,0.059429304229704494,0.0007551150160577887
Mir682,0.01833810807776403,0.01833810807776403,0.2989618064302253
Gm20324,-0.0018911680828473817,0.0018911680828473817,0.9147048769078456
Afmid,0.01106394993666834,0.01106394993666834,0.530905917712125
Hist1h3a,-0.0058272767845354775,0.0058272767845354775,0.7413777251209522
Slmap,-0.03704771252612782,0.03704771252612782,0.035824823844035805
Dock9,0.010151220492309024,0.010151220492309024,0.5653405965214998
Clybl,0.07775708153536783,0.07775708153536783,1.0316320963136375e-05
Fam116a,0.02874229680051423,0.02874229680051423,0.10349298891018142
Pfkm,0.028028965095181668,0.028028965095181668,0.11234817109265498
Tha1,0.028613928858137412,0.028613928858137412,0.10504426339006048
Zmynd17,0.0006440758642016613,0.0006440758642016613,0.9709019313210004
Zfp385a,-0.011256945321550582,0.011256945321550582,0.5237634012474169
Ppm1f,-0.027336007010631935,0.027336007010631935,0.12151194446535421
Grb2,-0.009879818396484394,0.009879818396484394,0.5757829053472132
Slc38a10,0.053474203917888714,0.053474203917888714,0.0024401258615944716
Zfp759,-0.0008351080219773364,0.0008351080219773364,0.962277172494989
Mmrn2,-0.023153737039185166,0.023153737039185166,0.1896946470605553
Bmp1,-0.013548254828489066,0.013548254828489066,0.4428806675632489
5033406O09Rik,-0.011377482722403746,0.011377482722403746,0.5193275854541488
Tmtc4,0.0005367344852365788,0.0005367344852365788,0.9757497596019711
F2r,0.014922154893481455,0.014922154893481455,0.3980213780496173
Rad51l1,0.005092119851973898,0.005092119851973898,0.7730458986121805
Apol10b,0.029017700774541487,0.029017700774541487,0.10022627043326565
Car15,-0.04657520716744144,0.04657520716744144,0.008309959872064981
5430437J10Rik,-0.00018618647209377116,0.00018618647209377116,0.9915867561790835
Ptger4,0.02002733667066645,0.02002733667066645,0.2566444614874528
Cd7,0.03431278447262555,0.03431278447262555,0.051911142016903444
Aard,-0.019699031802750518,0.019699031802750518,0.26452535437013086
Pou5f2,-0.01996433966017252,0.01996433966017252,0.2581439184332608
Prodh,-0.003455872964526749,0.003455872964526749,0.8448267914871015
Arl15,0.004865670129772789,0.004865670129772789,0.7828799959452011
Zfp251,0.03490305203467591,0.03490305203467591,0.04800438091815984
Cdk7,0.031998938441426615,0.031998938441426615,0.0698754033162073
Gm5643,-0.00663977801400795,0.00663977801400795,0.7068822424040772
Zfp595,-0.0058925362261133835,0.0058925362261133835,0.7385867205754021
Tmem191c,0.008354549993416723,0.008354549993416723,0.6360944061805544
Tk1,0.07301631839143459,0.07301631839143459,3.461086550381495e-05
Amigo2,-0.013083476166728551,0.013083476166728551,0.458686341404441
Cyp2d22,-0.008559666887243394,0.008559666887243394,0.6278296712520316
Exoc7,0.0052425796666345685,0.0052425796666345685,0.7665318112907712
Slc25a29,0.0196111083612186,0.0196111083612186,0.26666395169516355
Gpld1,0.05507462822907262,0.05507462822907262,0.0017992643819551592
Tfcp2,-0.0018644230345440543,0.0018644230345440543,0.9159066208658241
Homer1,0.0031866872213154205,0.0031866872213154205,0.8567774524688089
Nhlrc1,-0.010990681949085262,0.010990681949085262,0.533630352240695
Dis3,0.026396899911002674,0.026396899911002674,0.13485089080159293
Tppp,0.03207978496317808,0.03207978496317808,0.06917122688651509
Unc13d,-0.009702933732504299,0.009702933732504299,0.582637253915041
Cenpj,0.04808102103690244,0.04808102103690244,0.0064372689381322155
Pole2,0.0420650499091529,0.0420650499091529,0.017153525531820684
Sh3yl1,-0.010064539252792817,0.010064539252792817,0.568665790701471
Foxf2,-0.023948306659186312,0.023948306659186312,0.17493950619254978
Mis18bp1,0.002166931344302476,0.002166931344302476,0.9023257713647935
Blk,0.01918709654783219,0.01918709654783219,0.2771440745145004
Pdxp,0.03622484162666734,0.03622484162666734,0.040144398277698265
I730030J21Rik,0.019309420767380427,0.019309420767380427,0.2740922546685195
Fam116b,0.026055046486395186,0.026055046486395186,0.13997805333815838
Fermt2,-0.10005566724674357,0.10005566724674357,1.3399376517545875e-08
Alg10b,0.022577669795795386,0.022577669795795386,0.20095174632369106
St6galnac2,-0.0029564023490006404,0.0029564023490006404,0.8670273096938494
Mxra7,-0.01203336715960244,0.01203336715960244,0.49553495142636955
Ndrg1,0.08347225974635994,0.08347225974635994,2.1829974075131687e-06
Hdac10,0.034080276711115354,0.034080276711115354,0.05352136227584813
Nr1d2,-0.06277942247060622,0.06277942247060622,0.0003722544884786318
0610007N19Rik,-0.06293203171785308,0.06293203171785308,0.0003601569102478883
Zfp503,0.028731933351989244,0.028731933351989244,0.10361754772949062
Dip2c,-0.015139776457235668,0.015139776457235668,0.39117564058884396
Rps6ka5,-0.011131965109743068,0.011131965109743068,0.5283831357368527
Ints6,-0.017972970765918486,0.017972970765918486,0.30868853535364976
Zfat,0.017521869927054144,0.017521869927054144,0.3209908835469997
Gm16973,-0.023795093807631618,0.023795093807631618,0.17771593303399008
Mcts2,-0.008905604131544724,0.008905604131544724,0.6139964296022216
6820408C15Rik,-0.01697643692050452,0.01697643692050452,0.3362876004740701
Apbb2,-0.014684821237951477,0.014684821237951477,0.40556887909946504
Gpr25,0.034294071390678915,0.034294071390678915,0.05203922188540989
Sall2,0.02742767238918535,0.02742767238918535,0.12026723898270279
Uchl1,-0.010043657154791674,0.010043657154791674,0.5694682467850937
Prom1,-0.0036530770001486712,0.0036530770001486712,0.8360942369247538
Eya2,-0.0019488741396403808,0.0019488741396403808,0.9121126192424575
Arfgef2,0.003213421273424069,0.003213421273424069,0.8555890623112624
Defb25,-0.012364530984603323,0.012364530984603323,0.48374655985566584
Zfp354c,-0.012532127661035454,0.012532127661035454,0.47783911251987055
Tlr3,0.009531762827381047,0.009531762827381047,0.5893062071606849
Fgfbp1,-0.016384815285575706,0.016384815285575706,0.35340085199760884
Fam149a,-0.018648372003678478,0.018648372003678478,0.29085923220147564
Slc2a10,-0.0026914156336992102,0.0026914156336992102,0.8788493352319269
Adamts2,-0.020328670627084107,0.020328670627084107,0.2495557578834256
a,0.015830729378218875,0.015830729378218875,0.36991835949443624
Zfp354a,0.0014261862958776933,0.0014261862958776933,0.9356234271566415
Gm4787,-0.0013791687408504587,0.0013791687408504587,0.9377413668218049
Ncapg,0.057011812707955654,0.057011812707955654,0.001231506131820449
Col23a1,0.018963370224173808,0.018963370224173808,0.28278540866094326
Fam184b,0.0014261862958776673,0.0014261862958776673,0.9356234271566415
Wfdc8,-0.024594203595812075,0.024594203595812075,0.16359003947092796
Wfdc10,-0.0027052169307691717,0.0027052169307691717,0.8782329183982737
Smoc1,0.001426186295877692,0.001426186295877692,0.9356234271566415
Zfp418,0.02122963243374006,0.02122963243374006,0.2291809419068157
Cacna1s,0.013078688641223694,0.013078688641223694,0.458850778075912
Tnnc2,-0.016384815285575702,0.016384815285575702,0.35340085199760884
Snx25,-0.02152712799931989,0.02152712799931989,0.2227205696426059
Zfp2,0.01979352033707042,0.01979352033707042,0.2622402780715176
Ankrd37,0.1793556626710232,0.1793556626710232,1.2999651021555116e-24
Samd12,0.0197935203370704,0.0197935203370704,0.2622402780715176
Zfp541,-0.0009746110076430139,0.0009746110076430139,0.9559815922205863
BC049762,0.00865881723508721,0.00865881723508721,0.6238512063344577
Pdlim3,-0.018901491800639943,0.018901491800639943,0.2843593315018851
BC020402,-0.007001489519799174,0.007001489519799174,0.6917120264499322
9130230L23Rik,0.011302161793851441,0.011302161793851441,0.522097146857283
Sec23a,0.028480083026293044,0.028480083026293044,0.10668132276310474
Lax1,0.03188549762902529,0.03188549762902529,0.07087338308442465
Ccdc57,-0.004788446335885336,0.004788446335885336,0.7862416484955418
Sorbs2,0.027996627452026693,0.027996627452026693,0.11276333343219275
Cdh22,-0.027584128295232126,0.027584128295232126,0.11816583058631161
Mal2,-0.004583325882804748,0.004583325882804748,0.7951900129701921
Slc12a5,-0.010162573810974008,0.010162573810974008,0.5649057625989785
Atl1,-0.013433890625295007,0.013433890625295007,0.4467407064746433
Hdac9,0.006084234692525465,0.006084234692525465,0.7304082071764364
Ttc9,0.01307868864122369,0.01307868864122369,0.458850778075912
A630066F11Rik,-0.0065355202062980945,0.0065355202062980945,0.7112768372002962
Nudcd1,0.024113430400632067,0.024113430400632067,0.17198360641297772
Ninl,-0.03478635183380263,0.03478635183380263,0.048756560851048514
Gins1,0.029155327332400907,0.029155327332400907,0.09862487945167696
Tshz2,-0.013462768547660925,0.013462768547660925,0.4457642124573033
Gm6213,0.0020172463373325637,0.0020172463373325637,0.9090424314590396
Clnk,0.023686380015951303,0.023686380015951303,0.17970577484341788
Bbc3,-0.06794537894094654,0.06794537894094654,0.00011690598255100684
AI429214,0.013078688641223695,0.013078688641223695,0.458850778075912
Bend4,0.035521726623261654,0.035521726623261654,0.044177706902296325
Kiss1,0.01979352033707041,0.01979352033707041,0.2622402780715176
Wisp1,0.019793520337070408,0.019793520337070408,0.2622402780715176
Cass4,0.06284488458958361,0.06284488458958361,0.0003670194256055672
Dlc1,-0.014445991607816708,0.014445991607816708,0.41324957919278926
1700029J11Rik,-0.019882314221275534,0.019882314221275534,0.2601053745847567
Bmp7,-0.024594203595812002,0.024594203595812002,0.16359003947092796
D8Ertd82e,-0.002502315281829982,0.002502315281829982,0.887302491391109
Btnl9,0.0014261862958776762,0.0014261862958776762,0.9356234271566415
Plekha6,0.006835633920311989,0.006835633920311989,0.6986531212115431
Cldn23,-0.0033951247282286738,0.0033951247282286738,0.8475207312491063
Lrp11,-0.01783494527879747,0.01783494527879747,0.31241920810465024
Gm19461,-0.0033951247282286946,0.0033951247282286946,0.8475207312491063
Csf2,-0.024594203595812075,0.024594203595812075,0.16359003947092796
Tg,0.04569886180320977,0.04569886180320977,0.00961158383920493
Slc10a1,0.03351327858976512,0.03351327858976512,0.05762354330138197
9230116N13Rik,0.023001541948155166,0.023001541948155166,0.19262256989959128
Zcchc3,0.006260589876047176,0.006260589876047176,0.7229112293124474
Fgl1,0.0014261862958776926,0.0014261862958776926,0.9356234271566415
Supt16h,0.030293677049978766,0.030293677049978766,0.08614922639173729
Kcnb1,0.008955295812797965,0.008955295812797965,0.6120204482518333
Trib3,-0.018605473747088114,0.018605473747088114,0.2919706440372492
Ptgis,-0.023611631869700146,0.023611631869700146,0.18108349839358728
Foxs1,-0.0038368583495643448,0.0038368583495643448,0.827974177588906
Kif14,0.02880426436391421,0.02880426436391421,0.10275067807250758
3010026O09Rik,0.024031918831659102,0.024031918831659102,0.17343805237365423
Pdgfrl,0.027924320106247503,0.027924320106247503,0.11369601378373449
Cc2d2a,-0.013830384539414974,0.013830384539414974,0.43344012638136087
Il12rb1,0.026820792301867447,0.026820792301867447,0.12869621631514877
Rasgef1c,0.015006936894679647,0.015006936894679647,0.395345847505065
Gfpt2,-0.0033148362197692885,0.0033148362197692885,0.8510839322418702
Adcy8,0.01979352033707041,0.01979352033707041,0.2622402780715176
Mtmr7,-0.020477708315672298,0.020477708315672298,0.24610074874986002
Sectm1a,0.024424090362113828,0.024424090362113828,0.16652394980951107
P4ha2,0.024023329955949593,0.024023329955949593,0.17359184083822704
Flt4,-0.01524084102366231,0.01524084102366231,0.38802089307262333
Slc30a9,0.0650093713872912,0.0650093713872912,0.00022808251414071313
Zdhhc2,-0.01413885011142945,0.01413885011142945,0.4232527044672508
Kcnn1,0.02799662745202668,0.02799662745202668,0.11276333343219275
Klkb1,-0.016384815285575706,0.016384815285575706,0.35340085199760884
Prps1l1,-0.021396872756492553,0.021396872756492553,0.2255329579139918
Kdm1b,0.010827215598682789,0.010827215598682789,0.5397341138998165
Rbpjl,-0.012556565514368,0.012556565514368,0.4769810332217532
Spag4,-0.005884198124267591,0.005884198124267591,0.7389431321660284
Slc18a1,0.002017246337332571,0.002017246337332571,0.9090424314590396
Lgr6,0.019793520337070408,0.019793520337070408,0.2622402780715176
Mast4,0.0093269017288005,0.0093269017288005,0.5973337006015684
Csgalnact1,-0.014837777754466736,0.014837777754466736,0.40069493070748996
Zfp551,0.00865881723508719,0.00865881723508719,0.6238512063344577
Rbm39,0.061125290390891304,0.061125290390891304,0.0005301160472323232
Tcf7,0.010155408178294374,0.010155408178294374,0.5651801887643447
Sh2d4a,0.015006936894679574,0.015006936894679574,0.39534584750507484
2310014L17Rik,0.02784877607662856,0.02784877607662856,0.11467691892339088
Psd3,-0.03603234034419211,0.03603234034419211,0.041216341218903094
Gm17384,-0.012556565514367998,0.012556565514367998,0.4769810332217532
Zfp324,-0.00866793842646793,0.00866793842646793,0.6234857611256628
Pcdh7,0.014641236581666259,0.014641236581666259,0.4069641559793789
4930405A21Rik,-0.003395124728228693,0.003395124728228693,0.8475207312491063
Myl9,0.02035437842808706,0.02035437842808706,0.24895739109287104
Ptprv,-0.0019488741396404155,0.0019488741396404155,0.9121126192424485
Npy1r,0.021006982693582775,0.021006982693582775,0.23410242317121202
Sla2,0.016554967162432238,0.016554967162432238,0.3484235728579696
Bpifa2,-0.024594203595812054,0.024594203595812054,0.16359003947092796
Fam83a,0.03370950618955282,0.03370950618955282,0.056175241587421286
Dsn1,0.04965098110326605,0.04965098110326605,0.004897360809472571
Cpe,-0.01368993911701691,0.01368993911701691,0.43812505555282283
Bpifb1,0.023686380015951282,0.023686380015951282,0.17970577484341788
Creb3l3,0.010704278580748905,0.010704278580748905,0.5443474315422465
Adora1,-0.024594203595812075,0.024594203595812075,0.16359003947092796
Sqle,-0.025030516810127447,0.025030516810127447,0.15624323068285903
Mef2b,0.016204844647278522,0.016204844647278522,0.35871398956276174
Slc25a42,-0.006336648764686763,0.006336648764686763,0.7196860527686956
Ptpdc1,-0.010097827776836977,0.010097827776836977,0.5673876992014506
Kif3a,0.03790386218626864,0.03790386218626864,0.03175754281632972
Zfp341,0.0238901374975782,0.0238901374975782,0.17598977601522534
Wdr19,0.03351327858976512,0.03351327858976512,0.05762354330138197
Zscan18,0.013078688641223689,0.013078688641223689,0.458850778075912
Ncan,0.027996627452026687,0.027996627452026687,0.11276333343219275
Rac3,-0.025972485614897355,0.025972485614897355,0.14123850592341106
Tm6sf2,0.002017246337332571,0.002017246337332571,0.9090424314590396
Shroom1,0.01850471603203828,0.01850471603203828,0.29459228766363316
Rab2b,0.009659932317382332,0.009659932317382332,0.5843093087494508
Sugp2,0.008299400536213825,0.008299400536213825,0.6383243357764008
Tlr1,0.05192214882019547,0.05192214882019547,0.003254842935531061
Pbx4,0.00206790906170726,0.00206790906170726,0.9067683434952474
Lpar2,-0.005918537323104017,0.005918537323104017,0.7374756662722022
Snord8,0.008213351795687907,0.008213351795687907,0.6418101909877376
Mmp24,0.0014261862958776764,0.0014261862958776764,0.9356234271566415
Leap2,-0.00023364678239216072,0.00023364678239216072,0.9894422704404389
Zfp128,0.021489475030137636,0.021489475030137636,0.2235309578922141
Zfr2,0.011473553386810914,0.011473553386810914,0.5158060856274999
1700003F12Rik,-0.024594203595812065,0.024594203595812065,0.16359003947092796
6430550D23Rik,0.0014261862958776918,0.0014261862958776918,0.9356234271566415
Necab3,0.0014261862958776753,0.0014261862958776753,0.9356234271566415
Homer3,-0.02525071048040567,0.02525071048040567,0.15263183667329974
Slc22a21,-0.024603811301899738,0.024603811301899738,0.16342550651165358
Zik1,0.015006936894679673,0.015006936894679673,0.395345847505065
Ecm2,0.0014261862958776777,0.0014261862958776777,0.9356234271566415
AW046200,-0.004802928842364256,0.004802928842364256,0.7856109004832713
Shisa4,-0.0022479312061720073,0.0022479312061720073,0.8986940292032025
9430083A17Rik,-0.010588816096235864,0.010588816096235864,0.5486980271566929
Id4,-0.02459420359581208,0.02459420359581208,0.16359003947092796
Vmn2r29,0.021229632433740053,0.021229632433740053,0.2291809419068157
Gng7,-0.016976436920504528,0.016976436920504528,0.3362876004740701
Mybl2,0.010926778836717006,0.010926778836717006,0.5360123100948903
Pvt1,-0.041360642314285725,0.041360642314285725,0.01910610397154797
Tox2,0.03601741925693048,0.03601741925693048,0.04130043193206505
Jph2,0.0086495030271356,0.0086495030271356,0.6242244803605745
Fitm2,0.0045798893734081145,0.0045798893734081145,0.7953401636488142
Gm9920,0.018336474298192445,0.018336474298192445,0.29900486748028904
Asb5,0.0003693696081185084,0.0003693696081185084,0.9833101322393302
Ppargc1a,-0.02758412829523209,0.02758412829523209,0.11816583058631161
Gdf15,0.006008112503543932,0.006008112503543932,0.7336522338356511
Gpr125,-0.002128928489034906,0.002128928489034906,0.9040303916948047
5730480H06Rik,-0.010994126923317638,0.010994126923317638,0.5335020945184408
Dscc1,0.027333261249468315,0.027333261249468315,0.1215493833455398
Adam4,0.021768071871080756,0.021768071871080756,0.2175845768030717
Cdkn2aip,0.022343334077766015,0.022343334077766015,0.2056677422924069
Zfp772,0.003003845627238294,0.003003845627238294,0.8649137471002494
Slit2,-0.028305692287351636,0.028305692287351636,0.10884453103387547
Matn4,-0.0030028744880534223,0.0030028744880534223,0.8649570009967564
Fam84b,0.014826874900005785,0.014826874900005785,0.4010411808229597
Lgi2,-0.024594203595812048,0.024594203595812048,0.16359003947092796
Sepsecs,-0.0033543930676214577,0.0033543930676214577,0.8493280162758435
Mfap3l,0.007502246158820107,0.007502246158820107,0.6709138361811525
Src,-0.01745862312146532,0.01745862312146532,0.32274098687456715
Palld,-0.038869018113043274,0.038869018113043274,0.02765322937764045
Nnat,-0.0033951247282286877,0.0033951247282286877,0.8475207312491063
Aspn,0.005373376968692403,0.005373376968692403,0.7608823562831265
Crlf1,0.0014261862958776744,0.0014261862958776744,0.9356234271566415
Mzf1,-0.000974611007643033,0.000974611007643033,0.9559815922205863
6330408A02Rik,0.02047065879193907,0.02047065879193907,0.24626341268066176
Ppp4r1l-ps,-0.019386641152451502,0.019386641152451502,0.2721775735501746
Sntb1,0.021768071871080763,0.021768071871080763,0.21758457680306442
D630003M21Rik,0.019793520337070415,0.019793520337070415,0.2622402780715176
Fmod,-0.0035861929790230876,0.0035861929790230876,0.8390537779191645
Tll1,-0.021532981255613204,0.021532981255613204,0.22259478160680746
1700060C20Rik,-0.024594203595811995,0.024594203595811995,0.16359003947092796
Lbp,0.049129281368117256,0.049129281368117256,0.005367515634065731
Lig1,0.05400095325143013,0.05400095325143013,0.002209189731054342
Omd,0.015581475573314482,0.015581475573314482,0.37750256137990434
Slc32a1,-0.00201371562523457,0.00201371562523457,0.9092009418448208
Gm19510,0.00798559893244319,0.00798559893244319,0.6510745057929191
Zcchc4,0.001178947145219884,0.001178947145219884,0.946765241743788
Ppp1r16b,0.002494525010615669,0.002494525010615669,0.8876510135270685
Fam83d,0.04594886801582941,0.04594886801582941,0.009222884944920321
Col14a1,-0.01732655774439277,0.01732655774439277,0.3264153857375385
Gm826,0.0014261862958776742,0.0014261862958776742,0.9356234271566415
D930048N14Rik,0.001426186295877683,0.001426186295877683,0.9356234271566415
2810047C21Rik1,0.027848776076628577,0.027848776076628577,0.11467691892339088
Slc2a9,-0.008969626136809503,0.008969626136809503,0.6114511282018475
Diras2,0.0014261862958776926,0.0014261862958776926,0.9356234271566415
Gm19705,0.007577791672105238,0.007577791672105238,0.6677974456968276
Klc3,-0.0033951247282286877,0.0033951247282286877,0.8475207312491063
Gm14378,-0.003658332496906902,0.003658332496906902,0.8358617849114403
Gm2011,0.015006936894679577,0.015006936894679577,0.39534584750507484
Rab40b,-0.016677076973886602,0.016677076973886602,0.3448792024635855
Ckm,0.03355820999477176,0.03355820999477176,0.05728920692292324
Lrrc8e,-0.024594203595812082,0.024594203595812082,0.16359003947092796
Fgfr3,0.002585437424491816,0.002585437424491816,0.883585131889983
Cdh24,0.019793520337070415,0.019793520337070415,0.2622402780715176
Cdhr3,-0.010162573810973994,0.010162573810973994,0.5649057625989785
Pabpc4l,-0.024594203595812048,0.024594203595812048,0.16359003947092796
Pcdh18,0.017775460807746175,0.017775460807746175,0.3140361233457085
Wwc1,-0.03478687690848402,0.03478687690848402,0.04875315450968041
Tspyl5,0.019793520337070405,0.019793520337070405,0.2622402780715176
Ctxn1,0.0011954172837415535,0.0011954172837415535,0.9460226682495422
Mark4,0.03699136401145933,0.03699136401145933,0.03610743093249305
Cd209b,-0.01697643692050453,0.01697643692050453,0.3362876004740701
Cd209d,-0.06513106401843761,0.06513106401843761,0.00022196821426473065
Sdc2,-0.04545492727768535,0.04545492727768535,0.010004846167188913
Marveld2,-0.04438157716814385,0.04438157716814385,0.011910646613561254
5031434O11Rik,0.013725671437022042,0.013725671437022042,0.4369303566841191
Clec4g,-0.024594203595812002,0.024594203595812002,0.16359003947092796
Sema5a,-0.03610643466680642,0.03610643466680642,0.04080091231138727
Fcer2a,0.0036211177629872733,0.0036211177629872733,0.8375081097937104
Fn3krp,0.01979352033707041,0.01979352033707041,0.2622402780715176
4930579G18Rik,-0.01880640464727944,0.01880640464727944,0.2867894719870822
Slit3,-0.019380576615775448,0.019380576615775448,0.27232761193072513
Cmbl,-0.03600462524689086,0.03600462524689086,0.0413726507031584
Fn3k,0.0014261862958776781,0.0014261862958776781,0.9356234271566415
4930583H14Rik,0.03960555804040175,0.03960555804040175,0.024836708858669444
Slc25a31,-0.011877578211742195,0.011877578211742195,0.5011331163883144
Intu,0.007216848149697698,0.007216848149697698,0.682737786046135
Fat4,-0.0347868378821273,0.0347868378821273,0.048753407680307045
Glt25d2,-0.02922361101054834,0.02922361101054834,0.09783796021817007
Gnb4,-0.007087879839641934,0.007087879839641934,0.6881067562243298
Ppm1n,0.027996627452026746,0.027996627452026746,0.11276333343219275
C1qtnf2,-0.02474786270126218,0.02474786270126218,0.16097353922471316
Rab20,0.020832333704490457,0.020832333704490457,0.23801493251129327
Usp13,0.019793520337070446,0.019793520337070446,0.2622402780715176
Ccdc39,0.015006936894679674,0.015006936894679674,0.395345847505065
Rdh11,-0.01181249005987052,0.01181249005987052,0.503481893270906
9530052E02Rik,0.02799662745202678,0.02799662745202678,0.11276333343219275
Dbn1,-0.025088488023439895,0.025088488023439895,0.155286221278682
Stk3,0.024162171248193958,0.024162171248193958,0.17111827173388658
A330050B17Rik,-0.024594203595812082,0.024594203595812082,0.16359003947092796
Shcbp1,0.0760582330615276,0.0760582330615276,1.6047805067994106e-05
D3Ertd254e,-0.02111136723848181,0.02111136723848181,0.2317858503779087
Jub,-0.00787191445818813,0.00787191445818813,0.6557192036798226
Nipal2,-0.004538868597557651,0.004538868597557651,0.7971330592557423
4931414P19Rik,0.022868914267859624,0.022868914267859624,0.19520101079591026
Gipc3,-0.0033951247282286716,0.0033951247282286716,0.8475207312491063
Ppp1r13l,-0.0013791687408504275,0.0013791687408504275,0.9377413668218049
Trpc3,-0.02459420359581205,0.02459420359581205,0.16359003947092796
4930557J02Rik,0.0014261862958776799,0.0014261862958776799,0.9356234271566415
Il2,0.015006936894679681,0.015006936894679681,0.395345847505065
Poln,0.01500693689467962,0.01500693689467962,0.395345847505065
Mfsd12,0.002017246337332568,0.002017246337332568,0.9090424314590396
9430069I07Rik,0.015571550956122027,0.015571550956122027,0.37780651373302043
Psmb11,-0.034786876908484025,0.034786876908484025,0.04875315450968041
Spry1,-0.01420960692893909,0.01420960692893909,0.4209357896334955
Matn2,-0.0024142920230118287,0.0024142920230118287,0.8912417385239666
Nmnat2,-0.016384815285575723,0.016384815285575723,0.35340085199760884
Fam196b,0.024424090362113855,0.024424090362113855,0.16652394980951107
Smad9,0.0014261862958776755,0.0014261862958776755,0.9356234271566415
B4galt7,0.016008931648829747,0.016008931648829747,0.3645545311517435
Camsap3,-0.0275841282952321,0.0275841282952321,0.11816583058631161
Ptx3,0.013078688641223697,0.013078688641223697,0.458850778075912
Tle2,0.019649251612106896,0.019649251612106896,0.2657347222804893
Mlf1,-0.007134911670744832,0.007134911670744832,0.6861469758364781
Mrgpre,0.015540463678611055,0.015540463678611055,0.3787595709422258
Osbpl5,-0.03200670533235955,0.03200670533235955,0.06980749901717843
Rarres1,0.01637550494655257,0.01637550494655257,0.3536744882377521
Fam105a,0.019177849823807897,0.019177849823807897,0.2773757045530583
Schip1,-0.01638481528557574,0.01638481528557574,0.35340085199760884
Il12a,-0.0035602067392111,0.0035602067392111,0.8402042555077613
Ift80,0.020436001093932198,0.020436001093932198,0.2470642155965959
Tnfrsf22,-0.01399089164569523,0.01399089164569523,0.4281216124085078
Ceacam19,0.003146083233984508,0.003146083233984508,0.8585830132582866
Gm1647,-0.003903229062319808,0.003903229062319808,0.8250461659944787
Ppp1r3e,0.02331717298016997,0.02331717298016997,0.1865871142797451
B3galnt1,-0.024792271677084796,0.024792271677084796,0.1602232628935348
Phlda2,0.013078688641223704,0.013078688641223704,0.458850778075912
Bche,-0.024594203595812013,0.024594203595812013,0.16359003947092796
Fndc4,-0.029516186800704128,0.029516186800704128,0.0945228500433237
BC025920,0.01850471603203828,0.01850471603203828,0.29459228766363316
Zfp180,-0.0035661230230565125,0.0035661230230565125,0.8399422963324492
Kcnq1,-0.00908967504602299,0.00908967504602299,0.6066910244678062
4921511C10Rik,0.013078688641223716,0.013078688641223716,0.458850778075912
Zfp112,0.00036936960811852915,0.00036936960811852915,0.9833101322393302
R74862,0.013726696218687388,0.013726696218687388,0.4368961211160013
Il9r,0.015006936894679575,0.015006936894679575,0.39534584750507484
Nsg2,-0.012654124650213877,0.012654124650213877,0.4735638843759828
Tmem144,0.027996627452026798,0.027996627452026798,0.11276333343219275
B3gntl1,-0.015409357138512781,0.015409357138512781,0.3827952142111553
Pdgfc,-0.03096772053301644,0.03096772053301644,0.07938404331943892
Catsper3,0.0014261862958776783,0.0014261862958776783,0.9356234271566415
Fbxo5,0.006188189652396305,0.006188189652396305,0.7259858434848014
Lekr1,-0.011433412720367046,0.011433412720367046,0.5172759465191261
4931440P22Rik,-0.0611013947692412,0.0611013947692412,0.0005327975320497679
Dclk1,-0.002142563123601827,0.002142563123601827,0.9034187580798313
Nbea,-0.026872549277546825,0.026872549277546825,0.12795992700190675
C330021F23Rik,-0.02179293977231215,0.02179293977231215,0.2170593754008666
Wwtr1,-0.03591338073509633,0.03591338073509633,0.04189080772296091
Spon2,-0.0045170038545131325,0.0045170038545131325,0.7980891398384378
Efcab9,0.007252326175263288,0.007252326175263288,0.6812636261380431
Ocln,-0.011616249552575269,0.011616249552575269,0.5105984636091266
Pex11c,0.02087565795899895,0.02087565795899895,0.23704009967765058
Plekhh1,-0.004802928842364261,0.004802928842364261,0.7856109004832713
Fam194a,0.01979352033707041,0.01979352033707041,0.2622402780715176
Gm8234,0.019793520337070415,0.019793520337070415,0.2622402780715176
Mrgprf,-0.0048684834161312925,0.0048684834161312925,0.782757605964451
Med12l,-0.01305583514242576,0.01305583514242576,0.45963617987346006
Yes1,0.006291533233916231,0.006291533233916231,0.7215985196436697
F630111L10Rik,-0.006623030422284345,0.006623030422284345,0.7075875205992709
P2ry13,0.013161044321637583,0.013161044321637583,0.4560267214473207
Ctnnd2,0.019793520337070405,0.019793520337070405,0.2622402780715176
Igsf10,-0.01491984132615104,0.01491984132615104,0.3980945415959511
1810010D01Rik,-0.01979846345162114,0.01979846345162114,0.262121111893182
Plb1,-0.04261169107609624,0.04261169107609624,0.015761105410475543
Dnahc5,-0.027584128295232102,0.027584128295232102,0.11816583058631161
Gm5512,0.025654059900102208,0.025654059900102208,0.14618167414352357
Hbq1b,0.01979352033707041,0.01979352033707041,0.2622402780715176
Mme,-0.016218459486861313,0.016218459486861313,0.3583103023080212
Rgs16,0.027996627452026752,0.027996627452026752,0.11276333343219275
Hba-a2,0.060634168189870635,0.060634168189870635,0.000587834416942244
Hba-a1,0.22594094329551673,0.22594094329551673,1.954891557445542e-38
A730090N16Rik,0.022876024411342535,0.022876024411342535,0.19506214249907683
Ano1,-0.0163848152855757,0.0163848152855757,0.35340085199760884
Gm5531,-0.031523825827050815,0.031523825827050815,0.07413339268738807
F730043M19Rik,0.015006936894679612,0.015006936894679612,0.395345847505065
4930429B21Rik,0.019793520337070426,0.019793520337070426,0.2622402780715176
Osr2,0.01979352033707041,0.01979352033707041,0.2622402780715176
Gm12185,0.015377932165845268,0.015377932165845268,0.38376641795548255
Gng8,-0.021655034262973157,0.021655034262973157,0.21998340312069475
Prosc,0.0547935527418128,0.0547935527418128,0.0018992247266429126
Gata5,-0.01684524998584517,0.01684524998584517,0.34003556884594033
Slco4a1,-0.010588816096235775,0.010588816096235775,0.5486980271567028
1600027N09Rik,-0.0013791687408504717,0.0013791687408504717,0.9377413668218049
Hif3a,-0.012556565514367995,0.012556565514367995,0.4769810332217532
Col9a3,0.018832381091786633,0.018832381091786633,0.2861242052859576
Cthrc1,-0.013010351246822918,0.013010351246822918,0.46120155262464063
Fzd6,-0.014315410557141736,0.014315410557141736,0.41748519305519016
Slc17a9,-0.019243396504187705,0.019243396504187705,0.27573660605591843
Nkain4,0.0013986415753217034,0.0013986415753217034,0.9368641446785082
Aspm,0.04392469992886397,0.04392469992886397,0.012815068373806674
Col20a1,0.03654290860485361,0.03654290860485361,0.03842504623900131
Erh,0.07593872966711557,0.07593872966711557,1.6548785491121926e-05
Ptk6,-0.021532981255613207,0.021532981255613207,0.22259478160680746
Cfh,0.20875181605371235,0.20875181605371235,6.146434440054187e-33
Kcnu1,0.019793520337070408,0.019793520337070408,0.2622402780715176
2310043O21Rik,0.0024709972664961086,0.0024709972664961086,0.8887037322612967
Ccdc96,0.0020172463373325676,0.0020172463373325676,0.9090424314590396
Zgpat,-0.03149378362132025,0.03149378362132025,0.07440960757208417
Star,0.02464890247606215,0.02464890247606215,0.1626549809811363
Bag4,0.01868565668959855,0.01868565668959855,0.2898955704950168
Zbtb46,-0.019925288687308352,0.019925288687308352,0.2590764535562356
Trim7,-0.004633484577790401,0.004633484577790401,0.792999305413922
Ddhd2,-0.024536109975526868,0.024536109975526868,0.1645875583427087
Ppapdc1b,0.04007952326773728,0.04007952326773728,0.02315860431150162
Gm16119,0.02083233370449048,0.02083233370449048,0.23801493251129327
Rrm2b,0.01525450901677606,0.01525450901677606,0.38759543701444554
Ppp2r2c,-0.034786876908484046,0.034786876908484046,0.04875315450968041
Ncald,-0.034724454131649894,0.034724454131649894,0.04915951453882664
Ss18l1,-0.01224737721328667,0.01224737721328667,0.4878993990072142
Rnf122,0.015919836072164736,0.015919836072164736,0.3672301783096077
Tnks,0.06745111273831048,0.06745111273831048,0.00013107187976335805
Nespas,-0.027584128295232123,0.027584128295232123,0.11816583058631161
Nr5a2,-0.024594203595811995,0.024594203595811995,0.16359003947092796
Grlf1,-0.003640865863946236,0.003640865863946236,0.8366343939244495
Atp6v1g3,0.0014261862958776757,0.0014261862958776757,0.9356234271566415
Zbtb49,0.007629490290379496,0.007629490290379496,0.6656680739281104
Efcab10,-0.013990891645695194,0.013990891645695194,0.4281216124085078
Edn3,-0.0038484825178083694,0.0038484825178083694,0.8274611917062034
Gm14393,0.02122963243374006,0.02122963243374006,0.2291809419068157
Gm14391,-0.00992023099392609,0.00992023099392609,0.5742222593853233
0610010B08Rik,0.0020172463373325697,0.0020172463373325697,0.9090424314590396
Gm6710,0.018504716032038286,0.018504716032038286,0.29459228766363316
Gm14306,0.023686380015951282,0.023686380015951282,0.17970577484341788
Gm14436,0.023686380015951285,0.023686380015951285,0.17970577484341788
100043387,-0.0015963361823526532,0.0015963361823526532,0.9279628164706354
Hmgb1-rs17,0.004746867020788831,0.004746867020788831,0.7880533057432143
Gm14403,0.004505485091589877,0.004505485091589877,0.798592943151887
Gm14322,0.002639334145788998,0.002639334145788998,0.8811761447539814
Zfpm2,-0.024594203595812,0.024594203595812,0.16359003947092796
Msx1,-0.0025926760346838013,0.0025926760346838013,0.883261529318674
Shisa3,0.01979352033707041,0.01979352033707041,0.2622402780715176
Stk32b,0.0014261862958776755,0.0014261862958776755,0.9356234271566415
Evc2,0.027996616570108247,0.027996616570108247,0.11276347334134604
Sycp2,-0.03660228797063715,0.03660228797063715,0.03811109277885474
Dpys,-0.020222226495553823,0.020222226495553823,0.25204400574094377
Evc,0.0014261862958776762,0.0014261862958776762,0.9356234271566415
Cdh4,-0.0034952326557299357,0.0034952326557299357,0.8430823133529952
Slc25a32,0.042160624595432974,0.042160624595432974,0.01690255994026329
Crmp1,-0.024594203595812013,0.024594203595812013,0.16359003947092796
Adrb3,-0.002705495134209846,0.002705495134209846,0.8782204935638185
Olfr56,-0.004087888551258028,0.004087888551258028,0.81691263742913
Cplx2,-0.03474557382991962,0.03474557382991962,0.04902171260527869
Fgfr1,-0.021239490678493456,0.021239490678493456,0.2289647483616392
4931431C16Rik,0.008213351795687917,0.008213351795687917,0.6418101909877376
Arhgef10,-0.007442000299456955,0.007442000299456955,0.6734031526765513
Cp,0.038110953920044974,0.038110953920044974,0.030835394419660777
2610019F03Rik,0.009954051906749774,0.009954051906749774,0.572917710567619
F630206G17Rik,-0.00896241453090833,0.00896241453090833,0.6117376040617529
Cpa3,0.013078688641223702,0.013078688641223702,0.458850778075912
Cpb1,0.027996627452026676,0.027996627452026676,0.11276333343219275
Hgfac,-0.012556565514368,0.012556565514368,0.4769810332217532
Ect2,0.0384945949062209,0.0384945949062209,0.029187719884354917
Gas6,-0.04966932449441573,0.04966932449441573,0.004881529150917304
Tnfsf10,0.02822692854405557,0.02822692854405557,0.10983284705549151
Tfdp1,0.01812361389408309,0.01812361389408309,0.3046505614766134
Tmem212,-0.010099749977278548,0.010099749977278548,0.5673139395656148
Rem2,-0.024594203595812048,0.024594203595812048,0.16359003947092796
Tnik,0.023441696832709462,0.023441696832709462,0.18424479950912823
A930005I04Rik,-0.0009746110076430445,0.0009746110076430445,0.9559815922205863
Gpr4,-0.06062677096713053,0.06062677096713053,0.000588746855083163
Egfem1,0.0014261862958776673,0.0014261862958776673,0.9356234271566415
Mecom,0.01325618860689882,0.01325618860689882,0.452776331280285
Narf,0.07506785512933313,0.07506785512933313,2.0676213567252577e-05
Lrrc34,-0.043384686785277723,0.043384686785277723,0.01396197303735766
Fgfr4,0.0010531441474353788,0.0010531441474353788,0.9524386801807152
Grk4,-0.0268177249303194,0.0268177249303194,0.12873995549817863
Opa3,0.003760833043546549,0.003760833043546549,0.8313310476777473
Pcid2,0.03388446822989749,0.03388446822989749,0.054909566698245114
Adra1b,0.0014261862958776755,0.0014261862958776755,0.9356234271566415
Cldn11,-0.024594203595811995,0.024594203595811995,0.16359003947092796
Slc7a14,-0.011440096218609176,0.011440096218609176,0.5170310615316467
Kcnmb2,0.002017246337332568,0.002017246337332568,0.9090424314590396
Mcph1,0.03402034005124094,0.03402034005124094,0.053943143904236865
Sox18,-0.009156088922452028,0.009156088922452028,0.6040647557155575
Angpt2,-0.016167190577268384,0.016167190577268384,0.35983194050315787
Xkr5,0.0033555391977076127,0.0033555391977076127,0.8492771510155666
B3galt2,0.008213351795687938,0.008213351795687938,0.6418101909877376
Trove2,-0.012407125921011359,0.012407125921011359,0.4822414301211735
Htra4,-0.02459420359581206,0.02459420359581206,0.16359003947092796
Exd2,0.00033804477505285216,0.00033804477505285216,0.9847253556611949
Pkia,-0.025971736746832903,0.025971736746832903,0.14124997862379748
Adam3,-0.01638481528557571,0.01638481528557571,0.35340085199760884
Il7,0.02771545407145481,0.02771545407145481,0.11642427001307967
Ido1,0.004175638220582914,0.004175638220582914,0.8130544471017905
Nova2,0.02144567742421291,0.02144567742421291,0.2244762440570132
Mypop,-0.0015904424040727528,0.0015904424040727528,0.9282280629800487
Sfrp1,-0.001781012733221325,0.001781012733221325,0.9196557446888142
Zbtb10,0.03964208575007169,0.03964208575007169,0.024703736603708608
C030034L19Rik,0.027848776076628626,0.027848776076628626,0.11467691892339088
Sorcs2,0.027996627452026697,0.027996627452026697,0.11276333343219275
Ank1,0.013078688641223713,0.013078688641223713,0.458850778075912
Itk,0.027904296578031514,0.027904296578031514,0.1139553646850809
Gm9833,0.030417595237070993,0.030417595237070993,0.08487171532426702
Prg4,-0.0019488741396403956,0.0019488741396403956,0.9121126192424575
1810012K16Rik,-0.012556565514368002,0.012556565514368002,0.4769810332217532
Ckap2,0.05065510271035765,0.05065510271035765,0.004095843548772707
Ablim2,0.03609456428169713,0.03609456428169713,0.04086722710369103
Dmwd,-0.026488794488268786,0.026488794488268786,0.13349769107445267
Car13,0.005439721843472804,0.005439721843472804,0.758021602121908
Car3,0.015006936894679591,0.015006936894679591,0.395345847505065
Car2,0.01572261475040128,0.01572261475040128,0.37319633777918565
Nek5,0.027996627452026697,0.027996627452026697,0.11276333343219275
Alg11,0.02418220431533054,0.02418220431533054,0.17076355539267146
Dmpk,0.005070189197801132,0.005070189197801132,0.7739967240944685
Spag11b,0.0026760291429731463,0.0026760291429731463,0.8795366391890446
Bhlhe22,0.015006936894679678,0.015006936894679678,0.395345847505065
Ushbp1,-0.020216230506420872,0.020216230506420872,0.25218468112636655
Thnsl2,0.014032234007484802,0.014032234007484802,0.4267578785459823
Peg3,-0.034758510996487545,0.034758510996487545,0.048937460264054
Lrrc8b,0.0047468670207888135,0.0047468670207888135,0.7880533057432143
Slc22a23,-0.027576093338166723,0.027576093338166723,0.11827304469735463
Pde1a,0.0014261862958776822,0.0014261862958776822,0.9356234271566415
Prdx6b,0.004560913217928434,0.004560913217928434,0.7961694210880488
Gbp11,0.019793520337070415,0.019793520337070415,0.2622402780715176
Nckap1,0.02316352087711334,0.02316352087711334,0.1895075534470714
Plagl1,-0.012890873938204674,0.012890873938204674,0.4653276310333247
Ppfibp1,-0.008478672737002134,0.008478672737002134,0.6310876572921252
Rltpr,0.020851483213187576,0.020851483213187576,0.23758370379702176
Rep15,-0.0033951247282286946,0.0033951247282286946,0.8475207312491063
Gm13710,0.015006936894679626,0.015006936894679626,0.395345847505065
Zfp951,0.033514834166395106,0.033514834166395106,0.057611941157848685
Apol8,0.01979352033707041,0.01979352033707041,0.2622402780715176
Nrn1l,0.01307868864122369,0.01307868864122369,0.458850778075912
Hsd11b2,0.001426186295877693,0.001426186295877693,0.9356234271566415
Apol9b,0.015749838877039755,0.015749838877039755,0.3723692278655993
Zdhhc1,0.003294278305255425,0.003294278305255425,0.8519967836669513
Apol11b,0.027996627452026728,0.027996627452026728,0.11276333343219275
Eci3,-0.003395124728228676,0.003395124728228676,0.8475207312491063
Lrrc36,0.007873650886981888,0.007873650886981888,0.6556481593081036
Slc43a1,0.019559482482471587,0.019559482482471587,0.2679251941255468
Plekhg4,-0.03478687690848404,0.03478687690848404,0.04875315450968041
Gm6498,-0.016384815285575692,0.016384815285575692,0.35340085199760884
Atp5s,0.0002793508533848891,0.0002793508533848891,0.9873772119422296
Aplnr,-0.031712563320818954,0.031712563320818954,0.07241720135503764
Olfr1033,-0.016600716788202564,0.016600716788202564,0.3470929385817285
Slc9a5,0.002017246337332569,0.002017246337332569,0.9090424314590396
Tmtc1,-0.04903875233111153,0.04903875233111153,0.005453128677037483
Klhdc5,-0.002057763736896293,0.002057763736896293,0.9072236741764759
Lrrc8c,0.03215614443801349,0.03215614443801349,0.06851149329813383
Lcat,0.007830478614534843,0.007830478614534843,0.6574154351445753
Zfp385b,0.0014261862958776764,0.0014261862958776764,0.9356234271566415
F930015N05Rik,0.019793520337070408,0.019793520337070408,0.2622402780715176
A430071A18Rik,-0.01697643692050453,0.01697643692050453,0.3362876004740701
Itga6,0.018153752088963124,0.018153752088963124,0.3038469364467949
Rapgef4,-0.002707364092833283,0.002707364092833283,0.8781370248434083
Sntb2,0.007607969367127488,0.007607969367127488,0.6665541553824733
1700028K03Rik,0.001426186295877676,0.001426186295877676,0.9356234271566415
Hs3st3b1,0.00744298905842726,0.00744298905842726,0.6733622688837851
Has3,0.01979352033707041,0.01979352033707041,0.2622402780715176
A830010M20Rik,0.014778973396810287,0.014778973396810287,0.4025645513705547
Ephx4,-0.021532981255613207,0.021532981255613207,0.22259478160680746
Smpd3,0.0014261862958776911,0.0014261862958776911,0.9356234271566415
Gpr155,0.04816695517866958,0.04816695517866958,0.006342854182032667
4930447K03Rik,-0.012312793161192399,0.012312793161192399,0.4855781827660948
Chrna1,0.0014261862958776918,0.0014261862958776918,0.9356234271566415
Chn1,-0.01585881269465814,0.01585881269465814,0.36906982279790107
Fbxw10,0.03229212124954989,0.03229212124954989,0.06734947842121053
Tubb2b,-0.024704937591531303,0.024704937591531303,0.16170126457296072
1810019D21Rik,-0.0006976440012296953,0.0006976440012296953,0.9684830394334284
Esrp2,0.0014261862958776744,0.0014261862958776744,0.9356234271566415
Zfp286,0.011214709466698638,0.011214709466698638,0.5253222766540625
Zfp287,0.04374292020609247,0.04374292020609247,0.013191478411785352
Ttc30b,-0.00014754529747292543,0.00014754529747292543,0.9933327964065455
Cdc7,0.02166625273612751,0.02166625273612751,0.2197444860724447
Efna2,0.03147814344576055,0.03147814344576055,0.07455373927074702
Osbpl6,-0.024479989018778597,0.024479989018778597,0.16555554615920137
Dfnb59,-0.001948874139640386,0.001948874139640386,0.9121126192424575
B230216N24Rik,0.011062718522830953,0.011062718522830953,0.5309516488851642
Ccdc141,0.0125478687835643,0.0125478687835643,0.477286302345354
BC046404,0.005933419255277362,0.005933419255277362,0.736839992079317
Agbl2,0.0014261862958776736,0.0014261862958776736,0.9356234271566415
Lrrc29,-0.003814156024377031,0.003814156024377031,0.8289762646877913
C1qtnf4,-0.0012063413793201453,0.0012063413793201453,0.9455301697406782
Apol9a,0.041398181859500754,0.041398181859500754,0.018997345510707152
Trp53i11,0.042287264488891266,0.042287264488891266,0.01657498650413953
Reep6,-0.003658332496906878,0.003658332496906878,0.8358617849114403
Adamtsl5,-0.02499807943812997,0.02499807943812997,0.1567806659404973
Bean1,-0.03152382582705082,0.03152382582705082,0.07413339268738807
Gm13889,0.007233840400555523,0.007233840400555523,0.6820315836922526
Cdh11,-0.018891981641158902,0.018891981641158902,0.2846017536721466
Rasgef1b,0.039415761758360174,0.039415761758360174,0.0255376449080376
Prkg2,0.0027574949399564166,0.0027574949399564166,0.8758986618150847
Gins3,0.020028376028620905,0.020028376028620905,0.25661977344564185
Ccdc113,0.021229632433740063,0.021229632433740063,0.2291809419068157
Lrrc24,0.019793520337070394,0.019793520337070394,0.2622402780715176
Aldh3a1,-0.02459420359581205,0.02459420359581205,0.16359003947092796
Nrn1,0.0014261862958776916,0.0014261862958776916,0.9356234271566415
Tfcp2l1,-0.0208927606819944,0.0208927606819944,0.23665605126187575
Recql4,0.006586381718277199,0.006586381718277199,0.7091317530873371
Pamr1,-0.02198306731220826,0.02198306731220826,0.21307405453657752
Slc1a2,-0.027945725971480886,0.027945725971480886,0.11341927252250796
Mmp15,-0.011165631085153605,0.011165631085153605,0.5271366774765296
Bmp3,0.027991631443132846,0.027991631443132846,0.11282758165229051
Mir703,-0.020959223309925445,0.020959223309925445,0.23516778164821192
Inhbb,-0.009050310610694593,0.009050310610694593,0.6082500542162994
Prdm8,-0.03478589272776297,0.03478589272776297,0.0487595393946396
Tlr11,0.007830274491136548,0.007830274491136548,0.6574237955840506
Paqr3,-0.01880640464727945,0.01880640464727945,0.2867894719870822
Gpr114,0.009580958299322267,0.009580958299322267,0.587385911471585
Bmp2k,0.07936082491192434,0.07936082491192434,6.741672561804866e-06
Cd59b,-0.03478654658594096,0.03478654658594096,0.04875529740315564
Cd59a,-0.03488401722748063,0.03488401722748063,0.04812639857519606
Epb4.1l5,0.011026097325704734,0.011026097325704734,0.5323125674203775
3632451O06Rik,0.0014261862958776755,0.0014261862958776755,0.9356234271566415
Ppip5k2,0.02173101442377617,0.02173101442377617,0.21836891076059184
Dsel,0.007045708609568616,0.007045708609568616,0.6898657814615926
Mapk8ip1,-0.011786846887285941,0.011786846887285941,0.5044088480625283
Rbfox2,-0.03328881550618453,0.03328881550618453,0.059318152982314964
Elmo3,0.0008815755854627978,0.0008815755854627978,0.9601798739007368
1700011B04Rik,0.04546906023020257,0.04546906023020257,0.009981676497965842
Slc10a6,-0.012916108355446283,0.012916108355446283,0.46445447075654844
Ptpn13,0.021016914570219668,0.021016914570219668,0.23388130490626224
Grm1,-0.010162573810974004,0.010162573810974004,0.5649057625989785
Caprin2,0.007985598932443196,0.007985598932443196,0.6510745057929191
Cenpk,0.05668136038129985,0.05668136038129985,0.0013148432744588085
Mb,0.0014261862958776757,0.0014261862958776757,0.9356234271566415
Hsf4,0.03404182737487374,0.03404182737487374,0.053791617194996665
Ddb2,0.02532289456622455,0.02532289456622455,0.1514618699138844
Pacsin3,-0.01561601939308453,0.01561601939308453,0.37644579396106653
B3gnt9-ps,-0.01743329540217049,0.01743329540217049,0.3234435715169288
Bicd1,0.002017246337332567,0.002017246337332567,0.9090424314590396
Naa30,0.008290524817591478,0.008290524817591478,0.6386835256102541
Rpp40,0.04835452891042063,0.04835452891042063,0.006141083056075333
F2,-0.012556565514367998,0.012556565514367998,0.4769810332217532
D7Ertd143e,0.0020172463373325515,0.0020172463373325515,0.9090424314590396
Serpinb2,0.005121758804127337,0.005121758804127337,0.7717614132420906
Pcsk4,-0.0033951247282287015,0.0033951247282287015,0.8475207312491063
Zfp647,0.005071870437450623,0.005071870437450623,0.7739238202492763
Prkcc,0.01620484464727849,0.01620484464727849,0.35871398956276174
Mdk,0.018555581153050428,0.018555581153050428,0.29326684892026356
Ces2g,0.026702577909068118,0.026702577909068118,0.13039026083331057
Serpinb8,0.07917961081258816,0.07917961081258816,7.076525510558499e-06
B9d1,-0.011022836728883316,0.011022836728883316,0.5324338233944368
Gyltl1b,-0.02459420359581201,0.02459420359581201,0.16359003947092796
Fam161b,-0.00023364678239214337,0.00023364678239214337,0.9894422704404389
1700029I15Rik,-0.011877578211742191,0.011877578211742191,0.5011331163883144
Car7,0.0020172463373325715,0.0020172463373325715,0.9090424314590396
Dlgap5,0.045231473621641524,0.045231473621641524,0.010377594549383551
Cybrd1,0.02799662745202667,0.02799662745202667,0.11276333343219275
1110046J04Rik,-0.024594203595812002,0.024594203595812002,0.16359003947092796
Mphosph6,0.044853462061308184,0.044853462061308184,0.011036351177464454
Aloxe3,-0.00023364678239212264,0.00023364678239212264,0.9894422704404503
Sdr42e1,0.007512646163755256,0.007512646163755256,0.6704844794809174
Hes7,-0.024993972966303114,0.024993972966303114,0.15684880338342105
Morn5,-0.016384815285575723,0.016384815285575723,0.35340085199760884
Lhx6,0.01979352033707045,0.01979352033707045,0.2622402780715176
Rerg,-0.003184934253613389,0.003184934253613389,0.8568553872881398
Kif1a,0.02196560422380183,0.02196560422380183,0.2134378863811568
Gan,0.05249565909952803,0.05249565909952803,0.0029286218962287468
Pkd1l2,0.00834692244685082,0.00834692244685082,0.6364026249013336
2310007B03Rik,-0.02758412829523209,0.02758412829523209,0.11816583058631161
Txlnb,0.024424090362113845,0.024424090362113845,0.16652394980951107
Gpr21,0.015006936894679596,0.015006936894679596,0.395345847505065
Sned1,0.013078688641223682,0.013078688641223682,0.458850778075912
Crb2,-0.003395124728228653,0.003395124728228653,0.8475207312491063
Dynlrb2,-0.004672412968240369,0.004672412968240369,0.7913002111329236
Nek6,0.008001354748964093,0.008001354748964093,0.6504318471246983
Foxc1,0.013820757642141277,0.013820757642141277,0.4337603297061694
Nr6a1,-0.023760018179245113,0.023760018179245113,0.1783561396725919
Olfml2a,0.019793520337070422,0.019793520337070422,0.2622402780715176
Gpr126,-0.02823198107730495,0.02823198107730495,0.10976923655263998
Pask,-0.024594203595812044,0.024594203595812044,0.16359003947092796
Samd4,-0.02554814842235238,0.02554814842235238,0.1478548190746062
Ispd,-0.0036979943966100126,0.0036979943966100126,0.8341079920503278
Lgals2,-0.024019544548187468,0.024019544548187468,0.1736596529377704
Farp2,0.014364163381409993,0.014364163381409993,0.41590083078049217
Adat1,0.010897954003022316,0.010897954003022316,0.5370884903380192
Tmem231,0.020059388652870956,0.020059388652870956,0.2558838836541167
Gtdc1,-0.0220538118111729,0.0220538118111729,0.21160471867760733
Cdh13,0.008658817235087202,0.008658817235087202,0.6238512063344577
3830408C21Rik,0.01979352033707045,0.01979352033707045,0.2622402780715176
Foxq1,-0.01803970316555256,0.01803970316555256,0.3068954361890858
5830428M24Rik,-0.04921031807038034,0.04921031807038034,0.0052919105031346055
Ak1,0.002837293230705803,0.002837293230705803,0.8723376882128865
1110050K14Rik,0.034839781243238055,0.034839781243238055,0.048410968047849126
Fpgs,0.029829561677249535,0.029829561677249535,0.09107251713628474
Otos,0.015833426730541948,0.015833426730541948,0.36983680650137823
1190005I06Rik,0.002847636870108065,0.002847636870108065,0.8718762942299351
Gucy2c,-0.009293110164226199,0.009293110164226199,0.5986625853127512
Hist4h4,-0.007102650341446771,0.007102650341446771,0.6874910544403898
Wscd2,-0.03478687690848405,0.03478687690848405,0.04875315450968041
Gse1,-0.03308032651404507,0.03308032651404507,0.060928993913315264
2900026A02Rik,-0.012190336982891976,0.012190336982891976,0.4899282852468613
Cyb5d1,0.03157166241885513,0.03157166241885513,0.07369530142272776
Snora65,0.0014261862958776833,0.0014261862958776833,0.9356234271566415
Slc26a11,0.01363644484503733,0.01363644484503733,0.43991712463243743
Garnl3,0.02301224562295579,0.02301224562295579,0.19241557393814254
BC049715,0.014331406159512713,0.014331406159512713,0.4169649787983575
Gm6583,0.023686380015951296,0.023686380015951296,0.17970577484341788
C030030A07Rik,0.011000434753174932,0.011000434753174932,0.5332672919439224
A030009H04Rik,0.03578237024691202,0.03578237024691202,0.04264437968892769
Art4,0.006734116546908329,0.006734116546908329,0.7029141500654692
Erp27,0.010241646064821558,0.010241646064821558,0.5618817500805653
4632415K11Rik,0.027996627452026697,0.027996627452026697,0.11276333343219275
Crybb1,0.059115929284616134,0.059115929284616134,0.0008053505884487821
2900006K08Rik,0.015006936894679624,0.015006936894679624,0.395345847505065
Pafah2,0.008372332985366241,0.008372332985366241,0.6353760644151317
Hus1b,-0.0019488741396403739,0.0019488741396403739,0.9121126192424575
Alox8,0.01500693689467964,0.01500693689467964,0.395345847505065
D730039F16Rik,-0.04261169107609623,0.04261169107609623,0.015761105410475543
Phf19,0.017118584937460823,0.017118584937460823,0.33225658686851245
Mn1,0.0020085136844525263,0.0020085136844525263,0.9094344881818884
AI182371,0.00247099726649611,0.00247099726649611,0.8887037322612967
Dok4,0.0004060072273872499,0.0004060072273872499,0.9816549495810977
Pfas,0.019180995767629997,0.019180995767629997,0.2772968840066542
Bok,0.016709181991901214,0.016709181991901214,0.34395114896256684
Ntn1,0.0005591197655067999,0.0005591197655067999,0.974738699679756
Mtss1l,-0.01579130964216298,0.01579130964216298,0.371111467992156
Fap,0.023686380015951282,0.023686380015951282,0.17970577484341788
Hydin,0.027996627452026673,0.027996627452026673,0.11276333343219275
Serpinb9b,-0.0163848152855757,0.0163848152855757,0.35340085199760884
Gm15706,-0.036601516142011736,0.036601516142011736,0.03811515960051166
Cobll1,0.0051846703887491125,0.0051846703887491125,0.7690370423511177
Scn3a,-0.037518092105903865,0.037518092105903865,0.033538430715862724
Pigg,0.04101755986862849,0.04101755986862849,0.020125541748243457
Ttc21b,0.015015727464328327,0.015015727464328327,0.3950690597903001
Scn7a,-0.04592690735408301,0.04592690735408301,0.009256457766207789
1700108M19Rik,0.00201724633733257,0.00201724633733257,0.9090424314590396
Zfp612,0.027996627452026676,0.027996627452026676,0.11276333343219275
Dhrs9,-0.012115153897875883,0.012115153897875883,0.49260941831205207
Lrp2,0.00247099726649611,0.00247099726649611,0.8887037322612967
Il2rb,0.06745513010294002,0.06745513010294002,0.00013095048556102334
Kbtbd10,0.015006936894679612,0.015006936894679612,0.395345847505065
Rassf8,0.020628272779901945,0.020628272779901945,0.24264451906001316
Tmem220,-0.0033543930676214768,0.0033543930676214768,0.8493280162758435
Bhlhe41,0.0014261862958776825,0.0014261862958776825,0.9356234271566415
Sspn,0.020950643916152666,0.020950643916152666,0.23535952327208334
Evi5,0.0018057858751730105,0.0018057858751730105,0.9185420520283023
Gfi1,0.02357556452089286,0.02357556452089286,0.1817510717641401
Pkd1l3,0.027996627452026735,0.027996627452026735,0.11276333343219275
Serpinb1b,0.00798559893244316,0.00798559893244316,0.6510745057929191
4933404M02Rik,0.0024709972664961086,0.0024709972664961086,0.8887037322612967
Gad1,0.0014261862958776734,0.0014261862958776734,0.9356234271566415
A930041C12Rik,0.01979352033707041,0.01979352033707041,0.2622402780715176
Nqo1,-0.007446448778662248,0.007446448778662248,0.6732192219117802
Fuk,-0.012182252589809477,0.012182252589809477,0.49021620884936823
Kiss1r,0.013789891426398772,0.013789891426398772,0.43478790203978873
Itgb6,0.01979352033707041,0.01979352033707041,0.2622402780715176
Pcgf3,0.00444659815412625,0.00444659815412625,0.8011698233355936
Cdc42ep1,0.011312245539740726,0.011312245539740726,0.521725926524816
Pde3a,0.05060449062400528,0.05060449062400528,0.004133205665666848
Kif5c,0.03220332286671446,0.03220332286671446,0.06810646919701697
Lypd6b,-0.004205015317261231,0.004205015317261231,0.811763798227835
Slc25a35,0.01963473101943565,0.01963473101943565,0.2660882036434061
Gm13483,0.027996627452026676,0.027996627452026676,0.11276333343219275
Gm13498,-0.0033951247282286903,0.0033951247282286903,0.8475207312491063
Pole,-0.0020137156252345977,0.0020137156252345977,0.9092009418448208
Bcar1,0.021516928698138482,0.021516928698138482,0.22293987684075803
Slco1a4,0.01979352033707041,0.01979352033707041,0.2622402780715176
Iapp,0.027996627452026676,0.027996627452026676,0.11276333343219275
Ldhd,0.0014261862958776911,0.0014261862958776911,0.9356234271566415
Neb,0.0150069368946796,0.0150069368946796,0.395345847505065
Wdr59,0.04195761324992586,0.04195761324992586,0.017439534503644154
Cacnb4,0.022882213444708605,0.022882213444708605,0.19494132338124948
Gm15787,0.015377932165845267,0.015377932165845267,0.38376641795548255
Kcnj8,-0.0439865803949155,0.0439865803949155,0.012689117746307538
Plcxd1,0.014778973396810289,0.014778973396810289,0.4025645513705547
Pdpr,0.01153602574103185,0.01153602574103185,0.5135228048806849
Abcc9,-0.017579065367215332,0.017579065367215332,0.3194135737807631
Fgfrl1,0.009255745285250342,0.009255745285250342,0.6001335522945298
Serpinb6b,0.03340498946000632,0.03340498946000632,0.058435994121115546
Sostdc1,0.0197935203370704,0.0197935203370704,0.2622402780715176
Sox5,-0.024594203595812006,0.024594203595812006,0.16359003947092796
Tanc1,0.01074480332729316,0.01074480332729316,0.5428245432855897
Wdsub1,0.061603163265781385,0.061603163265781385,0.0004790603266077698
Ccdc42,-0.0347681278900457,0.0347681278900457,0.04887490970504683
Mfsd6l,-0.014201429289699917,0.014201429289699917,0.42120318354122577
Casc1,-0.024594203595812006,0.024594203595812006,0.16359003947092796
Pla2r1,-0.004387774467741113,0.004387774467741113,0.8037460963776976
Samd5,-0.02788997923674497,0.02788997923674497,0.1141410926013244
Ptpn4,0.013922533434549737,0.013922533434549737,0.43038205328683204
Ccl17,-0.0437598593724688,0.0437598593724688,0.013155994364575041
Il1a,0.01809159139373817,0.01809159139373817,0.3055059747557869
2210415F13Rik,0.01979352033707042,0.01979352033707042,0.2622402780715176
Gm14047,-0.007706134248507794,0.007706134248507794,0.6625162057325544
Nucks1,0.05152180518558068,0.05152180518558068,0.003501817700763515
4932416H05Rik,0.01874546724049578,0.01874546724049578,0.28835419642577637
Zfp41,-0.012556565514367991,0.012556565514367991,0.4769810332217532
Kit,-0.0015628309228032525,0.0015628309228032525,0.92947080939415
Gypa,0.041017559868628435,0.041017559868628435,0.020125541748243457
Zfp580,-0.0035763311038255943,0.0035763311038255943,0.8394903481306538
Slc45a3,0.019793520337070415,0.019793520337070415,0.2622402780715176
Cpxm1,0.0314685458192725,0.0314685458192725,0.07464229881024839
Gm6116,-0.024594203595812016,0.024594203595812016,0.16359003947092796
Edn1,0.01960528054076769,0.01960528054076769,0.26680612307960355
Phactr1,0.0036119345011790685,0.0036119345011790685,0.8379144734469263
Lnx1,0.01979352033707041,0.01979352033707041,0.2622402780715176
Scfd2,0.00613704118652228,0.00613704118652228,0.7281606278112469
Rasl11b,-0.027585875493075167,0.027585875493075167,0.11814252701482358
Prosapip1,0.02799662745202668,0.02799662745202668,0.11276333343219275
Usp46,0.010219733603078098,0.010219733603078098,0.5627189791046469
Slc39a2,-0.04258300155362498,0.04258300155362498,0.01583163446132439
Slc4a11,-0.00023364678239217506,0.00023364678239217506,0.9894422704404389
Ly6i,0.020505254633717444,0.020505254633717444,0.24546585430502096
Dcun1d4,0.020676571519194057,0.020676571519194057,0.24154307619948986
A730017L22Rik,0.016175693618670398,0.016175693618670398,0.3595792938518751
Atrn,0.023342457103719804,0.023342457103719804,0.1861097451061417
Adam33,-0.01638481528557565,0.01638481528557565,0.35340085199760884
Pycr1,0.0014261862958776781,0.0014261862958776781,0.9356234271566415
Hspa12b,0.0027691832594825662,0.0027691832594825662,0.8753769154535929
2010109I03Rik,0.008979629552155014,0.008979629552155014,0.6110538480844112
Top1mt,0.02286449505753727,0.02286449505753727,0.19528735895273722
Ly6k,0.02840665186169302,0.02840665186169302,0.10758800276824111
Amh,-0.023521509641092272,0.023521509641092272,0.18275499256287847
Hivep1,0.02451149704129419,0.02451149704129419,0.16501156238557194
Noa1,0.01533300740093184,0.01533300740093184,0.38515745479041624
Snx13,0.01053748020523641,0.01053748020523641,0.550637844771539
Lphn1,0.008302025111112334,0.008302025111112334,0.6382181385813716
Nat14,0.026428843294433266,0.026428843294433266,0.13437930993888367
Gjc2,-0.024594203595811995,0.024594203595811995,0.16359003947092796
A430110N23Rik,-0.024594203595812002,0.024594203595812002,0.16359003947092796
Mak,-0.009696766059595047,0.009696766059595047,0.5828769388056838
Obscn,0.01979352033707041,0.01979352033707041,0.2622402780715176
Ptger1,-0.026519436396650886,0.026519436396650886,0.13304881409153269
Numb,0.01195161613199793,0.01195161613199793,0.49846844779704474
Zfyve1,0.017924966991647234,0.017924966991647234,0.30998266980531564
Hist3h2bb-ps,-0.01016257381097403,0.01016257381097403,0.5649057625989785
Ucp1,-0.02459420359581201,0.02459420359581201,0.16359003947092796
Kcnip3,0.027165305683554554,0.027165305683554554,0.12385667496465715
Ear11,-0.00018092557718578893,0.00018092557718578893,0.9918244728093686
5430435G22Rik,0.04502642094424594,0.04502642094424594,0.010730463378584928
Mal,0.013797660603435935,0.013797660603435935,0.43452912485352846
Mall,0.0020172463373325632,0.0020172463373325632,0.9090424314590396
Nphp1,0.0012041701500646652,0.0012041701500646652,0.9456280551106091
9530008L14Rik,-0.008452892497227497,0.008452892497227497,0.6321261754682912
C530008M17Rik,-0.037011244370716734,0.037011244370716734,0.036007507999338585
Ear6,-0.016873398984596638,0.016873398984596638,0.3392291142598331
Fam183b,-0.017089743641213507,0.017089743641213507,0.33307193101198035
Mertk,0.0025100897751181685,0.0025100897751181685,0.8869546968448123
Sf3a2,0.026817508103070806,0.026817508103070806,0.1287430477830902
Fbln7,0.0014261862958776924,0.0014261862958776924,0.9356234271566415
Zfp865,0.03572004932165036,0.03572004932165036,0.043006851863974134
Inpp4b,-0.0057993255090742594,0.0057993255090742594,0.742574183940933
Ttl,-0.0022813050880702308,0.0022813050880702308,0.8971982767517949
Rhpn1,0.001426186295877683,0.001426186295877683,0.9356234271566415
Zfp707,0.009640066069965408,0.009640066069965408,0.5850825352752487
Ednra,-0.022131690721461175,0.022131690721461175,0.20999568493129014
Ly6d,0.031181933876365364,0.031181933876365364,0.07732676145053016
Ap1m1,0.0680507895287039,0.0680507895287039,0.00011407768943700027
Rgs6,0.019793520337070415,0.019793520337070415,0.2622402780715176
Slc36a2,-0.01477087299946175,0.01477087299946175,0.4028225037135055
Ctso,0.03587801836084173,0.03587801836084173,0.04209309357096954
Ovol2,-0.016384815285575716,0.016384815285575716,0.35340085199760884
Gm20571,0.04500063899476946,0.04500063899476946,0.010775577034225993
Zfp133-ps,0.027996627452026652,0.027996627452026652,0.11276333343219275
6330439K17Rik,-0.010162573810974011,0.010162573810974011,0.5649057625989785
Cntn2,0.015377932165845267,0.015377932165845267,0.38376641795548255
Gabrb1,-0.019234059710097454,0.019234059710097454,0.27596968310520975
Gabra2,-6.732132606327852e-05,6.732132606327852e-05,0.9969578893476324
Zfp583,0.009024836099333106,0.009024836099333106,0.6092599231002773
BC039771,0.0014261862958776835,0.0014261862958776835,0.9356234271566415
Unc13a,0.0014261862958776788,0.0014261862958776788,0.9356234271566415
Fam129c,0.011085800746143919,0.011085800746143919,0.5300947737651855
Lrrn2,0.0197935203370704,0.0197935203370704,0.2622402780715176
Eif2c2,0.04292076210674393,0.04292076210674393,0.015018641560846382
Slc27a1,0.00860542333213489,0.00860542333213489,0.6259923146586901
Zfp78,0.0016935510131603731,0.0016935510131603731,0.9235888883672899
Foxa2,-0.02459420359581201,0.02459420359581201,0.16359003947092796
Gm1574,0.012041669630409108,0.012041669630409108,0.4952375476118133
Plvap,0.010571888709798378,0.010571888709798378,0.5493372856748474
Cap2,-0.03478687690848404,0.03478687690848404,0.04875315450968041
Pik3c2b,0.004114759769332438,0.004114759769332438,0.8157306839977898
Napb,0.03852036132452884,0.03852036132452884,0.029079823578775334
Cst8,0.013078688641223706,0.013078688641223706,0.458850778075912
Khdrbs3,-0.024856868062077556,0.024856868062077556,0.15913664742305914
Ankle1,0.054656989549974055,0.054656989549974055,0.0019496092971891562
3300002I08Rik,-0.013856030286351954,0.013856030286351954,0.4325877820867666
Notum,0.001426186295877683,0.001426186295877683,0.9356234271566415
Ociad2,0.021538276729665743,0.021538276729665743,0.22248102426498936
Sparc,-0.22583477521620499,0.22583477521620499,2.1209632399676914e-38
Flrt3,-0.013990891645695266,0.013990891645695266,0.4281216124085078
Gemin5,0.04874168041196326,0.04874168041196326,0.005742793033621526
Ccdc106,0.02929241869638781,0.02929241869638781,0.09705008265273267
Lypd2,0.008658817235087185,0.008658817235087185,0.6238512063344577
Slurp1,0.019629530361793275,0.019629530361793275,0.2662148842546536
Ndrg2,-0.03165059694202467,0.03165059694202467,0.07297704082595816
Prnd,-0.012556565514368017,0.012556565514368017,0.4769810332217532
Tmem184c,0.0018385753386809833,0.0018385753386809833,0.9170682263939903
Cdk18,0.011806276241431117,0.011806276241431117,0.5037064291176069
0610038B21Rik,0.012041669630409108,0.012041669630409108,0.4952375476118133
Gria1,-0.0365039431053025,0.0365039431053025,0.038632258378313175
Gm12238,0.0236863800159513,0.0236863800159513,0.17970577484341788
Myadml2,0.019793520337070415,0.019793520337070415,0.2622402780715176
Sirt5,-0.008549046931062705,0.008549046931062705,0.6282564475660571
Nr3c2,0.027996627452026693,0.027996627452026693,0.11276333343219275
Arhgef40,-0.023620068882886217,0.023620068882886217,0.18092759997543384
Crls1,-0.029443792034354106,0.029443792034354106,0.09533464103033709
Lrrn4,0.015006936894679638,0.015006936894679638,0.395345847505065
Bmp2,-0.002165118020738991,0.002165118020738991,0.9024070979392634
Rasd2,-0.00339512472822868,0.00339512472822868,0.8475207312491063
Txk,0.02565654827956981,0.02565654827956981,0.14614253862260349
Plcb4,-0.015833565209632274,0.015833565209632274,0.369832619962164
F2rl3,0.01979352033707041,0.01979352033707041,0.2622402780715176
Dpf3,0.01979352033707045,0.01979352033707045,0.2622402780715176
Jag1,0.016788447184862103,0.016788447184862103,0.34166667719249516
Jrk,-0.005954966117134593,0.005954966117134593,0.7359199477549851
Ism1,-0.02903233339544569,0.02903233339544569,0.10005503036336524
1700030K09Rik,0.033990141167634436,0.033990141167634436,0.05415670557286145
Calr3,0.015006936894679664,0.015006936894679664,0.395345847505065
Macrod2,-0.02600716695236161,0.02600716695236161,0.14070796976097416
Arc,-0.00339512472822867,0.00339512472822867,0.8475207312491063
Zfp345,-0.024594203595812065,0.024594203595812065,0.16359003947092796
1700067K01Rik,0.011000434753174948,0.011000434753174948,0.5332672919439224
Tecrl,-0.02459420359581201,0.02459420359581201,0.16359003947092796
Irx3,-0.03516544107044238,0.03516544107044238,0.04634871366364968
Gm1337,0.014974689462458874,0.014974689462458874,0.39636222159392426
Ttyh1,0.019793520337070415,0.019793520337070415,0.2622402780715176
Lrrc48,0.0024709972664961073,0.0024709972664961073,0.8887037322612967
A430105I19Rik,0.01208692435956738,0.01208692435956738,0.493618149229097
Phgr1,-0.024594203595811995,0.024594203595811995,0.16359003947092796
Disp2,0.024768429025775262,0.024768429025775262,0.1606257481853756
Art3,0.0279842714442115,0.0279842714442115,0.11292228309972846
Rpgrip1l,0.02178736301945182,0.02178736301945182,0.21717707511505652
Scx,-0.021532981255613204,0.021532981255613204,0.22259478160680746
Cxcl9,0.050882524014857905,0.050882524014857905,0.003931712564716413
Agr2,0.0014261862958776926,0.0014261862958776926,0.9356234271566415
Ppef2,0.007830478614534862,0.007830478614534862,0.6574154351445753
Casc5,0.05513966744864793,0.05513966744864793,0.001776833597836987
Rad51,0.044035114704424415,0.044035114704424415,0.01259109932155764
Steap3,0.04690596134905993,0.04690596134905993,0.007861230874462962
Gchfr,0.00474544989571694,0.00474544989571694,0.7881150717281029
Cdc42ep5,-0.01797722250184487,0.01797722250184487,0.3085740851309464
Ncr1,0.00882433125234652,0.00882433125234652,0.6172342736060727
Gp6,0.04428726750629934,0.04428726750629934,0.012092565224969633
Sall1,-0.024594203595812006,0.024594203595812006,0.16359003947092796
Bmp6,0.04852184114749188,0.04852184114749188,0.005966002159826659
Parm1,0.027996627452026697,0.027996627452026697,0.11276333343219275
Dll4,-0.019329154674851842,0.019329154674851842,0.27360207922754376
Zfp423,-0.027584128295232126,0.027584128295232126,0.11816583058631161
Eps8l1,-0.007507240490367481,0.007507240490367481,0.6707076353925716
Exd1,0.019793520337070415,0.019793520337070415,0.2622402780715176
Epgn,0.013078688641223694,0.013078688641223694,0.458850778075912
Pemt,0.012636715900721698,0.012636715900721698,0.4741726627254176
4933436C20Rik,-0.0163848152855757,0.0163848152855757,0.35340085199760884
Oip5,0.022674173792706778,0.022674173792706778,0.19903270742710683
9430041J12Rik,0.027996627452026794,0.027996627452026794,0.11276333343219275
Capns2,-0.0063463261553509155,0.0063463261553509155,0.7192760518438205
Tmc4,0.00037002454077204454,0.00037002454077204454,0.9832805436070702
Elp4,0.04330224551045886,0.04330224551045886,0.014144811860293196
Kifc2,-0.014152826455165395,0.014152826455165395,0.42279446203950977
Shmt1,0.04950276768205694,0.04950276768205694,0.005026992320876163
Cx3cl1,-0.031210300521744956,0.031210300521744956,0.07705761629025228
Mettl15,-0.00036632647661630316,0.00036632647661630316,0.9834476155289497
Kif18a,0.027700507259369348,0.027700507259369348,0.11662146300884457
Bdnf,0.001426186295877691,0.001426186295877691,0.9356234271566415
Ccl22,-0.024594203595812058,0.024594203595812058,0.16359003947092796
Lgr4,-0.012136357514985445,0.012136357514985445,0.49185247285308636
Smcr8,0.023530131248336625,0.023530131248336625,0.18259459508572384
Fibin,-0.08170384070796409,0.08170384070796409,3.5688413484003333e-06
Cxcl13,0.04101755986862847,0.04101755986862847,0.020125541748243457
2010109A12Rik,-0.015911113436582053,0.015911113436582053,0.36749278529370333
Pira2,0.04593634453450279,0.04593634453450279,0.009242017145140412
Cage1,0.013725671437022056,0.013725671437022056,0.4369303566841191
Mt4,-0.02459420359581199,0.02459420359581199,0.16359003947092796
Ryr3,0.01979352033707041,0.01979352033707041,0.2622402780715176
Fmn1,0.023421462250602897,0.023421462250602897,0.18462392766318325
Scg5,0.019793520337070443,0.019793520337070443,0.2622402780715176
Pnma1,0.036991364011459124,0.036991364011459124,0.0361074309324943
Actc1,-0.024019544548187482,0.024019544548187482,0.1736596529377704
Pira7,0.005314107383038903,0.005314107383038903,0.7634407958597755
Gnao1,-0.017199210778475284,0.017199210778475284,0.3299841361480252
Meis2,-0.0024942059362251393,0.0024942059362251393,0.8876652887807482
D330050G23Rik,-0.0033951247282286877,0.0033951247282286877,0.8475207312491063
Ces1d,-0.026866032147392936,0.026866032147392936,0.128052458437896
Dsp,-0.04261169107609625,0.04261169107609625,0.015761105410475543
Scrt1,0.013078688641223711,0.013078688641223711,0.458850778075912
2810410L24Rik,-0.024594203595812075,0.024594203595812075,0.16359003947092796
Lphn3,-0.0021059193986353716,0.0021059193986353716,0.9050626812292812
Mthfd2l,0.02966834344302675,0.02966834344302675,0.09283470975101968
Neto2,-0.011877578211742191,0.011877578211742191,0.5011331163883144
Slc4a4,0.0197935203370704,0.0197935203370704,0.2622402780715176
Eppk1,-0.0012301763020041686,0.0012301763020041686,0.9444556760229164
AA986860,0.010332757936583267,0.010332757936583267,0.5584070248525779
Syt5,0.012041669630409112,0.012041669630409112,0.4952375476118133
Cacna1a,-0.05372755479180878,0.05372755479180878,0.002326428096820976
Ang,0.04073764491432608,0.04073764491432608,0.02099211358011746
Nrbp2,0.03464300359546185,0.03464300359546185,0.04969401003422611
Faim3,0.032984050065284744,0.032984050065284744,0.06168498530251621
Trim69,0.02799662745202669,0.02799662745202669,0.11276333343219275
Il10,0.029406007082546926,0.029406007082546926,0.0957605498366894
Shf,0.023490472226506874,0.023490472226506874,0.18333328098724877
Brsk1,-0.024594203595812002,0.024594203595812002,0.16359003947092796
Il11,0.025782297446158252,0.025782297446158252,0.14417525995196534
Gm14085,0.019793520337070408,0.019793520337070408,0.2622402780715176
Nanos3,-0.016384815285575692,0.016384815285575692,0.35340085199760884
Slc30a4,0.0014349152273301895,0.0014349152273301895,0.9352302758071783
Sult1d1,0.01307868864122369,0.01307868864122369,0.458850778075912
4930432K21Rik,0.00821335179568793,0.00821335179568793,0.6418101909877376
Sema6d,0.004855643101414854,0.004855643101414854,0.7833162582043107
Ust,-0.007628337779726372,0.007628337779726372,0.6657155144662346
Myef2,0.015215375308978808,0.015215375308978808,0.38881434580198954
Fbn1,-0.06408566795040341,0.06408566795040341,0.00027991306892875687
Rnase1,0.03429407139067892,0.03429407139067892,0.05203922188540989
Shc4,-0.012556565514368002,0.012556565514368002,0.4769810332217532
Podnl1,0.012775176200739688,0.012775176200739688,0.469342653347275
Fam83h,-0.0163848152855757,0.0163848152855757,0.35340085199760884
Wnt9a,-0.024594203595812016,0.024594203595812016,0.16359003947092796
Mapk15,0.013078688641223697,0.013078688641223697,0.458850778075912
Fgf7,-0.04380407550236906,0.04380407550236906,0.013063767931713228
C4bp-ps1,0.0014261862958776916,0.0014261862958776916,0.9356234271566415
D630041G03Rik,-0.019234059710097458,0.019234059710097458,0.27596968310520975
Serinc4,-0.03478687690848403,0.03478687690848403,0.04875315450968041
Ell3,0.02799662745202669,0.02799662745202669,0.11276333343219275
Itpka,0.026923946570148967,0.026923946570148967,0.12723199862165518
9130015A21Rik,0.01100043475317491,0.01100043475317491,0.5332672919439224
Dnalc1,-0.003395124728228693,0.003395124728228693,0.8475207312491063
Jmjd7,0.04369836697754479,0.04369836697754479,0.013285212315314378
Pla2g4b,0.006205246728290442,0.006205246728290442,0.7252610824395618
1700013G23Rik,0.015006936894679643,0.015006936894679643,0.395345847505065
Nckap5,-0.025827600262302564,0.025827600262302564,0.14347151510929007
Ppbp,0.0475460789846735,0.0475460789846735,0.007053956738305577
Fscn2,-0.029008110807006438,0.029008110807006438,0.10033862485355674
Capn3,0.02799662745202673,0.02799662745202673,0.11276333343219275
Tfap2a,0.0020172463373325715,0.0020172463373325715,0.9090424314590396
Tmem163,0.03428544928195133,0.03428544928195133,0.052098323920963883
Rassf6,0.0014261862958776768,0.0014261862958776768,0.9356234271566415
Oplah,0.022678994620026358,0.022678994620026358,0.19893719473785637
Afp,-0.010599239426686034,0.010599239426686034,0.5483045753752052
Alb,-0.08884192915641716,0.08884192915641716,4.618588104736906e-07
AV039307,0.013078688641223715,0.013078688641223715,0.458850778075912
2900009J06Rik,0.002735900489421736,0.002735900489421736,0.8768627423821216
Gm9958,0.03827842095022459,0.03827842095022459,0.030106583769865854
Mast1,0.027996627452026707,0.027996627452026707,0.11276333343219275
Klf1,0.019629530361793275,0.019629530361793275,0.2662148842546536
6030429G01Rik,0.034007657827080734,0.034007657827080734,0.05403274483245339
Tubgcp4,0.022722045966954076,0.022722045966954076,0.19808572391351087
Trp53bp1,0.01314864576337956,0.01314864576337956,0.45645125426736805
Mtap1a,0.015201829131428752,0.015201829131428752,0.3892368153130004
Adamts3,0.0236863800159513,0.0236863800159513,0.17970577484341788
Ckmt1,-0.01638481528557571,0.01638481528557571,0.35340085199760884
Catsper2,-0.022068082559696167,0.022068082559696167,0.21130921020368335
Gc,-0.042611691076096234,0.042611691076096234,0.015761105410475543
Cd55,0.01836174541868504,0.01836174541868504,0.2983392668812294
Gucy1b3,-0.003609897182183905,0.003609897182183905,0.8380046316314248
Slc22a17,-0.02764884546548135,0.02764884546548135,0.11730505609946133
Lrat,-0.03729127409578626,0.03729127409578626,0.0346248689425491
Whrn,0.007985598932443203,0.007985598932443203,0.6510745057929191
Ubiad1,0.015422222825057598,0.015422222825057598,0.38239802877529844
Fbxo44,-0.006274073458668097,0.006274073458668097,0.7223391149906294
Tnfsf15,0.03562507011383146,0.03562507011383146,0.04356427627118116
Tnfsf8,0.019793520337070398,0.019793520337070398,0.2622402780715176
Tnc,-0.024594203595812,0.024594203595812,0.16359003947092796
Astn2,-0.04919807070758479,0.04919807070758479,0.0053032749505295285
BC094916,-0.0032554874734967492,0.0032554874734967492,0.8537197865192192
Fam84a,-0.003395124728228691,0.003395124728228691,0.8475207312491063
Homer2,-0.016384815285575713,0.016384815285575713,0.35340085199760884
Zfp383,0.033991218157441064,0.033991218157441064,0.054149077164458936
C630043F03Rik,0.024396822811564745,0.024396822811564745,0.16699788222655462
Aldoart1,0.02137733797418389,0.02137733797418389,0.22595691642587395
Zfp72,0.0051217588041273,0.0051217588041273,0.7717614132420906
Rasef,0.0014261862958776738,0.0014261862958776738,0.9356234271566415
Trib2,-0.03360019998712233,0.03360019998712233,0.05697821689806492
Fsd2,-0.024594203595812075,0.024594203595812075,0.16359003947092796
Ptprd,-4.925618327968731e-05,4.925618327968731e-05,0.997774213058026
Mpdz,-0.034678961356577685,0.034678961356577685,0.049457450049541406
Nfib,-0.05271779193977128,0.05271779193977128,0.0028104949938385438
Clcn6,0.022882213444708616,0.022882213444708616,0.19494132338124948
Frem1,-0.024594203595812002,0.024594203595812002,0.16359003947092796
Pde8a,-0.001402894955052871,0.001402894955052871,0.9366725464222179
Olfr433,0.012251148299652221,0.012251148299652221,0.4877654236286828
Grem2,-0.06805588372756877,0.06805588372756877,0.00011394265345090386
4930473A06Rik,0.02992898146504397,0.02992898146504397,0.08999927978881117
Cysltr2,0.016204844647278553,0.016204844647278553,0.35871398956276174
Gm6904,0.02784838133614312,0.02784838133614312,0.11468206187511369
Frmd3,-0.003395124728228704,0.003395124728228704,0.8475207312491063
Orm3,0.008213351795687935,0.008213351795687935,0.6418101909877376
Orm1,0.024622963513181405,0.024622963513181405,0.1630978949819216
Col27a1,-0.01451196649202815,0.01451196649202815,0.4111192822676299
Epb4.1l4b,0.02799662745202669,0.02799662745202669,0.11276333343219275
Ptpn3,-0.016294571704748257,0.016294571704748257,0.356058799478521
Ccdc89,0.019793520337070408,0.019793520337070408,0.2622402780715176
D630039A03Rik,0.001426186295877679,0.001426186295877679,0.9356234271566415
Stac3,-0.021701695857976815,0.021701695857976815,0.21899088580888829
Svep1,-0.024135715068082778,0.024135715068082778,0.1715875639027915
Lpar1,-0.046925628722713386,0.046925628722713386,0.00783524496086571
Sytl2,0.015792045182812638,0.015792045182812638,0.37108918371377314
Fgf9,0.0014261862958776825,0.0014261862958776825,0.9356234271566415
Zfp30,-0.0029315653216238427,0.0029315653216238427,0.8681341607473847
Zfp940,-0.035599093669324344,0.035599093669324344,0.04371778772037852
4930547N16Rik,0.04719453607753663,0.04719453607753663,0.007487581396886154
Darc,0.05604569123978713,0.05604569123978713,0.0014899537562665032
Me3,-0.017514519614614827,0.017514519614614827,0.32119395530897255
Lrrc14b,0.0014261862958776926,0.0014261862958776926,0.9356234271566415
E130308A19Rik,-0.005295636393904474,0.005295636393904474,0.7642386467946436
Fzd4,0.035943629258331514,0.035943629258331514,0.04171842817430572
Masp2,0.01979352033707041,0.01979352033707041,0.2622402780715176
Rab38,0.004872659358904549,0.004872659358904549,0.7825759445157494
Nox4,-0.00930185202294653,0.00930185202294653,0.5983186750830576
Kif5a,0.012041669630409106,0.012041669630409106,0.4952375476118133
Htr2a,0.0014261862958776757,0.0014261862958776757,0.9356234271566415
F420014N23Rik,0.0014261862958776929,0.0014261862958776929,0.9356234271566415
Bspry,0.02386323090790045,0.02386323090790045,0.17647717299660587
Fah,0.025244715147250085,0.025244715147250085,0.15272931793795902
Arnt2,0.01979352033707045,0.01979352033707045,0.2622402780715176
4933430I17Rik,0.01500693689467957,0.01500693689467957,0.39534584750507484
Mtor,0.015568161579107667,0.015568161579107667,0.37791035165950526
Ambp,0.03444428971072999,0.03444428971072999,0.051018482585319096
Polk,0.046195662588514604,0.046195662588514604,0.008852994914807616
Sv2c,0.015006936894679645,0.015006936894679645,0.395345847505065
Exo1,0.043043836149831476,0.043043836149831476,0.014731670316366977
Fv1,-0.016810550066926916,0.016810550066926916,0.34103139287788586
Cachd1,0.015177839273927267,0.015177839273927267,0.3899856803291529
Raver2,0.01178601203320756,0.01178601203320756,0.5044390416563131
E130102H24Rik,-0.01269266765712567,0.01269266765712567,0.47221757772229245
0610043K17Rik,0.013078688641223704,0.013078688641223704,0.458850778075912
Ak4,0.008658817235087197,0.008658817235087197,0.6238512063344577
Dnajc6,-0.024594203595812082,0.024594203595812082,0.16359003947092796
Wdr93,0.0014261862958776913,0.0014261862958776913,0.9356234271566415
Sgip1,0.029959833557955923,0.029959833557955923,0.0896683076630048
Tctex1d1,0.0031910389321226137,0.0031910389321226137,0.8565839867157047
Wdr78,0.0013295510695569804,0.0013295510695569804,0.9399769078539931
Epb4.9,0.019379884382782122,0.019379884382782122,0.2723447415708957
Atp6v1c2,0.0014261862958776825,0.0014261862958776825,0.9356234271566415
Prkaa2,-0.024594203595811995,0.024594203595811995,0.16359003947092796
Kif7,0.005997580567266057,0.005997580567266057,0.7341014393820855
Gm4925,-0.016384815285575668,0.016384815285575668,0.35340085199760884
Kazn,0.004039761655102499,0.004039761655102499,0.819030578831597
Hr,-0.002404673442825558,0.002404673442825558,0.8916723569770898
5730590G19Rik,0.03852036132452882,0.03852036132452882,0.029079823578775334
Kif26b,0.014778973396810263,0.014778973396810263,0.4025645513705547
Fanci,0.0005567161262454495,0.0005567161262454495,0.9748472612173359
Lgi3,0.004038270879964416,0.004038270879964416,0.8190962051896452
Dio1,0.02784877607662862,0.02784877607662862,0.11467691892339088
Cela2a,0.05945471721995152,0.05945471721995152,0.0007511713953458145
Klhl25,0.0060388232908122055,0.0060388232908122055,0.7323428856900218
Glis1,0.027996627452026683,0.027996627452026683,0.11276333343219275
St8sia2,-0.022591131126981818,0.022591131126981818,0.20068325289123995
Ddi2,0.06547637433601637,0.06547637433601637,0.0002054453334389542
Setdb2,0.04849174339201139,0.04849174339201139,0.005997161885442466
Podn,-0.006346149951134179,0.006346149951134179,0.7192835163469097
Ror1,-0.03262192848225947,0.03262192848225947,0.0645982821145043
Apitd1,0.04100229204768044,0.04100229204768044,0.020171991089084997
Gpr150,-3.512890298414291e-05,3.512890298414291e-05,0.9984125951677967
Itgb3bp,0.05110438338659968,0.05110438338659968,0.003777371825910681
Miip,0.03395442472648728,0.03395442472648728,0.05441019634303901
F2rl2,0.024519746806395928,0.024519746806395928,0.16486935320059098
Arhgef25,-0.00912143989890121,0.00912143989890121,0.6054342793732893
Slc26a10,0.03429407139067891,0.03429407139067891,0.05203922188540989
2610305D13Rik,0.008782855946710055,0.008782855946710055,0.6188894910964362
Cdkn2a,0.012265362918398496,0.012265362918398496,0.4872605993078637
Cdkn2b,0.022017901636152994,0.022017901636152994,0.2123496416556139
Dmrta1,0.001426186295877691,0.001426186295877691,0.9356234271566415
Elavl2,0.00142618629587768,0.00142618629587768,0.9356234271566415
Gm13152,0.0430438361498314,0.0430438361498314,0.014731670316367393
Rccd1,-0.013990891645695235,0.013990891645695235,0.4281216124085078
Prc1,0.03235384159931935,0.03235384159931935,0.06682741082607405
March9,0.027996627452026655,0.027996627452026655,0.11276333343219275
Gfra2,-0.021789189332663557,0.021789189332663557,0.21713852495484132
Tek,0.013577032992188645,0.013577032992188645,0.4419123524190462
Gm13051,0.027996627452026693,0.027996627452026693,0.11276333343219275
Gm13034,0.03870344809191,0.03870344809191,0.028322987467441902
Hook1,-0.01638481528557571,0.01638481528557571,0.35340085199760884
Gm13238,0.011883682186112878,0.011883682186112878,0.5009131457934233
Cyp2j9,0.002010721911218909,0.002010721911218909,0.9093353466746437
Ttll13,0.01979352033707041,0.01979352033707041,0.2622402780715176
Avil,-0.008962414530908328,0.008962414530908328,0.6117376040617529
Inadl,-0.014931831586191751,0.014931831586191751,0.3977154530623245
L1td1,-0.016384815285575713,0.016384815285575713,0.35340085199760884
Kank4,-0.006772405576195509,0.006772405576195509,0.7013059248403151
Rhobtb3,-0.024594203595812,0.024594203595812,0.16359003947092796
Npm2,-0.027007172283747445,0.027007172283747445,0.12606012615259082
Angptl3,-0.034786876908484025,0.034786876908484025,0.04875315450968041
Zfp146,0.028676371208157754,0.028676371208157754,0.10428738407403089
Efcab7,-0.0051925397955673,0.0051925397955673,0.7686964593225639
Ctnnal1,0.002017107213700987,0.002017107213700987,0.9090486773092232
Lrrc63,0.013725671437022061,0.013725671437022061,0.4369303566841191
Ndufa4l2,-0.05177009763907149,0.05177009763907149,0.0033467129394295363
Enho,-0.046083012793261574,0.046083012793261574,0.00902015640503127
Cntfr,0.00142618629587768,0.00142618629587768,0.9356234271566415
Akap11,0.01617306640140506,0.01617306640140506,0.3596573431619615
Ankrd52,0.012572545764974118,0.012572545764974118,0.4764203795732471
Gm10516,0.0020172463373325654,0.0020172463373325654,0.9090424314590396
Gdpd5,-0.007027909695415073,0.007027909695415073,0.6906087044655091
Chd5,-0.002040690295594741,0.002040690295594741,0.9079900132578946
Tnfsf11,-0.0033951247282287037,0.0033951247282287037,0.8475207312491063
Gm13308,0.0130786886412237,0.0130786886412237,0.458850778075912
Gm13298,0.0014261862958776755,0.0014261862958776755,0.9356234271566415
4933409K07Rik,-0.03619513508707844,0.03619513508707844,0.04030826050308454
Ccl19,-0.015222669135319932,0.015222669135319932,0.38858698622521265
Gm1987,0.030417595237071,0.030417595237071,0.08487171532426702
N28178,0.019793520337070415,0.019793520337070415,0.2622402780715176
Mtap6,-0.026285852853341167,0.026285852853341167,0.13650023269005968
Pigo,0.04162313737799557,0.04162313737799557,0.018356878357462154
Gpr153,-0.004561953953707766,0.004561953953707766,0.7961239349921079
Tnfrsf25,0.01185279476938207,0.01185279476938207,0.5020267693058335
Plekhg5,-0.02713371687541758,0.02713371687541758,0.12429441918275809
Casq1,-0.02459420359581208,0.02459420359581208,0.16359003947092796
Ahrr,-0.015600052665582988,0.015600052665582988,0.37693402246990393
Sit1,0.044314099317127584,0.044314099317127584,0.01204055911410457
Lrrc32,0.013252457704597412,0.013252457704597412,0.4529035422907064
Lgals4,-0.01871066533939046,0.01871066533939046,0.2892504009452753
Tpm2,-0.05271858615084286,0.05271858615084286,0.0028100805615377806
Lgals7,-0.02432318725321689,0.02432318725321689,0.16828279043872935
Il23a,-0.04261169107609624,0.04261169107609624,0.015761105410475543
Capn12,-0.005884198124267631,0.005884198124267631,0.7389431321660284
Tsku,-0.009368988696106355,0.009368988696106355,0.5956804687343441
Gm4980,-0.024594203595812,0.024594203595812,0.16359003947092796
Npr2,0.009474825692152375,0.009474825692152375,0.5915322972980765
1110017D15Rik,-0.00515812510789244,0.00515812510789244,0.7701862338517693
Nphp4,0.0014261862958776781,0.0014261862958776781,0.9356234271566415
Folr2,0.019793520337070415,0.019793520337070415,0.2622402780715176
Gabrr2,-0.024594203595812006,0.024594203595812006,0.16359003947092796
Pm20d2,0.01979352033707045,0.01979352033707045,0.2622402780715176
Rdh5,-0.00040532091805821693,0.00040532091805821693,0.981685954366822
Spaca1,-0.01026169553693791,0.01026169553693791,0.5611162295453292
Art2b,0.001426186295877676,0.001426186295877676,0.9356234271566415
Art2a-ps,0.00865881723508719,0.00865881723508719,0.6238512063344577
Slamf1,-0.027584128295232123,0.027584128295232123,0.11816583058631161
Lpcat1,0.0421280691630881,0.0421280691630881,0.016987681779564803
Cd84,-0.04176086168090568,0.04176086168090568,0.017974158973810106
5930403L14Rik,-0.024594203595812082,0.024594203595812082,0.16359003947092796
Arhgef17,0.009687937829336267,0.009687937829336267,0.5832200968695178
Megf6,-0.008201014967674211,0.008201014967674211,0.6423106085314411
Slamf6,0.02061192839706754,0.02061192839706754,0.24301804756192857
Dnajb13,-0.0057247827236488365,0.0057247827236488365,0.7457680336845262
Rhoj,-0.01864347277016691,0.01864347277016691,0.2909860179166387
Pmel,0.007985598932443161,0.007985598932443161,0.6510745057929191
Vangl2,0.016871755850229313,0.016871755850229313,0.3392761554971925
Gpx2-ps1,-0.021701695857976853,0.021701695857976853,0.21899088580888829
Xpo4,-0.004674077175240777,0.004674077175240777,0.7912275960768593
Cdk2,0.04116624832228398,0.04116624832228398,0.019678043012359925
1190007F08Rik,0.007269266667031055,0.007269266667031055,0.6805601543032437
Nkd2,0.01511478893701975,0.01511478893701975,0.3919580238436657
Fbxo27,0.01979352033707041,0.01979352033707041,0.2622402780715176
Aqp7,0.004934983280439145,0.004934983280439145,0.7798661488780576
Aqp3,-0.003914896616851279,0.003914896616851279,0.8245316900536868
Xrra1,-0.0163848152855757,0.0163848152855757,0.35340085199760884
Esyt1,0.0835640936467354,0.0835640936467354,2.1274058567116028e-06
Kif24,0.001426186295877693,0.001426186295877693,0.9356234271566415
AI464131,0.002009060962747401,0.002009060962747401,0.9094099172065856
Gm9079,0.012041669630409084,0.012041669630409084,0.4952375476118133
Traf5,0.041017559868628484,0.041017559868628484,0.020125541748243457
Hrct1,0.006970023909940291,0.006970023909940291,0.6930269025277528
BC030307,0.023686380015951292,0.023686380015951292,0.17970577484341788
Anks6,0.0014261862958776783,0.0014261862958776783,0.9356234271566415
Col15a1,-0.013704818164579156,0.013704818164579156,0.43762735129174124
Rdh9,-0.02009682392657753,0.02009682392657753,0.2549975464950215
Vsnl1,-0.03386658516937311,0.03386658516937311,0.055037832567131836
Nr4a3,0.044287267506299306,0.044287267506299306,0.012092565224969633
Usp35,0.00735228209280521,0.00735228209280521,0.6771168757140428
Clstn1,-0.005243844353454425,0.005243844353454425,0.766477126391621
Invs,0.006883331140920537,0.006883331140920537,0.6966543694636607
Odz4,0.019793520337070408,0.019793520337070408,0.2622402780715176
Fam181b,0.006057203950085265,0.006057203950085265,0.7315596021195985
Tmeff1,-0.020393556481609294,0.020393556481609294,0.24804742450444728
Ppp1r14a,-0.09253458378272464,0.09253458378272464,1.5049866259236635e-07
Slc25a30,0.028111504220946937,0.028111504220946937,0.1112939648116652
Aldob,-0.015302263926256925,0.015302263926256925,0.3861111593870167
2810432L12Rik,-0.05207560956548294,0.05207560956548294,0.0031644554554695523
Rab30,-0.012807061044600892,0.012807061044600892,0.4682342561559978
2700081L22Rik,0.007985598932443166,0.007985598932443166,0.6510745057929191
Stab2,-0.0033951247282286703,0.0033951247282286703,0.8475207312491063
Rbp7,-0.027007172283747428,0.027007172283747428,0.12606012615259082
Igf1,-0.055132016227759734,0.055132016227759734,0.001779458957573531
AI427809,0.0014261862958776749,0.0014261862958776749,0.9356234271566415
Dpf1,0.0014261862958776764,0.0014261862958776764,0.9356234271566415
1700034H15Rik,0.007830478614534852,0.007830478614534852,0.6574154351445753
Dlg2,-0.042611691076096234,0.042611691076096234,0.015761105410475543
Tal2,0.023686380015951303,0.023686380015951303,0.17970577484341788
Vsig8,0.027996627452026683,0.027996627452026683,0.11276333343219275
Mycn,-0.024594203595811995,0.024594203595811995,0.16359003947092796
Fcer1a,0.002017246337332564,0.002017246337332564,0.9090424314590396
Gen1,0.008878652150680927,0.008878652150680927,0.6150693448953934
Tmem8b,-0.021965639044247295,0.021965639044247295,0.21343716047469716
Trim14,0.051992790919944916,0.051992790919944916,0.0032129470615484246
Spsb1,-0.007688542473318922,0.007688542473318922,0.6632391156745548
5430416O09Rik,-0.0019488741396404133,0.0019488741396404133,0.9121126192424485
Enc1,0.005188808569869238,0.005188808569869238,0.7688579388898507
Atp1a4,0.01979352033707041,0.01979352033707041,0.2622402780715176
Apof,0.02799662745202676,0.02799662745202676,0.11276333343219275
Spred3,0.013078688641223702,0.013078688641223702,0.458850778075912
Serp2,0.0053220403224316735,0.0053220403224316735,0.7630982110364504
B3gnt6,0.0003693696081185039,0.0003693696081185039,0.9833101322393392
Melk,0.0701817800726375,0.0701817800726375,6.902018604826212e-05
Pax5,0.0197935203370704,0.0197935203370704,0.2622402780715176
Apon,-0.024594203595811995,0.024594203595811995,0.16359003947092796
LOC330599,0.007830274491136567,0.007830274491136567,0.6574237955840506
Capn5,0.01020117474594136,0.01020117474594136,0.5634285443476207
Fbxo10,0.013415069997245255,0.013415069997245255,0.44737777188019656
Atp1a2,-0.058236063339893764,0.058236063339893764,0.0009634460875295103
Frmpd1,0.0014261862958776911,0.0014261862958776911,0.9356234271566415
Catsperg1,-0.023521509641092286,0.023521509641092286,0.18275499256287847
Aqp11,0.018601580483676418,0.018601580483676418,0.29207165203290003
Six1,0.030417595237070997,0.030417595237070997,0.08487171532426702
Timeless,0.030706966213420322,0.030706966213420322,0.08194809667694003
Per3,-0.034581641789099095,0.034581641789099095,0.05009988912868498
Gm12409,0.015006936894679659,0.015006936894679659,0.395345847505065
Tnfrsf9,0.006916722632321656,0.006916722632321656,0.6952563498494532
1300002K09Rik,-0.022094577583261416,0.022094577583261416,0.2107613612625366
Gls2,-0.02459420359581201,0.02459420359581201,0.16359003947092796
Rd3,-0.0013791687408504576,0.0013791687408504576,0.9377413668218049
Tmod1,-0.01186883263242207,0.01186883263242207,0.5014483723507348
Kctd14,0.007830478614534852,0.007830478614534852,0.6574154351445753
Ccdc19,0.008979629552155035,0.008979629552155035,0.6110538480844034
Car6,0.007830274491136548,0.007830274491136548,0.6574237955840506
Prim1,0.055312871082643995,0.055312871082643995,0.0017183463016627685
Folr1,0.01979352033707041,0.01979352033707041,0.2622402780715176
Echdc2,-0.004682494707947389,0.004682494707947389,0.7908603380275909
Fam174b,-0.02554831160970319,0.02554831160970319,0.1478522299060214
Hspg2,-0.04730689514972701,0.04730689514972701,0.007346457932866637
Tlr12,0.01979352033707041,0.01979352033707041,0.2622402780715176
Gm15545,0.036542908604853645,0.036542908604853645,0.03842504623900131
A3galt2,-0.016384815285575702,0.016384815285575702,0.35340085199760884
Cela3b,0.03960555804040184,0.03960555804040184,0.024836708858669444
Gm8580,0.02006323222458887,0.02006323222458887,0.25579278280127365
Wnt4,0.03543567069307501,0.03543567069307501,0.04469406708918366
Cpt1c,0.001426186295877673,0.001426186295877673,0.9356234271566415
Tsks,0.0014261862958776916,0.0014261862958776916,0.9356234271566415
Fndc5,-0.0163848152855757,0.0163848152855757,0.35340085199760884
Esco2,0.011444005830194363,0.011444005830194363,0.5168878402469769
Sacs,0.013078688641223694,0.013078688641223694,0.458850778075912
C77080,-0.016944466183741187,0.016944466183741187,0.33719853664277055
Ntn4,0.01979352033707042,0.01979352033707042,0.2622402780715176
Mag,-0.0034926066670157045,0.0034926066670157045,0.8431986770933451
Pbk,0.05014935830655522,0.05014935830655522,0.004483333786979126
Ephb2,0.001426186295877676,0.001426186295877676,0.9356234271566415
1700125D06Rik,-0.02009682392657754,0.02009682392657754,0.2549975464950215
Mboat2,-0.016443793404916165,0.016443793404916165,0.35167056052594975
Zfp473,0.021229632433740042,0.021229632433740042,0.2291809419068157
Frmd6,-0.0014415921356279258,0.0014415921356279258,0.9349295582970542
Fam167b,-0.04261169107609624,0.04261169107609624,0.015761105410475543
Myh14,-0.004107405837427965,0.004107405837427965,0.8160541114349245
Gm15915,0.004934983280439172,0.004934983280439172,0.7798661488780576
Dcdc2b,-0.02459420359581207,0.02459420359581207,0.16359003947092796
Scara5,-0.03476992454869969,0.03476992454869969,0.04886323125076906
Asap3,0.015106465654526035,0.015106465654526035,0.3922188443431492
Spib,-0.03010590567640902,0.03010590567640902,0.08811456414103719
Hamp,-0.003395124728228672,0.003395124728228672,0.8475207312491063
Scara3,-0.01839626419917602,0.01839626419917602,0.297431697143927
Alpl,0.002017246337332568,0.002017246337332568,0.9090424314590396
Zmym1,0.035783826856509535,0.035783826856509535,0.04263593870362569
9930104L06Rik,0.016212586521238262,0.016212586521238262,0.35848440382703844
Mamstr,-0.01740939685923537,0.01740939685923537,0.32410742406295984
Best3,0.023686380015951285,0.023686380015951285,0.17970577484341788
Dnali1,0.002092825149803406,0.002092825149803406,0.9056502188460309
D630029K05Rik,-0.024594203595812048,0.024594203595812048,0.16359003947092796
Hsd17b14,0.0014261862958776731,0.0014261862958776731,0.9356234271566415
Camk2n1,-0.02869591038139043,0.02869591038139043,0.10405143631525854
Plekha4,-0.04947292140723235,0.04947292140723235,0.005053468779376817
Kcnmb4,0.00142618629587768,0.00142618629587768,0.9356234271566415
Cda,-0.0037475408293904415,0.0037475408293904415,0.8319182784781298
Dhdh,0.04897776830500849,0.04897776830500849,0.005511493638276275
Ephx2,0.006840776465203575,0.006840776465203575,0.6984375221352755
Fam176b,-0.04345702649754383,0.04345702649754383,0.013803258536857146
1700029G01Rik,0.015452354974038202,0.015452354974038202,0.38146878736062795
Ptprb,0.007319782051375298,0.007319782051375298,0.6784641002945264
Ptprr,-0.018620063372445213,0.018620063372445213,0.2915923351129673
Ffar2,0.020446582370456344,0.020446582370456344,0.24681953087983333
Kif17,0.0014261862958776673,0.0014261862958776673,0.9356234271566415
Tekt2,0.0014261862958776749,0.0014261862958776749,0.9356234271566415
Sh2d5,-0.002757414258074539,0.002757414258074539,0.8759022635023269
Ntf5,0.019793520337070408,0.019793520337070408,0.2622402780715176
Lin7b,0.0014261862958776731,0.0014261862958776731,0.9356234271566415
Clspn,0.030851227828843596,0.030851227828843596,0.08052136729867403
Ppfia3,0.02083233370449056,0.02083233370449056,0.23801493251128716
Lgr5,-0.0009746110076430456,0.0009746110076430456,0.9559815922205863
Amdhd1,-0.002757414258074565,0.002757414258074565,0.8759022635023269
Ccdc38,0.0014261862958776744,0.0014261862958776744,0.9356234271566415
Cd22,0.0001306835993604306,0.0001306835993604306,0.994094719639933
Tlr5,0.020963325254582013,0.020963325254582013,0.23507614599357207
Vash2,0.0014261862958776673,0.0014261862958776673,0.9356234271566415
Fam71e1,-0.01058468218955944,0.01058468218955944,0.5488541092281493
Fxyd1,-0.07150035809991895,0.07150035809991895,5.022056963883511e-05
Gm5176,0.027996627452026752,0.027996627452026752,0.11276333343219275
A330049M08Rik,-0.012556565514367995,0.012556565514367995,0.4769810332217532
9830147E19Rik,-0.013072238840321446,0.013072238840321446,0.45907236096234705
Srrm1,0.0669663317283686,0.0669663317283686,0.00014652456558964492
Neil2,0.008213351795687922,0.008213351795687922,0.6418101909877376
Csl,0.03606802179146408,0.03606802179146408,0.04101583906925027
Grhl1,-0.011877578211742144,0.011877578211742144,0.5011331163883144
Sytl1,-0.03832268551870295,0.03832268551870295,0.029916436535300867
Kcnk2,-0.024594203595812002,0.024594203595812002,0.16359003947092796
AW146154,-0.0009933321619641524,0.0009933321619641524,0.9551369321516612
Fam46b,0.0014261862958776827,0.0014261862958776827,0.9356234271566415
Gm20110,0.01979352033707041,0.01979352033707041,0.2622402780715176
Chst8,-0.032600999935031745,0.032600999935031745,0.06477006589709394
Zfp619,0.017150175867533788,0.017150175867533788,0.33136499078852794
Sfn,-0.006085682610566638,0.006085682610566638,0.7303465491164741
Zfp939,0.019629530361793223,0.019629530361793223,0.2662148842546536
Lyplal1,-0.001816235050391074,0.001816235050391074,0.918072350346364
Kcnrg,0.027996627452026697,0.027996627452026697,0.11276333343219275
Lum,-0.027155252509151226,0.027155252509151226,0.12399585691012031
Gm9776,-0.0002950530872104979,0.0002950530872104979,0.9866677527849455
Zfp507,0.02054729367721211,0.02054729367721211,0.24449914282489404
Lin28a,-0.009308748815099754,0.009308748815099754,0.5980474141977137
Aim1l,-0.0009746110076430452,0.0009746110076430452,0.9559815922205863
Dpy19l3,-0.01640021183025625,0.01640021183025625,0.3529486323170194
Tgfb2,-0.011960633160140966,0.011960633160140966,0.49814443483916315
Lrp3,-0.02459420359581201,0.02459420359581201,0.16359003947092796
2610002D18Rik,0.03351327858976512,0.03351327858976512,0.05762354330138197
Cnksr1,0.0014261862958776825,0.0014261862958776825,0.9356234271566415
Dleu7,0.0014261862958776736,0.0014261862958776736,0.9356234271566415
Fam124a,0.0254913560060017,0.0254913560060017,0.1487580056968623
BC013712,0.062034417168029043,0.062034417168029043,0.00043695769305958495
1700001G11Rik,0.013725671437022045,0.013725671437022045,0.4369303566841191
Cenpf,0.034370160661261036,0.034370160661261036,0.05152007834541674
Mtmr9,0.03577022038172219,0.03577022038172219,0.04271484263854012
1700003M07Rik,-0.00788009628582831,0.00788009628582831,0.6553844790368742
Col16a1,-0.016408586322452248,0.016408586322452248,0.3527028145731433
1700008O03Rik,0.005121758804127383,0.005121758804127383,0.7717614132420789
Serinc2,0.02368638001595129,0.02368638001595129,0.17970577484341788
Fbxo16,-0.024594203595812054,0.024594203595812054,0.16359003947092796
Thbs4,0.0014261862958776929,0.0014261862958776929,0.9356234271566415
Fxyd3,-0.02212604994832173,0.02212604994832173,0.21011192911147003
Nkain1,0.015006936894679655,0.015006936894679655,0.395345847505065
1700028J19Rik,0.0172977713167983,0.0172977713167983,0.3272198909137596
Klk1,-0.034786876908484046,0.034786876908484046,0.04875315450968041
Fzd3,0.008514317588762827,0.008514317588762827,0.6296529568425887
Ptpru,0.014880004125600517,0.014880004125600517,0.39935561110303375
Hpn,0.05680033714196488,0.05680033714196488,0.0012842568706269424
Klk1b11,0.027996627452026773,0.027996627452026773,0.11276333343219275
Pawr,-0.017673573339860423,0.017673573339860423,0.31681840317773424
Klk10,0.0197935203370704,0.0197935203370704,0.2622402780715176
Acss3,-0.02459420359581199,0.02459420359581199,0.16359003947092796
Rnu11,0.008213351795687916,0.008213351795687916,0.6418101909877376
Cys1,-0.027993390357232712,0.027993390357232712,0.11280495888849978
Rab42-ps,0.002017246337332566,0.002017246337332566,0.9090424314590396
Scn1b,0.05546214991166719,0.05546214991166719,0.0016693634374076718
Kif13b,0.08683019035702381,0.08683019035702381,8.353704599337942e-07
Wtip,-0.016205233852495983,0.016205233852495983,0.35870244545319985
Trim13,0.041580725244626304,0.041580725244626304,0.018476163757032663
Ptpn14,0.02018155038302788,0.02018155038302788,0.25299940499244883
Lhfpl2,0.016079096614937238,0.016079096614937238,0.3624559867448838
Rassf9,-0.02285955793249094,0.02285955793249094,0.19538385989094084
Nts,0.0014261862958776827,0.0014261862958776827,0.9356234271566415
4930555I21Rik,0.0014261862958776744,0.0014261862958776744,0.9356234271566415
Nr2c1,0.025218718551393664,0.025218718551393664,0.15315255807925576
Maneal,-0.024594203595812006,0.024594203595812006,0.16359003947092796
Sec1,0.0014261862958776744,0.0014261862958776744,0.9356234271566415
Car11,-0.024594203595812006,0.024594203595812006,0.16359003947092796
Faah,-0.010583888011864573,0.010583888011864573,0.5488840971492078
Hspb7,-0.04083356652460341,0.04083356652460341,0.02069156388272235
1810008I18Rik,0.016204844647278532,0.016204844647278532,0.35871398956276174
Msrb3,-0.029486071973548356,0.029486071973548356,0.09485986423803039
Rad54l,0.040890337600292676,0.040890337600292676,0.020515456073724594
1520402A15Rik,-0.010229518514402578,0.010229518514402578,0.5623450438833248
Hmga2,-0.007742357154632468,0.007742357154632468,0.6610286649637519
Tspan1,0.02122963243374006,0.02122963243374006,0.2291809419068157
Pik3r3,0.004591362290715691,0.004591362290715691,0.7948389095050965
Epha2,0.020890408356836074,0.020890408356836074,0.236708847560287
6330545A04Rik,-0.031740755355927505,0.031740755355927505,0.07216366427082681
Tnfrsf10b,0.02437274038641931,0.02437274038641931,0.16741729649123285
Shisa2,-0.03478553186501958,0.03478553186501958,0.048761880672087234
C530005A16Rik,0.00211213914674034,0.00211213914674034,0.9047836199385118
Mphosph10,0.10151363492434418,0.10151363492434418,8.209522378036641e-09
AI428936,-0.02459420359581199,0.02459420359581199,0.16359003947092796
Fan1,-0.0027574142580745545,0.0027574142580745545,0.8759022635023269
Dtl,0.02999545999350707,0.02999545999350707,0.08928733717346352
Polr3g,-0.015622455578704229,0.015622455578704229,0.37624909946367346
Mmachc,-0.027458790167582993,0.027458790167582993,0.11984697293924745
E030018B13Rik,0.02368638001595131,0.02368638001595131,0.17970577484341788
Peg12,0.01850471603203829,0.01850471603203829,0.29459228766363316
Mutyh,0.0005735202529695374,0.0005735202529695374,0.9740883045175692
Hpdl,0.0014261862958776788,0.0014261862958776788,0.9356234271566415
Zswim5,0.019793520337070405,0.019793520337070405,0.2622402780715176
Aplp1,0.005297459696725527,0.005297459696725527,0.7641598784239181
Ifng,0.041310400114978635,0.041310400114978635,0.01925251531289083
Ndn,-0.03214471768182244,0.03214471768182244,0.06860988846090248
Stc1,-0.04259881008238443,0.04259881008238443,0.01579273723211907
Gm15910,0.02442409036211384,0.02442409036211384,0.16652394980951107
C230091D08Rik,-0.024594203595812048,0.024594203595812048,0.16359003947092796
Egr3,-0.024594203595812002,0.024594203595812002,0.16359003947092796
Jkamp,0.043078566581924174,0.043078566581924174,0.014651568382799577
Slc25a34,0.0279966274520267,0.0279966274520267,0.11276333343219275
BC048403,-0.010817737679839604,0.010817737679839604,0.5400890837936704
Ahctf1,0.05590394864637488,0.05590394864637488,0.0015318206909349028
Orc1,0.023686380015951292,0.023686380015951292,0.17970577484341788
Tmem82,-0.03478009689931441,0.03478009689931441,0.04879715414083976
Zfyve9,-0.03889595975997323,0.03889595975997323,0.027545547662237952
9930012K11Rik,-0.009114027626727078,0.009114027626727078,0.6057274343428901
B130024G19Rik,0.006565507551964981,0.006565507551964981,0.7100118432676216
Fblim1,-0.025065243972192765,0.025065243972192765,0.15566940675563157
Cdc42bpa,-0.003768394738056072,0.003768394738056072,0.8309970249243539
Rab3b,0.01979352033707041,0.01979352033707041,0.2622402780715176
Fam169b,0.02065707956128436,0.02065707956128436,0.24198716222261213
Tbc1d30,0.016412899679829368,0.016412899679829368,0.35257624619275013
Calr4,-0.024594203595812048,0.024594203595812048,0.16359003947092796
Pgpep1l,-0.02459420359581201,0.02459420359581201,0.16359003947092796
Ttc39a,0.0020172463373325663,0.0020172463373325663,0.9090424314590396
Synm,-0.0007650265538236549,0.0007650265538236549,0.9654407660142533
Ttc23,-0.012084053096008532,0.012084053096008532,0.49372081047164496
Faf1,0.06482435350547588,0.06482435350547588,0.00023768197535891397
Dmrta2,0.02122963243374006,0.02122963243374006,0.2291809419068157
Bend5,-0.011188513086104102,0.011188513086104102,0.5262903449148943
Nr2f1,-0.03477025235226495,0.03477025235226495,0.0488611007486172
Gm12824,-0.004500324070449995,0.004500324070449995,0.7988187011579932
Foxd2,-0.0033543930676214525,0.0033543930676214525,0.8493280162758435
Clip3,-0.021532981255613204,0.021532981255613204,0.22259478160680746
Adamts17,-0.017524250334343745,0.017524250334343745,0.32092513649527415
Stil,0.026294026943003396,0.026294026943003396,0.13637829776217913
Tal1,0.013606359967089829,0.013606359967089829,0.440926818452137
Pdzk1ip1,0.011892818320436326,0.011892818320436326,0.5005840000117205
Aldh1a3,0.0014261862958776929,0.0014261862958776929,0.9356234271566415
Srgap1,-0.022655459679933064,0.022655459679933064,0.199403798399611
A230056P14Rik,-0.0016901858784059611,0.0016901858784059611,0.9237402560322171
Snord55,-0.03478687690848404,0.03478687690848404,0.04875315450968041
Pnma2,0.001426186295877667,0.001426186295877667,0.9356234271566415
Guca2a,-0.03152382582705081,0.03152382582705081,0.07413339268738807
Cited4,-0.025221388757509053,0.025221388757509053,0.15310904447841633
Slc35e3,-0.0508774579269716,0.0508774579269716,0.003935302795539863
C1qtnf9,-0.024594203595811995,0.024594203595811995,0.16359003947092796
Zbtb32,0.04757077784223808,0.04757077784223808,0.007024355646770207
Dact1,0.0014261862958776783,0.0014261862958776783,0.9356234271566415
Saa1,0.0014261862958776796,0.0014261862958776796,0.9356234271566415
Upk1a,-0.0032716017084757744,0.0032716017084757744,0.8530039427030385
Cpm,-0.013494826039672513,0.013494826039672513,0.44468162764436103
2700049A03Rik,0.016636574659969955,0.016636574659969955,0.34605227005582595
Mycl1,0.015006936894679622,0.015006936894679622,0.395345847505065
Gm16287,0.014355868370126007,0.014355868370126007,0.41617015008366554
Gm5464,0.00821335179568792,0.00821335179568792,0.6418101909877376
Hpcal4,0.0014261862958776744,0.0014261862958776744,0.9356234271566415
Heyl,-6.777359450076873e-05,6.777359450076873e-05,0.9969374523779446
Dpysl2,-0.08912127240802635,0.08912127240802635,4.249422521579359e-07
Ccdc114,0.011085800746143844,0.011085800746143844,0.5300947737651855
Tnfrsf19,-0.011259822275319666,0.011259822275319666,0.5236573026150326
Rnf186,-0.0019488741396403982,0.0019488741396403982,0.9121126192424575
Rhbdl2,0.0031910389321226076,0.0031910389321226076,0.8565839867157047
Enah,0.013523452460893842,0.013523452460893842,0.44371617878788344
Pla2g2d,0.023686380015951285,0.023686380015951285,0.17970577484341788
Pou3f1,0.027996627452026725,0.027996627452026725,0.11276333343219275
Sult2b1,-0.001948874139640393,0.001948874139640393,0.9121126192424575
Ubxn10,0.007830274491136574,0.007830274491136574,0.6574237955840506
Atg10,0.0401699745740143,0.0401699745740143,0.02284978823452907
Stmn4,-0.02459420359581199,0.02459420359581199,0.16359003947092796
A830009L08Rik,-0.008962414530908343,0.008962414530908343,0.6117376040617529
AA415398,-0.02802243830717454,0.02802243830717454,0.11243186717610457
Tmem161b,0.01861155885435269,0.01861155885435269,0.29181281718013413
Sox11,-0.008746879691780533,0.008746879691780533,0.6203268165691619
Cdca2,0.003384485086468085,0.003384485086468085,0.8479927407807172
Kif2c,0.05390563447587374,0.05390563447587374,0.0022494352542555304
Nphs1,-0.001948874139640412,0.001948874139640412,0.9121126192424485
Siglech,0.008658817235087199,0.008658817235087199,0.6238512063344577
Lin9,0.04001407620102472,0.04001407620102472,0.02338430449058402
2810055F11Rik,-0.0014344504783086976,0.0014344504783086976,0.9352512077207963
Slc6a9,0.019975532046721783,0.019975532046721783,0.257877074293765
Ccdc24,-0.03478687690848407,0.03478687690848407,0.04875315450968041
B4galt2,-0.01641828875809052,0.01641828875809052,0.35241815292484086
Arhgap33,-0.0033951247282287015,0.0033951247282287015,0.8475207312491063
Nell1,-0.024594203595812006,0.024594203595812006,0.16359003947092796
Nav2,0.020868763869661477,0.020868763869661477,0.23719503361583308
Adam28,-0.014061128344633581,0.014061128344633581,0.4258062642019925
Gm13031,-0.010162573810974013,0.010162573810974013,0.5649057625989785
Dcdc2c,-0.03478687690848404,0.03478687690848404,0.04875315450968041
Csrp3,0.008658817235087189,0.008658817235087189,0.6238512063344577
1700030C10Rik,0.030310577961927692,0.030310577961927692,0.08597408059847642
4933411E08Rik,0.019793520337070394,0.019793520337070394,0.2622402780715176
Gpr135,0.0130786886412237,0.0130786886412237,0.458850778075912
Padi1,0.00142618629587768,0.00142618629587768,0.9356234271566415
Mpl,0.019793520337070415,0.019793520337070415,0.2622402780715176
Tie1,0.009076104567423544,0.009076104567423544,0.6072282821068068
2610528J11Rik,0.0028537068270781682,0.0028537068270781682,0.8716055547166334
Mrgpra2a,-0.011383625236853042,0.011383625236853042,0.519102059067694
Slc2a1,0.07980803231621234,0.07980803231621234,5.978906030666617e-06
Zfp691,-0.043705875474370985,0.043705875474370985,0.013269374349366887
Padi3,0.017725067685134148,0.017725067685134148,0.31541021353125986
4930538K18Rik,0.019793520337070394,0.019793520337070394,0.2622402780715176
F2rl1,-0.008086869061780046,0.008086869061780046,0.646948373185826
Hspb6,-0.004096331794811248,0.004096331794811248,0.8165412091868532
Edil3,0.027696523098978316,0.027696523098978316,0.11667407019765177
Gucy1a3,-0.035673183977354604,0.035673183977354604,0.04328114265491129
Rragd,-0.007742357154632458,0.007742357154632458,0.6610286649637519
Lrrc51,-0.010698365754522961,0.010698365754522961,0.5445698082411802
Egfr,0.014277262065490346,0.014277262065490346,0.4187274130068691
Egflam,-0.032860995086551395,0.032860995086551395,0.06266253241369865
Car14,0.03388495167666761,0.03388495167666761,0.054906102648055594
Prss53,-0.003395124728228698,0.003395124728228698,0.8475207312491063
Gm9054,0.016204844647278525,0.016204844647278525,0.35871398956276174
Vstm2a,-0.03711053663844866,0.03711053663844866,0.035511964539331954
BC055324,0.01962953036179329,0.01962953036179329,0.2662148842546536
Cxcl17,0.001329551069556976,0.001329551069556976,0.9399769078539931
Fbxl19,-0.002596115437796918,0.002596115437796918,0.8831077773838095
Hist2h2ab,0.004934983280439174,0.004934983280439174,0.7798661488780576
Ctf1,-0.024594203595812048,0.024594203595812048,0.16359003947092796
Rec8,-0.0163848152855757,0.0163848152855757,0.35340085199760884
Hist2h3c2,0.007163577764383166,0.007163577764383166,0.6849535145851462
Gm129,-0.007323588674494761,0.007323588674494761,0.6783062510816044
Ptch1,-0.0019488741396404155,0.0019488741396404155,0.9121126192424485
Hist2h4,0.01860589584127857,0.01860589584127857,0.2919596945085206
Hist2h2bb,0.025234235362558283,0.025234235362558283,0.15289982796182544
Fcgr1,0.18635484288151918,0.18635484288151918,1.7898085108816708e-26
Sele,-0.024594203595812002,0.024594203595812002,0.16359003947092796
Cobl,0.015006936894679608,0.015006936894679608,0.395345847505065
Cd46,0.0051217588041273104,0.0051217588041273104,0.7717614132420906
6330549D23Rik,-0.027584128295232126,0.027584128295232126,0.11816583058631161
Grb10,0.002523293157132448,0.002523293157132448,0.886364089043724
Pex11b,0.06491107635110956,0.06491107635110956,0.0002331362153071497
Itga10,0.027333261249468273,0.027333261249468273,0.1215493833455398
Ankrd35,0.001426186295877667,0.001426186295877667,0.9356234271566415
A330023F24Rik,-0.03732359199682865,0.03732359199682865,0.03446825669167875
Kcnh2,-0.021532981255613204,0.021532981255613204,0.22259478160680746
Ceacam2,0.010859611604376342,0.010859611604376342,0.5385216909935422
C920021L13Rik,-0.018113091431749665,0.018113091431749665,0.30493147129961323
Gm16907,0.020832333704490516,0.020832333704490516,0.23801493251129327
Fbxo48,0.01979352033707041,0.01979352033707041,0.2622402780715176
Myoc,0.001426186295877693,0.001426186295877693,0.9356234271566415
1110067D22Rik,0.0036029599995802794,0.0036029599995802794,0.8383116411169671
Btbd16,0.002470997266496116,0.002470997266496116,0.8887037322612967
Slc1a3,0.0023287295415133544,0.0023287295415133544,0.8950734342372932
Zfp934,0.013341329615639722,0.013341329615639722,0.44987880177954526
Slc1a4,-0.02953103474500109,0.02953103474500109,0.0943570405173578
Mccc2,0.030194100289596487,0.030194100289596487,0.08718700734812562
Pomc,0.012870226794919483,0.012870226794919483,0.46604274049967115
Tmod4,0.01500693689467958,0.01500693689467958,0.395345847505065
Fgfr2,-0.024399985637071096,0.024399985637071096,0.16694285783370108
Lysmd1,0.013458066039693212,0.013458066039693212,0.4459231427635039
Mtap1b,-0.009231699483464457,0.009231699483464457,0.6010810420530819
Sema6c,-0.024594203595812065,0.024594203595812065,0.16359003947092796
Efr3b,0.002017246337332568,0.002017246337332568,0.9090424314590396
Dnajc27,0.02898928280836235,0.02898928280836235,0.10055950238512174
Igf2bp2,-0.003312371288085975,0.003312371288085975,0.8511933743049599
Wdr86,0.001426186295877676,0.001426186295877676,0.9356234271566415
6720489N17Rik,0.0020149879344279753,0.0020149879344279753,0.9091438214433606
Gdnf,0.0014261862958776675,0.0014261862958776675,0.9356234271566415
Fmo3,0.0014261862958776764,0.0014261862958776764,0.9356234271566415
Gm4349,0.027848776076628567,0.027848776076628567,0.11467691892339088
Fbp1,-0.027584128295232126,0.027584128295232126,0.11816583058631161
6430562O15Rik,0.01979352033707041,0.01979352033707041,0.2622402780715176
Smarcd3,0.007299195257827119,0.007299195257827119,0.6793180169211336
Itgad,0.0014261862958776731,0.0014261862958776731,0.9356234271566415
Prrx1,0.023979251981757786,0.023979251981757786,0.1743826836403838
Cnrip1,-0.01573578556398526,0.01573578556398526,0.3727960467664022
Gorab,0.06553552902686575,0.06553552902686575,0.00020273336925002013
Ecm1,0.039284503514675495,0.039284503514675495,0.026032342356238667
Fignl1,0.051125438650668195,0.051125438650668195,0.0037630140805348837
Gm16897,-0.0019488741396403982,0.0019488741396403982,0.9121126192424575
Cd160,0.03327216376893696,0.03327216376893696,0.0594454972917154
Pdzk1,0.01979352033707045,0.01979352033707045,0.2622402780715176
BC037032,-0.01866559356113714,0.01866559356113714,0.29041385571891065
AI463170,0.003191038932122614,0.003191038932122614,0.8565839867157047
Olfml3,-0.07211484757405973,0.07211484757405973,4.3223918910730354e-05
Igfbp3,-0.010830247519305905,0.010830247519305905,0.5396205861386096
Zg16,0.03960555804040196,0.03960555804040196,0.024836708858668566
Gm15471,-0.002013715625234599,0.002013715625234599,0.9092009418448208
Cyp2f2,0.02963421259467925,0.02963421259467925,0.0932112629490712
Bcl2l15,0.001426186295877676,0.001426186295877676,0.9356234271566415
Rab4b,0.02215822390387872,0.02215822390387872,0.209449517410874
Mia1,0.030417595237070987,0.030417595237070987,0.08487171532426921
Itgbl1,-0.025457399141028538,0.025457399141028538,0.1493000396467392
Prrt2,-0.02009682392657754,0.02009682392657754,0.2549975464950215
Slc16a1,0.03156147808786232,0.03156147808786232,0.07378839261092845
Ppm1j,0.04322078059856197,0.04322078059856197,0.014327556507308293
Sez6l2,0.013078688641223683,0.013078688641223683,0.458850778075912
A2ld1,0.03062853354283471,0.03062853354283471,0.08273234526935516
Nacad,0.01620484464727849,0.01620484464727849,0.35871398956276174
Lrrc17,0.020094473384292162,0.020094473384292162,0.2550531363021771
Wnt2b,-0.0033951247282286755,0.0033951247282286755,0.8475207312491063
Fam185a,-0.02223928405933499,0.02223928405933499,0.2077873200577496
Pcca,0.06933741701179344,0.06933741701179344,8.436739216262968e-05
6530418L21Rik,-0.0017124502528810721,0.0017124502528810721,0.9227388301789446
Slc41a2,0.013078688641223692,0.013078688641223692,0.458850778075912
Lamb3,-0.012556565514368,0.012556565514368,0.4769810332217532
Hspa2,0.06152264813856585,0.06152264813856585,0.0004873282958159361
Aldh1l2,0.0014261862958776762,0.0014261862958776762,0.9356234271566415
Doc2a,0.012041669630409113,0.012041669630409113,0.4952375476118133
Ovgp1,-0.012826211874238318,0.012826211874238318,0.4675692223230331
1700027A23Rik,0.02462296351318143,0.02462296351318143,0.1630978949819216
Reln,0.00865881723508721,0.00865881723508721,0.6238512063344577
Cgn,-0.0163848152855757,0.0163848152855757,0.35340085199760884
Qprt,-0.013297535906643364,0.013297535906643364,0.4513678808803155
Zfp369,0.049544763694809306,0.049544763694809306,0.004989950181178452
Gja5,-0.011403695084254022,0.011403695084254022,0.5183655342087496
4930415F15Rik,0.011000434753174937,0.011000434753174937,0.5332672919439224
Bcl9,0.008897468633262634,0.008897468633262634,0.6143202039063957
Prkab2,-0.017991399432785965,0.017991399432785965,0.30819266655777494
Gm5544,0.034294071390678915,0.034294071390678915,0.05203922188540989
E430018J23Rik,0.016912838162357044,0.016912838162357044,0.3381012664324132
Adam30,-0.011877578211742207,0.011877578211742207,0.5011331163883144
Hmgcs2,-0.03475771670799303,0.03475771670799303,0.0489426295063929
9130019O22Rik,0.011056907160584151,0.011056907160584151,0.531167493143324
Zfp697,-0.004432863575724287,0.004432863575724287,0.8017711578768458
Prkaa1,-0.0006002281347375534,0.0006002281347375534,0.9728820942441371
Spag17,0.015006936894679586,0.015006936894679586,0.395345847505065
Pus7,0.007360183617161207,0.007360183617161207,0.6767894895042929
Gdap10,-0.024146986070718184,0.024146986070718184,0.1713875159593757
Rab15,0.0014261862958776829,0.0014261862958776829,0.9356234271566415
Gpx2,0.018504716032038286,0.018504716032038286,0.29459228766363316
Vtcn1,0.01979352033707041,0.01979352033707041,0.2622402780715176
Trim45,0.011884572126269236,0.011884572126269236,0.5008810790490672
C7,0.03105840872251177,0.03105840872251177,0.07850771747828927
C6,0.01979352033707041,0.01979352033707041,0.2622402780715176
Cyp2s1,-0.0058407271472436925,0.0058407271472436925,0.7408022026395967
Lhfpl3,0.02122963243374005,0.02122963243374005,0.2291809419068157
Igsf3,-0.002771667660034051,0.002771667660034051,0.8752660230804067
Cyp2b10,0.007830478614534864,0.007830478614534864,0.6574154351445753
Spnb1,0.0014261862958776731,0.0014261862958776731,0.9356234271566415
Vangl1,-0.04247815528791099,0.04247815528791099,0.016091749002221895
2410057H14Rik,-0.023178854449026214,0.023178854449026214,0.1892146073123413
Plcxd3,-0.03476280663856027,0.03476280663856027,0.04890951209296273
Cyp2a5,0.013078688641223683,0.013078688641223683,0.458850778075912
Gm11992,0.01204166963040909,0.01204166963040909,0.4952375476118133
Selenbp2,0.023686380015951296,0.023686380015951296,0.17970577484341788
Lmbrd2,0.022118681163095975,0.022118681163095975,0.21026385401618294
Htra1,-0.01516068338275189,0.01516068338275189,0.3905217535015125
Sec16b,-0.015042464504913183,0.015042464504913183,0.3942279135055126
Iqgap3,0.004657764527322415,0.004657764527322415,0.7919394508506902
Mef2d,0.026195723580357683,0.026195723580357683,0.13785029528626644
1700113A16Rik,0.009527938055952413,0.009527938055952413,0.5894556244459989
Cgref1,0.0014261862958776675,0.0014261862958776675,0.9356234271566415
Eps8l2,-0.011877578211742177,0.011877578211742177,0.5011331163883144
Zfp93,0.002853635880490437,0.002853635880490437,0.8716087190747946
Tmem79,0.008213351795687926,0.008213351795687926,0.6418101909877376
Tmem80,-0.02215306406798419,0.02215306406798419,0.20955564850591119
Tnr,0.008658817235087175,0.008658817235087175,0.6238512063344577
Zfp781,-0.01586588527084549,0.01586588527084549,0.36885631596873547
Zfhx2,0.010232402675353323,0.010232402675353323,0.5622348471404653
Acot10,0.03327156112489955,0.03327156112489955,0.05945011026537222
Mex3a,0.019629530361793282,0.019629530361793282,0.2662148842546536
Rab25,-0.008962414530908321,0.008962414530908321,0.6117376040617529
4931440F15Rik,-0.029004356772498595,0.029004356772498595,0.1003826338026105
4930562F07Rik,0.0014261862958776734,0.0014261862958776734,0.9356234271566415
Eml6,0.011285474146316223,0.011285474146316223,0.5227117794912319
Ano9,-0.02459420359581208,0.02459420359581208,0.16359003947092796
Zfp94,0.020832333704490558,0.020832333704490558,0.23801493251128716
Slc28a3,0.0045609132179284355,0.0045609132179284355,0.7961694210880488
Serpinc1,-0.024594203595811995,0.024594203595811995,0.16359003947092796
B4galnt4,0.02083233370449045,0.02083233370449045,0.23801493251129327
1500004A13Rik,0.017401314599018863,0.017401314599018863,0.3243321332577728
Dpysl5,0.0014261862958776731,0.0014261862958776731,0.9356234271566415
Ifitm5,-0.0022612067650682405,0.0022612067650682405,0.8980990010944032
Ntrk2,0.0008501253255278941,0.0008501253255278941,0.9615993420720982
AU041133,-0.01613943307536236,0.01613943307536236,0.36065746074789673
Kcnk3,-0.0347373790546632,0.0347373790546632,0.04907514340003087
Efs,-0.0344310723561647,0.0344310723561647,0.051107617464631605
Cox8b,-0.05219891979164007,0.05219891979164007,0.003093490065986321
Nes,-0.04640245388355434,0.04640245388355434,0.008553321741636422
Rasal2,0.010896037470939264,0.010896037470939264,0.5371600828713885
Mr1,-0.0044142876646710676,0.0044142876646710676,0.8025846448800608
Zfp111,0.004275814846366535,0.004275814846366535,0.8086554090378297
Zfp109,0.013078688641223715,0.013078688641223715,0.458850778075912
Trim2,0.0020014975513441575,0.0020014975513441575,0.9097494968867844
Gm6525,0.0334105740643726,0.0334105740643726,0.05839386367633878
Fhdc1,0.002470997266496108,0.002470997266496108,0.8887037322612967
Igf2,-0.02459420359581199,0.02459420359581199,0.16359003947092796
H19,-0.024594203595811995,0.024594203595811995,0.16359003947092796
Tnnt3,-0.024585961015391768,0.024585961015391768,0.1637312939444686
Syt8,-0.024594203595812065,0.024594203595812065,0.16359003947092796
Fam160a1,0.008658817235087178,0.008658817235087178,0.6238512063344577
Glt28d2,0.02799520128179132,0.02799520128179132,0.11278167091144961
Sh3d19,-0.011918521188458632,0.011918521188458632,0.4996586228102044
6330512M04Rik,0.013078688641223695,0.013078688641223695,0.458850778075912
Dusp8,0.00280625205722973,0.00280625205722973,0.8737225876352297
Dclk2,-0.0033951247282286807,0.0033951247282286807,0.8475207312491063
Fbxl7,0.00844369685314641,0.00844369685314641,0.6324967838753324
Kirrel,0.014887618176340439,0.014887618176340439,0.39911439841583596
Fcrls,-0.00023364678239216964,0.00023364678239216964,0.9894422704404389
Mpv17,0.07773229642868361,0.07773229642868361,1.0383712605307362e-05
Muc5b,0.012041669630409108,0.012041669630409108,0.4952375476118133
Gm16982,0.030417595237070987,0.030417595237070987,0.08487171532426921
4933430H15Rik,0.027996627452026676,0.027996627452026676,0.11276333343219275
Pear1,-0.006616347705019305,0.006616347705019305,0.7078690146812903
Ntrk1,-0.02459420359581207,0.02459420359581207,0.16359003947092796
Tspan4,-0.02426430929732817,0.02426430929732817,0.16931551066578313
Zfp108,-0.004087888551257917,0.004087888551257917,0.8169126374291406
Meox2,-0.031206103483883377,0.031206103483883377,0.07709738997785771
Rrnad1,0.02063910789460787,0.02063910789460787,0.242397119872641
Crabp2,0.0014261862958776827,0.0014261862958776827,0.9356234271566415
Chia,-0.013084959254189192,0.013084959254189192,0.45863540864349434
1700001C02Rik,0.0020172463373325667,0.0020172463373325667,0.9090424314590396
Pdzd2,-0.033092112934053786,0.033092112934053786,0.06083697277733406
Dnm3,0.026733349128692723,0.026733349128692723,0.12994764477962953
Creb3l4,0.007909248293412743,0.007909248293412743,0.6541924115768023
4930486L24Rik,-0.004839030602289865,0.004839030602289865,0.7840391950927587
Fam196a,0.008658817235087185,0.008658817235087185,0.6238512063344577
Dhx32,0.01933647308917398,0.01933647308917398,0.2734204476546813
Slc27a3,0.0019218311185580164,0.0019218311185580164,0.9133273246759509
Dtnb,0.018592091232542365,0.018592091232542365,0.29231794230327035
Npr1,0.013293863933835161,0.013293863933835161,0.4514928622737696
Gm4598,0.011000434753174948,0.011000434753174948,0.5332672919439224
BC052688,0.015006936894679591,0.015006936894679591,0.395345847505065
Serf1,-0.020811745593821335,0.020811745593821335,0.23847917307289898
Iyd,0.0014261862958776796,0.0014261862958776796,0.9356234271566415
Zfp808,0.023784726626268755,0.023784726626268755,0.17790497838931557
S100a14,-0.010788616951913393,0.010788616951913393,0.5411804520653496
Oat,0.03200197324386889,0.03200197324386889,0.06984886422696664
S100a2,-0.01016257381097401,0.01016257381097401,0.5649057625989785
S100a3,-0.007134911670744864,0.007134911670744864,0.6861469758364781
Chst15,0.043176750715711594,0.043176750715711594,0.014427189725460341
Spef2,0.016149181080192573,0.016149181080192573,0.3603674155934357
Il7r,0.04243578392568695,0.04243578392568695,0.016197929448434775
Ppp1r14c,-0.0009746110076430395,0.0009746110076430395,0.9559815922205863
4933406C10Rik,-0.027584128295232102,0.027584128295232102,0.11816583058631161
Hmx2,0.00201724633733257,0.00201724633733257,0.9090424314590396
Cr2,0.00785978824562214,0.00785978824562214,0.65621542317131
Capsl,0.002870491621861309,0.002870491621861309,0.8708569774992254
Rorc,0.0014261862958776833,0.0014261862958776833,0.9356234271566415
Tdrkh,-0.03863097898540009,0.03863097898540009,0.02862050429628879
Zfp526,0.0195550286871669,0.0195550286871669,0.2680341939284672
Riiad1,-0.013632920519512317,0.013632920519512317,0.4400353376873098
Rab13,0.019122870207713336,0.019122870207713336,0.2787556630144717
Otof,-0.05517373042665765,0.05517373042665765,0.0017651887208377365
Nup210l,0.02733326124946834,0.02733326124946834,0.1215493833455398
4930556M19Rik,-0.010383194819956707,0.010383194819956707,0.5564880174948557
Dars2,0.04660592371683753,0.04660592371683753,0.00826734295860889
Scgb1c1,0.0014261862958776757,0.0014261862958776757,0.9356234271566415
Thbs3,-0.02549381636703335,0.02549381636703335,0.14871879079128508
1190003J15Rik,-0.008452892497227495,0.008452892497227495,0.6321261754682912
Ept1,0.0007908442688808339,0.0007908442688808339,0.9642752456978888
Ccdc85a,-0.02708805511683897,0.02708805511683897,0.12492931143845189
Gm12070,0.03686174226303389,0.03686174226303389,0.036764747362090296
F730035M05Rik,-0.03206494985787074,0.03206494985787074,0.06930000299009646
Efna4,-0.0163848152855757,0.0163848152855757,0.35340085199760884
Cyp2e1,-0.04162367650289754,0.04162367650289754,0.018355366399746605
5830411N06Rik,0.019793520337070398,0.019793520337070398,0.2622402780715176
Cd163l1,0.013078688641223706,0.013078688641223706,0.458850778075912
Il6,0.01381690419200481,0.01381690419200481,0.4338885388459757
Caly,0.014331406159512637,0.014331406159512637,0.41696497879836864
Gm5129,0.0011789471452198852,0.0011789471452198852,0.946765241743788
Fasl,0.0029389521092590427,0.0029389521092590427,0.8678049447548555
A230056J06Rik,-0.0033951247282286642,0.0033951247282286642,0.8475207312491063
4930528D03Rik,0.015006936894679595,0.015006936894679595,0.395345847505065
Kcnn3,-0.012626834087887916,0.012626834087887916,0.47451841767940406
Zfp575,0.021229632433739883,0.021229632433739883,0.2291809419068157
Chrnb2,0.01954209458063137,0.01954209458063137,0.268350908958646
Utf1,0.00865881723508717,0.00865881723508717,0.6238512063344577
C1qtnf3,-0.01739812376855996,0.01739812376855996,0.32442087508380724
Kndc1,0.0024709972664961094,0.0024709972664961094,0.8887037322612967
Lmbr1,0.01885498722934556,0.01885498722934556,0.28554610218552356
Lrrc27,-0.010170630730142934,0.010170630730142934,0.5645972788646779
Gm19710,0.033834188794446274,0.033834188794446274,0.055270830712824626
Gm12060,-0.03578651664290632,0.03578651664290632,0.04262035522738362
Stk32c,-0.004939457731773839,0.004939457731773839,0.779671705598671
4930558K02Rik,-0.024594203595812054,0.024594203595812054,0.16359003947092796
Ankrd6,-0.024594203595811995,0.024594203595811995,0.16359003947092796
Fam57b,0.01979352033707045,0.01979352033707045,0.2622402780715176
1500009L16Rik,-0.019048939386108223,0.019048939386108223,0.2806186346074468
Adm,-0.0003944661531753025,0.0003944661531753025,0.9821763340652173
Ttll7,0.029996331824347678,0.029996331824347678,0.08927803062960916
1700001L19Rik,0.019793520337070408,0.019793520337070408,0.2622402780715176
Gzmb,0.04769457180673989,0.04769457180673989,0.006877664379214155
Ptgfr,0.019793520337070405,0.019793520337070405,0.2622402780715176
Gipc2,-0.002329888462281434,0.002329888462281434,0.895021518393874
Tas1r3,0.015006936894679652,0.015006936894679652,0.395345847505065
Rnf17,-0.008452892497227499,0.008452892497227499,0.6321261754682912
Nexn,0.0009419728353011029,0.0009419728353011029,0.9574542771859685
Fam73a,0.016166018764637267,0.016166018764637267,0.35986676672493106
Mpz,0.008658817235087192,0.008658817235087192,0.6238512063344577
Adcy2,-0.03445893109308043,0.03445893109308043,0.05091989632387623
1600010M07Rik,-0.07135725154251112,0.07135725154251112,5.199752966132667e-05
1700049G17Rik,0.0005251242991012076,0.0005251242991012076,0.976274164005039
St6galnac3,-0.0055089735252181775,0.0055089735252181775,0.7550390373977942
Scube2,-0.0007305913037572372,0.0007305913037572372,0.9669954325691962
Tyw3,0.0007403439365086381,0.0007403439365086381,0.9665551122852488
BC051019,0.0005567161262454415,0.0005567161262454415,0.9748472612173359
Lrriq3,0.002470997266496092,0.002470997266496092,0.8887037322612967
4930570G19Rik,-0.01338847940313098,0.01338847940313098,0.4482787247294323
Negr1,-0.05548970132779295,0.05548970132779295,0.0016604645880689555
Btbd11,-0.007134911670744833,0.007134911670744833,0.6861469758364781
Ptger3,-0.02009682392657753,0.02009682392657753,0.2549975464950215
4921536K21Rik,-0.03478687690848405,0.03478687690848405,0.04875315450968041
9530053A07Rik,-0.016384815285575723,0.016384815285575723,0.35340085199760884
Lrrc40,0.021832168135806226,0.021832168135806226,0.21623274020628572
Vwa1,-0.014457925647030752,0.014457925647030752,0.41286375151778143
Stk33,0.00247099726649611,0.00247099726649611,0.8887037322612967
Pcp4l1,-0.009267511857936934,0.009267511857936934,0.5996701538647525
Mrvi1,-0.036195135087078396,0.036195135087078396,0.04030826050308454
Mterfd3,0.019751178216710397,0.019751178216710397,0.26326257366889433
Osr1,-0.012069585014582397,0.012069585014582397,0.49423828651723406
Sec14l4,0.019793520337070398,0.019793520337070398,0.2622402780715176
Mir1956,-0.0019488741396403895,0.0019488741396403895,0.9121126192424575
4933406I18Rik,0.015006936894679608,0.015006936894679608,0.395345847505065
2310042D19Rik,-0.034786876908484025,0.034786876908484025,0.04875315450968041
Unc5c,-0.034728634153955884,0.034728634153955884,0.04913221494387631
AW011738,-0.03602376607844117,0.03602376607844117,0.04126464544054518
Fcrlb,0.012041669630409108,0.012041669630409108,0.4952375476118133
Fhl4,-0.02459420359581199,0.02459420359581199,0.16359003947092796
Agrn,-0.0323860697325926,0.0323860697325926,0.06655613236592892
Gbp1,0.034294071390678915,0.034294071390678915,0.05203922188540989
9430015G10Rik,-0.026629638882994106,0.026629638882994106,0.13144409259934875
Ccbl2,0.041902521879334284,0.041902521879334284,0.01758780874152745
Rassf10,0.001426186295877676,0.001426186295877676,0.9356234271566415
Tead1,-0.0037227696776095903,0.0037227696776095903,0.8330128821563393
Gm5801,0.04125268544305858,0.04125268544305858,0.01942191103510934
Gm10560,0.019793520337070398,0.019793520337070398,0.2622402780715176
Mical2,-0.03988649056172736,0.03988649056172736,0.023829786499813155
Dkk3,-0.01712655180577454,0.01712655180577454,0.3320315906777601
Clca1,0.012703004975139896,0.012703004975139896,0.47185685411605494
Odf2l,0.05369169067627029,0.05369169067627029,0.002342222826570309
Galntl4,0.003925126745762168,0.003925126745762168,0.8240806587736078
Cyr61,0.00942109800624311,0.00942109800624311,0.593636440870932
4933432I03Rik,-0.010977878835612031,0.010977878835612031,0.5341071535551095
1700012D14Rik,0.008127971420513691,0.008127971420513691,0.6452767866783029
Mcpt4,0.0014261862958776764,0.0014261862958776764,0.9356234271566415
Syde2,-0.012192473506045687,0.012192473506045687,0.4898522087146078
Mcoln2,0.03852036132452885,0.03852036132452885,0.029079823578775334
Lpar3,0.01204166963040908,0.01204166963040908,0.4952375476118133
Gm10636,0.008213351795687916,0.008213351795687916,0.6418101909877376
2210414B05Rik,0.016204844647278557,0.016204844647278557,0.35871398956276174
Klf12,0.019793520337070405,0.019793520337070405,0.2622402780715176
Gm5151,0.030091839300044564,0.030091839300044564,0.088263235184997
Plag1,0.0086588172350872,0.0086588172350872,0.6238512063344577
Gm11837,0.01573472703331991,0.01573472703331991,0.3728282080957604
Necab1,0.019793520337070405,0.019793520337070405,0.2622402780715176
Hpx,-0.01638481528557572,0.01638481528557572,0.35340085199760884
Pcdh9,-0.024594203595812054,0.024594203595812054,0.16359003947092796
Syn3,-0.024594203595812006,0.024594203595812006,0.16359003947092796
A530072M11Rik,0.018504716032038272,0.018504716032038272,0.29459228766363316
Eif4enif1,-0.009247441481780357,0.009247441481780357,0.6004606752261654
Trim6,-0.02758412829523209,0.02758412829523209,0.11816583058631161
Gm5088,0.019793520337070446,0.019793520337070446,0.2622402780715176
Ttpa,-0.0033951247282286872,0.0033951247282286872,0.8475207312491063
Irx2,-0.01638481528557571,0.01638481528557571,0.35340085199760884
Trim68,0.004762100772308181,0.004762100772308181,0.7873894205574614
Lrfn1,0.004934983280439153,0.004934983280439153,0.7798661488780576
Lamb1,-0.014172864147752533,0.014172864147752533,0.42213799308619293
4930528A17Rik,-0.011877578211742188,0.011877578211742188,0.5011331163883144
Pcdh17,-0.021258347900616807,0.021258347900616807,0.2285516095310934
Klhdc9,0.02692394657014896,0.02692394657014896,0.12723199862165518
6230409E13Rik,0.019793520337070415,0.019793520337070415,0.2622402780715176
Pvrl4,0.06354328856007362,0.06354328856007362,0.00031529036905397355
Timp3,-0.05210386070824316,0.05210386070824316,0.0031480671075331573
Trpc2,0.01740131459901877,0.01740131459901877,0.3243321332577728
Tespa1,0.007637502516406404,0.007637502516406404,0.6653383054380286
Hes5,-0.011877578211742198,0.011877578211742198,0.5011331163883144
Epha7,0.019793520337070408,0.019793520337070408,0.2622402780715176
Fam110c,0.001426186295877676,0.001426186295877676,0.9356234271566415
Kcns3,-0.0534169219312788,0.0534169219312788,0.0024665272219643957
BC024582,-0.012556565514368002,0.012556565514368002,0.4769810332217532
Itga7,0.0014261862958776929,0.0014261862958776929,0.9356234271566415
Gm5465,-0.0033951247282286903,0.0033951247282286903,0.8475207312491063
Tmem55a,0.02603853909835791,0.02603853909835791,0.14022937640693336
Sec14l3,-0.025182813750536596,0.025182813750536596,0.1537385751818029
Gabrd,0.01962953036179327,0.01962953036179327,0.2662148842546536
Gm11818,-0.011498425351674403,0.011498425351674403,0.514896418302282
Ric3,-0.016384815285575685,0.016384815285575685,0.35340085199760884
B930041F14Rik,0.0387771771505874,0.0387771771505874,0.028023035157567266
Nlrp10,0.037715948988582666,0.037715948988582666,0.03261464622545472
Klf5,0.0013295510695570016,0.0013295510695570016,0.9399769078539931
Srd5a1,0.023683030367188232,0.023683030367188232,0.17976734689580348
Olfml1,-0.013742341699289852,0.013742341699289852,0.4363736338397683
Rgnef,-0.027584128295232095,0.027584128295232095,0.11816583058631161
Tox,0.002480872999418891,0.002480872999418891,0.8882618312554009
Mmp23,-0.015292133966571189,0.015292133966571189,0.3864257199905333
Pik3ip1,-0.013871344445128388,0.013871344445128388,0.4320792741321772
Syt9,-0.024594203595812072,0.024594203595812072,0.16359003947092796
Gm11944,-0.003395124728228707,0.003395124728228707,0.8475207312491063
4930412C18Rik,0.027996627452026704,0.027996627452026704,0.11276333343219275
Gdf6,-0.021532981255613207,0.021532981255613207,0.22259478160680746
Gm8989,0.008658817235087166,0.008658817235087166,0.6238512063344577
Gm16023,-0.0038706315757458844,0.0038706315757458844,0.8264839359953357
Sertad4,0.01979352033707041,0.01979352033707041,0.2622402780715176
Hhat,0.008658817235087211,0.008658817235087211,0.6238512063344577
Kcnh1,0.002011898756274398,0.002011898756274398,0.9092825111046727
Tmem52,0.01500693689467965,0.01500693689467965,0.395345847505065
Dpy19l4,0.010706386354095225,0.010706386354095225,0.5442681707695927
Syne2,0.03806188218519639,0.03806188218519639,0.0310518004361746
Rad54b,0.016204844647278525,0.016204844647278525,0.35871398956276174
Gem,-0.030948651679681572,0.030948651679681572,0.07956931472678669
1700123M08Rik,0.020206241405379445,0.020206241405379445,0.25241916271032205
Dchs1,-0.03166777789631481,0.03166777789631481,0.07282146480932407
6720463M24Rik,0.017565764983367295,0.017565764983367295,0.31977991260259164
Rbm12b,0.017901070095514924,0.017901070095514924,0.3106282398017908
2010015L04Rik,0.013078688641223711,0.013078688641223711,0.458850778075912
Runx1t1,-0.004137989819033328,0.004137989819033328,0.8147092279806264
Mtfp1,0.023108661378804025,0.023108661378804025,0.19055837369150977
Cma1,-0.002757414258074551,0.002757414258074551,0.8759022635023269
Adh7,-0.024594203595812054,0.024594203595812054,0.16359003947092796
Sema3a,-0.016384815285575737,0.016384815285575737,0.35340085199760884
Cd19,0.03536684964452122,0.03536684964452122,0.04511066659133179
Wdr47,0.029124928282300493,0.029124928282300493,0.09897682722991512
Sema3d,0.0197935203370704,0.0197935203370704,0.2622402780715176
Nuak1,-0.00969090837231313,0.00969090837231313,0.5831046197552439
Pgam2,0.008213351795687922,0.008213351795687922,0.6418101909877376
Fndc7,0.0038758960543164916,0.0038758960543164916,0.8262516973146479
Zfp366,0.013078688641223687,0.013078688641223687,0.458850778075912
Ildr2,0.01472792093448745,0.01472792093448745,0.40419194038319917
Prx,-0.04932410878387371,0.04932410878387371,0.005187369428226384
Zfp459,0.018504716032038286,0.018504716032038286,0.29459228766363316
Amy1,0.015006936894679659,0.015006936894679659,0.395345847505065
Jmjd5,-0.0005268585009913861,0.0005268585009913861,0.9761958335871681
Col11a1,-0.024594203595812006,0.024594203595812006,0.16359003947092796
Abcb4,0.01979352033707045,0.01979352033707045,0.2622402780715176
Mfsd2b,0.008658817235087194,0.008658817235087194,0.6238512063344577
Gm16701,-0.04200996589696212,0.04200996589696212,0.017299647686168686
Rundc3b,-0.0033951247282286772,0.0033951247282286772,0.8475207312491063
Slc25a40,-0.035611935046131006,0.035611935046131006,0.04364184282400871
Gpr88,0.0014261862958776677,0.0014261862958776677,0.9356234271566415
4930413G21Rik,0.010107598829402209,0.010107598829402209,0.5670128071440497
C330046G13Rik,-0.0071349116707448606,0.0071349116707448606,0.6861469758364781
Adam22,-0.02459420359581199,0.02459420359581199,0.16359003947092796
Hipk4,0.015006936894679593,0.015006936894679593,0.395345847505065
Steap2,0.027968516538768733,0.027968516538768733,0.11312521266551658
Uggt2,0.0171660877165334,0.0171660877165334,0.3309164941497503
Rgs5,0.004560913217928491,0.004560913217928491,0.7961694210880488
Rgs4,0.01979352033707041,0.01979352033707041,0.2622402780715176
A330021E22Rik,-0.02459420359581201,0.02459420359581201,0.16359003947092796
5330417C22Rik,-0.010162573810974027,0.010162573810974027,0.5649057625989785
D3Bwg0562e,-0.012556565514367995,0.012556565514367995,0.4769810332217532
Farp1,0.0058114822156506655,0.0058114822156506655,0.7420537375839457
Cacna2d1,-0.042603025442536635,0.042603025442536635,0.015782379445448812
Zfp712,0.007833696349006129,0.007833696349006129,0.6572836495734603
Numbl,-0.013922250653297413,0.013922250653297413,0.4303914185378973
Phtf2,0.028689512425991694,0.028689512425991694,0.1041286489132114
Xcl1,0.020025508755417785,0.020025508755417785,0.2566878842598843
A330035P11Rik,-0.0019488741396403947,0.0019488741396403947,0.9121126192424575
Kcna3,0.026008997310901682,0.026008997310901682,0.14068001254370013
Timm8a2,0.019793520337070415,0.019793520337070415,0.2622402780715176
Kcna2,-0.02459420359581201,0.02459420359581201,0.16359003947092796
Cym,-0.02459420359581201,0.02459420359581201,0.16359003947092796
Zfp708,0.00902643335260097,0.00902643335260097,0.6091965823674359
Slc16a4,0.01979352033707041,0.01979352033707041,0.2622402780715176
Rslcan18,0.013078688641223678,0.013078688641223678,0.458850778075912
A830093I24Rik,0.021727672302484038,0.021727672302484038,0.21843974763636578
Magi2,0.005441000286971873,0.005441000286971873,0.7579665087188229
4933431E20Rik,-0.003395124728228654,0.003395124728228654,0.8475207312491063
Gstm5,0.0346526130855202,0.0346526130855202,0.04963069815381542
Gm6682,-0.036195135087078396,0.036195135087078396,0.04030826050308454
Gstm6,0.01307868864122371,0.01307868864122371,0.458850778075912
Gstm3,-0.02459420359581205,0.02459420359581205,0.16359003947092796
Gstm2,-0.04027158389930846,0.04027158389930846,0.022507147437152247
Spnb4,-0.02724366964382979,0.02724366964382979,0.1227759327161024
Cd247,0.05101302639129788,0.05101302639129788,0.0038402469984347245
Cd36,-0.043483401592601806,0.043483401592601806,0.013745788537644604
Amigo1,-0.0051239295121537414,0.0051239295121537414,0.7716673641727183
Cideb,0.00035668315264370204,0.00035668315264370204,0.9838832870466478
Speer4f,0.001426186295877693,0.001426186295877693,0.9356234271566415
Myl7,-0.05316319471448511,0.05316319471448511,0.002586640819823944
Ltb4r2,0.011145464588294327,0.011145464588294327,0.5278831472137381
Mybphl,-0.024594203595812082,0.024594203595812082,0.16359003947092796
Atp2a1,-0.002013715625234617,0.002013715625234617,0.9092009418448208
Chi3l4,-0.023178854449026225,0.023178854449026225,0.1892146073123413
Dzip1,0.01979352033707041,0.01979352033707041,0.2622402780715176
Rwdd3,0.016625560762181052,0.016625560762181052,0.3463717042039429
2610020H08Rik,-0.020247968572756455,0.020247968572756455,0.25144067733961606
Eri2,0.011614963866650119,0.011614963866650119,0.5106452610959851
Lef1,0.02173449885552421,0.02173449885552421,0.2182950751571657
Nynrin,0.03386003113852754,0.03386003113852754,0.055084903690508516
Cyp2u1,0.004560913217928486,0.004560913217928486,0.7961694210880488
Acsm2,-0.003395124728228665,0.003395124728228665,0.8475207312491063
Pou4f1,-0.0033951247282286894,0.0033951247282286894,0.8475207312491063
Dkk2,-0.0019488741396403904,0.0019488741396403904,0.9121126192424575
Gprc5b,-0.021566156752035066,0.021566156752035066,0.22188279187630688
Iqck,-0.003395124728228686,0.003395124728228686,0.8475207312491063
Npnt,-0.048003379427907625,0.048003379427907625,0.0065236575306569
Slain1,-0.028826041470293377,0.028826041470293377,0.10249081706964996
4930441O14Rik,0.019793520337070446,0.019793520337070446,0.2622402780715176
Cbln3,-0.0033951247282286772,0.0033951247282286772,0.8475207312491063
Nhedc1,0.0197935203370704,0.0197935203370704,0.2622402780715176
Zfp493,0.004031632864339845,0.004031632864339845,0.8193884368571751
Tmc7,0.0014261862958776781,0.0014261862958776781,0.9356234271566415
Zfp273,0.007345809724451543,0.007345809724451543,0.6773850927170246
Cdk6,0.03130840267622512,0.03130840267622512,0.07613269212483828
Slc39a8,-0.031197790080043926,0.031197790080043926,0.0771762222236686
Samd11,0.04954476369480932,0.04954476369480932,0.004989950181178235
Ccdc157,0.01877342789675037,0.01877342789675037,0.2876355219062225
Gm10046,0.0014261862958776747,0.0014261862958776747,0.9356234271566415
Sdr39u1,0.012407643499844969,0.012407643499844969,0.4822231566776379
Calca,-0.024594203595811995,0.024594203595811995,0.16359003947092796
BC048507,-0.011877578211742183,0.011877578211742183,0.5011331163883144
Mtrr,0.03386428804451873,0.03386428804451873,0.0550543267271342
Mttp,0.007985598932443215,0.007985598932443215,0.6510745057929191
Rg9mtd2,0.005909503333365036,0.005909503333365036,0.7378616361646995
Sh2d1b1,0.026484487258012824,0.026484487258012824,0.1335608819906872
Scnn1g,-0.023521509641092325,0.023521509641092325,0.18275499256287847
Uhmk1,0.027204125586343414,0.027204125586343414,0.12332037343400333
Zfp60,0.01991819694716374,0.01991819694716374,0.25924605389246846
Tmem56,0.0024709972664961094,0.0024709972664961094,0.8887037322612967
Cldn10,-0.03478687690848396,0.03478687690848396,0.04875315450968041
Gtpbp10,0.015923294601471124,0.015923294601471124,0.3671260868789755
F3,-0.018507270761929463,0.018507270761929463,0.2945256211759435
Abcd3,-0.028431092814942875,0.028431092814942875,0.10728554707293135
Hs1bp3,-0.02459725743504419,0.02459725743504419,0.16353772863474145
Abca4,-0.003395124728228693,0.003395124728228693,0.8475207312491063
Irf6,0.0014261862958776913,0.0014261862958776913,0.9356234271566415
Bcar3,-0.018728155524500606,0.018728155524500606,0.28879976659070167
Fnbp1l,-0.003647746414150858,0.003647746414150858,0.8363300247713484
Pde5a,0.015747602210599614,0.015747602210599614,0.3724371383115274
3110045C21Rik,-0.02581617973277749,0.02581617973277749,0.14364867558900743
4933427G17Rik,0.0014261862958776788,0.0014261862958776788,0.9356234271566415
Myoz2,0.027996627452026662,0.027996627452026662,0.11276333343219275
Gpc6,0.0014261862958776929,0.0014261862958776929,0.9356234271566415
Prss12,-0.000916776182262817,0.000916776182262817,0.9585912888085942
Emid1,-0.031126547547482335,0.031126547547482335,0.07785447827610055
Ddr2,-0.050000193031435755,0.050000193031435755,0.004603799453821578
Ank2,0.0197935203370704,0.0197935203370704,0.2622402780715176
Trim9,0.0024709972664961073,0.0024709972664961073,0.8887037322612967
4930422G04Rik,0.012457356174027736,0.012457356174027736,0.48046977460614415
Mterf,0.02048258169764842,0.02048258169764842,0.24598834212757795
Zfp71-rs1,-0.004770575609447094,0.004770575609447094,0.7870201549110499
E130201H02Rik,0.01620484464727849,0.01620484464727849,0.35871398956276174
Crym,-0.011454750669777681,0.011454750669777681,0.5164943290451826
Pitx2,-0.00339512472822866,0.00339512472822866,0.8475207312491063
Enpep,-0.011893830580972334,0.011893830580972334,0.5005475385475041
4932412H11Rik,0.01620484464727854,0.01620484464727854,0.35871398956276174
Nefh,0.01740131459901889,0.01740131459901889,0.3243321332577728
Nfatc4,-0.021622996520790985,0.021622996520790985,0.22066672854763802
Ccdc28a,0.011627860153494452,0.011627860153494452,0.5101759526228725
Rabepk,0.054234535771577,0.054234535771577,0.002113339565871845
Nhsl1,0.006059185799310715,0.006059185799310715,0.7314751631840203
Gm3833,0.030417595237070827,0.030417595237070827,0.08487171532426921
E130307A14Rik,0.009341671637663928,0.009341671637663928,0.5967532815283966
Gm5766,0.006327818350873517,0.006327818350873517,0.7200602402652377
Ccdc120,0.015006936894679676,0.015006936894679676,0.395345847505065
A930015D03Rik,0.0021734645644567387,0.0021734645644567387,0.9020327684994136
Magix,0.0014261862958776744,0.0014261862958776744,0.9356234271566415
Tmem229a,0.030417595237071007,0.030417595237071007,0.08487171532426702
H2-T22,0.027996627452026655,0.027996627452026655,0.11276333343219275
Gm6034,0.01979352033707041,0.01979352033707041,0.2622402780715176
H2-Bl,0.027996627452026666,0.027996627452026666,0.11276333343219275
Lmod2,-0.024594203595811992,0.024594203595811992,0.16359003947092796
Gm6623,-0.010588816096235866,0.010588816096235866,0.5486980271566929
H2-T3,0.015006936894679657,0.015006936894679657,0.395345847505065
E130012A19Rik,-0.010379676326619347,0.010379676326619347,0.5566217837228438
Unc5b,-0.017239117916485247,0.017239117916485247,0.32886307829642386
Fhl2,-0.024594203595812006,0.024594203595812006,0.16359003947092796
2410003L11Rik,0.007873650886981881,0.007873650886981881,0.6556481593081036
Srcin1,0.015006936894679575,0.015006936894679575,0.39534584750507484
Nlrc3,0.012251148299652199,0.012251148299652199,0.4877654236286828
Zfp57,-0.016392074498537152,0.016392074498537152,0.3531875923888606
Gabbr1,-0.00580229072640728,0.00580229072640728,0.742447227800673
Ubd,0.01979352033707041,0.01979352033707041,0.2622402780715176
Nck2,-0.007078740626150938,0.007078740626150938,0.6884878238029113
Foxp3,0.0014261862958776755,0.0014261862958776755,0.9356234271566415
Cadps2,0.02398323756382601,0.02398323756382601,0.1743110643169241
4930524L23Rik,0.002017246337332568,0.002017246337332568,0.9090424314590396
Ppp1r3f,0.016450138625338513,0.016450138625338513,0.35148472545415993
2010204K13Rik,-0.029317810205719625,0.029317810205719625,0.09676062303720441
A430107O13Rik,0.018765849853172548,0.018765849853172548,0.28783018141368855
Mfsd9,-0.02768819069546002,0.02768819069546002,0.11678415217841571
Gm14379,0.002017246337332572,0.002017246337332572,0.9090424314590396
Slc9a4,-0.0020833365959223946,0.0020833365959223946,0.9060760015711047
Gata1,0.01979352033707045,0.01979352033707045,0.2622402780715176
Gpank1,0.02972771894694627,0.02972771894694627,0.09218255090058575
BC021785,-0.0025692711249679103,0.0025692711249679103,0.8843079174603079
Srpx,-0.023603227918787023,0.023603227918787023,0.18123888496021698
1700012L04Rik,0.013078688641223711,0.013078688641223711,0.458850778075912
Coro7,0.046180120326438055,0.046180120326438055,0.008875892428855453
Snora21,0.008658817235087183,0.008658817235087183,0.6238512063344577
Eif5,-0.10130280395260624,0.10130280395260624,8.81595434040562e-09
Tnf,-0.05760212761827077,0.05760212761827077,0.0010946573026387938
B630019K06Rik,0.017136650304887428,0.017136650304887428,0.33174653552627104
Slc38a5,-0.04654948245197449,0.04654948245197449,0.008345802030271278
Porcn,0.006781120098966656,0.006781120098966656,0.7009400817875965
Il18rap,-0.0007780960231636965,0.0007780960231636965,0.9648507457826221
H2-Q1,0.019793520337070398,0.019793520337070398,0.2622402780715176
1700001P01Rik,-0.012459564511806754,0.012459564511806754,0.48039196645684995
H2-Q8,0.0520739923321289,0.0520739923321289,0.0031653959524627585
G630090E17Rik,-0.007880096285828383,0.007880096285828383,0.6553844790368742
Glis2,0.0008923204006399655,0.0008923204006399655,0.9596949487880911
Fam71f2,-0.0019488741396403982,0.0019488741396403982,0.9121126192424575
Srl,0.03606802179146404,0.03606802179146404,0.04101583906925229
H1fx,0.0188869289799948,0.0188869289799948,0.2847306072021994
Prrt4,-0.013718043374798409,0.013718043374798409,0.437185240996004
Sfta2,-0.03099961618091371,0.03099961618091371,0.07907493163560397
Adcy9,0.05093625415506491,0.05093625415506491,0.003893817714731769
Gtf2h4,0.08148765437676088,0.08148765437676088,3.787303088254821e-06
4833427F10Rik,0.03606802179146404,0.03606802179146404,0.04101583906925229
2900002K06Rik,0.009100287461610191,0.009100287461610191,0.6062710250801967
Flot1,0.13566747106756974,0.13566747106756974,1.170508336054647e-14
Gm6787,0.010539198424942253,0.010539198424942253,0.5505728642671284
2810029C07Rik,-0.012556565514368003,0.012556565514368003,0.4769810332217532
Gm17455,-0.025720509471055822,0.025720509471055822,0.14513934920654856
Otc,-0.02459420359581201,0.02459420359581201,0.16359003947092796
Usp27x,-0.029298371681634128,0.029298371681634128,0.0969821574321938
Slc25a27,-0.03310806472157737,0.03310806472157737,0.060712614327354385
Fam198a,0.0014261862958776799,0.0014261862958776799,0.9356234271566415
1700048O20Rik,0.0003693696081185261,0.0003693696081185261,0.9833101322393302
Prr15l,0.013725671437022061,0.013725671437022061,0.4369303566841191
Gpr85,0.01557110499058489,0.01557110499058489,0.37782017545719376
Zfp651,0.0020172423845399197,0.0020172423845399197,0.909042608916594
Ptcra,-0.0009746110076430235,0.0009746110076430235,0.9559815922205863
Nktr,0.030138341178852487,0.030138341178852487,0.08777251443745045
Aldh1l1,0.020119969388037034,0.020119969388037034,0.25445061113256423
Gulp1,0.008552929610444841,0.008552929610444841,0.6281004027897613
Vipr1,-0.014228007985709692,0.014228007985709692,0.4203344728941258
Ulk4,-0.01187757821174218,0.01187757821174218,0.5011331163883144
Gtsf1,0.03358326332934296,0.03358326332934296,0.05710348534978065
Guca1b,-0.028650394763650527,0.028650394763650527,0.10460172343578752
Entpd3,-0.011109847854048751,0.011109847854048751,0.529202826937868
1700001C19Rik,0.0014261862958776926,0.0014261862958776926,0.9356234271566415
AI661453,0.002470997266496108,0.002470997266496108,0.8887037322612967
Col5a2,-0.059911796265656514,0.059911796265656514,0.0006834260892946552
Thsd7a,0.0014261862958776755,0.0014261862958776755,0.9356234271566415
Usp49,0.004934983280439143,0.004934983280439143,0.7798661488780576
Hoxb1,0.021229632433740063,0.021229632433740063,0.2291809419068157
Gm14872,0.008213351795687924,0.008213351795687924,0.6418101909877376
Frs3,-0.0010760197848266428,0.0010760197848266428,0.9514068515566997
Gm6578,-0.010162573810973985,0.010162573810973985,0.5649057625989785
Tube1,0.002470997266496112,0.002470997266496112,0.8887037322612967
Myrip,-0.00469900993617613,0.00469900993617613,0.7901399113842061
9830107B12Rik,-0.027729813215436855,0.027729813215436855,0.11623507679013464
Ica1,-0.02305485616271851,0.02305485616271851,0.19159315860203813
Ccr8,-0.024594203595812002,0.024594203595812002,0.16359003947092796
Hoxb3,-0.008326431953474663,0.008326431953474663,0.6372309291425083
Klf15,-0.010535022394050369,0.010535022394050369,0.5507308020792546
Podxl2,-0.024070360492812748,0.024070360492812748,0.1727509805801478
C85492,0.0014261862958776783,0.0014261862958776783,0.9356234271566415
4832428D23Rik,-0.024594203595812048,0.024594203595812048,0.16359003947092796
Tspan12,-0.030226431679491263,0.030226431679491263,0.08684895228732047
Rcan2,0.015006936894679605,0.015006936894679605,0.395345847505065
Enpp5,-0.012836561264256183,0.012836561264256183,0.4672100461701801
Clcn5,0.0342021622789531,0.0342021622789531,0.05267212638353467
Clic5,-0.05612029890143902,0.05612029890143902,0.0014683424479658518
Shroom4,-0.024594203595812075,0.024594203595812075,0.16359003947092796
Nudt10,-0.024594203595811995,0.024594203595811995,0.16359003947092796
1500015O10Rik,0.019793520337070408,0.019793520337070408,0.2622402780715176
Pcbd1,-0.003039803919705165,0.003039803919705165,0.8633124744199986
Ccr3,-0.004087888551257812,0.004087888551257812,0.8169126374291406
Xcr1,-0.0048029288423642544,0.0048029288423642544,0.7856109004832713
Fyco1,0.004314182394510408,0.004314182394510408,0.8069721734190021
Tbx21,0.012471651244846237,0.012471651244846237,0.47996622644347525
Capn11,-0.027584128295232102,0.027584128295232102,0.11816583058631161
Tmem63b,0.0345652511366243,0.0345652511366243,0.05020877435088185
Ccr9,0.0020396920697417736,0.0020396920697417736,0.9080348211447415
1700037C18Rik,0.002886353801871709,0.002886353801871709,0.870149653799765
Slc6a20b,0.005177704958258212,0.005177704958258212,0.7693385390201014
Wnt2,-0.012233565473694866,0.012233565473694866,0.48839025805269687
Zfp174,-0.006756882066180533,0.006756882066180533,0.7019577864047393
Lrrc46,-0.014381023830806142,0.014381023830806142,0.4153537291616474
Polh,0.018832381091786615,0.018832381091786615,0.2861242052859576
Fhit,-0.027149001956851188,0.027149001956851188,0.12408245464472539
Acox2,-0.016384815285575696,0.016384815285575696,0.35340085199760884
Gm88,0.017040125969920106,0.017040125969920106,0.3344776418751898
Scrn2,0.01852611894950851,0.01852611894950851,0.2940340841172226
Sp6,0.019793520337070405,0.019793520337070405,0.2622402780715176
Adamts14,-0.013990891645695213,0.013990891645695213,0.4281216124085078
Ccdc37,0.0014261862958776731,0.0014261862958776731,0.9356234271566415
Ptk7,-0.007065831266311249,0.007065831266311249,0.6890262256331504
Ttc21a,-0.013990891645695246,0.013990891645695246,0.4281216124085078
Ly6g5b,0.014670499086522352,0.014670499086522352,0.4060270591108886
Ly6g6f,0.01979352033707045,0.01979352033707045,0.2622402780715176
9030224M15Rik,-0.03132962329706725,0.03132962329706725,0.07593381592674353
Stra8,-0.035165441070442324,0.035165441070442324,0.04634871366364968
Zap70,0.02205060629973572,0.02205060629973572,0.2116711371668415
Pglyrp2,0.003700679750194842,0.003700679750194842,0.8339892792359352
Spock2,-0.008722164789000031,0.008722164789000031,0.621315068846067
Gm9705,0.048521841147491876,0.048521841147491876,0.005966002159826659
Lamp2,0.1358297538380591,0.1358297538380591,1.0879358456602913e-14
Zfp811,-0.0033951247282286716,0.0033951247282286716,0.8475207312491063
Zfp799,0.005888628569794649,0.005888628569794649,0.7387537460908185
Chst3,0.0019872231679852414,0.0019872231679852414,0.9103904285424832
AU021092,0.014572187656090693,0.014572187656090693,0.4091804707878004
Cyp4f41-ps,-0.0019488741396403982,0.0019488741396403982,0.9121126192424575
Tia1,0.037195570098590994,0.037195570098590994,0.03509221771009609
Fam70a,0.019793520337070446,0.019793520337070446,0.2622402780715176
Agbl3,0.013920432968875828,0.013920432968875828,0.4304516200858078
Ddo,0.0014261862958776781,0.0014261862958776781,0.9356234271566415
Ppl,-0.03696052678054836,0.03696052678054836,0.036262892922018786
Zfp81,0.003802356310770496,0.003802356310770496,0.8294972173944081
Zfp101,0.019949961222731093,0.019949961222731093,0.2584870037955749
Sntn,0.0020172463373325676,0.0020172463373325676,0.9090424314590396
Akr1b8,0.012329089762573518,0.012329089762573518,0.48500084590059717
Rnf113a1,0.0067452972344377825,0.0067452972344377825,0.7024443983047441
Akap14,-0.016384815285575702,0.016384815285575702,0.35340085199760884
Akr1b3,0.019793520337070408,0.019793520337070408,0.2622402780715176
2010300C02Rik,0.01979352033707041,0.01979352033707041,0.2622402780715176
Nkrf,0.024703314407521305,0.024703314407521305,0.16172883164961518
Tsga10,0.020769503312209097,0.020769503312209097,0.23943369183270433
Igfbp4,-0.00750192163902943,0.00750192163902943,0.6709272354754573
Slc16a5,0.015006936894679586,0.015006936894679586,0.395345847505065
Sh2d1a,0.01728116912341624,0.01728116912341624,0.3276844632886039
Rpf2,0.09043113230420398,0.09043113230420398,2.865784842100792e-07
Apln,-0.0133004181859465,0.0133004181859465,0.45126979165963355
Notch3,-0.023115881101029235,0.023115881101029235,0.19041983716253477
Fkbp10,-0.03402460358032929,0.03402460358032929,0.053913049586162325
Dio3os,-0.024594203595812082,0.024594203595812082,0.16359003947092796
Leprel4,0.005163871204917955,0.005163871204917955,0.7699374324178276
Hap1,0.02386853505338314,0.02386853505338314,0.17638101203897433
C430049B03Rik,-0.013212027162779305,0.013212027162779305,0.45428337860135176
Cdr2l,-0.0026339323617518102,0.0026339323617518102,0.8814175356619114
Svopl,-0.03478687690848405,0.03478687690848405,0.04875315450968041
Krt14,-0.024594203595812048,0.024594203595812048,0.16359003947092796
Ccdc160,-0.024594203595812082,0.024594203595812082,0.16359003947092796
Krt19,-0.016156992477850823,0.016156992477850823,0.3601350984993888
Krt15,-0.027584128295232123,0.027584128295232123,0.11816583058631161
Gpc4,0.001426186295877683,0.001426186295877683,0.9356234271566415
Cml3,-0.0215329812556132,0.0215329812556132,0.22259478160680912
B930059L03Rik,0.02600899731090167,0.02600899731090167,0.14068001254370013
6720401G13Rik,-0.004651223071006974,0.004651223071006974,0.7922249570509546
Glp1r,0.021727672302484007,0.021727672302484007,0.21843974763636578
Krtap17-1,-0.024594203595811995,0.024594203595811995,0.16359003947092796
1700019G17Rik,0.0014261862958776835,0.0014261862958776835,0.9356234271566415
Fam180a,0.0014261862958776757,0.0014261862958776757,0.9356234271566415
Tmem186,0.00045332542738773786,0.00045332542738773786,0.9795173667159959
Pde9a,-0.0058753124729576025,0.0058753124729576025,0.7393230104314881
Abat,-0.004124036514629216,0.004124036514629216,0.8153227355924427
Fam178b,-0.024594203595812072,0.024594203595812072,0.16359003947092796
Slc13a4,0.019793520337070446,0.019793520337070446,0.2622402780715176
Cbs,0.0014261862958776753,0.0014261862958776753,0.9356234271566415
Krt10,0.00862033508926733,0.00862033508926733,0.6253940312956411
Rab33a,-0.024019544548187464,0.024019544548187464,0.1736596529377704
Hsf2bp,0.01500693689467958,0.01500693689467958,0.395345847505065
Pdxk-ps,0.015006936894679647,0.015006936894679647,0.395345847505065
Ephx3,-0.024594203595812002,0.024594203595812002,0.16359003947092796
Vasn,-0.017041796537987243,0.017041796537987243,0.33443025116756847
Rpl10l,0.008213351795687912,0.008213351795687912,0.6418101909877376
Akap17b,-0.0260636406637125,0.0260636406637125,0.13984734517789096
Agpat1,0.008948674260562327,0.008948674260562327,0.6122835907219587
1700023L04Rik,-0.04107570625044706,0.04107570625044706,0.019949495997594744
Ppp1r1b,-0.024594203595812082,0.024594203595812082,0.16359003947092796
Maoa,-0.025020113473756433,0.025020113473756433,0.15641544491761022
Gpr82,0.012041669630409105,0.012041669630409105,0.4952375476118133
Fam40b,0.0003693696081185361,0.0003693696081185361,0.9833101322393302
Traf3,-0.041678856466603076,0.041678856466603076,0.018201191190232877
C4a,0.012041669630409115,0.012041669630409115,0.4952375476118133
Nyx,0.013078688641223695,0.013078688641223695,0.458850778075912
Gp9,0.04517085752794906,0.04517085752794906,0.010480816647480457
5730405O15Rik,0.003062229007071598,0.003062229007071598,0.8623141377915574
Gm14634,-0.02700717228374746,0.02700717228374746,0.12606012615259082
Amn,-0.0019488741396404016,0.0019488741396404016,0.9121126192424485
C2,0.0016310988362403878,0.0016310988362403878,0.9263985045553066
Stac2,0.03606802179146404,0.03606802179146404,0.04101583906925229
Gm4984,-0.013990891645695242,0.013990891645695242,0.4281216124085078
Rab43,0.019106376238865283,0.019106376238865283,0.27917056144966335
4931406H21Rik,-0.011427575887626863,0.011427575887626863,0.5174898585666052
Il1r1,0.018636255496810597,0.018636255496810597,0.29117285911798335
Hspa1l,-0.0019488741396403982,0.0019488741396403982,0.9121126192424575
Il1rl2,0.0014261862958776911,0.0014261862958776911,0.9356234271566415
D17H6S56E-3,0.002470997266496108,0.002470997266496108,0.8887037322612967
Ng23,-0.002532658525755381,0.002532658525755381,0.885945199769332
Msh5,-0.0071384601869900295,0.0071384601869900295,0.6859991972341619
Il1rl1,-0.0502663563903645,0.0502663563903645,0.004390851955517646
Kcp,0.0014261862958776731,0.0014261862958776731,0.9356234271566415
AU023871,-0.0009746110076430189,0.0009746110076430189,0.9559815922205863
Ly6g6c,0.01979352033707041,0.01979352033707041,0.2622402780715176
Ly6g6d,0.02816900997176678,0.02816900997176678,0.11056411348729048
Ccdc48,-0.007086096528666054,0.007086096528666054,0.6881811067390615
Plxna4,0.01992803792027638,0.01992803792027638,0.25901072578861667
Aplf,-0.0016175812782914698,0.0016175812782914698,0.9270067582869402
Prokr1,0.017118584937460803,0.017118584937460803,0.33225658686851245
Rapgefl1,0.009744678929576424,0.009744678929576424,0.5810161838155856
Lonrf3,0.0012770103139738676,0.0012770103139738676,0.9423446645339891
Klhl13,-0.028371446933521612,0.028371446933521612,0.10802484794387979
Slc6a14,-0.0163848152855757,0.0163848152855757,0.35340085199760884
Casc3,-0.028595590469729548,0.028595590469729548,0.10526737354697394
Antxr1,-0.027686824143191634,0.027686824143191634,0.11680221390625417
Gm13845,0.015690432055339303,0.015690432055339303,0.37417556174453004
Gm12359,-0.0409520162645884,0.0409520162645884,0.02032560678761676
Gm16381,-0.019077271263683145,0.019077271263683145,0.27990370752690574
Dlg5,0.008959694194713185,0.008959694194713185,0.6118456828857041
Gm5480,-0.00614710763697651,0.00614710763697651,0.7277324382890926
Syn1,-0.04583675190269967,0.04583675190269967,0.009395429958190116
Usp11,-0.009257573925003976,0.009257573925003976,0.6000615250495256
Chst10,0.03602808087767366,0.03602808087767366,0.04124033148031529
Col11a2,0.014331406159512717,0.014331406159512717,0.4169649787983575
Gsdma,0.022882213444708616,0.022882213444708616,0.19494132338124948
Zpbp2,0.002367148192678409,0.002367148192678409,0.8933526455786244
Npas2,0.0014261862958776731,0.0014261862958776731,0.9356234271566415
H2-DMb2,0.0017493404302170784,0.0017493404302170784,0.9210798227845866
Gkn3,-0.03478687690848402,0.03478687690848402,0.04875315450968041
Ikzf3,0.062513981158583,0.062513981158583,0.0003942054212715617
Phf16,0.04546906023020257,0.04546906023020257,0.009981676497965842
Grb7,-0.013990891645695242,0.013990891645695242,0.4281216124085078
Tsga14,-0.0015055341726166304,0.0015055341726166304,0.9320501850672281
Chst7,0.029854239279313265,0.029854239279313265,0.0908051672288271
Erbb2,-0.010618679106087667,0.010618679106087667,0.5475711538199687
Cpa1,0.02799662745202667,0.02799662745202667,0.11276333343219275
4930578C19Rik,0.01979352033707041,0.01979352033707041,0.2622402780715176
Cpa2,0.01979352033707041,0.01979352033707041,0.2622402780715176
Tcap,0.018832381091786615,0.018832381091786615,0.2861242052859576
Treml2,0.02144407783235669,0.02144407783235669,0.2245108221058821
Gorasp1,0.015051655260576826,0.015051655260576826,0.3939390230398468
1700025K23Rik,-0.009993867232242612,0.009993867232242612,0.5713837476698552
Zmynd10,0.0017296976744146794,0.0017296976744146794,0.9219631451307649
A830082N09Rik,0.022882213444708616,0.022882213444708616,0.19494132338124948
1700001J03Rik,-0.023178854449026183,0.023178854449026183,0.1892146073123413
Cacna2d2,0.01979352033707041,0.01979352033707041,0.2622402780715176
Akr1c18,0.027848776076628685,0.027848776076628685,0.11467691892339088
Calm2,-0.011944850171164248,0.011944850171164248,0.4987116456743652
Epcam,0.02368656027749226,0.02368656027749226,0.17970246178418645
Zfp498,0.030417595237071018,0.030417595237071018,0.08487171532426702
Ddx50,-0.008018919402172532,0.008018919402172532,0.6497157145923144
Akr1c19,0.01979352033707041,0.01979352033707041,0.2622402780715176
Stox1,0.008658817235087187,0.008658817235087187,0.6238512063344577
Rsph4a,-0.0019488741396403925,0.0019488741396403925,0.9121126192424575
Lmcd1,0.005550353644074576,0.005550353644074576,0.7532585960298467
Ston1,0.027848776076628588,0.027848776076628588,0.11467691892339088
Mettl4,0.021529977116653096,0.021529977116653096,0.22265933500157273
2700099C18Rik,0.024895638469967552,0.024895638469967552,0.15848714837803632
Gm1976,0.04087796391364601,0.04087796391364601,0.020553728359064105
Acvr1b,0.016204844647278532,0.016204844647278532,0.35871398956276174
Rad54l2,0.011626186308490377,0.011626186308490377,0.5102368527398854
Gm6225,-0.013990891645695253,0.013990891645695253,0.4281216124085078
Nog,-0.01638481528557566,0.01638481528557566,0.35340085199760884
Fignl2,-0.02312846056873848,0.02312846056873848,0.19017863162620938
Akr1c12,0.021229632433740053,0.021229632433740053,0.2291809419068157
4833419F23Rik,0.01914024140468048,0.01914024140468048,0.27831915184590317
Tet1,0.014742436684612977,0.014742436684612977,0.40372882487077616
Gm525,0.001426186295877676,0.001426186295877676,0.9356234271566415
Zfp438,0.013743657998314594,0.013743657998314594,0.43632969191130544
Cav3,-0.03477755977443937,0.03477755977443937,0.04881362766310699
Parp3,0.0002784434656952916,0.0002784434656952916,0.9874182098910196
Akr1c14,-0.03516544107044228,0.03516544107044228,0.04634871366364968
Pcbp4,-0.0037871395922810473,0.0037871395922810473,0.8301691401255128
Fam26e,0.0014261862958776755,0.0014261862958776755,0.9356234271566415
Hyal3,-0.01058881609623584,0.01058881609623584,0.5486980271567028
Rapgef5,0.0017243669960515455,0.0017243669960515455,0.9222028790217156
Pdzrn3,-0.025906054985330662,0.025906054985330662,0.14225901449020048
Tom1l1,-0.00011564810782068152,0.00011564810782068152,0.9947741273222657
Dnahc11,-0.0019488741396403964,0.0019488741396403964,0.9121126192424575
Krt8,0.010653339006728484,0.010653339006728484,0.5462647069955568
Arhgef33,0.013078688641223716,0.013078688641223716,0.458850778075912
Gm10190,0.0020172463373325632,0.0020172463373325632,0.9090424314590396
Krt4,-0.027584128295232123,0.027584128295232123,0.11816583058631161
Cdkl4,0.01620484464727851,0.01620484464727851,0.35871398956276174
Krt86,-0.026949178624659825,0.026949178624659825,0.1268758232745915
Tmem178,-0.02550322625163874,0.02550322625163874,0.14856888244593366
Thumpd2,0.04194172367813205,0.04194172367813205,0.017482187245761276
Bsn,0.024622963513181398,0.024622963513181398,0.1630978949819216
Pkdcc,-0.00650005828401694,0.00650005828401694,0.7127737979304495
Amigo3,-0.013996516386975605,0.013996516386975605,0.42793592383419804
Hlf,0.001426186295877693,0.001426186295877693,0.9356234271566415
Rnf123,0.013775470769610356,0.013775470769610356,0.43526846361972954
Rasl11a,0.012531212290892144,0.012531212290892144,0.47787127003364566
4933433H22Rik,0.011622686349105226,0.011622686349105226,0.5103642053267384
Calml3,-0.012556565514368,0.012556565514368,0.4769810332217532
Krt7,-0.05906719947344244,0.05906719947344244,0.000813435139205829
Plekhh2,-0.026183420922512603,0.026183420922512603,0.13803537427850007
Mst1r,-0.020598257369837666,0.020598257369837666,0.24333079032535967
4930507D05Rik,-0.013990891645695242,0.013990891645695242,0.4281216124085078
1110020A21Rik,-0.0024333544354267255,0.0024333544354267255,0.8903884198319402
Sema3f,0.03672184524862457,0.03672184524862457,0.037485574175663394
Sema3b,-0.03763327042976804,0.03763327042976804,0.03299798511440058
Krt80,0.0828082841695741,0.0828082841695741,2.62849773310491e-06
Wasf3,-0.03262192848225948,0.03262192848225948,0.0645982821145043
Calm4,-0.02459420359581205,0.02459420359581205,0.16359003947092796
1700102P08Rik,-0.007880096285828314,0.007880096285828314,0.6553844790368742
Cacna1d,0.010170754331883292,0.010170754331883292,0.5645925470259618
C030037D09Rik,0.019793520337070408,0.019793520337070408,0.2622402780715176
Il17re,-0.028367918371978603,0.028367918371978603,0.10806870985379062
Pbld1,0.0260089973109017,0.0260089973109017,0.14068001254370013
Il17rc,-0.018656540318198918,0.018656540318198918,0.2906479295624379
Tmem108,0.002469443133624716,0.002469443133624716,0.888773276872608
Fancd2,0.02122963243374006,0.02122963243374006,0.2291809419068157
Mettl7a2,0.04486223725022966,0.04486223725022966,0.011020647239342216
Hey2,-0.0163848152855757,0.0163848152855757,0.35340085199760884
1110028F11Rik,0.0014261862958776744,0.0014261862958776744,0.9356234271566415
Rnf43,0.019793520337070446,0.019793520337070446,0.2622402780715176
Hsf5,-0.01638481528557574,0.01638481528557574,0.35340085199760884
Bfsp2,0.027996627452026798,0.027996627452026798,0.11276333343219275
Spats2l,0.023348904831089787,0.023348904831089787,0.18598815526967527
Pik3c3,0.03457676896311759,0.03457676896311759,0.05013223925510999
Zfp12,0.0122804346227196,0.0122804346227196,0.48672564424055803
Ttll5,0.032818134934693904,0.032818134934693904,0.06300600522042904
Dip2b,-0.02144777610496052,0.02144777610496052,0.22443088307611717
Ryk,0.011427676375784915,0.011427676375784915,0.5174861754240245
Lims2,-0.00896955112624544,0.00896955112624544,0.611454107636884
Gm3925,0.00790924829341271,0.00790924829341271,0.6541924115768023
Mustn1,-0.02718880252565895,0.02718880252565895,0.12353184642292235
A830052D11Rik,0.015006936894679678,0.015006936894679678,0.395345847505065
Aox1,-0.018567391585791484,0.018567391585791484,0.2929596668339486
Fscn1,0.02084507690421072,0.02084507690421072,0.2377279063341722
Fbxl18,0.010623603548172218,0.010623603548172218,0.5473854411433249
Tmem22,-0.0005360160656570044,0.0005360160656570044,0.975782208598301
Camk4,-0.023478311186674632,0.023478311186674632,0.1835602343449612
Larp4,0.03657521358365151,0.03657521358365151,0.03825397033720043
D0H4S114,-0.07049840411528935,0.07049840411528935,6.397792975957388e-05
Aox3,0.020244822046002614,0.020244822046002614,0.25151436980263486
Tgfb3,-0.05426770921595416,0.05426770921595416,0.002100040388212767
Rufy2,0.01933362283752148,0.01933362283752148,0.27349117663444167
Ccrl1,-0.024594203595812006,0.024594203595812006,0.16359003947092796
Fam59a,0.013078688641223713,0.013078688641223713,0.458850778075912
Fzd8,0.0014261862958776727,0.0014261862958776727,0.9356234271566415
Smurf1,-0.008657906622740057,0.008657906622740057,0.6238876955673659
Acy1,0.027516530922906055,0.027516530922906055,0.1190701929099083
Baiap2l1,-0.004802928842364258,0.004802928842364258,0.7856109004832713
Cuedc1,-0.0049506705376847196,0.0049506705376847196,0.7791844986391206
Srgap3,0.00534708723151288,0.00534708723151288,0.7620168622464488
2210416O15Rik,0.019793520337070394,0.019793520337070394,0.2622402780715176
Abhd3,0.0030244407664397725,0.0030244407664397725,0.8639965486902452
Mib1,-0.01718597080076502,0.01718597080076502,0.33035661489670143
Gata6,0.027967284753331243,0.027967284753331243,0.11314109065894798
Tlr9,-0.019798463451621163,0.019798463451621163,0.262121111893182
Bhlha15,0.019793520337070398,0.019793520337070398,0.2622402780715176
Satb2,0.03827842095022461,0.03827842095022461,0.030106583769865525
Lmtk2,-0.042904299180883336,0.042904299180883336,0.015057398938116444
Lhfpl4,0.001426186295877693,0.001426186295877693,0.9356234271566415
Ankrd29,-0.03478388361984669,0.03478388361984669,0.048772575686181686
Lama3,-0.04261169107609625,0.04261169107609625,0.015761105410475543
Cpne9,-0.024594203595812082,0.024594203595812082,0.16359003947092796
Foxf1a,0.06502864753404454,0.06502864753404454,0.0002271035891298219
Rpusd3,0.014476552952995773,0.014476552952995773,0.4122619569645897
9130024F11Rik,0.03038649472357201,0.03038649472357201,0.08519089169799063
Zfp521,-0.011106165018791905,0.011106165018791905,0.5293393798601168
Psma8,0.05618954794860656,0.05618954794860656,0.0014485420919063535
D130017N08Rik,-0.011877578211742169,0.011877578211742169,0.5011331163883144
Kctd1,0.026426391395122997,0.026426391395122997,0.13441546216114209
Ttr,-0.053928333062754914,0.053928333062754914,0.0022397910035110674
Nek11,0.01500693689467961,0.01500693689467961,0.395345847505065
4930558J18Rik,0.019793520337070408,0.019793520337070408,0.2622402780715176
Pbld2,0.0014261862958776833,0.0014261862958776833,0.9356234271566415
Dtna,-0.010429059144353613,0.010429059144353613,0.5547457802153833
Cyp1b1,0.0014261862958776747,0.0014261862958776747,0.9356234271566415
Fam82a1,-0.006506915783058061,0.006506915783058061,0.71248423457119
Gm3500,-0.024594203595812006,0.024594203595812006,0.16359003947092796
Stmn1-rs1,0.015006936894679657,0.015006936894679657,0.395345847505065
Fgd5,-0.00902870109495121,0.00902870109495121,0.6091066577251277
Pon3,0.028369642282560587,0.028369642282560587,0.10804727896181932
Uhrf1,0.048414015182096266,0.048414015182096266,0.006078311764421005
Pon1,0.0024709972664961103,0.0024709972664961103,0.8887037322612967
BC022687,0.003074107359275665,0.003074107359275665,0.8617854174576228
Ccr4,0.019793520337070408,0.019793520337070408,0.2622402780715176
Hoxc6,0.015006936894679586,0.015006936894679586,0.395345847505065
Ngb,-0.0019797734460208034,0.0019797734460208034,0.9107249504148847
Crtap,-0.007683799248667538,0.007683799248667538,0.6634340856987557
4930525D18Rik,-0.02459420359581201,0.02459420359581201,0.16359003947092796
Peg10,0.01979352033707042,0.01979352033707042,0.2622402780715176
Sgce,-0.022923123446744423,0.022923123446744423,0.19414407905678815
Nrtn,0.014657061843704813,0.014657061843704813,0.40645721078867914
Hesx1,-0.016384815285575716,0.016384815285575716,0.35340085199760884
Prr22,-0.027584128295232123,0.027584128295232123,0.11816583058631161
Il17rd,0.021362606021534766,0.021362606021534766,0.22627701616802556
Mllt1,0.031819389171015316,0.031819389171015316,0.07146033085703048
Mdga2,-0.021532981255613204,0.021532981255613204,0.22259478160680746
Tfpi2,-0.012994039998304776,0.012994039998304776,0.4617636447281696
Jag2,0.012666314752156719,0.012666314752156719,0.4731378563207656
Prickle2,-0.026358331765010252,0.026358331765010252,0.13542197567169798
Hepacam2,0.011883682186112885,0.011883682186112885,0.5009131457934233
Crb3,0.015006936894679567,0.015006936894679567,0.39534584750507484
AU023762,0.0014261862958776677,0.0014261862958776677,0.9356234271566415
Tubb4a,-0.013425886782743954,0.013425886782743954,0.44701156800287467
Adamts9,0.0014261862958776783,0.0014261862958776783,0.9356234271566415
9530026P05Rik,0.019793520337070415,0.019793520337070415,0.2622402780715176
Stac,0.03460372233778103,0.03460372233778103,0.0499535180540311
Hnrnpa1,0.005485738650242163,0.005485738650242163,0.7560393238049032
1700028E10Rik,-0.0038706315757460075,0.0038706315757460075,0.8264839359953357
Asb4,0.00142618629587768,0.00142618629587768,0.9356234271566415
Grip2,0.00201724633733257,0.00201724633733257,0.9090424314590396
Treml1,0.019542094580631324,0.019542094580631324,0.268350908958646
Hoxb5,0.005008027265812825,0.005008027265812825,0.7766936548292098
Hoxb6,0.013959729156755207,0.013959729156755207,0.42915122291440955
Apobec2,0.027996627452026687,0.027996627452026687,0.11276333343219275
Unc5cl,0.016734299619806475,0.016734299619806475,0.34322619077022976
A430035B10Rik,-0.010388459726616502,0.010388459726616502,0.5562878853163293
Daam2,-0.03478687690848403,0.03478687690848403,0.04875315450968041
Lama4,-0.04189891742349335,0.04189891742349335,0.017597548244620908
Hoxb7,0.013534965819430297,0.013534965819430297,0.4433282192723736
Hdac11,0.0014261862958776749,0.0014261862958776749,0.9356234271566415
Fbln2,-0.043668110377114024,0.043668110377114024,0.013349203141036336
Efhb,0.012041669630409106,0.012041669630409106,0.4952375476118133
Xylb,0.021313652171931603,0.021313652171931603,0.2273430208473331
C1galt1,0.02775045937711928,0.02775045937711928,0.11596347036459785
Slc22a13b,0.007830478614534833,0.007830478614534833,0.6574154351445753
Hoxb8,-0.02459420359581199,0.02459420359581199,0.16359003947092796
Acaa1b,0.021944914769371,0.021944914769371,0.21386951713686705
Dlec1,0.0014261862958776749,0.0014261862958776749,0.9356234271566415
Zfp119b,-0.016359211641627135,0.016359211641627135,0.3541536798820555
AW555464,0.009603866556158873,0.009603866556158873,0.5864926996750708
Shd,-0.001948874139640386,0.001948874139640386,0.9121126192424575
Stap2,0.007228797228274418,0.007228797228274418,0.6822411502278338
Tmeff2,-0.01770804164680243,0.01770804164680243,0.315875360463068
Eomes,0.02427811698374342,0.02427811698374342,0.1690728982289842
Chaf1a,0.04271466450435013,0.04271466450435013,0.015510230039972168
Asb14,-0.024594203595812002,0.024594203595812002,0.16359003947092796
B4galnt2,0.05104771994184835,0.05104771994184835,0.003816258563651103
Plin5,0.001329551069557006,0.001329551069557006,0.9399769078539931
Rbms3,-0.02213052382309632,0.02213052382309632,0.21001972837415708
Tnfaip8l1,0.05320476831374937,0.05320476831374937,0.0025666007899861117
Stard13,-0.033454913802521545,0.033454913802521545,0.05806025741547346
Trip10,0.036038453853884614,0.036038453853884614,0.041181929225203466
Ltf,0.04111196615099542,0.04111196615099542,0.01984039590904282
Fam179a,0.0014261862958776742,0.0014261862958776742,0.9356234271566415
Clip4,0.0020172463373325723,0.0020172463373325723,0.9090424314590396
Ucn2,0.0014261862958776755,0.0014261862958776755,0.9356234271566415
Rsad1,-0.016057097803052454,0.016057097803052454,0.36311312777489757
Lclat1,0.00620577338253196,0.00620577338253196,0.7252387086293945
2010107G23Rik,0.012027754689971552,0.012027754689971552,0.49573605036379487
Col7a1,0.031505461880301656,0.031505461880301656,0.07430213529934405
Slc26a6,-0.0152084883580499,0.0152084883580499,0.3890290967393697
Mycbpap,0.0020172463373325697,0.0020172463373325697,0.9090424314590396
8430423G03Rik,0.015006936894679579,0.015006936894679579,0.395345847505065
Vipr2,-0.014082163752634852,0.014082163752634852,0.4251142573385687
Wdr60,0.03012936148719664,0.03012936148719664,0.08786710275230722
Epn3,-0.003395124728228697,0.003395124728228697,0.8475207312491063
Esyt2,0.013893441204524645,0.013893441204524645,0.43134615964695683
Katnal1,0.022465819332129492,0.022465819332129492,0.20319280072501078
Igfbp6,0.1156192391095891,0.1156192391095891,5.027616298582242e-11
Tspan15,0.009975276919041657,0.009975276919041657,0.572099732579755
D430020J02Rik,0.026008997310901675,0.026008997310901675,0.14068001254370013
Crim1,-0.02964223011875918,0.02964223011875918,0.09312269862502447
Wnt5a,-0.015312693841680013,0.015312693841680013,0.3857874477429269
Dnase1l3,0.03568005079460733,0.03568005079460733,0.043240860795123244
Il17rb,0.015006936894679565,0.015006936894679565,0.39534584750507484
A130022J15Rik,0.02480096417709799,0.02480096417709799,0.16007671542131272
P4htm,-0.01533474714213136,0.01533474714213136,0.3851035287007535
Chdh,0.019793520337070405,0.019793520337070405,0.2622402780715176
Hecw2,-0.029820647605466793,0.029820647605466793,0.09116924496713288
Wfikkn2,-0.010261695536937955,0.010261695536937955,0.5611162295453292
Ptprn2,-0.016976436920504538,0.016976436920504538,0.3362876004740701
Frk,-0.032272971721945806,0.032272971721945806,0.06751213681629312
5730422E09Rik,0.005121758804127404,0.005121758804127404,0.7717614132420789
1110017F19Rik,-0.03646308268088553,0.03646308268088553,0.03885056612740242
Gm8615,-0.0009746110076430495,0.0009746110076430495,0.9559815922205863
Pms1,-0.010789673731439114,0.010789673731439114,0.5411408275036139
Map3k12,0.004599947172992896,0.004599947172992896,0.7944638895685644
Nudt12,0.013078688641223697,0.013078688641223697,0.458850778075912
Efna5,-0.031510151875819695,0.031510151875819695,0.07425901007197078
Rtp3,-0.018893646638986752,0.018893646638986752,0.28455930135128304
Fert2,0.02151505251151902,0.02151505251151902,0.2229802357562774
Magi1,-0.017269746674167297,0.017269746674167297,0.32800434133345274
Pth1r,-0.018276247206191434,0.018276247206191434,0.3005951430087784
H2afy2,-0.011149250830442796,0.011149250830442796,0.5277429571208687
Txndc2,-0.01697643692050453,0.01697643692050453,0.3362876004740701
Brca2,0.009040041261679255,0.009040041261679255,0.6086570654079138
Samd14,0.0029197589605335673,0.0029197589605335673,0.8686603967096777
Col13a1,-0.038427704417275485,0.038427704417275485,0.02946943091109833
Amhr2,-0.010162573810974011,0.010162573810974011,0.5649057625989785
Angel1,-0.0020786098611325562,0.0020786098611325562,0.9062881158366475
Cxx1c,0.005694320988100547,0.005694320988100547,0.7470744543940706
Lrig1,-0.02459420359581205,0.02459420359581205,0.16359003947092796
Ddx11,-0.007327532731138783,0.007327532731138783,0.6781427177952994
1110012J17Rik,0.006376998676454792,0.006376998676454792,0.7179770864897794
Wdr95,-0.011253808005654634,0.011253808005654634,0.5238791142840747
Vash1,-0.009588598626212821,0.009588598626212821,0.5870879388968239
Lama1,0.015006936894679633,0.015006936894679633,0.395345847505065
Arhgap28,-0.0005197223653147537,0.0005197223653147537,0.976518159971718
6330406I15Rik,-0.024594203595812002,0.024594203595812002,0.16359003947092796
Abhd6,0.013754037898826942,0.013754037898826942,0.4359832696492607
Plxnb1,0.0024709972664961038,0.0024709972664961038,0.8887037322612967
Eme1,0.0421280691630881,0.0421280691630881,0.016987681779564803
1700019D03Rik,0.0020172463373325676,0.0020172463373325676,0.9090424314590396
Myom1,-0.0003306844933671498,0.0003306844933671498,0.9850578926784733
Uspl1,-0.011176776858566818,0.011176776858566818,0.5267243440112951
Atrip,0.05636104937751162,0.05636104937751162,0.0014005589873394475
Erc2,0.0014261862958776907,0.0014261862958776907,0.9356234271566415
Cpne5,-0.016476845336492928,0.016476845336492928,0.35070323687605254
D630045J12Rik,0.01504571276629271,0.01504571276629271,0.39412579717132795
Zc3hav1l,-0.009441074841131956,0.009441074841131956,0.5928536859029552
Pln,-0.024594203595812002,0.024594203595812002,0.16359003947092796
Fam149b,0.04621144254031104,0.04621144254031104,0.008829801200883653
Col8a1,-0.03619513508707844,0.03619513508707844,0.04030826050308454
Dcbld2,-0.030963570689924863,0.030963570689924863,0.07942433297645501
Mira,-0.013490144818056653,0.013490144818056653,0.4448396194450221
Cpox,0.03694011775121285,0.03694011775121285,0.03636609575183231
Gpr15,-0.016976436920504507,0.016976436920504507,0.3362876004740701
Zcchc18,0.04085519103018111,0.04085519103018111,0.020624328442786916
Hoxa4,-0.01352247464280622,0.01352247464280622,0.44374913673053085
Mcart6,0.007873650886981892,0.007873650886981892,0.6556481593081036
Arl6,0.012748381945898845,0.012748381945898845,0.47027520914828946
Nsun3,0.015377932165845272,0.015377932165845272,0.38376641795548255
Asb2,-0.0035050304124492455,0.0035050304124492455,0.8426481819342804
Tmsb15l,0.01735836016677379,0.01735836016677379,0.32552808635458275
Epha3,0.019793520337070398,0.019793520337070398,0.2622402780715176
Rprml,0.011169307733920417,0.011169307733920417,0.5270006431199403
Plp1,0.011410284646957973,0.011410284646957973,0.5181238277066333
Otub2,0.008792682488001548,0.008792682488001548,0.6184971534011248
Tceal1,-0.004674490056697933,0.004674490056697933,0.7912095809239381
Vgll3,-0.015539979263318437,0.015539979263318437,0.37877443358224455
Tceal3,-0.024594203595812075,0.024594203595812075,0.16359003947092796
Robo1,-0.024594203595812006,0.024594203595812006,0.16359003947092796
Hoxa3,-0.034777626159111334,0.034777626159111334,0.04881319656875813
Tceal5,-0.02459420359581199,0.02459420359581199,0.16359003947092796
Bex4,-0.01776597681580127,0.01776597681580127,0.31429442617684306
Bex2,0.017212568080100656,0.017212568080100656,0.32960863227775716
Arxes2,0.008658817235087194,0.008658817235087194,0.6238512063344577
E330011O21Rik,-0.010162573810974027,0.010162573810974027,0.5649057625989785
Cxadr,-0.011110280732779866,0.011110280732779866,0.5291867777477905
Arvcf,0.005531230625645971,0.005531230625645971,0.7540812300895418
Btg3,0.027333261249468346,0.027333261249468346,0.1215493833455398
Trap1a,-0.0019488741396404116,0.0019488741396404116,0.9121126192424485
Tmem45a,-0.01829600726461279,0.01829600726461279,0.30007276569447905
Fkbp14,0.011557702443397993,0.011557702443397993,0.5127317812248237
Scrn1,-0.028231470976814402,0.028231470976814402,0.10977565730680257
Cd96,0.012829924654533299,0.012829924654533299,0.4674403524858424
Pvrl3,-0.014497428673169343,0.014497428673169343,0.411588140759789
Retnlb,-0.004205015317261239,0.004205015317261239,0.811763798227835
Wipf3,0.027996627452026693,0.027996627452026693,0.11276333343219275
Amot,0.01273174686812404,0.01273174686812404,0.4708546959794602
Prr15,0.023686380015951296,0.023686380015951296,0.17970577484341788
C330027C09Rik,0.054400856988300134,0.054400856988300134,0.002047430027172505
Tlk2,0.05309457536729762,0.05309457536729762,0.0026200309480650303
Alg13,0.023601565188340678,0.023601565188340678,0.18126964007336183
Gm4827,0.008658817235087208,0.008658817235087208,0.6238512063344577
Chrdl1,-0.0026358893263397974,0.0026358893263397974,0.8813300830105836
Mipol1,-0.012556565514367997,0.012556565514367997,0.4769810332217532
Tril,-0.028278395365962914,0.028278395365962914,0.10918624962869498
Rarb,-0.0009746110076430415,0.0009746110076430415,0.9559815922205863
1700052K11Rik,0.025968886830705567,0.025968886830705567,0.14129364604374697
Itgb3,-0.006594132694760876,0.006594132694760876,0.7088050574915404
Gnb1l,-0.010225314145740412,0.010225314145740412,0.562505701211566
Cep97,0.028679944820258332,0.028679944820258332,0.1042441987575038
9430076C15Rik,-0.016384815285575702,0.016384815285575702,0.35340085199760884
Col4a5,-0.02459420359581199,0.02459420359581199,0.16359003947092796
Mid2,0.012104557412511804,0.012104557412511804,0.49298793479486336
Jazf1,-0.004474626084415126,0.004474626084415126,0.79994305536786
Rbm41,0.04341704927482123,0.04341704927482123,0.013890771236731422
Kcnj2,-0.014729101682950612,0.014729101682950612,0.40415425750819167
Impg2,-0.01638481528557565,0.01638481528557565,0.35340085199760884
9030612E09Rik,-0.024594203595811995,0.024594203595811995,0.16359003947092796
Morc4,-0.01638481528557571,0.01638481528557571,0.35340085199760884
Unc79,0.0014261862958776742,0.0014261862958776742,0.9356234271566415
Abhd10,0.004811274143325328,0.004811274143325328,0.7852475063898939
Hoxa1,-0.0009746110076430432,0.0009746110076430432,0.9559815922205863
Jam2,0.028424613445029376,0.028424613445029376,0.10736566332900735
Gm10785,0.007985598932443208,0.007985598932443208,0.6510745057929191
Klhl4,0.015006936894679584,0.015006936894679584,0.395345847505065
Itsn1,-0.022577288855038485,0.022577288855038485,0.20095934820013725
Dach2,-0.024594203595812002,0.024594203595812002,0.16359003947092796
4921507P07Rik,0.0024709972664961103,0.0024709972664961103,0.8887037322612967
Slc7a4,-0.024594203595812006,0.024594203595812006,0.16359003947092796
Gm15401,-0.001948874139640383,0.001948874139640383,0.9121126192424575
Pof1b,-0.0033951247282287024,0.0033951247282287024,0.8475207312491063
Clic6,0.007985598932443176,0.007985598932443176,0.6510745057929191
P2rx6,-0.024594203595812006,0.024594203595812006,0.16359003947092796
4930451C15Rik,-0.016384815285575706,0.016384815285575706,0.35340085199760884
Apool,0.06381218049708849,0.06381218049708849,0.0002972589822002895
Hdx,0.001426186295877676,0.001426186295877676,0.9356234271566415
Crispld1,-0.016384815285575706,0.016384815285575706,0.35340085199760884
Dfna5,-0.01740043570918763,0.01740043570918763,0.324356574937955
2810403D21Rik,0.0196892559186173,0.0196892559186173,0.2647625515288247
Dnahc6,0.019629530361793282,0.019629530361793282,0.2662148842546536
Ripply3,0.02104393110479623,0.02104393110479623,0.23328057119929752
Serpina1a,-0.03907579395118703,0.03907579395118703,0.026835995949541815
Reg3g,0.0228822134447086,0.0228822134447086,0.19494132338124948
Adam11,0.01979352033707042,0.01979352033707042,0.2622402780715176
Kcnj15,0.0020172463373325667,0.0020172463373325667,0.9090424314590396
Erg,-0.049196232929813136,0.049196232929813136,0.005304982142244886
Gpr174,0.0442430815498277,0.0442430815498277,0.0121786413514454
1600002D24Rik,0.0024709972664961146,0.0024709972664961146,0.8887037322612967
Serpina1c,-0.04261169107609624,0.04261169107609624,0.015761105410475543
P2ry10,0.003496464710724124,0.003496464710724124,0.8430277192764773
Wrb,-0.017428989123171083,0.017428989123171083,0.32356312565341433
Lca5l,-0.03478687690848401,0.03478687690848401,0.04875315450968041
Ccdc74a,0.0024709972664961138,0.0024709972664961138,0.8887037322612967
Sobp,-0.024594203595812016,0.024594203595812016,0.16359003947092796
Kif18b,-0.0009746110076430345,0.0009746110076430345,0.9559815922205863
Dnajc28,-0.02687739165788666,0.02687739165788666,0.1278912076365213
Ptpn21,0.012297597480552215,0.012297597480552215,0.4861168522832874
Nxf2,0.0014261862958776829,0.0014261862958776829,0.9356234271566415
Ifi27l2b,-0.010261695536937954,0.010261695536937954,0.5611162295453292
Cyyr1,0.04385466713289009,0.04385466713289009,0.012958944905873484
Stau2,0.01339446813413802,0.01339446813413802,0.44807572240040283
Adamts5,0.012017943507296902,0.012017943507296902,0.4960876968545328
Armcx6,0.0011876651824975848,0.0011876651824975848,0.9463721740768554
Tcf7l1,-0.033223510749069346,0.033223510749069346,0.059818871301335556
Armcx1,-0.03050871145607681,0.03050871145607681,0.08394217555027442
Armcx4,-0.001805688754312652,0.001805688754312652,0.9185464178491207
B130034C11Rik,0.0031910389321226085,0.0031910389321226085,0.8565839867157047
Plcd3,0.0074808161911131335,0.0074808161911131335,0.671798895524339
Btk,0.05025436743831876,0.05025436743831876,0.004400248575605574
Pi15,-0.027734806920996915,0.027734806920996915,0.11616933733755483
Drp2,0.019793520337070408,0.019793520337070408,0.2622402780715176
Hunk,-0.027584128295232116,0.027584128295232116,0.11816583058631161
2410004I01Rik,-0.03478687690848407,0.03478687690848407,0.04875315450968041
Mrap,-0.02905693447916773,0.02905693447916773,0.09976765876633516
Fam184a,0.008658817235087197,0.008658817235087197,0.6238512063344577
4931408A02Rik,-0.037135999308357384,0.037135999308357384,0.03538582753609987
Cenpi,0.04106444550632919,0.04106444550632919,0.019983484081091196
Ppp4r4,-0.024594203595812002,0.024594203595812002,0.16359003947092796
4930404I05Rik,0.0045609132179284684,0.0045609132179284684,0.7961694210880488
Xkrx,-0.013990891645695256,0.013990891645695256,0.4281216124085078
Sytl4,-0.024594203595811995,0.024594203595811995,0.16359003947092796
Srpx2,-0.03468835047664495,0.03468835047664495,0.0493958363289794
Tspan6,0.006222262790910505,0.006222262790910505,0.7245383090794998
Serpina1b,-0.024594203595812082,0.024594203595812082,0.16359003947092796
3110007F17Rik,0.002017191853456231,0.002017191853456231,0.9090448774707756
Nap1l3,-0.003395124728228684,0.003395124728228684,0.8475207312491063
Tagln3,0.0014261862958776675,0.0014261862958776675,0.9356234271566415
Htr2c,-0.01668277924222012,0.01668277924222012,0.3447142516162303
Tbx1,-0.016384815285575702,0.016384815285575702,0.35340085199760884
Pigz,0.04577189533977021,0.04577189533977021,0.009496552066695429
Egfl6,0.0014261862958776825,0.0014261862958776825,0.9356234271566415
Fam190a,0.015006936894679577,0.015006936894679577,0.39534584750507484
1810010H24Rik,0.010651885171461182,0.010651885171461182,0.5463194758394776
Mmrn1,0.0031910389321226067,0.0031910389321226067,0.8565839867157047
Bex6,0.09552484780129769,0.09552484780129769,5.879307993517955e-08
Gpm6b,-0.05396655263577435,0.05396655263577435,0.0022236376742692104
Kcnk5,0.02435145604697727,0.02435145604697727,0.16778863791283485
2310010M20Rik,-0.027584128295232095,0.027584128295232095,0.11816583058631161
Clcn2,-0.010261695536937945,0.010261695536937945,0.5611162295453292
Fam162b,-0.01843043147805886,0.01843043147805886,0.2965351874324914
Asb11,0.0014261862958776753,0.0014261862958776753,0.9356234271566415
Fam13a,0.01979352033707041,0.01979352033707041,0.2622402780715176
Tfrc,0.003196302030349852,0.003196302030349852,0.8563500145551666
Nap1l5,-0.012556565514368017,0.012556565514368017,0.4769810332217532
1700021K19Rik,-0.009979184466522642,0.009979184466522642,0.571949202437502
Fyttd1,0.06320967961955606,0.06320967961955606,0.00033908449266845553
Iqcg,-0.01016257381097401,0.01016257381097401,0.5649057625989785
Gpr68,0.014806026537203533,0.014806026537203533,0.40170377775161553
Lmln,-0.0003772151938823285,0.0003772151938823285,0.9829556848700138
Figf,0.0077859486713962355,0.0077859486713962355,0.6592402956477312
Snx4,0.05231168269428385,0.05231168269428385,0.0030298675465512065
1700007L15Rik,0.031519579932265084,0.031519579932265084,0.07417237950997418
Pir,0.006848215086900879,0.006848215086900879,0.6981257040134359
Muc13,0.00865881723508719,0.00865881723508719,0.6238512063344577
2310007L24Rik,-0.010162573810974025,0.010162573810974025,0.5649057625989785
Scn4a,-0.0033951247282287015,0.0033951247282287015,0.8475207312491063
Kalrn,0.033689930596268264,0.033689930596268264,0.05631834974989143
Ccdc14,0.021727672302484013,0.021727672302484013,0.21843974763636578
Hpgds,0.04304383614983143,0.04304383614983143,0.014731670316366977
Tmem27,-0.013990891645695228,0.013990891645695228,0.4281216124085078
Apod,-0.037695924393027616,0.037695924393027616,0.032707138634531896
1700034P13Rik,-0.010162573810974008,0.010162573810974008,0.5649057625989785
Liph,0.01141028464695797,0.01141028464695797,0.5181238277066333
Uty,0.0408789737921851,0.0408789737921851,0.020550602435546707
Ube2e2,0.011030111075135286,0.011030111075135286,0.5321633221921772
Zf12,0.027996627452026697,0.027996627452026697,0.11276333343219275
Ahsg,-0.03478687690848403,0.03478687690848403,0.04875315450968041
Tmlhe,0.01979352033707045,0.01979352033707045,0.2622402780715176
Snora81,-0.016976436920504528,0.016976436920504528,0.3362876004740701
Popdc3,0.0014261862958776757,0.0014261862958776757,0.9356234271566415
Adipoq,-0.003658332496906876,0.003658332496906876,0.8358617849114403
Mid1,-0.000624568818306473,0.000624568818306473,0.9717828478610266
Adhfe1,-0.017404464928127084,0.017404464928127084,0.32424453333655184
Il12rb2,0.025358517724240633,0.025358517724240633,0.15088700850022504
Axin2,-0.002250492343518479,0.002250492343518479,0.8985792311973132
Ccdc46,0.0014261862958776755,0.0014261862958776755,0.9356234271566415
Cldn1,0.01979352033707041,0.01979352033707041,0.2622402780715176
E230016M11Rik,-0.024997324062359907,0.024997324062359907,0.15679319797782326
Gm10433,0.008658817235087202,0.008658817235087202,0.6238512063344577
Fgf12,0.0014261862958776757,0.0014261862958776757,0.9356234271566415
1600021P15Rik,0.002853706827078173,0.002853706827078173,0.8716055547166334
Atp13a4,-0.027584128295232123,0.027584128295232123,0.11816583058631161
Apoh,-0.024594203595812002,0.024594203595812002,0.16359003947092796
Ehhadh,0.019646767216712234,0.019646767216712234,0.2657951781143933
9030404E10Rik,-0.00010432418939593017,0.00010432418939593017,0.9952858229425365
Rtn4ip1,0.018870051726795546,0.018870051726795546,0.2851612987204065
Gp5,0.019793520337070415,0.019793520337070415,0.2622402780715176
2610203C22Rik,0.01074228812732533,0.01074228812732533,0.5429190007406073
Prdm5,0.013645564383909339,0.013645564383909339,0.43961132128480346
A930038C07Rik,-0.008665185372251298,0.008665185372251298,0.6235960538981975
Ephb3,0.001426186295877673,0.001426186295877673,0.9356234271566415
Gm8817,-0.013990891645695253,0.013990891645695253,0.4281216124085078
E130310I04Rik,-0.024594203595811995,0.024594203595811995,0.16359003947092796
Reep1,0.006462881722783529,0.006462881722783529,0.7143443272094245
Polr1a,0.023736858965981916,0.023736858965981916,0.17877978499540617
Pla1a,-0.03524980066150965,0.03524980066150965,0.04582672297889235
Rragb,-0.024594203595812072,0.024594203595812072,0.16359003947092796
Slc24a4,0.019793520337070398,0.019793520337070398,0.2622402780715176
Shroom2,0.015189334211798012,0.015189334211798012,0.38962674629219757
Slco5a1,-0.021532981255613207,0.021532981255613207,0.22259478160680746
Ribc1,0.0346053479147688,0.0346053479147688,0.049942756346689605
Ttc8,0.006738197433025986,0.006738197433025986,0.7027426802453796
Upk1b,-0.027762854768465482,0.027762854768465482,0.11580064496354246
A230072E10Rik,0.019793520337070408,0.019793520337070408,0.2622402780715176
Tanc2,-0.011924387645148606,0.011924387645148606,0.4994475407970296
Fgd1,-0.006998497668191019,0.006998497668191019,0.6918370092192961
LOC626693,0.015006936894679575,0.015006936894679575,0.39534584750507484
Tigit,0.0560456912397871,0.0560456912397871,0.0014899537562665032
Zfa,0.03960555804040195,0.03960555804040195,0.024836708858668566
Abca5,-0.03170896049975057,0.03170896049975057,0.07244965477347455
Gramd1c,0.003191038932122619,0.003191038932122619,0.8565839867157047
Maged2,-0.0029086123325892865,0.0029086123325892865,0.8691572802688031
Gm608,0.0238834847448968,0.0238834847448968,0.1761101932349858
Sidt1,-0.0014196943366170866,0.0014196943366170866,0.9359158353879112
Sept5,-0.007134911670744833,0.007134911670744833,0.6861469758364781
Znrf2,-0.01635770988875909,0.01635770988875909,0.35419786757108773
2410066E13Rik,0.015189923884753603,0.015189923884753603,0.38960833893528773
Plekha8,0.008496231241662981,0.008496231241662981,0.6303807557585528
Tro,-0.024594203595812048,0.024594203595812048,0.16359003947092796
Cd200r2,0.019793520337070408,0.019793520337070408,0.2622402780715176
Cd200r3,0.002017246337332567,0.002017246337332567,0.9090424314590396
Ccdc80,-0.04439197685986611,0.04439197685986611,0.011890735359441957
Pfkfb1,0.0030622290070716042,0.0030622290070716042,0.8623141377915574
Eml5,0.012457356174027752,0.012457356174027752,0.48046977460614415
Popdc2,-0.012790316844639644,0.012790316844639644,0.4688161458388102
Ace3,0.027996627452026673,0.027996627452026673,0.11276333343219275
4932425I24Rik,0.0014261862958776738,0.0014261862958776738,0.9356234271566415
Nus1,0.04031025219202096,0.04031025219202096,0.022377930131609516
1700045I19Rik,-0.023178854449026155,0.023178854449026155,0.1892146073123413
S100g,0.005470525065840924,0.005470525065840924,0.7566945066015847
Fkbp9,-0.011578866007239261,0.011578866007239261,0.5119600957639883
Rai2,0.013833518780598039,0.013833518780598039,0.4333359068691094
Camk2n2,0.020701353916674783,0.020701353916674783,0.24097928623270418
Tmem150a,-0.020249932291569742,0.020249932291569742,0.2513946941724113
Gja6,-0.016384815285575723,0.016384815285575723,0.35340085199760884
Cdkl5,-0.0019488741396404077,0.0019488741396404077,0.9121126192424485
Avl9,0.0004919264653043879,0.0004919264653043879,0.9777736867231452
Tc2n,0.014883919543996668,0.014883919543996668,0.3992315599263025
Gm5416,-0.04815147016757962,0.04815147016757962,0.006359774806821249
Rps6ka3,-0.009970138846343029,0.009970138846343029,0.5722976947810574
Bend3,0.012664890603985846,0.012664890603985846,0.47318761755218997
Gm15760,-0.005431270239647009,0.005431270239647009,0.7583858474785328
Sh3bgr,-0.034786876908484046,0.034786876908484046,0.04875315450968041
Stfa2,-0.03331517564358002,0.03331517564358002,0.05911702627022504
Pde1c,0.002017246337332569,0.002017246337332569,0.9090424314590396
4932411L15,0.0014261862958776753,0.0014261862958776753,0.9356234271566415
Eaf2,0.02172767230248403,0.02172767230248403,0.21843974763636578
Ptchd1,-0.00408788855125789,0.00408788855125789,0.8169126374291406
4930565N06Rik,-0.016976436920504535,0.016976436920504535,0.3362876004740701
Thrb,0.019793520337070415,0.019793520337070415,0.2622402780715176
Fam188b,-0.012835230680135862,0.012835230680135862,0.4672562155975831
Polq,0.001426186295877693,0.001426186295877693,0.9356234271566415
Sulf1,-0.0008473405067954871,0.0008473405067954871,0.9617250373146535
Spin2,-0.016384815285575706,0.016384815285575706,0.35340085199760884
1700064M15Rik,-0.003903229062319795,0.003903229062319795,0.8250461659944787
Klf8,-0.0021957485586674326,0.0021957485586674326,0.9010334730664504
Map3k3,0.0001609437527971296,0.0001609437527971296,0.9927273697262563
BC031361,-0.0027574142580745514,0.0027574142580745514,0.8759022635023269
2610021K21Rik,0.02739397966064088,0.02739397966064088,0.12072358087243518
Epb4.1l4a,-0.023178854449026218,0.023178854449026218,0.1892146073123413
Igsf5,-0.03466380795318994,0.03466380795318994,0.049557026343481456
Bace2,-0.011697800552666764,0.011697800552666764,0.507634686275877
Wnk4,0.015006936894679643,0.015006936894679643,0.395345847505065
Cntnap1,0.0197935203370704,0.0197935203370704,0.2622402780715176
Ccr10,0.015006936894679575,0.015006936894679575,0.39534584750507484
Ephb6,-0.03478447734217692,0.03478447734217692,0.048768722956853576
Try5,0.04428726750629931,0.04428726750629931,0.012092565224969633
Bcl11b,0.024274902943895643,0.024274902943895643,0.16912934827059659
Try4,0.025793964647919783,0.025793964647919783,0.143993766455404
Fundc2,0.08139384319673436,0.08139384319673436,3.886037075300976e-06
F8,0.015006936894679593,0.015006936894679593,0.395345847505065
Tmem204,-0.03960616099284342,0.03960616099284342,0.024834508904383434
2210010C04Rik,0.034294071390678915,0.034294071390678915,0.05203922188540989
Rab37,-0.008383433024624735,0.008383433024624735,0.6349278534433833
Ccdc154,-0.006147107636976472,0.006147107636976472,0.7277324382890926
Lims1,0.007943951173760948,0.007943951173760948,0.6527745096618248
Unkl,-0.0014397143911934118,0.0014397143911934118,0.9350141280343973
Gm15455,0.02368638001595131,0.02368638001595131,0.17970577484341788
Ston2,-0.039724862731289126,0.039724862731289126,0.024404681799874407
Baiap3,0.00624520119583614,0.00624520119583614,0.7235643669709387
LOC100503280,-0.016384815285575702,0.016384815285575702,0.35340085199760884
Prss34,0.02462296351318138,0.02462296351318138,0.1630978949819216
Tekt4,0.0028537068270781743,0.0028537068270781743,0.8716055547166334
Sox8,-0.02459420359581201,0.02459420359581201,0.16359003947092796
2810468N07Rik,-0.023408272862428862,0.023408272862428862,0.18487136302617482
Bend6,0.033193446574035175,0.033193446574035175,0.060050560773885986
Gng13,0.0014261862958776757,0.0014261862958776757,0.9356234271566415
Chtf18,0.02761573754727513,0.02761573754727513,0.11774479321870594
Plxna3,0.0020172463373325676,0.0020172463373325676,0.9090424314590396
Ccdc138,0.01620991867409305,0.01620991867409305,0.35856350856080005
Ccdc78,0.017040125969920127,0.017040125969920127,0.3344776418751829
Hs3st6,-0.025755103552953174,0.025755103552953174,0.14459896502304442
Tktl1,-0.024594203595811995,0.024594203595811995,0.16359003947092796
Cntd1,0.016209918674092973,0.016209918674092973,0.35856350856080715
Pls3,0.031629783656756914,0.031629783656756914,0.0731658721387322
Bdkrb1,0.012865960519068582,0.012865960519068582,0.4661905780744864
Atp6v0c,0.049107733127703085,0.049107733127703085,0.005387782992365778
Tpk1,0.0032465758192611327,0.0032465758192611327,0.854115721318043
Ntn3,0.040507841759793085,0.040507841759793085,0.021727663455993376
1600002H07Rik,0.03714960307563255,0.03714960307563255,0.0353185939358914
Arhgef5,-0.059929850125281375,0.059929850125281375,0.00068087057105587
Brca1,0.012041669630409108,0.012041669630409108,0.4952375476118133
Fam115a,0.023869530769208808,0.023869530769208808,0.1763629646647785
Flrt2,0.01232316337672798,0.01232316337672798,0.48521075593247165
Fam115c,0.002016349410805173,0.002016349410805173,0.9090826983955538
Dnase1l2,-0.017089743641213635,0.017089743641213635,0.33307193101197924
1700001G17Rik,-0.012556565514368,0.012556565514368,0.4769810332217532
2010310C07Rik,0.011410284646957954,0.011410284646957954,0.5181238277066333
Mlst8,0.008282101976844591,0.008282101976844591,0.6390244663897566
Pcyt1b,-0.012556565514367997,0.012556565514367997,0.4769810332217532
Cd300c,0.000369369608118498,0.000369369608118498,0.9833101322393392
Rab26,0.015006936894679591,0.015006936894679591,0.395345847505065
Epha1,-0.014720316723951726,0.014720316723951726,0.4044346745192194
Rtkn,0.0028523338430469065,0.0028523338430469065,0.8716667928852513
Fam131b,-0.021532981255613204,0.021532981255613204,0.22259478160680746
Dmd,-0.02544670902485172,0.02544670902485172,0.14947099126810057
Npw,-0.027492278279371597,0.027492278279371597,0.11939597929621296
Tmem47,-0.040705534834091894,0.040705534834091894,0.0210935695649109
Aoc3,-0.012556565514368002,0.012556565514368002,0.4769810332217532
Noxo1,0.001608123221169323,0.001608123221169323,0.9274323707820827
Tbl3,0.050550816092561894,0.050550816092561894,0.0041731659871370634
Casp2,-0.03376406303089324,0.03376406303089324,0.05577799795800143
Tmem139,-0.024594203595811995,0.024594203595811995,0.16359003947092796
Prrg1,-0.00430755155136882,0.00430755155136882,0.807263013747395
4933407K13Rik,-0.014857952657279516,0.014857952657279516,0.4000546948197342
Maged1,-0.02755965513910403,0.02755965513910403,0.11849262470331064
Degs2,-0.0013791687408504492,0.0013791687408504492,0.9377413668218049
Wdr24,0.028114652347391567,0.028114652347391567,0.11125391133514369
Hmga1,0.02524717863167751,0.02524717863167751,0.15268925712402448
Fam18a,0.0020172463373325663,0.0020172463373325663,0.9090424314590396
Aff2,-0.016384815285575713,0.016384815285575713,0.35340085199760884
Fmr1nb,-0.027584128295232126,0.027584128295232126,0.11816583058631161
Pacsin1,0.024507402792663373,0.024507402792663373,0.16508217317247376
Cnnm3,-0.011145610501653296,0.011145610501653296,0.5278777442476061
Begain,0.01979352033707041,0.01979352033707041,0.2622402780715176
F9,-0.0019488741396403773,0.0019488741396403773,0.9121126192424575
Fgf13,0.034288958808507346,0.034288958808507346,0.05207426037350975
Ankrd23,0.00865881723508718,0.00865881723508718,0.6238512063344577
Tcp11,-0.008570617280147009,0.008570617280147009,0.6273897461571232
Zfp523,-0.0025694280409254804,0.0025694280409254804,0.8843009013782456
Meg3,-0.035373910519178584,0.035373910519178584,0.04506777437463584
Rian,0.002016515434686404,0.002016515434686404,0.9090752448431388
Plau,-0.003395124728228679,0.003395124728228679,0.8475207312491063
Slc9a6,0.034601728525588314,0.034601728525588314,0.04996672021971565
Tead3,0.0076380992264843605,0.0076380992264843605,0.6653137485362183
Klrg2,0.009170077511644179,0.009170077511644179,0.603512242565127
Clps,0.04428726750629929,0.04428726750629929,0.012092565224969633
Ncrna00086,-0.02459420359581205,0.02459420359581205,0.16359003947092796
Zfp449,-0.001964199812259822,0.001964199812259822,0.9114243189688362
Dysf,-0.016421728141750302,0.016421728141750302,0.35231727907950683
Brpf3,-0.0057967952227229195,0.0057967952227229195,0.7426825239934338
4930539E08Rik,0.01979352033707041,0.01979352033707041,0.2622402780715176
Pxt1,0.0031910389321226,0.0031910389321226,0.8565839867157047
Ttc25,-0.016738879529020097,0.016738879529020097,0.34309410828077824
Cyp26b1,-0.0013954337874175163,0.0013954337874175163,0.9370086454970825
Ttc26,0.0014261862958776764,0.0014261862958776764,0.9356234271566415
Wasf1,0.019793520337070408,0.019793520337070408,0.2622402780715176
Hspb9,-0.02758412829523209,0.02758412829523209,0.11816583058631161
Fbxl16,-0.024594203595812058,0.024594203595812058,0.16359003947092796
Ciita,0.15458748859029295,0.15458748859029295,1.2736925414600825e-18
Fancm,0.021714846096599034,0.021714846096599034,0.2187117546219641
Pdzd4,-0.03478687690848402,0.03478687690848402,0.04875315450968041
Srpk3,-0.027007172283747452,0.027007172283747452,0.12606012615259082
E330009J07Rik,0.0024709972664961138,0.0024709972664961138,0.8887037322612967
Rhot2,0.010679304224536706,0.010679304224536706,0.545287004275193
Plxnb3,-0.013079465424282729,0.013079465424282729,0.45882409573979394
Slc6a8,-0.0047025544616501125,0.0047025544616501125,0.7899853155725007
Wfikkn1,-0.0009746110076430404,0.0009746110076430404,0.9559815922205863
Wdr54,0.01740131459901889,0.01740131459901889,0.3243321332577728
Lrrc3b,-0.03478687690848406,0.03478687690848406,0.04875315450968041
Sh3rf3,-0.0033951247282286634,0.0033951247282286634,0.8475207312491063
Rab11fip3,-0.004319704581256589,0.004319704581256589,0.8067299810457181
Dennd2a,-0.04035567282194857,0.04035567282194857,0.02222697243753054
Nme4,0.026950920355485863,0.026950920355485863,0.12685126567520538
Aldoart2,0.039605558040401945,0.039605558040401945,0.024836708858668566
Xlr3a,0.0014261862958776757,0.0014261862958776757,0.9356234271566415
Snn,0.013923533486177007,0.013923533486177007,0.4303489341663052
Rgs11,0.02799662745202673,0.02799662745202673,0.11276333343219275
Gabra3,0.03417928540983838,0.03417928540983838,0.052830656815774445
Fads6,-0.013990891645695242,0.013990891645695242,0.4281216124085078
C630004H02Rik,0.012255012116742892,0.012255012116742892,0.48762817438950307
Prrg3,-0.03208864521427615,0.03208864521427615,0.06909440924903809
Slc25a47,-0.0036583324969069126,0.0036583324969069126,0.8358617849114403
Actg2,-0.024594203595812006,0.024594203595812006,0.16359003947092796
Dio2,-0.024594203595811995,0.024594203595811995,0.16359003947092796
Kifc5b,0.02230177274017809,0.02230177274017809,0.20651248703122857
Kcnh4,-0.024594203595812002,0.024594203595812002,0.16359003947092796
Mamld1,0.019793520337070415,0.019793520337070415,0.2622402780715176
4930599N23Rik,0.008969917395569644,0.008969917395569644,0.6114395594048816
Ggnbp1,-0.004436310605713464,0.004436310605713464,0.8016202271482047
1700025N23Rik,-0.02505048285370679,0.02505048285370679,0.1559131205539283
D430019H16Rik,0.0014261862958776788,0.0014261862958776788,0.9356234271566415
Cntnap2,-0.024594203595811995,0.024594203595811995,0.16359003947092796
Prss27,0.008213351795687943,0.008213351795687943,0.6418101909877376
Slc16a2,0.021164990426255928,0.021164990426255928,0.23060215411508148
Serpina3i,-0.016384815285575713,0.016384815285575713,0.35340085199760884
Gm1604b,0.01851449579219917,0.01851449579219917,0.2943371364335026
Rps6ka2,0.010348399793851788,0.010348399793851788,0.5578115443791211
Fndc1,-0.0365379102736828,0.0365379102736828,0.03845157363754005
Fam171a2,-0.014476763140882224,0.014476763140882224,0.4122551693673142
Gm9159,-0.0351654410704423,0.0351654410704423,0.04634871366364968
Serpina3k,0.0020172463373325663,0.0020172463373325663,0.9090424314590396
Ccr6,-0.04492326192770523,0.04492326192770523,0.010911986230314464
Atxn7l3,0.01550510850077618,0.01550510850077618,0.3798452669959552
Chic1,0.0014261862958776734,0.0014261862958776734,0.9356234271566415
Prr18,0.006455142507510352,0.006455142507510352,0.7146714238943553
T2,-0.0142198668593512,0.0142198668593512,0.42060044949417247
Gm16702,0.023686380015951296,0.023686380015951296,0.17970577484341788
Pde10a,0.001426186295877676,0.001426186295877676,0.9356234271566415
Fam176a,-0.003959524588403169,0.003959524588403169,0.8225645353302354
BC030867,0.023686380015951317,0.023686380015951317,0.17970577484341788
Tacr1,-0.03478687690848403,0.03478687690848403,0.04875315450968041
Pacrg,0.015006936894679659,0.015006936894679659,0.395345847505065
Park2,0.0014261862958776731,0.0014261862958776731,0.9356234271566415
Nap1l2,-0.002757414258074551,0.002757414258074551,0.8759022635023269
Ppy,0.019793520337070394,0.019793520337070394,0.2622402780715176
4732491K20Rik,0.008297429257652627,0.008297429257652627,0.6384041037630009
Slc22a3,-0.002752891043306727,0.002752891043306727,0.8761041866094804
Sema4f,-0.003658332496906857,0.003658332496906857,0.8358617849114403
Airn,0.02591719495205389,0.02591719495205389,0.14208748828344678
Mpp2,-0.016602463391085467,0.016602463391085467,0.3470422025323929
Mpp3,-0.02459420359581205,0.02459420359581205,0.16359003947092796
Acat3,0.027996627452026652,0.027996627452026652,0.11276333343219275
Scml4,0.008725977971396588,0.008725977971396588,0.6211625499846642
Gimap1,0.03800960060154844,0.03800960060154844,0.0312837941348583
Mir692-1,-0.030148993931273873,0.030148993931273873,0.08766040927749606
Sytl3,0.007899190169332007,0.007899190169332007,0.6546036033124076
Gm5127,0.021229632433740053,0.021229632433740053,0.2291809419068157
Fam3b,0.019990497576065577,0.019990497576065577,0.2575205713448266
Ccdc116,-0.04261169107609625,0.04261169107609625,0.015761105410475543
Tmprss2,-0.016384815285575702,0.016384815285575702,0.35340085199760884
Ripk4,0.01979352033707042,0.01979352033707042,0.2622402780715176
Serpina11,0.0014261862958776742,0.0014261862958776742,0.9356234271566415
AW146020,-0.012620025605827737,0.012620025605827737,0.4747567203088376
Paqr8,-0.016302546908868853,0.016302546908868853,0.35582339926800804
Efhc1,0.0024709972664961107,0.0024709972664961107,0.8887037322612967
Pisd-ps2,-0.02317885444902616,0.02317885444902616,0.1892146073123413
Fzd2,0.03426882487806293,0.03426882487806293,0.05221243776400608
Serpina3c,0.002016513494146927,0.002016513494146927,0.9090753319625663
Tfb1m,0.052410401942176756,0.052410401942176756,0.0029751504865243405
D630037F22Rik,0.02051839915896848,0.02051839915896848,0.24516330103600356
1700102H20Rik,0.042807787155068555,0.042807787155068555,0.01528638573176817
Arid1b,-0.02272139897763021,0.02272139897763021,0.1980985003363163
Tram2,0.02535851772424067,0.02535851772424067,0.15088700850022504
Ldhal6b,0.027996627452026718,0.027996627452026718,0.11276333343219275
Zdhhc14,0.016568903021934346,0.016568903021934346,0.34801790367053576
5330434G04Rik,-0.024594203595812065,0.024594203595812065,0.16359003947092796
Magee1,-0.0013300638714867385,0.0013300638714867385,0.9399538009403805
Abp1,0.013078688641223699,0.013078688641223699,0.458850778075912
Zdhhc15,0.0014261862958776796,0.0014261862958776796,0.9356234271566415
Uprt,0.038520361324528844,0.038520361324528844,0.029079823578775334
Ypel1,0.02083233370449055,0.02083233370449055,0.23801493251129327
Gpatch8,0.015704214338818093,0.015704214338818093,0.37375601340972264
D11Wsu47e,0.017588856521051566,0.017588856521051566,0.31914406682766866
Tmem181b-ps,-0.0007822842082904785,0.0007822842082904785,0.9646616745276344
Serpina3h,0.01979352033707045,0.01979352033707045,0.2622402780715176
Itga2b,0.012230623365585057,0.012230623365585057,0.48849485277953253
Gimap7,0.06898870837303353,0.06898870837303353,9.160222915229823e-05
Khdc1a,0.013078688641223685,0.013078688641223685,0.458850778075912
Gpr31c,0.02172767230248402,0.02172767230248402,0.21843974763636578
Gm10509,0.023686380015951306,0.023686380015951306,0.17970577484341788
Zfp760,-0.0011105874908095522,0.0011105874908095522,0.9498477954642839
E030019B13Rik,0.0031910389321226093,0.0031910389321226093,0.8565839867157047
Zfp820,0.019614144680047896,0.019614144680047896,0.2665899004543923
Kif4,0.030725356704516257,0.030725356704516257,0.08176508507363157
Kif19a,0.028543941293869543,0.028543941293869543,0.10589777296151165
6230400D17Rik,-0.033925733250388584,0.033925733250388584,0.054614544683963304
Snai2,-0.01265235420853043,0.01265235420853043,0.4736257765192825
Eda,0.019793520337070394,0.019793520337070394,0.2622402780715176
Zfp783,-0.0033951247282287,0.0033951247282287,0.8475207312491063
Ccdc142,-0.023521509641092272,0.023521509641092272,0.18275499256287847
Zfp398,0.0017007959767864889,0.0017007959767864889,0.9232630108928336
Myh11,-0.005430926031967003,0.005430926031967003,0.758400683201822
Zfp40,0.028597333169428543,0.028597333169428543,0.10524615520684383
Heph,-0.024594203595812013,0.024594203595812013,0.16359003947092796
Zfp13,-0.0010659627901131053,0.0010659627901131053,0.9518604724870833
Vsig4,-0.0033951247282286824,0.0033951247282286824,0.8475207312491063
Zc4h2,-0.022775586398602093,0.022775586398602093,0.19703052087586803
4931428L18Rik,-0.017765976815801318,0.017765976815801318,0.3142944261768381
Ifitm7,-0.01048397739099084,0.01048397739099084,0.5526631269737264
Pkmyt1,0.05510983852021979,0.05510983852021979,0.0017870889348798446
Rn4.5s,0.019793520337070398,0.019793520337070398,0.2622402780715176
Kremen2,0.01979352033707045,0.01979352033707045,0.2622402780715176
9530082P21Rik,0.022333642766804652,0.022333642766804652,0.20586449592315675
Flywch2,0.023343862659071155,0.023343862659071155,0.1860832344456025
Arhgef9,-0.02459420359581201,0.02459420359581201,0.16359003947092796
Armc2,-0.024594203595811995,0.024594203595811995,0.16359003947092796
Dcpp3,0.0342940713906789,0.0342940713906789,0.05203922188540989
Prss30,0.016544083221499323,0.016544083221499323,0.3487406103201528
Dnaic2,0.012041669630409082,0.012041669630409082,0.4952375476118133
Zfp948,0.017833681532558123,0.017833681532558123,0.31245350233242103
Zfp52,0.0007210132199791762,0.0007210132199791762,0.9674278819562548
Lbx2,-0.016088928038568734,0.016088928038568734,0.3621625466566979
2700054A10Rik,0.01979352033707041,0.01979352033707041,0.2622402780715176
Tcte2,0.0014261862958776833,0.0014261862958776833,0.9356234271566415
Ercc6l,0.012622029917129799,0.012622029917129799,0.47468656089761463
Dact2,0.001426186295877667,0.001426186295877667,0.9356234271566415
Smoc2,-0.026968819501160958,0.026968819501160958,0.12659911022280146
Rgag4,-0.011660067349685853,0.011660067349685853,0.5090048868529924
Spag6,-0.027584128295232123,0.027584128295232123,0.11816583058631161
1810062O18Rik,-0.007607504315820284,0.007607504315820284,0.6665733080899175
Serpina3m,0.01902745809815913,0.01902745809815913,0.2811615192987123
AI854703,0.002017246337332572,0.002017246337332572,0.9090424314590396
Kcnq5,0.019793520337070408,0.019793520337070408,0.2622402780715176
B3gat2,-0.0019488741396403795,0.0019488741396403795,0.9121126192424575
Itgb1bp2,0.01120855554824807,0.01120855554824807,0.5255496083873938
Zmym3,0.03457548687078489,0.03457548687078489,0.05014075382507557
Lpar4,-0.00012647851281698518,0.00012647851281698518,0.9942847341752811
Prdm9,0.039502785806530466,0.039502785806530466,0.025214160911172324
Dqx1,-0.021146661261548013,0.021146661261548013,0.231006274192539
Gja1,0.01341520217273833,0.01341520217273833,0.44737329603057485
Clmn,0.014683713256634923,0.014683713256634923,0.40560431351172904
Lix1,0.019793520337070415,0.019793520337070415,0.2622402780715176
Meox1,-0.030736631396403504,0.030736631396403504,0.08165304978179298
Ncrna00085,0.004233783872331475,0.004233783872331475,0.8105003801926455
Has1,0.027983460286357734,0.027983460286357734,0.11293272413500077
Atp6v0e2,-0.002911784494177925,0.002911784494177925,0.869015869462791
Slc7a3,0.001426186295877683,0.001426186295877683,0.9356234271566415
Dlg3,-0.00740258483396052,0.00740258483396052,0.6750337112339295
Nkx2-1,-0.010024723066049337,0.010024723066049337,0.5701963115225765
Gm527,0.011302161793851413,0.011302161793851413,0.522097146857283
Krba1,-0.013573223218394475,0.013573223218394475,0.44204047242569694
Pkp2,-0.024594203595812054,0.024594203595812054,0.16359003947092796
Gm614,0.02486633232856013,0.02486633232856013,0.15897791241430037
Gm10548,-0.00018092557718578882,0.00018092557718578882,0.9918244728093686
Cabyr,-0.008452892497227497,0.008452892497227497,0.6321261754682912
Slc29a4,0.019793520337070408,0.019793520337070408,0.2622402780715176
Dntt,0.027996627452026707,0.027996627452026707,0.11276333343219275
Robo4,-0.04176074023915945,0.04176074023915945,0.01797449334485082
Ano2,0.0014261862958776796,0.0014261862958776796,0.9356234271566415
Lcor,-0.007261131309131766,0.007261131309131766,0.6808979490187653
Hist1h2bf,-0.017765976815801266,0.017765976815801266,0.31429442617684306
Slc37a2,0.026655611439217634,0.026655611439217634,0.13106808397322842
Kcna1,-0.024594203595812082,0.024594203595812082,0.16359003947092796
Pknox2,-0.028157022206883587,0.028157022206883587,0.1107159472193616
Serpine2,-0.02463861849624683,0.02463861849624683,0.16283047377287904
Ccdc62,0.006846403151075633,0.006846403151075633,0.6982016535058176
Chek1,0.0260781420119812,0.0260781420119812,0.1396270081884727
Serpinf2,0.034294071390678915,0.034294071390678915,0.05203922188540989
Ubtd1,0.05466974447691613,0.05466974447691613,0.001944851992545052
Blnk,0.05089815779084447,0.05089815779084447,0.00392065197113719
Ankrd2,0.019793520337070408,0.019793520337070408,0.2622402780715176
Morn4,-0.016384815285575692,0.016384815285575692,0.35340085199760884
Serpinf1,0.03306599094128586,0.03306599094128586,0.06104107258217701
Smyd4,0.012427181953000119,0.012427181953000119,0.4815336146838707
Ldoc1l,0.02949430666546491,0.02949430666546491,0.09476761457952058
Kntc1,0.021229632433740056,0.021229632433740056,0.2291809419068157
Crtac1,-0.012556565514367991,0.012556565514367991,0.4769810332217532
Rad51ap1,0.0390677429273078,0.0390677429273078,0.026867421364043104
Loxl4,-0.024594203595812006,0.024594203595812006,0.16359003947092796
9330179D12Rik,0.01979352033707041,0.01979352033707041,0.2622402780715176
Hyls1,0.03466645673562404,0.03466645673562404,0.04953960850781391
Parp11,0.026913636975428208,0.026913636975428208,0.12737775231010875
Ddx25,0.00451633479297394,0.00451633479297394,0.7981184007031489
Cdon,-0.011300891943571008,0.011300891943571008,0.5221439044072957
Hoga1,0.00699986935293127,0.00699986935293127,0.691779706887222
Abcb9,0.04037339064993717,0.04037339064993717,0.022168326799326538
Arhgap8,0.019793520337070394,0.019793520337070394,0.2622402780715176
Vsig2,-0.007951786839962966,0.007951786839962966,0.6524545305886578
Gtse1,-0.0019469085457464548,0.0019469085457464548,0.9122009019625865
Trim29,-0.028429920346788713,0.028429920346788713,0.10730004092436883
D630033O11Rik,0.019793520337070398,0.019793520337070398,0.2622402780715176
Hist1h4f,0.013078688641223711,0.013078688641223711,0.458850778075912
Htr7,0.010332757936583272,0.010332757936583272,0.5584070248525779
Zfp280b,0.03215422978349339,0.03215422978349339,0.06852797219185919
Ankrd1,-0.016384815285575706,0.016384815285575706,0.35340085199760884
2610203C20Rik,-0.024594203595811992,0.024594203595811992,0.16359003947092796
Crtam,0.013331948562907179,0.013331948562907179,0.4501975430534542
9030425E11Rik,0.02739564314221791,0.02739564314221791,0.12070101856349175
Fgfbp3,0.03483748335235677,0.03483748335235677,0.04842578886189629
Gramd1b,0.018176515140498232,0.018176515140498232,0.3032409010774637
Cpeb3,-0.00274354215132728,0.00274354215132728,0.876521560736535
Scn3b,-0.07702809909448385,0.07702809909448385,1.248381036259176e-05
4931408D14Rik,0.015006936894679586,0.015006936894679586,0.395345847505065
Zfp202,-0.0052696690056144024,0.0052696690056144024,0.7653607263170116
Fbln1,-0.03383197457599845,0.03383197457599845,0.05528678556196592
Olfr920,0.00251337494245812,0.00251337494245812,0.8868077403257814
Syt15,0.039570530073813545,0.039570530073813545,0.024964803089348047
Cd27,0.018922317676838694,0.018922317676838694,0.2838289499201913
S100b,0.01962953036179327,0.01962953036179327,0.2662148842546536
Rbp4,-0.026543560268703158,0.026543560268703158,0.1326962429396629
Tmem20,-0.04785993565401142,0.04785993565401142,0.006686007368885745
Plce1,-0.0036390179555781947,0.0036390179555781947,0.8367161424699155
Pitpnm2,0.029901466507431185,0.029901466507431185,0.0902952805738095
Fam54a,-0.0013791687408504882,0.0013791687408504882,0.9377413668218049
Sorbs1,-0.013236750823614411,0.013236750823614411,0.45343931439392154
Aldh18a1,0.01725466619117684,0.01725466619117684,0.3284269702056927
Phf21b,-0.011877578211742198,0.011877578211742198,0.5011331163883144
Fam124b,0.007807856958284228,0.007807856958284228,0.6583422282980386
Irs1,0.0014261862958776794,0.0014261862958776794,0.9356234271566415
Dph1,0.02354105351489797,0.02354105351489797,0.18239154567329383
Abcc2,0.016204844647278595,0.016204844647278595,0.3587139895627574
Bbs9,0.006377079735633209,0.006377079735633209,0.7179736547530166
Sufu,0.01433140615951275,0.01433140615951275,0.4169649787983575
Dner,0.013078688641223687,0.013078688641223687,0.458850778075912
Arl3,0.05305725801620305,0.05305725801620305,0.0026383544362424535
A4galt,0.0015317005841821699,0.0015317005841821699,0.9308721397218168
E130309D14Rik,-0.02459420359581201,0.02459420359581201,0.16359003947092796
Aspa,0.03682337385885586,0.03682337385885586,0.036961258369098714
Hist1h3c,0.025022542440273184,0.025022542440273184,0.15637522354079847
A930024E05Rik,0.016628645712322473,0.016628645712322473,0.3462822130174189
Hist1h2ab,0.015833426730541895,0.015833426730541895,0.36983680650137823
Gm6607,0.019629530361793265,0.019629530361793265,0.2662148842546536
Lss,-0.03156838603287128,0.03156838603287128,0.0737252391720814
Zfp599,-0.0275841282952321,0.0275841282952321,0.11816583058631161
Neurl1a,0.001426186295877691,0.001426186295877691,0.9356234271566415
Rab3c,-0.03478687690848404,0.03478687690848404,0.04875315450968041
Rnu12,0.00787365088698188,0.00787365088698188,0.6556481593081036
Lrrn3,-0.024594203595812006,0.024594203595812006,0.16359003947092796
Nrip2,-0.010261695536937938,0.010261695536937938,0.5611162295453292
Col17a1,0.009287104587939611,0.009287104587939611,0.5988989003872367
P2rx5,-0.0033951247282286512,0.0033951247282286512,0.8475207312491063
Wdr96,0.0038756490459014095,0.0038756490459014095,0.8262625935734665
Gm10069,0.0008815755854628001,0.0008815755854628001,0.9601798739007368
Gsto2,0.027848776076628633,0.027848776076628633,0.11467691892339088
Itgae,0.008213351795687935,0.008213351795687935,0.6418101909877376
Ins1,0.04428726750629933,0.04428726750629933,0.012092565224969633
Cnn1,-0.05502861821462769,0.05502861821462769,0.0018152891424284088
BC048546,-0.016384815285575706,0.016384815285575706,0.35340085199760884
1700001K23Rik,-0.023178854449026225,0.023178854449026225,0.1892146073123413
Rgl3,-0.008506966180375157,0.008506966180375157,0.6299487359656096
Bmper,-0.007696442974823076,0.007696442974823076,0.6629144165467229
Snrnp35,0.060958110487098184,0.060958110487098184,0.0005491432056230161
Sncg,0.0038504790866363296,0.0038504790866363296,0.827373088573838
Glb1l3,-0.0033951247282286764,0.0033951247282286764,0.8475207312491063
Dnmbp,0.00821335179568792,0.00821335179568792,0.6418101909877376
Efcab4b,-0.003658332496906913,0.003658332496906913,0.8358617849114403
Ovca2,0.0037949260935735145,0.0037949260935735145,0.829825297023162
Col4a4,0.006124427573171455,0.006124427573171455,0.7286972839231645
Hic1,-0.006505202944638668,0.006505202944638668,0.712556556658231
Scd3,-0.03478687690848401,0.03478687690848401,0.04875315450968041
Arhgap32,0.0034033434910993414,0.0034033434910993414,0.8471561572854641
Scd4,0.0020172463373325667,0.0020172463373325667,0.9090424314590396
Pnpla3,0.025358517724240588,0.025358517724240588,0.15088700850022504
Sec31b,0.022935008081070032,0.022935008081070032,0.19391292314766875
Pnpla5,-0.024594203595812006,0.024594203595812006,0.16359003947092796
Tspan11,-0.009252017099476394,0.009252017099476394,0.6002804117787169
Efcab6,0.0014261862958776757,0.0014261862958776757,0.9356234271566415
Scube1,0.0014261862958776933,0.0014261862958776933,0.9356234271566415
Tead4,-0.016384815285575696,0.016384815285575696,0.35340085199760884
Lzts2,-0.02363952006311538,0.02363952006311538,0.18056856227085316
Barx2,0.0020172463373325697,0.0020172463373325697,0.9090424314590396
Btrc,0.02148984303486154,0.02148984303486154,0.22352302730101695
Bik,0.021623389659634895,0.021623389659634895,0.2206583341726595
Col4a3,-0.02758412829523213,0.02758412829523213,0.11816583058631161
Sgsm2,-0.012798226247808558,0.012798226247808558,0.4685412306764007
St14,-0.013297535906643225,0.013297535906643225,0.4513678808803236
Bcl7a,0.017793057293064702,0.017793057293064702,0.31355724118235045
2610028H24Rik,-0.017089743641213594,0.017089743641213594,0.33307193101197924
Adamts15,-0.03433059589349777,0.03433059589349777,0.05178947843279561
Tmem120b,-0.02534390145258139,0.02534390145258139,0.15112267419805353
Snx19,0.014128736830378769,0.014128736830378769,0.4235844697843266
Jam3,-0.0012079166122928202,0.0012079166122928202,0.9454591541420395
Psd,-0.016062212682217726,0.016062212682217726,0.3629602713819391
Morn3,0.015377932165845262,0.015377932165845262,0.38376641795548944
Epor,0.01979352033707045,0.01979352033707045,0.2622402780715176
Doc2b,0.019793520337070408,0.019793520337070408,0.2622402780715176
Hist1h3f,0.006002451678415879,0.006002451678415879,0.733893666634405
2310014F07Rik,-0.016976436920504514,0.016976436920504514,0.3362876004740701
Ncam1,0.0020830676516027597,0.0020830676516027597,0.9060880703840902
Odf3b,-0.01638481528557569,0.01638481528557569,0.35340085199760884
Leprel2,-0.04662666822674324,0.04662666822674324,0.008238672190702416
Ms4a4d,-0.02567314614901456,0.02567314614901456,0.14588170372728596
Ms4a3,0.03486024245965853,0.03486024245965853,0.04827916622396122
Cd4,-0.01952100245062681,0.01952100245062681,0.26886793894102556
Gstt2,0.054742905816979125,0.054742905816979125,0.0019177696276930366
Lag3,0.06159748743680902,0.06159748743680902,0.000479638856463239
Gm10825,-0.015302263926256929,0.015302263926256929,0.3861111593870167
Gdf10,0.01255930462250577,0.01255930462250577,0.47688490828615027
Itih4,-0.001948874139640412,0.001948874139640412,0.9121126192424485
Cadm1,0.0033942315462444934,0.0033942315462444934,0.8475603536426101
1600029D21Rik,-0.07283248772970233,0.07283248772970233,3.622285492307131e-05
Ptprn,0.0020172463373325667,0.0020172463373325667,0.9090424314590396
Pipox,0.019793520337070415,0.019793520337070415,0.2622402780715176
Derl3,0.008213351795687917,0.008213351795687917,0.6418101909877376
Apoc3,-0.04261169107609624,0.04261169107609624,0.015761105410475543
Apoa1,-0.02459420359581205,0.02459420359581205,0.16359003947092796
C130060C02Rik,-0.018806404647279437,0.018806404647279437,0.2867894719870822
Des,-0.040100216782696145,0.040100216782696145,0.023087635368268133
Gna14,-0.01314689960712713,0.01314689960712713,0.45651106136354747
Phkg1,-0.02758412829523213,0.02758412829523213,0.11816583058631161
C530028O21Rik,0.007985598932443206,0.007985598932443206,0.6510745057929191
BC018473,0.0014261862958776929,0.0014261862958776929,0.9356234271566415
Tagln,-0.040057092652024825,0.040057092652024825,0.023235744460318612
Pcsk5,-0.005184204102963814,0.005184204102963814,0.7690572243084616
Hist1h2bk,0.015006936894679593,0.015006936894679593,0.395345847505065
2410018M08Rik,0.014331406159512684,0.014331406159512684,0.4169649787983575
Kctd7,0.0059803889486677204,0.0059803889486677204,0.7348348874572137
Cpt1b,0.02368638001595131,0.02368638001595131,0.17970577484341788
Zfp184,0.0014261862958776929,0.0014261862958776929,0.9356234271566415
Lrrc18,0.015006936894679664,0.015006936894679664,0.395345847505065
Cygb,-0.011654553499088564,0.011654553499088564,0.5092052726146636
Ctgf,-0.010387835733269846,0.010387835733269846,0.5563116030202939
Fads2,-0.006018721512149038,0.006018721512149038,0.7331998331450561
Arhgap22,0.016749526930583708,0.016749526930583708,0.3427871675679381
Aldoc,0.0034920925990107442,0.0034920925990107442,0.8432214570570942
Spag5,-0.00033173159465762613,0.00033173159465762613,0.9850105845549587
Gm98,-0.0002336467823921729,0.0002336467823921729,0.9894422704404389
Dagla,-0.026343850623360414,0.026343850623360414,0.13563688187701112
Syt7,-0.007687569757293277,0.007687569757293277,0.6632790972629449
Lrrc10b,0.011410284646957983,0.011410284646957983,0.5181238277066333
Ppp1r32,-0.012556565514368017,0.012556565514368017,0.4769810332217532
1110021L09Rik,0.01979352033707041,0.01979352033707041,0.2622402780715176
Hist1h4m,-0.00015972196283657914,0.00015972196283657914,0.9927825777310969
Shank3,0.014624198343534893,0.014624198343534893,0.4075103787716722
Tmem138,0.016993801201092205,0.016993801201092205,0.33579350714714107
Proca1,0.0014261862958776926,0.0014261862958776926,0.9356234271566415
Rab34,0.028559268305652384,0.028559268305652384,0.105710388981716
Hspb2,-0.029460898853478027,0.029460898853478027,0.0951423137263582
2310030G06Rik,0.0014261862958776929,0.0014261862958776929,0.9356234271566415
Cd5,0.030088653956137256,0.030088653956137256,0.08829692993467259
Gm11744,0.01979352033707045,0.01979352033707045,0.2622402780715176
Cd6,0.022132265778298767,0.022132265778298767,0.20998383686313168
Pih1d2,0.0008815755854628025,0.0008815755854628025,0.9601798739007368
Tmem132a,0.028985293279122245,0.028985293279122245,0.10060635458002166
Tlcd1,-0.017154157257280638,0.017154157257280638,0.3312527331853388
Ddx4,0.0181236138940831,0.0181236138940831,0.3046505614766134
Lrrc23,-0.016384815285575702,0.016384815285575702,0.35340085199760884
Il31ra,-0.007942484281117698,0.007942484281117698,0.6528344191270106
Trpm6,-0.024594203595811995,0.024594203595811995,0.16359003947092796
Ankrd55,0.016204844647278484,0.016204844647278484,0.35871398956276174
Zfp11,-0.02401954454818748,0.02401954454818748,0.1736596529377704
Gpr133,-0.0056532762425939445,0.0056532762425939445,0.7488359002036198
Phldb1,-0.011321420606378033,0.011321420606378033,0.5213882760186666
Dnahc10,-0.024594203595811995,0.024594203595811995,0.16359003947092796
Slc4a3,-0.024594203595812,0.024594203595812,0.16359003947092796
Cxcr5,0.009729171242087751,0.009729171242087751,0.5816181396532376
Sgpp2,0.015006936894679636,0.015006936894679636,0.395345847505065
1700020N01Rik,0.0014261862958776731,0.0014261862958776731,0.9356234271566415
A930007I19Rik,0.007830274491136567,0.007830274491136567,0.6574237955840506
C230035I16Rik,0.013078688641223708,0.013078688641223708,0.458850778075912
Mogat1,0.001426186295877683,0.001426186295877683,0.9356234271566415
Tctn2,0.02446784873423276,0.02446784873423276,0.16576550689267913
Il33,0.007074938621168105,0.007074938621168105,0.6886463750465618
Ppp1r2-ps3,-0.023521509641092262,0.023521509641092262,0.18275499256287847
Prkg1,-0.0033792749548644946,0.0033792749548644946,0.8482238992564216
Dbil5,-0.03262192848225952,0.03262192848225952,0.0645982821145043
Hist1h2af,0.03852036132452886,0.03852036132452886,0.029079823578775334
2700046G09Rik,-0.013819335349865468,0.013819335349865468,0.433807648612741
Myb,0.0369913640114593,0.0369913640114593,0.0361074309324943
Fam57a,-0.024594203595811995,0.024594203595811995,0.16359003947092796
Pdzd3,-0.0021957485586674387,0.0021957485586674387,0.9010334730664504
Ccdc153,0.025022542440273167,0.025022542440273167,0.15637522354079847
Rnls,0.01705642563829175,0.01705642563829175,0.3340154374005559
Kcne4,-0.028194919624588338,0.028194919624588338,0.11023651052446438
Lipf,-0.024594203595812048,0.024594203595812048,0.16359003947092796
E130112N10Rik,-0.007138460186990004,0.007138460186990004,0.6859991972341619
Anxa8,0.007830274491136555,0.007830274491136555,0.6574237955840506
Hist1h3g,0.023758551917663205,0.023758551917663205,0.1783829394452226
Hist1h2bh,0.002470997266496091,0.002470997266496091,0.8887037322612967
Ch25h,-0.01662615238652806,0.01662615238652806,0.3463545406577533
1700016K19Rik,0.034934354935121724,0.034934354935121724,0.047804286880271614
Ift46,0.04544898818210158,0.04544898818210158,0.010014597044891629
Celsr1,-0.0028620771238623277,0.0028620771238623277,0.8712322373510495
1700018L02Rik,-0.03014899393127386,0.03014899393127386,0.08766040927749606
Ttc36,0.03281072162228654,0.03281072162228654,0.06306557155211327
Fxyd2,0.043855141787385116,0.043855141787385116,0.01295796498003249
Mmp11,0.020832839178050726,0.020832839178050726,0.23800354263399345
Hist1h2ag,0.010045894548028856,0.010045894548028856,0.5693822425303932
Tmprss13,-0.016384815285575706,0.016384815285575706,0.35340085199760884
Mapk12,0.016812822072605715,0.016812822072605715,0.34096613343168514
BC049352,-0.005128244070630747,0.005128244070630747,0.7714804396362861
Mir1192,0.005023973935732161,0.005023973935732161,0.7760015414479404
Tmprss4,0.02131365217193162,0.02131365217193162,0.2273430208473331
1700028P14Rik,0.01979352033707041,0.01979352033707041,0.2622402780715176
Fzd10,-0.034786876908484025,0.034786876908484025,0.04875315450968041
Scn2b,0.022977887133586724,0.022977887133586724,0.19308060518004752
Slc6a4,-0.03383445161461831,0.03383445161461831,0.05526893718138537
5930412G12Rik,-0.024594203595812044,0.024594203595812044,0.16359003947092796
Lpar5,0.03960555804040182,0.03960555804040182,0.024836708858669444
Tmem198,0.01979352033707041,0.01979352033707041,0.2622402780715176
Vpreb3,0.002267559956756475,0.002267559956756475,0.8978142628787716
Foxd4,0.007226173792701531,0.007226173792701531,0.6823501754853253
Mpzl2,-0.02459420359581207,0.02459420359581207,0.16359003947092796
Gm5134,-0.012556565514367998,0.012556565514367998,0.4769810332217532
Kank1,0.013020169549097588,0.013020169549097588,0.4608633943612866
Ncor2,-0.04688722265712945,0.04688722265712945,0.007886061507435855
Vldlr,-0.03440914212716493,0.03440914212716493,0.05125579753324919
Kcnv2,0.00142618629587768,0.00142618629587768,0.9356234271566415
Tusc5,-0.016384815285575723,0.016384815285575723,0.35340085199760884
C030016D13Rik,-0.0033951247282286903,0.0033951247282286903,0.8475207312491063
Fam101a,-0.0020137156252345812,0.0020137156252345812,0.9092009418448208
Glis3,0.004934983280439173,0.004934983280439173,0.7798661488780576
Mlc1,0.0031910389321226085,0.0031910389321226085,0.8565839867157047
Zfp664,-0.00230566138798917,0.00230566138798917,0.8961069049077031
Ccdc92,0.02631122096690094,0.02631122096690094,0.13612208453857255
Slc19a1,0.028131150204142186,0.028131150204142186,0.11104419574008348
Klrb1a,-0.02317885444902623,0.02317885444902623,0.18921460731233816
Rbm20,-0.02459420359581201,0.02459420359581201,0.16359003947092796
Klra1,0.01740131459901886,0.01740131459901886,0.3243321332577728
Kap,0.029825946125782196,0.029825946125782196,0.09111174004020613
Pla2g1b,0.01767426460750766,0.01767426460750766,0.3167994721771338
Mtap7,0.0033250888348596752,0.0033250888348596752,0.8506287506755458
Ttc13,0.03715190453921215,0.03715190453921215,0.03530723024643404
Bcl2l14,-0.0192340597100975,0.0192340597100975,0.27596968310520975
Capn9,0.0003693696081184997,0.0003693696081184997,0.9833101322393392
2810408A11Rik,0.03157166241885511,0.03157166241885511,0.07369530142272776
Sardh,-0.02328683634419814,0.02328683634419814,0.18716106845895736
Vav2,-0.0019488741396404138,0.0019488741396404138,0.9121126192424485
Syde1,0.009115765780299996,0.009115765780299996,0.6056586847604757
Il22ra2,-0.016384815285575723,0.016384815285575723,0.35340085199760884
Crebl2,0.00959524831703132,0.00959524831703132,0.5868286580657318
Lcn4,0.04100612250165346,0.04100612250165346,0.020160328908712367
Acta1,-0.012556565514368002,0.012556565514368002,0.4769810332217532
Kctd11,-0.01399010935815544,0.01399010935815544,0.42814744163895435
Ppp1r26,0.019793520337070394,0.019793520337070394,0.2622402780715176
1700007K13Rik,-0.017765976815801318,0.017765976815801318,0.3142944261768381
1700054N08Rik,0.01503914722121008,0.01503914722121008,0.394332216225376
Rab4a,-0.016713186439723634,0.016713186439723634,0.34383550505520577
Cel,0.019793520337070398,0.019793520337070398,0.2622402780715176
Syngr1,0.033011245844404305,0.033011245844404305,0.06147065353548179
Dcdc2a,0.01307868864122371,0.01307868864122371,0.458850778075912
Sox4,-0.02559448897281324,0.02559448897281324,0.14712095953879906
Cabp1,0.0014261862958776926,0.0014261862958776926,0.9356234271566415
2610008E11Rik,-0.0007035698255627206,0.0007035698255627206,0.968215473726524
Mc1r,-0.02459420359581201,0.02459420359581201,0.16359003947092796
Tmem95,0.023686380015951282,0.023686380015951282,0.17970577484341788
Gpr19,0.005339984392596121,0.005339984392596121,0.7623234656396478
Cldn7,0.00693949929490739,0.00693949929490739,0.6943033404308047
Fam69b,0.011789929782558646,0.011789929782558646,0.5042973593622722
Agpat2,0.007985598932443197,0.007985598932443197,0.6510745057929191
Entpd2,-0.008291711666230899,0.008291711666230899,0.6386354903393554
Dnmt3l,0.028818485733093424,0.028818485733093424,0.10258091860327075
Hspb8,-0.03343956953237214,0.03343956953237214,0.058175526083026716
Clic3,-0.026657998863526943,0.026657998863526943,0.1310335627526178
Pard3,0.016423574144415636,0.016423574144415636,0.3522631451145616
Klra7,0.02771107075695227,0.02771107075695227,0.11648207184249693
Slc16a11,0.01307868864122369,0.01307868864122369,0.458850778075912
Heatr7b1,-0.0020137156252345856,0.0020137156252345856,0.9092009418448208
Gm17296,0.03606802179146401,0.03606802179146401,0.04101583906925229
Mamdc4,-0.0033951247282286703,0.0033951247282286703,0.8475207312491063
Gm996,0.0014261862958776744,0.0014261862958776744,0.9356234271566415
Asgr2,0.027782027367411234,0.027782027367411234,0.1155491482740604
Rbfox3,-0.03633812453838098,0.03633812453838098,0.039524699589284625
Kcnk1,0.021229632433740056,0.021229632433740056,0.2291809419068157
A730008H23Rik,0.015006936894679634,0.015006936894679634,0.395345847505065
Cit,0.007830478614534916,0.007830478614534916,0.6574154351445753
Ubac1,0.03393258902892023,0.03393258902892023,0.05456565791527868
Klra3,0.0002868357625653229,0.0002868357625653229,0.987039027101828
Dvl2,0.024928921851616947,0.024928921851616947,0.15793117237190077
Qsox2,-0.019925903499809414,0.019925903499809414,0.2590617538163821
Gpsm1,-0.021041479028948776,0.021041479028948776,0.2333350498488183
Cacna1i,0.019793520337070408,0.019793520337070408,0.2622402780715176
4933403G14Rik,-0.015518982640887562,0.015518982640887562,0.3794189884900679
Snapc4,-0.00457436260870292,0.00457436260870292,0.7955816592996956
Pmpca,0.03399829620520996,0.03399829620520996,0.054098965061418244
Disc1,-0.015713444355997787,0.015713444355997787,0.3734752039721099
Glrp1,-0.0036583324969068813,0.0036583324969068813,0.8358617849114403
Egln1,0.02778276839523367,0.02778276839523367,0.11553943645947631
Pwp2,0.017691907433702005,0.017691907433702005,0.31631655819533006
Tnk1,0.023686380015951282,0.023686380015951282,0.17970577484341788
Ntng2,0.0020396920697417623,0.0020396920697417623,0.9080348211447415
Cbx2,0.011005218926424873,0.011005218926424873,0.5330892407743748
Perp,-0.017635063936389157,0.017635063936389157,0.31787419025504227
Pabpn1l,0.0014261862958776747,0.0014261862958776747,0.9356234271566415
Galns,0.05234235503337602,0.05234235503337602,0.0030127693504761787
Gprc5d,0.01979352033707041,0.01979352033707041,0.2622402780715176
Snai3,0.015006936894679678,0.015006936894679678,0.395345847505065
Usp20,0.00680531307560415,0.00680531307560415,0.6999248036434139
Pla2g6,-0.02577265235515743,0.02577265235515743,0.14432543005603113
Gm889,-0.02317885444902622,0.02317885444902622,0.1892146073123413
BC057022,0.02613056042940273,0.02613056042940273,0.13883277704048153
Scin,-0.024594203595811995,0.024594203595811995,0.16359003947092796
Ass1,0.08560286784118164,0.08560286784118164,1.191667063335244e-06
Fstl3,0.014944561722747779,0.014944561722747779,0.39731321045080475
Qrfp,0.030417595237071,0.030417595237071,0.08487171532426702
Lamc3,0.019793520337070394,0.019793520337070394,0.2622402780715176
Aif1l,-0.024594203595812054,0.024594203595812054,0.16359003947092796
Sat2,0.0038105067514228267,0.0038105067514228267,0.8291373706329712
Agmo,0.015249613785760337,0.015249613785760337,0.3877477826429258
Ppapdc3,-0.001984533643589144,0.001984533643589144,0.9105111969579294
Atp1b2,0.027699019215907235,0.027699019215907235,0.1166411090805837
Bmp4,-0.03485210417815862,0.03485210417815862,0.048331553190883905
Car5a,-0.003395124728228692,0.003395124728228692,0.8475207312491063
Slc7a5,0.02314781632484285,0.02314781632484285,0.18980793328606924
Pick1,0.051289041881741826,0.051289041881741826,0.003653130056860569
Dnm1,-0.01868196695928067,0.01868196695928067,0.28999083953660176
1700088E04Rik,-0.004400392896792767,0.004400392896792767,0.8031932724404909
8430419L09Rik,0.020197890951703473,0.020197890951703473,0.25261529563202445
9130017N09Rik,0.001426186295877676,0.001426186295877676,0.9356234271566415
Zcchc14,0.007434486132360474,0.007434486132360474,0.6737138844281639
Gsg1,0.007973033867268452,0.007973033867268452,0.6515872038559413
Naif1,0.014292339644755181,0.014292339644755181,0.41823618587393085
Prrx2,-0.024125350880187243,0.024125350880187243,0.17177167101269478
Klra21,0.0014261862958776799,0.0014261862958776799,0.9356234271566415
Rab17,-0.024594203595812006,0.024594203595812006,0.16359003947092796
1700001O22Rik,0.027996627452026787,0.027996627452026787,0.11276333343219275
Apold1,0.025647631756729614,0.025647631756729614,0.14628280866216872
Agap1,-0.021705221373390714,0.021705221373390714,0.21891602701076315
Spire2,0.015006936894679648,0.015006936894679648,0.395345847505065
Iqca,0.015006936894679598,0.015006936894679598,0.395345847505065
4933417D19Rik,0.027848776076628615,0.027848776076628615,0.11467691892339088
Cercam,0.009061607296289232,0.009061607296289232,0.6078024660619078
D10Bwg1379e,-0.016384815285575696,0.016384815285575696,0.35340085199760884
Nlgn2,-0.00015483791270191316,0.00015483791270191316,0.9930032695770785
Spata2l,-0.006370148722258197,0.006370148722258197,0.7182671079917993
Wdr34,0.013678656706159106,0.013678656706159106,0.4385026690742584
Spem1,-0.024594203595812006,0.024594203595812006,0.16359003947092796
Shc2,0.0014261862958776911,0.0014261862958776911,0.9356234271566415
Tmem102,0.01979352033707041,0.01979352033707041,0.2622402780715176
Agtr1a,0.01979352033707041,0.01979352033707041,0.2622402780715176
4732415M23Rik,0.002470997266496109,0.002470997266496109,0.8887037322612967
Gpr137c,0.00821335179568792,0.00821335179568792,0.6418101909877376
Hcn2,0.01307868864122368,0.01307868864122368,0.458850778075912
4930515G01Rik,0.009063748674331485,0.009063748674331485,0.6077176386662166
Sult5a1,-0.027757175148331724,0.027757175148331724,0.11587522993253788
Phyhd1,-0.008576803440710512,0.008576803440710512,0.6271412795755166
Dmc1,0.03429407139067889,0.03429407139067889,0.05203922188540989
Kdelr3,0.006471676078234116,0.006471676078234116,0.7139726988619718
Cpne7,0.0014261862958776757,0.0014261862958776757,0.9356234271566415
Fam73b,0.026344476691102788,0.026344476691102788,0.13562758532762878
Ccdc40,0.013078688641223692,0.013078688641223692,0.458850778075912
Col6a3,-0.011435899048198693,0.011435899048198693,0.5171848398570581
Tnfsf13,0.022882213444708647,0.022882213444708647,0.19494132338124948
Tchp,0.00424678184203271,0.00424678184203271,0.8099297147336437
Cstad,0.022882213444708602,0.022882213444708602,0.19494132338124948
Mlph,0.027301630308426847,0.027301630308426847,0.12198132664890933
Bcl6b,0.006439566857639958,0.006439566857639958,0.7153298850041346
AA543186,-0.011877578211742183,0.011877578211742183,0.5011331163883144
Klra18,-0.0019488741396403817,0.0019488741396403817,0.9121126192424575
Pitpnm3,0.008658817235087178,0.008658817235087178,0.6238512063344577
Sept3,-0.024594203595811995,0.024594203595811995,0.16359003947092796
Gm7102,-0.01185770574160575,0.01185770574160575,0.5018496202462904
Klrb1b,-0.01959093528948405,0.01959093528948405,0.26715630168087434
Ccdc63,-0.021208405928524836,0.021208405928524836,0.22964693684145338
Sh2d4b,0.026008997310901665,0.026008997310901665,0.14068001254370013
Clec2g,0.05670915279361008,0.05670915279361008,0.0013076388825257873
Zglp1,0.0014261862958776744,0.0014261862958776744,0.9356234271566415
Suv39h2,0.005202775177274613,0.005202775177274613,0.7682535451365018
Icam4,0.021244776661045357,0.021244776661045357,0.22884888534464295
Cdnf,0.04125268544305866,0.04125268544305866,0.01942191103510934
Acad10,-0.002032397905912362,0.002032397905912362,0.908362246966427
Bend7,0.03419710842430231,0.03419710842430231,0.05270711396610637
Adam1a,0.0342940713906789,0.0342940713906789,0.05203922188540989
Mat1a,0.015006936894679586,0.015006936894679586,0.395345847505065
AI848285,0.015006936894679584,0.015006936894679584,0.395345847505065
Ccdc3,-0.02459420359581208,0.02459420359581208,0.16359003947092796
Cd69,0.026364335639608178,0.026364335639608178,0.13533295279511443
6330403K07Rik,-0.0028886326349865862,0.0028886326349865862,0.8700480449672771
Ppan,0.048040048661582783,0.048040048661582783,0.0064827281487834214
Clec12b,0.013078688641223713,0.013078688641223713,0.458850778075912
A230050P20Rik,0.04146612128664169,0.04146612128664169,0.01880188859186266
5430407P10Rik,0.008213351795687916,0.008213351795687916,0.6418101909877376
Echdc3,0.00862669840264322,0.00862669840264322,0.6251388000916135
Col5a3,-0.004163889972695664,0.004163889972695664,0.8135707351292273
5031426D15Rik,-0.00409754746223543,0.00409754746223543,0.8164877339328844
Gata3,0.036315609315264494,0.036315609315264494,0.03964721565126635
Clec9a,0.009892421493249249,0.009892421493249249,0.5752959865856856
Clec1a,-0.027576849344305456,0.027576849344305456,0.11826295371231861
Sfxn4,0.012450306810342808,0.012450306810342808,0.4807181964557019
Itih5,-0.031212670775659118,0.031212670775659118,0.07703516170631496
B3gnt7,-0.018303518318832215,0.018303518318832215,0.2998743620873549
Fam109b,-0.008430938895521297,0.008430938895521297,0.6330111155966939
Ccdc159,0.030417595237071007,0.030417595237071007,0.08487171532426702
Gm6484,-0.0136449342814274,0.0136449342814274,0.4396324464396551
Hist1h4b,0.0019345186993911553,0.0019345186993911553,0.9127574046360756
Adra2a,0.01979352033707041,0.01979352033707041,0.2622402780715176
Gpam,-0.016607237130179923,0.016607237130179923,0.3469035570363951
Hist1h4a,0.0047468670207888135,0.0047468670207888135,0.7880533057432143
4930552P12Rik,0.02288221344470864,0.02288221344470864,0.19494132338124948
Spns2,0.02087094893610075,0.02087094893610075,0.23714591990485273
Cyp2d26,-0.021532981255613207,0.021532981255613207,0.22259478160680746
Yipf2,0.045748044797532514,0.045748044797532514,0.009533982294679505
Adrb1,0.05407465141518107,0.05407465141518107,0.0021785262082167486
Col18a1,0.012677263109483776,0.012677263109483776,0.47275540535279587
Afap1l2,0.01941034708071794,0.01941034708071794,0.2715916247432573
B230217O12Rik,-0.011857705741605766,0.011857705741605766,0.5018496202462904
Smtnl2,-0.030734542040013038,0.030734542040013038,0.08167380206884149
Klrb1c,-0.0028394025487929707,0.0028394025487929707,0.8722435952985629
6720468P15Rik,0.002092825149803408,0.002092825149803408,0.9056502188460309
Rad9b,-0.016384815285575702,0.016384815285575702,0.35340085199760884
Gfra1,0.019793520337070405,0.019793520337070405,0.2622402780715176
Pnlip,0.034294071390678915,0.034294071390678915,0.05203922188540989
Pnliprp1,0.034294071390678915,0.034294071390678915,0.05203922188540989
Hspa12a,-0.026702151250121146,0.026702151250121146,0.13039640614300801
Eno4,0.002017246337332568,0.002017246337332568,0.9090424314590396
Tekt1,0.027996627452026662,0.027996627452026662,0.11276333343219275
Slc18a2,-0.011857705741605728,0.011857705741605728,0.5018496202462904
Gpr55,0.01979352033707041,0.01979352033707041,0.2622402780715176
1500032L24Rik,-0.03585210509554723,0.03585210509554723,0.04224185101118993
Gm10941,-0.021146661261548,0.021146661261548,0.231006274192539
4930563E22Rik,-0.013079465424282673,0.013079465424282673,0.45882409573979394
Tctn1,0.022977887133586672,0.022977887133586672,0.19308060518004752
Gm684,-0.016726669578060047,0.016726669578060047,0.3434463097897244
D630042F21Rik,-0.0009746110076430504,0.0009746110076430504,0.9559815922205863
Zfp558,-0.0275841282952321,0.0275841282952321,0.11816583058631161
BC100451,0.00821335179568792,0.00821335179568792,0.6418101909877376
Lrrc3,-0.021532981255613207,0.021532981255613207,0.22259478160680746
Enkur,0.041929061784867744,0.041929061784867744,0.017516241277669438
LOC433944,-0.02459420359581201,0.02459420359581201,0.16359003947092796
Sftpd,-0.0024082549295813592,0.0024082549295813592,0.8915120120807731
Tm4sf5,0.0014261862958776907,0.0014261862958776907,0.9356234271566415
Zmynd15,0.03991341377116338,0.03991341377116338,0.023735172840041605
Mastl,0.01850471603203828,0.01850471603203828,0.29459228766363316
AW549542,-0.003616776539970428,0.003616776539970428,0.8377002055609555
Klra6,0.0014261862958776796,0.0014261862958776796,0.9356234271566415
Kcnj13,0.034294071390678915,0.034294071390678915,0.05203922188540989
Chadl,-0.011875989981515064,0.011875989981515064,0.5011903602609817
3110079O15Rik,0.0014261862958776677,0.0014261862958776677,0.9356234271566415
L3mbtl2,0.007885120586701058,0.007885120586701058,0.655178965441954
Trpc6,-0.0275841282952321,0.0275841282952321,0.11816583058631161
Alox12,0.012993444683835086,0.012993444683835086,0.4617841667306619
Zmynd19,0.01637701297433853,0.01637701297433853,0.3536301573478167
C1qtnf1,-0.016182370896222747,0.016182370896222747,0.35938097331262914
Ngef,0.0014261862958776781,0.0014261862958776781,0.9356234271566415
Rnft2,-0.02758412829523209,0.02758412829523209,0.11816583058631161
Fbxw8,0.005795892923075142,0.005795892923075142,0.7427211592687049
Mmp27,0.00247099726649611,0.00247099726649611,0.8887037322612967
Sag,-0.04940326290083512,0.04940326290083512,0.005115753329158443
Mmp3,-0.011366026768387844,0.011366026768387844,0.5197483332284104
Rnf208,0.0014261862958776755,0.0014261862958776755,0.9356234271566415
Mmp12,0.00036936960811853435,0.00036936960811853435,0.9833101322393302
Tesc,-0.030085087435538,0.030085087435538,0.08833466909228158
Pdgfd,-0.0025390456763497017,0.0025390456763497017,0.8856595369246401
Casp12,0.07703213943805298,0.07703213943805298,1.2470679543176357e-05
Sdsl,0.008658817235087208,0.008658817235087208,0.6238512063344577
1700101I11Rik,-0.0013791687408504613,0.0013791687408504613,0.9377413668218049
Ercc8,0.01911163023453063,0.01911163023453063,0.2790383539965957
Chrne,0.011883682186112871,0.011883682186112871,0.5009131457934233
Nppc,0.01979352033707042,0.01979352033707042,0.2622402780715176
Il2ra,-0.013990891645695249,0.013990891645695249,0.4281216124085078
Fat3,-0.0347833748531253,0.0347833748531253,0.048775877332446274
Slc36a4,0.024572976968528136,0.024572976968528136,0.1639539900473096
Oas1c,-0.027380171858564492,0.027380171858564492,0.12091098767715598
Itga8,-0.0743980681447392,0.0743980681447392,2.449885517321982e-05
E030013I19Rik,-0.022429729900014194,0.022429729900014194,0.2039197618220462
Gabarapl1,0.01166718738883062,0.01166718738883062,0.5087461896854317
Klre1,0.00647954421588175,0.00647954421588175,0.7136402677233755
2200002K05Rik,0.0014261862958776731,0.0014261862958776731,0.9356234271566415
Folr4,-0.012561478012129404,0.012561478012129404,0.4768086439464467
Zfp3,0.02282235430144476,0.02282235430144476,0.1961121653106232
St8sia6,0.03152111916760867,0.03152111916760867,0.07415824394754446
Gpr83,-0.03516544107044229,0.03516544107044229,0.04634871366364968
Dtx1,-0.0006687263437537305,0.0006687263437537305,0.9697887939110107
Rasal1,-0.003395124728228672,0.003395124728228672,0.8475207312491063
Depdc1b,0.015006936894679641,0.015006936894679641,0.395345847505065
Cacnb2,-0.024594203595812,0.024594203595812,0.16359003947092796
Dock4,0.025393568225698843,0.025393568225698843,0.15032301186845062
Plxdc2,-0.036505013182362246,0.036505013182362246,0.03862655523478947
Nebl,-0.024594203595812002,0.024594203595812002,0.16359003947092796
A930004D18Rik,-0.0044077416030041516,0.0044077416030041516,0.8028713647964422
Gm17762,0.007039307963884836,0.007039307963884836,0.6901329087368737
Inca1,0.026008997310901675,0.026008997310901675,0.14068001254370013
Efhd1,0.001426186295877683,0.001426186295877683,0.9356234271566415
Kdm4d,0.015006936894679588,0.015006936894679588,0.395345847505065
Klrc2,-0.024594203595812082,0.024594203595812082,0.16359003947092796
Gp1ba,0.0014261862958776926,0.0014261862958776926,0.9356234271566415
Csdc2,0.01979352033707041,0.01979352033707041,0.2622402780715176
Gm3230,0.022785987708484598,0.022785987708484598,0.19682600444576076
Arhgap20,0.04125573311110438,0.04125573311110438,0.019412933517861854
Tymp,0.0236863800159513,0.0236863800159513,0.17970577484341788
Rhpn2,0.021266793439559707,0.021266793439559707,0.22836675016480648
AI450353,0.01781376180963949,0.01781376180963949,0.3129943904742203
Icos,-0.021111322877923083,0.021111322877923083,0.2317868313896296
Ccdc11,0.00474686702078882,0.00474686702078882,0.7880533057432143
Myo5b,0.02600899731090168,0.02600899731090168,0.14068001254370013
Gm6981,0.02354105351489797,0.02354105351489797,0.18239154567329383
AA465934,0.0020172463373325684,0.0020172463373325684,0.9090424314590396
Lipg,-0.004604582984857707,0.004604582984857707,0.7942613996116126
Pard3b,0.009063260499934795,0.009063260499934795,0.6077369764791791
Myo1e,0.0048149808604041906,0.0048149808604041906,0.7850861132973876
Slfn3,0.03651774456767301,0.03651774456767301,0.03855875617120074
Fam81a,-0.027584128295232102,0.027584128295232102,0.11816583058631161
Pcdhgb5,0.019793520337070405,0.019793520337070405,0.2622402780715176
Pcdhga7,0.027996627452026728,0.027996627452026728,0.11276333343219275
Pcdhga6,0.019793520337070405,0.019793520337070405,0.2622402780715176
Pcdhgb2,-0.003395124728228698,0.003395124728228698,0.8475207312491063
9330159F19Rik,0.013189060647976774,0.013189060647976774,0.45506824645896626
9530091C08Rik,-0.02459420359581208,0.02459420359581208,0.16359003947092796
Pcdhgb1,0.01979352033707041,0.01979352033707041,0.2622402780715176
Ninj2,-0.024594203595812082,0.024594203595812082,0.16359003947092796
C2cd4a,-0.024594203595812065,0.024594203595812065,0.16359003947092796
Fbxo24,-0.024594203595812006,0.024594203595812006,0.16359003947092796
C2cd4b,0.019793520337070398,0.019793520337070398,0.2622402780715176
Pcdhga2,0.019793520337070398,0.019793520337070398,0.2622402780715176
Vdr,0.02413017732727944,0.02413017732727944,0.1716859167127532
Irs3,-0.0034936934831455713,0.0034936934831455713,0.8431505172975946
Pcdhga9,0.027996627452026798,0.027996627452026798,0.11276333343219275
Pcdhgb6,0.027996627452026676,0.027996627452026676,0.11276333343219275
Pcdhga10,0.019793520337070408,0.019793520337070408,0.2622402780715176
Spats2,0.019793520337070408,0.019793520337070408,0.2622402780715176
Zfp280d,0.02480098789640836,0.02480098789640836,0.16007631567440533
Zfp641,0.0024709972664961177,0.0024709972664961177,0.8887037322612967
AI836003,-0.02916288166837466,0.02916288166837466,0.09853757355581799
Bicc1,0.0014261862958776929,0.0014261862958776929,0.9356234271566415
Tcf12,0.007687955400804042,0.007687955400804042,0.6632632460265437
Rell2,-0.01776597681580131,0.01776597681580131,0.3142944261768381
Mlh3,0.04571909133889221,0.04571909133889221,0.009579597535067052
Ccdc68,-0.005527392740478895,0.005527392740478895,0.7542463618903226
Mfsd7c,0.014265690918888829,0.014265690918888829,0.4191046307121253
Trpc1,0.01979352033707041,0.01979352033707041,0.2622402780715176
Pcdhgc3,-0.024594203595812048,0.024594203595812048,0.16359003947092796
Rab27b,0.024882788444316448,0.024882788444316448,0.1587021950745486
Pcdhgb8,-0.003395124728228691,0.003395124728228691,0.8475207312491063
3110021A11Rik,0.01155045149079302,0.01155045149079302,0.5129963114625805
Stard6,0.011080622540707685,0.011080622540707685,0.5302869417708169
Poli,0.04585506619909712,0.04585506619909712,0.009367049316340114
Ctla4,0.005345524845102848,0.005345524845102848,0.7620843015116997
6430598A04Rik,-0.0002336467823921399,0.0002336467823921399,0.9894422704404389
Pcdhga11,0.019793520337070415,0.019793520337070415,0.2622402780715176
Aldh1a2,-0.013884188548229922,0.013884188548229922,0.4316530515761579
Lipc,-0.0008245067302550726,0.0008245067302550726,0.9627556954805373
Pcdhgb7,0.002017246337332564,0.002017246337332564,0.9090424314590396
Mapk4,-0.013288965750597502,0.013288965750597502,0.4516596101307189
Ska1,0.06503423710497179,0.06503423710497179,0.00022682046492521795
Fst,-0.02646103342266667,0.02646103342266667,0.13390537672964395
Tfr2,0.01979352033707045,0.01979352033707045,0.2622402780715176
Pls1,0.027996627452026687,0.027996627452026687,0.11276333343219275
Slc25a2,0.007985598932443194,0.007985598932443194,0.6510745057929191
Pcdhb7,-0.0030770844760303374,0.0030770844760303374,0.8616529119532891
Pex26,0.02586538531163764,0.02586538531163764,0.14288656998094731
Tuba8,-0.0019488741396403947,0.0019488741396403947,0.9121126192424575
Ufsp1,0.0070895734708807,0.0070895734708807,0.6880361474626309
Fzd5,0.004855792228478168,0.004855792228478168,0.7833097693909706
Epdr1,-0.015113049289633283,0.015113049289633283,0.39201252918160095
Gal,0.011612319717393176,0.011612319717393176,0.5107415121264886
Pcdhb5,0.0014261862958776825,0.0014261862958776825,0.9356234271566415
Pcdhb4,-0.024594203595812054,0.024594203595812054,0.16359003947092796
Rbpms2,-0.03710001403873736,0.03710001403873736,0.035564203265878766
Slc38a4,0.0014261862958776783,0.0014261862958776783,0.9356234271566415
Suv420h1,0.03453381874737093,0.03453381874737093,0.050418138467523
Pif1,0.036068021791464094,0.036068021791464094,0.04101583906925027
Cct6b,0.012041669630409115,0.012041669630409115,0.4952375476118133
D630023F18Rik,0.008213351795687922,0.008213351795687922,0.6418101909877376
Rasl12,-0.03218712970075652,0.03218712970075652,0.06824526420813318
Pcdhac2,-0.02792512765055974,0.02792512765055974,0.1136855639764995
Cilp,0.002015857716780183,0.002015857716780183,0.9091047727799786
Mospd4,0.0077701563680353195,0.0077701563680353195,0.6598879605766291
Kcnh3,-0.024594203595812048,0.024594203595812048,0.16359003947092796
Parp16,-0.008731106452637055,0.008731106452637055,0.620957447736502
Ift122,0.030508394641783565,0.030508394641783565,0.08394539326273082
Doc2g,0.024612859655163515,0.024612859655163515,0.16327066656800068
Mtap2,0.02799662745202671,0.02799662745202671,0.11276333343219275
Sfrp4,-0.03478687690848406,0.03478687690848406,0.04875315450968041
Cd226,0.021906959853448763,0.021906959853448763,0.21466298182277385
Colq,-0.006411478417290317,0.006411478417290317,0.7165178597621877
Pcdhb9,0.0014261862958776762,0.0014261862958776762,0.9356234271566415
Pcdhb16,-0.03619361868293783,0.03619361868293783,0.04031664022344692
Themis,0.03433465507100263,0.03433465507100263,0.05176178500198031
Adnp2,-0.031167521139780933,0.031167521139780933,0.07746380374968936
Pcdhb22,0.027996627452026707,0.027996627452026707,0.11276333343219275
Pcdhb20,-0.03478222642999437,0.03478222642999437,0.048783330724301695
Pcdhb19,0.01979352033707041,0.01979352033707041,0.2622402780715176
Pcdhb18,0.019793520337070398,0.019793520337070398,0.2622402780715176
Slfn9,0.05524318588158586,0.05524318588158586,0.001741661450280475
1700003F17Rik,-0.024594203595812002,0.024594203595812002,0.16359003947092796
Hsbp1l1,-0.017765976815801304,0.017765976815801304,0.3142944261768381
4930487H11Rik,0.036068021791464,0.036068021791464,0.04101583906925229
Kcng2,0.024424090362113814,0.024424090362113814,0.16652394980951107
Cecr6,-0.0018650005719473561,0.0018650005719473561,0.9158806681502859
Gm11602,0.011080622540707723,0.011080622540707723,0.5302869417708169
Evpl,0.0342940713906789,0.0342940713906789,0.05203922188540989
Car12,0.002470997266496116,0.002470997266496116,0.8887037322612967
Fbxl22,-0.002452753017522331,0.002452753017522331,0.8895201829564988
Amph,0.01573007147338216,0.01573007147338216,0.37296967833059913
Rapgef3,0.0005499941921089006,0.0005499941921089006,0.9751508631116214
Cecr2,-0.02459420359581205,0.02459420359581205,0.16359003947092796
Dapk2,0.0019495091578649445,0.0019495091578649445,0.9120840982539595
Nle1,0.01298037523214399,0.01298037523214399,0.462234832175233
Ptprk,0.009921102979451153,0.009921102979451153,0.5741886072904063
Pcdhb17,0.002015642869795763,0.002015642869795763,0.9091144182617501
Ccnyl1,0.010796646048587927,0.010796646048587927,0.5408794327376097
Endou,-0.023589674557853837,0.023589674557853837,0.18148969097980988
Pcdhb14,0.0014261862958776781,0.0014261862958776781,0.9356234271566415
Chst2,-0.03475888917637174,0.03475888917637174,0.04893499922424042
Troap,0.04087796391364602,0.04087796391364602,0.020553728359064105
Wnt5b,0.0014261862958776764,0.0014261862958776764,0.9356234271566415
Irak1bp1,0.03975165773893741,0.03975165773893741,0.02430855164013481
March3,0.007908648266700248,0.007908648266700248,0.6542169386605532
Dpysl3,0.01675580397485721,0.01675580397485721,0.3426062966825389
Mei4,0.027996627452026683,0.027996627452026683,0.11276333343219275
Edaradd,0.0014261862958776742,0.0014261862958776742,0.9356234271566415
D430036J16Rik,-0.012556565514367998,0.012556565514367998,0.4769810332217532
1700011I03Rik,-0.010966619090224346,0.010966619090224346,0.5345266558588272
Dusp14,0.002012711415658605,0.002012711415658605,0.9092460262283839
Myo6,-0.03137781773469215,0.03137781773469215,0.07548371899002478
Zfp68,0.046722375901607306,0.046722375901607306,0.008107543984701078
Rasgrf1,-0.03174075535592751,0.03174075535592751,0.07216366427082681
F830016B08Rik,0.03014896776570405,0.03014896776570405,0.08766068449162417
Dhh,-0.0068472973380826665,0.0068472973380826665,0.6981641721930256
Hnf1b,-0.013990891645695232,0.013990891645695232,0.4281216124085078
Filip1,-0.019992836126907085,0.019992836126907085,0.257464894196989
Col12a1,-0.016364911313328595,0.016364911313328595,0.35398600399339136
Synpo,-0.019448442315649704,0.019448442315649704,0.27065181966380125
Cd109,0.00783047861453485,0.00783047861453485,0.6574154351445753
Fam164c,0.019793520337070408,0.019793520337070408,0.2622402780715176
Adamts7,-0.0033951247282286894,0.0033951247282286894,0.8475207312491063
Tbc1d2b,-0.002411824598131258,0.002411824598131258,0.891352200703181
Gpc2,-0.0362637738921882,0.0362637738921882,0.03993050201048891
Arsi,0.008658817235087202,0.008658817235087202,0.6238512063344577
Sh3rf2,0.01979352033707045,0.01979352033707045,0.2622402780715176
Camk2a,0.008213351795687919,0.008213351795687919,0.6418101909877376
A430033K04Rik,0.009981069247647125,0.009981069247647125,0.5718766018910209
Gal3st4,-0.0009746110076430354,0.0009746110076430354,0.9559815922205863
Lrr1,0.045860307505177285,0.045860307505177285,0.009358941238761612
Prkar1b,0.017278231012025705,0.017278231012025705,0.3277667237935657
Gpr30,0.02799122115358181,0.02799122115358181,0.1128328592197358
9430037G07Rik,0.015006936894679627,0.015006936894679627,0.395345847505065
Myo19,0.004354040804968919,0.004354040804968919,0.8052244775303428
Pigw,-0.00014442199594833218,0.00014442199594833218,0.9934739274241439
Olfr212,-0.013632950450893517,0.013632950450893517,0.44003433365114475
Zfp422,0.032366263906280106,0.032366263906280106,0.06672273918758988
Gng4,-0.024594203595812048,0.024594203595812048,0.16359003947092796
Als2cr4,0.03392283455799643,0.03392283455799643,0.054635225483863376
Rhobtb1,0.029686626003444242,0.029686626003444242,0.09263350750972202
Me1,-0.007478930313520567,0.007478930313520567,0.6718768042158639
Rspo3,0.0197935203370704,0.0197935203370704,0.2622402780715176
4930502E09Rik,-0.003395124728228679,0.003395124728228679,0.8475207312491063
Tpbg,0.019793520337070415,0.019793520337070415,0.2622402780715176
Bap1,0.008843219961602708,0.008843219961602708,0.616481096363905
Ythdc2,0.03175412169444844,0.03175412169444844,0.07204371204737776
A930012L18Rik,-0.0019488741396403934,0.0019488741396403934,0.9121126192424575
Lox,-0.018919830243626427,0.018919830243626427,0.28389226322574307
Sncaip,0.027996627452026673,0.027996627452026673,0.11276333343219275
Als2cr12,0.007873650886981876,0.007873650886981876,0.6556481593081036
Sh3bgrl2,0.021809249008876007,0.021809249008876007,0.21671542533026278
Snx24,0.031023062516586798,0.031023062516586798,0.07884832975758951
Cdk3-ps,-0.003658332496906904,0.003658332496906904,0.8358617849114403
Prdm6,-0.021820063770880208,0.021820063770880208,0.21648756604108849
Lhx1,-0.005171376475420862,0.005171376475420862,0.7696124958199593
Lca5,0.0031893633432316148,0.0031893633432316148,0.856658478024125
Scgb3a2,0.05112902973985735,0.05112902973985735,0.0037605702441887053
Oxnad1,0.05386917155907339,0.05386917155907339,0.002265007383377779
Ddx43,-0.004802928842364249,0.004802928842364249,0.7856109004832713
Gsta4,-0.01943532781988047,0.01943532781988047,0.2709751009622142
Atp8b1,0.019793520337070398,0.019793520337070398,0.2622402780715176
Ank3,-0.016384815285575696,0.016384815285575696,0.35340085199760884
Alpk2,0.004560913217928443,0.004560913217928443,0.7961694210880488
4933412O06Rik,-0.01638481528557569,0.01638481528557569,0.35340085199760884
Zfp532,0.01853004276152779,0.01853004276152779,0.29393182521619987
Cacna2d4,-0.034786876908484046,0.034786876908484046,0.04875315450968041
Grp,0.006933749117830146,0.006933749117830146,0.6945438908795752
2410004A20Rik,0.0038758960543164643,0.0038758960543164643,0.8262516973146623
Ccbe1,-0.013592537713118826,0.013592537713118826,0.44139115881489405
D630032N06Rik,0.03179925265068783,0.03179925265068783,0.07163990320036422
Plod2,-0.006762328210367437,0.006762328210367437,0.7017290675137683
Inhba,0.036542908604853604,0.036542908604853604,0.03842504623900131
Slc9a9,0.006496457863541088,0.006496457863541088,0.7129258451235486
Zfp113,0.005300799385818013,0.005300799385818013,0.7640156070879153
Lrtm2,-0.02459420359581199,0.02459420359581199,0.16359003947092796
Pcdh12,-0.04356417219610312,0.04356417219610312,0.01357110518186294
Cd28,0.039753141280013685,0.039753141280013685,0.024303238864335313
Dyx1c1,-0.023546251326273002,0.023546251326273002,0.18229497502215844
1700040L02Rik,0.0020172463373325632,0.0020172463373325632,0.9090424314590396
1700086O06Rik,0.001496236392369355,0.001496236392369355,0.9324688189987039
5033411D12Rik,0.004746867020788834,0.004746867020788834,0.7880533057432143
Slmo1,-0.018806404647279406,0.018806404647279406,0.2867894719870822
Fam13c,-0.02640220179196531,0.02640220179196531,0.1347725306512473
Cep76,0.007936993716122592,0.007936993716122592,0.6530586795389614
4930509E16Rik,-0.016384815285575696,0.016384815285575696,0.35340085199760884
Carf,0.00036936960811849277,0.00036936960811849277,0.9833101322393392
Gsta2,0.015006936894679627,0.015006936894679627,0.395345847505065
Myo5c,0.041017559868628456,0.041017559868628456,0.020125541748243457
Spry4,0.007483687221163323,0.007483687221163323,0.6716802953378184
Pde6a,0.018123613894083027,0.018123613894083027,0.3046505614766134
Zfp239,0.0014261862958776755,0.0014261862958776755,0.9356234271566415
Prelid2,-0.001727891039707649,0.001727891039707649,0.9220443932031874
C920006O11Rik,0.024509423007206606,0.024509423007206606,0.16504732903320188
Bms1,0.05775834114871811,0.05775834114871811,0.0010608728703251304
Plscr2,0.027089647136010257,0.027089647136010257,0.12490713317356995
Zfp248,-0.01421986685935116,0.01421986685935116,0.42060044949417247
E330013P06,-0.002706234543890337,0.002706234543890337,0.8781874709588438
Zfp9,0.017551986398268972,0.017551986398268972,0.32015971231922186
Lrrc1,0.0064952969923188055,0.0064952969923188055,0.7129748716096268
Bmp5,-0.032960713590046466,0.032960713590046466,0.061869394221957065
Fkbp11,0.0013730665298565415,0.0013730665298565415,0.938016277917407
Ablim3,-0.01733576660780886,0.01733576660780886,0.32615829360581966
Ankrd26,0.03350833578274507,0.03350833578274507,0.05766042171773084
Tmod2,-0.028508846911136806,0.028508846911136806,0.10632781930850932
Itga2,-0.024594203595811995,0.024594203595811995,0.16359003947092796
Spink10,0.0024602556722933943,0.0024602556722933943,0.8891844164734145
Tnnc1,0.007872749439344264,0.007872749439344264,0.6556850408124798
Apcdd1,0.023686380015951296,0.023686380015951296,0.17970577484341788
4933433G15Rik,-0.022585073803951194,0.022585073803951194,0.20080403703012356
Fam38b,0.010328826846385227,0.010328826846385227,0.5585567287388854
Cacnb3,-0.019305747965173498,0.019305747965173498,0.27418355047508025
B430319G15Rik,0.008115407848857021,0.008115407848857021,0.6457875433786351
Gm5820,-0.0014540997929771188,0.0014540997929771188,0.9343662579733192
Fgf1,-0.054822772289893504,0.054822772289893504,0.0018886007128452388
Adcy6,-0.0009886814824960361,0.0009886814824960361,0.9553467566022636
Slc24a1,-0.03174075535592749,0.03174075535592749,0.07216366427082681
Acy3,0.012965243685180861,0.012965243685180861,0.4627569098159849
Ccl8,0.059628024044608305,0.059628024044608305,0.0007247829804853175
1110038D17Rik,-0.043683446959009116,0.043683446959009116,0.013316733273056115
Fzd9,0.01979352033707041,0.01979352033707041,0.2622402780715176
Cd163,0.019066251059198524,0.019066251059198524,0.2801816443921312
Map4k2,-0.017821730612502605,0.017821730612502605,0.31277793650001545
Hist1h4k,0.00821335179568791,0.00821335179568791,0.6418101909877376
Pygm,-0.027084955083650483,0.027084955083650483,0.12497250650656291
Tbl2,0.011617731022448521,0.011617731022448521,0.510544542590898
Snhg4,0.016310155156246516,0.016310155156246516,0.3555989217997671
Chrm3,0.004545753995261366,0.004545753995261366,0.7968320440731332
Nrxn2,0.019541378935901278,0.019541378935901278,0.26836844031494245
Gm11201,0.01500693689467961,0.01500693689467961,0.395345847505065
Prickle1,0.0027127392152404136,0.0027127392152404136,0.8778969764695523
Cspg4,0.0014261862958776783,0.0014261862958776783,0.9356234271566415
Lingo1,0.019793520337070408,0.019793520337070408,0.2622402780715176
Hist1h2bn,0.0010397731223121764,0.0010397731223121764,0.9530418307296744
Mlxipl,-0.031315443687483874,0.031315443687483874,0.07606665789067302
Qrich2,-0.01923405971009747,0.01923405971009747,0.27596968310520975
Vps37d,0.015006936894679617,0.015006936894679617,0.395345847505065
Gm7444,0.019793520337070415,0.019793520337070415,0.2622402780715176
Ksr1,0.012041669630409065,0.012041669630409065,0.4952375476118133
Clstn3,0.023686380015951324,0.023686380015951324,0.17970577484341788
AI646023,0.013078688641223695,0.013078688641223695,0.458850778075912
E130203B14Rik,-0.03128550226656358,0.03128550226656358,0.07634778725640061
Hist1h3i,-0.009046845118025585,0.009046845118025585,0.6083873905881451
Lrrtm2,0.0197935203370704,0.0197935203370704,0.2622402780715176
1700123I01Rik,0.0279966274520268,0.0279966274520268,0.11276333343219275
Gm1123,-0.006116272246233654,0.006116272246233654,0.729044329503268
Tubd1,0.040783742983982456,0.040783742983982456,0.02084720390063399
Tigd3,-0.011857705741605721,0.011857705741605721,0.5018496202462904
Cyp1a1,-0.010371498623536455,0.010371498623536455,0.5569327444913027
Styxl1,0.002017246337332568,0.002017246337332568,0.9090424314590396
Rab11fip4,-0.010994126923317565,0.010994126923317565,0.5335020945184408
Megf11,-0.02459420359581199,0.02459420359581199,0.16359003947092796
1700066B19Rik,0.019542094580631282,0.019542094580631282,0.268350908958646
Gna12,0.02799662745202669,0.02799662745202669,0.11276333343219275
Hist1h3h,-0.0027574142580745493,0.0027574142580745493,0.8759022635023269
Gm10814,-0.00097461100764304,0.00097461100764304,0.9559815922205863
4930579K19Rik,-0.0008373341303120624,0.0008373341303120624,0.9621766917419335
Lman1l,0.015006936894679626,0.015006936894679626,0.395345847505065
Spata24,0.01649024315329819,0.01649024315329819,0.350311606649544
Prkd1,-0.01608215321336907,0.01608215321336907,0.36236474001849306
Hist1h2bm,0.017674264607507685,0.017674264607507685,0.3167994721771338
Scamp5,0.0014261862958776835,0.0014261862958776835,0.9356234271566415
Fam170b,-0.0019488741396404034,0.0019488741396404034,0.9121126192424485
Neil1,0.000522857305507894,0.000522857305507894,0.9763765598992785
Card11,0.008572757127329904,0.008572757127329904,0.6273037946080217
Hist1h4j,-0.0009746110076430374,0.0009746110076430374,0.9559815922205863
Cdca5,0.05256192700342608,0.05256192700342608,0.002892916116280289
Gm10658,0.03179925265068781,0.03179925265068781,0.07163990320036422
Ccl24,0.018197447888219392,0.018197447888219392,0.3026843043706137
Faim2,-0.0008634624912661967,0.0008634624912661967,0.9609973706476527
Omg,-0.0020137156252345873,0.0020137156252345873,0.9092009418448208
AU040972,0.010539198424942291,0.010539198424942291,0.5505728642671284
2010001M06Rik,-0.024594203595812044,0.024594203595812044,0.16359003947092796
Nrg4,0.001426186295877693,0.001426186295877693,0.9356234271566415
Stk36,-0.012556565514367997,0.012556565514367997,0.4769810332217532
Ggt1,0.010971574330856548,0.010971574330856548,0.534342018878299
Aqp5,-0.0046538299505198295,0.0046538299505198295,0.7921111747252255
Gng3,0.04355811783790806,0.04355811783790806,0.013584130706014028
Enpp1,0.019363465342294463,0.019363465342294463,0.27275125474398065
Cdc25c,0.05191739522234222,0.05191739522234222,0.0032576799492235364
Lrrn4cl,0.01979352033707045,0.01979352033707045,0.2622402780715176
Ppm1e,0.0034961534743115814,0.0034961534743115814,0.8430415105251737
Hrh1,-0.0033951247282286772,0.0033951247282286772,0.8475207312491063
Armc8,0.020248355248189076,0.020248355248189076,0.2514316223407455
Radil,-0.024594203595811995,0.024594203595811995,0.16359003947092796
4930550C14Rik,0.023686380015951303,0.023686380015951303,0.17970577484341788
Sphk1,0.02815733376813885,0.02815733376813885,0.11071199898823145
Susd2,0.013078688641223702,0.013078688641223702,0.458850778075912
Dzip1l,0.019793520337070408,0.019793520337070408,0.2622402780715176
Ltbp2,0.023242889918346676,0.023242889918346676,0.1879948228538136
Slc2a13,-0.013996519766005166,0.013996519766005166,0.42793581229697975
Gpd1,0.005121758804127285,0.005121758804127285,0.7717614132420906
Slc23a3,0.01979352033707045,0.01979352033707045,0.2622402780715176
AI593442,0.01979352033707041,0.01979352033707041,0.2622402780715176
Pkd2l2,-0.024594203595812054,0.024594203595812054,0.16359003947092796
C1s,-0.023038690245538306,0.023038690245538306,0.19190486811385105
Sarm1,-0.021532981255613204,0.021532981255613204,0.22259478160680746
Ghrl,-0.049211415725130624,0.049211415725130624,0.005290893052908791
Kif21a,0.0020119965494858586,0.0020119965494858586,0.9092781206041588
Clip2,0.004490217884564894,0.004490217884564894,0.7992608236618025
Slc13a2,-0.0019488741396403977,0.0019488741396403977,0.9121126192424575
Slc35f2,0.013078688641223689,0.013078688641223689,0.458850778075912
Hist1h2ai,0.029292418696387823,0.029292418696387823,0.09705008265273267
Zbtb3,0.015508252949174468,0.015508252949174468,0.3797486290451614
Gm2518,0.026685379325723832,0.026685379325723832,0.13063815572053458
Hist1h2an,-0.024594203595812006,0.024594203595812006,0.16359003947092796
AY074887,0.007119952382512647,0.007119952382512647,0.6867700899320581
Mras,-0.025331181060393993,0.025331181060393993,0.15132799970623725
Rcor2,0.0014261862958776825,0.0014261862958776825,0.9356234271566415
Agphd1,-0.021532981255613207,0.021532981255613207,0.22259478160680746
AI846148,0.012085343092155075,0.012085343092155075,0.49367468559940847
1700105P06Rik,0.01979352033707041,0.01979352033707041,0.2622402780715176
2700081O15Rik,-0.014943594413229273,0.014943594413229273,0.397343766563095
Ttll4,-0.0011857797048126896,0.0011857797048126896,0.9464571829703982
Gdpd1,-0.004770221106039853,0.004770221106039853,0.7870356003766876
Cldn4,0.0014261862958776907,0.0014261862958776907,0.9356234271566415
Nos2,0.01669597597986506,0.01669597597986506,0.3443326994692927
Chrm1,0.0014261862958776731,0.0014261862958776731,0.9356234271566415
Crabp1,-0.024594203595812065,0.024594203595812065,0.16359003947092796
Dnaja4,-0.0070463606720175325,0.0070463606720175325,0.6898385701765527
Sdk1,0.0014261862958776918,0.0014261862958776918,0.9356234271566415
Snord22,-0.004087888551257806,0.004087888551257806,0.8169126374291406
Acsbg1,-0.0033269294708906097,0.0033269294708906097,0.8505470379002489
1700092M07Rik,-0.034786876908484025,0.034786876908484025,0.04875315450968041
Hist1h2bp,0.017040125969920075,0.017040125969920075,0.3344776418751898
Ccdc108,-0.012556565514368023,0.012556565514368023,0.4769810332217532
1600029I14Rik,-0.016384815285575713,0.016384815285575713,0.35340085199760884
Tnfaip8l3,-0.001374700278859759,0.001374700278859759,0.9379426750618978
Pdzrn4,-0.024594203595812075,0.024594203595812075,0.16359003947092796
Cntn1,-0.024594203595812002,0.024594203595812002,0.16359003947092796
Sln,-0.042611691076096234,0.042611691076096234,0.015761105410475543
Hist1h2bl,0.007830478614534848,0.007830478614534848,0.6574154351445753
Sema3g,0.008573494295168849,0.008573494295168849,0.6272741858522394
Sema7a,-0.005655316824640596,0.005655316824640596,0.7487482970636353
1700120C14Rik,-0.003870631575745919,0.003870631575745919,0.8264839359953357
Igfbp5,-0.0048343421472430165,0.0048343421472430165,0.7842432593717804
Thsd4,0.0014261862958776788,0.0014261862958776788,0.9356234271566415
Pcx,0.012258808521384189,0.012258808521384189,0.48749334004803413
Klc2,-0.05353130023886734,0.05353130023886734,0.0024140675577342934
Myo1d,-0.023032933126926797,0.023032933126926797,0.19201596623695072
Rhod,-0.023260957348966826,0.023260957348966826,0.18765171539431102
Pgf,-0.014962960337574202,0.014962960337574202,0.3967322906619034
Foxj1,-0.01979846345162123,0.01979846345162123,0.26212111189317694
Myo9a,0.020099876473582613,0.020099876473582613,0.25492536700085966
Cst6,-0.024594203595812006,0.024594203595812006,0.16359003947092796
Acpl2,-0.0007764321187983151,0.0007764321187983151,0.9649258615608883
2600006L11Rik,-0.0009746110076430361,0.0009746110076430361,0.9559815922205863
Cdk5r1,-0.008186240042579012,0.008186240042579012,0.6429101360059144
Xrcc5,0.014130959334366953,0.014130959334366953,0.4235115476949354
Klrg1,0.014510421996298673,0.014510421996298673,0.41116907867236707
Zwilch,0.04385514178738517,0.04385514178738517,0.01295796498003249
D330050I16Rik,0.004044178009642366,0.004044178009642366,0.8188361711255202
Nkapl,0.010794008860031037,0.010794008860031037,0.5409782945019802
Cnih2,-0.012556565514368,0.012556565514368,0.4769810332217532
Lrfn4,-0.02314747311693126,0.02314747311693126,0.1898145017117562
Rce1,0.022969134709181098,0.022969134709181098,0.1932502835549701
Lrrc49,0.009298185642676765,0.009298185642676765,0.5984629018809016
BC060267,-0.016384815285575706,0.016384815285575706,0.35340085199760884
Actn2,0.01631664495036643,0.01631664495036643,0.3554075143084079
Cldn15,0.026834389758729482,0.026834389758729482,0.12850246236484283
Apol7d,-0.03320504018136229,0.03320504018136229,0.059961126720658786
Prox2,-0.010479862504664235,0.010479862504664235,0.5528190419895611
Bbs1,0.01979352033707041,0.01979352033707041,0.2622402780715176
Paqr5,-0.03152382582705082,0.03152382582705082,0.07413339268738807
Peli3,-0.0033951247282286755,0.0033951247282286755,0.8475207312491063
Mreg,-0.007391175970855219,0.007391175970855219,0.6755059638384825
Itga11,0.015006936894679588,0.015006936894679588,0.395345847505065
Slc29a2,-0.0036583324969069056,0.0036583324969069056,0.8358617849114403
Pecr,-0.002357097106750827,0.002357097106750827,0.8938027901083212
E030011O05Rik,0.01979352033707041,0.01979352033707041,0.2622402780715176
Uaca,-0.02267272743490434,0.02267272743490434,0.19906136993734197
Rps6kl1,0.019793520337070398,0.019793520337070398,0.2622402780715176
Tbx2,-0.02845608602163784,0.02845608602163784,0.10697695386444864
Tbx4,-0.012245127272605376,0.012245127272605376,0.4879793420968797
Rin1,-0.024594203595812006,0.024594203595812006,0.16359003947092796
Cd248,-0.0012894721275018275,0.0012894721275018275,0.9417830242636117
Tmem151a,0.013225564493507194,0.013225564493507194,0.45382110537581927
9530048J24Rik,-0.04604565559674046,0.04604565559674046,0.009076209679137583
Esm1,-0.03324473043674555,0.03324473043674555,0.05965578835966288
Tsen2,0.01500680990213824,0.01500680990213824,0.3953498469636714
Gk5,0.014778973396810297,0.014778973396810297,0.4025645513705547
Gnaz,0.008658817235087197,0.008658817235087197,0.6238512063344577
Brip1,0.02454516476507543,0.02454516476507543,0.164431779098664
Ccl11,-0.00398115037508689,0.00398115037508689,0.8216116930845773
3110070M22Rik,0.011889430016490066,0.011889430016490066,0.5007060564234272
Upk3b,0.02368638001595129,0.02368638001595129,0.17970577484341788
Samd3,-0.0036234659638582616,0.0036234659638582616,0.8374042077517743
Ikzf2,0.006670039877731031,0.006670039877731031,0.7056084861977581
Uchl4,0.031025435202592273,0.031025435202592273,0.07882542790251358
Cd276,0.01654408322149931,0.01654408322149931,0.3487406103201528
Kcnk7,-0.03478687690848403,0.03478687690848403,0.04875315450968041
Islr2,0.0014261862958776762,0.0014261862958776762,0.9356234271566415
Gm5779,-0.004802928842364266,0.004802928842364266,0.7856109004832713
Ccdc33,0.002017246337332571,0.002017246337332571,0.9090424314590396
Ltbp3,0.0318017424724259,0.0318017424724259,0.07161767960341944
A530099J19Rik,-0.013990891645695216,0.013990891645695216,0.4281216124085078
Cyp11a1,0.019793520337070443,0.019793520337070443,0.2622402780715176
Clstn2,-0.0033951247282286603,0.0033951247282286603,0.8475207312491063
Slc6a13,-0.04179375812712588,0.04179375812712588,0.017883784009860543
Ccl12,0.01918709654783218,0.01918709654783218,0.2771440745145004
Slc6a12,-0.01697643692050451,0.01697643692050451,0.3362876004740701
Coro2b,0.016003797498808117,0.016003797498808117,0.3647083844196592
Gm962,-0.002608528378166732,0.002608528378166732,0.8825529172846857
8430403D17Rik,-0.01638481528557569,0.01638481528557569,0.35340085199760884
Egr2,-1.4579765612142218e-05,1.4579765612142218e-05,0.9993411692068042
Rtdr1,-0.04921141572513059,0.04921141572513059,0.005290893052908791
Rhbdl3,-0.024594203595812002,0.024594203595812002,0.16359003947092796
0610010O12Rik,-0.012556565514368,0.012556565514368,0.4769810332217532
Gzmk,0.04421323100587381,0.04421323100587381,0.012237098203596404
Clcf1,0.02368638001595129,0.02368638001595129,0.17970577484341788
Hbegf,-0.04011584112505544,0.04011584112505544,0.02303417643374708
Efemp2,0.004436341176592597,0.004436341176592597,0.8016188886129971
2410076I21Rik,0.024424090362113866,0.024424090362113866,0.16652394980951107
Zkscan4,0.0014261862958776744,0.0014261862958776744,0.9356234271566415
Mfap5,-0.03957356011075283,0.03957356011075283,0.02495369996114644
Igfbp2,0.00012829412678398025,0.00012829412678398025,0.9942026922932606
Iqsec3,0.027333261249468367,0.027333261249468367,0.1215493833455398
Dppa3,0.036542908604853555,0.036542908604853555,0.03842504623900131
1700020D05Rik,0.001426186295877676,0.001426186295877676,0.9356234271566415
Ovol1,0.013078688641223687,0.013078688641223687,0.458850778075912
Ryr2,0.0020172463373325667,0.0020172463373325667,0.9090424314590396
Ccl7,0.027319370189307884,0.027319370189307884,0.1217389283230028
4933407H18Rik,-0.012625946583222487,0.012625946583222487,0.474549477370658
Thumpd3,0.05503818521033117,0.05503818521033117,0.0018119463113141817
Klra9,-0.0033895781603806695,0.0033895781603806695,0.8477667884470317
Naip7,0.06404664280297528,0.06404664280297528,0.00028232887307877094
Ppm1k,0.012585404879394925,0.012585404879394925,0.4759694905275533
Dohh,0.04224371777421738,0.04224371777421738,0.016686992569996402
Fitm1,0.013989878816829584,0.013989878816829584,0.4281550537253206
Cenpw,0.053350281874797706,0.053350281874797706,0.0024975703493986634
Dcbld1,-0.03165552697635725,0.03165552697635725,0.0729323708691231
Esr1,0.018003909006926475,0.018003909006926475,0.30785636584650794
Lgi4,0.022917683231302513,0.022917683231302513,0.19424995856462765
Snca,0.05378503403176137,0.05378503403176137,0.0023013172005689037
1110006O24Rik,0.006790343178479888,0.006790343178479888,0.700552964586147
Kdm3a,0.04022097660860492,0.04022097660860492,0.022677240202762274
1700052N19Rik,0.02120531253732764,0.02120531253732764,0.2297149036454618
Smyd2,0.02397609993178966,0.02397609993178966,0.17443934027506958
Rap1gap,0.01791231818519631,0.01791231818519631,0.3103242644482289
Ube3c,0.005093563555554666,0.005093563555554666,0.7729833173232014
Smarcad1,0.03432445581717045,0.03432445581717045,0.05183139218475073
Syn2,-0.021370633138896745,0.021370633138896745,0.2261025607725441
Pdxk,-0.0016994672319627126,0.0016994672319627126,0.9233227766911323
Gm7120,0.04167308363421712,0.04167308363421712,0.01821726747657806
Ttc28,-0.011528120779464888,0.011528120779464888,0.5138114297229129
Zfp428,-0.0015797492185092516,0.0015797492185092516,0.928709324716751
Clec14a,0.013633679508270173,0.013633679508270173,0.4400098781198411
LOC100642166,0.011663612323962843,0.011663612323962843,0.5088760763094605
Cidec,-0.05285670165389773,0.05285670165389773,0.0027388521613599197
Apoc4,-0.021706532651807407,0.021706532651807407,0.2188881887546946
Fgd6,0.02479803243960812,0.02479803243960812,0.160126130466283
Dcp1a,-0.02593191864546625,0.02593191864546625,0.1418610257418538
Unc119b,-0.008114566880287007,0.008114566880287007,0.6458217378967671
Fbxo33,-0.053274815152070706,0.053274815152070706,0.002533156337856361
Foxk1,-0.01627400364006784,0.01627400364006784,0.3566663498348319
Rbak,0.002876396152537893,0.002876396152537893,0.870593671552305
Cand2,-0.00950201361269761,0.00950201361269761,0.5904688403534026
Ccdc18,0.0239811150549946,0.0239811150549946,0.17434920222262734
Zfp316,0.012666705047195675,0.012666705047195675,0.47312421950504163
Herc3,-0.002582868155369752,0.002582868155369752,0.8836999959162696
Cad,0.011515536587243606,0.011515536587243606,0.5142710759804924
Ung,0.033526661892722735,0.033526661892722735,0.05752378848691385
Pdss2,-0.003942326589294673,0.003942326589294673,0.8233224740098353
Gprc5a,-0.013012354575246163,0.013012354575246163,0.4611325434913235
Zfp235,0.02334321973463993,0.02334321973463993,0.18609536051710407
4932415G12Rik,0.00619151901430205,0.00619151901430205,0.7258443584611016
Cd3eap,0.00689999759237279,0.00689999759237279,0.6959564570448113
Zkscan5,0.025546008356057893,0.025546008356057893,0.14788877707079567
Gtf2ird1,0.00921741214700549,0.00921741214700549,0.601644333293561
Vsig10,-0.00303474920624925,0.00303474920624925,0.8635375340844401
2200002D01Rik,-0.020091946458263055,0.020091946458263055,0.25511290693964456
Adcy4,0.02165649382243351,0.02165649382243351,0.21995230870581492
4933404O12Rik,0.005305583840952397,0.005305583840952397,0.7638089375264758
Gltscr2,-0.021471349641593918,0.021471349641593918,0.22392181340663841
Gcc2,0.041864448522434226,0.041864448522434226,0.01769092464995295
Zfp579,0.021870322829000057,0.021870322829000057,0.21543090527156647
Gm9897,0.03323083725828079,0.03323083725828079,0.059762522023432275
Prss2,0.04033511633942402,0.04033511633942402,0.022295182916815384
Ggn,0.020119969388037028,0.020119969388037028,0.25445061113256423
Gata2,0.01688900584106097,0.01688900584106097,0.3387825146285121
Aasdh,-0.012742010786682037,0.012742010786682037,0.4704971034417127
Ptprg,-0.03321592105446918,0.03321592105446918,0.05987729121879661
Cep135,0.06382617581899717,0.06382617581899717,0.0002963474376808236
Clec4a4,0.00022448922819459996,0.00022448922819459996,0.9898560474529732
Slc34a2,0.0039575770819923325,0.0039575770819923325,0.8226503562318191
Cldn12,-0.011067767389303464,0.011067767389303464,0.5307641611822725
Vamp1,-0.026340867859603885,0.026340867859603885,0.13568118002206545
Pacrgl,-0.0034780267595524855,0.0034780267595524855,0.8438448092769328
Uba6,0.03894838533611612,0.03894838533611612,0.02733704637188218
Pf4,0.048089247423206485,0.048089247423206485,0.00642817632120204
Zfp420,-0.003922106013914666,0.003922106013914666,0.8242138323465452
Sema3e,-0.0024477112344771577,0.0024477112344771577,0.8897458291228763
Klhl28,0.020846312538014236,0.020846312538014236,0.23770008807967485
Tnni3,0.018215494954721533,0.018215494954721533,0.3022049827179435
Mogs,0.005309670314576381,0.005309670314576381,0.7636324313259811
Matk,-0.006359683625391495,0.006359683625391495,0.7187102700382347
Abcb1a,-0.0024049322045691726,0.0024049322045691726,0.8916607719400691
Mgll,-0.07059594758304677,0.07059594758304677,6.249613589900825e-05
Steap4,-0.020330141129899518,0.020330141129899518,0.2495215038536898
Pde7b,0.014187307485298466,0.014187307485298466,0.4216651753104539
Igj,0.06939653530647172,0.06939653530647172,8.319565986167744e-05
Mphosph9,-0.0019103432714400006,0.0019103432714400006,0.9138433916951944
Gpbp1,0.06819182695454631,0.06819182695454631,0.00011039427717212215
Pxdn,-0.01318664553448784,0.01318664553448784,0.45515082594734996
F630043A04Rik,0.04722792591371451,0.04722792591371451,0.007445391969239838
Prf1,0.0162048446472785,0.0162048446472785,0.35871398956276174
Zfp784,0.004251136198578934,0.004251136198578934,0.8097385627607085
Icmt,0.007499938605936283,0.007499938605936283,0.6710091164027363
Alms1,-0.006028580583672732,0.006028580583672732,0.7327794950881285
Lmnb2,0.04925679147093029,0.04925679147093029,0.005248987110849851
Morn1,-0.00593291553959455,0.00593291553959455,0.7368615050996479
Zmym5,-0.0008645215499420748,0.0008645215499420748,0.9609495711054543
Wbscr27,0.0035914900324188082,0.0035914900324188082,0.8388193058494059
D6Ertd527e,-0.012063006110802004,0.012063006110802004,0.49447368830072175
Zfp773,-0.006954597301462514,0.006954597301462514,0.693671883413273
Limk1,-0.034834034800463085,0.034834034800463085,0.04844803829549856
2610306M01Rik,0.012319090504349144,0.012319090504349144,0.4853550438197087
Tprkb,0.03871184950013237,0.03871184950013237,0.02828866897447586
Nup205,0.00035112990259353083,0.00035112990259353083,0.9841341770910588
Dus4l,0.02855559951689629,0.02855559951689629,0.10575521866916435
2610204G22Rik,0.01915758150732623,0.01915758150732623,0.2778838860065352
Atad3a,0.04530749438522465,0.04530749438522465,0.010249418787654688
Zfp954,0.0659753582010778,0.0659753582010778,0.0001835985514981721
Zfp667,0.013566186719367698,0.013566186719367698,0.4422771607833961
Rcor3,0.04818235893219591,0.04818235893219591,0.006326062536950792
Corin,0.018873979928157286,0.018873979928157286,0.28506101544506135
Map4k5,0.030163584843124636,0.030163584843124636,0.08750704794391477
Gpx8,-0.03293059422127378,0.03293059422127378,0.06210807666265891
Zfp446,0.022551326999710162,0.022551326999710162,0.20147792520966568
Cd164,-0.07319387610465712,0.07319387610465712,3.311871158258859e-05
1700109H08Rik,-0.01274296503881426,0.01274296503881426,0.47046386513574123
Khnyn,-0.002422482337419542,0.002422482337419542,0.8908750879970958
Ppil6,-0.01681055006692681,0.01681055006692681,0.34103139287788586
Fbxo17,0.011474775306028558,0.011474775306028558,0.5157613756908145
Dffb,0.025396099854859813,0.025396099854859813,0.1502823377936202
Klhdc1,0.018722441964639378,0.018722441964639378,0.2889469243345945
Smo,-0.012598058548262436,0.012598058548262436,0.47552603352119477
5830416I19Rik,0.02558856086849,0.02558856086849,0.1472146827748539
Sgtb,-0.022595429603535083,0.022595429603535083,0.2005975726294509
Tlr6,0.013932397720643365,0.013932397720643365,0.4300554383198593
Nccrp1,0.01640983934890458,0.01640983934890458,0.35266604361123066
Cdh23,-0.003378711134924782,0.003378711134924782,0.8482489150998082
Cldn3,0.0036306761032550506,0.0036306761032550506,0.8370851947552486
2200002J24Rik,-0.018193096682009427,0.018193096682009427,0.30279994594505744
Fbxl5,-0.03139912314784778,0.03139912314784778,0.07528543871472873
Repin1,-2.102182190923796e-05,2.102182190923796e-05,0.9990500655309473
Olr1,0.009826417869018536,0.009826417869018536,0.5778481819758126
Clec1b,0.005946841812651727,0.005946841812651727,0.7362668086631381
Tdg,0.04135118853048752,0.04135118853048752,0.019133578803979756
Colec11,0.004981703528730428,0.004981703528730428,0.7778365385943424
Amn1,0.002195874578860011,0.002195874578860011,0.9010278223064467
Fam175a,0.04025268048210683,0.04025268048210683,0.02257055230876845
5730469M10Rik,0.03334173177096019,0.03334173177096019,0.058914976589537836
Klrb1f,0.03705277610811606,0.03705277610811606,0.03579952082998019
Acad12,-0.012854811867763532,0.012854811867763532,0.46657703073475304
Hcfc2,0.024874054692162893,0.024874054692162893,0.15884848141535307
BC064078,0.04947327044343656,0.04947327044343656,0.005053158424576689
Pde4d,0.018962721045753278,0.018962721045753278,0.2828018902954402
Slc16a9,0.007703934839925047,0.007703934839925047,0.662606570249614
Bet1,0.057399622596191247,0.057399622596191247,0.0011399338152521883
2700038G22Rik,-0.03803774333078356,0.03803774333078356,0.03115872986124884
4732471J01Rik,-0.01883720347948664,0.01883720347948664,0.286000816873879
9130014G24Rik,0.03493435493512173,0.03493435493512173,0.047804286880271614
Afap1,0.005946542913921885,0.005946542913921885,0.7362795709388695
Elovl7,-0.04063061007894904,0.04063061007894904,0.021331966220827073
Fgf10,-0.013069959760142792,0.013069959760142792,0.4591506730802407
Glmn,-0.008786520645655944,0.008786520645655944,0.6187431604290275
Gm17821,0.017565764983367316,0.017565764983367316,0.31977991260259164
Fam123a,-0.034852090620049736,0.034852090620049736,0.048331640505650676
Aldh4a1,0.0013819458566682989,0.0013819458566682989,0.9376162572544764
Flnb,-0.013407057528737098,0.013407057528737098,0.44764914507596615
Pdgfa,-0.012747331859280533,0.012747331859280533,0.47031177751592806
Atg14,0.03800103193418796,0.03800103193418796,0.03132195806978901
Zfp326,0.01819125407190863,0.01819125407190863,0.30284892566015653
Tbx5,-0.011774874321514854,0.011774874321514854,0.5048419427357929
L2hgdh,0.031345082278458655,0.031345082278458655,0.07578920376834226
Klri2,0.011208555548248032,0.011208555548248032,0.5255496083874002
Zfp157,0.021513431634494807,0.021513431634494807,0.22301510687848566
Gbp8,0.045460296299527324,0.045460296299527324,0.009996038518505905
Htra3,-0.04749839095765057,0.04749839095765057,0.007111426842954332
Crocc,-0.02270865990710575,0.02270865990710575,0.19835018788533176
C1qtnf7,-0.043491792452808355,0.043491792452808355,0.013727549616761855
Gm16998,0.00530558384095239,0.00530558384095239,0.7638089375264758
Tssk4,0.005305583840952397,0.005305583840952397,0.7638089375264758
BC024978,-0.016787682642114762,0.016787682642114762,0.34168866532923814
Lilra6,-0.046690886203534586,0.046690886203534586,0.008150480130105229
Bmpr1a,0.02616947839297657,0.02616947839297657,0.13824535454381423
Stbd1,-0.0032617726054540433,0.0032617726054540433,0.8534405672969932
Tjp3,0.04300229286640289,0.04300229286640289,0.014827991885768544
1110034A24Rik,0.019669581726387254,0.019669581726387254,0.26524036031747444
Hs3st1,-0.017523759086889797,0.017523759086889797,0.320938704071493
Gm7854,-0.0022528550702674115,0.0022528550702674115,0.8984733284421208
Tulp3,0.008650300616057212,0.008650300616057212,0.6241925125965918
X99384,-0.007026778407986765,0.007026778407986765,0.6906559342487478
Zfp568,-0.0013111301415912567,0.0013111301415912567,0.9408069903204878
Loxl3,0.016342752125027334,0.016342752125027334,0.3546381759353717
Myoz1,0.03160123994848174,0.03160123994848174,0.07342548826957333
Tmem168,0.029318673103270722,0.029318673103270722,0.09675079826644865
Zfp27,0.013690337080312955,0.013690337080312955,0.438111739444209
Gm13251,0.011537262917971417,0.011537262917971417,0.5134776408863955
Plxna2,0.016043488792974712,0.016043488792974712,0.36352002440658404
Pcolce,-0.03017550227073058,0.03017550227073058,0.08738194751138594
Ulbp1,-0.0008245067302550535,0.0008245067302550535,0.9627556954805373
2700097O09Rik,0.029503602946392937,0.029503602946392937,0.09466355876101681
Fhad1,0.002751379436282661,0.002751379436282661,0.8761716688172568
Utp20,0.014924755520501987,0.014924755520501987,0.3979391462843596
Nek2,0.028848514134193266,0.028848514134193266,0.10222320435009435
Cenph,0.042493888736112005,0.042493888736112005,0.016052477774199585
Jakmip1,0.03952617371085826,0.03952617371085826,0.02512783060912609
Pdpn,-0.033104289633771065,0.033104289633771065,0.06074202547965045
Rad52,0.03920123312782684,0.03920123312782684,0.02635045377529593
Capns1,0.043710505452821,0.043710505452821,0.0132596164726759
Trim23,0.03493435493512169,0.03493435493512169,0.047804286880271614
Gpn3,0.043465143785056,0.043465143785056,0.013785548827991061
Vps13d,0.0055872404035349306,0.0055872404035349306,0.7516725927080977
Cox7a1,0.022258974075248402,0.022258974075248402,0.20738500946878627
Gm5113,0.01108046543336142,0.01108046543336142,0.530292772722821
Asns,0.022951373015162577,0.022951373015162577,0.19359495608969868
Rpph1,-0.0013074926623024975,0.0013074926623024975,0.9409709097656695
Smarca5-ps,0.007214085870515967,0.007214085870515967,0.682852613342189
Crygn,-0.02701084112750915,0.02701084112750915,0.1260086604678154
Mmp9,-0.20856021943368677,0.20856021943368677,7.034764329986633e-33
Zfp169,-0.022936245154230636,0.022936245154230636,0.19388887370821078
8430427H17Rik,-0.005731109226881806,0.005731109226881806,0.7454967986873101
9930014A18Rik,-0.018430158113366558,0.018430158113366558,0.296542353026372
Cep63,0.05072398379247492,0.05072398379247492,0.0040454873432383956
BC020535,0.002585662815871445,0.002585662815871445,0.8835750554595478
Tpx2,0.06602447784921614,0.06602447784921614,0.00018157026287014745
Gypc,-0.020194459308736284,0.020194459308736284,0.25269592778782224
Slc22a4,0.01344408957497868,0.01344408957497868,0.44639569466600865
Il20rb,0.004056292372510859,0.004056292372510859,0.8183029546598798
Cldn18,-0.050768344284007505,0.050768344284007505,0.00401335521288878
Dbr1,0.07329659410997616,0.07329659410997616,3.228359711249606e-05
Fam110a,-0.0060236822399417755,0.0060236822399417755,0.7329883242514426
Snora68,-0.005720270120306185,0.005720270120306185,0.7459615209364393
Fam33a,0.020878929562949886,0.020878929562949886,0.23696660048317988
Zfp442,-0.019557117266775788,0.019557117266775788,0.267983075357162
Slc36a3,0.011905609081092599,0.011905609081092599,0.5001233823306684
Nmnat3,0.032063981447532086,0.032063981447532086,0.06930841611263842
Cxxc5,0.012611088303335445,0.012611088303335445,0.4750696331225424
Ints2,0.03013905258183346,0.03013905258183346,0.08776502432684134
Sap130,0.03244800398508155,0.03244800398508155,0.0660373493950413
Large,0.021856981390608682,0.021856981390608682,0.2157110367222652
Comp,0.02871167994754268,0.02871167994754268,0.10386131821206829
Klhl12,0.0023473259731589015,0.0023473259731589015,0.894240429565579
Plcl1,0.039666805803039995,0.039666805803039995,0.024614098020856734
Poc1a,0.07338869122353466,0.07338869122353466,3.155186972154544e-05
Zhx3,-0.005650882877033494,0.005650882877033494,0.7489386526332761
Plcg1,0.03851024110165947,0.03851024110165947,0.029122160801761835
Pou6f1,-0.0033621644304022064,0.0033621644304022064,0.8489831354451552
Mtbp,0.0015152704886573169,0.0015152704886573169,0.9316118261358256
Snhg11,-0.015323883067219133,0.015323883067219133,0.38544035379673053
9430008C03Rik,-0.017726648348719357,0.017726648348719357,0.3153670530401116
Nek1,0.027653395337116735,0.027653395337116735,0.11724472585464503
Wdr82,0.02887168729731157,0.02887168729731157,0.10194783219986842
Rbl1,0.04136918975891616,0.04136918975891616,0.019081292846262143
Osbpl1a,0.03287252972722776,0.03287252972722776,0.06257036083109961
Epb4.1l1,0.00807643971197748,0.00807643971197748,0.6473728068558962
Mpo,0.04698765992676852,0.04698765992676852,0.007753788113507241
Ints10,0.040624059543823976,0.040624059543823976,0.021352919866963672
D130040H23Rik,0.0027513794362826376,0.0027513794362826376,0.8761716688172568
Zfp963,-0.005114491784090562,0.005114491784090562,0.7720762918012435
Ube2t,0.010031486815805376,0.010031486815805376,0.569936176915957
Ppp1r12b,0.0012857285191365188,0.0012857285191365188,0.9419517415597602
Srprb,0.039622746138779974,0.039622746138779974,0.02477406183589836
Mcm8,0.043208314821368554,0.043208314821368554,0.01435570299885125
Prpf40b,-0.008227737106086751,0.008227737106086751,0.6412268863406598
Dnd1,-0.005402413010867054,0.005402413010867054,0.7596299335162452
2410075B13Rik,0.01731638525414702,0.01731638525414702,0.32669953326828116
Gm4951,0.07885849400812917,0.07885849400812917,7.709309561004694e-06
Cc2d1a,0.022520286023922743,0.022520286023922743,0.20209923505883304
Pdgfrb,0.0026989111679813584,0.0026989111679813584,0.8785145478915924
Ppargc1b,0.02231979345367462,0.02231979345367462,0.20614590275845354
Zfp867,0.005111998327088361,0.005111998327088361,0.7721843414550656
Ccdc130,0.006336517801590182,0.006336517801590182,0.7196916018206387
Casc4,-0.06309476848661072,0.06309476848661072,0.0003476619686859746
Yod1,0.02269510739157614,0.02269510739157614,0.19861820329404573
Ica1l,0.0027513794362825856,0.0027513794362825856,0.8761716688172568
Nedd4l,-0.013358845896313483,0.013358845896313483,0.4492839911582602
Pigb,0.005305583840952387,0.005305583840952387,0.7638089375264758
Zranb3,0.031467013889076724,0.031467013889076724,0.07465644223386908
Mmp28,0.011854534197778337,0.011854534197778337,0.5019640206961958
Cdan1,0.021864816413788648,0.021864816413788648,0.21554649223193964
Fbxw9,0.028539969458710138,0.028539969458710138,0.10594637449939112
Mns1,0.02458705347108952,0.02458705347108952,0.16371256706927292
Mapkbp1,-0.023991539555508822,0.023991539555508822,0.17416195133073498
Pex12,0.023570267455250454,0.023570267455250454,0.18184926907218915
Il27ra,0.04416540190863444,0.04416540190863444,0.012331280920126739
Tada2a,0.07078751785498877,0.07078751785498877,5.9679980553502166e-05
Samd1,-0.03449759637650134,0.03449759637650134,0.050660313959814324
Acaca,-0.002352300951400551,0.002352300951400551,0.8940176011565844
Lynx1,-0.02747869471331514,0.02747869471331514,0.11957875244564646
Mfsd4,0.006479383984496217,0.006479383984496217,0.713647037004941
Gfod1,-0.011991131462973599,0.011991131462973599,0.49704935603515926
Appbp2,0.06176447485898746,0.06176447485898746,0.0004628875086731603
Pggt1b,0.07053958716127363,0.07053958716127363,6.334830393361926e-05
Ccdc112,0.0400177123530095,0.0400177123530095,0.023371715002362126
Fam113a,0.02843624188527794,0.02843624188527794,0.10722191349416037
Hhip,-0.07379400736957019,0.07379400736957019,2.8514707167783213e-05
Nid1,-0.026304469106103387,0.026304469106103387,0.13622265168259579
0610039K10Rik,-0.009125685739315343,0.009125685739315343,0.6052663852322442
Ckap2l,0.027432279819532536,0.027432279819532536,0.12020493996990472
Npb,-0.01819309668200946,0.01819309668200946,0.30279994594505744
Srfbp1,0.026778627579524185,0.026778627579524185,0.12929847615050233
Tigd5,0.02889793431817381,0.02889793431817381,0.10163664584793043
Zfp39,0.033550696433489416,0.033550696433489416,0.057345003089045464
Acoxl,0.013989878816829577,0.013989878816829577,0.4281550537253206
Bub1,0.07020379883362338,0.07020379883362338,6.865771780003167e-05
Zfp661,-0.0022528550702673976,0.0022528550702673976,0.8984733284421208
A230051G13Rik,0.03663586441478031,0.03663586441478031,0.037934532687653455
Ncaph,0.014196249762386343,0.014196249762386343,0.4213725961696273
Sema6a,-0.03870996190735024,0.03870996190735024,0.028296376387166863
0610009L18Rik,-0.003710462270060217,0.003710462270060217,0.8335568503272196
Akap1,0.03516944554907193,0.03516944554907193,0.04632382257390031
Zeb1,-0.015639150975414823,0.015639150975414823,0.3757391716401242
Evi5l,-0.00881990681302055,0.00881990681302055,0.617410753995954
D3Ertd751e,-0.0047715061217450516,0.0047715061217450516,0.7869796135391264
Sclt1,0.025862641977220352,0.025862641977220352,0.14292897747681518
Vmac,0.009630042312900454,0.009630042312900454,0.5854728564528908
1700061G19Rik,0.029973171187926285,0.029973171187926285,0.08952552910232622
2310044G17Rik,0.0010065895265454806,0.0010065895265454806,0.9545388174654766
Atf7,0.010425911828967786,0.010425911828967786,0.5548652513071376
Gm11110,0.04133491435610422,0.04133491435610422,0.019180956101263327
Ccl25,0.01867496249260303,0.01867496249260303,0.2901717532030533
Bbs7,0.01419787310585402,0.01419787310585402,0.42131949534953506
Npff,0.007739757430280744,0.007739757430280744,0.6611353815531125
Als2cl,-0.04465401779523117,0.04465401779523117,0.01139867272694668
Hmmr,0.06887168613681954,0.06887168613681954,9.415868322202524e-05
Prr7,-0.06504701258155332,0.06504701258155332,0.00022617460148741152
Itga3,-0.03920397271535031,0.03920397271535031,0.02633993477129685
F7,0.027139780192748295,0.027139780192748295,0.1242103028956831
Edem3,0.015477364603605418,0.015477364603605418,0.3806985715440886
Aipl1,0.020119969388037028,0.020119969388037028,0.25445061113256423
Grtp1,0.0012971808314973976,0.0012971808314973976,0.9414356158947392
Postn,0.002224002470621274,0.002224002470621274,0.8997666903494634
Ebf1,0.004106515439839801,0.004106515439839801,0.816093273430788
Pnpla6,0.005689316015369268,0.005689316015369268,0.7472891736213308
Pfn2,-0.002064605604028721,0.002064605604028721,0.9069166020895175
Gpr84,0.1158387396432605,0.1158387396432605,4.6206302910809644e-11
Gphn,0.054484477352847754,0.054484477352847754,0.002015010093543852
Hoxb2,0.001416045468624548,0.001416045468624548,0.9360801900354461
Mdfi,0.01176138272810894,0.01176138272810894,0.5053302212508034
Serpini1,-0.014503692478831523,0.014503692478831523,0.4113860881954991
Slc22a18,0.02428233821740375,0.02428233821740375,0.16899877972283175
Pomt2,0.005644246745490041,0.005644246745490041,0.7492235796054921
Ppm1l,0.027997425422930104,0.027997425422930104,0.11275307426897059
Exog,0.016245869128174762,0.016245869128174762,0.35749845859071977
Trim59,0.028539854922212646,0.028539854922212646,0.10594777629260266
Nprl3,0.0044945066456402874,0.0044945066456402874,0.7990731923149643
Acvr2b,-0.04947636109635242,0.04947636109635242,0.005050411039927095
Ube2z,-0.0035358712081787168,0.0035358712081787168,0.8412819614882573
Arhgef26,0.03120653058100879,0.03120653058100879,0.0770933417812009
Myo1b,0.018122888371005244,0.018122888371005244,0.30466992467727066
P2ry14,0.017583152382254306,0.017583152382254306,0.3193010583262294
Tpcn2,-0.00015603324065559124,0.00015603324065559124,0.9929492571549979
Insr,-0.041537087685171,0.041537087685171,0.018599602890367814
Zfp358,0.015784030654313115,0.015784030654313115,0.3713320403118368
Stat4,0.007269973600792529,0.007269973600792529,0.6805308041634
Col1a1,-0.06723939834018457,0.06723939834018457,0.0001376214267130527
1190005F20Rik,0.04038077550837904,0.04038077550837904,0.022143922818144826
4930427A07Rik,0.021079870235685756,0.021079870235685756,0.23248313284149547
Krt18,0.0057597763481456125,0.0057597763481456125,0.7442681540932005
Tusc3,-0.016184742074079682,0.016184742074079682,0.35931056394571603
Bcas1,0.03735608792680969,0.03735608792680969,0.0343113920354219
Lrpprc,0.021580281924153417,0.021580281924153417,0.22158014256759107
Atp9a,0.017508124058495028,0.017508124058495028,0.3213707176360421
Zfp281,0.0018890517860305827,0.0018890517860305827,0.914799962097701
Srbd1,0.03938481552298696,0.03938481552298696,0.025653539489533937
6030408B16Rik,-0.013721410376505386,0.013721410376505386,0.43707272534801045
Fat1,-0.017048284105944417,0.017048284105944417,0.3342462527388727
Trp53rk,0.040201063950099154,0.040201063950099154,0.022744472765475122
Akr1c13,0.06183820649120761,0.06183820649120761,0.00045566615114365144
Kcnk12,0.0110978025441107,0.0110978025441107,0.5296495119131945
A330009N23Rik,-0.012430466226837456,0.012430466226837456,0.48141776029314926
Vprbp,0.02322443785288304,0.02322443785288304,0.18834571204808614
1700029J07Rik,-0.003677625384282922,0.003677625384282922,0.8350085783867852
Enpp2,-0.05075490967339541,0.05075490967339541,0.004023061920654255
Wfdc2,-0.003482066154357111,0.003482066154357111,0.843665786423159
Slc4a8,0.007732177588780246,0.007732177588780246,0.6614465672310401
Stox2,-0.024486438723535505,0.024486438723535505,0.16544408281828632
Pmepa1,-0.007679684093585725,0.007679684093585725,0.6636032574119662
Klhdc8b,-0.03888599353670078,0.03888599353670078,0.027585338954511495
Angpt1,0.016177853514529664,0.016177853514529664,0.3595151356817164
Zfp831,-0.027355686299158452,0.027355686299158452,0.1212438780738222
3000002C10Rik,-0.015275060548463438,0.015275060548463438,0.38695624605703394
Pde7a,-0.002464196911589187,0.002464196911589187,0.8890080420563405
Hmcn1,0.015536326637089655,0.015536326637089655,0.3788865135797312
Nek3,0.004335763879080187,0.004335763879080187,0.8060257568029756
Ndc80,0.055208066372895034,0.055208066372895034,0.001753521536531263
Osgepl1,0.034910121806277124,0.034910121806277124,0.04795912821713269
Ehd3,-0.028546847697975983,0.028546847697975983,0.10586221981831362
4732471D19Rik,-0.006519020730108081,0.006519020730108081,0.7119731946587925
Hexdc,0.006088333406116221,0.006088333406116221,0.7302336723025913
Tnnt2,-0.04169177720497133,0.04169177720497133,0.018165254276406376
Celsr3,-0.005216020171564762,0.005216020171564762,0.7676805086737302
Erlin2,1.3719763195487089e-05,1.3719763195487089e-05,0.999380031008273
Gpr124,-0.008207556736394511,0.008207556736394511,0.6420452351767458
Rasgrp3,0.0018074771731943291,0.0018074771731943291,0.9184660244286847
Itgb4,-0.004784130715988249,0.004784130715988249,0.7864296312704308
9930111J21Rik1,0.040299748273787704,0.040299748273787704,0.02241296699802462
Tenc1,-0.029169178555469945,0.029169178555469945,0.09846484721583963
Arih2,0.0027493750743695193,0.0027493750743695193,0.8762611503175933
Fut10,-0.004033669451426971,0.004033669451426971,0.8192987755810042
Gm14327,-0.01885472736869777,0.01885472736869777,0.2855527430727427
Gm20337,-0.05702035419887283,0.05702035419887283,0.001229418160905566
Rasd1,-0.04523750522701528,0.04523750522701528,0.010367373060816943
Nusap1,0.0444853716465669,0.0444853716465669,0.01171323963540606
Marco,-0.02713065058615749,0.02713065058615749,0.12433697466381702
Tbc1d16,0.03764493671018829,0.03764493671018829,0.03294366192102005
Odf2,-0.04907862913049169,0.04907862913049169,0.005415266611204846
Mcam,-0.02257313899075972,0.02257313899075972,0.20104217454713583
I830012O16Rik,0.02484471553300184,0.02484471553300184,0.1593406458064241
Hist1h3e,0.0304443064645464,0.0304443064645464,0.08459835738852088
Fam118a,0.005917045068022863,0.005917045068022863,0.7375394171024001
E2f3,-0.01127714780599552,0.01127714780599552,0.5230185907198024
Fcnb,0.11040456472800342,0.11040456472800342,3.566200838986575e-10
O3far1,-0.0365561716144439,0.0365561716144439,0.038354731474443716
Taf5l,0.020218383710869287,0.020218383710869287,0.25213415725096355
Urb2,0.007830091658770173,0.007830091658770173,0.6574312840266802
Hist1h2ae,0.06962317548129063,0.06962317548129063,7.884451853394855e-05
Hells,0.013062165116189996,0.013062165116189996,0.4594185635799219
Nrgn,0.04961807945459351,0.04961807945459351,0.0049258736389556365
Fam89a,-0.04346835287850762,0.04346835287850762,0.01377855299435047
Tlcd2,0.0270286064230669,0.0270286064230669,0.1257596844027492
Gm505,-0.023756053489179398,0.023756053489179398,0.17842861167230636
Rtn4rl1,0.005495812704213454,0.005495812704213454,0.7556055746288073
Fam83f,0.0253551692552388,0.0253551692552388,0.15094097285936928
Dpep1,-0.04279350699097369,0.04279350699097369,0.015320526167394419
Pyroxd2,-0.014738161804742807,0.014738161804742807,0.4038651791175105
Gemin4,0.015827848532362236,0.015827848532362236,0.3700054726491138
1700084E18Rik,0.03395826262231448,0.03395826262231448,0.05438291023476931
Angptl2,-0.028214318619169176,0.028214318619169176,0.10999173081081699
Ralgps1,-0.0033787111349247974,0.0033787111349247974,0.8482489150998082
Ankrd13b,-0.0476714453178443,0.0476714453178443,0.006904857654723872
Stxbp1,0.01981057760060902,0.01981057760060902,0.2618292280656832
Efcab5,0.01395512991846453,0.01395512991846453,0.4293033037674692
Ptar1,0.03964517596603626,0.03964517596603626,0.024692515585792624
Pip5k1b,-0.059992205075222405,0.059992205075222405,0.0006721123773709072
Hist1h2bj,0.019635548682810824,0.019635548682810824,0.26606829030211426
Rfx3,0.037621820343834836,0.037621820343834836,0.033051376122161955
Pomt1,0.027913677823735654,0.027913677823735654,0.11383379799384602
Tmem25,-0.024323187253216933,0.024323187253216933,0.1682827904387254
Asb1,0.01899410401789183,0.01899410401789183,0.28200586982042386
Zfpm1,-0.011622517760639123,0.011622517760639123,0.5103703401536773
Alg12,0.021846229142048892,0.021846229142048892,0.2159369934676926
Acsl3,0.0020716322888834566,0.0020716322888834566,0.9066012496127789
Ncs1,0.010858344062780039,0.010858344062780039,0.5385691031536507
Per2,-0.038681582049592766,0.038681582049592766,0.028412475113395643
Ranbp6,0.0499313664854876,0.0499313664854876,0.0046603653232184595
Ier5l,-0.028827711749809304,0.028827711749809304,0.10247090762265817
4933432B09Rik,0.01908909279677617,0.01908909279677617,0.2796057688894848
Hist1h3d,0.00530558384095242,0.00530558384095242,0.7638089375264758
Alkbh8,-0.0013700105382164038,0.0013700105382164038,0.9381539563684312
Engase,-0.0024511786632758735,0.0024511786632758735,0.8895906425852126
Fbxo36,0.03581809190425257,0.03581809190425257,0.042437781303994775
Prkcq,-0.024384318502667188,0.024384318502667188,0.16721555592606102
Gm11346,0.0007766303683977503,0.0007766303683977503,0.9649169117074875
Zfp653,0.009990227523003171,0.009990227523003171,0.5715238934081873
Zfp846,-0.006358317814746906,0.006358317814746906,0.7187681145562554
Cmah,0.00329441165158459,0.00329441165158459,0.8519908619309002
Angptl6,0.019581149785634522,0.019581149785634522,0.26739535451223395
BC018242,0.01037967147291689,0.01037967147291689,0.5566219682619272
Mcm10,0.03113937013557533,0.03113937013557533,0.07773204557462204
Tnfrsf13c,-0.0035824007076587045,0.0035824007076587045,0.8392216501527953
Nlrp1c-ps,0.020923500765529242,0.020923500765529242,0.23596687631140334
Ap1m2,0.013135321583515828,0.013135321583515828,0.4569077282880246
Lrrc16a,0.018330631825993832,0.018330631825993832,0.2991588896627815
Wscd1,-0.004082348019372341,0.004082348019372341,0.8171563943025589
Atrnl1,0.010227411469980227,0.010227411469980227,0.5624255554924892
Nmt2,0.007804000273052394,0.007804000273052394,0.6585002863619164
Armc9,0.01880556209680514,0.01880556209680514,0.28681106749242186
Fam171a1,-0.01166205795814203,0.01166205795814203,0.5089325538009547
Raver1-fdx1l,-0.014623828907361313,0.014623828907361313,0.4075222272307441
Gm19557,0.006650598535824793,0.006650598535824793,0.7064266999090485
Sh3pxd2a,-0.039731338936743646,0.039731338936743646,0.024381417543868435
Zfp809,-0.005118735082310084,0.005118735082310084,0.7718924259565257
4921530L18Rik,0.04140397999071249,0.04140397999071249,0.01898059566481843
2010317E24Rik,0.027848776076628615,0.027848776076628615,0.11467691892339088
Hist1h4d,0.07897243482727473,0.07897243482727473,7.478830175823641e-06
Dpp7,0.059820354167000316,0.059820354167000316,0.0006965071222900639
Peo1,0.023643157007732764,0.023643157007732764,0.18050148881911324
8430410K20Rik,0.03954277661096757,0.03954277661096757,0.02506670070166988
Dync2h1,0.03172258189266942,0.03172258189266942,0.07232701879900987
Nrarp,-0.026674633649566345,0.026674633649566345,0.13079322585716352
Adamts8,0.0021339897122080033,0.0021339897122080033,0.903803344534246
Aldh5a1,0.032849215747751744,0.032849215747751744,0.0627567751348234
Pbx3,0.0374046616204735,0.0374046616204735,0.03407805373642216
Tdp2,0.04364165817043709,0.04364165817043709,0.013405370853982766
1700001L05Rik,0.02415328381607458,0.02415328381607458,0.1712758139115647
Cep57,0.05632895841661711,0.05632895841661711,0.0014094245367577206
Gm13375,-0.01930277210482774,0.01930277210482774,0.27425753744279363
Etl4,0.014924999549834651,0.014924999549834651,0.3979314306078085
Polr3h,0.04154423328987829,0.04154423328987829,0.01857934061114044
Endod1,0.018458502480409252,0.018458502480409252,0.29579999038671534
Pcgf6,0.023340215040483805,0.023340215040483805,0.18615203920347198
1700012B09Rik,0.00081819508331771,0.00081819508331771,0.9630405980987146
Zfp810,-0.011363505539448112,0.011363505539448112,0.5198409550860572
Tef,-0.08229642676602,0.08229642676602,3.0301987775637554e-06
Kcnab3,0.007859788245622114,0.007859788245622114,0.65621542317131
Nptx1,0.016049047159276728,0.016049047159276728,0.363353800037739
Tle4,0.026364995132636796,0.026364995132636796,0.13532317687063541
Commd5,0.04230677941377469,0.04230677941377469,0.016525006871031898
Bbs4,0.026652276085107257,0.026652276085107257,0.13111632369041298
Fosl1,0.027665030016115408,0.027665030016115408,0.11709056343356494
Epn2,-0.018107457339141993,0.018107457339141993,0.305081950799735
Loxl1,-0.025580724070396164,0.025580724070396164,0.14733865244978925
Lrp4,-0.03995681679854586,0.03995681679854586,0.023583331558977343
1110051M20Rik,-0.01840041250682661,0.01840041250682661,0.29732275389038604
A330069E16Rik,0.0399969406405858,0.0399969406405858,0.023443712354939198
Prpsap2,0.015196404941442901,0.015196404941442901,0.3894060597264999
Mybpc3,-0.0028006465231064405,0.0028006465231064405,0.873972719438363
Nol3,-0.022105369886042055,0.022105369886042055,0.21053849881335784
4931428F04Rik,-0.008889686938055396,0.008889686938055396,0.6146299679753934
Rapsn,0.016755164144213082,0.016755164144213082,0.3426247303920612
1600029O15Rik,0.011435674412159869,0.011435674412159869,0.5171930708678033
Tnks1bp1,0.02611902551097276,0.02611902551097276,0.13900725218917717
Islr,0.030398130582371095,0.030398130582371095,0.08507136255360019
Pus7l,0.017023657660381192,0.017023657660381192,0.3349450467455967
Slc22a20,-0.00623186229971617,0.00623186229971617,0.7241306690537309
Tm7sf2,0.03642225659867134,0.03642225659867134,0.03906973573367489
Cmtm4,0.0018298190870324788,0.0018298190870324788,0.9174617760151381
Rad9,-0.0008552485853461579,0.0008552485853461579,0.9613681017289543
4930513N10Rik,-0.012063006110801987,0.012063006110801987,0.49447368830072175
Bard1,0.029069731664787532,0.029069731664787532,0.09961843192440244
Haus1,0.04541775052388797,0.04541775052388797,0.010066022806081432
Rpusd2,-0.0054343072573074,0.0054343072573074,0.7582549525867852
Tln2,0.005567198435389161,0.005567198435389161,0.7525341985806326
Slc14a1,-0.014268453396814776,0.014268453396814776,0.4190145561801898
Bahcc1,0.004089311309479302,0.004089311309479302,0.8168500457351451
Tpm1,-0.03546870164039327,0.03546870164039327,0.04449527334999713
Pard6g,-0.0035788010521788415,0.0035788010521788415,0.8393810026357903
Zadh2,0.01399383963476479,0.01399383963476479,0.4280242851297027
BC052040,-0.010168342499521955,0.010168342499521955,0.5646848825182431
Cdc42bpg,-0.026235116181881665,0.026235116181881665,0.13725896612825986
Ogfod1,-0.0031643320416216425,0.0031643320416216425,0.8577714410049697
9330175E14Rik,0.005305583840952396,0.005305583840952396,0.7638089375264758
Snx22,-0.000290452234841936,0.000290452234841936,0.986875627673
Tonsl,0.025537294421157736,0.025537294421157736,0.14802710895424748
Top3a,0.004061256414014667,0.004061256414014667,0.8180844854805231
Fbxo3,-0.03504772777219958,0.03504772777219958,0.047085441213553215
Gpr56,0.029045057445079205,0.029045057445079205,0.09990631520210569
Nat10,0.009825484791116107,0.009825484791116107,0.5778842999118693
Gm16515,0.015734117622655565,0.015734117622655565,0.3728467245946351
Cabp4,0.027665030016115415,0.027665030016115415,0.11709056343356494
Llgl1,-0.010058601814584645,0.010058601814584645,0.5688938992755675
Mnd1,0.037294499130571784,0.037294499130571784,0.03460921321342742
Gfod2,-0.008766416356239676,0.008766416356239676,0.6195461062840748
Cerkl,0.01817041766183325,0.01817041766183325,0.3034031593712732
Rab3il1,0.06303755528330277,0.06303755528330277,0.00035200786479031975
Pkp4,-0.013722119737715349,0.013722119737715349,0.43704902263376294
Nek8,0.018041371043317746,0.018041371043317746,0.3068507088309114
9430091E24Rik,0.011105224848542166,0.011105224848542166,0.5293742425555799
Abcb6,0.010418653391809408,0.010418653391809408,0.5551408271950792
Glb1l,0.056235371892050676,0.056235371892050676,0.0014355752250125027
Fmnl2,-0.02865191225187845,0.02865191225187845,0.10458333974550237
Myh10,-0.033697621602852994,0.033697621602852994,0.05626208819628238
Zfp1,0.01708421976643443,0.01708421976643443,0.33322823826289494
Ctrb1,0.06268056622906713,0.06268056622906713,0.0003802925015053043
Ttc12,0.023034150159855615,0.023034150159855615,0.19199247657770904
Zbtb16,0.02664466319151631,0.02664466319151631,0.13122648164000036
Card10,-0.0775480217798657,0.0775480217798657,1.089810303663613e-05
Nnmt,0.03096215573211998,0.03096215573211998,0.07943807420156401
Tmem170,0.011435674412159855,0.011435674412159855,0.5171930708678104
Dnajb2,0.0015046405962125925,0.0015046405962125925,0.9320904176628576
Fam55b,0.03755018162860472,0.03755018162860472,0.033387103380797804
1700030J22Rik,-0.0011676712804177497,0.0011676712804177497,0.9472736526491129
Aqp12,0.0053055838409523945,0.0053055838409523945,0.7638089375264758
Dapl1,0.005636271693991432,0.005636271693991432,0.7495660393145348
Ing5,0.01945038399312557,0.01945038399312557,0.27060397845173945
Ly75,0.001577164985136156,0.001577164985136156,0.9288256356628772
Pou2af1,0.034209164020312814,0.034209164020312814,0.0526236857443673
Ctrl,0.02596192346582402,0.02596192346582402,0.1414003847992945
Macrod1,0.030120871725532412,0.030120871725532412,0.08795660590280333
Aatk,-0.04997179427290527,0.04997179427290527,0.004627063548687568
Ttc30a1,0.030615874013650953,0.030615874013650953,0.08285949598454344
Naa40,-0.0037432678662200685,0.0037432678662200685,0.8321070717485242
Atl3,0.04232930917838168,0.04232930917838168,0.016467470523469675
Rab39,-0.05153661807210065,0.05153661807210065,0.003492384006340321
Cdh1,-0.038325068832731304,0.038325068832731304,0.029906227878413308
Cdca7,0.020965098436819304,0.020965098436819304,0.23503654169878985
Zfp142,-0.012145380244569844,0.012145380244569844,0.49153056080504803
Vps4a,0.050593422338581835,0.050593422338581835,0.004141417412194783
Klhl23,-0.0010932642105656596,0.0010932642105656596,0.9506290781271474
Mir5136,0.031026114485122557,0.031026114485122557,0.07881887226614569
Ube2o,0.03460586083148492,0.03460586083148492,0.04993936111897696
4930578N16Rik,-5.397805329302023e-05,5.397805329302023e-05,0.997560841971912
Tut1,0.012519580894668756,0.012519580894668756,0.47827999109581815
Zc3h12c,-0.004332337121137194,0.004332337121137194,0.8061760120933817
Stk39,-0.003700870300374369,0.003700870300374369,0.8339808556292965
Galnt3,-0.0011110724804588887,0.0011110724804588887,0.9498259230447892
Grb14,0.020191723111129267,0.020191723111129267,0.2527602321421654
Gm1943,0.039281278848465294,0.039281278848465294,0.026044599252946825
Fcrl1,0.005542846068777491,0.005542846068777491,0.753581523601093
Nradd,0.02228754989140412,0.02228754989140412,0.20680214755806017
Skap1,0.041752917375960305,0.041752917375960305,0.017996043865202906
2210404J11Rik,-0.005040247822022535,0.005040247822022535,0.7752954095671488
Med12,0.01033591685694417,0.01033591685694417,0.5582867408870292
Serpina3n,-0.025362188572072085,0.025362188572072085,0.150827865530953
2310010J17Rik,-0.00550602078283457,0.00550602078283457,0.7551661334078925
Yars2,0.012032171835814936,0.012032171835814936,0.4955777771126333
Fsd1l,0.022409397828086965,0.022409397828086965,0.20433014953330142
Slc44a1,0.02378672347795221,0.02378672347795221,0.17786855420672365
Pcf11,0.03550210530719157,0.03550210530719157,0.04429499531530567
4632427E13Rik,0.012838754439456826,0.012838754439456826,0.46713395154487275
Zfp677,0.009551279366037349,0.009551279366037349,0.5885440523925952
4632434I11Rik,0.011435674412159837,0.011435674412159837,0.5171930708678104
Nars2,0.016177711047943952,0.016177711047943952,0.35951936732885775
Prkdc,0.01527130028485194,0.01527130028485194,0.3870731492019931
Galnt12,0.015247848690474311,0.015247848690474311,0.38780272353274536
4933439K11Rik,0.03283475413487197,0.03283475413487197,0.06287263803099485
Paqr4,0.0016095322431580257,0.0016095322431580257,0.9273689634852342
Gprc5c,0.0045143018170951035,0.0045143018170951035,0.7982073129963778
Spata7,0.025012031704361507,0.025012031704361507,0.15654932779769598
Igsf9,0.004765684809006415,0.004765684809006415,0.7872332510570417
Hdhd3,0.00384404354291261,0.00384404354291261,0.8276570793267279
Aldh1b1,0.06673752414286993,0.06673752414286993,0.00015439926475035735
Mesdc2,0.098337534320558,0.098337534320558,2.3659289483177484e-08
Tcte3,0.01398987881682959,0.01398987881682959,0.4281550537253206
Crkl,0.01004589454802887,0.01004589454802887,0.5693822425303932
Ttc37,0.04187935940117528,0.04187935940117528,0.01765047787678818
Anpep,0.010715896776788914,0.010715896776788914,0.543910611872833
Gjc1,-0.01451975977097047,0.01451975977097047,0.4108680721492861
Itm2a,-0.0013739590722174283,0.0013739590722174283,0.9379760674728816
2610318N02Rik,0.01936247816879392,0.01936247816879392,0.2727757090370018
LOC100859962,0.013989878816829563,0.013989878816829563,0.4281550537253206
Cyp2j6,-0.0234018636288082,0.0234018636288082,0.18499168994513857
2410004P03Rik,0.006440450850894416,0.006440450850894416,0.7152925084874108
Cldn20,0.01882521851385273,0.01882521851385273,0.2863075375045397
Serpina3f,0.03639767674516844,0.03639767674516844,0.03920219506149912
Agap2,0.015755798311272513,0.015755798311272513,0.37218832289621484
BC057079,0.013088683194420326,0.013088683194420326,0.45850753362355895
Hddc3,0.03470837717401064,0.03470837717401064,0.04926463124849702
Igf2r,0.02080595041114752,0.02080595041114752,0.23860996357311864
Gm15880,0.030761200784914566,0.030761200784914566,0.08140933786258807
Phka1,0.017430123734137576,0.017430123734137576,0.3235316229431824
2900076A07Rik,0.011998790304473012,0.011998790304473012,0.4967745575191597
Tle1,0.028244632460244175,0.028244632460244175,0.10961008554165816
Nudt15,0.024612638272798675,0.024612638272798675,0.1632744536538365
Ccnf,0.05551939599365574,0.05551939599365574,0.0016509223523956127
Rg9mtd3,0.016550832018873335,0.016550832018873335,0.34854400355899756
D330041H03Rik,0.004352366340350371,0.004352366340350371,0.805297879291966
Tstd1,0.018536014488873504,0.018536014488873504,0.293776241121367
Gm10012,-0.0069545973014625145,0.0069545973014625145,0.693671883413273
Diap3,0.0418486465392065,0.0418486465392065,0.017733877198382233
LOC622070,0.04687465887434834,0.04687465887434834,0.007902749070511986
Prkcdbp,-0.03048171772115306,0.03048171772115306,0.08421669462685116
Irx1,-0.013288965750597518,0.013288965750597518,0.4516596101307189
Xlr4c,0.0350880121809142,0.0350880121809142,0.046832214249310285
Fam92a,-0.00021277571642385525,0.00021277571642385525,0.99038531739409
Gvin1,0.05370746066832534,0.05370746066832534,0.0023352655943933726
Ccne2,0.004176542299417103,0.004176542299417103,0.8130147198516217
Gm4262,0.00785978824562213,0.00785978824562213,0.65621542317131
Gm18853,0.0001971750316128732,0.0001971750316128732,0.9910902340876753
BC023829,-0.006341615528944883,0.006341615528944883,0.7194756163476158
1110012L19Rik,0.036395972275941116,0.036395972275941116,0.039211394457584
Itpr3,-0.0010124045533872576,0.0010124045533872576,0.9542764767745279
Rab5c,-0.008601152570914724,0.008601152570914724,0.6261637097454258
Zfp385c,0.018873979928157217,0.018873979928157217,0.28506101544506135
8430429K09Rik,-0.00772147473130997,0.00772147473130997,0.6618860659629314
Smtn,0.011040757596377309,0.011040757596377309,0.5317675499658776
Rhbdl1,0.006777928834341044,0.006777928834341044,0.7010740457425471
Eml1,-0.02721785434833353,0.02721785434833353,0.12313114336487525
Snx29,0.01096471671384149,0.01096471671384149,0.534597548760442
Plekhb1,0.005737250020166677,0.005737250020166677,0.7452335557515508
Rab23,6.0615370720514164e-05,6.0615370720514164e-05,0.9972609162611327
Reck,-0.015406435641285866,0.015406435641285866,0.3828854409489985
Stat2,0.04458678395363032,0.04458678395363032,0.01152317071925724
Gba2,0.019348573027776365,0.019348573027776365,0.2731203269181894
Pan2,0.00042008851065378704,0.00042008851065378704,0.9810188181610098
Parn,0.056834679095241425,0.056834679095241425,0.001275551160552346
Wnt11,-0.03300748222909407,0.03300748222909407,0.06150027804659389
B230312A22Rik,-0.01715816419376045,0.01715816419376045,0.33113978009888767
Aoc2,-0.005720270120306129,0.005720270120306129,0.7459615209364517
Ppap2b,-0.00909995701434637,0.00909995701434637,0.6062841009758819
Snora78,-0.04063100743330167,0.04063100743330167,0.02133069575220265
Il11ra1,0.06231222292460259,0.06231222292460259,0.00041169233583239706
Klhl35,0.005305583840952407,0.005305583840952407,0.7638089375264758
Sh2d2a,0.05512581914388561,0.05512581914388561,0.0017815879719136809
Slco2b1,-0.013375882310256217,0.013375882310256217,0.4487059036215476
Slc38a6,0.029590591278126032,0.029590591278126032,0.09369430334994887
Trip13,0.02923086481606646,0.02923086481606646,0.0977546609090556
Suox,0.028460990731092782,0.028460990731092782,0.10691647760122297
Bag2,0.022364919435616755,0.022364919435616755,0.20523000587348475
Psmc3ip,-0.01163640685425592,0.01163640685425592,0.5098650541247421
Dnajb5,0.0013764554687951862,0.0013764554687951862,0.937863601699863
Dhcr24,-0.01118854115709584,0.01118854115709584,0.52628930708436
Pars2,0.004408384302244465,0.004408384302244465,0.8028432131577196
Cyb5rl,0.0030245286508569095,0.0030245286508569095,0.8639926351753825
Bbs10,0.03238015053045199,0.03238015053045199,0.06660588883767239
Syt3,0.0027513794362826758,0.0027513794362826758,0.8761716688172447
Zfp395,0.019018017567183663,0.019018017567183663,0.28140032985113944
Ttc7b,-0.018746178279064024,0.018746178279064024,0.2883359055748119
1500031L02Rik,0.018189697354572466,0.018189697354572466,0.30289030996203653
Ofd1,0.03807412125680715,0.03807412125680715,0.030997704616395012
Kcnc3,-0.004506835473652861,0.004506835473652861,0.798533876308119
Lck,0.036870262075775526,0.036870262075775526,0.03672123243355419
Gemin8,0.02639166734103944,0.02639166734103944,0.13492826106165534
Dusp10,0.03736505097837958,0.03736505097837958,0.034268232943576074
Fam151b,0.031026114485122536,0.031026114485122536,0.07881887226614569
Tex2,-0.042754574898413084,0.042754574898413084,0.015413944463773881
Tnk2,-0.03630586622065239,0.03630586622065239,0.03970033225757976
Adc,0.03196924945478504,0.03196924945478504,0.07013546756705918
6030422M02Rik,-0.02832603547072557,0.02832603547072557,0.10859041366467094
Zfp362,-0.05495536832056552,0.05495536832056552,0.0018410719327676974
Car5b,0.038698483375814746,0.038698483375814746,0.028343284437870438
Pdia5,0.020521971293952494,0.020521971293952494,0.24508112485707692
Disp1,-0.002126512069085423,0.002126512069085423,0.9041387953901425
2410002F23Rik,-0.030697297283506578,0.030697297283506578,0.08204444943009548
Zdhhc17,0.038387436217529755,0.038387436217529755,0.029640146254186334
Cmya5,-0.009508801706132258,0.009508801706132258,0.590203461015086
Ctu1,-0.016657109005875446,0.016657109005875446,0.3454572170857167
G530011O06Rik,0.061803610787292726,0.061803610787292726,0.0004590413071893324
Ccdc123,0.0380209382859468,0.0380209382859468,0.031233358589796548
Rgs9,-0.007013742876410216,0.007013742876410216,0.6912002375962961
Ubxn11,0.020405798467403525,0.020405798467403525,0.24776356441235076
Plekhf1,0.04670195775209325,0.04670195775209325,0.00813536096129591
1300002E11Rik,0.028464554821726544,0.028464554821726544,0.10687254848479458
Eprs,0.07996941491310754,0.07996941491310754,5.724490840262946e-06
Tmem44,-0.003954754693197095,0.003954754693197095,0.8227747344002326
Zfp788,-0.03083706204595898,0.03083706204595898,0.08066056617031328
D130020L05Rik,0.03736768871993509,0.03736768871993509,0.034255540464580805
Vps8,0.00849033634045289,0.00849033634045289,0.63061804551702
Siglec5,-0.044235101646811034,0.044235101646811034,0.012194244265763772
Siglecg,0.011515233804318514,0.011515233804318514,0.5142821379670021
9030624G23Rik,0.025842350775221946,0.025842350775221946,0.14324294636788285
Bdh1,-0.0013778151412204703,0.0013778151412204703,0.9378023472857832
Sox7,0.04238524761708936,0.04238524761708936,0.01632537521270901
Dlg1,-0.01079660800448244,0.01079660800448244,0.5408808588541497
Tmtc2,-0.009463143804967131,0.009463143804967131,0.5919895049292169
BC067068,0.005282595175802277,0.005282595175802277,0.764802110544533
Tceanc,-0.00973851354314666,0.00973851354314666,0.5812554683067891
Gm5595,0.02285249704799778,0.02285249704799778,0.19552193250625122
Fkbp5,-0.2213723022678355,0.2213723022678355,6.287173672168437e-37
Wdr5b,0.019271109146391588,0.019271109146391588,0.27504559813177487
Trpm4,0.05502741380721304,0.05502741380721304,0.0018157103790759769
Cdc20,0.07409436106868816,0.07409436106868816,2.644552437293263e-05
Myl4,-0.05243514641839197,0.05243514641839197,0.0029615773743952656
Kdm4a,0.025679468357763163,0.025679468357763163,0.14578244418114236
Cdc27,0.01645412872373283,0.01645412872373283,0.3513678976584893
Tmem53,0.004421827015230406,0.004421827015230406,0.8022544514587245
Abi3bp,0.022919133772476376,0.022919133772476376,0.19422172344922814
2610528E23Rik,0.018192486652371557,0.018192486652371557,0.3028161609888753
Rbm11,0.0027513794362826515,0.0027513794362826515,0.8761716688172568
Tjp1,-0.026740332027476242,0.026740332027476242,0.1298473645911791
Armcx5,0.014500853224447396,0.014500853224447396,0.41147766717869794
Lysmd3,0.037360442859528276,0.037360442859528276,0.03429041626802886
Gpr98,0.01756576498336729,0.01756576498336729,0.31977991260259164
Nr2f2,-0.03303518410584587,0.03303518410584587,0.061282504833062024
2210408I21Rik,0.04935310900869802,0.04935310900869802,0.0051610265206848095
Sorbs3,0.0011556217981797822,0.0011556217981797822,0.9478169684561113
Ppp3cc,0.019921920915276246,0.019921920915276246,0.2591569848933105
Klhl22,-0.015069998063428326,0.015069998063428326,0.39336284186992587
Sccpdh,-0.002725725275393716,0.002725725275393716,0.877317076465999
Abhd2,0.05310130534739188,0.05310130534739188,0.0026167388102921775
Lefty1,0.027812759622812395,0.027812759622812395,0.1151469134144264
Btbd7,0.03136619016875397,0.03136619016875397,0.07559211130463067
Gnrh1,-0.002878767393581964,0.002878767393581964,0.87048793274123
Bnip3l,-0.07089450058152474,0.07089450058152474,5.8160001777091494e-05
Rasgrf2,-0.03457165798443238,0.03457165798443238,0.0501661892538254
Phka2,0.02074325696026094,0.02074325696026094,0.24002811664959547
Abca8b,0.01735499591911162,0.01735499591911162,0.32562187588269187
Dvl3,-0.0008014201106135055,0.0008014201106135055,0.9637978295772759
Yeats2,0.023820619749677825,0.023820619749677825,0.177251105227653
Fhl3,-0.04240465529470535,0.04240465529470535,0.01627632787735608
Lmtk3,0.021621188306425353,0.021621188306425353,0.22070534083031842
Taco1,0.042596257172770505,0.042596257172770505,0.015799013027855455
Tmem143,0.03298476252384542,0.03298476252384542,0.0616793624918529
Tead2,0.00759177536633977,0.00759177536633977,0.6672212181735131
D830031N03Rik,0.010966856787985783,0.010966856787985783,0.5345177982793508
Gp1bb,0.026590099681671187,0.026590099681671187,0.13201811163065025
Mrc2,-0.012288053795630896,0.012288053795630896,0.4864553300884025
Phldb2,-0.02028140847406697,0.02028140847406697,0.250658436439216
Zfp69,-0.03300748222909404,0.03300748222909404,0.06150027804659389
Plcxd2,0.019232714701947092,0.019232714701947092,0.27600326999159924
Retnla,-0.0012278374435220462,0.0012278374435220462,0.9445611088370665
Dzip3,-0.01713175584562273,0.01713175584562273,0.3318846740121907
G730013B05Rik,0.005757046568976746,0.005757046568976746,0.7443851217750325
5330426P16Rik,0.018336870391067718,0.018336870391067718,0.29899442739634685
BC027231,0.046299731872725375,0.046299731872725375,0.008701029951002468
Tbc1d4,0.004039277182981402,0.004039277182981402,0.8190519059472136
Dnahc17,0.013989878816829561,0.013989878816829561,0.4281550537253206
Gm16861,-0.0033787111349247896,0.0033787111349247896,0.8482489150998082
Slc9a7,-0.010048476483306515,0.010048476483306515,0.5692830019584699
AA388235,-0.04213934659586581,0.04213934659586581,0.01695815250023448
2210015D19Rik,0.006205975674891837,0.006205975674891837,0.7252301147215143
Zfp629,0.04183150400867941,0.04183150400867941,0.01778057686311382
Mtmr11,0.005599704700841725,0.005599704700841725,0.7511369074500799
Slc5a11,0.004383306142660801,0.004383306142660801,0.8039418809820996
Cchcr1,0.015958239507375876,0.015958239507375876,0.36607538055943106
Elk1,-0.025956928951698054,0.025956928951698054,0.14147698193030941
Ddr1,0.022870953324400745,0.022870953324400745,0.1951611785497932
Dph5,0.04137912439155336,0.04137912439155336,0.019052490439396514
Hdac6,0.005707153761765109,0.005707153761765109,0.7465240029600206
Vcam1,0.029926820399922678,0.029926820399922678,0.09002249984020191
Plk1,0.058182004803458524,0.058182004803458524,0.0009740396823689519
Mrps18b,0.05937839279047696,0.05937839279047696,0.0007630733937544475
Slc25a43,-0.000554903861984365,0.000554903861984365,0.9749291133231536
Palb2,0.028711679947542684,0.028711679947542684,0.10386131821206829
Nuf2,0.06254601578640281,0.06254601578640281,0.0003914935615479507
Akap5,-0.04587019478710894,0.04587019478710894,0.009343663070887555
Lipt1,0.021349078532176925,0.021349078532176925,0.2265712297279107
Tmem17,0.048678630613171195,0.048678630613171195,0.00580602667621469
Sec24d,0.019210229972089526,0.019210229972089526,0.2765651603795405
Gm3604,0.011424337049631542,0.011424337049631542,0.5176085773502245
Kremen1,-0.04156091274894533,0.04156091274894533,0.018532118975019593
Tcf19,0.006257773002953262,0.006257773002953262,0.7230307700379697
Syp,-0.023176974339794855,0.023176974339794855,0.18925050862612014
Hsd17b7,0.020866790948125442,0.020866790948125442,0.2372393851198534
Ghr,-0.0014326757857509812,0.0014326757857509812,0.9353311388251665
Fmo2,-0.04516268483985392,0.04516268483985392,0.010494803395010304
Kifc1,0.03373276322584434,0.03373276322584434,0.05600561359843498
Palmd,-0.00969786193013073,0.00969786193013073,0.5828343482973716
Pcgf2,-0.014017618203408886,0.014017618203408886,0.42723971117532006
2310057M21Rik,0.054740211998107524,0.054740211998107524,0.0019187606374975693
Dab2,-0.04439472123979642,0.04439472123979642,0.01188548589066539
Pgap3,0.012271012777445398,0.012271012777445398,0.4870600260370139
BC068281,0.008971127593638798,0.008971127593638798,0.6113914913795538
Maob,-0.011661104650969048,0.011661104650969048,0.5089671936016171
Zpbp,-0.0008245067302550414,0.0008245067302550414,0.9627556954805373
2010016I18Rik,-0.00830587220994097,0.00830587220994097,0.6380624882642801
Ddah2,-0.0001670582203921765,0.0001670582203921765,0.9924510809024021
Atp1b1,-0.0324153796096954,0.0324153796096954,0.06631020590987248
Tnxb,-0.021758890871731735,0.021758890871731735,0.21777870696231724
Cdc14b,0.01160011108194397,0.01160011108194397,0.511186047788198
Abca13,-0.0036707492829342377,0.0036707492829342377,0.8353126441284225
Nmral1,0.10271065861424299,0.10271065861424299,5.462677743171432e-09
A130049A11Rik,0.013663173847527802,0.013663173847527802,0.43902117255757
Sept1,0.05970622364185106,0.05970622364185106,0.0007131600874986863
Ramp3,0.008427617733833569,0.008427617733833569,0.6331450359507826
Kif22,0.06182400809432087,0.06182400809432087,0.00045704853622945986
Hus1,0.016818154871976156,0.016818154871976156,0.3408129893649701
Zfp771,0.08571148480523241,0.08571148480523241,1.1550088811050942e-06
4930594C11Rik,0.010704278580748955,0.010704278580748955,0.5443474315422465
Tbx6,-0.018677078193950588,0.018677078193950588,0.29011710017199144
Gpr89,0.029484582933963693,0.029484582933963693,0.09487655297371611
Pou2f1,0.039363157971297524,0.039363157971297524,0.02573491790070936
Gm12522,-0.010639120129998854,0.010639120129998854,0.5468004768876925
0610007P08Rik,0.005565333468515664,0.005565333468515664,0.7526143893542352
Tfap4,-0.0077450180097114185,0.0077450180097114185,0.6609194461387848
Nudt17,-0.01733113289635196,0.01733113289635196,0.3262876406529495
Zfp689,0.010421919407492814,0.010421919407492814,0.5550168204438011
Chd1l,0.03454480269629354,0.03454480269629354,0.05034489387490914
H2-Eb2,0.04679929403902368,0.04679929403902368,0.008003515974398148
H2-Q6,0.04464033167286688,0.04464033167286688,0.011423918360752905
Cyb561d1,-0.006646177382163261,0.006646177382163261,0.7066128171870227
Ampd2,0.0011560340875370612,0.0011560340875370612,0.9477983777675807
Notch4,0.0014696676113447032,0.0014696676113447032,0.9336651848134794
Zfp458,0.030761200784914608,0.030761200784914608,0.08140933786258807
Rpgr,0.005765016948807171,0.005765016948807171,0.7440436173239482
Atxn7l2,-0.0038457167709405387,0.0038457167709405387,0.8275832401513162
2810442N19Rik,0.0063840023254831,0.0063840023254831,0.7176805996656133
Cep68,0.02500470052433669,0.02500470052433669,0.15667085150981375
Rassf7,0.021870044737883128,0.021870044737883128,0.2154367417026945
Zbtb37,0.019812548656675928,0.019812548656675928,0.26178175778617996
Dync1h1,-0.02126783952946235,0.02126783952946235,0.2283438603372548
Cks1b,0.08247781839070516,0.08247781839070516,2.8815390520569546e-06
Pnpt1,0.06178610377122366,0.06178610377122366,0.00046075816274228354
Lmo7,-0.034516386224171684,0.034516386224171684,0.050534567504342376
Gria3,0.014084060154606955,0.014084060154606955,0.42505190322836767
Adh1,-0.07988533524707758,0.07988533524707758,5.85571918240279e-06
Kif26a,-0.029411614610883118,0.029411614610883118,0.0956972462058088
Rnf141,0.024928794990962694,0.024928794990962694,0.1579332886848831
Cluap1,0.06168400413466365,0.06168400413466365,0.000470890628318329
Tmem158,-0.0032376417319714447,0.0032376417319714447,0.8545126896588698
Sema4c,0.025581866319337464,0.025581866319337464,0.14732057834173792
1700071M16Rik,-0.02930264410957726,0.02930264410957726,0.09693343126461788
Spon1,0.012332056413937682,0.012332056413937682,0.4848957868562317
Gal3st1,-0.004506835473652849,0.004506835473652849,0.798533876308119
Xpnpep2,0.009018389176542232,0.009018389176542232,0.6095156122527093
Gstz1,0.02858117736150329,0.02858117736150329,0.10544299128011546
Clk2,0.0032192661844088373,0.0032192661844088373,0.8553292860686305
Fcrla,0.011928781496773577,0.011928781496773577,0.4992894758531046
Ubash3a,0.03285400128680867,0.03285400128680867,0.06271847344939416
Zfp941,0.020119969388037034,0.020119969388037034,0.25445061113256423
Bcorl1,-0.006982721751770417,0.006982721751770417,0.6924961771673844
Bag5,0.05848048620210363,0.05848048620210363,0.0009168658730246315
Fastkd3,0.04696779661943699,0.04696779661943699,0.007779788865081134
Efna1,-0.010248658049223864,0.010248658049223864,0.5616139640697414
Trim46,0.007214789922001879,0.007214789922001879,0.682823345390709
Ifi44,0.05850662164802012,0.05850662164802012,0.0009120106093114123
Abcc10,-0.00875254749792302,0.00875254749792302,0.6201002796417717
Gm16197,0.016195269357177043,0.016195269357177043,0.3589980731562297
Ccr7,0.030685592430355017,0.030685592430355017,0.08216121340906224
Copz2,0.006973535184970332,0.006973535184970332,0.692880128440779
Pla2g12a,0.04766856087937296,0.04766856087937296,0.006908256083763787
Sdc1,0.006486438599913209,0.006486438599913209,0.7133490226234738
Rhox8,0.03424074385252633,0.03424074385252633,0.052405667073315176
Spata1,0.001727438492275408,0.001727438492275408,0.9220647453178353
Gas1,-0.004250733125317638,0.004250733125317638,0.8097562568044588
Zfp955a,0.04344719488970368,0.04344719488970368,0.013824735313026517
Rpl39l,0.022674173792706753,0.022674173792706753,0.19903270742710683
Atp8b2,-0.034826236716418255,0.034826236716418255,0.0484983817686445
Gpc3,-0.03491557006893325,0.03491557006893325,0.04792427903776289
0610010F05Rik,0.012409563408597446,0.012409563408597446,0.48215537638836176
Zfp563,-0.0045913417350968,0.0045913417350968,0.7948398075087195
Wdr35,-0.0028941565417569285,0.0028941565417569285,0.8698017533772923
Zfp763,0.018671125064474395,0.018671125064474395,0.29027089974399745
Cryz,0.011532521568797707,0.011532521568797707,0.513650738313216
Zfp870,0.016530082444066868,0.016530082444066868,0.3491487071622291
Npr3,-0.012517972940859049,0.012517972940859049,0.4783365087559834
BC026585,-0.012168180290246338,0.012168180290246338,0.49071760711607826
Cul4b,0.0381108412826266,0.0381108412826266,0.030835889664149827
Dnajb4,0.022805285375525907,0.022805285375525907,0.19644697444958756
Rps15a,-0.2656057790361747,0.2656057790361747,5.754632828286317e-53
Ccbp2,-0.01800634632843029,0.01800634632843029,0.3077908704608789
BC048355,0.030627128914320668,0.030627128914320668,0.08274644538034834
Efemp1,0.021105189413905562,0.021105189413905562,0.2319224982716763
Soat2,0.025040827329949687,0.025040827329949687,0.15607269479382943
Hist1h1a,-0.023546719038138313,0.023546719038138313,0.18228628721618514
9130011E15Rik,0.019842832035736564,0.019842832035736564,0.26105316991274474
2210417A02Rik,0.026063695707569782,0.026063695707569782,0.1398465083228927
Lamb2,0.023378379332225502,0.023378379332225502,0.1854330789082653
Ncapg2,0.06213709454118736,0.06213709454118736,0.0004274556118244769
Mina,0.03284195029449305,0.03284195029449305,0.06281496208858758
2610035D17Rik,-0.048801258040989066,0.048801258040989066,0.00568361280512221
E030010A14Rik,0.039546850558599744,0.039546850558599744,0.025051720587852416
Raet1e,0.019121984585250655,0.019121984585250655,0.2787779297949356
2510009E07Rik,0.02442401799387413,0.02442401799387413,0.16652520628985704
Dhx37,-0.008870537219850217,0.008870537219850217,0.6153925487121629
Lrrc20,-0.012140838881058779,0.012140838881058779,0.4916925729870886
Nup85,0.07142881029300312,0.07142881029300312,5.110166534798748e-05
Gtf2h3,0.049855693223759726,0.049855693223759726,0.004723283578104106
Rnmtl1,0.002173520354463205,0.002173520354463205,0.9020302664779726
Pnpo,0.06477301380529009,0.06477301380529009,0.00024041208774907755
Wdr75,0.06855034943065605,0.06855034943065605,0.00010152934012293559
Cacnb1,0.030733632667656482,0.030733632667656482,0.08168283563879543
Abcc3,0.0018948863577168923,0.0018948863577168923,0.9145378178196116
Lpin2,0.0022498590971240092,0.0022498590971240092,0.898607615039384
Cul9,-0.011921208632248072,0.011921208632248072,0.4995619195457823
Arhgap23,-0.038775201721177974,0.038775201721177974,0.028031035983612673
Nudt14,0.06822913196398922,0.06822913196398922,0.00010943892107695298
Fam131a,0.0006423516290076536,0.0006423516290076536,0.9709797944546091
9130008F23Rik,0.015447664066945657,0.015447664066945657,0.3816133585316923
Traf3ip2,0.004657342062531736,0.004657342062531736,0.7919578887647333
Prickle3,-0.051248576031029724,0.051248576031029724,0.003680034038607672
Pdk2,0.029584761791067365,0.029584761791067365,0.09375900788909516
Parvg,-0.004194844485141982,0.004194844485141982,0.8122105843431211
Tmppe,0.005425051132169833,0.005425051132169833,0.7586539114428624
Hist1h1c,-0.042273435087473187,0.042273435087473187,0.016610485243902864
Immp2l,0.020681738329620086,0.020681738329620086,0.24142545675639784
Cbx5,0.05050089365180317,0.05050089365180317,0.00421064702140457
Kif15,0.06332460871751835,0.06332460871751835,0.00033070393798201585
Dync1li1,0.08093332807935244,0.08093332807935244,4.407568034260217e-06
Cnnm2,0.05416963230589829,0.05416963230589829,0.002139582782910092
Snd1,0.04947949879785855,0.04947949879785855,0.005047623213049903
Zfp518a,0.009566306682934428,0.009566306682934428,0.5879575198164945
Llgl2,0.0003262137790028314,0.0003262137790028314,0.9852598805145437
Atxn3,0.03829578421491651,0.03829578421491651,0.030031873031745135
Inmt,-0.13528527026287784,0.13528527026287784,1.3901115151873884e-14
Qtrtd1,-0.006150069818722742,0.006150069818722742,0.7276064542174373
Rab7,0.07581232908175822,0.07581232908175822,1.709487833853409e-05
Siae,-0.0031093629369041884,0.0031093629369041884,0.86021651290696
Bcl2a1c,0.03910807386017488,0.03910807386017488,0.026710316743092915
Ankrd22,-0.03579245082911132,0.03579245082911132,0.04258599210727722
Gsg2,0.03284925125130755,0.03284925125130755,0.06275649090632761
Ap1s3,0.013000930517496026,0.013000930517496026,0.4615261480686838
Bace1,0.017664843587396936,0.017664843587396936,0.31705753931249625
Cdo1,-0.08069983233059665,0.08069983233059665,4.69698051890434e-06
Cct6a,0.11043642011003192,0.11043642011003192,3.5247239871524123e-10
4930503L19Rik,0.02212541214745691,0.02212541214745691,0.21012507574186556
Aqp9,-0.05080260867192862,0.05080260867192862,0.003988694826016916
Ctif,-0.01739043456329901,0.01739043456329901,0.3246347884381396
Narg2,0.016406487987011546,0.016406487987011546,0.35276439716463576
Eme2,-0.006182319011266228,0.006182319011266228,0.726235345828299
Rora,0.03728668583949597,0.03728668583949597,0.034647152764979566
Ezh1,0.02391928820047764,0.02391928820047764,0.175462861291152
Unc45b,-0.020232229266286882,0.020232229266286882,0.2518094466576482
Slco2a1,0.013168969266328307,0.013168969266328307,0.4557554837193891
3110001I22Rik,0.03618793917463045,0.03618793917463045,0.04034803857571805
Sfmbt1,0.030535923556195534,0.030535923556195534,0.0836661690949431
Csnk1g1,0.018147985456214807,0.018147985456214807,0.3040005928093993
Fam113b,-0.032657570336744664,0.032657570336744664,0.06430659500933775
Lig3,0.038557415656636056,0.038557415656636056,0.02892526099012774
1700066M21Rik,0.00625549619100433,0.00625549619100433,0.7231273969186504
Gstp2,-0.001604079955224034,0.001604079955224034,0.9276143240571098
Zxdb,-0.011882783450263397,0.011882783450263397,0.5009455305719377
Jagn1,0.11666020233041179,0.11666020233041179,3.364284259975835e-11
Cdc6,0.00986805776039514,0.00986805776039514,0.576237451143858
Brms1l,0.035818471983009664,0.035818471983009664,0.042435587652988625
Dlst,0.024874237955539325,0.024874237955539325,0.1588454107904779
Snhg10,0.005077857012733189,0.005077857012733189,0.7736642396820355
Stard8,-0.01940115588003364,0.01940115588003364,0.27181870471081565
Kif20a,0.06750789614630995,0.06750789614630995,0.00012936583257866388
G2e3,0.04993279631415688,0.04993279631415688,0.004659183833308839
4933403F05Rik,0.06252756301975487,0.06252756301975487,0.00039305352696330023
Prr11,0.030467611708645065,0.030467611708645065,0.08436043766444377
3830403N18Rik,-0.020065433050448476,0.020065433050448476,0.2557406286747309
Xlr,-0.021449701659911925,0.021449701659911925,0.22438926980453652
Micall2,0.007061661864134055,0.007061661864134055,0.6892001496906
0610009O20Rik,0.056133217587980185,0.056133217587980185,0.001464629800925791
Mtmr1,0.020423785670837042,0.020423785670837042,0.2473468999378123
Atr,0.002276635246183949,0.002276635246183949,0.8974075481324751
Heatr2,0.027773107241473673,0.027773107241473673,0.11566610463555359
Als2,0.009783867403128055,0.009783867403128055,0.5794963203829943
Ftsj2,0.029055187684324538,0.029055187684324538,0.09978804180115156
Sowahc,-0.05388408340774905,0.05388408340774905,0.002258627124471915
Aldh7a1,0.0036031640151987,0.0036031640151987,0.8383026119229792
Nt5c3l,0.004340765974761364,0.004340765974761364,0.8058064395016394
Rhebl1,-0.037942225018576616,0.037942225018576616,0.031584956651927065
Zfp275,0.012105578815367566,0.012105578815367566,0.4929514425362623
Rasgef1a,-0.016523450082219393,0.016523450082219393,0.3493421340435216
LOC545261,-0.005461161239596479,0.005461161239596479,0.7570978527558804
Fmnl3,0.0028675632121019793,0.0028675632121019793,0.8709875719694234
Iqce,0.003409385914260354,0.003409385914260354,0.8468881438575566
Cnpy4,0.06784287289840286,0.06784287289840286,0.00011971963003621345
Pigq,-0.002034320496696129,0.002034320496696129,0.9082759427765087
Lysmd2,-0.0033631941434839356,0.0033631941434839356,0.8489374405677861
Zc3h7a,0.017535735936119998,0.017535735936119998,0.3206080267949362
Rbp1,-0.06062356354166227,0.06062356354166227,0.0005891428964287433
Plekhh3,-0.033774056679185885,0.033774056679185885,0.05570548546945993
Snx32,0.02724443756000441,0.02724443756000441,0.12276537868927348
Csrnp2,-0.03847448618491682,0.03847448618491682,0.02927216376719553
Akr1e1,0.016828866894437206,0.016828866894437206,0.34050550114819117
Ccdc126,0.010645909825026001,0.010645909825026001,0.5465446074895028
Rftn2,-0.015831728951523485,0.015831728951523485,0.36988813663204934
Fads1,-0.0015306548029210992,0.0015306548029210992,0.930919219246192
Atn1,-0.021258368496994133,0.021258368496994133,0.22855115857975153
Traf4,-0.013827994625885446,0.013827994625885446,0.4335196053112012
Gstt1,-0.024495125631572072,0.024495125631572072,0.16529404551309396
Egfl8,0.016077688815849336,0.016077688815849336,0.36249801773049206
Fam26f,0.1169240204335723,0.1169240204335723,3.036902622338955e-11
Nicn1,0.04409427573315796,0.04409427573315796,0.012472526051675125
Gm16894,-0.018352925856760405,0.018352925856760405,0.2985714474891589
Osbpl3,0.052506310698812744,0.052506310698812744,0.002922855731035909
Eftud2,0.03577895150309467,0.03577895150309467,0.042664196699433936
5430402O13Rik,0.01422392094952113,0.01422392094952113,0.42046798703419835
Urb1,-0.013612967721342567,0.013612967721342567,0.44070493857181775
Patl1,-0.003354913522062595,0.003354913522062595,0.8493049184268231
Tspan33,-0.04655917544475613,0.04655917544475613,0.008332280618911793
Dhrs13,0.018037205775302642,0.018037205775302642,0.3069624165937763
Rybp,-0.023792780081452105,0.023792780081452105,0.17775811082239365
Gprasp1,0.00923480195158239,0.00923480195158239,0.6009587558886704
Vps13a,0.07611118239321082,0.07611118239321082,1.5830481524398187e-05
Prune2,0.035417304671010785,0.035417304671010785,0.04480492490051711
Prok2,0.0087242267264077,0.0087242267264077,0.6212325938906339
Retsat,0.05360114499446757,0.05360114499446757,0.0023825372656893847
Mapk13,-0.0003964180218282169,0.0003964180218282169,0.9820881550748491
Klhdc10,0.0246683140329242,0.0246683140329242,0.16232411773956823
Serac1,0.00850986422927949,0.00850986422927949,0.6298321277731251
Rsph3b,-0.015840657920285613,0.015840657920285613,0.3696182304838662
2310008H04Rik,0.027457718366748766,0.027457718366748766,0.11986142917101825
Rab36,-0.016163510977180665,0.016163510977180665,0.3599413051708125
Srp54b,0.06637367880506415,0.06637367880506415,0.000167746338771713
Srcrb4d,-0.004332301325394872,0.004332301325394872,0.8061775816903959
Fpr1,0.07512893909916842,0.07512893909916842,2.0357368313250977e-05
A230072C01Rik,0.00560860264546776,0.00560860264546776,0.7507545686871052
Zfp97,-0.007137840044722305,0.007137840044722305,0.6860250223060365
Snx15,0.07171192961373289,0.07171192961373289,4.769855462745394e-05
Ccno,-0.018057262969016233,0.018057262969016233,0.30642475268440017
Pom121,0.019794225245666566,0.019794225245666566,0.26222328219482
Hist1h2ak,0.04585695961306804,0.04585695961306804,0.009364119563074735
Ppp6r2,0.03553309601000158,0.03553309601000158,0.04410986521063326
6030446N20Rik,0.00665694949060642,0.00665694949060642,0.7061593745111722
Vegfb,0.008430030186321647,0.008430030186321647,0.6330477565982228
Gm3435,-0.04227371537586794,0.04227371537586794,0.01660976510858691
Trpt1,-0.005730999121940328,0.005730999121940328,0.7455015189265136
Trrap,-0.00038287326427824517,0.00038287326427824517,0.9827000670125533
LOC106740,-0.014073198511560078,0.014073198511560078,0.4254091087084421
Cela1,0.047862093351444215,0.047862093351444215,0.0066835386310403885
D6Mm5e,0.03316929449345193,0.03316929449345193,0.06023722702305441
Npat,0.052065752858434136,0.052065752858434136,0.0031701915476276443
Ggt5,-0.021931087278365503,0.021931087278365503,0.21415834184845522
B930003M22Rik,-0.017453671419326806,0.017453671419326806,0.32287826756619026
1700010I14Rik,0.013596800119821192,0.013596800119821192,0.4412479390463606
Lgals9,-0.015295362469428787,0.015295362469428787,0.38632544992589263
Mex3c,0.017833748771903246,0.017833748771903246,0.3124516775987516
Gpd2,0.0009878443642152462,0.0009878443642152462,0.9553845251507511
Fam109a,0.025890331423873827,0.025890331423873827,0.14250138641484392
Bbs12,0.008266273067371727,0.008266273067371727,0.6396653972104942
Cetn4,0.038602230878062534,0.038602230878062534,0.028739270773935264
Ccna2,0.07386805825208659,0.07386805825208659,2.7990722489626287e-05
Rgl1,0.017382770474572675,0.017382770474572675,0.3248480943549889
Nop14,0.06293888466870191,0.06293888466870191,0.0003596223835907282
Zfp346,-0.0021215686783094905,0.0021215686783094905,0.9043605677964329
Fbxo46,0.007551989819525451,0.007551989819525451,0.668861179018426
E330020D12Rik,0.012559469914359042,0.012559469914359042,0.4768791079530436
Thg1l,0.018374229952032882,0.018374229952032882,0.2980108096639637
Ap3m2,0.013908660988123702,0.013908660988123702,0.43084162529990966
Arfrp1,-0.004307487631010116,0.004307487631010116,0.807265817535332
Lama5,0.005239195864255989,0.005239195864255989,0.7666781321957369
Brf2,0.061069069308412355,0.061069069308412355,0.000536445091703514
Hvcn1,0.03627973357967599,0.03627973357967599,0.03984309821836393
Gtpbp5,0.048928281227244276,0.048928281227244276,0.005559268940021965
9030418K01Rik,-0.001692871590983017,0.001692871590983017,0.9236194493423407
Ankrd46,0.018048924022347305,0.018048924022347305,0.30664821516316876
Cd209a,-0.10374787756217715,0.10374787756217715,3.823719195702089e-09
Cebpe,0.02335307068030061,0.02335307068030061,0.1859096278113712
2210010C17Rik,-0.012541922213419286,0.012541922213419286,0.47749509794593076
Cd34,-0.016135446467290378,0.016135446467290378,0.3607761216909033
Nos3,0.0016794445194316869,0.0016794445194316869,0.9242234332590094
Polr3gl,-0.023438216542304328,0.023438216542304328,0.18430996741428102
Hist2h3c1,-0.013352255479234961,0.013352255479234961,0.4495077334809984
Agap3,-0.011659042578814886,0.011659042578814886,0.5090421262121587
Fancc,0.02427232874806808,0.02427232874806808,0.1691745705520147
Cox6a2,0.002087880089131269,0.002087880089131269,0.9058721166626231
Ctsk,-0.03639520726679411,0.03639520726679411,0.0392155239762687
D930028M14Rik,-0.008790049148886283,0.008790049148886283,0.6186022823030228
Tchh,0.021089449182381946,0.021089449182381946,0.23227091631526678
Zfp938,-0.001969783417398961,0.001969783417398961,0.911173566884596
Rusc1,0.03700708398555186,0.03700708398555186,0.03602839946337544
Zfp873,-0.0016735206317888484,0.0016735206317888484,0.9244899187338179
Abhd1,-0.007813103140024775,0.007813103140024775,0.6581272491641349
Eif2b4,0.06412399143232302,0.06412399143232302,0.0002775595538766532
Cd81,0.08539770115317881,0.08539770115317881,1.2639860755216853e-06
Krtcap3,-0.01698913177855899,0.01698913177855899,0.335926327670295
9930111J21Rik2,0.015634370385325322,0.015634370385325322,0.3758851416931598
F5,-0.011832854397913484,0.011832854397913484,0.5027463999242933
Aurka,0.04681572325398655,0.04681572325398655,0.007981451713567017
Apba3,0.0750396640644119,0.0750396640644119,2.0824962459779967e-05
Cdc25b,0.043257220644637176,0.043257220644637176,0.014245557296952583
Ubox5,-0.02715137901956148,0.02715137901956148,0.12404951627920695
Fip1l1,0.07398760815143622,0.07398760815143622,2.7164049008349512e-05
Pdgfra,-0.016219860934690543,0.016219860934690543,0.358268764852742
Gab1,0.03069739489529346,0.03069739489529346,0.0820434762511081
Tmem87b,0.019270537799749472,0.019270537799749472,0.2750598325798817
Asf1b,0.0503239093668568,0.0503239093668568,0.0043459960872121095
Prnp,0.02296049146263234,0.02296049146263234,0.19341795277417234
Ap3d1,0.032724227908235134,0.032724227908235134,0.06376399721735615
Cep152,0.027368536540889297,0.027368536540889297,0.12106908495696736
Slc24a5,-0.012893842818106458,0.012893842818106458,0.4652248546580558
Slc25a10,-0.01304820143426805,0.01304820143426805,0.4598986935820261
Tmem86b,-0.0007310395207488051,0.0007310395207488051,0.9669751958599304
Arl16,0.04431705900059204,0.04431705900059204,0.01203483473114909
Gm10345,0.004466435293799486,0.004466435293799486,0.8003015111503975
Acot1,-0.005314883589449783,0.005314883589449783,0.7634072732593717
Igfbp7,-0.14428886174260666,0.14428886174260666,2.1253528739787844e-16
Slc23a2,0.01609853742735673,0.01609853742735673,0.36187587748391853
Hsh2d,-0.0620396064491994,0.0620396064491994,0.00043647277035150034
Gmpr,-0.002989367056786438,0.002989367056786438,0.8655586549177472
Zfp217,0.018358483652014222,0.018358483652014222,0.2984251209265078
Slc7a2,-0.0538922432722948,0.0538922432722948,0.002255142774950147
Utp23,0.09445600512989749,0.09445600512989749,8.253975148360833e-08
Rad21,0.017934227857271223,0.017934227857271223,0.30973272759675985
Zfp335,0.002955045769959728,0.002955045769959728,0.8670877583268861
Ehd2,-0.03770042156647543,0.03770042156647543,0.03268634693317559
Ada,0.011168696238961742,0.011168696238961742,0.5270232669177188
Vegfc,-0.0025400147434884316,0.0025400147434884316,0.8856161970676731
Hpgd,-0.20813623995412123,0.20813623995412123,9.479297747060371e-33
9230114K14Rik,0.03519481408388056,0.03519481408388056,0.046166397736766174
Pi4k2b,0.014925558081117903,0.014925558081117903,0.39791377140302425
Derl1,0.02171172455175429,0.02171172455175429,0.2187779904015764
4921517L17Rik,-0.00048677248573517426,0.00048677248573517426,0.9780064955164819
Sept8,0.008772752889387,0.008772752889387,0.6192929822672592
Bcl2l1,0.014818604701197242,0.014818604701197242,0.401303943465525
Rab3a,-0.0033650548492674516,0.0033650548492674516,0.8488548705790523
Zfp709,0.009658702398598604,0.009658702398598604,0.5843571653760561
Prr24,0.015390678979562696,0.015390678979562696,0.3833722899966765
Pnp2,0.020111345545227782,0.020111345545227782,0.2546543001332864
Itpkc,0.019706721890119596,0.019706721890119596,0.2643388688585951
Ltbp4,-0.03913122837602406,0.03913122837602406,0.02662047974412392
R3hcc1,0.015406565577583166,0.015406565577583166,0.3828814277544452
Irak3,0.05993944744288651,0.05993944744288651,0.0006795156909111
Mcee,0.06362633027439864,0.06362633027439864,0.0003096153398749518
Tarsl2,0.0253288285978026,0.0253288285978026,0.15136599511558488
9130206I24Rik,0.0020097353332416005,0.0020097353332416005,0.9093796403333565
Slc39a14,0.01467622557963397,0.01467622557963397,0.4058438257863132
Dnajc16,-0.021709060006956053,0.021709060006956053,0.21883454053050222
Itpkb,0.03513718140210932,0.03513718140210932,0.04652469063300655
Det1,0.030668650767639156,0.030668650767639156,0.08233045670624312
Alg6,-0.0036182963190825182,0.0036182963190825182,0.8376329554077926
Gm13139,0.003317651308351473,0.003317651308351473,0.8509589468476847
Akt3,-0.026129891285894935,0.026129891285894935,0.13884289377918255
LOC100504703,0.00755672158928488,0.00755672158928488,0.6686660524516115
Blm,0.011957987149840477,0.011957987149840477,0.49823950351444846
Cadm3,0.07639562119655831,0.07639562119655831,1.471021608832197e-05
Ptgr1,0.12564272330422535,0.12564272330422535,9.06033719729878e-13
Gm6907,0.024755223853026642,0.024755223853026642,0.1608489916805555
Entpd4,0.015777124310558003,0.015777124310558003,0.3715413956897551
Fancf,0.04319626760409182,0.04319626760409182,0.01438295073291322
Uevld,0.02273089350720689,0.02273089350720689,0.19791106754307483
Ap3b1,0.04235089282001196,0.04235089282001196,0.0164125154161734
Kctd3,0.0009272219474682497,0.0009272219474682497,0.9581199080568957
Slc9a1,0.033237518924263174,0.033237518924263174,0.05971117070634884
Il28ra,-0.023560829580098065,0.023560829580098065,0.18202432642943275
Zfp46,0.01173503473578664,0.01173503473578664,0.5062845061324601
Dhfr,0.035784544577934396,0.035784544577934396,0.04263178006051445
Zscan20,0.00646535120840824,0.00646535120840824,0.714239965833524
Hal,0.020867411053332577,0.020867411053332577,0.23722544445206203
1700047M11Rik,-0.006794894443091319,0.006794894443091319,0.700361964528018
Sbsn,-0.02966891222469575,0.02966891222469575,0.0928284449454119
Grwd1,0.021992649667683866,0.021992649667683866,0.21287460278293935
Saal1,0.0873018166236305,0.0873018166236305,7.278520733069708e-07
Nsl1,0.032700595512625365,0.032700595512625365,0.06395593265793621
Rlf,0.08259344682439265,0.08259344682439265,2.7904535932657387e-06
Dem1,0.014864613491668007,0.014864613491668007,0.39984345313354236
Gtf2h1,0.0595036283840407,0.0595036283840407,0.0007436350487223202
Hivep3,-0.011640112375570255,0.011640112375570255,0.5097302912753015
D730040F13Rik,-0.021633440025933395,0.021633440025933395,0.22044381456280843
A630072M18Rik,0.00999892646291925,0.00999892646291925,0.5711889709018833
Zdhhc20,-0.00888870173525843,0.00888870173525843,0.6146691906074431
Gfm2,0.04041957572576314,0.04041957572576314,0.022016087077703653
Zranb2,0.0783850976598645,0.0783850976598645,8.741641771664056e-06
Ctsg,0.035475984738667636,0.035475984738667636,0.04445154116889261
Ssx2ip,0.003083849270394904,0.003083849270394904,0.8613518389780326
Zfp607,-0.011802737530784905,0.011802737530784905,0.5038343237603079
Dusp18,0.0011457258508711194,0.0011457258508711194,0.948263198693106
Arntl,0.00762172682655376,0.00762172682655376,0.6659876654830129
Gbp7,0.08364202522806641,0.08364202522806641,2.0812984032995533e-06
Penk,0.005150756638293447,0.005150756638293447,0.770505317324712
Olfml2b,-0.015420531793928095,0.015420531793928095,0.38245021933763557
Cenpe,0.083760783423626,0.083760783423626,2.0128763432534743e-06
Gatad1,-0.03631423095116029,0.03631423095116029,0.03965472644087645
Map3k10,-0.0005733836766571832,0.0005733836766571832,0.9740944728794401
Cog5,0.019688238058488884,0.019688238058488884,0.2647872567964823
Zfp456,0.03645868299811811,0.03645868299811811,0.03887413495927487
Sort1,-0.008780748800060134,0.008780748800060134,0.6189736358626536
Gdpd3,-0.03784550024375397,0.03784550024375397,0.0320216505587958
Polr3b,-0.023802275707575236,0.023802275707575236,0.17758505890676726
Car8,0.0014728146803368444,0.0014728146803368444,0.9335234675510351
Timm50,0.10613350906726145,0.10613350906726145,1.6612317663284946e-09
2310030N02Rik,0.03419725053376676,0.03419725053376676,0.05270612988416316
Gpr157,-0.0006952775369915356,0.0006952775369915356,0.9685898921720484
5830415F09Rik,0.0220733771905251,0.0220733771905251,0.21119964865534668
Eno1,0.06399904981959566,0.06399904981959566,0.00028530148693338
Tdrd7,-0.02066140598255603,0.02066140598255603,0.24188854365558998
Shb,0.04222449083231056,0.04222449083231056,0.0167366570185872
Myo7a,-0.04090472799950977,0.04090472799950977,0.020471024165531745
Gne,0.04848626954895186,0.04848626954895186,0.006002844593659072
Car9,0.01985815975701494,0.01985815975701494,0.2606849349795589
Rusc2,0.028058889563974385,0.028058889563974385,0.11196506401872607
Rinl,-0.009348402027364136,0.009348402027364136,0.5964888798117247
Ift88,0.02470722777639707,0.02470722777639707,0.1616623756288858
P2ry2,-0.0055918609150748715,0.0055918609150748715,0.7514740003669018
Rnf121,0.02510421266121815,0.02510421266121815,0.15502740186664424
Nup98,0.04850147178635634,0.04850147178635634,0.005987074240718973
Stim1,0.034285525707806276,0.034285525707806276,0.052097799797666614
Tmem64,0.006216737764617359,0.006216737764617359,0.7247729629330462
Trp53inp1,-0.06714435178973906,0.06714435178973906,0.0001406609112586236
Cog3,0.010739517609944892,0.010739517609944892,0.5430230560234014
Gm10638,0.010422716227321271,0.010422716227321271,0.5549865681912034
Wfs1,-0.03445146566691256,0.03445146566691256,0.05097014406819769
Aars,0.03217932187456502,0.03217932187456502,0.06831226973129853
Ctu2,0.034882859927488304,0.034882859927488304,0.04813382553582221
D2Wsu81e,0.056845278688244946,0.056845278688244946,0.001272875173271494
Gm16576,0.003562866844622338,0.003562866844622338,0.8400864700873948
Nup133,0.03524774879885071,0.03524774879885071,0.04583936027738106
Ambra1,0.03642107927985452,0.03642107927985452,0.039076071558265556
Neurl4,-0.011159612177864191,0.011159612177864191,0.527359413000378
Arv1,0.026982568106685388,0.026982568106685388,0.12640569078965402
Zswim7,-0.006418394906492396,0.006418394906492396,0.7162252694364659
Icosl,-0.012853888906234229,0.012853888906234229,0.46660903188892155
C8g,0.021122250076220307,0.021122250076220307,0.231545270856574
2610044O15Rik,0.0009901211031722538,0.0009901211031722538,0.9552818049839158
Nelf,-0.026065882382380272,0.026065882382380272,0.13981326649835585
Slc38a7,-0.0034586180426425597,0.0034586180426425597,0.8447051008958121
2810002D19Rik,0.015577637145797423,0.015577637145797423,0.3776200995891628
Zfp319,0.022471271853855817,0.022471271853855817,0.20308313304554093
Cngb1,-0.016625192686122312,0.016625192686122312,0.34638238268953087
Nacc2,0.003380672962721535,0.003380672962721535,0.8481618724080344
Ube3b,-0.013186052775487988,0.013186052775487988,0.45517109532525274
Spp1,0.03063732634988233,0.03063732634988233,0.0826441244783148
Exosc2,0.05088746709946579,0.05088746709946579,0.003928212369885337
Gm13546,-0.003312184793573856,0.003312184793573856,0.8512016547095395
St8sia1,-0.0011501380742988325,0.0011501380742988325,0.9480642397297802
Gtpbp6,0.020267612245513947,0.020267612245513947,0.2509809578768873
Rfwd3,-0.019021511330746324,0.019021511330746324,0.2813119345095661
Arhgef15,0.005489397187020998,0.005489397187020998,0.755881792693637
Ltv1,0.03829128202961387,0.03829128202961387,0.030051229744662105
Kctd17,-0.024319305168337756,0.024319305168337756,0.1683507363931375
Osgin1,-0.019833109655885018,0.019833109655885018,0.26128692774911566
Nfatc3,-0.01045189177209632,0.01045189177209632,0.5538794375379527
Fam125b,-0.02661965786076232,0.02661965786076232,0.13158881148352972
Ankrd54,0.04995207705775224,0.04995207705775224,0.004643278303400622
Nutf2,0.03408336553711625,0.03408336553711625,0.05349970062470825
Gbp6,0.07333200006202345,0.07333200006202345,3.200040420048609e-05
Cenpv,0.0812253198183521,0.0812253198183521,4.0696300740911556e-06
Tfpi,0.013265808690285373,0.013265808690285373,0.4524484124066169
Fam65a,0.0023275234982133106,0.0023275234982133106,0.8951274614923179
Mthfsd,-0.006494558185438876,0.006494558185438876,0.7130060738834034
Sesn3,0.034587326328607074,0.034587326328607074,0.050062172236700966
Arl5b,0.02291046089025794,0.02291046089025794,0.19439058790435584
Dos,0.04193902861990352,0.04193902861990352,0.017489430712944048
Tom1l2,-0.01409722788314384,0.01409722788314384,0.4246190927296657
Oas1b,0.00751134816973825,0.00751134816973825,0.6705380603564993
Leng9,0.020003894140306594,0.020003894140306594,0.25720173368519345
Dnajc17,0.06509414195678077,0.06509414195678077,0.0002238068715644293
Rcn1,0.016932280593343875,0.016932280593343875,0.337546155289146
Klf16,0.032830897474153985,0.032830897474153985,0.06290356648934127
Sfmbt2,-0.02323903925277406,0.02323903925277406,0.18806800825504924
Ptma,-0.08120003591742288,0.08120003591742288,4.097881736835971e-06
Mmp2,-0.009557605322036979,0.009557605322036979,0.5882971105050272
Zfp426,0.012372891342222669,0.012372891342222669,0.48345093843260095
Pira6,0.04849686269044546,0.04849686269044546,0.005991851634931576
Depdc7,0.01434252252976439,0.01434252252976439,0.41660367367191153
Eif4e2,0.046298715594355014,0.046298715594355014,0.008702502612658276
4931406C07Rik,0.024093364829974966,0.024093364829974966,0.17234079578407363
Spc24,0.09740057138274696,0.09740057138274696,3.2130511809050817e-08
Sfswap,0.07158583331602021,0.07158583331602021,4.918682727166949e-05
Emcn,-0.043715728185995915,0.043715728185995915,0.013248616950938265
Nsun6,0.011803756714823558,0.011803756714823558,0.5037974870684263
Zfp472,0.014679922614420287,0.014679922614420287,0.4057255562329815
Calm1,-0.05483731316193902,0.05483731316193902,0.001883334114841779
Psph,0.06944414930746365,0.06944414930746365,8.226313814880282e-05
Pmm2,0.03506753526627691,0.03506753526627691,0.04696078821460155
Tfip11,0.04614714204526804,0.04614714204526804,0.008924652631518546
Mir17hg,-0.027221074288557974,0.027221074288557974,0.12308679422410063
Manba,0.03329540104173182,0.03329540104173182,0.059267852519522324
Hadh,0.0616523720770731,0.0616523720770731,0.00047407173776077175
B3galt6,0.04361605488930669,0.04361605488930669,0.013459934706971818
Mapk11,0.003046772313941136,0.003046772313941136,0.8630022268493586
St6galnac4,0.017621426403111498,0.017621426403111498,0.31824863350932187
Limk2,-0.007247139562164988,0.007247139562164988,0.6814790611742407
Tcea3,0.02882491270830133,0.02882491270830133,0.10250427346187387
Tmem88,-0.03938065001645997,0.03938065001645997,0.025669174107974712
Ankra2,-0.026479113239825967,0.026479113239825967,0.13363975607324238
Rnf185,0.016986779263532314,0.016986779263532314,0.3359932571572631
Hs2st1,0.01826601286850031,0.01826601286850031,0.30086593613434726
D930014E17Rik,-0.0007470639731526054,0.0007470639731526054,0.9662517161918676
Fxn,0.0037264571020565376,0.0037264571020565376,0.83284991930514
Micall1,0.005419593434628309,0.005419593434628309,0.7588891800285333
Stx2,0.001845976485703076,0.001845976485703076,0.9167355977695932
Msra,0.0022079227005037828,0.0022079227005037828,0.9004876063310194
BC030336,0.007935007199333923,0.007935007199333923,0.6531398259173355
Phf6,0.014786402513218217,0.014786402513218217,0.402328062609812
Morc2a,0.04900220713055065,0.04900220713055065,0.005488037049832666
Tmtc3,0.04001486239955995,0.04001486239955995,0.023381581928478144
Zbtb1,0.06188541635942385,0.06188541635942385,0.000451097692361083
Dnttip2,0.11762019911309808,0.11762019911309808,2.315403214085381e-11
Il1rap,-0.05875468170631561,0.05875468170631561,0.0008670990535976865
Txnrd1,0.09122939653852434,0.09122939653852434,2.2480943255403717e-07
Socs4,0.03936710819143001,0.03936710819143001,0.025720058300765465
Tmem91,0.03469790071065369,0.03469790071065369,0.04933323138445533
Frmd4a,0.04369390227448271,0.04369390227448271,0.013294637804959509
Zfp605,0.007429117679371594,0.007429117679371594,0.6739359190122906
Zfp553,0.019172667298435742,0.019172667298435742,0.2775055842144164
Rpp38,0.03208866784132176,0.03208866784132176,0.06909421316414666
Kifap3,0.02338339725160462,0.02338339725160462,0.18533870142899256
Gpatch1,0.029587841570673453,0.029587841570673453,0.09372481933536789
Mrps9,0.12641616085097884,0.12641616085097884,6.555077857504788e-13
Prune,9.764021469805262e-05,9.764021469805262e-05,0.9955878536445488
Tbccd1,0.01043522458128671,0.01043522458128671,0.5545117786303072
Trap1,0.07833539027863268,0.07833539027863268,8.857394690267201e-06
C230052I12Rik,0.04145191501966075,0.04145191501966075,0.018842613014351514
Cryba4,0.03526401626701919,0.03526401626701919,0.04573925046296143
Acvr2a,0.002052175721419321,0.002052175721419321,0.9074744820206052
St7l,0.057049584061852364,0.057049584061852364,0.0012222976104577159
BC051226,0.009862700723902516,0.009862700723902516,0.5764445554221408
Dbt,0.03802936016569291,0.03802936016569291,0.031195939121510637
Nlrp1a,0.014724410281242974,0.014724410281242974,0.4043039931762615
2210408F21Rik,0.011256642378442318,0.011256642378442318,0.5237745740700552
H2-DMb1,0.23216695695140138,0.23216695695140138,1.5225101998841448e-40
Sbk1,-0.009596201601397,0.009596201601397,0.5867914925088494
Rnf103,0.0041662136292362545,0.0041662136292362545,0.8134686133815284
Lat,0.025143970575150543,0.025143970575150543,0.1543744677561026
Hivep2,0.0827421061435357,0.0827421061435357,2.6773998319812414e-06
Zfp839,-0.0129007087198612,0.0129007087198612,0.4649872199080942
Golga1,0.024218479719836192,0.024218479719836192,0.17012264488511708
Gm10767,0.0427592120707781,0.0427592120707781,0.015402791252785658
Cttnbp2nl,0.07463124174073213,0.07463124174073213,2.3097575771364145e-05
Socs2,-0.0356031931128826,0.0356031931128826,0.043693531180919995
Gmds,0.03625618788571428,0.03625618788571428,0.039972104020475546
9030617O03Rik,0.03272635055340571,0.03272635055340571,0.06374678101050558
Stk11ip,-0.011311635459678084,0.011311635459678084,0.5217483819921922
Lcn2,0.028138011335643795,0.028138011335643795,0.11095707107287656
Zdhhc21,0.02082932420614251,0.02082932420614251,0.2380827537486475
Hdac8,0.0543212624345407,0.0543212624345407,0.0020787328061679378
Zfp933,0.00668972667175312,0.00668972667175312,0.7047802888979668
Ttc15,0.01848013768503082,0.01848013768503082,0.29523418388327644
Scaf1,-0.007359656438186238,0.007359656438186238,0.6768113303678692
Med22,-0.013063929458496814,0.013063929458496814,0.4593579180582703
Ngrn,0.01561853094348878,0.01561853094348878,0.3763690316163547
Brwd1,0.02313883486931307,0.02313883486931307,0.18997987846077455
Prr5,-0.015112355658603001,0.015112355658603001,0.3920342627945588
Lrig3,0.020038743319333426,0.020038743319333426,0.25637360768254636
Efcab2,0.020269124410401577,0.020269124410401577,0.25094559311142106
Bclaf1,0.060567307953408506,0.060567307953408506,0.0005961295614562448
Gas2l3,0.04552105419257955,0.04552105419257955,0.009896847821742973
Zmym6,0.044830079831470276,0.044830079831470276,0.011078292706373222
Smpd4,0.017340225158436393,0.017340225158436393,0.32603386751123975
Adprhl2,0.019539391862418175,0.019539391862418175,0.2684171223526453
Tspan8,-0.005400536615466356,0.005400536615466356,0.7597108498010439
Xrcc6,0.050942099550730854,0.050942099550730854,0.0038897151320458775
Fam71a,0.0320116492259905,0.0320116492259905,0.06976430379935936
Scmh1,0.01042273954512943,0.01042273954512943,0.5549856829138372
Cuedc2,0.10099578321302001,0.10099578321302001,9.777565752485557e-09
Pld2,0.05341172642546309,0.05341172642546309,0.002468934715448836
Adamdec1,0.05417205306158942,0.05417205306158942,0.002138598631158854
Zfp74,0.00563671918150006,0.00563671918150006,0.7495468222762209
Hps6,0.03667939867851812,0.03667939867851812,0.03770664560197926
2410131K14Rik,-0.006631131372921973,0.006631131372921973,0.707246340260885
Zfp277,0.10675488000007459,0.10675488000007459,1.332948212860847e-09
Fam199x,0.011985408353882412,0.011985408353882412,0.497254753490248
Hif1an,0.002516094129289209,0.002516094129289209,0.8866861049496009
Kbtbd3,0.01891930698567607,0.01891930698567607,0.2839055830675124
Scyl2,0.042357271974416744,0.042357271974416744,0.01639630401755336
Zc3h12a,0.017561430700775572,0.017561430700775572,0.3198993531372008
Tlr4,0.08908060611673348,0.08908060611673348,4.3013377129257304e-07
Srm,0.037433648420244145,0.037433648420244145,0.03393945393430833
Zfp775,0.026869332189666455,0.026869332189666455,0.12800559732180522
Gm19897,-0.0007572097796898972,0.0007572097796898972,0.9657936627668381
Myl6b,0.05740377478257888,0.05740377478257888,0.0011389883389498702
Kcne3,0.0008954007094432615,0.0008954007094432615,0.9595559338664872
Pgm2l1,-0.007958949363852564,0.007958949363852564,0.6521620960246286
Ercc4,0.006909971903126682,0.006909971903126682,0.6955389029551582
Ndst2,0.016309086786744663,0.016309086786744663,0.35563043810839945
Styx,0.004534180003652546,0.004534180003652546,0.7973380520370591
2310047B19Rik,0.012486154917167723,0.012486154917167723,0.4794556243392085
Fam78a,0.01983706295308989,0.01983706295308989,0.26119186009909884
Agk,0.018076560199701372,0.018076560199701372,0.3059080498730502
Stam,0.04324707988182603,0.04324707988182603,0.014268334886357127
Smarca2,-0.0009959558275917325,0.0009959558275917325,0.9550185617435378
Usp21,-0.0040662084740395,0.0040662084740395,0.817866557679342
Tmem8,-0.005528907443951304,0.005528907443951304,0.7541811877510056
C1qc,0.11114074713971173,0.11114074713971173,2.7190910748461894e-10
Slc25a25,0.018294398055049975,0.018294398055049975,0.30011528415055694
Msh3,0.05537177650321919,0.05537177650321919,0.0016988619686539902
Abcg2,-0.006502399184271767,0.006502399184271767,0.7126749468983247
Mansc1,0.009555328335520988,0.009555328335520988,0.5883859901107943
Eed,0.06012571431556248,0.06012571431556248,0.0006537109601046128
E230029C05Rik,-0.018286065755500736,0.018286065755500736,0.30033550397036424
Tbc1d12,0.002769552178412264,0.002769552178412264,0.8753604484310263
Zfp54,0.00778653425223025,0.00778653425223025,0.6592162850466741
Mboat1,0.057411352712892064,0.057411352712892064,0.0011372646690027694
Pkd1,-0.02673495136669343,0.02673495136669343,0.12992463000967372
Alg2,0.02343815665936773,0.02343815665936773,0.1843110888623418
Scarf1,0.09682225750196995,0.09682225750196995,3.875653998549671e-08
Dgkq,-0.010798936909428044,0.010798936909428044,0.5407935612793756
Txndc16,-0.019028926581709682,0.019028926581709682,0.2811243844521006
1810014B01Rik,0.06159396308336597,0.06159396308336597,0.0004799984169433593
Rapgef1,0.0006012199468133448,0.0006012199468133448,0.9728373021300792
Vat1,0.007762261747127236,0.007762261747127236,0.660211825835627
Trim62,-0.0059085279826893555,0.0059085279826893555,0.7379033111853411
Cbx8,0.02625859209782959,0.02625859209782959,0.13690749613949818
Ccdc21,0.04591660953332907,0.04591660953332907,0.009272238284687546
Tmed10,0.07176768974184976,0.07176768974184976,4.705413511673143e-05
Stoml1,0.07279458091351587,0.07279458091351587,3.6564000525717346e-05
Pctp,0.008588714960557974,0.008588714960557974,0.6266629735138474
Ldb2,-0.0040338466312275405,0.0040338466312275405,0.8192909753058489
Grasp,0.020809963885750273,0.020809963885750273,0.23851937875623042
Specc1l,0.02453195518168854,0.02453195518168854,0.16465907488220594
2700023E23Rik,0.032801065670878995,0.032801065670878995,0.06314322735948778
Mgat4b,-0.0024213035718073563,0.0024213035718073563,0.8909278556026927
Ddx59,0.017427848873489263,0.017427848873489263,0.3235947869365827
Ly6c1,0.0015579386341208776,0.0015579386341208776,0.9296910211115698
Jdp2,0.00031296441293212685,0.00031296441293212685,0.9858584952190106
Pcnxl3,0.02656280236994401,0.02656280236994401,0.13241553780757365
Gpt,0.028805531469095917,0.028805531469095917,0.10273554367051284
Klhl8,-0.0022416559975328557,0.0022416559975328557,0.8989753121906349
Ttc19,-0.0011266353239110872,0.0011266353239110872,0.9491240786487417
Trim36,0.004136351514379003,0.004136351514379003,0.8147812561070767
Ulk3,0.004698322426579112,0.004698322426579112,0.7901698983299817
Mmaa,0.0258787985865566,0.0258787985865566,0.14267936148422314
Pex5,0.036034062192015326,0.036034062192015326,0.04120664674373953
Men1,0.009406947616052628,0.009406947616052628,0.5941911833995881
Ercc3,0.02386274924631129,0.02386274924631129,0.17648590716466528
Nf1,-0.011250722566667048,0.011250722566667048,0.5239929267316357
Prkd2,0.006644704640521597,0.006644704640521597,0.7066748190765454
Med19,0.05783411285527144,0.05783411285527144,0.0010448353029445879
Gm14057,0.015630107954710336,0.015630107954710336,0.3760153198244254
BC005561,0.01181175993111685,0.01181175993111685,0.5035082736774296
Tti2,0.015129767941435016,0.015129767941435016,0.3914889029760484
Cytl1,-0.028700439685817612,0.028700439685817612,0.10399680269333227
Sh3bp5l,0.002503208923516903,0.002503208923516903,0.8872625129279585
Pgap1,0.028455751956887786,0.028455751956887786,0.10698107394951756
2310009B15Rik,-0.028964276521812635,0.028964276521812635,0.10085345813128184
Alox5,-0.07010628099395805,0.07010628099395805,7.027682499916354e-05
Peli2,-0.032749863445520555,0.032749863445520555,0.06355633081778805
C230081A13Rik,0.02994043287656073,0.02994043287656073,0.08987631791999073
Lenep,-3.9556401033684334e-05,3.9556401033684334e-05,0.9982125257062773
Tasp1,0.017819713664228194,0.017819713664228194,0.3128327128870692
Gm12216,0.03476556251530471,0.03476556251530471,0.04889158894723355
Thop1,0.010468890686256602,0.010468890686256602,0.5532348748175191
Crtc1,-0.006158400435005014,0.006158400435005014,0.7272521855825906
Chst1,-0.008208892634439078,0.008208892634439078,0.6419910487595216
Slc39a6,0.05235454159077963,0.05235454159077963,0.0030060004493248716
2310068J16Rik,0.014834488114157445,0.014834488114157445,0.4007993833635735
2700062C07Rik,0.026756264619699967,0.026756264619699967,0.12961878422888035
Zfp606,0.009439313599293581,0.009439313599293581,0.5929226778650871
Idi1,0.00040331065049037265,0.00040331065049037265,0.9817767705944653
Smarcal1,0.02506365592265287,0.02506365592265287,0.1556956124041376
Zfp35,0.031594140016018235,0.031594140016018235,0.07349018174383312
Rem1,0.007412146909342812,0.007412146909342812,0.6746380020907872
Gdf9,0.006594433510491154,0.006594433510491154,0.7087923795001737
Trim65,-0.014585270953297749,0.014585270953297749,0.4087599761184757
Trmt12,0.06574149044478486,0.06574149044478486,0.00019355099291253644
Fbxo32,0.039713255790866445,0.039713255790866445,0.024446425140193462
Ippk,0.010990881041726987,0.010990881041726987,0.533622939520704
Slc39a13,-0.006506623941937531,0.006506623941937531,0.712496556951317
Rbbp9,0.01659354061715644,0.01659354061715644,0.347301444504552
Tarm1,0.045048342188459295,0.045048342188459295,0.010692237358098568
Nckap5l,0.0021962352153655014,0.0021962352153655014,0.9010116513515442
Zfp408,0.02126122888224323,0.02126122888224323,0.2284885374764372
Abhd14a,0.031856752956566654,0.031856752956566654,0.07112810699342526
Mtr,-0.020630062600581495,0.020630062600581495,0.24260363968493392
2310001A20Rik,0.054382418594198435,0.054382418594198435,0.0020546427246314293
Cables1,-0.008632360985332916,0.008632360985332916,0.6249117128226441
Sod3,-0.06418668422404118,0.06418668422404118,0.0002737493973300802
Srxn1,0.0023402562346879104,0.0023402562346879104,0.8945570962677184
Gt(ROSA)26Sor,0.011823409293135356,0.011823409293135356,0.503087455642748
Rab32,0.08215125650653594,0.08215125650653594,3.154443650150218e-06
9830001H06Rik,0.011570457399105996,0.011570457399105996,0.5122666256873805
Ctsw,0.051270044897833114,0.051270044897833114,0.0036657379819409544
Rffl,-0.03271935572697958,0.03271935572697958,0.06380352869347475
Irak2,0.06343758385883418,0.06343758385883418,0.00032265501324552976
Bambi-ps1,0.10319233951261454,0.10319233951261454,4.630727801902571e-09
Cmtm8,-0.03351034067087551,0.03351034067087551,0.057645460829956974
Gatm,0.08743807991270845,0.08743807991270845,6.993556198480077e-07
Sema6b,0.027404858789904583,0.027404858789904583,0.12057608366799034
Naip2,-0.008489338414101197,0.008489338414101197,0.6306582192053579
P2ry1,0.03488883372966742,0.03488883372966742,0.04809549905895066
Gm20605,0.02351145784029165,0.02351145784029165,0.1829421293271243
Homez,0.0048232609112094475,0.0048232609112094475,0.7847256273728644
Ccdc137,0.01428041102275839,0.01428041102275839,0.41862479203473313
Rwdd2a,0.006127005746868708,0.006127005746868708,0.728587582676589
Mtif2,0.035872918094968204,0.035872918094968204,0.04212233703687404
Pcyox1l,0.020251300853784703,0.020251300853784703,0.2513626508802302
Tbc1d5,0.048263228359421734,0.048263228359421734,0.0062385610399545086
Zscan21,0.020104262010217148,0.020104262010217148,0.25482169294420054
Hras1,-0.054463448774824744,0.054463448774824744,0.0020231183346549886
Cars,0.011575058030236706,0.011575058030236706,0.5120989010487731
Elac2,0.04076386707670555,0.04076386707670555,0.020909576770912014
Fastkd1,0.018764546803376834,0.018764546803376834,0.28786366219697224
Hoxb4,0.05126701598642151,0.05126701598642151,0.0036677518623859763
Chac2,0.030164612175431305,0.030164612175431305,0.08749625807585881
Gnal,-0.01850997135568647,0.01850997135568647,0.29445515931474625
BC031353,-0.03809739899915306,0.03809739899915306,0.030895041765730224
Atm,0.03570615580790418,0.03570615580790418,0.04308801345097081
Smad5,-0.00541396111196996,0.00541396111196996,0.7591319996888387
Cpeb4,0.04457937654468818,0.04457937654468818,0.011536960635125259
Gkap1,-0.023332035624582963,0.023332035624582963,0.18630639523900008
Ccdc32,0.059782329502972145,0.059782329502972145,0.0007020148095793482
Rfx7,-0.01404821900818959,0.01404821900818959,0.42623127091116786
2400009B08Rik,0.049172232242281684,0.049172232242281684,0.005327323018363198
Nhlrc3,0.029262715246077514,0.029262715246077514,0.09738957566608673
Rspry1,0.0486337951527233,0.0486337951527233,0.005851373878834328
Eif5a2,-0.023150668091671794,0.023150668091671794,0.1897533617098363
Mcf2l,-0.04419915782736486,0.04419915782736486,0.012264744050940513
Slc25a26,0.01312185042369662,0.01312185042369662,0.45736949820682365
Cyp39a1,0.04370695221876447,0.04370695221876447,0.013267104498660412
Irgc1,0.02593829995743383,0.02593829995743383,0.14176296202741442
Bivm,0.012456560726618857,0.012456560726618857,0.4804978029289041
C3,0.011338588720421646,0.011338588720421646,0.5207567764351182
Rdh13,0.029374699852751776,0.029374699852751776,0.09611459452108968
Hist1h1b,0.05951524262249306,0.05951524262249306,0.0007418558417529627
Pign,0.024752427743188317,0.024752427743188317,0.16089629209086131
Dand5,0.030365209739588152,0.030365209739588152,0.08540989251617395
Fto,-0.0008898681706783862,0.0008898681706783862,0.9598056192682302
Ercc2,0.035142840367506575,0.035142840367506575,0.046489406508448496
E330016A19Rik,0.048929905487841985,0.048929905487841985,0.0055576949533194695
Dus2l,0.024157221009307922,0.024157221009307922,0.17120600826213214
Spata5,0.020936274148290565,0.020936274148290565,0.23568092218193704
2310067B10Rik,2.739676938349691e-06,2.739676938349691e-06,0.9998761994001664
Plk4,0.0072809160743109586,0.0072809160743109586,0.680076561452706
Zcwpw1,0.048382661805060415,0.048382661805060415,0.006111324208948089
Spint1,0.03415264083179914,0.03415264083179914,0.053015798678071525
Rfx2,-0.029960633889279074,0.029960633889279074,0.08965973499727606
Tgfbr3,-0.0002906167378537669,0.0002906167378537669,0.9868681951119324
B130006D01Rik,-0.014660781259630523,0.014660781259630523,0.4063381180136399
Phf17,0.008353122696610933,0.008353122696610933,0.6361520765040565
Ralgps2,0.005323073488005164,0.005323073488005164,0.7630535970837131
Sipa1l2,-0.007122993042680777,0.007122993042680777,0.6866434170479893
Tnnt1,0.04919794696488727,0.04919794696488727,0.005303389884928674
Dkkl1,0.043144672729121175,0.043144672729121175,0.014500161614361554
Elmod3,0.02183681693938723,0.02183681693938723,0.2161349291589067
Ccdc88c,0.10666273230251733,0.10666273230251733,1.3772962505708887e-09
Dyrk3,-0.006252710668032572,0.006252710668032572,0.7232456192688372
Zfp628,-0.003537462967643656,0.003537462967643656,0.8412114608533527
Ptcd3,-0.0013458696611350631,0.0013458696611350631,0.9392416151252349
Siah1b,0.009363001579941445,0.009363001579941445,0.5959155233126614
Dmkn,0.07588123435660787,0.07588123435660787,1.6795091599106678e-05
Gnl3l,0.014592009625045652,0.014592009625045652,0.40854349685561225
Tatdn3,0.0525879457759669,0.0525879457759669,0.002879005873337546
Tpmt,0.0333162893698762,0.0333162893698762,0.05910854105890484
Isoc2b,0.08775668482971591,0.08775668482971591,6.36858076135571e-07
Serinc5,-0.02150575659769595,0.02150575659769595,0.22318027856607983
Dis3l,0.04490301244078754,0.04490301244078754,0.010947936652274046
Mkrn2,-0.008230194638046605,0.008230194638046605,0.6411272589085959
Tmem81,-0.0357995199133674,0.0357995199133674,0.0425450876956284
Pold1,0.036417344611971325,0.036417344611971325,0.03909617571020176
Tmem221,-0.011121403633933581,0.011121403633933581,0.5287744756606496
Zfp719,-0.04967019140473166,0.04967019140473166,0.004880782091789663
Nfix,-0.0603405523698359,0.0603405523698359,0.000625080401065659
Gclc,-0.02159188627615348,0.02159188627615348,0.22133172625543845
Mettl13,0.029836441341774073,0.029836441341774073,0.09099792134740448
Ndufaf2,0.049679535699653145,0.049679535699653145,0.004872736214687252
Ankrd32,0.034783829549348194,0.034783829549348194,0.04877292656826653
Wee1,-0.07834219799312517,0.07834219799312517,8.841455577201093e-06
Ranbp10,0.017627704512861355,0.017627704512861355,0.3180762207402047
Gins2,0.04853994581727911,0.04853994581727911,0.005947328996285346
Pigh,0.048042167949529715,0.048042167949529715,0.006480369719805151
Epm2aip1,-0.0014347551455943864,0.0014347551455943864,0.9352374857518132
Zfp280c,-0.011911763163433012,0.011911763163433012,0.4999018431646137
Xylt1,-0.03310723683835398,0.03310723683835398,0.06071906323355574
Gpc1,0.029470793157367427,0.029470793157367427,0.09503121664048975
Usp31,-0.032410664161157246,0.032410664161157246,0.06634972061037238
Zfp58,0.023949752133401808,0.023949752133401808,0.1749134671878045
Coq6,0.055370164302597114,0.055370164302597114,0.001699392526617451
Tmem43,-0.043950344322067174,0.043950344322067174,0.012762738583282328
Capn10,0.0032946195764883236,0.0032946195764883236,0.8519816282745416
Zbtb42,-0.0036796709679981186,0.0036796709679981186,0.8349181260798006
Zbtb2,0.01914144638259122,0.01914144638259122,0.27828888988030703
Cln3,0.012027749246822487,0.012027749246822487,0.4957362454169809
Sept2,-0.03819062003105553,0.03819062003105553,0.030486823568350682
Hirip3,-0.007221406681566182,0.007221406681566182,0.6825483049985153
Col3a1,-0.15745270750226656,0.15745270750226656,2.8769275267669643e-19
Zfp821,0.018966496860277134,0.018966496860277134,0.282706037327763
Slc25a22,0.01857957433060207,0.01857957433060207,0.2926430274188019
Zfp61,0.033962229078370765,0.033962229078370765,0.05435472209941823
Heatr3,0.030193022456165328,0.030193022456165328,0.08719829536621662
Chst13,0.052226053647328935,0.052226053647328935,0.0030780704686245554
Layn,0.052308017406224185,0.052308017406224185,0.0030319166561644903
Phlpp2,0.026799632263158818,0.026799632263158818,0.12899818281499176
Mcm2,0.038005624113787904,0.038005624113787904,0.03130150002723946
Fmo1,-0.03365203539500628,0.03365203539500628,0.05659624627874732
Ikzf5,0.010414621412613805,0.010414621412613805,0.5552939353366413
Ptpn23,0.012795915783478915,0.012795915783478915,0.4686215286093302
Rpl37a,-0.32244592507081193,0.32244592507081193,1.4570561105241875e-78
Zfyve26,-0.005905477919704366,0.005905477919704366,0.7380336399860781
Agpat6,0.06419586589151845,0.06419586589151845,0.0002731955122062014
Gnpat,0.018556221084776527,0.018556221084776527,0.2932501991559779
1110034B05Rik,0.06823750657759813,0.06823750657759813,0.00010922552709899225
Cep170,0.0033559826842644355,0.0033559826842644355,0.8492574692477207
Erap1,0.07123643242321662,0.07123643242321662,5.3543950303136054e-05
Zfp825,0.04066630531572717,0.04066630531572717,0.021218099648803432
Zfp192,-0.01529098008065423,0.01529098008065423,0.38646156095271433
Galnt2,0.029711326221058522,0.029711326221058522,0.09236223396238853
Nlrp12,-0.03898791828949624,0.03898791828949624,0.027180721706660197
Abhd14b,0.01121868467744935,0.01121868467744935,0.5251754552417531
Pdzd11,0.06363973775322299,0.06363973775322299,0.0003087080922999757
Pja1,0.03132869091207607,0.03132869091207607,0.07594254517974418
4831426I19Rik,0.024499276466662615,0.024499276466662615,0.16522238985877014
Ppm1a,-0.005903968176439029,0.005903968176439029,0.7380981539074869
E130304F04Rik,0.02085891685775507,0.02085891685775507,0.23741645391555477
Wwc2,0.03195840954212259,0.03195840954212259,0.07023061871638821
Gzma,-0.044604375720955755,0.044604375720955755,0.011490479789059782
Gm16675,0.009075310277330047,0.009075310277330047,0.607259734767689
Klhl15,0.02046129830425003,0.02046129830425003,0.2464795172331547
Traf3ip1,0.024832144762174005,0.024832144762174005,0.15955187300983348
Trmt5,0.004956551564689786,0.004956551564689786,0.7789289971373194
Net1,-0.0576473803459466,0.0576473803459466,0.0010847695289931836
Gm5086,0.05382818380203146,0.05382818380203146,0.0022826297358361793
Ccdc91,0.042503232248625865,0.042503232248625865,0.016029195922153114
BC016423,0.03026413197682272,0.03026413197682272,0.08645609681696523
Mfhas1,-0.01658611500159184,0.01658611500159184,0.3475172819544862
Slamf7,0.15828787485870874,0.15828787485870874,1.8548013143664738e-19
Rbpms,-0.052182018138246564,0.052182018138246564,0.003103130469036672
Irf4,0.039746124244499144,0.039746124244499144,0.024328376763124566
Cd3d,0.05941453406183516,0.05941453406183516,0.0007574158909948784
Zbtb24,0.06325076643665836,0.06325076643665836,0.00033606591897077776
Insig2,0.023356225550172707,0.023356225550172707,0.18585017390938163
Tdp1,0.03628254999148717,0.03628254999148717,0.03982769089515249
Pwp1,0.04583443863834128,0.04583443863834128,0.009399020143018594
Nbas,0.02421933516491523,0.02421933516491523,0.1701075527383977
Cables2,-0.06434011961360837,0.06434011961360837,0.0002646300516515294
Abca1,0.09540447395984038,0.09540447395984038,6.109403876552164e-08
Thap6,-0.013224496747395727,0.013224496747395727,0.45385755716959364
Tex10,0.03888529933071237,0.03888529933071237,0.02758811249692794
Akap10,0.022845201638742384,0.022845201638742384,0.19566466623835665
Stoml2,0.04708076335524071,0.04708076335524071,0.0076329516511434705
Tmx2,0.05264584266589521,0.05264584266589521,0.0028482715820578822
Rfc3,0.03800215094840018,0.03800215094840018,0.0313169718337792
Mtrf1,0.04339157407645733,0.04339157407645733,0.013946793159904282
Zfp704,0.021524329051087598,0.021524329051087598,0.22278073775574467
Slc25a1,-0.00690462599252188,0.00690462599252188,0.6957626870872704
Rasal3,0.007560642587000087,0.007560642587000087,0.6685043770804043
Sfi1,-0.0018246061940142416,0.0018246061940142416,0.9176960790332584
Scrn3,0.00879590481707783,0.00879590481707783,0.6183685212949543
Golga3,0.06329719147153405,0.06329719147153405,0.00033268540425406923
Flt3,-0.03665844021863458,0.03665844021863458,0.037816210287190254
2610301B20Rik,0.011590437529098024,0.011590437529098024,0.5115384204756217
Kcnk13,0.032413537268015095,0.032413537268015095,0.06632564212982678
Pex16,0.02797234158025598,0.02797234158025598,0.11307591819988752
Cry2,0.017250937325823494,0.017250937325823494,0.32853152565220334
Ralgds,-0.004800432847999749,0.004800432847999749,0.7857195970247831
Mars,0.08954939582964835,0.08954939582964835,3.738280907075035e-07
Zbtb20,7.750085666130591e-05,7.750085666130591e-05,0.9964979002986866
Zdhhc24,0.04261100147313776,0.04261100147313776,0.0157627974543352
Zmiz1,-0.05069040976755733,0.05069040976755733,0.004069961376666861
Qser1,0.0028614684026625602,0.0028614684026625602,0.8712593855056381
Acot11,-0.0017885487946904608,0.0017885487946904608,0.9193169393855071
Pdhx,0.0377488097867762,0.0377488097867762,0.032463349375534994
Cd200,-0.06992759451752285,0.06992759451752285,7.333770006911483e-05
Slc16a7,0.015673795857510508,0.015673795857510508,0.37468237414722727
B3gnt1,0.010649310486174136,0.010649310486174136,0.5464164759884945
Mtfr1,-0.030117140344179297,0.030117140344179297,0.08799596716054427
Mllt3,0.0010799522896321355,0.0010799522896321355,0.9512294801274741
Acer2,0.024681780403069335,0.024681780403069335,0.16209488652688958
1110002N22Rik,0.028803308582854244,0.028803308582854244,0.1027620951679266
Stap1,0.07531703293253272,0.07531703293253272,1.9404688833103004e-05
Ltb,-0.09819510708061023,0.09819510708061023,2.4790492533764916e-08
Trim32,0.015288658227398267,0.015288658227398267,0.3865336864072887
Mfap4,-0.11465969898253658,0.11465969898253658,7.258053786405255e-11
Lrp12,0.007138819323612714,0.007138819323612714,0.6859842415930915
Met,-0.02874742445590238,0.02874742445590238,0.10343140336404882
Cox18,0.04998739750793909,0.04998739750793909,0.004614268333832958
Srp54a,0.025219464605426196,0.025219464605426196,0.15314039945819458
Cdk8,0.021074708643297906,0.021074708643297906,0.23259754220700335
Chek2,0.03374958959410694,0.03374958959410694,0.05588315447344626
Znhit6,0.049388724818832136,0.049388724818832136,0.0051288395766989235
Mad1l1,0.016388227935110525,0.016388227935110525,0.35330058577429596
Mkl2,0.021427774228305364,0.021427774228305364,0.22486347079729013
Sf3b4,0.03297838287705725,0.03297838287705725,0.06172972655525875
Otud7b,-0.03278884625323521,0.03278884625323521,0.06324161248459473
A430084P05Rik,0.043493993499215844,0.043493993499215844,0.013722768817185834
A630089N07Rik,-0.012631006915140606,0.012631006915140606,0.474372397659753
Fbxw7,0.014302376756671547,0.014302376756671547,0.41790936515809185
Kif1c,-0.0003916531538184329,0.0003916531538184329,0.9823034164842374
Adamtsl4,0.00524340060446241,0.00524340060446241,0.7664963139098715
Nudt1,0.02534637941113083,0.02534637941113083,0.15108270107031768
Arl4d,-0.015133547026646772,0.015133547026646772,0.39137060129819906
Etv3,0.043057623704647954,0.043057623704647954,0.014699824771076515
A830007P12Rik,-0.01764482210529403,0.01764482210529403,0.31760643918538645
Zfp213,0.04179460241451287,0.04179460241451287,0.017881469783025343
Abca2,-0.0016775248189760707,0.0016775248189760707,0.9243097898565961
Tmem120a,0.03293845592529166,0.03293845592529166,0.062045702871813754
Zfp946,-0.004039048908408218,0.004039048908408218,0.8190619549479136
Rai14,0.06984183023461173,0.06984183023461173,7.48511940844556e-05
Trip6,0.0078016484689184765,0.0078016484689184765,0.6585966775530165
Tab1,0.029127027448026577,0.029127027448026577,0.09895249178412395
Pogz,-0.012626265387640466,0.012626265387640466,0.47453832015518393
Piwil2,-0.006303075198554733,0.006303075198554733,0.7211090845845091
Golim4,0.0265669275184504,0.0265669275184504,0.13235541973324025
6530401N04Rik,0.03301935957453635,0.03301935957453635,0.0614068281767071
Rilp,-0.018610247342056255,0.018610247342056255,0.29184682847531834
Gbp5,0.08392234667876175,0.08392234667876175,1.9232518610679876e-06
Uhrf1bp1,-0.01328341667104326,0.01328341667104326,0.4518485583713033
Gart,0.03410588644299433,0.03410588644299433,0.0533419846853143
Sco1,0.010206296648077484,0.010206296648077484,0.5632326743646004
Tmem119,0.03214628439036189,0.03214628439036189,0.06859639075744135
Acvr1,-0.006803479112299653,0.006803479112299653,0.7000017486724955
Mtmr3,-0.03968807863441477,0.03968807863441477,0.024537185193255057
Cox15,0.008208480131821079,0.008208480131821079,0.6420077804011719
Usp6nl,0.033767383553227004,0.033767383553227004,0.05575389600743499
Ccdc76,0.037018612542665134,0.037018612542665134,0.035970533897394866
Cdc14a,-0.00573910573170928,0.00573910573170928,0.7451540111365557
Oas1g,0.0016163325834288793,0.0016163325834288793,0.9270629483523274
Prmt6,0.048846182121294365,0.048846182121294365,0.005639352596013554
Gpsm2,0.06875817620496427,0.06875817620496427,9.670263470927737e-05
Taf5,0.024579069013617595,0.024579069013617595,0.16384947384023066
Metrn,0.03933377383663092,0.03933377383663092,0.025845685736756597
Ccdc43,0.04157106253421544,0.04157106253421544,0.018503435068621392
Sh2b3,0.0019429408015668042,0.0019429408015668042,0.9123791125961359
Rbm15,-0.03808337618261316,0.03808337618261316,0.030956852212384877
Setd7,-0.002956818939042986,0.002956818939042986,0.8670087467600053
Rps6kb2,0.02114875275615686,0.02114875275615686,0.23096013566752527
Hspa1a,0.10996901088467184,0.10996901088467184,4.183399080663862e-10
Msto1,0.038590027438054134,0.038590027438054134,0.028789814706325946
Lancl2,0.035695986192882154,0.035695986192882154,0.043147503162801075
Slc36a1,-0.0009321513583759485,0.0009321513583759485,0.9578974661028626
Cpne1,-0.03921493253005148,0.03921493253005148,0.02629788940042399
Tmem100,-0.034789392773764416,0.034789392773764416,0.04873683599077102
Tmem18,0.01849978306710149,0.01849978306710149,0.29472104355340684
Phf13,0.02259935830457146,0.02259935830457146,0.20051928633770724
4933412E12Rik,0.02899174886758755,0.02899174886758755,0.10053055019657825
Gopc,0.052130025131518334,0.052130025131518334,0.0031329582688845764
Pecam1,0.054565037465487444,0.054565037465487444,0.001984222626439397
Pde1b,-0.018515533345097666,0.018515533345097666,0.2943100756572398
Eif2c1,0.01874397499040389,0.01874397499040389,0.28839258580859073
Rarres2,-0.0722195887732536,0.0722195887732536,4.212762438847561e-05
Fbxo11,-0.019618986141234623,0.019618986141234623,0.26647185376609056
Dnajc11,0.0606140057782861,0.0606140057782861,0.0005903245250493983
Sepn1,-0.094593653188032,0.094593653188032,7.902743906374576e-08
Gimap3,0.057289497093493076,0.057289497093493076,0.001165276228913205
Rnf125,0.04262163317580322,0.04262163317580322,0.015736728724652364
Gm11517,0.03197676452857458,0.03197676452857458,0.07006956344518514
Letmd1,-0.01937683054733073,0.01937683054733073,0.27242031900379243
Vezt,0.045878679456646046,0.045878679456646046,0.009330570004582378
Zfp212,-0.008576719697425185,0.008576719697425185,0.6271446428348798
Zfp282,-0.006723042676264174,0.006723042676264174,0.7033795257517976
Zfp512,0.0318769737173067,0.0318769737173067,0.07094884051416742
Znhit3,0.036773409581454704,0.036773409581454704,0.03721849943471086
Pqlc2,0.06745702512708858,0.06745702512708858,0.00013089325967611116
AU022252,0.015908797110972355,0.015908797110972355,0.3675625411177843
Cdk5rap1,-0.042867241767848625,0.042867241767848625,0.015144962640636824
Xpo5,0.029642640555997687,0.029642640555997687,0.0931181666111864
Pstpip2,0.06844667106174133,0.06844667106174133,0.00010402136557433763
Ric8b,0.009579278730902356,0.009579278730902356,0.5874514239810086
Arap2,0.02633086868285856,0.02633086868285856,0.1358297630296798
Taf2,0.0635153868522144,0.0635153868522144,0.0003172189021669802
Heg1,0.03442184838952896,0.03442184838952896,0.05116989901604569
Wdfy2,0.017075592981185297,0.017075592981185297,0.33347244218258626
Slc22a5,0.021858237232077457,0.021858237232077457,0.21568465652457505
AA467197,-0.08517677288208353,0.08517677288208353,1.3465751153784221e-06
Wdr76,0.03143380320921799,0.03143380320921799,0.07496359549433461
Smug1,0.007870457439942809,0.007870457439942809,0.6557788186308282
Fam82a2,0.06103622543380455,0.06103622543380455,0.0005401749566355652
Tctex1d4,0.00234446543054915,0.00234446543054915,0.8943685565495694
Cpeb2,-0.014611389561373903,0.014611389561373903,0.40792129844608255
LOC100503496,0.013914702851914866,0.013914702851914866,0.4306414330249741
Zfp407,0.022418159733858547,0.022418159733858547,0.20415322342273917
Heatr7a,-0.02618503361850972,0.02618503361850972,0.1380111022710657
Dmap1,0.049787761206807245,0.049787761206807245,0.004780418964233261
Hars2,0.0009029040067002302,0.0009029040067002302,0.9592173137880087
Rabl3,-0.025607307727361743,0.025607307727361743,0.146918451158282
Setbp1,0.02909101828164853,0.02909101828164853,0.09937060485403897
Prepl,0.014389498988035092,0.014389498988035092,0.41507888092566364
Smpdl3b,0.17056531751946521,0.17056531751946521,2.216950067969329e-22
Dph2,0.018461016053877326,0.018461016053877326,0.2957342178802232
Rhbdd3,0.008420146414144656,0.008420146414144656,0.6334463484894101
Birc5,0.10101149759533812,0.10101149759533812,9.725964278198933e-09
Tex14,0.035808644611949554,0.035808644611949554,0.04249233782375157
Mlh1,0.054094475782622116,0.054094475782622116,0.0021703447233420757
Usp53,0.015510988176929313,0.015510988176929313,0.3796645799117058
Ccdc117,0.04849113756038604,0.04849113756038604,0.005997790595235467
Dpy19l1,-0.00787004191970033,0.00787004191970033,0.6557958203425501
Ear1,0.000371494578078269,0.000371494578078269,0.9832141301549915
Phldb3,0.051463544929846054,0.051463544929846054,0.0035391464381491463
1110008J03Rik,0.02061748877832444,0.02061748877832444,0.24289092734145273
Dus3l,0.09657516817544773,0.09657516817544773,4.197525370983286e-08
Stat5a,0.0218328171883252,0.0218328171883252,0.21621908219785393
Ecsit,0.047866920235328174,0.047866920235328174,0.006678018898657383
C1qa,0.09848662218211374,0.09848662218211374,2.2528866448738037e-08
Pola1,0.048748065881901004,0.048748065881901004,0.005736423688256489
Rpusd1,0.020433779527405584,0.020433779527405584,0.24711560935061944
Mtmr12,-0.05236106743037858,0.05236106743037858,0.003002381440874489
Dync2li1,0.022281492799940437,0.022281492799940437,0.20692559488742063
Abcb10,0.007540821477133761,0.007540821477133761,0.6693218226758014
2210404O09Rik,0.06588672555524454,0.06588672555524454,0.0001873124159320201
Mon1a,0.022133721797977776,0.022133721797977776,0.20995384021650443
Alkbh4,0.05382207926138989,0.05382207926138989,0.0022852650480054805
Pigc,0.05011152787301739,0.05011152787301739,0.004513612344861771
Inpp5e,-0.023608654318875207,0.023608654318875207,0.18113854111615033
Dock1,-0.045728035042008786,0.045728035042008786,0.009565486301289627
Dhx29,0.05685790083662072,0.05685790083662072,0.0012696953265046698
Cdk14,0.00027023394222738285,0.00027023394222738285,0.987789137317317
Usp40,-0.014162686450002272,0.014162686450002272,0.42247135715150846
Ssna1,0.03518721236982091,0.03518721236982091,0.046213522973096145
Qpct,0.049188427952736334,0.049188427952736334,0.00531223805416279
Bmi1,0.010320180789965622,0.010320180789965622,0.5588860566703198
Prpf3,0.049807753081458864,0.049807753081458864,0.004763539875857734
Trdmt1,0.0066904255021607295,0.0066904255021607295,0.7047508964506285
Panx1,0.037103369321799,0.037103369321799,0.035547539081325234
Kif1b,0.01731497822073973,0.01731497822073973,0.3267388484843366
Dhx33,0.027896777979222,0.027896777979222,0.11405286803935398
Klhl7,0.02422052465508754,0.02422052465508754,0.17008656888493123
Abcb8,0.06179385063237512,0.06179385063237512,0.0004599977161612906
Pias3,0.0010307003810105756,0.0010307003810105756,0.9534511062967179
Ipo4,-0.007272248679238024,0.007272248679238024,0.6804363518208828
Zfp397,0.03916498361990675,0.03916498361990675,0.026489980471246365
Ift140,0.03325789703105592,0.03325789703105592,0.05955478256489969
Supt4h1,0.03131219435453359,0.03131219435453359,0.07609712600522192
Atg4d,0.01968836606835702,0.01968836606835702,0.26478414968301556
Itfg2,-0.0014689948566034283,0.0014689948566034283,0.9336954802467641
Haus5,0.03679162491533639,0.03679162491533639,0.037124541885863185
Ostc,0.07363408304733036,0.07363408304733036,2.9678309472386054e-05
0610040J01Rik,0.054659080593818715,0.054659080593818715,0.0019488286531274145
Bank1,0.03531481795304578,0.03531481795304578,0.045427801976613516
Med24,0.040691362347063886,0.040691362347063886,0.02113848504264504
Grhpr,0.066652246673457,0.066652246673457,0.00015743475324824955
Mtrf1l,0.025814424131855397,0.025814424131855397,0.14367592413842092
Tomm5,-0.03654212419905279,0.03654212419905279,0.038429208248666115
Fkbpl,0.05168359152347552,0.05168359152347552,0.0034000277017607124
Gm5918,0.004781789021083886,0.004781789021083886,0.7865316376553391
1810012P15Rik,0.039100516578291375,0.039100516578291375,0.026739694766240985
Tada2b,-0.03427658517833215,0.03427658517833215,0.05215914325090499
Ssbp2,0.021639454283316192,0.021639454283316192,0.22031551503128227
1110065P20Rik,0.018272804743110608,0.018272804743110608,0.30068620995100015
Ndufs5,0.0006831230261389109,0.0006831230261389109,0.9691387125052575
Wdr26,-0.05041252058540485,0.05041252058540485,0.004277745320117247
Ptpn9,-0.01924839946904839,0.01924839946904839,0.27561177086909805
Ctps,0.023468272480781514,0.023468272480781514,0.18374773668541414
Htt,0.030244022436179453,0.030244022436179453,0.08666546914491012
Cxcr2,-0.18450239704680546,0.18450239704680546,5.658171830592404e-26
Tbc1d25,-0.010640425917543894,0.010640425917543894,0.5467512637298083
Pip4k2b,-0.01753000357356802,0.01753000357356802,0.32076626785497425
Zscan12,-0.0003488018947478731,0.0003488018947478731,0.984239354525068
Aars2,0.008598518240621255,0.008598518240621255,0.6262694413093716
Supt3h,0.04512518689266706,0.04512518689266706,0.010559190421697581
Runx2,-0.05280536188946865,0.05280536188946865,0.002765134126808797
Enpp4,0.06492247012764589,0.06492247012764589,0.00023254508395178063
Ipp,0.02011867489612973,0.02011867489612973,0.25448117887695476
Trmt61a,0.008322377713244131,0.008322377713244131,0.637394870800817
Ugdh,0.03731075274851557,0.03731075274851557,0.03453040299861826
Polr3d,0.015552984914978748,0.015552984914978748,0.378375523781842
2010305A19Rik,6.782437036566539e-05,6.782437036566539e-05,0.9969351579336125
Fam114a1,0.00305645050505143,0.00305645050505143,0.8625713684628277
Arid2,-0.01407344487493012,0.01407344487493012,0.4254010046461793
Eftud1,0.030547880395213632,0.030547880395213632,0.08354512596252707
2610101N10Rik,0.03139220236108235,0.03139220236108235,0.07534980082775683
Ms4a4b,0.08239436004177132,0.08239436004177132,2.9490473421386017e-06
Lin54,0.03304201965442426,0.03304201965442426,0.061228866719590845
Atf6,0.05940800233809067,0.05940800233809067,0.0007584354668539256
Arhgap19,-0.001040672856569561,0.001040672856569561,0.9530012439729895
Hist1h2bg,0.01664495558464157,0.01664495558464157,0.34580932528610436
Rnf14,0.004043043855424429,0.004043043855424429,0.8188860954756624
Esam,-0.028840122853225847,0.028840122853225847,0.10232306570435398
Asb7,-0.04579275907112944,0.04579275907112944,0.009463916710614315
Hist1h1d,-0.005672713395133014,0.005672713395133014,0.7480015858776499
Mmgt1,-0.008925318695286021,0.008925318695286021,0.6132121468898992
Usp33,0.017808251188644316,0.017808251188644316,0.31314413130801105
Bcl2l2,-0.013594410700031994,0.013594410700031994,0.44132822190121984
Rnf26,0.048702948865889356,0.048702948865889356,0.005781563556754661
Sirt6,0.03519130550293757,0.03519130550293757,0.046188143422069776
Vps53,0.06192356290261336,0.06192356290261336,0.00044743753135699575
Zfp949,0.021874376972219837,0.021874376972219837,0.21534583195946344
Dgkh,0.027371303916495275,0.027371303916495275,0.12103146802578307
Tmem67,0.051670301544831494,0.051670301544831494,0.00340828662368962
2810008D09Rik,-0.024239499484730226,0.024239499484730226,0.16975209514706618
Dtwd2,0.004131001273720358,0.004131001273720358,0.8150164905382138
Pgm3,0.0673581121252836,0.0673581121252836,0.000133911919397104
Abr,-0.08037041579938868,0.08037041579938868,5.136389330946941e-06
Myct1,-0.0005111067417681789,0.0005111067417681789,0.9769073172583943
Fzd7,0.032534156952806745,0.032534156952806745,0.06532124524242092
Ankmy2,0.02909353520692045,0.02909353520692045,0.09934133436576664
Letm1,0.04811951574363732,0.04811951574363732,0.006394820122303148
Inppl1,0.038630278508758664,0.038630278508758664,0.028623393131718845
Eif2c4,-0.015590832373109906,0.015590832373109906,0.3772161370667519
Pram1,-0.006533307108348617,0.006533307108348617,0.7113702266393092
Fam60a,0.04080920219238833,0.04080920219238833,0.020767546825083142
Il10ra,1.7445162955409725e-05,1.7445162955409725e-05,0.9992116876025625
1300010F03Rik,0.013312465670514941,0.013312465670514941,0.45085992432539806
Vps11,0.04775342247231848,0.04775342247231848,0.006808898086907974
Hps4,-0.02480430915955709,0.02480430915955709,0.160020349122388
Dlgap4,-0.002031331345438738,0.002031331345438738,0.9084101248273678
Naa25,0.06586234231460246,0.06586234231460246,0.00018834642899972717
Arhgef18,0.00026036662220325956,0.00026036662220325956,0.9882349717481905
Mast3,-0.035994070668340705,0.035994070668340705,0.041432308925187566
2310003H01Rik,-0.012954457626989681,0.012954457626989681,0.4631292573815582
Alg3,0.042836244991574214,0.042836244991574214,0.015218549486099516
Ern1,0.055103737452192804,0.055103737452192804,0.0017891932004981375
Pan3,-0.0970242879120787,0.0970242879120787,3.630378050639383e-08
2310015A10Rik,-0.015191138244381713,0.015191138244381713,0.3895704328913754
Map3k14,0.020902803240094067,0.020902803240094067,0.23643074664166477
Mtx2,0.04061866405260413,0.04061866405260413,0.021370192248538217
Blcap,0.026684777478833247,0.026684777478833247,0.13064683716259526
Dgcr6,0.02506355241062723,0.02506355241062723,0.15569732065326225
Pcyox1,-0.0025994875429578173,0.0025994875429578173,0.8829570381481237
Nxt1,0.05756314925318751,0.05756314925318751,0.0011032408374234896
Phf7,0.014885073204557026,0.014885073204557026,0.3991950132216567
Tiam2,0.02436100325551614,0.02436100325551614,0.16762199426329147
Ulk2,0.008886939360445524,0.008886939360445524,0.6147393565523586
Jak3,0.03663794357521581,0.03663794357521581,0.03792362242488767
D5Ertd605e,0.045698003326692646,0.045698003326692646,0.009612943337944031
Cirh1a,0.037793512325739756,0.037793512325739756,0.0322584961787081
Pdk1,0.03984952328112994,0.03984952328112994,0.023960229713806493
Supv3l1,0.02593034447885373,0.02593034447885373,0.141885224483424
Nubpl,0.025818813755563212,0.025818813755563212,0.1436078005510554
Tnfsf13b,-0.0009733473319976817,0.0009733473319976817,0.956038608463533
Rcan1,0.01863756832569446,0.01863756832569446,0.2911388665277311
Pwwp2a,0.0017496672170009657,0.0017496672170009657,0.9210651282087904
Stfa2l1,-0.13346114946353074,0.13346114946353074,3.1371295961976327e-14
Cstf2,0.03525992609043023,0.03525992609043023,0.045764404021017197
Prkci,-0.0019323856764531092,0.0019323856764531092,0.9128532158744325
Fbxo25,0.03977381289435063,0.03977381289435063,0.024229315416087367
Ank,0.05922393933280612,0.05922393933280612,0.000787696065190039
Lrrc57,0.04719207565818638,0.04719207565818638,0.007490698698239374
Mfsd8,0.025102550734954862,0.025102550734954862,0.15505474083030496
Dtx3l,0.05817036066917452,0.05817036066917452,0.0009763355956417352
Ccdc109a,-0.010970800871631992,0.010970800871631992,0.5343708365854439
Kynu,0.025668785089566937,0.025668785089566937,0.14595020308991594
Cdyl2,0.010830767790433531,0.010830767790433531,0.5396011062177499
Strbp,-0.0120457588656883,0.0120457588656883,0.4950911016532338
Ubxn4,0.07863851955862973,0.07863851955862973,8.173615571980467e-06
Syce2,0.014595334277938974,0.014595334277938974,0.40843671780269925
Usp42,0.008755565872597697,0.008755565872597697,0.6199796527215083
Prps2,0.0027710299586552836,0.0027710299586552836,0.875294486944351
Lass4,-0.04561018174680401,0.04561018174680401,0.009752927849617869
Sdc4,0.04080737370246866,0.04080737370246866,0.020773258973809553
Zfp276,-0.004153457925298296,0.004153457925298296,0.8140292493480026
Mad2l1,0.04202791277689991,0.04202791277689991,0.017251920345293614
Mlf1ip,0.04507381490344503,0.04507381490344503,0.01064797038961329
3110009E18Rik,-0.015149331605534075,0.015149331605534075,0.39087671041081357
Ptpn1,0.01680629594613165,0.01680629594613165,0.3411536066598834
Aldh3a2,0.005906928536230793,0.005906928536230793,0.7379716543888881
2210009G21Rik,0.03337562211514602,0.03337562211514602,0.05865795786144371
Tmem41a,-0.03372516342640488,0.03372516342640488,0.056060996687154585
Tbc1d13,-0.021302593773449556,0.021302593773449556,0.22758431994618356
Arhgef2,-0.03556630370635686,0.03556630370635686,0.043912216368777776
Calu,-0.0031656357503485155,0.0031656357503485155,0.8577134674045205
Synj2,0.023256895566516667,0.023256895566516667,0.1877288099195655
2410042D21Rik,0.04345137103533586,0.04345137103533586,0.013815609080022878
2900060B14Rik,-0.024693234055117037,0.024693234055117037,0.1619001090487018
Ltc4s,-0.02649998669447163,0.02649998669447163,0.1333335995186531
Osbpl2,0.016228176862085584,0.016228176862085584,0.3580223517075257
Amz2,0.0510810908605219,0.0510810908605219,0.003793313138835152
Drosha,0.0019366356720705133,0.0019366356720705133,0.9126623155973234
Plac9,0.006280306815172505,0.006280306815172505,0.7220746833659206
Zdhhc8,0.02841599224753028,0.02841599224753028,0.1074723363320733
Lnx2,-0.003148859882407518,0.003148859882407518,0.8584595187761659
Zbed4,-0.018652370040203762,0.018652370040203762,0.29075579580200456
9330020H09Rik,0.02502275887742732,0.02502275887742732,0.15637163992775924
Snapc3,0.0585848546362763,0.0585848546362763,0.0008976189975569275
Il3ra,0.08678787649988595,0.08678787649988595,8.457315885655994e-07
C030046E11Rik,0.013048510094784601,0.013048510094784601,0.4598880775046373
Kbtbd11,-0.059982175012716535,0.059982175012716535,0.0006735140685614978
Papd7,0.01112295829997384,0.01112295829997384,0.5287168605466432
Eif2c3,0.015487121212732064,0.015487121212732064,0.38039835855013376
Slc9a8,-0.00614564603092418,0.00614564603092418,0.7277946043293204
1700009P17Rik,0.011975922540859043,0.011975922540859043,0.4975952906445982
Lrrc14,-0.01263053176255657,0.01263053176255657,0.47438902346064377
Nubp1,0.06944154025803013,0.06944154025803013,8.231397969533475e-05
Slc40a1,-0.12489503935172866,0.12489503935172866,1.2365554219738548e-12
Brox,0.009405614305926456,0.009405614305926456,0.594243465818951
Zfp238,-0.013880794628245504,0.013880794628245504,0.4317656527489868
Zfp787,0.03453917510951576,0.03453917510951576,0.05038240933651156
D2hgdh,0.007208082428156973,0.007208082428156973,0.6831022003260047
Tmem19,0.07012930130669473,0.07012930130669473,6.989139060891571e-05
Clu,0.038967678649407304,0.038967678649407304,0.027260658461053425
Ciapin1,0.06019306438607611,0.06019306438607611,0.0006446069216143004
Sart1,0.08699128443069161,0.08699128443069161,7.970312157273878e-07
Gpkow,0.0032542555870058642,0.0032542555870058642,0.8537745156626302
Tnpo2,0.027795110734665614,0.027795110734665614,0.11537777366141419
Rnf135,0.06365444560238288,0.06365444560238288,0.00030771571416586074
Eltd1,0.018836432765866162,0.018836432765866162,0.28602053438696645
Mettl17,0.012906613950632775,0.012906613950632775,0.4647828887848148
Gm5523,0.056493503590320404,0.056493503590320404,0.0013645079442277462
Sbno2,0.05663813981877917,0.05663813981877917,0.0013261197430253038
Sec22c,0.008818876708645684,0.008818876708645684,0.6174518455854543
Srrd,-0.005166343223662694,0.005166343223662694,0.7698304032508626
Gm14295,0.007100614633185539,0.007100614633185539,0.6875758997377259
Ccnc,0.012702827210734688,0.012702827210734688,0.47186305597168077
Bcl9l,-0.007301035400483158,0.007301035400483158,0.6792416731492682
Nipa2,0.07858671384358486,0.07858671384358486,8.286787482028625e-06
Osbp,-0.015793028474614147,0.015793028474614147,0.37105939474888083
Eral1,0.04096859383773899,0.04096859383773899,0.02027484231609301
2810417H13Rik,0.13123367120120488,0.13123367120120488,8.349236546825687e-14
Casp3,0.09058923129988498,0.09058923129988498,2.731700363375864e-07
2010315B03Rik,-0.025948836491764025,0.025948836491764025,0.14160115758520198
Ppp2r3d,0.01327006870968472,0.01327006870968472,0.4523032443846953
Lancl1,0.021810615223078807,0.021810615223078807,0.21668663065997962
Cryab,-0.001865365348379118,0.001865365348379118,0.915864276290218
H2-K2,-0.02033008796722577,0.02033008796722577,0.2495227421727525
Rgp1,0.006896676515963824,0.006896676515963824,0.6960955075602436
Toe1,0.05984929134980987,0.05984929134980987,0.0006923426382117119
Zbtb5,0.03469544504582611,0.03469544504582611,0.049349322721480335
Tmem140,0.029574414463506976,0.029574414463506976,0.0938739465333428
Dgkz,0.06625005010746259,0.06625005010746259,0.00017252320803138937
Ckap5,0.03176941564240763,0.03176941564240763,0.07190666135403222
Cpsf7,-0.014919741453126785,0.014919741453126785,0.39809770013231005
Pabpc1l,0.022416871654739972,0.022416871654739972,0.20417922616792283
Nhej1,0.03479983232539432,0.03479983232539432,0.048669171463900054
Klf7,0.0112682680229158,0.0112682680229158,0.5233458971569851
Nod2,0.005251676768244517,0.005251676768244517,0.766138479668713
D030056L22Rik,0.04463858473882781,0.04463858473882781,0.011427144350026128
Agpat9,0.017758545500868222,0.017758545500868222,0.3144969205411661
Snx16,0.027503358023823796,0.027503358023823796,0.11924705829495173
Pde12,0.03178708159698749,0.03178708159698749,0.07174862062553884
Ppp2r5e,0.05049153792110063,0.05049153792110063,0.004217705031562496
Zbtb11,0.06768143312130756,0.06768143312130756,0.0001242806755031028
Ocrl,0.019692548162255474,0.019692548162255474,0.2646826538202219
Coq3,0.034455226225477,0.034455226225477,0.05094482759021182
Ppcdc,-0.009901513838714363,0.009901513838714363,0.5749448260078907
4933411K20Rik,0.0599075971894898,0.0599075971894898,0.0006840217432539579
Ndufaf4,0.033476320837807064,0.033476320837807064,0.05789976125648741
Cbr2,-0.031623008395318966,0.031623008395318966,0.07322742773679837
Ubn2,-0.030691328684672396,0.030691328684672396,0.08210397349875674
Cd3g,0.0592214977155443,0.0592214977155443,0.000788091155687739
D930016D06Rik,-0.018807283602906632,0.018807283602906632,0.2867669445467642
Phkb,0.01612354696570855,0.01612354696570855,0.3611304546066595
Rbm12,0.01713221920936736,0.01713221920936736,0.33187159470045396
Tmem198b,0.041654526718137436,0.041654526718137436,0.018269029315014874
Rg9mtd1,0.051565048448672594,0.051565048448672594,0.003474342647591721
Tnfrsf11a,0.009724113318864447,0.009724113318864447,0.5818145340879485
1810030N24Rik,0.05903774486837749,0.05903774486837749,0.0008183582546088035
Bmpr2,0.04896451148588139,0.04896451148588139,0.0055242554448580675
Zbtb33,-0.0033448663565329804,0.0033448663565329804,0.8497508360172648
Wdr67,0.04715660922789092,0.04715660922789092,0.007535763367405382
Xrcc6bp1,0.0051428617477991935,0.0051428617477991935,0.7708472399632087
Isy1,0.024566330382127098,0.024566330382127098,0.16406807733037485
Zfp646,-0.0014375524489297076,0.0014375524489297076,0.9351114983636802
Cdc25a,0.043408570211143555,0.043408570211143555,0.013909395262995372
Mtmr4,-0.004622950766479398,0.004622950766479398,0.7934592403928448
Zfp672,-0.0091104130669908,0.0091104130669908,0.6058704130247489
Map1lc3b,-0.03811622619306186,0.03811622619306186,0.0308122209119729
Mipep,0.022056046145236777,0.022056046145236777,0.21155843197863267
Nnt,-0.08407873241330964,0.08407873241330964,1.8401574635942202e-06
Mtcp1,0.028635319393389987,0.028635319393389987,0.10478449412984611
Btbd6,0.015228340034338959,0.015228340034338959,0.38841027166919473
Tbc1d24,0.027986623218384698,0.027986623218384698,0.11289201590760459
Pccb,0.0062852747618805365,0.0062852747618805365,0.7218639567549123
Gnptg,0.009039783002439381,0.009039783002439381,0.6086673027116554
Dctpp1,0.046975803736122174,0.046975803736122174,0.0077692982979821945
9630033F20Rik,-0.01762814191850478,0.01762814191850478,0.31806421075494934
Zbtb34,-0.03692898459364388,0.03692898459364388,0.036422498449498235
Lmf1,0.038050048358788675,0.038050048358788675,0.031104182092437684
Ypel2,0.03651085785732694,0.03651085785732694,0.03859541774150111
Mthfd1l,0.004309208382580601,0.004309208382580601,0.807190339747317
Raver1,0.019528380765794558,0.019528380765794558,0.26868699710357086
Ubxn7,-0.005729723764978792,0.005729723764978792,0.7455561946428276
Rrp12,0.019333056482550053,0.019333056482550053,0.2735052322188958
Fam20c,0.021276129295699383,0.021276129295699383,0.2281625270668187
Pitrm1,0.014236770745363265,0.014236770745363265,0.4200482974517529
Wdr70,0.041636134265223036,0.041636134265223036,0.01832045935845478
Apeh,0.07530522012670327,0.07530522012670327,1.946324873182222e-05
AI597468,0.04428854493242437,0.04428854493242437,0.012090084780410588
Cog2,0.021945131408942626,0.021945131408942626,0.21386499426674255
2310022B05Rik,0.011937222257440382,0.011937222257440382,0.49898590145010363
Tmem181c-ps,-0.03855789283885995,0.03855789283885995,0.02892327516663828
Gm4944,0.08265764454108512,0.08265764454108512,2.741081289309128e-06
Exoc8,0.011066270741216603,0.011066270741216603,0.5308197351275665
BC046331,0.02979026110800104,0.02979026110800104,0.09149959361130582
Necap1,0.03494723530203188,0.03494723530203188,0.047722156858098094
Adipor2,-0.002130973268450242,0.002130973268450242,0.9039386616665366
St6gal1,0.03383967150121503,0.03383967150121503,0.05523134083854288
Zranb1,0.0010594294216861356,0.0010594294216861356,0.9521551685527087
Zfp961,0.03826110814712365,0.03826110814712365,0.03018123628602249
Errfi1,0.023551550269781407,0.023551550269781407,0.18219656444641513
Eln,-0.10748022223139586,0.10748022223139586,1.0292219866649739e-09
Xpnpep3,-0.009597996643651976,0.009597996643651976,0.5867215124203087
Sipa1l3,-0.015518694570908164,0.015518694570908164,0.3794278363569135
Slc30a6,0.06412586370314032,0.06412586370314032,0.0002774450505519364
9330151L19Rik,0.00685044309109706,0.00685044309109706,0.69803231865152
Pelp1,0.023566428473586146,0.023566428473586146,0.1819204609197594
Aste1,0.018395612568372074,0.018395612568372074,0.2974488127580355
Mospd2,0.08326736114359899,0.08326736114359899,2.31210305003288e-06
Rnf150,0.05530197907656806,0.05530197907656806,0.0017219715101333799
Zfp574,0.01827400213330939,0.01827400213330939,0.3006545320984488
Rab3gap1,0.056183774534381226,0.056183774534381226,0.0014501834348608592
Cspp1,0.06583259954775174,0.06583259954775174,0.00018961498228992844
Pogk,-0.0297179474818035,0.0297179474818035,0.09228962354008952
Mcoln1,0.004195029138529214,0.004195029138529214,0.8122024723112524
Dcun1d3,0.034342388054562814,0.034342388054562814,0.05170906157811416
Gimap4,0.0301667072563357,0.0301667072563357,0.08747425718043807
Dpcd,0.08697428765246884,0.08697428765246884,8.009949711625161e-07
Tmem107,0.01890583995420006,0.01890583995420006,0.28424853986033477
Trappc10,-0.02037819029405303,0.02037819029405303,0.24840404862501025
Hs6st1,0.019128153980091534,0.019128153980091534,0.2786228407936646
Magohb,0.0715530444593421,0.0715530444593421,4.9580971022603595e-05
Ncapd3,0.03502687423375464,0.03502687423375464,0.047216977711523965
Supt7l,-0.0019935305095227446,0.0019935305095227446,0.910107216462143
4932438A13Rik,-0.0013610434708044399,0.0013610434708044399,0.9385579510936715
Aurkb,0.047815389836417824,0.047815389836417824,0.006737158050816515
Zbtb9,-0.005636282029389792,0.005636282029389792,0.7495655954663221
Traf1,0.09505747733901891,0.09505747733901891,6.822561479643638e-08
Fam40a,0.028941018720641688,0.028941018720641688,0.10112747382259202
Bcap31,0.09171198736477262,0.09171198736477262,1.9393190115273018e-07
Itpripl2,-0.005323492377365816,0.005323492377365816,0.7630355089097935
Trim11,0.049884392164730305,0.049884392164730305,0.004699332039946188
Acsl5,0.07785900013775277,0.07785900013775277,1.0043563255665659e-05
Acads,0.09484041718025694,0.09484041718025694,7.308967779524786e-08
Rbbp4,0.03874421613352183,0.03874421613352183,0.028156790674553154
Agpat3,-0.02773025213660763,0.02773025213660763,0.11622929745766047
A530032D15Rik,0.19425140318520834,0.19425140318520834,1.1553959276468702e-28
Pxmp4,0.04330927980225259,0.04330927980225259,0.01412912916200165
D10Wsu102e,0.0051907188153742945,0.0051907188153742945,0.7687752662464683
Galnt4,0.02618539960038213,0.02618539960038213,0.1380055944900016
Ppp1r37,0.016362314663987947,0.016362314663987947,0.35406238734727397
Zfp770,0.010066943427567627,0.010066943427567627,0.5685734378952504
Trp53bp2,0.04894858040538841,0.04894858040538841,0.005539626915464697
Nup37,0.048879133844766984,0.048879133844766984,0.0056070856643473084
Gm5069,0.018779877075488168,0.018779877075488168,0.28746992983302794
Acot2,-0.0458279501467864,0.0458279501467864,0.009409096806023727
Crem,0.007630090871474957,0.007630090871474957,0.6656433528729203
Nprl2,0.08118105014248457,0.08118105014248457,4.119219413359108e-06
Cse1l,-0.028307737842341394,0.028307737842341394,0.10881895769189913
Mrps27,0.03191948323353764,0.03191948323353764,0.07057318118407416
Aatf,0.0635737195576934,0.0635737195576934,0.00031319952498979947
Cnst,-0.009886003774007614,0.009886003774007614,0.5755439099034991
Cd200r4,0.02102776745491363,0.02102776745491363,0.23363985099647291
1500015A07Rik,0.011439790053618054,0.011439790053618054,0.5170422781789606
Fam193a,0.0207204652781664,0.0207204652781664,0.24054514320263656
Hace1,-0.004440970596808782,0.004440970596808782,0.8014161977949708
Prep,0.03836578324093126,0.03836578324093126,0.029732294090738295
Ccnt2,-0.018222039579630353,0.018222039579630353,0.3020312853314158
Rcn3,-0.04143346544625788,0.04143346544625788,0.018895616605940767
6230427J02Rik,0.005099499229505019,0.005099499229505019,0.7727260347730334
Kif23,-0.020748602366004336,0.020748602366004336,0.23990697019197657
Cpsf3l,0.08170611210907588,0.08170611210907588,3.5666114554925806e-06
Slc35b4,0.017941910552911833,0.017941910552911833,0.3095254797441958
Agtrap,0.07801947291780947,0.07801947291780947,9.628007141156585e-06
Sdhaf1,0.04684065010914372,0.04684065010914372,0.007948079171459177
Acsf2,0.003656805553604151,0.003656805553604151,0.8359293205422399
Adcy7,-0.07206167171509067,0.07206167171509067,4.379079449200381e-05
Rps6kc1,0.014839839734673343,0.014839839734673343,0.40062946704877755
Tmem214,0.026414160853464548,0.026414160853464548,0.13459590861445847
St3gal1,0.022235919246697655,0.022235919246697655,0.2078561271898314
Smyd5,0.008363297786136996,0.008363297786136996,0.6357409973666058
1700096K18Rik,1.2900072272730601e-05,1.2900072272730601e-05,0.999417071214756
Sympk,0.033730309731098904,0.033730309731098904,0.05602348831573385
Ftsj3,0.05051564959521573,0.05051564959521573,0.004199536825731586
Tnfsf14,0.018952204058882656,0.018952204058882656,0.28306899096630506
Rnf111,0.021947120780272267,0.021947120780272267,0.21382346459829607
A830080D01Rik,0.037667449663415516,0.037667449663415516,0.03283904827453758
Tmed8,0.008076862218127565,0.008076862218127565,0.647355610282326
Ecscr,-0.04284286472750306,0.04284286472750306,0.015202807753974479
Gpatch2,0.024013642829238322,0.024013642829238322,0.17376541626946404
Dhrs4,0.07234671176983949,0.07234671176983949,4.083247733694355e-05
Nif3l1,0.05458247111105315,0.05458247111105315,0.0019776171137040255
Wipi1,0.03526689370663333,0.03526689370663333,0.04572156190949484
Ddost,0.136249623167939,0.136249623167939,8.999640564104378e-15
Deptor,0.03082313421041446,0.03082313421041446,0.08079761724674324
Socs7,-0.02044861825616275,0.02044861825616275,0.24677247189903403
Adi1,0.0065218089191336915,0.0065218089191336915,0.7118555027579876
Depdc5,0.01095430536142076,0.01095430536142076,0.5349856164082725
Copz1,0.04971226026028392,0.04971226026028392,0.004844653290380365
D730048J04Rik,0.033329275408084405,0.033329275408084405,0.05900967813097574
Msl3l2,0.04576345586450807,0.04576345586450807,0.009509781689851653
Josd2,0.055583346868171804,0.055583346868171804,0.0016305430841719042
Marcksl1,-0.01379953629784542,0.01379953629784542,0.43446666220409186
Mfap2,-0.007322603489723025,0.007322603489723025,0.6783471023783608
Tox4,0.05748485574973674,0.05748485574973674,0.0011206703493873047
Cd180,0.06345857930006343,0.06345857930006343,0.00032117953414306896
Lap3,0.0464471525935621,0.0464471525935621,0.008489750294780357
Aqp1,0.06387549280739718,0.06387549280739718,0.0002931561350519421
Golga4,0.052709171700768165,0.052709171700768165,0.002814996765556547
Gtf2h2,0.051607528064349435,0.051607528064349435,0.0034475438603131636
Scap,0.019695969016190674,0.019695969016190674,0.26459965253457446
Trmt6,0.0407888491205004,0.0407888491205004,0.02083120645382386
Mob1a,0.07494878683675565,0.07494878683675565,2.131143563021963e-05
Mrps2,0.0021830370713113697,0.0021830370713113697,0.9016034833358202
Lactb2,0.05844236833684002,0.05844236833684002,0.0009239900826178466
Smc4,0.050030839463415334,0.050030839463415334,0.004578812902981764
Ubl4,0.028877999215982424,0.028877999215982424,0.10187292854770189
Gfm1,0.058874262604046455,0.058874262604046455,0.0008461890597907807
Usp10,0.034712853384124095,0.034712853384124095,0.04923534531952791
4933421E11Rik,0.05779840511813302,0.05779840511813302,0.0010523649308480311
Mecp2,0.05175029785364149,0.05175029785364149,0.003358848186914017
Plekhb2,0.054845177985079485,0.054845177985079485,0.001880491155280191
Tmem180,0.015449651248640155,0.015449651248640155,0.38155211058520877
Tatdn2,-0.0026331989006876566,0.0026331989006876566,0.8814503128740604
Dhx57,0.0037367577448719144,0.0037367577448719144,0.8323947284784973
Sh3bgrl,-0.06990241896145195,0.06990241896145195,7.377895002596158e-05
Lonrf1,-0.02777283460380903,0.02777283460380903,0.11566968079275808
Pgrmc2,0.01155668692306671,0.01155668692306671,0.5127688252960905
Abcc4,0.00915134004195211,0.00915134004195211,0.604252375843831
Snapc2,0.059981232339608774,0.059981232339608774,0.0006736459457357224
Zbtb25,0.03182049006569793,0.03182049006569793,0.07145052399889897
Ttll3,-0.01272237733536738,0.01272237733536738,0.47118125917487946
Sirt4,0.036006278210461096,0.036006278210461096,0.041363314155769854
Rhbdd1,0.06722397499790994,0.06722397499790994,0.00013811040838003098
Ednrb,0.036351779097274245,0.036351779097274245,0.039450555211661256
Ogg1,0.03784574159374539,0.03784574159374539,0.03202055450450178
Mtmr14,0.033914630160411956,0.033914630160411956,0.054693795374585116
Hebp1,0.023254415942336515,0.023254415942336515,0.18777588582827237
Cdkn3,0.10745096416883014,0.10745096416883014,1.0400480717219022e-09
Tspan5,0.0075836273382551495,0.0075836273382551495,0.6675569509798066
Ifnar1,-0.028423416357126453,0.028423416357126453,0.10738047029042494
Atxn1l,-0.005910700007317998,0.005910700007317998,0.7378105054413869
1700025G04Rik,0.059441927679526246,0.059441927679526246,0.0007531536970458875
Lyve1,0.012243283287354086,0.012243283287354086,0.48804486636957606
Rhof,-0.02760150044859066,0.02760150044859066,0.11793428647074891
St8sia4,-0.03592885628034463,0.03592885628034463,0.041802540930075724
Fam45a,0.029179342702776168,0.029179342702776168,0.09834754608058156
D6Wsu163e,0.036627771336718205,0.036627771336718205,0.037977026014086195
Sun2,-0.030005364103716972,0.030005364103716972,0.08918165958945964
6030458C11Rik,0.028256035300065836,0.028256035300065836,0.10946679713069318
Mtg1,0.04728084135567622,0.04728084135567622,0.007378967495682003
Inpp5a,-0.007429761886514327,0.007429761886514327,0.6739092736611394
Urm1,0.0620119542160799,0.0620119542160799,0.0004390625917749398
Zrsr1,-0.006196005773386493,0.006196005773386493,0.7256537033190371
Card9,0.03823032691568973,0.03823032691568973,0.030314357112675286
Zer1,0.022997255306386417,0.022997255306386417,0.19270551415996814
Tulp4,0.02615163333124425,0.02615163333124425,0.1385144674139187
Gtf2h5,0.07998114355064868,0.07998114355064868,5.70641038773923e-06
Fut7,0.02684658224129635,0.02684658224129635,0.12832892105003985
Pddc1,0.044457518451746225,0.044457518451746225,0.011765926867461045
BC055004,0.04556634117106666,0.04556634117106666,0.009823485387846291
Wbscr16,0.04053362735957411,0.04053362735957411,0.02164402763293367
Spopl,0.013403380048742374,0.013403380048742374,0.44777372844522245
Aprt,-0.06625659218302556,0.06625659218302556,0.00017226725831658314
Snx9,0.07365737780918226,0.07365737780918226,2.950605489899417e-05
Pmm1,0.01158762088821798,0.01158762088821798,0.5116410443773981
Ilkap,-0.04875611371179962,0.04875611371179962,0.005728405250995999
Zfp295,0.020974796234491284,0.020974796234491284,0.2348200234424545
D330023K18Rik,0.004587754912998932,0.004587754912998932,0.7949965074739506
Zfand2a,0.006450212747461189,0.006450212747461189,0.7148798067282895
Atp6v0a2,0.019096581759285226,0.019096581759285226,0.2794171357564651
5830418K08Rik,0.019748799383482143,0.019748799383482143,0.2633200889615718
Gm15441,-0.01781742371930043,0.01781742371930043,0.3128949109854973
Slc35d2,0.0011338185327513994,0.0011338185327513994,0.9488001475945194
Zfp688,-0.0070019675611021,0.0070019675611021,0.6916920573447944
Cox4nb,0.029200064598569112,0.029200064598569112,0.09810874693126027
Cd2,0.04725226519759003,0.04725226519759003,0.007414772706057532
S1pr2,0.04308975532290285,0.04308975532290285,0.01462584463598245
Polr2k,-0.006158213285087831,0.006158213285087831,0.7272601436994589
Gbe1,-0.00018716272335014654,0.00018716272335014654,0.9915426437734334
Ifit2,0.12868612959058562,0.12868612959058562,2.5064573691481456e-13
AI607873,0.02554276687593538,0.02554276687593538,0.14794022334886273
Alad,0.04829240941917863,0.04829240941917863,0.006207255244171666
Cecr5,0.0393413243064622,0.0393413243064622,0.025817183857335384
Man2c1,0.03729287225133102,0.03729287225133102,0.03461711004110344
Mob3a,-0.0654858563698148,0.0654858563698148,0.0002050083466650584
Kctd6,-0.03411749416682826,0.03411749416682826,0.053260846456490846
Cav1,-0.013268935586031275,0.013268935586031275,0.4523418550956721
Hrh2,0.001590868418308882,0.001590868418308882,0.9282088901572816
Clp1,0.06161455333311318,0.06161455333311318,0.00047790131408544903
Ms4a7,0.03900960450647971,0.03900960450647971,0.02709529614797656
Vps37c,-0.04629652202239662,0.04629652202239662,0.008705682017746406
Tbc1d8b,0.008210641455564925,0.008210641455564925,0.6419201163221243
Slc43a3,-0.00045822790979059444,0.00045822790979059444,0.9792959069580849
Nlk,0.02229305903864806,0.02229305903864806,0.20668991408638296
Ttc38,0.0198423568091941,0.0198423568091941,0.2610645925531992
Fhod1,-0.03218930111945143,0.03218930111945143,0.06822663904029978
1810035L17Rik,0.05748283833495511,0.05748283833495511,0.0011211228060570143
Utp6,0.034586346701543896,0.034586346701543896,0.05006867036017379
Cd63,-0.07418765855342487,0.07418765855342487,2.5832392839441863e-05
Wdfy3,-0.0036489315138100694,0.0036489315138100694,0.8362776029786324
Pml,0.04820147524234675,0.04820147524234675,0.006305279444594432
Isoc2a,0.045066719034814864,0.045066719034814864,0.010660285326753746
Aig1,0.03470304041501454,0.03470304041501454,0.049299566472220925
Gm6654,0.07554303787877634,0.07554303787877634,1.831609247970498e-05
Hopx,-0.014299412788281236,0.014299412788281236,0.4180058599679105
Zfp62,0.015956710846046412,0.015956710846046412,0.3661213043401252
Frmd4b,0.039285051660522874,0.039285051660522874,0.026030259359712815
Aifm2,0.07820652109924453,0.07820652109924453,9.164347704893898e-06
Bloc1s1,-0.01189708295024478,0.01189708295024478,0.5004303982481275
Wwp1,0.006008717362932194,0.006008717362932194,0.7336264382878823
Tmem175,0.00831255785090283,0.00831255785090283,0.6377920309057311
Dennd4c,0.02409603267532815,0.02409603267532815,0.1722932732384099
Fbxo22,0.07022806273949359,0.07022806273949359,6.826037563803453e-05
Pet112l,0.06913161199214898,0.06913161199214898,8.856921903321038e-05
Vps45,0.06930583198560838,0.06930583198560838,8.499978298536099e-05
Setd6,0.01763107959567956,0.01763107959567956,0.317983557717651
Fancl,0.06547539510630175,0.06547539510630175,0.00020549051177534675
Tars,0.07746213649495504,0.07746213649495504,1.1146070946639483e-05
Tmx1,0.03583048281450923,0.03583048281450923,0.04236631566707577
Gm4285,0.02730611377249683,0.02730611377249683,0.12192002886319782
Tmem154,-0.03316474094916439,0.03316474094916439,0.060272474206693405
Tbc1d7,0.05489189019461108,0.05489189019461108,0.0018636867675417784
Rdx,0.01497295991100163,0.01497295991100163,0.3964167780837995
Dpp3,0.10358755423356661,0.10358755423356661,4.041388937982067e-09
Cenpb,-0.03192917253074594,0.03192917253074594,0.070487784845811
Irgm2,0.030216708555327938,0.030216708555327938,0.08695050529272524
Rmi1,0.006294240583971072,0.006294240583971072,0.7214837046848742
Ubqln4,-0.0010734783054301158,0.0010734783054301158,0.9515214835511249
Nol9,0.01187620817331224,0.01187620817331224,0.5011824958663459
Ifi205,0.013429930754641566,0.013429930754641566,0.4468747025166133
Slc45a4,-0.011769507959123966,0.011769507959123966,0.5050361286771985
Ranbp9,-0.02658728070094386,0.02658728070094386,0.13205911082508487
Polr3f,0.009781861427877384,0.009781861427877384,0.5795740736834943
Mkl1,-0.004016510558479432,0.004016510558479432,0.8200542740604824
Asb3,0.07048249891677508,0.07048249891677508,6.422267710619595e-05
Lpin1,-0.10254650251965218,0.10254650251965218,5.778107977801314e-09
Mre11a,-0.001464972335885501,0.001464972335885501,0.9338766240528644
Coil,0.04365287689562866,0.04365287689562866,0.01338152395112654
2810405K02Rik,0.08581549344889802,0.08581549344889802,1.1209241147604793e-06
Ndor1,0.018569229903873306,0.018569229903873306,0.2929118727358756
Asb6,0.03496022925028011,0.03496022925028011,0.04763942275502176
Chd2,0.03967507931265392,0.03967507931265392,0.02458416002148027
Ankrd13d,-0.034914133987446805,0.034914133987446805,0.04793346270118389
Mfn2,0.013900786834931775,0.013900786834931775,0.4311026099783488
Cxcl16,0.1510662889693828,0.1510662889693828,7.629388199845782e-18
Fam76b,0.007961371873652236,0.007961371873652236,0.6520632008596826
Fcho1,0.07407671685919005,0.07407671685919005,2.656302318473446e-05
Ivd,0.07463219691215967,0.07463219691215967,2.309199556655942e-05
Epsti1,-0.03926621917658799,0.03926621917658799,0.026101906832768754
Cst7,0.07280842039487823,0.07280842039487823,3.643909906700972e-05
Phf15,-0.02198916936084598,0.02198916936084598,0.21294702797499354
4922501C03Rik,0.09072106485387096,0.09072106485387096,2.6245411994027315e-07
Tbcd,0.04337774052296948,0.04337774052296948,0.013977297653585167
Naa16,0.042333463151792344,0.042333463151792344,0.016456881362387356
Vps26b,0.012944985124678864,0.012944985124678864,0.46345639705714275
Tmem188,0.0476793692355135,0.0476793692355135,0.00689552946498905
Sass6,0.0291940616794303,0.0291940616794303,0.09817787689750945
Tmem62,0.009365447816276842,0.009365447816276842,0.5958194788056594
Dopey1,0.003623635672232807,0.003623635672232807,0.83739669868855
Pias2,-0.007952544949836184,0.007952544949836184,0.6524235756292669
Eepd1,0.054886866536422385,0.054886866536422385,0.0018654873530139758
Vps13c,0.08948396787981742,0.08948396787981742,3.8123631694328593e-07
Laptm4b,0.002117109553975752,0.002117109553975752,0.9045606212422354
Fkbp7,-0.014433379057139638,0.014433379057139638,0.4136575750479408
Frs2,0.00332061605482354,0.00332061605482354,0.8508273209306049
Manea,-0.016676395653891903,0.016676395653891903,0.3448989145310058
AI316807,-0.011017021414255193,0.011017021414255193,0.5326501196050066
Irg1,-0.007920336729033261,0.007920336729033261,0.6537392206377209
Rras2,-0.013180094409867737,0.013180094409867737,0.45537486969264973
Hyou1,0.02522872708330887,0.02522872708330887,0.15298950774744044
1110037F02Rik,0.06916347948442883,0.06916347948442883,8.790591292052263e-05
Prkacb,0.031607063781741315,0.031607063781741315,0.07337245717590235
Hdhd2,0.07616994295144078,0.07616994295144078,1.559258990214671e-05
Nfatc2ip,0.012866973844586977,0.012866973844586977,0.4661554613483162
Car4,-0.11025500383885317,0.11025500383885317,3.76738846414639e-10
Ddx49,0.06670756769621312,0.06670756769621312,0.00015545924798899958
Fam187b,-0.0008731193796188308,0.0008731193796188308,0.9605615219671741
Pfkfb3,-0.0005015697735746674,0.0005015697735746674,0.9773380969703972
Ccdc134,0.01979615642384621,0.01979615642384621,0.2621767239317338
Alg9,0.06089773197537111,0.06089773197537111,0.000556169947642119
Nudt5,0.10748291937354329,0.10748291937354329,1.028229535710646e-09
Wdr36,0.0802369032139871,0.0802369032139871,5.325460886650203e-06
Nanp,0.015492017412744039,0.015492017412744039,0.3802477562091653
Csprs,0.21561880053534596,0.21561880053534596,4.4565941129191753e-35
Sil1,0.06050187419148928,0.06050187419148928,0.0006043530598523381
Trim41,0.009884416939380962,0.009884416939380962,0.5756052187907782
Nol8,0.0275584083461951,0.0275584083461951,0.11850929228042004
Wdr77,0.007310897613674194,0.007310897613674194,0.6788325660630629
Carm1,0.013758815017074726,0.013758815017074726,0.43582388978544023
Zcchc2,-0.018853952583420285,0.018853952583420285,0.28557254377226693
Dusp28,0.020983704549614617,0.020983704549614617,0.2346212560376353
Zfp259,0.05834072377876526,0.05834072377876526,0.0009432387959812872
Rc3h2,-0.006339488508730181,0.006339488508730181,0.7195657332892158
Chi3l1,-0.07440009975249195,0.07440009975249195,2.4486304133963547e-05
Cep290,0.0478057318508389,0.0478057318508389,0.006748294305159827
Pcsk7,0.016456219578502327,0.016456219578502327,0.35130668844892626
Pcmtd2,0.032103306681079385,0.032103306681079385,0.06896744941900086
Orc2,0.04227697990302644,0.04227697990302644,0.01660137968955041
Smc5,0.029548588984611875,0.029548588984611875,0.09416131004934707
Tesk2,0.042548769535894725,0.042548769535894725,0.015916151829189013
Rnpc3,0.03477764972577541,0.03477764972577541,0.04881304353034699
2310037I24Rik,-0.02752995760156502,0.02752995760156502,0.11889013171070077
6330418K02Rik,0.007973726842086816,0.007973726842086816,0.6515589237963286
Pafah1b3,0.07846287329772726,0.07846287329772726,8.563421034009986e-06
Gga3,-0.0020046306863738244,0.0020046306863738244,0.9096088243668375
Fam120b,0.058093845127137916,0.058093845127137916,0.000991547462241965
Tbp,0.02254251214966114,0.02254251214966114,0.20165421972620154
Slc2a3,-0.13310597812591965,0.13310597812591965,3.671114086179062e-14
Ercc6,0.011037941840116755,0.011037941840116755,0.5318722079758593
Zkscan1,0.03411666128023416,0.03411666128023416,0.05326666491726947
Zfp161,0.0015628258445693497,0.0015628258445693497,0.9294710379728347
Zbtb45,0.040576856832987465,0.040576856832987465,0.021504440808304534
Espl1,0.01412463171883738,0.01412463171883738,0.4237191810031913
C920009B18Rik,0.030540269128779593,0.030540269128779593,0.08362216098252993
Fam3a,0.06414441649304647,0.06414441649304647,0.00027631279817220034
Ptrf,-0.08675160237753779,0.08675160237753779,8.547121828917108e-07
Haus7,0.031889774773553134,0.031889774773553134,0.07083554470326174
Ppap2a,0.03189543102119527,0.03189543102119527,0.07078553131440259
Irf2bp1,-0.0023445200532342305,0.0023445200532342305,0.8943661099110569
Mefv,0.0980222214714275,0.0980222214714275,2.6234223914122864e-08
2510012J08Rik,-0.00638439277023028,0.00638439277023028,0.7176640721431583
Hspa13,0.037355201008384874,0.037355201008384874,0.03431566526865271
Nrip1,0.0759267153692642,0.0759267153692642,1.6599967826723123e-05
Tpra1,0.0038906747310748155,0.0038906747310748155,0.8255998278817962
Tceb1,0.05283758755118973,0.05283758755118973,0.0027486103247359285
Nxt2,0.0036601046503373456,0.0036601046503373456,0.8357834053252312
Clasrp,0.029840543287280134,0.029840543287280134,0.09095346757389919
Cryzl1,0.05153554890939184,0.05153554890939184,0.0034930641355660004
Bloc1s3,0.008742903511734661,0.008742903511734661,0.620485762272826
Paxip1,-0.017867536495847203,0.017867536495847203,0.311535637900212
Hddc2,0.05085768540776921,0.05085768540776921,0.0039493436586319425
Exoc4,0.025831193249650407,0.025831193249650407,0.14341581370086912
4833420G17Rik,0.01909088147690787,0.01909088147690787,0.2795607074777312
Galnt11,-0.02087785247736726,0.02087785247736726,0.23699079629273384
BC032203,-0.02540771544026568,0.02540771544026568,0.15009582509922265
Asprv1,-0.18052764931179927,0.18052764931179927,6.419613322368791e-25
Ftsj1,0.03154411486241414,0.03154411486241414,0.07394732497711345
D17H6S53E,-0.020415376288948316,0.020415376288948316,0.24754163793631556
Rabgef1,0.061429218604703406,0.061429218604703406,0.0004970890873598079
Htatsf1,0.03232663350649825,0.03232663350649825,0.06705714119544973
Cnot6l,0.030375160003387632,0.030375160003387632,0.08530745787343029
Asf1a,0.03172443023635276,0.03172443023635276,0.07231039090999761
Mospd1,0.03782387245573869,0.03782387245573869,0.03212000045676396
2810454H06Rik,-0.00020104741586521638,0.00020104741586521638,0.9909152597972178
Kbtbd2,0.010064158872771243,0.010064158872771243,0.5686804030920689
BC002230,0.03231007222015559,0.03231007222015559,0.06719729356758201
B3galt4,0.054315531053342456,0.054315531053342456,0.0020810036807722095
Ppwd1,0.016108140401080533,0.016108140401080533,0.361589541721961
Ptger2,0.04626171637445764,0.04626171637445764,0.008756269022492028
Tap1,0.1224524997103361,0.1224524997103361,3.3718661167079256e-12
Gatc,0.014936584574837644,0.014936584574837644,0.39756524101725255
1700021F05Rik,0.01781514769398311,0.01781514769398311,0.31295673907293753
Tnip2,0.03671304851013299,0.03671304851013299,0.03753129881071413
Trak1,0.0017459210010688038,0.0017459210010688038,0.921233585393182
Aifm1,0.09051494862992951,0.09051494862992951,2.7939277678154706e-07
Ydjc,0.06413303250263704,0.06413303250263704,0.00027700703391788295
Mpdu1,0.08827354024822462,0.08827354024822462,5.46753620548756e-07
Lrmp,0.03406633939785567,0.03406633939785567,0.05361919442630192
Ripk2,0.018266689635808266,0.018266689635808266,0.3008480243497009
Ddx23,0.07854555822218492,0.07854555822218492,8.377759271785428e-06
Trim3,0.04074035987156783,0.04074035987156783,0.02098355483882107
Pex3,0.030970949411315212,0.030970949411315212,0.07935270654145096
Hist1h4i,0.015565063765065574,0.015565063765065574,0.37800527254870636
Rbbp5,0.027126184459179678,0.027126184459179678,0.12439897810912295
Hmbs,0.004833855786293026,0.004833855786293026,0.7842644290059113
Slc25a14,0.061145078136507755,0.061145078136507755,0.0005279050541800834
Pbx2,-0.026190106287543317,0.026190106287543317,0.13793477710456853
Cwf19l1,0.010793475532817367,0.010793475532817367,0.5409982887349499
Hmgcs1,0.010788888881713475,0.010788888881713475,0.5411702557612363
Arap3,-0.0955951454808801,0.0955951454808801,5.748839173095229e-08
Pxk,0.030780945842662978,0.030780945842662978,0.08121390799263768
Nup35,0.04368216902238628,0.04368216902238628,0.013319436191075068
Pds5b,0.013670499370201636,0.013670499370201636,0.43877580519756754
Dcaf5,-0.013487161523333437,0.013487161523333437,0.4449403226990024
Cds1,0.007562131044473142,0.007562131044473142,0.6684430072056632
Sdpr,-0.05104674191256294,0.05104674191256294,0.0038169329416646294
Tspan17,0.017062443990700584,0.017062443990700584,0.33384488102989673
Akirin2,0.07377154388218855,0.07377154388218855,2.8675492721794476e-05
2400003C14Rik,0.048507013603460034,0.048507013603460034,0.005981334609808879
Gca,-0.013652773971076426,0.013652773971076426,0.4393696502458362
Zdhhc4,0.01972253731792027,0.01972253731792027,0.2639556277119799
Map3k7,-0.02427783890249188,0.02427783890249188,0.16907778177256694
Coq4,0.022843131002529347,0.022843131002529347,0.1957051918717178
Ube4a,0.01436738815013955,0.01436738815013955,0.41579615797487113
Whsc1,0.011331181969375142,0.011331181969375142,0.5210291727412214
Skiv2l,0.04881073372191007,0.04881073372191007,0.0056742511747189086
Afg3l1,0.04915405190842551,0.04915405190842551,0.00534430255274645
Lsm12,0.06051128121578741,0.06051128121578741,0.0006031643561920731
Mier3,-0.04780248809015429,0.04780248809015429,0.006752038269869505
Mlx,0.033237400913893045,0.033237400913893045,0.059712077346512085
Klhdc2,-0.00716731012324927,0.00716731012324927,0.6847981822755496
Ppm1h,-0.049964435213615765,0.049964435213615765,0.004633109380018236
H2-T24,0.05878291215298209,0.05878291215298209,0.0008621199202497582
Emp2,-0.13754234821327285,0.13754234821327285,5.000178615119392e-15
A630007B06Rik,0.11353480027655449,0.11353480027655449,1.1119691834304467e-10
Srek1,0.07824289626001493,0.07824289626001493,9.076691916369854e-06
Atxn2,0.0049004050423788695,0.0049004050423788695,0.781369255934048
Nfxl1,0.002319624267510624,0.002319624267510624,0.8954813362135029
Mysm1,0.03472264233218054,0.03472264233218054,0.04917135129645483
Gm15800,-0.0190415618214134,0.0190415618214134,0.28080500343345755
Znhit2-ps,0.008570079880094662,0.008570079880094662,0.627411332776288
Mbnl2,-0.019269725068106945,0.019269725068106945,0.27508008172524606
Ptbp2,-0.017525357608731567,0.017525357608731567,0.32089455647959914
Cnnm4,-0.028632911464045507,0.028632911464045507,0.10481371082902792
Thumpd1,0.06503944030768544,0.06503944030768544,0.00022655720875938828
Nsun4,0.04491048379231916,0.04491048379231916,0.010934659976666818
Srrm2,0.17549589000644567,0.17549589000644567,1.2832865207626348e-23
Tbrg1,0.03515196940971014,0.03515196940971014,0.046432533620874364
Rhobtb2,0.004769785089539869,0.004769785089539869,0.7870545974256309
1700026L06Rik,0.038332684249082004,0.038332684249082004,0.029873628161808424
Usp7,-0.026147910607824322,0.026147910607824322,0.1385706588524677
Dph3,0.04581582382933852,0.04581582382933852,0.009427954869004506
Pibf1,0.035500099974750565,0.035500099974750565,0.04430699717502244
Prcp,0.04769211146828766,0.04769211146828766,0.0068805527890541335
AI848100,0.04727650469680342,0.04727650469680342,0.007384391223128114
Sec16a,0.011034946776657782,0.011034946776657782,0.531983542049586
Eef1b2,-0.07569833811625053,0.07569833811625053,1.7602039666476225e-05
Ifitm1,-0.018752932330437115,0.018752932330437115,0.2881622024438023
Foxj2,-0.020648564739698318,0.020648564739698318,0.24218133581901322
Irf2bp2,-0.05625395093473389,0.05625395093473389,0.0014303484242227265
Bcs1l,0.019707211551239393,0.019707211551239393,0.2643269975884275
Itgb1,0.10427679589825432,0.10427679589825432,3.1835003273444794e-09
Skiv2l2,0.03625992278076061,0.03625992278076061,0.039951617092574325
Mrs2,0.029520775224802218,0.029520775224802218,0.09447158542660916
Dhx34,0.049170230233395756,0.049170230233395756,0.005329190406890922
Esrra,0.00037098104217565207,0.00037098104217565207,0.9832373307040633
1810044D09Rik,0.007053242591496807,0.007053242591496807,0.6895514045343836
Cxx1a,-0.02749272098934341,0.02749272098934341,0.11939002611284187
Hadha,0.10507313728655059,0.10507313728655059,2.411824884352524e-09
Pusl1,0.03995166384545336,0.03995166384545336,0.02360131447871528
Tfec,0.03588173581727798,0.03588173581727798,0.04207178955946931
Abca9,-0.0018699134169157415,0.0018699134169157415,0.9156599039663399
Nupl2,0.016381220064159093,0.016381220064159093,0.353506501770183
Recql5,0.02127718512088131,0.02127718512088131,0.22813943893742827
4930455C21Rik,0.01567604569756727,0.01567604569756727,0.3746138092433084
Rhov,0.03116972929167152,0.03116972929167152,0.07744279490290548
Slc11a2,0.03183783794745102,0.03183783794745102,0.07129613318522324
Dnajc13,0.03633640643731483,0.03633640643731483,0.03953403726227051
Ywhab,-0.0032949014803224236,0.0032949014803224236,0.8519691093489536
Iws1,0.03165134657518259,0.03165134657518259,0.07297024712254879
Atpbd4,0.010983446048380892,0.010983446048380892,0.533899798320273
Prkag2,0.03017500179090922,0.03017500179090922,0.08738719827915581
Bdp1,0.03207553946915626,0.03207553946915626,0.06920805980621304
2510002D24Rik,-0.010182082618508328,0.010182082618508328,0.5641589478430716
Gcc1,-0.016204440229928264,0.016204440229928264,0.35872598512258635
D030016E14Rik,0.034908268906957744,0.034908268906957744,0.04797098492178275
Alkbh6,0.01640194212290396,0.01640194212290396,0.3528978338974588
Dgcr8,-0.024281173519645132,0.024281173519645132,0.1690192276272457
Hmgcr,0.008454212488091745,0.008454212488091745,0.6320729839764153
Dyrk1b,-0.009393120141752809,0.009393120141752809,0.5947334953165537
Herc6,0.07338629864791528,0.07338629864791528,3.157067823419138e-05
Dcaf4,0.026008985960880828,0.026008985960880828,0.14068018589275333
Atxn1,-0.00025565180083189404,0.00025565180083189404,0.9884480024976929
5730494N06Rik,0.05049228255357358,0.05049228255357358,0.004217142884457296
Mrps12,0.04703810927346041,0.04703810927346041,0.007688100248894322
Zfp120,0.05266616933316341,0.05266616933316341,0.0028375524801867815
Senp5,0.01810974990883607,0.01810974990883607,0.30502071321588325
Tmem176b,0.1525977196492109,0.1525977196492109,3.520667633467965e-18
Ikbke,0.15245420012341002,0.15245420012341002,3.7865870544582466e-18
Kif3b,-0.0006059815040605215,0.0006059815040605215,0.9726222623705869
Gimap6,0.0037615459219559905,0.0037615459219559905,0.8312995563965374
Zkscan17,-0.011154984850302288,0.011154984850302288,0.527530684382291
Mfap1b,0.054805321842216356,0.054805321842216356,0.0018949389865353977
Gm16062,0.04825051084546292,0.04825051084546292,0.006252248940281997
Khsrp,-0.008566122985106504,0.008566122985106504,0.6275702856056568
4931406P16Rik,0.0036745433103179907,0.0036745433103179907,0.8351448666868058
Chchd8,0.08312862912819953,0.08312862912819953,2.403644387671575e-06
Lsm14b,0.008748333807011274,0.008748333807011274,0.620268693504046
Zbtb38,0.045649872909773404,0.045649872909773404,0.009689438180847765
Mki67ip,0.052738468678700176,0.052738468678700176,0.0027997236946631105
Ndufa2,-0.11932505528060572,0.11932505528060572,1.183645813296643e-11
Cenpq,0.07722113706354211,0.07722113706354211,1.187096106856431e-05
Zscan29,-0.009498790729498786,0.009498790729498786,0.5905948576325992
Fam195a,-0.037230752373823214,0.037230752373823214,0.03491979117584323
Zfp593,0.013596253990645294,0.013596253990645294,0.4412662878722472
Decr2,0.04732187964785819,0.04732187964785819,0.007327818714688405
Ell2,-0.027639478701876503,0.027639478701876503,0.11742933390478567
Atat1,-0.014282866855012075,0.014282866855012075,0.41854476949613084
Mdc1,0.029253916880404497,0.029253916880404497,0.09749031777486908
Zc3h12d,0.015386311970301957,0.015386311970301957,0.383507288805816
Arhgap17,0.030126883606703216,0.030126883606703216,0.08789321816960996
Pstk,0.020680909055867117,0.020680909055867117,0.24144433197701326
Zfp748,-0.0388921453398093,0.0388921453398093,0.027560771323901626
Mettl16,0.045078045784828394,0.045078045784828394,0.010640633680007493
Ppp3cb,0.041487171327823716,0.041487171327823716,0.01874168693918071
Prkab1,-0.013153176653351485,0.013153176653351485,0.45629608859158977
2610507I01Rik,0.019113191440845466,0.019113191440845466,0.2789990772214466
Bnip1,0.05616638063781984,0.05616638063781984,0.001455138765352717
Dpf2,-0.0011870369935687442,0.0011870369935687442,0.9464004966173307
Fabp7,-0.025289614165837925,0.025289614165837925,0.15200043077867673
Syk,-0.021095128957631576,0.021095128957631576,0.23214514880099646
Clec2i,0.11699254568527681,0.11699254568527681,2.957099604200965e-11
Syvn1,0.002151875824481467,0.002151875824481467,0.9030010342108737
Slc37a3,0.005122712517073511,0.005122712517073511,0.771720091834343
Rictor,-0.02602249621283915,0.02602249621283915,0.1404739597801648
Ssh3,0.0065330350700389585,0.0065330350700389585,0.7113817065498367
BC005537,0.037110761675737465,0.037110761675737465,0.035510848072146016
Gm13212,0.06057603996715336,0.06057603996715336,0.0005950400583074499
Rnf40,0.013733825673240206,0.013733825673240206,0.4366579853929144
Tmco6,0.017678765178027685,0.017678765178027685,0.3166762380471529
Ptgfrn,0.023800022182537357,0.023800022182537357,0.17762611665522263
Vps37b,0.037463357037512725,0.037463357037512725,0.03379790291164089
Dkc1,0.04324835988503482,0.04324835988503482,0.01426545804802414
E330033B04Rik,-0.02451979988664374,0.02451979988664374,0.16486843850370866
Lrig2,0.008383347148136851,0.008383347148136851,0.6349313205562692
Nlrc4,0.003925601284807765,0.003925601284807765,0.8240597384556584
Cenpm,0.08678956603500584,0.08678956603500584,8.453155221301628e-07
Pde4a,0.04042030905491564,0.04042030905491564,0.022013677157193223
Gcap14,-0.011329838577277367,0.011329838577277367,0.5210785862053219
Mthfd2,0.09824831668495163,0.09824831668495163,2.4361876789932114e-08
Vti1a,-0.006934182258113063,0.006934182258113063,0.694525770002982
Oxsm,0.0030604800429617123,0.0030604800429617123,0.8623919915880829
Gpr160,0.030444554577590013,0.030444554577590013,0.08459582158524295
Klf11,-0.09437740270205089,0.09437740270205089,8.461270040507278e-08
Ccdc84,0.04782744669335817,0.04782744669335817,0.006723278921884567
2310022A10Rik,0.09187941295777792,0.09187941295777792,1.8420988524916963e-07
Atl2,0.030049443166511855,0.030049443166511855,0.0887125536022238
Poc1b,0.012159226447265426,0.012159226447265426,0.49103677732084355
Wiz,-0.005806275623591077,0.005806275623591077,0.7422766249734842
Rbm6,0.039447535928553885,0.039447535928553885,0.025419121047828574
Akap9,0.04930962283180753,0.04930962283180753,0.005200573446724986
Coq10a,0.0405908062951744,0.0405908062951744,0.021459565862502014
Adamts10,0.008324580222419466,0.008324580222419466,0.6373058055483986
Mmd,0.017656626338001417,0.017656626338001417,0.3172827444126822
Fancg,0.056612603254487436,0.056612603254487436,0.001332824214348489
Gosr1,0.020785211591331967,0.020785211591331967,0.23907842900373164
Zfp414,0.000497701134266991,0.000497701134266991,0.9775128432129231
4933426M11Rik,0.09269615412344498,0.09269615412344498,1.4315080564216412e-07
Zfp182,0.007612939689884269,0.007612939689884269,0.666349470814141
Ms4a6b,0.16261933136233797,0.16261933136233797,1.8321720212928407e-20
Fchsd2,0.03659062487871658,0.03659062487871658,0.03817258580213817
Tysnd1,0.052954824432701324,0.052954824432701324,0.002689254570213885
Armc7,-0.012263938145829144,0.012263938145829144,0.4873111865976975
Pitpnc1,-0.0072192876959339455,0.0072192876959339455,0.6826363807855054
Arfgap1,0.021884029050816385,0.021884029050816385,0.21514338732552432
Zfp932,0.015625262330696856,0.015625262330696856,0.37616334294435666
Patz1,-0.005767185407039722,0.005767185407039722,0.743950714753168
2410016O06Rik,0.020664534170025013,0.020664534170025013,0.2418172558274846
Pygb,0.024157897898367593,0.024157897898367593,0.17119400929965428
Sf3a1,0.053662014268542294,0.053662014268542294,0.002355366603675544
Thap3,0.06435525848816541,0.06435525848816541,0.0002637458791622642
Frat1,-0.06286481189082074,0.06286481189082074,0.00036543953257786013
Csnk1g2,-0.01693607311517812,0.01693607311517812,0.33743794126027027
1110054O05Rik,-0.014242359094162164,0.014242359094162164,0.41986585213905425
Ppm1d,0.06005588841384407,0.06005588841384407,0.000663275750688707
Otud4,0.015292990997519124,0.015292990997519124,0.38639910098178465
Stxbp6,-0.07651329678066071,0.07651329678066071,1.4269205371932515e-05
Usp37,0.02796200904856175,0.02796200904856175,0.11320911554691425
Pigk,0.05869419378068988,0.05869419378068988,0.0008778574449090945
Ppil1,0.06208609912685386,0.06208609912685386,0.0004321505178809229
Gtpbp3,0.055498390518553264,0.055498390518553264,0.0016576671227605457
Cfb,0.24203620036340204,0.24203620036340204,5.131460675601455e-44
Wnt6,0.06914457223743786,0.06914457223743786,8.82988897450836e-05
Cerk,0.007941348741629231,0.007941348741629231,0.652880797311568
Crot,0.06598047412328399,0.06598047412328399,0.00018338631161759282
Hyal2,0.00149970292692299,0.00149970292692299,0.9323127355782868
Mthfd1,0.01746054374296592,0.01746054374296592,0.3226877499225709
Cxx1b,-0.022817940324553976,0.022817940324553976,0.19619870593647107
Ap1ar,0.007872410053248192,0.007872410053248192,0.6556989265505937
Ticam1,0.032363896415968055,0.032363896415968055,0.06674267749022371
Mga,0.0006543566622664898,0.0006543566622664898,0.9704376761020002
Smarcd1,0.03107916678228645,0.03107916678228645,0.07830824175978328
Ndufs1,0.04565932798782804,0.04565932798782804,0.009674368328991207
Bcam,0.008882354647094377,0.008882354647094377,0.6149219055934774
Nrg1,0.03541050867088726,0.03541050867088726,0.044846004458833445
Fam102a,-0.03360628781426859,0.03360628781426859,0.05693324542349295
Rab3gap2,0.0013191312178857282,0.0013191312178857282,0.9404464384751141
Camp,0.06602596285037182,0.06602596285037182,0.00018150927215945017
Spty2d1,0.035237820604300626,0.035237820604300626,0.04590054888538512
Hmgn1,-0.006873794440298605,0.006873794440298605,0.6970538370515795
Nmd3,0.04969558084070049,0.04969558084070049,0.0048589485677456214
Amotl2,-0.031951531640480375,0.031951531640480375,0.0702910467996751
Cml1,0.01385863194642691,0.01385863194642691,0.43250136933136796
Tmem42,-0.0004906963193726929,0.0004906963193726929,0.977829253087708
Man2b2,0.02799189782492122,0.02799189782492122,0.11282415527905472
Kdm5c,-0.02829179003697351,0.02829179003697351,0.10901846160853883
Psme4,0.061790016644870105,0.061790016644870105,0.0004603739212248837
Kat2b,-0.007043436094455273,0.007043436094455273,0.6899606191556883
Elp3,0.04361422182072202,0.04361422182072202,0.013463848724041912
Smad4,-0.032058359016519926,0.032058359016519926,0.06935727788368545
Npepl1,-0.009916347594429145,0.009916347594429145,0.5743721407854014
Slc35a5,0.043230612289794225,0.043230612289794225,0.014305391852940214
B4galt4,0.04115987912848266,0.04115987912848266,0.01969703242760178
Arhgap11a,-0.004816380854974461,0.004816380854974461,0.7850251589424173
Mlkl,0.052109371632133084,0.052109371632133084,0.0031448792760020465
Tubb2a,0.06507318328346365,0.06507318328346365,0.00022485692705881866
Crtc2,-0.0302375927007665,0.0302375927007665,0.08673249919668004
Nt5dc1,0.022814246625006276,0.022814246625006276,0.19627114626365802
Abhd5,0.061660440574938614,0.061660440574938614,0.00047325842303689154
Ankrd50,-0.029948608915254055,0.029948608915254055,0.08978860877065267
Oasl1,0.011621097955778594,0.011621097955778594,0.5104220074776658
Rufy3,0.03741912399456616,0.03741912399456616,0.03400884185403118
Klraq1,0.021099960507151995,0.021099960507151995,0.23203820162378105
Wrap53,0.03170884247529997,0.03170884247529997,0.07245071811301448
Rapgef6,0.016180368347359864,0.016180368347359864,0.3594404434192374
Fech,0.03707036935311755,0.03707036935311755,0.03571172474965236
Arfip1,0.03182986479739919,0.03182986479739919,0.07136705779450064
Gm17745,0.009613227493864776,0.009613227493864776,0.5861278902205221
Dcaf11,0.08588592227117882,0.08588592227117882,1.0983954248862153e-06
Ano10,0.021546309359100388,0.021546309359100388,0.22230854679286538
Ngp,0.049683161379402804,0.049683161379402804,0.004869617564974919
Ap1g2,0.017492996855964657,0.017492996855964657,0.3217890605332111
Basp1,-0.0476859716470774,0.0476859716470774,0.006887765622203954
Mettl6,0.050032951456557194,0.050032951456557194,0.004577095489644095
D5Ertd579e,-0.012774958132814098,0.012774958132814098,0.469350238925326
Akr1b10,0.0636969437963783,0.0636969437963783,0.00030486499815845266
D17Wsu92e,0.00013512878388229597,0.00013512878388229597,0.9938938562020015
Pdcd10,0.08834143671866239,0.08834143671866239,5.358722079403915e-07
Zfpl1,0.03406455756566388,0.03406455756566388,0.05363171264609194
Tmem39b,0.049291797070557655,0.049291797070557655,0.005216863372000294
Cog4,0.03185009605861739,0.03185009605861739,0.07118720464291237
Krit1,-0.032188347527527264,0.032188347527527264,0.06823481788323053
Cbr1,0.026129429457637857,0.026129429457637857,0.1388498764626233
Orc4,0.0554245119422917,0.0554245119422917,0.0016815910353485247
Zfp871,-0.07184888514742918,0.07184888514742918,4.613049917375305e-05
Lin7c,-0.0162750425525339,0.0162750425525339,0.35663564624186056
Mgst2,0.015679196318350155,0.015679196318350155,0.374517805667694
Creld1,0.06380812139549706,0.06380812139549706,0.0002975238506040109
Insig1,-0.042211048468139,0.042211048468139,0.016771456525537597
Cd274,0.1120298169917498,0.1120298169917498,1.9550537178244687e-10
Nop58,0.06677334694545874,0.06677334694545874,0.00015314063308155096
Wdr53,0.05372953047871444,0.05372953047871444,0.0023255608347427597
Smpd1,0.029436069414940574,0.029436069414940574,0.0954215662355925
Ankrd27,-0.014055250338289279,0.014055250338289279,0.42599975178492283
Sars2,0.05009601419637829,0.05009601419637829,0.004526082561210463
Adck1,0.02912800143161284,0.02912800143161284,0.09894120209848521
Ttyh3,-0.08866043150444307,0.08866043150444307,4.874816077529279e-07
B430306N03Rik,-0.004480888708978567,0.004480888708978567,0.7996690108458845
Arid3a,-0.03696183256111368,0.03696183256111368,0.03625629845136286
Dbi,-0.09196301659929147,0.09196301659929147,1.795332056020742e-07
Cdc42bpb,-0.03764207389510682,0.03764207389510682,0.03295698532294845
Ncbp2,0.06545052515361913,0.06545052515361913,0.00020664105860238282
Cd37,-0.05262970529745377,0.05262970529745377,0.0028568077910033646
Fhl1,-0.07606270741331657,0.07606270741331657,1.6029331289987974e-05
Rad17,0.07267521997131263,0.07267521997131263,3.765822606919758e-05
Ncoa7,0.01131925276056528,0.01131925276056528,0.5214680445045629
Mbd1,0.033359401218758286,0.033359401218758286,0.05878085807896965
Gatad2b,0.07081578452482065,0.07081578452482065,5.927476167078062e-05
Slain2,0.004971201396270702,0.004971201396270702,0.7782926383749402
Spast,0.025440775391946797,0.025440775391946797,0.14956594371667523
Zfp26,-0.02424724499896847,0.02424724499896847,0.16961570491659808
Rgmb,0.05688230009596642,0.05688230009596642,0.00126356929049401
Aarsd1,0.08949374396829687,0.08949374396829687,3.801204675015836e-07
Aph1c,0.12714720527899598,0.12714720527899598,4.818651650504727e-13
Zfp758,0.010808838445214531,0.010808838445214531,0.5404224868750039
Acbd3,0.046477442505517046,0.046477442505517046,0.008446911729932087
Chchd10,0.01570953556285609,0.01570953556285609,0.3735941072059026
E4f1,0.037354675654150314,0.037354675654150314,0.03431819667541286
Bckdk,0.006923156901189663,0.006923156901189663,0.6949870816215075
Kctd5,0.040662157278430186,0.040662157278430186,0.021231304512744405
Ankrd49,0.006063788321289482,0.006063788321289482,0.7312790800541704
Pcnt,0.05973966326143904,0.05973966326143904,0.0007082429550856765
Arnt,-0.009901881982220334,0.009901881982220334,0.5749306098653689
Spr,0.05619916591002861,0.05619916591002861,0.0014458115698625118
Inpp5f,-0.010484375712204001,0.010484375712204001,0.5526480355366863
Phxr4,0.036962201701162795,0.036962201701162795,0.036254434400545904
Clpx,0.03252836141742255,0.03252836141742255,0.06536921613494927
Eri3,0.03624149059871176,0.03624149059871176,0.04005280921083308
Actg1,-0.2392474883204528,0.2392474883204528,5.100990526943779e-43
Anapc4,0.06940897166692563,0.06940897166692563,8.295113451046406e-05
Mdm1,-0.01137641779557499,0.01137641779557499,0.5193666900719925
Zfp945,0.08964998794181353,0.08964998794181353,3.6270850391108724e-07
Cab39l,0.07144904177753082,0.07144904177753082,5.085104519664264e-05
Socs6,0.015283359234041298,0.015283359234041298,0.38669832373102053
2310035C23Rik,0.002080390870734775,0.002080390870734775,0.9062081914760988
Myst3,0.04124102608158823,0.04124102608158823,0.01945628949808394
Smcr7l,0.002109836272037688,0.002109836272037688,0.9048869415948088
Smad6,0.05214964524311793,0.05214964524311793,0.003121671875383639
Praf2,0.03487808599205827,0.03487808599205827,0.04816447239159983
5830416P10Rik,-0.00462802304095251,0.00462802304095251,0.7932377620586515
Ccny,0.013906777267974691,0.013906777267974691,0.4309040518782186
Ptgir,0.016982831671672714,0.016982831671672714,0.33610558614826214
Wbp7,0.001953239431158847,0.001953239431158847,0.9119165603385838
2310040G24Rik,0.008938704377127599,0.008938704377127599,0.6126798911819898
Tmed1,0.05353215500551732,0.05353215500551732,0.002413679390628186
Usp24,-0.004817411994250508,0.004817411994250508,0.7849802650184947
Rhoh,0.02878242627544622,0.02878242627544622,0.10301179251302973
Slc4a1ap,0.05211105002669686,0.05211105002669686,0.0031439089816864977
Atp10d,0.03756298139422391,0.03756298139422391,0.03332690552954318
1300001I01Rik,-0.0241076950335708,0.0241076950335708,0.17208564573685575
Dhx30,0.025838488525924547,0.025838488525924547,0.14330276741630102
Polm,-0.015686453192520752,0.015686453192520752,0.374296736981961
Rufy1,0.042870379600414996,0.042870379600414996,0.015137530862046356
Lsm5,-0.0012785811605244225,0.0012785811605244225,0.9422738666183561
Zhx1,0.05368359499500415,0.05368359499500415,0.0023458017550207952
Tmem192,0.013889884831291593,0.013889884831291593,0.4314641024046508
Tollip,0.011767017811692348,0.011767017811692348,0.5051262499330702
Rrm1,0.08003664084623444,0.08003664084623444,5.62159608212528e-06
Gm3258,0.025595838621426024,0.025595838621426024,0.147099627989833
Stk25,0.04621090827242428,0.04621090827242428,0.00883058559103488
Pnpla8,0.05416781517561427,0.05416781517561427,0.002140321805069688
Thap1,0.01839647161732508,0.01839647161732508,0.2974262492752616
Tor1b,0.020431552491202296,0.020431552491202296,0.24716713715121544
Gbf1,0.0446166861500794,0.0446166861500794,0.011467652171392896
Dnajc30,0.016043507149533016,0.016043507149533016,0.3635194753707596
Ctdspl2,0.07386113656547491,0.07386113656547491,2.8039310031928184e-05
Ifngr2,-0.013746811653918134,0.013746811653918134,0.43622442399188843
Plekhm1,-0.02029932240788771,0.02029932240788771,0.25024008502698664
Hnrnph3,0.00959157282658403,0.00959157282658403,0.5869719640718883
Papd5,-0.009377673407732209,0.009377673407732209,0.5953395815146623
Cir1,0.07238960547532186,0.07238960547532186,4.040405733174079e-05
Slc35e1,-0.022490085358113705,0.022490085358113705,0.20270506402427135
1700040I03Rik,0.010765479890699956,0.010765479890699956,0.542048352487302
Rps4y2,-0.06313096739765989,0.06313096739765989,0.0003449382762856556
Manbal,0.013552187532730242,0.013552187532730242,0.44274827015704693
Prpf18,0.06181262858832201,0.06181262858832201,0.0004581592910481493
Mtx1,0.06363430665309931,0.06363430665309931,0.00030907529984958913
Reps1,-0.05124547304529156,0.05124547304529156,0.0036821044935517514
Blzf1,0.041888667066073484,0.041888667066073484,0.017625271290858224
Acot8,0.07525194444044028,0.07525194444044028,1.972945011306637e-05
N6amt1,0.040417731602124786,0.040417731602124786,0.022022148387039274
Ash2l,0.07062222859338033,0.07062222859338033,6.210248667890645e-05
Rapgef2,-0.0003518561021816645,0.0003518561021816645,0.9841013680615326
Fam162a,0.05940450282951284,0.05940450282951284,0.0007589822500124318
Ampd3,-0.02311802001672471,0.02311802001672471,0.19037880855278305
1110004E09Rik,0.035265206190877925,0.035265206190877925,0.0457319349168389
Ilf3,0.06358116542033884,0.06358116542033884,0.00031268991627211927
Bptf,-0.010764549267383352,0.010764549267383352,0.5420832758573493
Hps3,-0.02161204853646364,0.02161204853646364,0.22090058392492457
Serpina3g,0.10103592476413925,0.10103592476413925,9.646277438010857e-09
Fas,0.047615072922959,0.047615072922959,0.006971548035551762
Sgk1,0.13535690266867428,0.13535690266867428,1.3460776100337775e-14
Lxn,0.041145622166931024,0.041145622166931024,0.019739596792074463
Dcaf17,0.026310373728831958,0.026310373728831958,0.13613470077654874
Csrp1,0.004908444509516712,0.004908444509516712,0.7810197093073094
Pdha1,0.030197340038365713,0.030197340038365713,0.08715308495055395
Fbxw2,0.03876372938409048,0.03876372938409048,0.028077539819543938
Sfxn3,-0.0408548456807609,0.0408548456807609,0.020625400713683146
Vkorc1l1,0.0352510899124386,0.0352510899124386,0.04581878406090348
Mrrf,0.06639027570664988,0.06639027570664988,0.00016711460504814174
Acap2,0.006129099499475006,0.006129099499475006,0.7284984976270005
Ccdc69,0.03439065784813395,0.03439065784813395,0.051380972766516146
Nfrkb,0.024206794048620438,0.024206794048620438,0.17032890920225763
5530601H04Rik,0.015059521929736265,0.015059521929736265,0.3936918539828725
Ergic1,-0.027568299035986937,0.027568299035986937,0.11837712049441046
2310003L22Rik,0.06507953688077073,0.06507953688077073,0.0002245381167305929
Mia3,0.03750026370699051,0.03750026370699051,0.033622758773738375
Trappc8,0.005388198224512789,0.005388198224512789,0.7602429868699113
Mll2,-0.07248385025143815,0.07248385025143815,3.9477673116489435e-05
Slc26a2,0.04914484696524839,0.04914484696524839,0.005352918129754136
Foxp4,0.046256344455066205,0.046256344455066205,0.008764099987352968
Snx11,0.009161774003849103,0.009161774003849103,0.6038401822927201
Thap2,-0.023574038072468224,0.023574038072468224,0.181779365118923
Leo1,0.06863828787028431,0.06863828787028431,9.945989723068222e-05
Wdr12,0.05952812440120429,0.05952812440120429,0.0007398870806060613
Ccdc71,-0.02600490900596033,0.02600490900596033,0.14074246391283562
Trim26,0.00854617681337824,0.00854617681337824,0.6283718081921927
Zfp110,-0.010510186947679847,0.010510186947679847,0.5516705406619384
Rnf38,-0.05136608993733359,0.05136608993733359,0.0036023978620258958
Ipo13,0.004906680471579949,0.004906680471579949,0.7810964038286304
Nudt8,0.033641982238004034,0.033641982238004034,0.056670160156953406
Arl1,0.00586273050041116,0.00586273050041116,0.7398610221134814
Helb,0.02248799853150813,0.02248799853150813,0.20274697480856357
Casz1,-0.01664114837731571,0.01664114837731571,0.34591967447367966
Cd79a,0.013250210231303364,0.013250210231303364,0.4529801831796542
Galt,0.05802867930113983,0.05802867930113983,0.00100467555360354
Ifrd2,0.036794518972162064,0.036794518972162064,0.03710963248557572
Park7,0.07772808180481489,0.07772808180481489,1.0395214050057738e-05
Lilra5,0.11678008593483769,0.11678008593483769,3.211446781957625e-11
Commd10,0.05180968229376741,0.05180968229376741,0.0033225711585826196
Wdr13,-0.016772793531176354,0.016772793531176354,0.34211705439826273
Ppp1r8,0.03812884851524119,0.03812884851524119,0.030756802048173
Entpd1,0.01130355628273666,0.01130355628273666,0.5220458024294619
Sertad2,-0.007853127317397592,0.007853127317397592,0.6564880610691173
Rnf126,0.01031495141586674,0.01031495141586674,0.5590852890504394
Stra13,0.05476855257875194,0.05476855257875194,0.0019083581246329925
Stim2,0.0386778986599747,0.0386778986599747,0.02842757346699757
Bin3,0.10688663700048083,0.10688663700048083,1.2719456104455005e-09
Mrpl27,0.08535431640307055,0.08535431640307055,1.2798102892506628e-06
Sell,-0.04686341099947886,0.04686341099947886,0.007917715621406704
Scrib,0.014152314671218658,0.014152314671218658,0.42281123677692073
L1cam,-0.025859400013141458,0.025859400013141458,0.1429791054230109
Naglu,0.07517154558683284,0.07517154558683284,2.013774786626479e-05
Fbxl12,-0.02977803762395141,0.02977803762395141,0.09163275288861018
Tmc8,-0.028640491767011805,0.028640491767011805,0.10472175679611942
Capn1,-0.0024210420551348394,0.0024210420551348394,0.8909395624981349
Cuta,0.027745025671978268,0.027745025671978268,0.11603490399148306
Tmem33,0.12418049402312126,0.12418049402312126,1.6616767549342757e-12
Ptplb,0.08581621858012561,0.08581621858012561,1.1206899122403278e-06
Nsmce2,0.11886181222862455,0.11886181222862455,1.4217142625120209e-11
Arfgap3,0.02360567903112458,0.02360567903112458,0.18119355440282134
Jmjd8,0.032135597899337176,0.032135597899337176,0.06868850167305904
Smarca4,0.08006774329615263,0.08006774329615263,5.574592230667705e-06
Akna,-0.06287972451327857,0.06287972451327857,0.000364261377885318
Zfp740,-0.04657996210839297,0.04657996210839297,0.008303349922336447
Wdr5,0.030550880710248016,0.030550880710248016,0.08351477501509769
Casp9,-0.02424511441098702,0.02424511441098702,0.16965321410341447
Gm2848,0.040737292069999764,0.040737292069999764,0.02099322612410645
Pigv,0.021268513299703664,0.021268513299703664,0.22832911822003318
Ppdpf,-0.04814279109429898,0.04814279109429898,0.006369276261541885
Safb2,-0.004762348743895887,0.004762348743895887,0.7873786152592158
Terf1,0.06300360890486201,0.06300360890486201,0.0003546103720406007
Gng11,-0.02646286855321897,0.02646286855321897,0.1338783972063966
Gabpa,0.026808546182429897,0.026808546182429897,0.1288709088181359
Zfp410,0.06893031840878984,0.06893031840878984,9.286950626749737e-05
Cnot7,-0.020647682409968667,0.020647682409968667,0.24220146289505473
Tmem29,0.04618357561527281,0.04618357561527281,0.00887079738596056
Obfc2a,-0.04843506442592362,0.04843506442592362,0.006056238864695335
Dcakd,0.01911292144612807,0.01911292144612807,0.27900586947052164
Nob1,0.06154790219031118,0.06154790219031118,0.00048472078869247153
Pld1,0.03717761678548695,0.03717761678548695,0.03518048556848206
Phlda1,-0.05211563354831518,0.05211563354831518,0.0031412605978949036
Satb1,-0.0667193522808516,0.0667193522808516,0.00015504144629182042
Atp11b,-0.0025259589892242577,0.0025259589892242577,0.886244849873898
Hmgn3,0.030021470808217966,0.030021470808217966,0.08901001494251043
Fam117a,-0.017854307853166475,0.017854307853166475,0.3118940766853466
Eng,-0.008706588376365943,0.008706588376365943,0.6219382597621826
Taf15,0.06904419962309592,0.06904419962309592,9.041300966084458e-05
Rnf146,0.04781294819253093,0.04781294819253093,0.006739971856661741
Tcf4,0.0495937978667455,0.0495937978667455,0.0049470124118356235
Gigyf1,-0.043651562817048094,0.043651562817048094,0.013384315262061412
Trit1,0.011814471129890765,0.011814471129890765,0.5034103185673304
Nfkbid,-0.10415702354115158,0.10415702354115158,3.3186410300486108e-09
Ubqln2,0.004233910988778299,0.004233910988778299,0.810494798758728
Ide,0.03190998075972655,0.03190998075972655,0.07065701332509843
Flad1,0.08408187445675751,0.08408187445675751,1.8385238254695415e-06
2210020M01Rik,-0.022736137330023422,0.022736137330023422,0.1978076041318564
Igf2bp3,-0.03996777377576641,0.03996777377576641,0.023545133091727767
F630028O10Rik,-0.1423807414658691,0.1423807414658691,5.273354097215927e-16
Wipf2,-0.01605210062517449,0.01605210062517449,0.3632625055906766
Trim30d,-0.022837131904675536,0.022837131904675536,0.19582263844391942
Glo1,0.06450948720825703,0.06450948720825703,0.0002548946858379553
Mapkapk3,0.08359026939186508,0.08359026939186508,2.111810943933959e-06
Tns4,-0.006693291876632107,0.006693291876632107,0.7046303428255991
C2cd3,0.0006381504581256052,0.0006381504581256052,0.9711695123794705
Med21,0.07436559167089278,0.07436559167089278,2.4700323509845544e-05
Sec31a,0.03220420834957342,0.03220420834957342,0.06809888623339695
Qars,0.06880409693928054,0.06880409693928054,9.566575722393717e-05
Wdr44,0.019107030562590433,0.019107030562590433,0.2791540942365879
Ifnar2,0.04713736427856772,0.04713736427856772,0.007560318113774402
Birc6,-0.00883171284496597,0.00883171284496597,0.616939888561429
Nek7,0.03884770585074553,0.03884770585074553,0.027738668164129114
Spata6,0.03874828514941841,0.03874828514941841,0.028140248945474476
Gnl1,0.001879541790989877,0.001879541790989877,0.9152272610812912
1810020D17Rik,0.04691646582041609,0.04691646582041609,0.007847342045011897
Ralgapa1,-0.013187841293479554,0.013187841293479554,0.4551099385472124
Mfn1,0.019883594841971733,0.019883594841971733,0.26007467237046855
Fig4,0.014856594878506298,0.014856594878506298,0.40009776363976346
H2-M3,0.13230591741818742,0.13230591741818742,5.222809507060342e-14
Oxsr1,0.030702964264648466,0.030702964264648466,0.08198796573600672
Ing1,-0.026368145176547075,0.026368145176547075,0.135276490053781
Plcb1,-0.004694689775043729,0.004694689775043729,0.7903283479993471
Klhl36,0.04956004039966432,0.04956004039966432,0.004976536837510491
Dexi,0.03416764765372118,0.03416764765372118,0.05291145610504834
Scaf4,-0.008314026648651007,0.008314026648651007,0.637732619399006
2210411K11Rik,-0.022801402757999675,0.022801402757999675,0.19652319087349615
Dcaf8,0.05040772782127783,0.05040772782127783,0.004281411838134959
Ly86,0.04986667927197575,0.04986667927197575,0.004714101833860006
Mcm5,0.0830075490293752,0.0830075490293752,2.4863716850154326e-06
Parp6,0.03027587435733837,0.03027587435733837,0.08633402888378607
Nln,0.01959680524469049,0.01959680524469049,0.26701297339906394
Heatr5a,-0.022509014454093312,0.022509014454093312,0.2023251896180209
Ptpn22,0.0298268044840591,0.0298268044840591,0.09110242700815678
Tsc22d2,-0.028118940534699426,0.028118940534699426,0.11119937120969298
Mthfr,0.007177775056803209,0.007177775056803209,0.6843627265398206
Zfp329,-0.005866486200061791,0.005866486200061791,0.7397004131111785
Ttc33,0.08799859166445524,0.08799859166445524,5.930355465190016e-07
Snx21,-0.026955280255543362,0.026955280255543362,0.12678980931444184
Sh3bp1,-0.03160444091697554,0.03160444091697554,0.07339633677586688
Wdr45,0.049624857572041714,0.049624857572041714,0.004919987423989621
Lepr,0.013037352416994864,0.013037352416994864,0.46027192203606243
2810046L04Rik,0.006193705200537308,0.006193705200537308,0.7257514590741984
Xpo1,0.026940668543243184,0.026940668543243184,0.12699586467620835
Snx8,0.04347118094721197,0.04347118094721197,0.013772390393704582
Mapk8ip3,-0.000280687676859026,0.000280687676859026,0.987316811117033
Rab12,0.02471213256424033,0.02471213256424033,0.16157911263891264
Plekhg2,0.028586687707639707,0.028586687707639707,0.10537582258658418
Gdi1,-0.03190188942582526,0.03190188942582526,0.07072846053012034
Stx17,0.027611383230403363,0.027611383230403363,0.11780272303557957
Ddx55,0.05238410264713906,0.05238410264713906,0.0029896386338177138
Smarcd2,0.04009397019752434,0.04009397019752434,0.023109038274677907
Ints1,0.00020558466441333913,0.00020558466441333913,0.990710244065405
Nucb1,0.11946247828683898,0.11946247828683898,1.1208616232955688e-11
Wdr92,0.04955911354520097,0.04955911354520097,0.004977349710201748
Mprip,-0.04847839071654327,0.04847839071654327,0.006011032571622063
Mrps22,0.07733596677864552,0.07733596677864552,1.152013328848471e-05
Fam98a,0.04899178650006231,0.04899178650006231,0.005498027821635765
Myh9,-0.021488019076831375,0.021488019076831375,0.22356233601198863
Rfx1,-0.019928273076561007,0.019928273076561007,0.25900510428479717
Stx18,0.057616773881731115,0.057616773881731115,0.001091447995186322
Taf6,0.028191354573961977,0.028191354573961977,0.11028154167496691
2410002O22Rik,0.05117643665503224,0.05117643665503224,0.0037284433917814087
Aasdhppt,0.052950999984152265,0.052950999984152265,0.002691172225879961
Hsdl2,0.05432756624022238,0.05432756624022238,0.0020762377507507657
Zfyve20,0.02645429818349221,0.02645429818349221,0.13400443216547708
Ikbip,0.06913250604091946,0.06913250604091946,8.855054558655815e-05
Slc25a13,0.027285674869830613,0.027285674869830613,0.12219966427467148
Actr10,0.11342861115740858,0.11342861115740858,1.1574160545511408e-10
Pigy,-0.00046776437071993193,0.00046776437071993193,0.9788651211478496
Impdh1,-0.0049286744521671744,0.0049286744521671744,0.7801403308512537
Eif2b2,0.16406209015803083,0.16406209015803083,8.353870513389108e-21
Sc5d,0.024202128495427706,0.024202128495427706,0.17041131339599405
Haao,0.026336724134712566,0.026336724134712566,0.13574273857070368
Acox1,-0.0023822967641729635,0.0023822967641729635,0.8926742717036812
Ppa1,0.059405357759650564,0.059405357759650564,0.0007588486370955331
Pros1,0.1452092760416849,0.1452092760416849,1.3650759316915695e-16
Polr1e,0.04196505177552117,0.04196505177552117,0.017419598459094493
Nxn,0.055347178648529546,0.055347178648529546,0.0017069734462743958
Ttc17,0.0027340143310006703,0.0027340143310006703,0.8769469582963303
Elane,0.12562816725684553,0.12562816725684553,9.115522658097522e-13
Rpl7a,-0.13708264059721156,0.13708264059721156,6.166373543297316e-15
Eml4,0.07538087461491413,0.07538087461491413,1.9091096548305223e-05
Sae1,0.08194494273276356,0.08194494273276356,3.3394512736020512e-06
Rsph3a,0.0058088148950155225,0.0058088148950155225,0.7421679193883008
1110008F13Rik,-0.020337399355136936,0.020337399355136936,0.24935247818925016
Tbc1d10b,0.01898981029090767,0.01898981029090767,0.2821146892431652
Mrpl50,0.06667212470385275,0.06667212470385275,0.0001567222092409619
1600012F09Rik,0.028304589378043865,0.028304589378043865,0.1088583214770127
Rnf19a,-0.019270151619305582,0.019270151619305582,0.27506945410863615
Tmc6,0.01116218495439806,0.01116218495439806,0.527264199028459
Atad2,0.009969748646807074,0.009969748646807074,0.5723127299100772
Pgrmc1,0.0656745710288901,0.0656745710288901,0.00019649072928964556
Rai1,-0.02154787444353716,0.02154787444353716,0.22227495227632105
Hipk3,-0.01891324314806318,0.01891324314806318,0.284059972502262
Gm6402,-0.003710465793822201,0.003710465793822201,0.8335566945710293
Got1,0.09569647951008226,0.09569647951008226,5.5656914802670205e-08
Klc4,0.06914868055369822,0.06914868055369822,8.8213359822795e-05
Fam108c,-0.0006240620181681386,0.0006240620181681386,0.971805734855972
Chmp2a,0.08213053398536986,0.08213053398536986,3.172572661549228e-06
Fbxl14,-0.054519604392100025,0.054519604392100025,0.0020015321948793343
Setdb1,0.017434323541826426,0.017434323541826426,0.3234150317912034
Lass2,0.07755442245123705,0.07755442245123705,1.0879835360157184e-05
Zfp869,0.00977328153004808,0.00977328153004808,0.5799066929943321
Hyi,0.04395240166232427,0.04395240166232427,0.01275854858951079
Rasa4,0.026538328248222703,0.026538328248222703,0.13277264760929575
Prps1l3,0.04579452731051059,0.04579452731051059,0.00946115540582178
Leng1,0.05764575078007647,0.05764575078007647,0.0010851241531636899
Crispld2,-0.16317283899757815,0.16317283899757815,1.3566908451084555e-20
Rbms2,-0.003714219650910887,0.003714219650910887,0.8333907715105359
Elac1,0.02398925357538341,0.02398925357538341,0.17420300056809418
Ercc1,0.07014422801503364,0.07014422801503364,6.964253853492378e-05
Eif3l,0.12912484462670096,0.12912484462670096,2.0773588976837221e-13
Ikzf1,-0.11070149189464282,0.11070149189464282,3.197367710216727e-10
Btd,0.049140340079038794,0.049140340079038794,0.005357141022968285
1810031K17Rik,0.01366255433085807,0.01366255433085807,0.439041926794362
Smarcc1,0.046891523817059355,0.046891523817059355,0.007880355841308372
Ppapdc2,0.01675833592581689,0.01675833592581689,0.3425333566449084
Ube2d1,-0.0001327958212064437,0.0001327958212064437,0.9939992751537898
Bmf,-0.016636296597830568,0.016636296597830568,0.3460603323344829
Iars,-0.024568308531120554,0.024568308531120554,0.16403411656438852
Slc25a44,-0.007169953326211216,0.007169953326211216,0.6846881862215881
Hspa4,0.1332579071887736,0.1332579071887736,3.432565446234498e-14
Chsy1,0.018967080889715212,0.018967080889715212,0.2826912131005339
Rnf113a2,0.05714688952224197,0.05714688952224197,0.0011988669086116172
2310061J03Rik,-0.010123591049595777,0.010123591049595777,0.566399479823276
Sumf2,0.04424188383828576,0.04424188383828576,0.012180982079873335
Utp14a,0.10915656889986057,0.10915656889986057,5.624999199818345e-10
Snrnp25,0.09069666648774534,0.09069666648774534,2.6440621223813e-07
Tmem184b,-0.07766078878680414,0.07766078878680414,1.0580507728313679e-05
Mob3c,0.029792114426712018,0.029792114426712018,0.09147941764525744
2700029M09Rik,0.0951087914750808,0.0951087914750808,6.71223779925557e-08
Tmem106a,0.13075765346630294,0.13075765346630294,1.026986523386277e-13
Zfp687,0.013201401287679828,0.013201401287679828,0.45464641712350623
Ccdc93,-0.001633680663513751,0.001633680663513751,0.9262823341550853
Foxo1,0.020283145846911203,0.020283145846911203,0.2506178415042819
Tmem60,-0.004889570756104047,0.004889570756104047,0.7818403878610003
Pskh1,-0.009889321256985054,0.009889321256985054,0.575415745709728
Cope,0.16605949736623613,0.16605949736623613,2.783210143037052e-21
Fbxl8,0.0904405382222568,0.0904405382222568,2.8576329915458403e-07
Foxk2,0.04050942023871368,0.04050942023871368,0.02172253557886009
Uggt1,0.03489174934413291,0.03489174934413291,0.04807680248709776
Gmppa,0.06016425000470201,0.06016425000470201,0.0006484873795772369
Wdr73,0.04311313980054731,0.04311313980054731,0.014572210452676575
Prkar2b,-0.03921675325546425,0.03921675325546425,0.026290910130865965
Gramd4,-0.038305324099413104,0.038305324099413104,0.02999089260810257
Rap1gds1,0.030772669357538397,0.030772669357538397,0.08129577944596614
Abcg3,-0.04513509561648217,0.04513509561648217,0.010542142286065008
Mgea5,-0.0315908297244354,0.0315908297244354,0.07352036052602663
3110040N11Rik,0.033718509191060286,0.033718509191060286,0.056109526458390194
Gmfb,-0.019235051116525348,0.019235051116525348,0.2759449279722745
Pcyt2,0.014085479023852703,0.014085479023852703,0.425005253990691
Baiap2,0.026508586114851067,0.026508586114851067,0.13320762742993777
Map3k5,-0.08832658197845997,0.08832658197845997,5.382349153227138e-07
Hdc,-0.21639361198392865,0.21639361198392865,2.5285927215219916e-35
1700017B05Rik,-0.04980967966498546,0.04980967966498546,0.004761916117839423
Gm20257,0.0154932526486535,0.0154932526486535,0.3802097673422186
Tmem150b,0.02062602210635512,0.02062602210635512,0.24269593115276564
Slc7a6os,0.02304642094162867,0.02304642094162867,0.19175575916907492
Lipo1,-0.023892697595576738,0.023892697595576738,0.1759434536742405
Cwc22,0.06470383690931793,0.06470383690931793,0.00024413726409186948
Tm9sf4,0.030222549191268776,0.030222549191268776,0.08688949138564384
Rreb1,-0.035917498303750614,0.035917498303750614,0.041867307251583726
Cradd,0.06141251034887592,0.06141251034887592,0.0004988537264724641
Gm4013,-0.01602952995292866,0.01602952995292866,0.3639376767035689
Rpgrip1,-0.061858405501492755,0.061858405501492755,0.00045370625336906256
1100001G20Rik,0.00998122803275896,0.00998122803275896,0.5718704857914929
Mcm3,0.04102022261896117,0.04102022261896117,0.020117450415714
1500010J02Rik,-0.06663117168582304,0.06663117168582304,0.00015819353078087693
Luzp1,-0.006792243338859399,0.006792243338859399,0.7004732194491627
St3gal2,-0.032993761723783585,0.032993761723783585,0.06160837619908028
Ube2j1,-0.00639164448462331,0.00639164448462331,0.7173571311580297
Sdad1,0.05360161984575615,0.05360161984575615,0.0023823241974351246
Prr12,-0.00729292310411107,0.00729292310411107,0.679578260504711
Gsn,0.04687404624082367,0.04687404624082367,0.00790356359503406
Npc1,0.004812708192142872,0.004812708192142872,0.7851850657916875
Zfp608,0.06036765271398087,0.06036765271398087,0.0006215528538483849
Fars2,0.07257115878730655,0.07257115878730655,3.8637478641860775e-05
Ahr,0.003571562048448079,0.003571562048448079,0.8397014846740584
Tmem41b,0.020970644570585333,0.020970644570585333,0.2349126984395177
Pja2,-0.003054848086808974,0.003054848086808974,0.8626427028729983
Gm561,0.03803739475303526,0.03803739475303526,0.03116027628888858
Zcchc8,0.0057003324998892504,0.0057003324998892504,0.7468165793904425
Thoc1,0.06837815281855239,0.06837815281855239,0.0001056998238332454
Acad9,0.07488052253264732,0.07488052253264732,2.1683951707979696e-05
Bzw2,0.04763765981683296,0.04763765981683296,0.006944757882518106
Mrpl1,0.07375579642337303,0.07375579642337303,2.878872058077e-05
Pdcl,0.04655035680326166,0.04655035680326166,0.00834458153394597
Slfn4,-0.09036119725401986,0.09036119725401986,2.9271034584259514e-07
Foxn3,-0.08566587026099709,0.08566587026099709,1.1702697152502728e-06
Zcchc24,-0.058536231343457985,0.058536231343457985,0.0009065387038405518
Poglut1,0.058349090632911826,0.058349090632911826,0.0009416404269155613
0610037P05Rik,0.05266281769935655,0.05266281769935655,0.0028393173982601623
Rprd1b,0.04796062409363361,0.04796062409363361,0.006571673328420263
Cyld,0.052481550204056315,0.052481550204056315,0.0029362756185319443
Gls,-0.07614498658150279,0.07614498658150279,1.5693206404747725e-05
Stip1,0.09945378638883168,0.09945378638883168,1.6370121447041238e-08
Pknox1,-0.014517294629360081,0.014517294629360081,0.41094752416509633
Ldlrap1,-0.017657032919466888,0.017657032919466888,0.3172715990198144
Tiparp,0.030718657956654107,0.030718657956654107,0.08183170875434605
Tlk1,-0.02737486597970573,0.02737486597970573,0.12098306236237381
Ptgs2,-0.1541533799750524,0.1541533799750524,1.59184001981806e-18
Gmcl1,-0.009002300255806932,0.009002300255806932,0.6101539171834216
Mul1,0.04963075888285854,0.04963075888285854,0.004914867819739041
Lztr1,0.05861143182046419,0.05861143182046419,0.0008927779779183314
C330018D20Rik,0.018051955517389414,0.018051955517389414,0.3065669663550005
Elf2,0.04116013564191379,0.04116013564191379,0.019696267337317535
Alyref2,0.032027385629826176,0.032027385629826176,0.06962695948497888
Fam98b,0.04090836105780148,0.04090836105780148,0.020459819978167565
Setd5,0.019949030559378075,0.019949030559378075,0.25850922132939774
Slu7,0.05757962721244889,0.05757962721244889,0.0010996046172388526
Topbp1,0.02283698661627641,0.02283698661627641,0.19582548344923345
Maml1,-0.04171299699261673,0.04171299699261673,0.018106369658687456
Serpinb6a,0.031996653317249,0.031996653317249,0.0698953919921831
Sh3glb2,0.020807219430719164,0.020807219430719164,0.2385813189585144
Endog,0.05380340543323428,0.05380340543323428,0.0022933437885957974
Mtf1,0.014524358853321477,0.014524358853321477,0.41071986716526504
2700007P21Rik,-0.003607257433903145,0.003607257433903145,0.838121452489685
Zufsp,0.05929085622883677,0.05929085622883677,0.0007769391696921863
AK010878,0.03242976831308198,0.03242976831308198,0.06618975065076159
Adam19,0.001365407498220754,0.001365407498220754,0.9383613358860948
St3gal5,0.02116466447248625,0.02116466447248625,0.23060933633045516
Sco2,0.03996635064698937,0.03996635064698937,0.023550091401679504
Pard6a,0.03197236022854625,0.03197236022854625,0.07010818118971686
Ipmk,-0.02503420682456184,0.02503420682456184,0.15618218165644188
Gsdmd,0.018021523811529307,0.018021523811529307,0.30738323052946953
Rexo4,0.055990580000229426,0.055990580000229426,0.0015061053049881758
Asrgl1,0.0342683135860797,0.0342683135860797,0.052215950702331704
Dusp16,0.04484422683385571,0.04484422683385571,0.011052899852241197
Galnt6,0.05230754792668176,0.05230754792668176,0.003032179213847095
Rab11fip5,0.011153667119153202,0.011153667119153202,0.5275794627820253
Anp32a,0.03447403638537452,0.03447403638537452,0.050818353556460444
Frmd8,0.00745454373324824,0.00745454373324824,0.6728845708638861
Amdhd2,0.05165531382309454,0.05165531382309454,0.0034176224900582053
Slc20a1,-0.017804374867033953,0.017804374867033953,0.31324949134695107
Ubxn2a,0.051655322143412286,0.051655322143412286,0.0034176173008754643
Axin1,-0.0270624883676764,0.0270624883676764,0.12528589987601224
Tpcn1,0.04616169449240931,0.04616169449240931,0.008903106634682412
Cd79b,0.03838222086807298,0.03838222086807298,0.029662318567108607
E430025E21Rik,0.05027192179571282,0.05027192179571282,0.004386496121083109
Coq7,0.053778762093613014,0.053778762093613014,0.0023040451040950045
Dbnl,0.05344098624130885,0.05344098624130885,0.002455404280477695
Tmem161a,0.023537153628050457,0.023537153628050457,0.18246402694996397
Igf1r,-0.09346460686468419,0.09346460686468419,1.1269499221564255e-07
Eef2,-0.07787194356709444,0.07787194356709444,1.0009420402527669e-05
Odc1,0.01855934164951613,0.01855934164951613,0.29316901728673783
Map2k5,0.026627479208838054,0.026627479208838054,0.13147539612986
Tmx4,0.015685200291361025,0.015685200291361025,0.37433489878404164
Enox2,0.006144310340766094,0.006144310340766094,0.7278514163932266
Exosc10,0.021863859547561995,0.021863859547561995,0.21556658267647769
Slco3a1,0.005119480642930926,0.005119480642930926,0.7718601214811087
4921524J17Rik,0.025840010502455615,0.025840010502455615,0.14327919175956463
Ccnd2,-0.027640144376740026,0.027640144376740026,0.11742049835182093
Mlxip,-0.043096946291162244,0.043096946291162244,0.014609333080416564
Cd2bp2,0.043459533972259455,0.043459533972259455,0.013797785768243262
Pex14,0.04512226365369854,0.04512226365369854,0.010564224586317011
2210016L21Rik,0.08480237478085718,0.08480237478085718,1.4985132216559115e-06
Dynll2,-0.013173545334399111,0.013173545334399111,0.4555989053685548
Gbp3,0.20311714835183792,0.20311714835183792,3.0803495435149734e-31
Tbcel,-0.0018355008150236437,0.0018355008150236437,0.9172064085124366
Gpr77,-0.061855109729041124,0.061855109729041124,0.00045402550243586027
Nfyb,0.022305734987565305,0.022305734987565305,0.20643184492600136
Klf4,-0.04784010780141437,0.04784010780141437,0.006708731872317113
Kcmf1,0.0027478565532464126,0.0027478565532464126,0.8763289432931789
Lair1,0.0894706114084255,0.0894706114084255,3.8276594213958566e-07
2810002N01Rik,0.050953000641236694,0.050953000641236694,0.0038820746995309363
Sdccag3,-0.007217229281875213,0.007217229281875213,0.6827219430472408
Slamf8,0.10553165923292537,0.10553165923292537,2.053643310245837e-09
Ggps1,0.033048065489001674,0.033048065489001674,0.061181457833999905
Atg7,0.013828732735202673,0.013828732735202673,0.43349505785939807
Tmem223,-0.009415829004689449,0.009415829004689449,0.5938429756309569
Cdyl,0.0033294493685845105,0.0033294493685845105,0.8504351727395963
Zfp322a,0.02660931476272883,0.02660931476272883,0.13173891046132602
Calcoco1,-0.006337474872447591,0.006337474872447591,0.7196510500051413
Xrn1,0.08022860266007556,0.08022860266007556,5.3374328820228745e-06
Diablo,0.04706719948349718,0.04706719948349718,0.007650450185166632
Camta1,0.01662360696151507,0.01662360696151507,0.3464283895375887
Camk1,-0.014051485588481781,0.014051485588481781,0.42612370378666325
Cyth3,-0.02308342406999041,0.02308342406999041,0.19104322571676816
Mfng,0.016890342583492764,0.016890342583492764,0.338744280479633
Gm6548,-0.0004419325612124857,0.0004419325612124857,0.9800320225397623
Cgrrf1,0.031479089731865806,0.031479089731865806,0.07454501231685416
Gtf2f1,0.11422820999736492,0.11422820999736492,8.552625489590747e-11
Thap7,0.02406042167061211,0.02406042167061211,0.17292842288228008
Gm14326,0.015712293593610704,0.015712293593610704,0.37351020706828914
Mrpl37,0.03893517919495482,0.03893517919495482,0.027389439737571727
Gga1,0.0520571416035819,0.0520571416035819,0.003175210602363233
Uchl3,0.007853062879085557,0.007853062879085557,0.6564906988116799
Gm6377,0.057991740361114416,0.057991740361114416,0.0010121883867031992
5930416I19Rik,-0.01868756650741704,0.01868756650741704,0.2898462671656884
Nfam1,-0.04425719876130099,0.04425719876130099,0.012151081612263333
Bbx,0.06491737445928523,0.06491737445928523,0.00023280928317335382
Phospho2,0.004491843747949236,0.004491843747949236,0.7991896915140608
Papd4,0.05232351216356682,0.05232351216356682,0.003023262794206431
Extl3,0.01964031415607255,0.01964031415607255,0.2659522525583143
Cstf1,0.06461218976427818,0.06461218976427818,0.00024915585132697905
D17Wsu104e,0.13809758194534888,0.13809758194534888,3.878044179909809e-15
Apip,0.09150267940172875,0.09150267940172875,2.0678473421184672e-07
Dcaf15,-0.009748579399282226,0.009748579399282226,0.5808648266904551
Hspbp1,0.05821494072855236,0.05821494072855236,0.0009675726255066131
Dut,-0.011792856102274122,0.011792856102274122,0.5041915450229607
Apex1,0.06805246319049618,0.06805246319049618,0.00011403330771843478
Faf2,0.06150698445894188,0.06150698445894188,0.0004889521507419558
Ip6k1,-0.041615404315643444,0.041615404315643444,0.018378577465866658
Ccdc132,0.05280539409489748,0.05280539409489748,0.002765117568204669
Cstf3,0.031509658841042246,0.031509658841042246,0.07426354264037745
2700089E24Rik,0.0977822230640054,0.0977822230640054,2.8374294925833244e-08
Arhgef7,-0.001418816213375467,0.001418816213375467,0.9359553881278523
Mrpl49,0.04599023542202736,0.04599023542202736,0.009159938551050887
Syncrip,0.030031062016644634,0.030031062016644634,0.08890793055273916
Ctnnd1,0.011513830702993139,0.011513830702993139,0.5143334010186436
Sf1,-0.02281485813731036,0.02281485813731036,0.1962591520158461
1200016B10Rik,0.02118601195083815,0.02118601195083815,0.2301392917451386
Itpripl1,-0.06265366314409548,0.06265366314409548,0.00038250789815996673
Gm5506,0.08228219673140753,0.08228219673140753,3.0421670661467553e-06
Rnf2,0.019696237894781695,0.019696237894781695,0.2645931294065619
9930021J03Rik,0.009253322137425359,0.009253322137425359,0.6002290022993501
Zc3h14,0.021007720525754416,0.021007720525754416,0.23408599136056227
Med13l,0.0036494920479688974,0.0036494920479688974,0.8362528085191592
Slc35e4,0.040755588023717544,0.040755588023717544,0.02093560530665992
Rchy1,0.010985157311311907,0.010985157311311907,0.5338360691488003
Thyn1,0.06573377563862777,0.06573377563862777,0.00019388778145857768
Ap1b1,0.01362960244773122,0.01362960244773122,0.4401466492180298
Slc25a12,0.011616227815412586,0.011616227815412586,0.5105992547981917
Rasa1,-0.015569514576712759,0.015569514576712759,0.3778688987295147
Lrrc8a,-0.043466798579481214,0.043466798579481214,0.013781940979607167
Magt1,0.036449422280973025,0.036449422280973025,0.038923783729944636
Drg2,0.06807930282368273,0.06807930282368273,0.00011332380134105707
Sft2d3,0.0068280372157247,0.0068280372157247,0.6989716543802117
Atxn7,0.012333992853883636,0.012333992853883636,0.4848272176901781
Slc38a1,0.010528681897187753,0.010528681897187753,0.5509706427560525
Siva1,-0.005721833464049717,0.005721833464049717,0.7458944875091174
Lemd3,-0.0028488594254387004,0.0028488594254387004,0.8718217631406372
Rnf31,-0.004450300566589493,0.004450300566589493,0.8010077424958453
Tnip1,0.0760372004436339,0.0760372004436339,1.613491701729829e-05
4732418C07Rik,0.066019056377023,0.066019056377023,0.00018179309252903099
Chmp1a,0.050889325956870936,0.050889325956870936,0.003926896846263206
Aktip,0.023552402114346276,0.023552402114346276,0.18218074788983804
Tyw1,0.048059756381830444,0.048059756381830444,0.006460826353936456
Pikfyve,-0.012084025510163274,0.012084025510163274,0.49372179685138357
Fanca,0.0027525016692580566,0.0027525016692580566,0.8761215692293958
5830417I10Rik,-0.022120436744589425,0.022120436744589425,0.21022765135028626
Zfp935,0.0130703282832769,0.0130703282832769,0.4591380096457106
Tmem203,0.015952123586500062,0.015952123586500062,0.36625913556686646
Ppm1b,-0.030008990844260182,0.030008990844260182,0.08914298720022312
Snrnp48,0.07338915658016293,0.07338915658016293,3.154821269700835e-05
Atf6b,0.08921829530998054,0.08921829530998054,4.127990618858805e-07
Zfp830,0.080798760750533,0.080798760750533,4.572206383653259e-06
Baz1b,0.10039798819444543,0.10039798819444543,1.1950764947514795e-08
Apaf1,0.0019581960279433054,0.0019581960279433054,0.9116939505627729
Fundc1,0.0862139372134167,0.0862139372134167,9.990843542876732e-07
1810014F10Rik,0.02403322084789119,0.02403322084789119,0.17341474795485662
Lztfl1,0.061577076430129885,0.061577076430129885,0.0004817247109818806
Riok2,0.03412295010284169,0.03412295010284169,0.05322274496621401
Cbr4,0.030539675935052437,0.030539675935052437,0.08362816721902776
Cysltr1,0.16916226516174993,0.16916226516174993,4.911082130298026e-22
Rnf11,-0.04197297774237243,0.04197297774237243,0.01739837800266435
Phf2,-0.057932237077829137,0.057932237077829137,0.0010243998536006217
1110032A03Rik,0.007451705869704558,0.007451705869704558,0.6730018827480916
Mical1,-0.036247390247911904,0.036247390247911904,0.040020396695328676
Kdm2a,0.02171103099013199,0.02171103099013199,0.21879270897850073
Trio,-0.00904629575168268,0.00904629575168268,0.6084091630694026
Fnip2,-0.008205573204652039,0.008205573204652039,0.642125694290603
Cfp,0.12009997377834714,0.12009997377834714,8.697552215316795e-12
Ahcyl2,-0.007195113089761956,0.007195113089761956,0.6836415055064401
Bcl2l13,0.013031872713749785,0.013031872713749785,0.4604604994308434
Nt5m,0.028192237775874915,0.028192237775874915,0.110270384351617
Tapbp,-0.02574563663030344,0.02574563663030344,0.14474669170371643
Sirt3,0.019543106938628,0.019543106938628,0.2683261102744263
Dhrs3,0.11436491254376573,0.11436491254376573,8.119806185543832e-11
Ssbp3,-0.011919847061956673,0.011919847061956673,0.49961091218193204
Abt1,0.04047036931951967,0.04047036931951967,0.021849706763184908
Vps41,0.06886256090317752,0.06886256090317752,9.436083698653004e-05
Sucla2,0.08643421859721041,0.08643421859721041,9.37302833344135e-07
2900053A13Rik,-0.1362149201650211,0.1362149201650211,9.142049658803069e-15
2410001C21Rik,0.0612425506484529,0.0612425506484529,0.0005171387349928911
Brpf1,0.019471359763920008,0.019471359763920008,0.27008752343508097
Cmtm6,-0.07572426783283012,0.07572426783283012,1.7485431067656796e-05
Decr1,0.05785281081821976,0.05785281081821976,0.0010409124028157375
Trim16,0.03445826685719873,0.03445826685719873,0.05092436543288963
Vezf1,-0.003048226299865911,0.003048226299865911,0.8629374949984784
Kdm5a,0.03205893712450639,0.03205893712450639,0.06935225252881282
Ccdc88a,0.055871058638225835,0.055871058638225835,0.0015416890714500223
Pik3cg,0.00430657942005053,0.00430657942005053,0.8073056553596446
Zdhhc16,0.050063315494995625,0.050063315494995625,0.004552468686262305
Lias,0.040569108768684845,0.040569108768684845,0.021529401327461506
Wrnip1,0.014751466612739374,0.014751466612739374,0.4034408911999422
Tmem131,0.030694549044337976,0.030694549044337976,0.08207185291904324
Alkbh3,0.04356587845714779,0.04356587845714779,0.013567436274427965
Rps19bp1,0.03667463775568892,0.03667463775568892,0.03773151058682479
Atf4,-0.027360141010917556,0.027360141010917556,0.12118326132238495
Fubp1,0.07580728414150434,0.07580728414150434,1.7117026492259703e-05
Siah2,0.03527413680381765,0.03527413680381765,0.04567706174412499
Ddx26b,-0.012921927137640263,0.012921927137640263,0.46425325886672164
Abcc5,-0.014193901337662275,0.014193901337662275,0.42144942190309626
Tmcc3,-0.030701597519643655,0.030701597519643655,0.08200158541335612
Eri1,0.06683396030053335,0.06683396030053335,0.00015103294730768312
Srsf10,0.0015208259761460194,0.0015208259761460194,0.9313617102626465
Ube2c,0.12949657911420892,0.12949657911420892,1.7709081586791996e-13
Mrpl4,0.05339901898059397,0.05339901898059397,0.0024748321504766066
Snapin,-0.007703971765193139,0.007703971765193139,0.6626050531039682
Ctr9,0.06737166395224377,0.06737166395224377,0.00013349449889193761
Hk2,0.01953702064787104,0.01953702064787104,0.2684752235360999
Smyd3,0.08016546873874567,0.08016546873874567,5.429338430768876e-06
Tmx3,0.044240241030581884,0.044240241030581884,0.01218419332298486
Hhex,0.04283650575700954,0.04283650575700954,0.015217929114575134
Topors,0.04108934622183876,0.04108934622183876,0.01990839429707464
Gnl3,0.03944190727257699,0.03944190727257699,0.025440082293282658
Tex264,0.04004246064226171,0.04004246064226171,0.023286184852671414
Gm5547,0.04067078105746534,0.04067078105746534,0.021203859591197624
5930434B04Rik,0.04865961468510679,0.04865961468510679,0.005825220830340706
Prkce,0.0072264646295468506,0.0072264646295468506,0.6823380885032005
Rnf10,0.05598952400262992,0.05598952400262992,0.001506416356337666
Ell,0.00041016623437775484,0.00041016623437775484,0.9814670624181255
Atp2a2,0.020102382142994087,0.020102382142994087,0.2548661294031523
Ubr3,0.02406342976904269,0.02406342976904269,0.1728747035686888
Ube2g2,0.007669049140611752,0.007669049140611752,0.6640405337306567
Ccnt1,0.04301762035507908,0.04301762035507908,0.014792389438943884
Kdm3b,-0.004726995765508787,0.004726995765508787,0.7889195241099672
Atp5o,0.08786569440452414,0.08786569440452414,6.167375561500029e-07
Rftn1,0.033791592191249296,0.033791592191249296,0.055578440002157344
Fam38a,-0.027023479172417895,0.027023479172417895,0.1258315021468697
Mvd,0.08747120884530682,0.08747120884530682,6.925915567840693e-07
Tbce,0.023639073840831335,0.023639073840831335,0.18057679288913406
Bgn,-0.08687042747414657,0.08687042747414657,8.256312645241876e-07
Xpo6,-0.02473762909901626,0.02473762909901626,0.1611468083753631
5430427O19Rik,0.06389662840984865,0.06389662840984865,0.0002917983242192945
Drap1,0.005393567979222487,0.005393567979222487,0.7600113831116397
Mrpl38,0.09188225575197823,0.09188225575197823,1.840489474262223e-07
Setd1a,0.00198055679411441,0.00198055679411441,0.9106897742534138
Brms1,0.11170973777575026,0.11170973777575026,2.2022434006633517e-10
Rxrb,0.03602612618911522,0.03602612618911522,0.041251344677298164
Dalrd3,0.0329514476167039,0.0329514476167039,0.06194274194646875
Pdcd11,0.018746679241313416,0.018746679241313416,0.2883230192245952
Slk,0.0020061166634706895,0.0020061166634706895,0.9095421074718089
Gaa,0.02907281091106879,0.02907281091106879,0.09958255168405396
S1pr4,0.014084777368048522,0.014084777368048522,0.42502832248579275
BC037034,-0.0023991555554845863,0.0023991555554845863,0.8919194041280935
Dtx3,-0.0033581623495287077,0.0033581623495287077,0.849160737882237
Nqo2,0.07982394889149456,0.07982394889149456,5.9533410777122455e-06
Ate1,0.023129820637803843,0.023129820637803843,0.1901525664044622
Cdca3,0.11609269509368354,0.11609269509368354,4.18986642060983e-11
Sirpb1a,0.08617283515786255,0.08617283515786255,1.0110378588144214e-06
Kctd2,-0.034087826716948044,0.034087826716948044,0.053468427700787864
Rbm22,0.07960179758145566,0.07960179758145566,6.319800288971681e-06
Fam160a2,-0.03944647110527428,0.03944647110527428,0.02542308532840808
D15Ertd621e,0.043056025953970886,0.043056025953970886,0.014703512036078925
Tspan7,-0.02631056861628317,0.02631056861628317,0.13613179862395378
Rdbp,0.02565166768629077,0.02565166768629077,0.14621930479408923
Fbxo4,0.05248113711338321,0.05248113711338321,0.0029364999845411894
Vps33a,0.03911338684717976,0.03911338684717976,0.026689679828999315
Prrc1,0.02731382250171541,0.02731382250171541,0.12181469162303647
Ostm1,-0.0006403860388866532,0.0006403860388866532,0.9710685570481101
Mettl11a,0.02294542432141143,0.02294542432141143,0.19371049359620368
Klhl21,-0.01908709096580585,0.01908709096580585,0.2796562059660842
Cyb5b,0.033959014783729743,0.033959014783729743,0.05437756396549896
Zfp746,-0.03024066750295694,0.03024066750295694,0.08670043913712085
Naa50,0.03923910741867547,0.03923910741867547,0.02620535167642005
Cep250,0.03300173018259506,0.03300173018259506,0.06154557690439047
Klhl24,0.05278739228499749,0.05278739228499749,0.002774387431788858
Got2,0.04133999609320378,0.04133999609320378,0.019166151179465896
1110007C09Rik,-0.08773410484933088,0.08773410484933088,6.411041345566131e-07
Zfyve19,0.041338411704043586,0.041338411704043586,0.019170766001519745
1600020E01Rik,0.0396225743975444,0.0396225743975444,0.02477468711951276
Tbc1d9b,0.019863735070506094,0.019863735070506094,0.26055108212937755
Parp9,0.09735503603605858,0.09735503603605858,3.260963941457973e-08
Brf1,-0.011801109790177946,0.011801109790177946,0.503893158651914
Txndc5,0.055116520358794205,0.055116520358794205,0.0017847869696993141
Rpn2,0.12764633267373346,0.12764633267373346,3.901499683921755e-13
Ptpn7,0.05055534339986135,0.05055534339986135,0.004169781958614811
Psmd8,0.05498971078670269,0.05498971078670269,0.0018289423446247572
D11Wsu99e,0.034346106309068744,0.034346106309068744,0.05168372654189094
Mrps18a,0.04184684143930743,0.04184684143930743,0.017738789583671765
Rangap1,0.007401857289795633,0.007401857289795633,0.6750638230073841
Vars,0.03633041633860188,0.03633041633860188,0.03956660736893852
Ythdc1,0.013541732387596934,0.013541732387596934,0.4431003002465838
Irak4,0.033570483683181246,0.033570483683181246,0.05719815883718539
Cast,0.08776831939984336,0.08776831939984336,6.346808388308136e-07
Twf1,0.029399170528632727,0.029399170528632727,0.09583777331467547
Ccar1,0.060801621420631495,0.060801621420631495,0.0005675280130526977
Ptp4a1,-0.08342839204749135,0.08342839204749135,2.2100422654141465e-06
Psmd11,0.11647183976504252,0.11647183976504252,3.6189052228797927e-11
Rspo1,-0.0646751241037904,0.0646751241037904,0.00024569928629806527
Arglu1,0.03716883140368482,0.03716883140368482,0.0352237480702281
Lage3,0.04506764000512852,0.04506764000512852,0.010658686260771892
Myo18a,-0.013916014773898085,0.013916014773898085,0.4305979706804173
Tbc1d15,0.06416765093681463,0.06416765093681463,0.0002749009348573306
Tfb2m,0.03551339075390139,0.03551339075390139,0.04422750335902375
Cep350,0.08889854319146179,0.08889854319146179,4.54135593780671e-07
Pcbd2,-0.0022994636737769703,0.0022994636737769703,0.8963845972855811
Sdf2l1,0.14000044602326123,0.14000044602326123,1.6104453046623445e-15
Gbas,0.0329158303596339,0.0329158303596339,0.062225351455905825
Taf3,0.025920300990658982,0.025920300990658982,0.14203969176758102
Arf3,-0.05332793937282543,0.05332793937282543,0.002508057924383154
Fam65b,-0.04797040018191876,0.04797040018191876,0.006560666497430413
4921513D23Rik,-0.07620480326708662,0.07620480326708662,1.545307224222776e-05
Nceh1,0.018094435946107615,0.018094435946107615,0.30542992418632225
Mtfmt,0.047753258015282005,0.047753258015282005,0.006809089389370788
Pura,0.03740280871366154,0.03740280871366154,0.03408692979357258
Sik3,-0.048735263620539954,0.048735263620539954,0.005749200042212351
Fam108b,0.001944424407063974,0.001944424407063974,0.9123124761621468
Fam54b,0.032266950895834944,0.032266950895834944,0.06756334514740633
Dhx8,0.07249738765323756,0.07249738765323756,3.9346273200554247e-05
Abhd4,-0.0074064380962315345,0.0074064380962315345,0.6748742401555752
Trim30a,-0.03510278152277925,0.03510278152277925,0.04673966186153694
Rpl38,-0.32100304034238114,0.32100304034238114,7.706045170627685e-78
Cyfip1,0.06813272087574039,0.06813272087574039,0.00011192406060429553
Gngt2,-0.021690241493121487,0.021690241493121487,0.21923422813362875
Pgam1,0.10630817654280945,0.10630817654280945,1.5617345785115186e-09
Tsg101,-0.00474832718721804,0.00474832718721804,0.7879896651762871
Fabp4,-0.05755904834652139,0.05755904834652139,0.001104147517251916
Senp1,0.046157307682587405,0.046157307682587405,0.008909596743079364
Hk1,0.019199753948878746,0.019199753948878746,0.27682722078836
Yipf3,0.11426375744958564,0.11426375744958564,8.437955516125183e-11
Zfand1,0.06866973072437313,0.06866973072437313,9.872966543269339e-05
Sos2,0.05472241188479272,0.05472241188479272,0.0019253208177557807
Cox8a,-0.20708083506080924,0.20708083506080924,1.9859693488292153e-32
Ccdc88b,-0.04443278075733068,0.04443278075733068,0.011812896859307916
Ppox,0.03091400552902511,0.03091400552902511,0.07990683292975334
Aldh16a1,0.09555244832343895,0.09555244832343895,5.827744492026787e-08
Pno1,0.11536094026077733,0.11536094026077733,5.551564410538381e-11
Hspb1,-0.03595876344809726,0.03595876344809726,0.041632407339927964
Slc29a3,0.049400386447283375,0.049400386447283375,0.005118340131673714
Orai3,0.006679168985727475,0.006679168985727475,0.7052243933213753
Rpl9,-0.2754527336861827,0.2754527336861827,5.492621659914515e-57
Lrrc47,0.009390238806150092,0.009390238806150092,0.5948465294074099
Spag9,0.040756244891206654,0.040756244891206654,0.020933539148982706
Tcp11l2,0.06376479552780523,0.06376479552780523,0.0003003647902281157
Tsc22d1,-0.043392687485925986,0.043392687485925986,0.013944340526809157
Lats2,-0.012601956695585897,0.012601956695585897,0.475389465774535
Poldip2,0.018896188055452668,0.018896188055452668,0.2844945113098509
Ift20,0.05723645456276634,0.05723645456276634,0.0011776673296303578
Brd1,0.010262357835024691,0.010262357835024691,0.5610909505674632
Pik3c2a,0.01851723168415921,0.01851723168415921,0.2942657842863145
Srpr,0.06414893621526131,0.06414893621526131,0.00027603762188287053
Stard5,0.025215361772742313,0.025215361772742313,0.15320727338396203
Tgfbrap1,-0.029382727364552132,0.029382727364552132,0.09602371397357971
Chd1,0.05092629586249252,0.05092629586249252,0.0039008159766421653
Tiprl,0.032418644587061854,0.032418644587061854,0.06628285727968114
Dnm2,0.054624830388230024,0.054624830388230024,0.0019616513943619346
Clcn4-2,0.017335626647392088,0.017335626647392088,0.32616220002202545
Cyth1,0.0003603403735061759,0.0003603403735061759,0.9837180584916958
Cox16,0.08054420825705816,0.08054420825705816,4.899883902753038e-06
Tspan14,-0.019778435754425235,0.019778435754425235,0.2626041610055545
Dnaja1,0.14129882499225083,0.14129882499225083,8.780013070289416e-16
Fndc3b,-0.018828354771383407,0.018828354771383407,0.28622725259103243
AU040320,0.03503525017767374,0.03503525017767374,0.047164108246270174
Ptpn2,0.05017728790189871,0.05017728790189871,0.0044610977846395805
Tiam1,0.00475138999353171,0.00475138999353171,0.7878561790098719
Cltc,-0.007339998962447917,0.007339998962447917,0.6776259273766498
Ndst1,-0.015755504515129058,0.015755504515129058,0.3721972401145952
Gla,0.04978579632619004,0.04978579632619004,0.004782080824397356
Carkd,0.052364910076995695,0.052364910076995695,0.0030002522987805486
Ahsa1,0.05305043357905218,0.05305043357905218,0.0026417179937699587
Tnfaip8,0.16071561025965495,0.16071561025965495,5.108144351581497e-20
Oas2,-0.0691528126571173,0.0691528126571173,8.812741359977412e-05
2810422J05Rik,0.09301972149519,0.09301972149519,1.2946422550712762e-07
Pkn2,0.07752412250129415,0.07752412250129415,1.0966571210637414e-05
2310008H09Rik,0.0026595801900657153,0.0026595801900657153,0.8802715029373448
Map3k8,-0.0013061419430305896,0.0013061419430305896,0.9410317792448293
Rps13,-0.2540560892927456,0.2540560892927456,1.8324316083716995e-48
Anks1,0.003742167051232732,0.003742167051232732,0.8321557108677355
1110014N23Rik,0.04386647051508573,0.04386647051508573,0.012934596218044022
Wbp11,0.04684261898850169,0.04684261898850169,0.007945448529042035
Rhot1,0.032629199208784765,0.032629199208784765,0.06453869123447183
Ibtk,-0.0022281505010710496,0.0022281505010710496,0.899580732082342
Nenf,-0.022891112545360102,0.022891112545360102,0.19476769589819312
Scamp4,0.014688204195955146,0.014688204195955146,0.4054606999707311
Spns1,0.08609096204045606,0.08609096204045606,1.0352599423009021e-06
Aptx,0.04643589211645274,0.04643589211645274,0.008505725263225863
0610007P14Rik,0.06287842158457034,0.06287842158457034,0.0003643641725806032
Dgka,0.012136323163932858,0.012136323163932858,0.4918536986425696
Cnot1,-0.048156452462929294,0.048156452462929294,0.00635432617843612
Rps16,-0.304705261827239,0.304705261827239,6.088259193483866e-70
Clk1,0.0508766978264082,0.0508766978264082,0.003935841719628945
Nit2,0.07699204867153209,0.07699204867153209,1.2601556785806891e-05
March5,0.06160707514315917,0.06160707514315917,0.0004786619728205056
Rassf2,-0.06074325074209002,0.06074325074209002,0.0005745310846136888
Dcaf10,0.004841977556729614,0.004841977556729614,0.7839109369535917
Fam96b,0.04956578947749132,0.04956578947749132,0.0049714974439109055
Fem1a,0.010241582247363346,0.010241582247363346,0.5618841875372816
D16Ertd472e,0.0013928854513274816,0.0013928854513274816,0.9371234415509836
B4galt3,-0.00635488779925893,0.00635488779925893,0.7189133889333593
Dcp2,-0.0063473783709857325,0.0063473783709857325,0.7192314776058155
Hexim1,0.03651548314275576,0.03651548314275576,0.03857079165836347
Ttc35,0.11716338418018085,0.11716338418018085,2.7669713523216183e-11
Nt5c2,0.022818634811704843,0.022818634811704843,0.19618508793710046
Prps1,0.07871109950344263,0.07871109950344263,8.017542488454101e-06
Phf8,0.0020189306678264577,0.0020189306678264577,0.9089668151617999
Pisd-ps3,0.09006542217674574,0.09006542217674574,3.200732124455319e-07
Prkag1,0.08917702733686986,0.08917702733686986,4.1792261355162335e-07
Upp1,0.07341052766122166,0.07341052766122166,3.138070023727959e-05
Upf2,-0.03619500013978636,0.03619500013978636,0.040309006168297454
Ino80,0.04805736484323763,0.04805736484323763,0.006463480592351079
Clec4d,-0.07834640607582437,0.07834640607582437,8.831616767788272e-06
Hsf1,0.0036360384145099653,0.0036360384145099653,0.8368479563689545
Tsc22d4,-0.04085942783857857,0.04085942783857857,0.020611177585411092
Eif2ak1,0.04163820994783966,0.04163820994783966,0.018314648879461073
Coasy,0.08326990522314866,0.08326990522314866,2.310456010834138e-06
Dnalc4,0.011152380442178875,0.011152380442178875,0.5276270938688182
Tbc1d17,0.005565247865465506,0.005565247865465506,0.7526180702208456
Cd300lb,-0.05654128935341115,0.05654128935341115,0.0013517131395897448
Mocs3,0.03442996265529143,0.03442996265529143,0.051115106965882125
Ap4s1,-0.03885414470522224,0.03885414470522224,0.027712831468779772
Fam18b,0.04484290051823622,0.04484290051823622,0.011055278296000738
Nup153,0.01070628160484147,0.01070628160484147,0.5442721096282845
Ndnl2,0.047319223094785465,0.047319223094785465,0.007331120105209261
Otud6b,0.005392585234666292,0.005392585234666292,0.7600537684188092
Ldhb,-0.09726046117942286,0.09726046117942286,3.362700233942117e-08
Actn4,-0.01007774438604676,0.01007774438604676,0.5681586235396563
Cd40,0.1194384669909672,0.1194384669909672,1.131591439922365e-11
Gnb2,-0.12457944789056451,0.12457944789056451,1.4092381870662414e-12
Bcl2a1d,0.08905952905272292,0.08905952905272292,4.328485107687221e-07
Wdr55,0.0582740149617523,0.0582740149617523,0.0009560727211567785
Dedd,0.012215955359566022,0.012215955359566022,0.4890164943172571
S100a16,-0.04549867441237313,0.04549867441237313,0.009933281650677717
Slc39a7,0.03047131171352437,0.03047131171352437,0.08432271470246984
Tcf3,0.0068962495509717,0.0068962495509717,0.6961133849456069
Apba1,-0.030526953921377553,0.030526953921377553,0.08375706489452214
Hip1,-0.07887487251815445,0.07887487251815445,7.675766333599946e-06
Mbtd1,0.009964469528440921,0.009964469528440921,0.5725161627946057
1110059E24Rik,0.055972177480773405,0.055972177480773405,0.0015115343675114476
Vamp7,0.09179889541892362,0.09179889541892362,1.8882507375400578e-07
Cd93,0.041388385146830714,0.041388385146830714,0.01902567595417507
Yif1a,0.08054357887289178,0.08054357887289178,4.900721283882107e-06
Zfand3,-0.020641895131500578,0.020641895131500578,0.2423335073176795
B230378P21Rik,0.08161004770599649,0.08161004770599649,3.6620959886048526e-06
Atg4c,0.06345696045355384,0.06345696045355384,0.00032129307548369726
Ncoa3,-0.06257861248583726,0.06257861248583726,0.0003887520132808416
Tmem59,0.13098192069100206,0.13098192069100206,9.316274313237582e-14
Psmg1,0.08455556116750783,0.08455556116750783,1.607544877048367e-06
Gsk3a,-0.031986041026424744,0.031986041026424744,0.06998828241691972
Gmpr2,0.07710399435387388,0.07710399435387388,1.2239345171586537e-05
Gcfc1,0.07466687083007016,0.07466687083007016,2.2890293123265894e-05
1110057K04Rik,0.11411954158583247,0.11411954158583247,8.912696623361272e-11
Camta2,-0.031311955336972334,0.031311955336972334,0.07609936760096399
Tatdn1,0.05720111887547509,0.05720111887547509,0.0011859894067969873
Oasl2,-0.07037814501297303,0.07037814501297303,6.585056820757333e-05
Ece1,-0.033462796297914724,0.033462796297914724,0.05800111661492586
Ccdc23,-0.004218076374465375,0.004218076374465375,0.8111901396555353
Gm5483,-0.10632105535406373,0.10632105535406373,1.5546326234428067e-09
Golga5,0.008280314817447508,0.008280314817447508,0.6390968170563729
Rabggtb,0.06834431876734541,0.06834431876734541,0.00010653803070493128
Hist2h2aa1,-0.1764939573186131,0.1764939573186131,7.134447156694287e-24
Tpst2,0.061457967170994214,0.061457967170994214,0.0004940664232408867
Cpsf1,-0.0018740304953177972,0.0018740304953177972,0.9154749034499423
Ticam2,0.06085658607283501,0.06085658607283501,0.0005610062950302298
Cdkn2c,0.1323625359639692,0.1323625359639692,5.094477298238516e-14
Nfkbie,0.07549502055940002,0.07549502055940002,1.8542396290308304e-05
Cdc42ep4,0.030303823934986145,0.030303823934986145,0.08604403870787197
Hist3h2a,0.06267761183972932,0.06267761183972932,0.00038053520030012283
Nmi,0.08704150411896562,0.08704150411896562,7.85429688130481e-07
1700029F09Rik,0.035051915204359324,0.035051915204359324,0.04705906560007654
Acad8,0.03946962861429068,0.03946962861429068,0.025336991687663773
Atg9a,0.017031322364197514,0.017031322364197514,0.33472745421013594
Zdhhc9,-0.007299378513387501,0.007299378513387501,0.6793104138736727
Vwa5a,-0.012202765099535322,0.012202765099535322,0.4894858384646399
5033414D02Rik,0.05390348075720875,0.05390348075720875,0.002250352306027154
Nop56,0.10242517084018399,0.10242517084018399,6.022561631726183e-09
Psme3,-0.008246421457504495,0.008246421457504495,0.6404695919132266
Chka,-0.05743488763873886,0.05743488763873886,0.0011319267880132578
Cog8,0.05157965969291969,0.05157965969291969,0.0034651036588806373
Slc8a1,0.02006023430877241,0.02006023430877241,0.2558638378712453
Sgms1,-0.017808265121435365,0.017808265121435365,0.3131437526510046
Senp2,-0.008136512760542218,0.008136512760542218,0.6449296443660979
Etnk1,-0.0047162454811142005,0.0047162454811142005,0.7893882542438333
Psmc2,0.12726454208776694,0.12726454208776694,4.585661435585925e-13
Mrps21,-0.03990108606962139,0.03990108606962139,0.023778454397403576
Sec22b,0.05846583277800132,0.05846583277800132,0.0009195985491195781
Tbrg4,-0.0026706281788310463,0.0026706281788310463,0.8797779180831844
Atp5sl,0.02976215355471133,0.02976215355471133,0.09180602209656503
Pck2,0.022142494638428517,0.022142494638428517,0.2097731694073342
Phf20l1,0.057880696471577134,0.057880696471577134,0.0010350871944481775
Slc16a10,0.12927013478695917,0.12927013478695917,1.9518377357534524e-13
2510003E04Rik,0.04505809253098088,0.04505809253098088,0.010675273742743331
Chd6,0.03779268597102764,0.03779268597102764,0.032262272952082484
Tmem111,0.06934579448983258,0.06934579448983258,8.420040670481741e-05
3110082I17Rik,-0.10297836891017215,0.10297836891017215,4.983847990753329e-09
Gbp2,0.17949000582625538,0.17949000582625538,1.1992591823706373e-24
Ccdc90b,0.061287579937322575,0.061287579937322575,0.0005122344218894544
Mob3b,-0.0464895183476527,0.0464895183476527,0.008429886992302365
Oas3,-0.07084755101769741,0.07084755101769741,5.882247906142806e-05
Dna2,-0.02757187208119904,0.02757187208119904,0.11832940141025707
Pld3,0.055130260622312854,0.055130260622312854,0.0017800618601365842
Parp1,0.06915538685648688,0.06915538685648688,8.807391118581402e-05
Akr7a5,0.08967906770223634,0.08967906770223634,3.5955389861094964e-07
Dnajc9,0.0302092795509298,0.0302092795509298,0.0870281619531959
Rnf144a,-0.03681718977493319,0.03681718977493319,0.03699301483505576
1110001J03Rik,0.017983504503581597,0.017983504503581597,0.3084050346025958
Fuca1,0.05176724960869714,0.05176724960869714,0.0033484560304597563
Atp5e,-0.25211950488269674,0.25211950488269674,9.906130364613119e-48
Zfp524,0.0480906743309237,0.0480906743309237,0.006426600337427091
Qdpr,0.029435015121734288,0.029435015121734288,0.09543343819826769
Pias1,-0.0027732163985350676,0.0027732163985350676,0.8751968956562606
Ncoa2,-0.01698617410402144,0.01698617410402144,0.3360104754441964
Tuba1a,0.02477661342995323,0.02477661342995323,0.16048750212700513
Pdlim2,-0.06134821373866439,0.06134821373866439,0.0005056990039175025
Cog1,0.03925805268802589,0.03925805268802589,0.02613302885449132
Top3b,0.07078488285365314,0.07078488285365314,5.971788811305467e-05
Rraga,0.06475805581137017,0.06475805581137017,0.00024121303035083905
Mrps16,0.06521204836611547,0.06521204836611547,0.00021798485110856262
Ddit3,-0.0003049761818378052,0.0003049761818378052,0.9862194123983232
Nit1,0.04476117289498479,0.04476117289498479,0.01120271779839798
Ak3,-0.03406474175384521,0.03406474175384521,0.05363041852336898
Gpn2,0.040240978348317163,0.040240978348317163,0.0226098807197148
Clec2d,-0.03068677731978544,0.03068677731978544,0.08214938719612351
Polr2e,0.00688117610301818,0.00688117610301818,0.6967446310486308
2310036O22Rik,-0.11405058971522966,0.11405058971522966,9.148805751130532e-11
Anxa1,-0.06561985066809324,0.06561985066809324,0.00019892567854518792
N4bp1,0.0845773950975372,0.0845773950975372,1.5976002877800255e-06
Tbk1,0.06778725075143646,0.06778725075143646,0.00012127296918509049
2610507B11Rik,0.017023943463410438,0.017023943463410438,0.3349369314764237
Pcmt1,0.06514791625494398,0.06514791625494398,0.00022113372042203503
Smad3,-0.004532389307113351,0.004532389307113351,0.7974163478252785
Impa2,0.04149882910149097,0.04149882910149097,0.018708419087927065
Nploc4,-0.019880059598628146,0.019880059598628146,0.2601594340816425
B630005N14Rik,-0.021514408140210182,0.021514408140210182,0.22299409812415288
Sh3gl1,0.02202541784343973,0.02202541784343973,0.21219356849869137
Aldh9a1,0.07323261367984539,0.07323261367984539,3.280138782059297e-05
Cdk13,0.035733049191918796,0.035733049191918796,0.04293102766492995
Lsm3,-0.014902174850645626,0.014902174850645626,0.39865348783360577
Spata2,0.007500429886997691,0.007500429886997691,0.670988830674495
Parp14,0.012569852197563914,0.012569852197563914,0.4765148558247565
Lsm1,0.022081107747662754,0.022081107747662754,0.2110397543441272
Agtpbp1,-0.00834357159094636,0.00834357159094636,0.6365380482996098
Mbp,-0.03234290929925755,0.03234290929925755,0.06691963927368917
Fuca2,0.10297312920627211,0.10297312920627211,4.992815618648077e-09
4930420K17Rik,-0.07492285734995455,0.07492285734995455,2.1452209032953243e-05
Irf3,0.03315827889415655,0.03315827889415655,0.060322523750047326
Yipf5,0.05315099465565011,0.05315099465565011,0.0025925487866263613
Klf10,-0.10645204965593444,0.10645204965593444,1.4841607020357574e-09
Nfkbib,0.10505212164166196,0.10505212164166196,2.429622556030947e-09
Oxr1,-0.0006643926654298488,0.0006643926654298488,0.9699844848675265
Ganab,0.021966324051581745,0.021966324051581745,0.21342288039775842
Cdk16,0.02649589339155292,0.02649589339155292,0.13339359428538966
Prpsap1,0.02873186516047902,0.02873186516047902,0.10361836772096321
Zfp710,-0.03998432631525163,0.03998432631525163,0.023487529023433894
Rbm14,0.04500936520196741,0.04500936520196741,0.01076028894833652
Rbm4,0.0408881466776084,0.0408881466776084,0.02052222815195554
Pag1,-0.03525353554380865,0.03525353554380865,0.04580372759352064
Xpot,0.05313325970265893,0.05313325970265893,0.002601159061483511
Zfp516,0.042125852633909645,0.042125852633909645,0.016993490928386652
Hmg20b,0.0064480586368851145,0.0064480586368851145,0.7149708684731471
Snx2,0.12244230567269133,0.12244230567269133,3.3858728172228245e-12
Lmbr1l,0.014473087987010592,0.014473087987010592,0.4123738606535955
Cdk11b,0.02393774753507588,0.02393774753507588,0.17512980767448277
Aim1,-0.010976782772510324,0.010976782772510324,0.5341479820789962
Chmp5,0.0685050805446338,0.0685050805446338,0.00010261042022749169
Nhsl2,-0.046949006391080704,0.046949006391080704,0.007804456815594044
Cblb,-0.010907825049880877,0.010907825049880877,0.5367198308724664
Myof,0.17181819584484936,0.17181819584484936,1.0834262433130454e-22
Slc30a7,0.07633210758989492,0.07633210758989492,1.4953612472609539e-05
Uba3,0.05599936054239487,0.05599936054239487,0.0015035212253589466
Yme1l1,0.04420673943656498,0.04420673943656498,0.012249843606451625
Gm9781,0.004787574149862854,0.004787574149862854,0.7862796387774801
Tomm40l,0.024279062682888305,0.024279062682888305,0.16905629105794412
Mettl10,0.048046468319684135,0.048046468319684135,0.006475586465518447
Snx27,-0.00993519878431285,0.00993519878431285,0.5736447445883844
Jmjd6,0.0861730924356686,0.0861730924356686,1.0109626098155919e-06
Vac14,0.03031157787677097,0.03031157787677097,0.085963727400378
Abcd1,-0.021574953612505235,0.021574953612505235,0.22169427349827733
Tada3,0.06738610514780843,0.06738610514780843,0.00013305103305406325
Zcchc6,0.011899805531766915,0.011899805531766915,0.5003323504422288
Stx3,0.009431039893776636,0.009431039893776636,0.5932468274706627
Fdps,0.0690283221348282,0.0690283221348282,9.075177909695942e-05
Mpp6,0.014246561165614768,0.014246561165614768,0.41972869590644424
Med15,0.00395924862627112,0.00395924862627112,0.8225766960438636
1810063B05Rik,0.05009903636536537,0.05009903636536537,0.004523650834934398
Tbc1d9,0.03505490482420018,0.03505490482420018,0.04704024231579765
Smndc1,0.04508016647794934,0.04508016647794934,0.010636957907936386
Ufsp2,0.1192716546267419,0.1192716546267419,1.2089608423541674e-11
Nin,-0.017076904984621857,0.017076904984621857,0.3334352950231835
Srp68,0.0497404581387472,0.0497404581387472,0.004820572472883803
Zdhhc6,0.051944694200839435,0.051944694200839435,0.003241418153058251
Rnpepl1,-0.03188182107189023,0.03188182107189023,0.07090592152059921
Bcat2,0.09533068140165304,0.09533068140165304,6.254745646404135e-08
Axl,-0.05995639295291319,0.05995639295291319,0.0006771295605803779
Rabggta,0.07616954215367813,0.07616954215367813,1.559420092921842e-05
Zfp87,-0.019738288659220823,0.019738288659220823,0.26357432039529805
Tnpo3,-0.012853403078242969,0.012853403078242969,0.4666258771282235
Fcho2,0.06799814430374657,0.06799814430374657,0.00011548206250732766
Cdk19,0.01857555139513092,0.01857555139513092,0.29274756136263824
Kcnab2,-0.004694453787778735,0.004694453787778735,0.7903386416354606
Bcl2l12,0.03612972513716556,0.03612972513716556,0.040671063224910396
Brd3,0.027866683228738736,0.027866683228738736,0.11444380287853144
Nudt19,0.06646260624498602,0.06646260624498602,0.00016438749082723573
Pxmp3,0.09869053648772262,0.09869053648772262,2.1067236722453613e-08
Cdk5rap3,0.12636766103429387,0.12636766103429387,6.689868736731457e-13
Cpt1a,-0.04177955031083374,0.04177955031083374,0.01792276758757551
Snap29,0.06264450032893326,0.06264450032893326,0.0003832651796366471
Trim12c,0.007882399776283253,0.007882399776283253,0.6552902540108533
Clip1,0.049530169140432845,0.049530169140432845,0.0050027950906055595
1810009A15Rik,0.01950726487241347,0.01950726487241347,0.26920505467687716
Arl6ip6,0.060361775839187004,0.060361775839187004,0.0006223162482068892
Rrp1b,0.08935450691711723,0.08935450691711723,3.9631434396808143e-07
Kif2a,-0.03301066609788004,0.03301066609788004,0.061475216119441595
Ubtf,-0.015945952952121197,0.015945952952121197,0.36644459273391533
Tirap,-0.026501238464332787,0.026501238464332787,0.13331525673271208
Nfat5,-0.002276151644842085,0.002276151644842085,0.8974292203491211
Gas2l1,0.00857845082059643,0.00857845082059643,0.6270751198359914
Ccdc9,0.07107622130233614,0.07107622130233614,5.566182716587835e-05
Scgb1a1,0.12839355150396342,0.12839355150396342,2.839820504929016e-13
Ppard,0.015499024488904441,0.015499024488904441,0.38003228909458414
Gadd45a,-0.04721386370396992,0.04721386370396992,0.00746313410337521
Osbpl8,0.0024385098125577417,0.0024385098125577417,0.8901576638914662
Fbxo38,0.0315774590721623,0.0315774590721623,0.07364235924577532
Wbp2,-0.03540591394219177,0.03540591394219177,0.044873796050197444
Imp4,0.08487372116344341,0.08487372116344341,1.468343323059663e-06
Pus1,0.035106658397522264,0.035106658397522264,0.04671539285363658
Ap3m1,-0.010526973795250956,0.010526973795250956,0.551035263557974
Spg7,0.05033313300702767,0.05033313300702767,0.004338846060662215
Cdk17,-0.011971469137579674,0.011971469137579674,0.497755208962911
Trf,-0.17705953786246395,0.17705953786246395,5.107495392481727e-24
Med29,0.06465618300294931,0.06465618300294931,0.0002467348365309704
Braf,-0.02853414360785058,0.02853414360785058,0.10601769477021777
Spna2,-0.046730917156325505,0.046730917156325505,0.008095932944234944
Wdr33,0.042773851586989965,0.042773851586989965,0.01536762723039066
Hsd17b12,0.10904012996840427,0.10904012996840427,5.867809463088416e-10
Sp2,0.012769224003311319,0.012769224003311319,0.46954972717707594
Aamp,0.06433540767810667,0.06433540767810667,0.0002649058143273244
Calhm2,0.013459514096242544,0.013459514096242544,0.4458741994685809
Kdelr2,0.039309239218071425,0.039309239218071425,0.025938488052733837
Rars,0.14374891505579313,0.14374891505579313,2.7519997790285117e-16
A530064D06Rik,-0.016180580881486505,0.016180580881486505,0.35943413145630554
Exosc9,0.05673434433158752,0.05673434433158752,0.0013011401719762253
Hist1h1e,0.059523734992050936,0.059523734992050936,0.0007405573818199717
Parp2,0.08737938299625313,0.08737938299625313,7.114965236794219e-07
Tbpl1,0.04716105184199555,0.04716105184199555,0.007530105173441516
Tm9sf3,0.06418042436423156,0.06418042436423156,0.0002741276269920053
Sh3bp2,-0.03172434214785771,0.03172434214785771,0.07231118329211256
Mfsd10,0.10726216664069922,0.10726216664069922,1.1126239361901879e-09
Inpp4a,-0.08683605798892775,0.08683605798892775,8.33943372492085e-07
Larp7,0.06044417324687825,0.06044417324687825,0.0006116921577104698
Ube2e3,0.019773825652161455,0.019773825652161455,0.2627154392506529
Prcc,0.029900972764718824,0.029900972764718824,0.09030059930854838
Mef2c,-0.03734474528958966,0.03734474528958966,0.034366075907704206
Gm1821,0.0216591592225443,0.0216591592225443,0.21989553322935845
Rsl24d1,0.11116783600160551,0.11116783600160551,2.692000724117383e-10
Bad,0.12053454686550866,0.12053454686550866,7.310937174589391e-12
Tmem199,0.06746917562544193,0.06746917562544193,0.0001305268985966885
Asb8,0.047401629615617946,0.047401629615617946,0.007229329384856308
Mmp19,0.03598378609504819,0.03598378609504819,0.041490511011803656
Mon2,0.03795556765263706,0.03795556765263706,0.03152511974917807
Mvp,0.1139382477668543,0.1139382477668543,9.546647668145543e-11
Eif1ad,0.011703789668876769,0.011703789668876769,0.5074173824408653
Mmgt2,0.010122726017488648,0.010122726017488648,0.5664326470536685
Hdac3,0.05044665309871411,0.05044665309871411,0.004251715766900538
D930015E06Rik,0.0005110896777136188,0.0005110896777136188,0.9769080880265697
Pou2f2,-0.019857327079006473,0.019857327079006473,0.26070493010137935
Retnlg,-0.178551125099506,0.178551125099506,2.1041278631151345e-24
Nfe2l1,-0.022275975598055168,0.022275975598055168,0.20703808544548244
Hcfc1,-0.013826307446620993,0.013826307446620993,0.4335757191925149
Tmem39a,0.03176029006363555,0.03176029006363555,0.07198841092648996
Thbs1,-0.14120134250774427,0.14120134250774427,9.190951640633813e-16
Spin1,-0.029374904047472346,0.029374904047472346,0.0961122819525104
Mll3,0.010867020975210522,0.010867020975210522,0.5382445867123488
Neurl3,0.02394411623581488,0.02394411623581488,0.17501500949534876
Klhl6,0.12318033230367698,0.12318033230367698,2.5058023312721202e-12
Parl,0.0660014434113802,0.0660014434113802,0.00018251878351223497
Rbbp7,0.05322635635358795,0.05322635635358795,0.0025562506209521113
Psmd2,0.08415066694922498,0.08415066694922498,1.8031037738416718e-06
Abtb1,-0.05711747065631907,0.05711747065631907,0.0012059067215133854
Lman2l,0.05639552160152339,0.05639552160152339,0.0013910928625430747
Nat9,0.034997330709684374,0.034997330709684374,0.047403856171430205
Eif4e3,0.01201954884098403,0.01201954884098403,0.4960301503526438
Sgms2,-0.027260718659821347,0.027260718659821347,0.12254178245456786
Dnttip1,0.03022995829817468,0.03022995829817468,0.08681214223873614
Morf4l2,-0.009588152629223917,0.009588152629223917,0.5871053308462394
Mff,0.0003790276423340215,0.0003790276423340215,0.9828738026660112
Rnf215,0.028318189058546182,0.028318189058546182,0.10868837167423204
Med13,0.011776184933330375,0.011776184933330375,0.5047945232182621
Suv420h2,0.011840432275239796,0.011840432275239796,0.5024728567499734
Uso1,0.03926158192861747,0.03926158192861747,0.026119575188553897
H2-Eb1,0.2984162763609476,0.2984162763609476,5.012990841054153e-67
Atp6v0a1,-0.019644259523890834,0.019644259523890834,0.2658562104715301
Rock2,0.012176702435040005,0.012176702435040005,0.49041392884765805
Map3k11,-0.028172513637378906,0.028172513637378906,0.11051976807715208
Nostrin,0.04188461632330576,0.04188461632330576,0.01763623744575594
Gmip,0.01491715403765359,0.01491715403765359,0.39817953375318127
Lrrc8d,-0.04984399530229915,0.04984399530229915,0.004733078064741427
Tnrc6c,0.013319687080556915,0.013319687080556915,0.4506143458263133
Ccnk,0.03391166782022618,0.03391166782022618,0.05471495590757279
Atmin,-0.003819532212632736,0.003819532212632736,0.8287389330057636
Rnf20,0.08836610252491478,0.08836610252491478,5.31971072740326e-07
Bcl7c,-0.021718853216234006,0.021718853216234006,0.21862674901656695
Fam53b,0.004861158087944181,0.004861158087944181,0.7830763002640224
Copg,0.05633326932727904,0.05633326932727904,0.0014082305914090336
Pacs2,-0.02458501051543835,0.02458501051543835,0.16374758872706902
Rras,-0.009051685676176178,0.009051685676176178,0.6081955646354749
Rbbp8,0.07982242059255917,0.07982242059255917,5.955791261913655e-06
Kin,0.04669641437232172,0.04669641437232172,0.008142927792308819
Man1a2,0.016154721711778976,0.016154721711778976,0.36020262317222423
Ctla2a,0.03403717491280007,0.03403717491280007,0.05382439578609654
Ap2a1,0.01892578811750813,0.01892578811750813,0.2837406318297903
Csf3r,-0.1603834818065441,0.1603834818065441,6.100946760347713e-20
Emilin2,-0.02321349194097296,0.02321349194097296,0.18855409037930396
Tnni2,-0.01821786795503997,0.01821786795503997,0.30214199451116097
Suclg1,0.08141586643878601,0.08141586643878601,3.862639015793508e-06
Ccdc97,-0.019294346425876963,0.019294346425876963,0.27446709380513556
Tm9sf1,0.05055605585524332,0.05055605585524332,0.004169249645924619
Rnmt,0.04749089545254399,0.04749089545254399,0.00712049798583976
Ripk3,0.11526699632801529,0.11526699632801529,5.7550677644068294e-11
Dennd4b,-0.03496097853778738,0.03496097853778738,0.04763465562469455
Uap1l1,0.09116410304892518,0.09116410304892518,2.293354374046499e-07
Rnf8,0.06879401502917129,0.06879401502917129,9.589250096038655e-05
Akap8,0.04187536008995132,0.04187536008995132,0.017661318322387053
Slc24a6,0.028653394485224262,0.028653394485224262,0.10456538562814001
Rbm34,0.05720465298977438,0.05720465298977438,0.0011851546328697166
Gab2,0.005762394393787232,0.005762394393787232,0.744155979594689
Mrpl34,0.09001689319275646,0.09001689319275646,3.247922703361866e-07
Commd7,0.041681715678402745,0.041681715678402745,0.01819323340508707
Entpd7,-0.037828403837978135,0.037828403837978135,0.03209937311235427
Dock10,-0.017264724312857936,0.017264724312857936,0.32814505326930204
Dclre1b,-0.029886010538286746,0.029886010538286746,0.09046189615065636
Gtf3a,0.04800421816375125,0.04800421816375125,0.006522718762252349
Ppp6c,0.08674246909308406,0.08674246909308406,8.569877876287301e-07
Zfp800,0.06714929777932656,0.06714929777932656,0.00014050119761731714
Chmp2b,0.06057177866621918,0.06057177866621918,0.0005955715139558626
Scnm1,0.03785833485544161,0.03785833485544161,0.031963408697228475
Glg1,0.0737129657271659,0.0737129657271659,2.9098836065562788e-05
Brd8,0.050387508929995196,0.050387508929995196,0.004296910890882541
Vps4b,0.055898093629020144,0.055898093629020144,0.001533573175717891
Cox6b2,-0.017764540879806993,0.017764540879806993,0.31433354701849364
Pnkp,0.07357129741789445,0.07357129741789445,3.0147351890111316e-05
Ythdf1,0.03965005812375655,0.03965005812375655,0.02467479676373386
Chd8,0.011592322296774437,0.011592322296774437,0.5114697552376224
Ppp5c,0.0551293842330448,0.0551293842330448,0.001780362896240807
D14Ertd668e,0.08482404150115821,0.08482404150115821,1.4892886951676078e-06
Ccdc59,0.07322546712078477,0.07322546712078477,3.285971174691272e-05
Heatr6,0.07261295999050829,0.07261295999050829,3.8241246192052715e-05
Rab21,-0.027051559406553446,0.027051559406553446,0.12543857165609013
Gamt,0.0161782632965724,0.0161782632965724,0.35950296420893585
Ppp6r3,-0.02715011246509287,0.02715011246509287,0.12406706575994789
Mocs1,0.018711778859494287,0.018711778859494287,0.28922169701278166
Glipr1,0.028871565022756628,0.028871565022756628,0.10194928366673534
Ssfa2,0.04314461825118775,0.04314461825118775,0.014500285818461207
Pik3r2,0.033633636420611686,0.033633636420611686,0.05673158213639334
Chm,-0.028134712034285865,0.028134712034285865,0.11099895983727674
Nrd1,0.06970666987662709,0.06970666987662709,7.729645628965854e-05
Nsf,0.04848908926145376,0.04848908926145376,0.005999916684203752
Nrm,0.09220665193305277,0.09220665193305277,1.6654960917417295e-07
Polr2b,0.08078271264715003,0.08078271264715003,4.592229197159951e-06
Sel1l,0.003053489737067216,0.003053489737067216,0.8627031730299103
Ogfod2,0.0007942664789093345,0.0007942664789093345,0.9641207584068253
Ccdc124,0.08360546553305512,0.08360546553305512,2.1028078410019575e-06
Ube2l6,0.06255749130796219,0.06255749130796219,0.00039052635878897225
Klhl2,0.028443924470646406,0.028443924470646406,0.10712702562625376
Pitpnm1,-0.05432711975507119,0.05432711975507119,0.002076414379827191
Cyp4f16,0.13626890268149452,0.13626890268149452,8.921469381819762e-15
Mrpl41,0.0793679909224764,0.0793679909224764,6.728747436363409e-06
Picalm,-0.03786235246418869,0.03786235246418869,0.03194519595438623
Dazap1,0.029720717555721653,0.029720717555721653,0.09225925980702653
1110021J02Rik,0.01385368223585635,0.01385368223585635,0.43266577991113186
Immt,0.09689423040481557,0.09689423040481557,3.786487484995079e-08
Ptbp1,0.0435662037418473,0.0435662037418473,0.013566736926677961
Mpst,0.10582282360119626,0.10582282360119626,1.8536803009371103e-09
BC017647,-0.013732318241209632,0.013732318241209632,0.4367083299158868
Mak16,0.08078273796315652,0.08078273796315652,4.592197544999998e-06
Maz,0.011486138978108953,0.011486138978108953,0.5153456760267097
Ndufb2,-0.017796294530220493,0.017796294530220493,0.31346919325282563
Afg3l2,0.016840280549544236,0.016840280549544236,0.3401780681448386
Limd2,-0.18961515969209558,0.18961515969209558,2.2920769120251216e-27
Ccni,0.005794108485585006,0.005794108485585006,0.7427975684247272
Kpna4,0.0340998002981363,0.0340998002981363,0.05338456818480408
2500003M10Rik,0.037850764334819015,0.037850764334819015,0.0319977517832652
Mosc2,0.10006821946743932,0.10006821946743932,1.3343368957812125e-08
Ndufb3,0.04073096350494288,0.04073096350494288,0.02101318927579976
Id3,0.09675122294970845,0.09675122294970845,3.965651997363057e-08
AA960436,0.040486045253013414,0.040486045253013414,0.02179857974893613
Plek,0.03971323812141239,0.03971323812141239,0.02444648873394752
Tial1,0.014691935791376084,0.014691935791376084,0.40534139222003185
Zdhhc7,-0.013849103178940005,0.013849103178940005,0.43281791098013883
Pde6d,0.017044634204817468,0.017044634204817468,0.3343497620957729
Iqgap2,0.08723526017021074,0.08723526017021074,7.421741691747801e-07
Glrx3,0.0871660559718107,0.0871660559718107,7.573536655396338e-07
Csrp2,0.0543873387992561,0.0543873387992561,0.0020527157720109444
Treml4,0.027251126381424618,0.027251126381424618,0.12267347933928609
A930001N09Rik,0.01428113000520418,0.01428113000520418,0.41860136328114933
Psmd14,0.1394105467588243,0.1394105467588243,2.117526963805978e-15
Gapt,-0.00015854152141672512,0.00015854152141672512,0.9928359173867014
AI837181,0.005145715429851649,0.005145715429851649,0.7707236436855247
Nr4a2,0.08991594469024375,0.08991594469024375,3.348247433548554e-07
Pdcl3,0.03535670928527922,0.03535670928527922,0.04517232571963322
Ifih1,0.08226639872663682,0.08226639872663682,3.0555072003487752e-06
Nbr1,-0.018280818727536032,0.018280818727536032,0.30047423635165105
Rpl10,-0.12878340811536707,0.12878340811536707,2.404374006818406e-13
Rac2,-0.09189029274572336,0.09189029274572336,1.8359468737421807e-07
Gm9733,-0.06033955894441288,0.06033955894441288,0.0006252100644740662
Hsp90aa1,0.05045731676885472,0.05045731676885472,0.0042436131061857575
Zzef1,-0.013764645995083823,0.013764645995083823,0.43562939532691114
Med9,0.06556872939347125,0.06556872939347125,0.0002012260526533296
Gadd45gip1,0.051323383662218273,0.051323383662218273,0.0036304380742808754
Sf3b2,0.11040915526005726,0.11040915526005726,3.560194561696388e-10
Hax1,0.06842891598168771,0.06842891598168771,0.0001044538732833248
Copb2,0.10434591447345357,0.10434591447345357,3.1079661215289863e-09
Fam89b,0.026340641632295124,0.026340641632295124,0.13568454026441082
Eif3i,0.1566003051894078,0.1566003051894078,4.491861785071836e-19
Rb1,-0.0002806906782168811,0.0002806906782168811,0.9873166755087176
Tsc22d3,-0.1606466618161915,0.1606466618161915,5.300164927710477e-20
Psma6,0.14944052371274494,0.14944052371274494,1.7189319180585804e-17
Xrcc1,0.0508616535151299,0.0508616535151299,0.003946522184078565
Rpf1,0.06966200674314388,0.06966200674314388,7.81209423495658e-05
Adss,0.13737997499511354,0.13737997499511354,5.38490873141532e-15
Psap,-0.2380735478643236,0.2380735478643236,1.3294942965787422e-42
Tmem50b,-0.018415917139060725,0.018415917139060725,0.29691580583458144
Myst1,0.06532698790051315,0.06532698790051315,0.00021244638767582157
Usp12,0.05460996599484837,0.05460996599484837,0.001967240443341719
Ndufs7,0.044965183090853116,0.044965183090853116,0.010837893567273056
Gnptab,0.017314167015292033,0.017314167015292033,0.3267615165187719
Rps15a-ps6,-0.10429308630064035,0.10429308630064035,3.165538535445598e-09
Phospho1,-0.1397836928463772,0.1397836928463772,1.7810962390614638e-15
Pigf,0.05286469692333499,0.05286469692333499,0.002734779795052199
Fkbp4,0.02946760467862262,0.02946760467862262,0.09506700676861349
Wls,0.040289734422470594,0.040289734422470594,0.02244641357201475
Zmpste24,0.04297895085999268,0.04297895085999268,0.014882355316677013
Nlrc5,0.021125885629472464,0.021125885629472464,0.23146494165620085
Cep110,0.08726772851407708,0.08726772851407708,7.351538224034248e-07
2310004I24Rik,0.05810554645437525,0.05810554645437525,0.0009892070310276032
Mau2,0.03167412341930658,0.03167412341930658,0.07276407383380049
Isyna1,0.05892952494691142,0.05892952494691142,0.0008366846409680952
Armc1,0.0396154384417765,0.0396154384417765,0.024800680125791213
D8Ertd738e,-0.05244669103363913,0.05244669103363913,0.002955264136534122
Hsp90ab1,-0.0135881201142988,0.0135881201142988,0.44153962122500695
Cno,0.02591482357580391,0.02591482357580391,0.142123987937787
Lmbrd1,0.06958049739248647,0.06958049739248647,7.964707929656566e-05
Gng5,-0.25952037776800363,0.25952037776800363,1.4485470878349663e-50
Med6,0.029999798971731266,0.029999798971731266,0.08924102755496291
Smu1,0.07583001470308569,0.07583001470308569,1.701745080142471e-05
Slc35b2,0.06495438735115497,0.06495438735115497,0.0002308966328462376
Clec10a,0.1115206423611424,0.1115206423611424,2.3623499027980937e-10
Fcf1,0.10021095514389272,0.10021095514389272,1.2722264394515205e-08
Tpst1,0.024542269817711515,0.024542269817711515,0.16448157190348314
Trim12a,0.06535480830344831,0.06535480830344831,0.00021112583459936715
Larp4b,-0.0507695264944348,0.0507695264944348,0.004012502066284536
Ino80d,-0.008517405640446798,0.008517405640446798,0.6295287287967111
Tmem38b,0.04476873944435747,0.04476873944435747,0.01118899453067284
Ifi27l1,0.1024091726898354,0.1024091726898354,6.055534970630609e-09
Nhp2l1,0.05119057277237809,0.05119057277237809,0.0037189119696087233
Ino80e,0.024572230378365385,0.024572230378365385,0.16396680213371573
Rab11fip1,-0.054047893407493545,0.054047893407493545,0.002189614009185994
Ddit4,-0.26352137289487076,0.26352137289487076,3.886284178447352e-52
Frg1,0.057282036303894605,0.057282036303894605,0.0011670118121720932
Prex1,-0.02524590693628403,0.02524590693628403,0.15270993624554752
Hps1,0.03144532900093429,0.03144532900093429,0.07485688105522699
Cpne3,0.0536780692205927,0.0536780692205927,0.002348247455692525
Tbxas1,0.09755071542037733,0.09755071542037733,3.059855342943293e-08
Rps10,-0.25062891788772473,0.25062891788772473,3.594992475915264e-47
Sqrdl,0.11372413868237422,0.11372413868237422,1.0352235140826364e-10
Gm15987,0.07016869452342461,0.07016869452342461,6.92364541519886e-05
Fam168b,-0.05592900300467782,0.05592900300467782,0.00152434239182571
Taf9,0.07291161050404557,0.07291161050404557,3.552049110335393e-05
Irgm1,0.09845721548457347,0.09845721548457347,2.2747604664405695e-08
Herc2,0.009786050336503484,0.009786050336503484,0.5794117135947889
Mrps17,0.054334659201708935,0.054334659201708935,0.0020734336294339077
Snx18,0.016290778015486094,0.016290778015486094,0.356170810393261
Ccdc101,0.008494863171368917,0.008494863171368917,0.6304358218314722
Serhl,0.0779878866468886,0.0779878866468886,9.708482113769558e-06
Crip2,-0.09228955633630818,0.09228955633630818,1.6234215174202628e-07
Cap1,0.012885422413646135,0.012885422413646135,0.46551638418658586
Ndufa4,0.04173300323329618,0.04173300323329618,0.018051005712095967
Haus8,0.069625585199335,0.069625585199335,7.879943251164926e-05
Slc44a2,-0.0523906408421296,0.0523906408421296,0.0029860307788395503
Rap1a,-0.04617924936203553,0.04617924936203553,0.008877177133443062
Il10rb,-0.015317478750127058,0.015317478750127058,0.3856389947523399
Hsdl1,-0.01427302791384639,0.01427302791384639,0.418865422564157
B230219D22Rik,0.030026375403124212,0.030026375403124212,0.0889578009148587
Mnt,0.047092261929761355,0.047092261929761355,0.0076181456184242005
Lsm6,0.04055012917414391,0.04055012917414391,0.021590650957283273
Lpcat2,0.09789822348993256,0.09789822348993256,2.7319587131509852e-08
Fbxo18,0.0014726354919929396,0.0014726354919929396,0.9335315366158773
1110059G10Rik,0.03732567040206417,0.03732567040206417,0.03445820549447096
Rfk,0.010816415488320368,0.010816415488320368,0.5401386121899959
Actl6a,0.05253001042542507,0.05253001042542507,0.002910063196756934
Deaf1,0.014734391668840925,0.014734391668840925,0.40398545659802665
Gramd1a,-0.006803059694810489,0.006803059694810489,0.7000193460170142
Adam15,0.009394611736413228,0.009394611736413228,0.5946749842757887
Mark3,0.04746001589232988,0.04746001589232988,0.00715797836709034
Phactr2,-0.06324541680209593,0.06324541680209593,0.00033645751888764045
Lrpap1,0.11154939593082368,0.11154939593082368,2.337291665386947e-10
Stmn1,0.11593831903924456,0.11593831903924456,4.446793000440269e-11
Tnfaip2,-0.07828423725687464,0.07828423725687464,8.978041788503313e-06
2310039H08Rik,0.06164011489923418,0.06164011489923418,0.0004753097706913171
Itfg3,0.04436914126534664,0.04436914126534664,0.011934495188068219
Hnrnpd,-0.0010146737744520825,0.0010146737744520825,0.9541741038642932
Nip7,0.06448896577569338,0.06448896577569338,0.0002560561389460487
Il16,-0.021091380197216944,0.021091380197216944,0.23222815234641225
Ldlr,-0.0034078078109651172,0.0034078078109651172,0.8469581393793248
Rgl2,-0.04407682922392,0.04407682922392,0.012507389969895099
Pop7,0.04421173140297166,0.04421173140297166,0.01224004144701539
Ppp1r10,0.02105723090400651,0.02105723090400651,0.2329852418412161
Mocs2,0.035861305559579545,0.035861305559579545,0.042188984097219426
Traf3ip3,0.04471318881170907,0.04471318881170907,0.011290093706584566
Tmem110,0.011998823647935237,0.011998823647935237,0.49677336133584066
Wwp2,-0.0019108368464325423,0.0019108368464325423,0.913821218143764
Pigs,0.057890123810177836,0.057890123810177836,0.0010331246888996904
Dhx15,0.037348825392429924,0.037348825392429924,0.034346396799967205
Tmem68,0.06850645799111853,0.06850645799111853,0.00010257736542276886
Psmg4,-0.010954236812602746,0.010954236812602746,0.534988171933745
1110038F14Rik,0.012061426301245102,0.012061426301245102,0.49453022487448195
Slc25a24,0.020821244688366432,0.020821244688366432,0.23826489902028292
Adora2b,-0.004830411179801941,0.004830411179801941,0.7844143655498456
Gusb,0.115593802845553,0.115593802845553,5.076987013962753e-11
Ggh,0.10705323267838412,0.10705323267838412,1.1986967052559521e-09
1700011J10Rik,-0.015811716632194227,0.015811716632194227,0.37049351639481004
Cyb5,0.023832546466698617,0.023832546466698617,0.17703423004413482
Etfb,0.13443856886737776,0.13443856886737776,2.0310717878669218e-14
R3hdm2,0.018049543674020518,0.018049543674020518,0.3066316063698738
Notch2,-0.135299518895814,0.135299518895814,1.3812411819103237e-14
Ccdc109b,0.10382323060065808,0.10382323060065808,3.725395379783776e-09
Tpp1,0.0482721024254986,0.0482721024254986,0.006229025833732206
Usp15,0.047264994210998244,0.047264994210998244,0.00739880437658683
Glud1,-0.05194503954018728,0.05194503954018728,0.0032412129113664244
Prkd3,-0.000908098484843757,0.000908098484843757,0.9589828938739582
Tnfaip1,0.03643064242174474,0.03643064242174474,0.03902463205663925
2610027L16Rik,0.0656479388686861,0.0656479388686861,0.00019767229061020664
Thap11,0.04646693157089381,0.04646693157089381,0.008461755244333275
Dnajc2,0.09040119388865188,0.09040119388865188,2.891881342093909e-07
Smap1,-0.019933945743849876,0.019933945743849876,0.2588695225357358
Kars,0.10303004996172004,0.10303004996172004,4.896232189881794e-09
Dhx38,0.013667257472814005,0.013667257472814005,0.4388843823818487
Sec62,-0.021623972378859407,0.021623972378859407,0.2206458922625899
Wdr43,0.10396874197966058,0.10396874197966058,3.5424399961684e-09
Fdx1,0.002397218260220576,0.002397218260220576,0.8920061433047728
Nr2c2ap,0.040573120778152956,0.040573120778152956,0.021516473425925633
Tufm,0.09846095174242048,0.09846095174242048,2.271969911027004e-08
Rell1,0.08049102015953125,0.08049102015953125,4.9711349015339755e-06
Lyz2,-0.21874562272022574,0.21874562272022574,4.465521150283065e-36
Mnda,0.024854183836921503,0.024854183836921503,0.15918168915359965
Synj2bp,0.012343021853887573,0.012343021853887573,0.4845075709338337
Atp13a2,0.04745725731131669,0.04745725731131669,0.007161335220577814
Ndufb4,0.03728839397300397,0.03728839397300397,0.03463885542857151
Ubqln1,0.011741318727831393,0.011741318727831393,0.50605682333697
Mcfd2,0.002391082886541674,0.002391082886541674,0.8922808529842539
Psmd10,0.07480386746666833,0.07480386746666833,2.2109638747558014e-05
Rnft1,0.029095716431262183,0.029095716431262183,0.09931597346096704
Acot13,0.10201999365201934,0.10201999365201934,6.913954350073287e-09
Rnf187,0.04484380947182909,0.04484380947182909,0.011053648246592235
Kcnq1ot1,0.001992815677879109,0.001992815677879109,0.9101393132404553
Rps3a,-0.24137120373620002,0.24137120373620002,8.897178490309479e-44
Exosc3,0.04540160528038725,0.04540160528038725,0.010092694342323592
Galk1,0.07109730394730902,0.07109730394730902,5.5378665591505384e-05
Ikbkb,-0.004071434864786825,0.004071434864786825,0.8176365725271547
Wibg,0.09293090661801023,0.09293090661801023,1.330895451923631e-07
Rbm47,-0.019012987277933283,0.019012987277933283,0.28152763375491363
Syap1,0.06405355648548813,0.06405355648548813,0.0002818994716505136
Trim28,0.04066756238265794,0.04066756238265794,0.02121409931343409
Sod2,0.07132163725064933,0.07132163725064933,5.244892005103429e-05
Pdia6,0.10938737627951606,0.10938737627951606,5.172317160812425e-10
Col4a3bp,-0.014943429419263023,0.014943429419263023,0.39734897865999336
Sap30,-0.02669449849007821,0.02669449849007821,0.1305066695241613
Nme3,0.03871810469511053,0.03871810469511053,0.02826314070475098
Ift52,0.10823314227190506,0.10823314227190506,7.855075730006358e-10
Isca2,0.04855856381061645,0.04855856381061645,0.005928181310365351
Usp32,-0.022338225288976533,0.022338225288976533,0.20577144422931137
Sept11,0.04670445767459826,0.04670445767459826,0.008131950572731748
Beta-s,0.586792063074225,0.586792063074225,2.2319337869926052e-296
Mx1,0.024229516842376505,0.024229516842376505,0.16992800001196304
Atp1a3,-0.08770023101052288,0.08770023101052288,6.475251311748173e-07
Map4k1,0.0675013156317427,0.0675013156317427,0.00012956246596980712
Gnb2l1,-0.1939448130611895,0.1939448130611895,1.411107211455258e-28
D14Ertd449e,0.08100053850009939,0.08100053850009939,4.327479451859331e-06
2310001H17Rik,-0.1015805582465484,0.1015805582465484,8.025647199674338e-09
Arcn1,0.0060598909145188045,0.0060598909145188045,0.7314451217343083
Timm8b,0.04135212012714754,0.04135212012714754,0.019130869841092264
Sav1,-0.0021166058127334,0.0021166058127334,0.9045832213902035
Rbm26,-0.014271219349055769,0.014271219349055769,0.4189243797689365
Wbp1,0.016856426526990227,0.016856426526990227,0.33971521967712204
Dld,0.08581118433165114,0.08581118433165114,1.1223168426655872e-06
Rgs18,0.008796479260925782,0.008796479260925782,0.6183455913071252
Hspa14,0.07575716585644096,0.07575716585644096,1.7338543906381342e-05
Zc3hc1,0.06496501535814901,0.06496501535814901,0.00023035015788828883
Stard3,0.09923304066887338,0.09923304066887338,1.7612502543695937e-08
Pfkl,0.11675637339882644,0.11675637339882644,3.24112847776566e-11
Abl1,-0.01854315687050649,0.01854315687050649,0.29359022996630657
Lamtor3,0.056652156639833834,0.056652156639833834,0.0013224529463906234
Utrn,0.007655341658046104,0.007655341658046104,0.6646043116229547
Rab11a,0.01998120710492671,0.01998120710492671,0.25774184504256
Crcp,0.08655139876182105,0.08655139876182105,9.059529967664715e-07
Gpr108,0.11266450263288857,0.11266450263288857,1.542411717837339e-10
Isg20l2,0.03447379036924342,0.03447379036924342,0.0508200059991393
Gyk,0.08753936945924234,0.08753936945924234,6.788725589771086e-07
Fis1,-0.043958914755300206,0.043958914755300206,0.012745292000697971
Nudcd3,-0.0008627735755402671,0.0008627735755402671,0.9610284642374158
Mll1,0.02088229111387493,0.02088229111387493,0.23689109732936237
Ccr1,-0.026267354053753852,0.026267354053753852,0.13677649439393066
Cwc25,0.056465380626163186,0.056465380626163186,0.0013720900646882117
Eps15,-0.012661847496442042,0.012661847496442042,0.47329395656786505
A430005L14Rik,0.053770786725431466,0.053770786725431466,0.002307518169376359
Atp5c1,0.021547475573302968,0.021547475573302968,0.22228351367553825
1110004F10Rik,0.04571294592276169,0.04571294592276169,0.009589304426467899
Nfkb1,-0.050732754677203035,0.050732754677203035,0.004039115778306601
Paip1,-0.006760272750148732,0.006760272750148732,0.7018153864380963
Gnpda1,0.044584595104409284,0.044584595104409284,0.011527244042044268
Cyfip2,-0.014748449145263434,0.014748449145263434,0.40353709428806467
Mat2b,0.0188710318187048,0.0188710318187048,0.28513627566616623
Npm3-ps1,0.021922184979222516,0.021922184979222516,0.21434443927414717
Zmynd11,-0.01926010031474311,0.01926010031474311,0.27531995904936235
Hlx,-0.03640754640786017,0.03640754640786017,0.039148962324345414
Ncoa1,-0.017952504300328558,0.017952504300328558,0.3092398537976151
Arf2,0.018281156455926376,0.018281156455926376,0.3004653054658416
Chd7,0.04107598578599893,0.04107598578599893,0.01994865292287885
Ttc7,-0.0666853454432695,0.0666853454432695,0.00015624998225400452
Sec14l1,0.008930014385998514,0.008930014385998514,0.6130254086128404
Ccs,0.061572806300608414,0.061572806300608414,0.0004821621550334146
Sh2d3c,-0.05180211697498607,0.05180211697498607,0.003327172784086956
Rnf44,-0.10921608766169935,0.10921608766169935,5.504698040020202e-10
Vps36,0.016108256708898795,0.016108256708898795,0.3615860745949046
Ccrl2,-0.06253139415797512,0.06253139415797512,0.00039272917232149065
Arap1,-0.043799232685702946,0.043799232685702946,0.01307384117826651
Mark2,-0.031073949950357296,0.031073949950357296,0.07835833435858221
Usp4,0.00774984134683522,0.00774984134683522,0.6607214833624417
Nhlrc2,0.006530668206636934,0.006530668206636934,0.7114815900220863
2900092E17Rik,0.050105669979626365,0.050105669979626365,0.004518317381019451
Reep3,-0.06600601076548542,0.06600601076548542,0.00018233033799845252
Marcks,-0.07637978228373785,0.07637978228373785,1.4770557992481682e-05
Smek1,0.04655998224580957,0.04655998224580957,0.00833115604111544
Mrps26,0.032282835324219286,0.032282835324219286,0.06742831388763194
Pcbp2,-0.041142690534079374,0.041142690534079374,0.019748359169028774
Icam2,0.057397518443025874,0.057397518443025874,0.0011404132196162306
2810021B07Rik,0.06422753443057509,0.06422753443057509,0.0002712931489352349
Htra2,0.07471225552846855,0.07471225552846855,2.2628816103992952e-05
Gatad2a,0.002040953308876772,0.002040953308876772,0.9079782072916099
Nudt4,-0.11257661405676143,0.11257661405676143,1.5940120704753232e-10
Cd82,0.0070473188020705995,0.0070473188020705995,0.6897985870801312
Cyb5r3,0.007938421711320018,0.007938421711320018,0.6530003505053751
Churc1,0.054495293719982095,0.054495293719982095,0.002010851116079265
Irf1,0.09718565973687154,0.09718565973687154,3.445338840785042e-08
Clptm1,0.0767855202448893,0.0767855202448893,1.3296794244711565e-05
Mesdc1,0.01774947751321441,0.01774947751321441,0.31474412837855503
Raph1,-0.00787411723798161,0.00787411723798161,0.655629079520457
Dhrs7b,0.07244980253196913,0.07244980253196913,3.9809997664188185e-05
Chid1,0.09080629039761612,0.09080629039761612,2.557438940222761e-07
Agps,-0.002101448960582661,0.002101448960582661,0.9052632635078893
Tusc2,-0.008033956776337366,0.008033956776337366,0.6491028792074867
Cln8,0.06196098058548536,0.06196098058548536,0.00044387423630814663
Nol12,0.08643465651983623,0.08643465651983623,9.371837530049098e-07
Sugt1,0.11109171266734572,0.11109171266734572,2.7688066516005965e-10
Aida,0.010349160172025747,0.010349160172025747,0.557782604899243
Fam100a,-0.017351247315685485,0.017351247315685485,0.32572640128622243
Cd24a,-0.0499240435533209,0.0499240435533209,0.004666420628648676
Ids,-0.03740590679420025,0.03740590679420025,0.03407209003800814
Ube2h,-0.011569963385219867,0.011569963385219867,0.5122846375926893
Cux1,0.08122885207150951,0.08122885207150951,4.065698098287258e-06
Nosip,0.025966370926767415,0.025966370926767415,0.1413322042287153
Sft2d2,-0.034097987271024,0.034097987271024,0.0533972590462529
Plin3,0.10235417877424649,0.10235417877424649,6.170225521787048e-09
Mapk14,0.004168910317522463,0.004168910317522463,0.8133501013370867
Atad1,0.042298867366689766,0.042298867366689766,0.0165452544294148
Erlin1,0.011147225160834157,0.011147225160834157,0.5278179575736474
Ms4a4c,0.1455362753461344,0.1455362753461344,1.165595657267358e-16
Nfatc1,-0.03811381074289966,0.03811381074289966,0.030822835815404022
Usp47,0.015017471802110686,0.015017471802110686,0.3950141499424315
Pik3r1,-0.00897955039144789,0.00897955039144789,0.6110569914592365
Apoa1bp,0.07160909488247377,0.07160909488247377,4.890901001860055e-05
Lgals8,0.06671139090017122,0.06671139090017122,0.00015532358708953247
Exosc7,0.0583285974700211,0.0583285974700211,0.0009455598149967997
Msl3,0.05470103674114943,0.05470103674114943,0.0019332257656057385
Cnpy3,0.02834904327067557,0.02834904327067557,0.10830357680548323
Rps27,-0.35962771369303,0.35962771369303,1.3046646519549618e-98
Fam43a,-0.021923361612913764,0.021923361612913764,0.21431983574338262
Atp8a1,0.034261673960242905,0.034261673960242905,0.052261587582287945
Tmem147,-0.0026350374668690467,0.0026350374668690467,0.8813681506496157
Dnajb1,0.01773356019898973,0.01773356019898973,0.3151783684616375
Taf7,0.007411951450786892,0.007411951450786892,0.674646089888729
Gpr146,0.10750439075707385,0.10750439075707385,1.0203620394306871e-09
H1f0,-0.10997677583515451,0.10997677583515451,4.171533751376122e-10
Snhg1,0.10375608570077718,0.10375608570077718,3.8128875384443684e-09
Cxcl2,-0.21495830385551737,0.21495830385551737,7.212046034931388e-35
Macf1,0.06731600545142817,0.06731600545142817,0.0001352167367834926
Tmem165,0.01840697938171232,0.01840697938171232,0.297150348510212
Sc4mol,0.053417855678783974,0.053417855678783974,0.0024660947697272965
Plk3,-0.1480715622695843,0.1480715622695843,3.382881136379255e-17
Mkln1,0.05609943478256254,0.05609943478256254,0.0014743568089814545
Hadhb,0.09580901660512624,0.09580901660512624,5.36891853470092e-08
Gtf3c2,-0.021154737010388037,0.021154737010388037,0.23082815873387302
Esco1,0.08447879735358803,0.08447879735358803,1.6429823940629905e-06
Ppp1cc,0.03975429371955335,0.03975429371955335,0.02429911250545346
Slc12a9,0.022862223654308227,0.022862223654308227,0.1953317514110769
Gemin7,-0.029522155538305235,0.029522155538305235,0.09445616809809614
1810008A18Rik,0.05829081731865021,0.05829081731865021,0.0009528250179096947
Lgals3bp,-0.005619594581931438,0.005619594581931438,0.7502823369532414
Gstp1,0.006663620357716401,0.006663620357716401,0.7058786223302634
Mrpl52,0.05832355494778984,0.05832355494778984,0.0009465265276474925
Trafd1,0.08353157291816037,0.08353157291816037,2.1469350027698575e-06
Pafah1b1,0.07365084381165884,0.07365084381165884,2.9554274865815582e-05
Tmem173,0.1380070657947864,0.1380070657947864,4.042375911231725e-15
Gtf2e2,0.03647033955852191,0.03647033955852191,0.03881171798974729
Ubash3b,0.06656671539111363,0.06656671539111363,0.00016053560098911758
Uchl5,0.07324879841322093,0.07324879841322093,3.266966543937667e-05
Pin1,0.0054350034867720965,0.0054350034867720965,0.758224946203136
Shc1,0.00794422727674139,0.00794422727674139,0.6527632335709446
Trp53,0.06348664971590667,0.06348664971590667,0.00031921671322412547
Rpl15,-0.201206608476766,0.201206608476766,1.1315863919134965e-30
Pum1,0.012798422810656466,0.012798422810656466,0.4685343996778365
Zfp131,0.07530990307877235,0.07530990307877235,1.9440013726048717e-05
Slc16a6,0.03588951141492931,0.03588951141492931,0.04202725862442001
Glipr2,-0.055858110472776355,0.055858110472776355,0.0015455900928208776
2900064A13Rik,0.10717622841175246,0.10717622841175246,1.1472721798125085e-09
Atic,0.08368602730706937,0.08368602730706937,2.0556903699570153e-06
Frat2,0.0013479223066586417,0.0013479223066586417,0.9391491294647704
Rbpj,0.031791015432533466,0.031791015432533466,0.0717134670378748
Prrc2a,-0.01592022355159554,0.01592022355159554,0.3672185154185764
Plscr3,0.01040613427657539,0.01040613427657539,0.5556162884969945
Jarid2,0.023697742231999417,0.023697742231999417,0.1794970353355029
Rhoq,0.04396182489914034,0.04396182489914034,0.012739372705202506
Nap1l1,0.0055613844911804365,0.0055613844911804365,0.7527841982532051
Itfg1,0.053324204969970715,0.053324204969970715,0.0025098147763760684
Ubr5,0.029676235164354376,0.029676235164354376,0.09274781723721681
Pld4,-0.002159914375072263,0.002159914375072263,0.9026404842948357
Sec23b,0.03130759632039706,0.03130759632039706,0.07614025752750486
Slc25a28,-0.014973558209842884,0.014973558209842884,0.3963979049990724
Arhgap26,-0.007568194849530267,0.007568194849530267,0.6681930162667622
Trappc5,0.07278978982676546,0.07278978982676546,3.6607334725953176e-05
Tom1,0.017941635682785197,0.017941635682785197,0.3095328930412746
Tomm34,0.043157068891465346,0.043157068891465346,0.014471924005932483
0610011F06Rik,0.03420664507276553,0.03420664507276553,0.052641108467706886
Ryr1,0.040792767413799065,0.040792767413799065,0.020818937754940602
Slc1a5,0.03407929134428449,0.03407929134428449,0.05352827410234673
Pop5,0.0754352619940321,0.0754352619940321,1.8827755629860706e-05
Snrnp40,0.05823630653984607,0.05823630653984607,0.0009633986707148645
Gak,0.003109996794535177,0.003109996794535177,0.8601883107056428
Dbndd2,0.004594145661047842,0.004594145661047842,0.7947173162275665
Ethe1,0.03776530042842254,0.03776530042842254,0.03238765031114823
Napg,0.014431429981619746,0.014431429981619746,0.4137206457799459
Taok1,-0.010793231275434603,0.010793231275434603,0.5410074459738867
Smc6,0.06663217936388827,0.06663217936388827,0.00015815717247108336
C130022K22Rik,0.026059766177948064,0.026059766177948064,0.13990626029857192
H2-D1,-0.12177728447495659,0.12177728447495659,4.43399702829897e-12
Trim8,0.013915736890937119,0.013915736890937119,0.4306071763851204
H2afz,-0.09284871050574524,0.09284871050574524,1.3653201694843558e-07
Setd2,-0.007432716627145225,0.007432716627145225,0.673787066499179
Ap1s1,0.03033675466548462,0.03033675466548462,0.08570337660268311
Rbms1,-0.04889864135230093,0.04889864135230093,0.005588062104432138
Ppil3,0.021884271179668773,0.021884271179668773,0.21513831062944078
Ppp1r12c,0.004519110928863562,0.004519110928863562,0.7979969905002616
Ttc1,0.07684041221817833,0.07684041221817833,1.3108524129839206e-05
Commd4,0.1024830379132039,0.1024830379132039,5.90474482754966e-09
Stk4,-0.01650298894462997,0.01650298894462997,0.34993929316701683
Dnajc4,0.0075419165928701255,0.0075419165928701255,0.6692766485967409
Hscb,0.10094410761148477,0.10094410761148477,9.949135814330319e-09
Adam17,0.09030619656615321,0.09030619656615321,2.976215408579912e-07
Metap2,0.050870999721568236,0.050870999721568236,0.003939883905898234
Slc7a7,0.03740207925229714,0.03740207925229714,0.03409042470474972
Ndufa6,-0.10742834645811622,0.10742834645811622,1.0484930728628862e-09
Csda,-0.0184964726893157,0.0184964726893157,0.2948074692403264
2210013O21Rik,0.034145444345265584,0.034145444345265584,0.0530658968477136
Impa1,0.10125648728683341,0.10125648728683341,8.954897025943124e-09
Rnf19b,-0.0024041171930617123,0.0024041171930617123,0.8916972609457393
Fam168a,-0.02652563150528492,0.02652563150528492,0.1329582032892098
Bax,-0.015930237050363918,0.015930237050363918,0.3669171953282262
Rbm5,0.0546104465593464,0.0546104465593464,0.001967059521575776
1190002H23Rik,0.005158817932163848,0.005158817932163848,0.7701562338575076
C87436,0.012400759551313475,0.012400759551313475,0.48246622955033486
Rtcd1,0.029695440960587127,0.029695440960587127,0.09253662274259104
Rnps1,-0.00037552038002464165,0.00037552038002464165,0.9830322527791618
Rod1,-0.0640966751969209,0.0640966751969209,0.00027923518751819684
Chtf8,0.027486235166198098,0.027486235166198098,0.11947726513818827
Lipe,-0.012380802225639496,0.012380802225639496,0.48317130064516595
B3gnt2,0.11241588878138717,0.11241588878138717,1.6927714685530416e-10
Ypel5,-0.04208529206152556,0.04208529206152556,0.01710010144212221
0610009B22Rik,0.07872819682401787,0.07872819682401787,7.98119368130968e-06
Brd7,0.05066952704025498,0.05066952704025498,0.00408525167224506
D19Ertd737e,0.01004253592205159,0.01004253592205159,0.5695113487306079
Hdac2,0.022560542749489355,0.022560542749489355,0.20129373296910738
Phf3,0.012514858566854243,0.012514858566854243,0.4784459856655311
Fkbp8,0.020663799757413222,0.020663799757413222,0.24183399092653893
Ppp2r3c,0.07196173490118032,0.07196173490118032,4.487528408959552e-05
Ppa2,0.04327738079114786,0.04327738079114786,0.014200369970640937
Relt,-0.09576190300559426,0.09576190300559426,5.450463314772574e-08
Nod1,-0.017957832851277153,0.017957832851277153,0.3090962525815671
Commd6,0.035686172420967305,0.035686172420967305,0.043204977046618784
Ccdc55,0.04554618404222976,0.04554618404222976,0.009856078810899498
Cisd3,0.04858695488478155,0.04858695488478155,0.005899089386882423
2410004N09Rik,0.02714383218844397,0.02714383218844397,0.1241541143859032
Etohi1,0.0014500284116436139,0.0014500284116436139,0.9345496148907897
Arfgef1,-0.017046821027011785,0.017046821027011785,0.3342877424400811
Ssh2,-0.09911534936878735,0.09911534936878735,1.8311801330780367e-08
Cyb561d2,0.09750444031300588,0.09750444031300588,3.106299671728086e-08
Rragc,0.0017808956153337286,0.0017808956153337286,0.9196610101752783
Hpse,0.06417429538328993,0.06417429538328993,0.00027449842302533435
Slc15a3,0.027863252681569566,0.027863252681569566,0.11448843299296795
Selk,-0.0634934444523632,0.0634934444523632,0.00031874328203612044
Anxa7,0.05477485435636074,0.05477485435636074,0.0019060520810674545
Rab1b,-0.007451473925883862,0.007451473925883862,0.6730114712163705
Fbxo6,0.07370293742881373,0.07370293742881373,2.9171903118033915e-05
Idh3g,0.09935110364585953,0.09935110364585953,1.6937067400622576e-08
Cln5,0.07469704857298214,0.07469704857298214,2.2716110511557158e-05
Ndufv1,0.17050646059740895,0.17050646059740895,2.292480416682595e-22
Wbp5,0.028353272786211164,0.028353272786211164,0.10825091296236376
Ebna1bp2,0.07363102396436863,0.07363102396436863,2.9701000890732016e-05
Alas1,0.1273562076912985,0.1273562076912985,4.4113714716000754e-13
Bin1,0.05341487901424467,0.05341487901424467,0.002467473612602787
Zbtb8os,0.05914699136849796,0.05914699136849796,0.0008002361752603999
Tgfb1,-0.1065104968437471,0.1065104968437471,1.453730784361827e-09
Pdcd5,0.035244002587093703,0.035244002587093703,0.04586244053922084
Isca1,0.05181015846866241,0.05181015846866241,0.00332228171782106
Keap1,0.07371613482093808,0.07371613482093808,2.907578195298224e-05
Fpr2,0.07758732629508658,0.07758732629508658,1.078638727531666e-05
Hsd17b10,0.06136678859752844,0.06136678859752844,0.0005037125119034796
Skp1a,0.08543289971948198,0.08543289971948198,1.2512860950576061e-06
Nudt22,0.10008840833969548,0.10008840833969548,1.3253763475100666e-08
Gtf3c6,0.035074562673803635,0.035074562673803635,0.04691662990831631
Bhlhe40,0.020202147412237127,0.020202147412237127,0.25251530791881094
Eif2b1,0.08850482163320342,0.08850482163320342,5.10536006129539e-07
Ptges3,0.00570712889121743,0.00570712889121743,0.7465250696371126
Ahcy,0.10591622656239837,0.10591622656239837,1.7936491737098473e-09
Api5,0.005973688798696968,0.005973688798696968,0.7351208022726556
Strn4,-0.04282911100611161,0.04282911100611161,0.015235530162424385
Idh3b,0.11170489497254814,0.11170489497254814,2.2062083551887952e-10
Srsf1,-0.006341951606023909,0.006341951606023909,0.7194613778932651
Eef1e1,0.07647520741187455,0.07647520741187455,1.4410554000695202e-05
Pon2,0.04943122097529192,0.04943122097529192,0.005090672017573742
Polr2c,0.03601649468311874,0.03601649468311874,0.04130564732444249
Sars,0.09913244970514247,0.09913244970514247,1.820854639926591e-08
Polr3k,0.04751724731028874,0.04751724731028874,0.007088652518678779
Ap2b1,0.0363112982094709,0.0363112982094709,0.039670711144498945
Rnf220,-0.03229671672836436,0.03229671672836436,0.06731049186877698
Psme2,0.041520544157121544,0.041520544157121544,0.018646588369928895
Copb1,0.1293995848601011,0.1293995848601011,1.8462958269959545e-13
Cggbp1,0.026642750068693166,0.026642750068693166,0.13125417564517305
Anxa4,0.027370966057497188,0.027370966057497188,0.12103606005259589
C80913,0.015675663431858854,0.015675663431858854,0.3746254584186564
Dap3,0.1225846573118989,0.1225846573118989,3.1953405794323265e-12
Cmtm3,-0.006884009874685432,0.006884009874685432,0.6966259422745911
Gp49a,-0.016240495515836527,0.016240495515836527,0.3576575278483879
Crebbp,0.0645325296914431,0.0645325296914431,0.00025359643467200567
Ctdsp1,-0.06658179584168375,0.06658179584168375,0.00015998473633594356
Nt5c,0.03872542023984563,0.03872542023984563,0.028233310182465717
Ccndbp1,-0.011471345782568363,0.011471345782568363,0.5158868668044279
Mrpl28,0.10317742660882759,0.10317742660882759,4.654528812170747e-09
Ino80c,0.004645087597926296,0.004645087597926296,0.7924927691567764
Ube2v2,0.07434493021032042,0.07434493021032042,2.482931610144939e-05
Atp5j,-0.019601094357895782,0.019601094357895782,0.2669082783926436
Selplg,-0.05911004791235724,0.05911004791235724,0.0008063223713200518
Ncln,0.06296358658546046,0.06296358658546046,0.0003577017939958863
Creld2,0.06472703871818464,0.06472703871818464,0.0002428818559820562
Ptprj,-0.08737473394650434,0.08737473394650434,7.12466762976879e-07
Sepw1,-0.15266639317861228,0.15266639317861228,3.4000305815865453e-18
Prpf40a,0.09425874068642905,0.09425874068642905,8.783787427927428e-08
Agpat5,0.04235961741709242,0.04235961741709242,0.016390347060676106
AI462493,0.03403349430740476,0.03403349430740476,0.053850339036495526
Smad2,0.016247698469129948,0.016247698469129948,0.3574443167399531
1110034G24Rik,0.022678754245680326,0.022678754245680326,0.19894195636363232
Pdzd8,0.003300855441766276,0.003300855441766276,0.8517047115832749
Ehbp1l1,0.05691929176560719,0.05691929176560719,0.0012543336258974043
Slc25a46,-0.037506155984354396,0.037506155984354396,0.0335948683584619
BC003266,0.020850198466959634,0.020850198466959634,0.23761261778523832
Stard7,0.031870861429699505,0.031870861429699505,0.0710029897065391
Peli1,-0.10642971171882869,0.10642971171882869,1.4959538613699695e-09
Tmem222,0.06332166849354554,0.06332166849354554,0.00033091590069685134
Cct3,0.12363434395104601,0.12363434395104601,2.0803759185227704e-12
Gipc1,0.0591218172000962,0.0591218172000962,0.0008043788126594536
Plbd2,0.0517664151817592,0.0517664151817592,0.0033489668845019254
Raly,-0.050708482038952576,0.050708482038952576,0.00405677081955325
Lyrm2,0.016550813138015513,0.016550813138015513,0.3485445535001611
Brd4,0.032004292091167216,0.032004292091167216,0.06982859167864028
Arrb1,-0.061403957897679724,0.061403957897679724,0.0004997592492346594
Khdrbs1,0.06882698368228508,0.06882698368228508,9.515290759051935e-05
Pa2g4,0.1438624473831355,0.1438624473831355,2.6066837967340996e-16
Spcs3,-0.022716796033633947,0.022716796033633947,0.19818941437180798
1600014C10Rik,0.06047058901152433,0.06047058901152433,0.0006083220556489513
Pgp,0.032822053155431706,0.032822053155431706,0.06297454090544277
Tspan31,0.07032033311476443,0.07032033311476443,6.676914094199615e-05
Elovl5,0.00877644342601473,0.00877644342601473,0.6191455780446646
G3bp2,0.08088491382109535,0.08088491382109535,4.466136355305323e-06
Sdhb,0.029241739912326765,0.029241739912326765,0.09762988252345696
Fcgrt,0.03807210090947852,0.03807210090947852,0.031006628831097033
Prpf38b,0.08461944602060481,0.08461944602060481,1.5786138614333395e-06
Map2k3,0.030984528138335948,0.030984528138335948,0.07922103286148664
Denr,-0.03747318266817465,0.03747318266817465,0.03375119844220535
Alox5ap,-0.18356755035422792,0.18356755035422792,1.0067959330618899e-25
Bag6,0.040536999806322624,0.040536999806322624,0.02163310981114026
Bscl2,0.07380679454202173,0.07380679454202173,2.842356418536616e-05
Tmcc1,-0.1412524526995192,0.1412524526995192,8.97318865439749e-16
Slc35c1,0.03800788024988627,0.03800788024988627,0.03129145319737453
Pqbp1,0.02117488445130862,0.02117488445130862,0.23038422023380226
Rab11b,-0.04579098645192144,0.04579098645192144,0.009466685576099618
Ceacam1,0.01992069589161126,0.01992069589161126,0.25918628238416236
Ppp1r15b,-0.039194865664220424,0.039194865664220424,0.026374916500434872
Fosb,-0.06563080430218644,0.06563080430218644,0.00019843600619890036
Mettl7a1,0.098167436032576,0.098167436032576,2.5016271414793028e-08
Mrpl24,0.1304223830152196,0.1304223830152196,1.1876807576604312e-13
Pik3r6,0.0033476177924996395,0.0033476177924996395,0.849628715828247
1600002K03Rik,0.0653141207067266,0.0653141207067266,0.0002130597743023854
Gm14548,0.010680402551989503,0.010680402551989503,0.5452456666423615
Pxn,-0.0750324114372718,0.0750324114372718,2.0863394999640405e-05
Fibp,0.020227814500055244,0.020227814500055244,0.2519129515612883
Actr1a,0.010419325645123777,0.010419325645123777,0.5551153014261482
Cdk9,0.03310706326817318,0.03310706326817318,0.06072041535344631
Oxct1,0.1024306428484194,0.1024306428484194,6.011323546492335e-09
Zfp148,0.01047746757381823,0.01047746757381823,0.5529097969935899
Arhgap31,-0.03237351053734037,0.03237351053734037,0.06666174067226288
Pcm1,0.05423720626193723,0.05423720626193723,0.00211226612042669
Pmf1,0.059815738380122774,0.059815738380122774,0.0006971735494599429
Ankfy1,-0.020640553264325203,0.020640553264325203,0.2423641310209646
Ppia,-0.13445473215271977,0.13445473215271977,2.0164682756931444e-14
Gstm1,-0.016194155882301588,0.016194155882301588,0.35903111735267557
Snrk,-0.08125781897743298,0.08125781897743298,4.033590195382534e-06
Mrpl9,0.09083938276309302,0.09083938276309302,2.5318327395847057e-07
Senp6,0.034672567278364715,0.034672567278364715,0.049499446442680915
Tlr2,0.03652799420407049,0.03652799420407049,0.03850424676237795
Cd74,0.27619462312652554,0.27619462312652554,2.6918470220110355e-57
Ing2,0.004976328091725737,0.004976328091725737,0.778069980267037
Dnajb9,0.03851166310211719,0.03851166310211719,0.029116208765514722
Efr3a,0.03696364867028833,0.03696364867028833,0.0362471284109397
Lmo1,-0.041247808279379954,0.041247808279379954,0.01943628524229148
Ctbp2,-0.018631327892926843,0.018631327892926843,0.29130047152878014
Ptpmt1,0.021811097049141297,0.021811097049141297,0.2166764762304978
Arhgef1,-0.03829414781645584,0.03829414781645584,0.030038907330171137
Maf1,0.009527713161386049,0.009527713161386049,0.5894644106480278
Dscr3,0.05637272362783575,0.05637272362783575,0.001397346592487363
Lypla1,0.05599294443847402,0.05599294443847402,0.0015054090579016035
Fam46a,-0.009810956684410885,0.009810956684410885,0.5784467963346298
Rpain,0.09998886404852776,0.09998886404852776,1.3701311875436309e-08
Arhgap1,-9.518705565338089e-05,9.518705565338089e-05,0.9956987054141723
Ctnnbip1,-0.03063086842707864,0.03063086842707864,0.0827089112602922
Cdkn2d,0.013939711349078458,0.013939711349078458,0.4298133707132088
Cct4,0.11001848494259968,0.11001848494259968,4.1083593386735083e-10
2610001J05Rik,0.06949326679782875,0.06949326679782875,8.131152293042584e-05
Yaf2,0.02299040735447973,0.02299040735447973,0.19283807285055432
Shoc2,0.032278190928979586,0.032278190928979586,0.06746777224767722
Mrps35,0.06767424269065822,0.06767424269065822,0.0001244875821994586
Thoc6,0.10352944821155616,0.10352944821155616,4.123217534736285e-09
Bid,0.01167386698952282,0.01167386698952282,0.5085035579003824
Iscu,-0.054329625454712704,0.054329625454712704,0.002075423305837217
Gltp,-0.11081558317013339,0.11081558317013339,3.0657827053602915e-10
Nono,0.04468674352218281,0.04468674352218281,0.011338506940347924
Ube2d3,-0.13251583292815017,0.13251583292815017,4.762364155043817e-14
Bri3bp,0.008335962179558952,0.008335962179558952,0.6368456244641246
Exosc6,-0.001200001882613413,0.001200001882613413,0.9458159751059453
Ccdc12,-0.006345311355336905,0.006345311355336905,0.7193190419753864
Ccnd3,-0.1016864939594093,0.1016864939594093,7.74273740523703e-09
Apoe,0.01699183617883243,0.01699183617883243,0.33584939758157123
Mef2a,0.1396920222800526,0.1396920222800526,1.8585154056701233e-15
Pycard,0.07510094768748736,0.07510094768748736,2.0502892243165214e-05
Eif3c,0.10392398327772431,0.10392398327772431,3.5977646601503006e-09
1110005A03Rik,0.051798811860588025,0.051798811860588025,0.003329184949134342
Bak1,0.015727610704103244,0.015727610704103244,0.37304446806665853
Med25,0.034510768144651344,0.034510768144651344,0.050572137702957584
Pim1,-0.056072030770637674,0.056072030770637674,0.001482290855933774
Ppp1r18,-0.14831524004019503,0.14831524004019503,3.0002043553759445e-17
Fam192a,0.0708575101598481,0.0708575101598481,5.8681357450982655e-05
Ric8,0.07343417315451009,0.07343417315451009,3.1196344788767074e-05
H3f3b,-0.3350101508104197,0.3350101508104197,4.9567837819199805e-85
Ogfr,0.03814942593172466,0.03814942593172466,0.030666639398335735
Gpr137b-ps,-0.01542317507042475,0.01542317507042475,0.3823686413961474
P4ha1,0.08626074901579835,0.08626074901579835,9.856359249840088e-07
Coq2,0.044160676410719926,0.044160676410719926,0.012340620887339471
Ptprc,-0.11189892160726406,0.11189892160726406,2.0526811327353332e-10
Psmc5,0.1450464304879049,0.1450464304879049,1.4766091593689534e-16
Tomm70a,0.00913131078826283,0.00913131078826283,0.6050439848846499
Ivns1abp,-0.01867288997907455,0.01867288997907455,0.29022529731679464
Fxr1,0.06278155318256334,0.06278155318256334,0.00037208300064979255
Nuak2,0.01559891245631468,0.01559891245631468,0.3769689025656803
Dock11,0.005116029304608661,0.005116029304608661,0.7720096682061248
Tuba4a,0.017451518888694364,0.017451518888694364,0.32293795606252873
Anapc16,-0.024697767682270312,0.024697767682270312,0.16182306030435645
Snrpa1,0.05104698420566855,0.05104698420566855,0.0038167658638391666
Vti1b,0.0213106668320444,0.0213106668320444,0.22740814430072295
Ppih,0.07902048824241226,0.07902048824241226,7.383615275895325e-06
N4bp2l2,0.0767493826111464,0.0767493826111464,1.3422144640400342e-05
5730437N04Rik,0.052558315838584495,0.052558315838584495,0.00289485156766011
Pcif1,-0.0532955157187565,0.0532955157187565,0.002523349224652113
Pqlc1,-0.005596952479588057,0.005596952479588057,0.751255180939668
Atp8b4,0.05160995082368042,0.05160995082368042,0.0034460211166164206
1600012H06Rik,0.031508748533032885,0.031508748533032885,0.07427191187978349
Nub1,0.018549026537170124,0.018549026537170124,0.2934374236362742
Aspscr1,0.057952025444478986,0.057952025444478986,0.0010203237731703015
Abca7,-0.008510776225117032,0.008510776225117032,0.6297954338930114
3230401D17Rik,0.08324764372529378,0.08324764372529378,2.3249063872695843e-06
Egln2,0.007857486995564553,0.007857486995564553,0.6563096102733903
Taf11,0.03905418465846881,0.03905418465846881,0.026920414884811006
Rnf166,0.01046841325879239,0.01046841325879239,0.5532529728364293
Hes6,0.05518106648762089,0.05518106648762089,0.001762689987919069
Tmem55b,-0.004098206964983592,0.004098206964983592,0.8164587238254433
Ctdnep1,0.009487295123625315,0.009487295123625315,0.5910444456326508
Atp6v1d,0.09727528229897657,0.09727528229897657,3.3465559286654013e-08
Mrps25,0.04022055878022595,0.04022055878022595,0.022678649172195135
Atxn10,0.07138608573115822,0.07138608573115822,5.163477131011202e-05
Tubb5,0.033246439740327816,0.033246439740327816,0.059642667644557265
Sgta,0.08610917716887515,0.08610917716887515,1.0298231995920346e-06
Ppp3r1,-0.014942934509126342,0.014942934509126342,0.3973646129309445
Aldoa,0.07789536674510714,0.07789536674510714,9.947915028107986e-06
AI662270,0.0549624474347064,0.0549624474347064,0.0018385655965417027
Aip,0.06071270221663813,0.06071270221663813,0.0005782281494903682
Uqcrh,-0.09420560138967465,0.09420560138967465,8.93204458750508e-08
Rpl4,-0.18149402900455694,0.18149402900455694,3.5749344577641405e-25
Flot2,0.04081788196236182,0.04081788196236182,0.020740450142950114
Prkx,0.0777664453698225,0.0777664453698225,1.0290969169681184e-05
Exoc5,-0.006401728135580096,0.006401728135580096,0.7169303995183675
Tnrc6b,0.0005802508279054611,0.0005802508279054611,0.9737843253136622
Naa10,0.10876917054845553,0.10876917054845553,6.473088202090593e-10
5031425E22Rik,-0.09194408557387686,0.09194408557387686,1.8058202748987948e-07
Dpm3,-0.040368199894166686,0.040368199894166686,0.022185494144475716
Arid4a,0.05553730178264117,0.05553730178264117,0.0016451928162386983
Ctsh,0.05574481233785581,0.05574481233785581,0.0015801141610961495
Eif3m,0.0704250641372432,0.0704250641372432,6.511387181219742e-05
Dcun1d1,0.0543052934892821,0.0543052934892821,0.002085065645384261
Dnajc15,0.07111943994856143,0.07111943994856143,5.50828245627206e-05
Mier1,0.07252241714187779,0.07252241714187779,3.9104418076923026e-05
Acat1,0.12038783644804399,0.12038783644804399,7.75293431733592e-12
Birc3,-0.009323102888394809,0.009323102888394809,0.5974830266362081
Commd2,0.07197884123775435,0.07197884123775435,4.468786191473287e-05
Ccdc115,0.0673640126844724,0.0673640126844724,0.00013373002076335713
Zcchc9,0.06644705413082527,0.06644705413082527,0.0001649703039747884
Psma7,-0.029775443688841392,0.029775443688841392,0.09166103051710589
Cldn25,0.06328331031296452,0.06328331031296452,0.0003336928355837506
P2ry6,-0.010358190781007142,0.010358190781007142,0.5574389618609749
Edf1,0.060607267263979275,0.060607267263979275,0.0005911589342144113
Gtf2b,0.06605858930047051,0.06605858930047051,0.00018017411457311896
Mrps28,0.03428278393876059,0.03428278393876059,0.052116605420455236
Ccdc28b,0.07821137399799266,0.07821137399799266,9.152606774277663e-06
Get4,0.023789735430946087,0.023789735430946087,0.17781362425676311
Htatip2,0.04968998920465244,0.04968998920465244,0.0048637494704696325
Cops7a,0.026641458358850012,0.026641458358850012,0.13127287675457813
Arhgap9,-0.024385982618314532,0.024385982618314532,0.16718657488932406
Hif1a,0.0860142771503776,0.0860142771503776,1.0584527335171548e-06
Stk19,0.0856398530700774,0.0856398530700774,1.1790606955030022e-06
Zfp622,0.08559870268450914,0.08559870268450914,1.1930948453177423e-06
Atg5,0.056259743237275284,0.056259743237275284,0.0014287224776609545
Arfgap2,0.02322717045267079,0.02322717045267079,0.18829371779125043
Rad23a,0.0342862530668803,0.0342862530668803,0.05209281183939081
Atpif1,0.09144800290982019,0.09144800290982019,2.1027546963422638e-07
Uvrag,0.05854896636670395,0.05854896636670395,0.0009041946231502726
Ube2q1,-0.06143951117845313,0.06143951117845313,0.0004960049367596207
Xrn2,0.13185056748066717,0.13185056748066717,6.377205053013949e-14
Ubap1,0.08779678059948232,0.08779678059948232,6.293849300382146e-07
Ddx52,0.09049187056141528,0.09049187056141528,2.813537554980165e-07
Ncf2,-0.02313324354481372,0.02313324354481372,0.19008697929333018
Ypel3,-0.15172075394348908,0.15172075394348908,5.487565333736325e-18
Yrdc,0.011847139418271407,0.011847139418271407,0.5022308106360629
Csgalnact2,-0.08003427081571961,0.08003427081571961,5.62519331821425e-06
Ccdc50,0.03339637812259984,0.03339637812259984,0.05850100780010637
Ralb,-0.005625633245513373,0.005625633245513373,0.7500229457857625
Ano6,-0.007988076964989667,0.007988076964989667,0.6509734129673913
Nrbf2,0.07356841969353782,0.07356841969353782,3.0169017925971233e-05
Fam69a,0.0518516288040742,0.0518516288040742,0.003297162033860155
Tmub2,0.05051991312452298,0.05051991312452298,0.004196331638906852
Nfkbil1,0.054808023913418435,0.054808023913418435,0.0018939562762258118
Hmox1,0.10595914070860069,0.10595914070860069,1.766706680838684e-09
G3bp1,0.05454313893251688,0.05454313893251688,0.001992548541267131
Acyp1,0.011302372863437427,0.011302372863437427,0.5220893752073006
Hist1h2bc,0.01457541406003802,0.01457541406003802,0.4090767508910134
Elof1,0.07012859616311203,0.07012859616311203,6.990316725370638e-05
Tnks2,-0.009891905171585164,0.009891905171585164,0.5753159307742561
Upf3a,0.04344508257700649,0.04344508257700649,0.013829353427468927
Lbr,0.024376538317386384,0.024376538317386384,0.16735110007186293
Acadm,0.07905415074426586,0.07905415074426586,7.3176063993664985e-06
Tmem208,0.11835245245216383,0.11835245245216383,1.737692578779133e-11
Utp3,0.10985725071618488,0.10985725071618488,4.35786730657436e-10
Otub1,-0.013530752381220564,0.013530752381220564,0.4434701747756422
Eif1ax,0.0498095655768044,0.0498095655768044,0.004762012259388174
Srrt,0.062440165617916446,0.062440165617916446,0.0004005211326839758
Azin1,-0.007093741712152114,0.007093741712152114,0.6878623819233338
Gabarap,-0.16230160889712764,0.16230160889712764,2.176006871767839e-20
Prrc2c,0.13004578574826736,0.13004578574826736,1.3977307228524167e-13
Sdhd,0.13354972161041198,0.13354972161041198,3.0163384680901426e-14
Dcxr,0.003748715721496731,0.003748715721496731,0.8318663696605179
Srsf5,-0.08215150169138147,0.08215150169138147,3.154229746899143e-06
Pdcd2,0.08070400119284218,0.08070400119284218,4.691657353694644e-06
Atp6v0d1,0.10329330789289706,0.10329330789289706,4.472667837489382e-09
Rnf181,0.03587758707696927,0.03587758707696927,0.042095565764563046
Rpl35,-0.22735325886820354,0.22735325886820354,6.58163853438318e-39
Crk,-0.05966030713970055,0.05966030713970055,0.0007199635518061021
Vrk3,0.07981644308884357,0.07981644308884357,5.96538372388112e-06
Dda1,-0.03119973653221771,0.03119973653221771,0.07715775901487293
Dcps,0.07472079171519004,0.07472079171519004,2.257995468818877e-05
Txndc15,0.08328810817452639,0.08328810817452639,2.298704213450013e-06
Eif2s1,0.11397901465258005,0.11397901465258005,9.40036137188004e-11
Pmaip1,-0.07771343687550558,0.07771343687550558,1.0435273757066006e-05
Blvrb,0.04236323751862903,0.04236323751862903,0.016381156454687833
Tnfaip8l2,0.125178295055851,0.125178295055851,1.09935468511513e-12
Alyref,0.016892045450104354,0.016892045450104354,0.338695578280597
Elf4,-0.0391212326171737,0.0391212326171737,0.026659230150026234
Sike1,0.0032301910711658257,0.0032301910711658257,0.8548437730613694
1110001A16Rik,0.03631411164299229,0.03631411164299229,0.03965537661507628
Mapkap1,0.06018584587703066,0.06018584587703066,0.0006455770128480804
Rgs3,0.002845635664643753,0.002845635664643753,0.8719655576905687
Tor3a,0.11830312828207519,0.11830312828207519,1.7717137405190474e-11
Ndel1,-0.022383095582708575,0.022383095582708575,0.2048619312438819
Fam129b,0.01807578912934489,0.01807578912934489,0.3059286849783521
Aim2,0.10966716173885736,0.10966716173885736,4.671053135849213e-10
Lrrfip1,0.08540120184324722,0.08540120184324722,1.262717463920881e-06
Atxn7l3b,-0.00515501694793301,0.00515501694793301,0.7703208245625962
Cycs,-0.050715212431475185,0.050715212431475185,0.004051868372818522
Bzw1,0.12913263020480995,0.12913263020480995,2.0704361340335972e-13
Rbck1,0.012596686402516495,0.012596686402516495,0.47557411041178266
Anxa11,-0.006098627214622146,0.006098627214622146,0.7297953942695747
Nemf,0.07109456267735934,0.07109456267735934,5.541540636351035e-05
Spn,-0.04750667646617207,0.04750667646617207,0.007101411697501285
Slmo2,0.04502538805979629,0.04502538805979629,0.010732267503250683
Stt3b,0.028729616564971475,0.028729616564971475,0.10364540959248511
Ppp1r12a,0.07999701316553143,0.07999701316553143,5.6820333099628185e-06
Eif5a,-0.012034722619619905,0.012034722619619905,0.495486390819187
Klra2,-0.03895615616578718,0.03895615616578718,0.027306257193827368
1810033B17Rik,0.06941474904835127,0.06941474904835127,8.283776998140747e-05
Yy1,0.07417410960117196,0.07417410960117196,2.5920587242057708e-05
Ndufs6,-0.0039725470447763474,0.0039725470447763474,0.8219907284065154
E2f2,0.02555126505026181,0.02555126505026181,0.1478053759137818
Ythdf2,0.022359807715311025,0.022359807715311025,0.20533360687433255
Lasp1,-0.051642391586438394,0.051642391586438394,0.0034256904370872396
Bst2,-0.0578539097158365,0.0578539097158365,0.001040682274508282
Mrpl46,0.08520128350982374,0.08520128350982374,1.3371626568612118e-06
Fam114a2,0.04474724491815911,0.04474724491815911,0.011228017702108784
Fam134a,-0.016189743846186825,0.016189743846186825,0.35916207055991206
Mpeg1,-0.04850122557943248,0.04850122557943248,0.005987329350981171
Iqgap1,0.014892699751402153,0.014892699751402153,0.39895346318765174
Usp5,0.05242499289026875,0.05242499289026875,0.002967140052237792
Mrps10,0.06118602821635028,0.06118602821635028,0.0005233567317436422
0610007C21Rik,0.09622007086331318,0.09622007086331318,4.7058511274092534e-08
Ccdc75,0.07987275440571795,0.07987275440571795,5.875600715948942e-06
Dpep2,0.1599599673422243,0.1599599673422243,7.647448839360163e-20
Pi16,0.019509460319103014,0.019509460319103014,0.2691511596640604
Pam16,0.01803016713940591,0.01803016713940591,0.30715124600158994
Cd9,-0.04860075685555454,0.04860075685555454,0.005884993220005037
Dennd4a,-0.013064631684164647,0.013064631684164647,0.4593337817884826
Sigmar1,0.08706570878489568,0.08706570878489568,7.798962673020938e-07
Rpl17,-0.26481309326576125,0.26481309326576125,1.192221135008272e-52
Smap2,-0.002268808834981606,0.002268808834981606,0.8977582920288554
Sh3glb1,-0.0884712236656437,0.0884712236656437,5.156498909871187e-07
Zfp36l1,0.176033474750457,0.176033474750457,9.357967443757839e-24
Zfp467,-0.10996257514692583,0.10996257514692583,4.193258239938822e-10
Prkcsh,0.108402580925265,0.108402580925265,7.389745956892462e-10
D10Wsu52e,0.06435397665287775,0.06435397665287775,0.0002638206362020598
Mta3,0.09143282989194314,0.09143282989194314,2.112542132256559e-07
Rps24,-0.28217107979798184,0.28217107979798184,7.937419684822077e-60
Myd88,0.10906699429758447,0.10906699429758447,5.810897925584463e-10
Ubn1,0.04867304932105511,0.04867304932105511,0.00581165436109397
Cd244,-0.03222427558790537,0.03222427558790537,0.06792722344427654
Pnrc2,0.07304691460956086,0.07304691460956086,3.434927094645289e-05
Polr1c,0.056215790129540026,0.056215790129540026,0.0014411031625652707
Rheb,-0.0481189648398132,0.0481189648398132,0.006395425834063695
Camkk2,-0.07444360002282027,0.07444360002282027,2.42190269826007e-05
Herpud1,0.017604157778861197,0.017604157778861197,0.318723189182211
Lyar,0.03406384104012001,0.03406384104012001,0.0536367472668967
Ndufv3,0.051509024799759454,0.051509024799759454,0.003509975601419245
Zc3h13,0.09520591902641687,0.09520591902641687,6.508127072537506e-08
Cmas,0.018477900915460938,0.018477900915460938,0.2952926465468592
Sash3,-0.020127762154263602,0.020127762154263602,0.2542666490338824
Il4ra,0.09433276540422775,0.09433276540422775,8.58122396659095e-08
9130011J15Rik,0.0038170404060761274,0.0038170404060761274,0.8288489317960267
Mbnl1,-0.09487190566760142,0.09487190566760142,7.236379454527508e-08
Acot7,0.06186959279131543,0.06186959279131543,0.0004526241437337665
Trem1,0.02737439915524032,0.02737439915524032,0.1209894052808846
Slc25a4,0.08368438580655707,0.08368438580655707,2.05664022344854e-06
Plekhm3,0.004390897042288312,0.004390897042288312,0.8036092846251852
Tep1,-0.008467189747190736,0.008467189747190736,0.6315501425015279
Rap1b,-0.10341725364068599,0.10341725364068599,4.285802223174862e-09
Wdr61,0.09434888301493732,0.09434888301493732,8.537722441119023e-08
Leng8,-0.06839229661644655,0.06839229661644655,0.00010535127147350417
Lass5,0.038554815639670746,0.038554815639670746,0.028936083183556234
Rpl31-ps12,-0.07218686233832425,0.07218686233832425,4.2467297637647024e-05
Trps1,0.016793522096826795,0.016793522096826795,0.3415207464151672
Mbd2,-0.048182241430258795,0.048182241430258795,0.006326190474409344
Aco2,0.06800001911001893,0.06800001911001893,0.00011543177122447721
Rtp4,-0.04196066811112885,0.04196066811112885,0.01743134473027244
Srp72,0.09495964645676602,0.09495964645676602,7.037779082130735e-08
Becn1,0.02312056964633555,0.02312056964633555,0.1903299101437248
Prdx6,0.07728527808361318,0.07728527808361318,1.1673760196498783e-05
Stag2,0.07447196802601437,0.07447196802601437,2.40462235402182e-05
Dynlrb1,0.02796477217653966,0.02796477217653966,0.11317348378464492
Zyx,-0.15440484523908965,0.15440484523908965,1.3990720791491725e-18
Atp6v1c1,0.09036706992909879,0.09036706992909879,2.921906009430447e-07
Ndufs8,0.12009387015168986,0.12009387015168986,8.718754757366136e-12
Tkt,-0.03827472856793148,0.03827472856793148,0.030122491939482236
Mea1,0.03684880291943063,0.03684880291943063,0.03683091900401492
Pdhb,0.04150744639767424,0.04150744639767424,0.018683861066103733
Gm6222,-0.04149658875934044,0.04149658875934044,0.01871480835331037
Tbl1xr1,0.01305779208962275,0.01305779208962275,0.45956889640555276
Ndufb6,0.06499299206761289,0.06499299206761289,0.00022891743543964027
1810037I17Rik,-0.05367524309023245,0.05367524309023245,0.002349499199184429
Chchd7,-0.019327537024763232,0.019327537024763232,0.2736422378898338
Fam98c,0.04128179235766029,0.04128179235766029,0.019336318644476182
Arpc3,-0.05986417539506012,0.05986417539506012,0.000690209626336294
Nampt,0.03256067921722021,0.03256067921722021,0.06510208485557305
Clns1a,0.07297363894186941,0.07297363894186941,3.497893104538952e-05
Rtn3,0.013315207982671643,0.013315207982671643,0.4507666575951133
Dnase2a,0.061416322661992956,0.061416322661992956,0.0004984505764755155
Itgb2,0.017776626003311608,0.017776626003311608,0.31400439809923136
Ccng1,0.004187654878004395,0.004187654878004395,0.8125264475594037
Pygl,0.0409691259042314,0.0409691259042314,0.02027321483483905
Rassf3,-0.07350176710109911,0.07350176710109911,3.067499547422131e-05
Ola1,0.11467027801581098,0.11467027801581098,7.228850973970349e-11
Acbd6,0.07587175586453526,0.07587175586453526,1.6836030649623362e-05
Ei24,0.0036888019395860828,0.0036888019395860828,0.8345143963488115
Hnrnpa0,-0.062491664843377,0.062491664843377,0.00039610494371094656
Synj1,0.016988850730146752,0.016988850730146752,0.3359343230983566
Dpm2,0.03591932086626915,0.03591932086626915,0.041856908781777516
Nap1l4,0.06819140726557457,0.06819140726557457,0.00011040506972238036
Kdelr1,0.04702072714448633,0.04702072714448633,0.007710676244898019
Ifitm3,-0.267515429447079,0.267515429447079,9.851134969637537e-54
Rnf138,0.020958174765416983,0.020958174765416983,0.23519120973088178
Chmp1b,0.040356391730528504,0.040356391730528504,0.02222459024292555
Tmem85,0.10241353797927756,0.10241353797927756,6.046520423104923e-09
Luc7l3,0.12908017764340549,0.12908017764340549,2.1175172677650809e-13
Necap2,0.07669922184399605,0.07669922184399605,1.3598005643499422e-05
Sbds,0.09363320363544972,0.09363320363544972,1.0690595220960204e-07
Sirpb1b,0.02824986186581721,0.02824986186581721,0.1095443542959335
Nkiras2,0.031062198391182128,0.031062198391182128,0.07847126963886744
Ap2s1,0.028579895700145734,0.028579895700145734,0.10545861903417279
Zmat5,0.07690436877004983,0.07690436877004983,1.28923702407196e-05
Lgmn,0.1665434620412811,0.1665434620412811,2.128080738066863e-21
Med7,-0.01104289000132593,0.01104289000132593,0.5316882981797371
Clk3,0.016707497016574785,0.016707497016574785,0.34399981655548145
Ugp2,0.006634225513303652,0.006634225513303652,0.7071160426800166
Taf13,0.03476808988097088,0.03476808988097088,0.048875156792989295
Grk6,-0.011674808306133988,0.011674808306133988,0.5084693701141326
Fkbp15,0.03844506549559383,0.03844506549559383,0.029396090560458624
Mcmbp,-0.048205080263111884,0.048205080263111884,0.006301366987635243
Cx3cr1,-0.014246279168561868,0.014246279168561868,0.4197378995078178
Thoc7,-0.013403015519939495,0.013403015519939495,0.4477860787970087
Arl2bp,-0.07847529540998414,0.07847529540998414,8.535279536371092e-06
B2m,-0.2576395531948622,0.2576395531948622,7.765999634216539e-50
Inpp5d,-0.03739200967943111,0.03739200967943111,0.03413870017164851
Ankrd12,-0.018094182464571052,0.018094182464571052,0.3054367006360273
Dusp6,-0.023354409309710656,0.023354409309710656,0.1858843994629827
Rab28,0.00829435357252022,0.00829435357252022,0.6385285700285246
Mafg,-0.016564470207218913,0.016564470207218913,0.3481469091707956
S100a13,0.05999126420005925,0.05999126420005925,0.0006722437484246806
H13,0.057341526883185084,0.057341526883185084,0.0011532388138340245
Rab3d,0.029119116297918368,0.029119116297918368,0.0990442299710321
Arhgap15,0.028816922139244697,0.028816922139244697,0.10259957219241195
Nsmce4a,0.035543703838909646,0.035543703838909646,0.04404664705911982
Emb,0.0896635631534511,0.0896635631534511,3.612325408937553e-07
Tmem205,0.07850496539489159,0.07850496539489159,8.468421147320967e-06
Ghitm,0.0822521647049152,0.0822521647049152,3.067574698452659e-06
Mboat7,0.05162124299562403,0.05162124299562403,0.0034389318719785394
Arpc4,-0.042096445641029774,0.042096445641029774,0.017070726758689536
Ndufa10,0.07660274297403376,0.07660274297403376,1.3942450568675663e-05
Itgb7,0.13093619391825018,0.13093619391825018,9.503366254675312e-14
Actb,-0.1866199378090662,0.1866199378090662,1.516498229151417e-26
Hspa8,-0.09485060498055785,0.09485060498055785,7.285405719881407e-08
Zcchc17,0.08439952390757226,0.08439952390757226,1.680365700883512e-06
Ythdf3,-0.014993358505198862,0.014993358505198862,0.39577361894256896
Npepps,0.05288194095053655,0.05288194095053655,0.0027260154188142125
Hspe1,-0.00010687317898965336,0.00010687317898965336,0.9951706411864355
Aes,-0.040869204222304424,0.040869204222304424,0.020580860027668617
Scyl1,0.05557723272098786,0.05557723272098786,0.0016324814316252794
Tnfrsf21,-0.03769000673095956,0.03769000673095956,0.032734514903348076
Psmc4,0.14426474989003407,0.14426474989003407,2.1500636988084274e-16
Cd44,-0.194952335023102,0.194952335023102,7.305885445710652e-29
Guk1,0.020386397480106847,0.020386397480106847,0.24821352865951998
Llph,0.07843620694368178,0.07843620694368178,8.624131602347374e-06
Ccz1,0.0421701602678197,0.0421701602678197,0.016877698222204387
2810474O19Rik,0.06155745688183657,0.06155745688183657,0.0004837376524866586
Ddb1,0.04181548785770609,0.04181548785770609,0.0178243053370821
Prdx5,-0.17498054063130614,0.17498054063130614,1.735330204418558e-23
Ccl6,-0.2164025052225623,0.2164025052225623,2.512165944205737e-35
Dhrs7,0.07123181899781572,0.07123181899781572,5.3603854504985835e-05
Manf,0.0367543199304241,0.0367543199304241,0.03731718391513196
Nipsnap3b,0.03645797783872851,0.03645797783872851,0.038877913583715916
Acot9,0.10301969029063782,0.10301969029063782,4.913674212879737e-09
1700081L11Rik,-0.02660501271761863,0.02660501271761863,0.1318013807556104
Usp1,0.060466936801983846,0.060466936801983846,0.0006087869705080748
Bmyc,-0.0764861724097778,0.0764861724097778,1.4369726967253662e-05
Nrp1,0.032843626965801405,0.032843626965801405,0.0628015301480443
Flii,0.052476935306186176,0.052476935306186176,0.002938783042175412
Atp5h,-0.04490598289729188,0.04490598289729188,0.010942656403944321
Atp5k,-0.07049370220197243,0.07049370220197243,6.405019022611872e-05
Hspd1,0.12653346530870593,0.12653346530870593,6.239985273715322e-13
Fam53a,0.0419450488906804,0.0419450488906804,0.017473253745364917
Zfp263,0.038364917023905196,0.038364917023905196,0.029735985537342392
Mospd3,-0.0027855876063131025,0.0027855876063131025,0.8746447451545056
Atp1a1,0.05698920389730499,0.05698920389730499,0.0012370486743398105
Ubxn1,-0.008388271925216047,0.008388271925216047,0.6347325042333771
Gba,0.051131120251230164,0.051131120251230164,0.003759148256961224
Prdx1,0.06529985948059963,0.06529985948059963,0.00021374155729379264
Ywhaq,0.035659602714451046,0.035659602714451046,0.04336090586989707
Serinc3,-0.238063943564071,0.238063943564071,1.3399258751393072e-42
Pde4b,0.07831124877195414,0.07831124877195414,8.91413947078647e-06
Rps5,-0.23511807153000272,0.23511807153000272,1.4488866528446804e-41
Sgpl1,-0.011646080739273635,0.011646080739273635,0.5095132722832267
Plekhf2,-0.07917790055760557,0.07917790055760557,7.079760246436015e-06
Dars,0.04835891150627427,0.04835891150627427,0.0061364386056337004
Xiap,0.0051313480050145304,0.0051313480050145304,0.7713459725480355
Zfp207,0.11046435614966459,0.11046435614966459,3.4887379835690185e-10
Fam122a,-0.04817574125866709,0.04817574125866709,0.006333271562833593
Malat1,-0.1635072595874744,0.1635072595874744,1.1308938684491887e-20
Elf1,0.03242650706284114,0.03242650706284114,0.06621703645451557
Pip5k1c,-0.03634384054645054,0.03634384054645054,0.03949364723928769
Vma21,0.039054117274303024,0.039054117274303024,0.026920678486026063
H2-DMa,0.10099027103310644,0.10099027103310644,9.79572908965186e-09
Slbp,0.09868014753502703,0.09868014753502703,2.1139425187869024e-08
Anapc11,0.03811922678727421,0.03811922678727421,0.03079903891197909
Susd3,0.10090541781646252,0.10090541781646252,1.007950236536287e-08
Idh1,0.07918064414955726,0.07918064414955726,7.074571766195862e-06
Clint1,0.036711109997006997,0.036711109997006997,0.03754138139961711
Gng10,-0.09710210602879886,0.09710210602879886,3.5399749871604826e-08
Cybb,-0.10005820193757238,0.10005820193757238,1.3388048454288298e-08
Commd3,0.11895848037528152,0.11895848037528152,1.368449843394422e-11
Anp32e,0.09398780831734878,0.09398780831734878,9.565383051535382e-08
Uxt,0.03260306008833776,0.03260306008833776,0.0647531392349563
Id2,-0.12655317865275773,0.12655317865275773,6.188512218901206e-13
Stom,0.014366473794473141,0.014366473794473141,0.4158258354766516
Hnrnpm,0.0967931462152727,0.0967931462152727,3.912294851073051e-08
Zfp292,0.0562785011047272,0.0562785011047272,0.0014234686719538355
Ccl9,0.07664255845767975,0.07664255845767975,1.3799306785666503e-05
Tmem11,0.03967012837905721,0.03967012837905721,0.024602071365739345
Golga7,0.020547204281871255,0.020547204281871255,0.24450119568278025
Rab35,0.009983832251976152,0.009983832251976152,0.571770180671405
Emd,0.08683199556071174,0.08683199556071174,8.349311598024174e-07
Cept1,0.12793359778688734,0.12793359778688734,3.453790398625902e-13
Ccdc85b,-0.03726381924972457,0.03726381924972457,0.03475839177107202
Rab5a,0.006316787953072382,0.006316787953072382,0.7205277459286488
Hn1,0.0039637730846732,0.0039637730846732,0.8223773239112463
Mkks,0.044001019096927885,0.044001019096927885,0.012659887474629344
Edem2,0.11468880887645685,0.11468880887645685,7.177974150163826e-11
Was,0.06031647563135999,0.06031647563135999,0.0006282299857810167
Rexo2,0.010111197231647452,0.010111197231647452,0.5668747749056926
Tpi1,0.14080440053501958,0.14080440053501958,1.106897724659068e-15
Rps3,-0.2519238500082878,0.2519238500082878,1.1738045283784694e-47
Sf3b5,-0.006085265749475216,0.006085265749475216,0.730364300527067
Fn1,-0.04345571830535059,0.04345571830535059,0.013806114533766711
Tuba1c,0.11167188295539734,0.11167188295539734,2.233422628923316e-10
Ubxn6,0.02012685226883821,0.02012685226883821,0.25428812372571585
Klf6,-0.06354693027665484,0.06354693027665484,0.00031503946885389205
Cdk4,0.07892524762768048,0.07892524762768048,7.573469980140989e-06
Klf2,-0.12741658850192913,0.12741658850192913,4.3001347285046636e-13
Klhl5,0.02915344914434237,0.02915344914434237,0.09864659535865852
Trpc4ap,0.030167759180602816,0.030167759180602816,0.08746321237979854
Fyb,0.0007329825658928516,0.0007329825658928516,0.9668874688657428
Ctsa,0.04531511162082187,0.04531511162082187,0.010236653615213346
D1Ertd622e,-0.0372454488160316,0.0372454488160316,0.034847979054251355
Msr1,0.048624081948826725,0.048624081948826725,0.005861239904423999
Midn,-0.007992048604619575,0.007992048604619575,0.6508114009264803
Stk16,0.019902769482628063,0.019902769482628063,0.25961527014440394
Plod3,0.05371116515033328,0.05371116515033328,0.0023336340376278733
Jun,-0.12072955400189002,0.12072955400189002,6.7614546482961815e-12
Glt25d1,0.04982804925685641,0.04982804925685641,0.004746459036026206
Oas1a,0.040481465740668625,0.040481465740668625,0.021813505045417514
Naa20,0.027341762970785423,0.027341762970785423,0.1214334903093504
D4Ertd22e,-0.009450136322458377,0.009450136322458377,0.5924987846394423
Ncaph2,0.05516754193080772,0.05516754193080772,0.0017672991125705021
Ccnl1,0.0034086934744875777,0.0034086934744875777,0.8469188563266264
Rab24,0.03956288656403284,0.03956288656403284,0.024992830614802005
Atp5f1,0.02589650299744694,0.02589650299744694,0.14240621651670898
Slc3a2,0.11662341833981998,0.11662341833981998,3.412589872293044e-11
Sbno1,0.01082998604238302,0.01082998604238302,0.5396303764549062
Cr1l,0.13602242812033896,0.13602242812033896,9.97315284411525e-15
Cacybp,0.05943183031264464,0.05943183031264464,0.0007547221568278187
Cdk2ap1,-0.08280336491455731,0.08280336491455731,2.6321031255403303e-06
Nfe2,-0.05846741997830602,0.05846741997830602,0.0009193021926985754
Lrch4,0.010169681005559265,0.010169681005559265,0.5646336377557126
Irf9,0.03021073926199358,0.03021073926199358,0.08701289892690478
Prkar1a,0.06973569336099786,0.06973569336099786,7.676509541071222e-05
Casp1,0.15956853822051328,0.15956853822051328,9.418135393845122e-20
Pbxip1,-0.004141130824583807,0.004141130824583807,0.81457113793051
Sik1,-0.10670643562931807,0.10670643562931807,1.3560867516202043e-09
Rps21,-0.34845074833389084,0.34845074833389084,2.7073585083030685e-92
Pfdn4,0.08892172789678547,0.08892172789678547,4.510088351975133e-07
Tram1,0.020095290360816632,0.020095290360816632,0.2550338140324943
Thoc2,0.08724967200043295,0.08724967200043295,7.390500934888985e-07
Fam55d,0.009523340920551338,0.009523340920551338,0.5896352377565198
Ddx3x,-0.06323700674492062,0.06323700674492062,0.00033707400843104545
Adrb2,-0.17159766446100244,0.17159766446100244,1.2294349259405907e-22
Drg1,0.09253305796462194,0.09253305796462194,1.5056976152635293e-07
Apobec1,0.01260041435291086,0.01260041435291086,0.47544349765741856
Prtn3,0.23528187635710915,0.23528187635710915,1.2703276726828853e-41
Sdcbp,0.012369812211444746,0.012369812211444746,0.4835598047914009
Fermt3,0.09002052500159471,0.09002052500159471,3.2443679405346867e-07
Clec7a,-0.042701841001176334,0.042701841001176334,0.015541279407177564
Sra1,0.08366981439956143,0.08366981439956143,2.065090453339851e-06
Sept7,0.1141510842480416,0.1141510842480416,8.806681629850581e-11
Hdac1,0.08278421200078541,0.08278421200078541,2.6461858166866362e-06
Pole4,0.03474172544985302,0.03474172544985302,0.04904679836635857
Rpl18,-0.24621315518378797,0.24621315518378797,1.5566317224079434e-45
Apobec3,0.12711052485667715,0.12711052485667715,4.89384150264063e-13
Lamp1,-0.04573327024466538,0.04573327024466538,0.009557234879731919
Ggnbp2,0.07043558686532662,0.07043558686532662,6.494972394704426e-05
Myo1c,-0.03440211882710954,0.03440211882710954,0.051303329113136176
Snx17,0.08140675349447027,0.08140675349447027,3.87230442543838e-06
Stx12,0.038806275965868775,0.038806275965868775,0.027905407749457847
Stk38,0.010898145961156364,0.010898145961156364,0.5370813199582429
Rgs10,-0.053710142218154205,0.053710142218154205,0.0023340844610605016
Gnb1,-0.10147706332646293,0.10147706332646293,8.311727912081492e-09
Cct2,0.062411482988704796,0.062411482988704796,0.0004030006325321195
Stk17b,-0.11660379083483563,0.11660379083483563,3.438642094535217e-11
Snrpa,0.09637557835347331,0.09637557835347331,4.476296801504481e-08
0610010K14Rik,0.013733252210800783,0.013733252210800783,0.4366771372343708
3110003A17Rik,0.010284635859664031,0.010284635859664031,0.5602409510643179
Prpf4b,0.11142826536821374,0.11142826536821374,2.444642679566051e-10
Uqcrq,-0.09393190639197685,0.09393190639197685,9.734825735216586e-08
2310047M10Rik,0.04697688156487046,0.04697688156487046,0.007767887142733774
Txndc9,0.12116691455640265,0.12116691455640265,5.672023377676922e-12
Glul,-0.13577739164265049,0.13577739164265049,1.113932238682203e-14
Rps11,-0.23983754464229898,0.23983754464229898,3.145476549663248e-43
Cat,0.0010715144921622961,0.0010715144921622961,0.9516100609275231
Atf1,0.05433927708034721,0.05433927708034721,0.0020716098705823804
BC005624,0.04773846471832389,0.04773846471832389,0.0068263172567279975
Cox19,0.052035124580937765,0.052035124580937765,0.0031880761181161143
Plekhj1,-0.03742248234313635,0.03742248234313635,0.03399278716306784
Sh3kbp1,-0.0057659461730431155,0.0057659461730431155,0.7440038064076585
Nfic,-0.021563562691819325,0.021563562691819325,0.2219384049827935
Eif3d,0.10456871423097895,0.10456871423097895,2.8761697124356926e-09
Kdm6b,-0.15438505056250934,0.15438505056250934,1.4133714818337727e-18
Arpc5l,-0.0009756659022315499,0.0009756659022315499,0.9559339962187845
Lrg1,0.06347911169794541,0.06347911169794541,0.00031974270319123785
Rbm27,0.026406498754391848,0.026406498754391848,0.1347090486966618
1810013D10Rik,-0.0020247536481917783,0.0020247536481917783,0.9087054047613012
Bud31,0.07457750692432542,0.07457750692432542,2.3413573770306773e-05
Smarce1,0.0700569484818315,0.0700569484818315,7.11095900436876e-05
Mtpn,-0.08946199744249378,0.08946199744249378,3.8375557891524286e-07
Eif3h,-0.026360365502672695,0.026360365502672695,0.13539181521953914
Ssr4,0.017421992717873872,0.017421992717873872,0.32375742645027555
2010106G01Rik,0.046649663245113875,0.046649663245113875,0.008206994972693398
Tor1a,0.044386754257597874,0.044386754257597874,0.011900730865347209
Mrps23,0.039157995620924056,0.039157995620924056,0.026516950950879005
Atp5j2,-0.06112310754384381,0.06112310754384381,0.0005303604761721971
Higd1a,0.03680493880799052,0.03680493880799052,0.03705599449545778
Timm23,0.03450952033491232,0.03450952033491232,0.05058048544717117
Nagpa,0.06006567592846486,0.06006567592846486,0.0006619272583705168
Ptpre,-0.025898103462594003,0.025898103462594003,0.1423815442127626
Vrk1,0.01619032376538186,0.01619032376538186,0.3591448563231975
Atp5g1,0.00047806815800486625,0.00047806815800486625,0.9783996802135645
Pigyl,0.04388139822956024,0.04388139822956024,0.012903860418490386
Trib1,0.02158957914357756,0.02158957914357756,0.22138109953413468
Psma2,0.08110892679119064,0.08110892679119064,4.201251329220018e-06
Metrnl,-0.056898811432831174,0.056898811432831174,0.0012594391987143534
Fam174a,0.03539696132231394,0.03539696132231394,0.044927988406060375
Mgat1,0.05882060927139419,0.05882060927139419,0.0008555124213101499
Strn3,0.001437151233505515,0.001437151233505515,0.9351295685542952
Fbl,0.08967142872693665,0.08967142872693665,3.603800104612126e-07
Stx4a,-0.028192533422752433,0.028192533422752433,0.11026664969944795
2310044H10Rik,0.02676176200199719,0.02676176200199719,0.12953998735735214
Atp6v1a,0.029367462781091005,0.029367462781091005,0.09619658535146679
Ube2m,0.01730047993219016,0.01730047993219016,0.32714413741651216
Pla2g7,0.03311469785987221,0.03311469785987221,0.060660965094958025
Ubb,-0.04488995127581107,0.04488995127581107,0.010971180887117427
Ociad1,0.10946459187773498,0.10946459187773498,5.028962579258319e-10
Sub1,-0.11000453781266177,0.11000453781266177,4.1293796708367376e-10
Trex1,0.11207591998433186,0.11207591998433186,1.921759842305746e-10
Gm15421,-0.04021253803836747,0.04021253803836747,0.022705710858031573
Anapc13,0.014403571717051786,0.014403571717051786,0.41462274154530304
Ech1,0.12590125099657667,0.12590125099657667,8.133070026085413e-13
Dctn2,0.08661213753300928,0.08661213753300928,8.901028240976515e-07
Adam10,0.04689226957570664,0.04689226957570664,0.007879366937748239
Rps9,-0.23824909910747566,0.23824909910747566,1.1524376096334508e-42
Hprt,0.08126059918681451,0.08126059918681451,4.030521324327253e-06
Pgd,0.036794907469746306,0.036794907469746306,0.0371076314387808
Ctss,-0.07041663782893755,0.07041663782893755,6.524559974435507e-05
Clic1,0.01146935029423772,0.01146935029423772,0.5159598918302769
Bcl10,-0.001994289914033085,0.001994289914033085,0.9100731184705378
Rpl31,-0.25171038936114826,0.25171038936114826,1.4122788153695107e-47
Neu1,0.06755058326034687,0.06755058326034687,0.0001280971024027741
Ms4a6d,0.2599147845222387,0.2599147845222387,1.0168174937366469e-50
Ddrgk1,0.05498290572979176,0.05498290572979176,0.0018313400099711718
Impdh2,0.11054359137669138,0.11054359137669138,3.3886101033003515e-10
Spcs1,0.04034065545922794,0.04034065545922794,0.022276785137409817
Snx3,-0.03794859725327593,0.03794859725327593,0.031556367341969815
Fam108a,-0.036896458745914955,0.036896458745914955,0.036587707610949774
Tnfrsf1b,-0.10102864335998735,0.10102864335998735,9.669964393244355e-09
Top1,0.07195708627065832,0.07195708627065832,4.492634450470569e-05
Lyz1,-0.2420258069053403,0.2420258069053403,5.175856515081811e-44
Tsen34,0.03147566223779213,0.03147566223779213,0.07457662572801221
Hnrnph1,-0.054009677720939016,0.054009677720939016,0.002205539229757812
2310011J03Rik,0.06368518850974224,0.06368518850974224,0.00030565104242566004
Fam103a1,0.01673067227645605,0.01673067227645605,0.34333082473584897
Gorasp2,0.05606436414544658,0.05606436414544658,0.0014845175365899366
Gm11428,-0.026699048157799672,0.026699048157799672,0.1304411077643664
Nfkbia,-0.26314211032653356,0.26314211032653356,5.4911754847782e-52
Rab8a,-0.013835727232321494,0.013835727232321494,0.43326248032779396
Snrpc,0.06270468801650424,0.06270468801650424,0.0003783163351814917
Chd4,0.04027234818625005,0.04027234818625005,0.02250458716328805
Eif3e,0.03732559829537291,0.03732559829537291,0.03445855416153765
Grpel1,0.14199440362303398,0.14199440362303398,6.329145441345357e-16
Unc119,0.01921080852673476,0.01921080852673476,0.2765506926137259
Cyc1,0.09651971746155051,0.09651971746155051,4.273239825742379e-08
Ubl5,-0.09738190092187976,0.09738190092187976,3.232613295626463e-08
Mpnd,0.06199384195912463,0.06199384195912463,0.00044076669264729975
Lcp2,0.00954497255441901,0.00954497255441901,0.5887902945815157
Bst1,0.09138225994630467,0.09138225994630467,2.1454812982775907e-07
Romo1,-0.040318712784561464,0.040318712784561464,0.02234974360017249
Plin2,0.10646743574041462,0.10646743574041462,1.4760904523152611e-09
Hfe,0.053065370038648044,0.053065370038648044,0.0026343613572294934
Me2,0.056520387471334345,0.056520387471334345,0.0013572960189401028
Anxa6,-0.020220636123564725,0.020220636123564725,0.2520813130522761
Atp6ap1,0.06104480954248848,0.06104480954248848,0.0005391977910621165
AW112010,0.3813725691985058,0.3813725691985058,1.1956660242833882e-111
Fcgr2b,0.061805856548984094,0.061805856548984094,0.0004588215050028518
Eif2a,0.06756384404284171,0.06756384404284171,0.00012770536279457475
Fam111a,0.013764777905187164,0.013764777905187164,0.43562499599483057
Cyth4,0.08977641088876769,0.08977641088876769,3.4918544503442264e-07
Ndufb7,-0.007161071514036781,0.007161071514036781,0.6850578265127932
G6pdx,-0.014108504846137552,0.014108504846137552,0.4242486345949801
Wtap,-0.04752976207013143,0.04752976207013143,0.007073573600739171
Rps29,-0.03700470249589704,0.03700470249589704,0.036040362813342504
Rpl14,-0.15142212786899914,0.15142212786899914,6.379076456316659e-18
Ngdn,0.10480309800852008,0.10480309800852008,2.6504966329247138e-09
Eif2s2,0.12249796355155168,0.12249796355155168,3.310086680734696e-12
Cox4i1,-0.15008649372496274,0.15008649372496274,1.2461152744561255e-17
Psmb1,0.067716446523843,0.067716446523843,0.00012327777700370325
Gnai2,-0.20840292348212605,0.20840292348212605,7.85845032634393e-33
Capzb,-0.11584680321108101,0.11584680321108101,4.606309784765863e-11
Dcun1d5,0.0003522591203389621,0.0003522591203389621,0.9840831600834236
Chrac1,-0.013213512059342224,0.013213512059342224,0.4542326593522485
Zfand2b,-0.001539940702944791,0.001539940702944791,0.9305011902433645
Vps35,0.0637866789929175,0.0637866789929175,0.00029892670100503004
Laptm4a,-0.020783541238185904,0.020783541238185904,0.2391161885075029
Trappc2l,0.032128648637194786,0.032128648637194786,0.06874845449442037
Map1lc3a,-0.06556884338355351,0.06556884338355351,0.00020122089561018706
Skap2,0.14429397216110992,0.14429397216110992,2.120151558085456e-16
Lrrfip2,0.017577227886299337,0.017577227886299337,0.3194641680479252
Psma1,0.1453118724549364,0.1453118724549364,1.2991149004748137e-16
2510006D16Rik,0.09097982576979921,0.09097982576979921,2.425888720431171e-07
Slc35b1,0.0590738659414763,0.0590738659414763,0.00081232470781152
Rbm3,0.062081690157447966,0.062081690157447966,0.000432558682731191
Pofut2,-0.01970351936347001,0.01970351936347001,0.26441651949014316
Ddx41,0.031034438542474355,0.031034438542474355,0.07873857425016391
Il6ra,0.04436567169036018,0.04436567169036018,0.011941156405856697
Gm885,0.09402520671013656,0.09402520671013656,9.453622818507757e-08
Gmfg,-0.0211045728754619,0.0211045728754619,0.23193613868124696
Rac1,-0.07556576115086715,0.07556576115086715,1.8209917631496723e-05
Lrrc33,0.07310047767684982,0.07310047767684982,3.389582540260368e-05
Mrpl42,0.11901613016698122,0.11901613016698122,1.3376198585393043e-11
H3f3a,-0.2721115782038771,0.2721115782038771,1.3266398959681427e-55
Cisd1,-0.006213487613986094,0.006213487613986094,0.7249110124257685
Mrpl48,0.06897003436255122,0.06897003436255122,9.200573735083748e-05
Iah1,0.07125931469792653,0.07125931469792653,5.3247765486481914e-05
Pttg1,0.02315929842560761,0.02315929842560761,0.1895882815345259
Rpl6,-0.21084341456470854,0.21084341456470854,1.3958645545198376e-33
Dusp3,-0.0008332605517222194,0.0008332605517222194,0.9623605629625788
Mapre1,0.05395590425830805,0.05395590425830805,0.002228127405619948
Rps8,-0.28813548194025923,0.28813548194025923,2.0481878628536618e-62
Anp32b,0.04619852425438129,0.04619852425438129,0.00884878474268804
Hbxip,0.016097585038192537,0.016097585038192537,0.3619042829973233
Cmpk1,-0.007422216258844625,0.007422216258844625,0.6742213975220009
Suds3,-0.025099842575006574,0.025099842575006574,0.1550992983518486
Clec12a,0.110499293522069,0.110499293522069,3.444237462840921e-10
Lgals1,-0.03857726210625442,0.03857726210625442,0.028842767717482648
Dleu2,-0.15263453967796925,0.15263453967796925,3.4554709260938818e-18
Oaz1,-0.08155265732598777,0.08155265732598777,3.720303701775851e-06
Fam49a,0.028328362810609218,0.028328362810609218,0.10856137157483532
Wdr1,0.02535747998197027,0.02535747998197027,0.15090373131693455
Lmo4,-0.06797422013980253,0.06797422013980253,0.00011612563934349254
Rpl29,-0.2317575476019815,0.2317575476019815,2.104516903698234e-40
Atp1b3,0.007336303833507187,0.007336303833507187,0.6777790939792567
Fosl2,-0.004860127965726346,0.004860127965726346,0.7831211194797004
Eif3g,0.14017555993415784,0.14017555993415784,1.4844223475174845e-15
2310003F16Rik,0.009837634565422181,0.009837634565422181,0.577414084924879
Fam120a,-0.004611148236347251,0.004611148236347251,0.7939746564030471
Cklf,-0.0028563298912940432,0.0028563298912940432,0.8714885623057039
Bola2,-0.023096235273016248,0.023096235273016248,0.19079698722425212
3110001D03Rik,-0.028501850890741726,0.028501850890741726,0.10641371371244987
Strap,0.08923783485746786,0.08923783485746786,4.103943466112511e-07
Srp14,-0.03331105026532035,0.03331105026532035,0.05914846533441296
Rps2,-0.18064741357081887,0.18064741357081887,5.971424105805353e-25
Psmb3,0.10365432801279494,0.10365432801279494,3.949304023607593e-09
Arl4c,0.030199359085147454,0.030199359085147454,0.08713194952804976
Man2b1,0.14454055509415864,0.14454055509415864,1.883543518386349e-16
Rpl3,-0.16704669646251769,0.16704669646251769,1.608483753247673e-21
Lsm10,0.010143274025069048,0.010143274025069048,0.565645043106318
Sirpa,-0.02977750066592096,0.02977750066592096,0.09163860592923913
Psmd13,0.13322557518543265,0.13322557518543265,3.482019632792143e-14
Hnrnpf,-0.05312375630627769,0.05312375630627769,0.002605783682519842
Rnaset2b,0.04184646855488013,0.04184646855488013,0.017739804497075427
Cwc15,0.0316202368484042,0.0316202368484042,0.07325262040216012
Rn45s,0.03343344326898807,0.03343344326898807,0.058221600632203316
Rpl37,-0.3578909865640615,0.3578909865640615,1.299845429257534e-97
Ap2m1,0.05962370490660814,0.05962370490660814,0.0007254300364801496
Sla,-0.11058673831770642,0.11058673831770642,3.3352713617079743e-10
Add3,-0.028393685411290347,0.028393685411290347,0.107748735797659
Lrp10,0.06472559962333468,0.06472559962333468,0.0002429595463945015
Rpl10a,-0.16814924739019452,0.16814924739019452,8.684271340939767e-22
Csf1r,0.011923718246757576,0.011923718246757576,0.4994716241461135
Cd47,0.07648501875341296,0.07648501875341296,1.4374017291637882e-05
St13,0.052178675485778064,0.052178675485778064,0.003105040298499589
Ralbp1,-0.02372400825120735,0.02372400825120735,0.17901518222360174
Gtf2a2,0.055974303295831834,0.055974303295831834,0.0015109062959107631
Igbp1,0.1051904307094703,0.1051904307094703,2.3147987374851944e-09
Rps6,-0.22499889752634933,0.22499889752634933,4.0242834453768625e-38
Hpcal1,0.022012839183666828,0.022012839183666828,0.21245480958748986
Nme1,0.09166633594317092,0.09166633594317092,1.966676323965343e-07
Serf2,-0.2988930808449607,0.2988930808449607,3.030999121144193e-67
Eif5b,0.040337519008653976,0.040337519008653976,0.02228720100639543
Vps29,0.09317398997714234,0.09317398997714234,1.233929328050518e-07
Vamp3,-0.04682985956328694,0.04682985956328694,0.007962510394448227
Sumo2,-0.04523746212067352,0.04523746212067352,0.010367446079401125
Zeb2,0.04135936743579925,0.04135936743579925,0.01910980704445515
Arf4,0.011658377529112482,0.011658377529112482,0.5090662943532596
Rpl32,-0.24129996578451657,0.24129996578451657,9.436545460997916e-44
Prr13,-0.16375195928016767,0.16375195928016767,9.896176810803784e-21
Evi2a,-0.031114244349089732,0.031114244349089732,0.0779720992469723
Aldh3b1,0.06893225005535442,0.06893225005535442,9.28273190348909e-05
Zbp1,0.06633108007103283,0.06633108007103283,0.00016937808282417816
1810046J19Rik,0.024745391601120836,0.024745391601120836,0.16101536550563358
Rasgrp2,-0.11033827031865598,0.11033827031865598,3.6540512636086966e-10
Rbm17,-0.004208004836678723,0.004208004836678723,0.811632485732017
Stk10,-0.1092304283786565,0.1092304283786565,5.476089451425353e-10
Psme1,0.05178016888866874,0.05178016888866874,0.0033405556160875493
Cyp4f18,0.09172807041242663,0.09172807041242663,1.9297688662391455e-07
Calm3,-0.03262901243500021,0.03262901243500021,0.06454022146486182
Snrpe,-0.026056900249614042,0.026056900249614042,0.13994985165644197
H2-Ke2,0.07081585869714252,0.07081585869714252,5.927370180202451e-05
Vdac2,0.047981220766491216,0.047981220766491216,0.006548502999565036
C030046I01Rik,-0.0370287471163237,0.0370287471163237,0.03591973062616919
Minos1,0.019682639436041816,0.019682639436041816,0.2649231736652242
Srp19,0.02836987707517515,0.02836987707517515,0.10804436038433247
Dusp11,0.0712953631785573,0.0712953631785573,5.2784305004042715e-05
Zfand6,0.022881904331116105,0.022881904331116105,0.1949473564354598
Rpl23,-0.26575383386209445,0.26575383386209445,5.021265846071693e-53
Vcp,0.09186806613446975,0.09186806613446975,1.84853613412982e-07
Ppp1ca,-0.08376874098824413,0.08376874098824413,2.0083696682953195e-06
Hnrnph2,0.07474154976473717,0.07474154976473717,2.24615533602337e-05
1110008P14Rik,0.011009869871691032,0.011009869871691032,0.5329161767235543
Itm2b,-0.13291518738936833,0.13291518738936833,3.993864073828926e-14
Unc93b1,0.08889656410728772,0.08889656410728772,4.5440346504646957e-07
Fam107b,-0.054333662177836625,0.054333662177836625,0.002073827581578036
Esd,0.06268422849579847,0.06268422849579847,0.00037999185234205126
Hmgcl,0.10193895000155663,0.10193895000155663,7.10704640608228e-09
Dstn,-0.022490349654571383,0.022490349654571383,0.202699756476205
Cetn3,0.059181379393070575,0.059181379393070575,0.0007946092898664585
Plaur,0.05261224824527775,0.05261224824527775,0.0028660683572781774
Fth1,-0.07714033734264136,0.07714033734264136,1.2123904624989979e-05
Cnpy2,0.09653555998378635,0.09653555998378635,4.251473849581789e-08
Atp6v1b2,0.0010309261777154864,0.0010309261777154864,0.9534409203533263
Rpl28,-0.22615838900132837,0.22615838900132837,1.6540194171127072e-38
Rgs19,-0.0002158093781907509,0.0002158093781907509,0.9902482422897606
Fam32a,-0.04591395209376799,0.04591395209376799,0.00927631447377875
Tgfbi,-0.0597028218721015,0.0597028218721015,0.0007136620737645786
Eny2,0.06968670628996002,0.06968670628996002,7.766396458488331e-05
Ndufa3,-0.1663292997801671,0.1663292997801671,2.396680801368744e-21
Rpl18a,-0.2900904533645065,0.2900904533645065,2.813020234867072e-63
Mt1,-0.05510365344281501,0.05510365344281501,0.0017892221913141648
Chi3l3,-0.28941922299815587,0.28941922299815587,5.571557539291474e-63
Pabpn1,0.011483055000926775,0.011483055000926775,0.5154584752074975
Mrpl14,0.02625102951954154,0.02625102951954154,0.13702064352711754
0610009D07Rik,-0.04228123618857734,0.04228123618857734,0.016590452373819085
Nr4a1,-0.20635648861502337,0.20635648861502337,3.2915472313988185e-32
4632428N05Rik,0.0007309658808108462,0.0007309658808108462,0.9669785206543683
Myl12a,-0.02729690679438367,0.02729690679438367,0.12204593243694915
Ewsr1,0.013128222845800768,0.013128222845800768,0.4571510290804684
Mapkapk2,0.02951897308286049,0.02951897308286049,0.09449171737672828
Snrpd3,0.052672385891430654,0.052672385891430654,0.002834281588125706
Clec4a3,0.07006521619873302,0.07006521619873302,7.096937780883353e-05
Mrps33,0.06317092536151171,0.06317092536151171,0.00034195491704601654
Spop,-0.0220461997030182,0.0220461997030182,0.21176246683467986
Hdgf,-0.03285405993673545,0.03285405993673545,0.06271800415692909
Gnas,-0.15182993677089252,0.15182993677089252,5.193300976649173e-18
1810027O10Rik,-0.012230644321251424,0.012230644321251424,0.4884941077430912
Mrps24,-0.01085325053262947,0.01085325053262947,0.5387596468075648
Ifi30,0.20687229919471764,0.20687229919471764,2.2973619613309586e-32
Trmt112,0.004374016989636942,0.004374016989636942,0.804348934826598
H2afj,-0.09722919103518801,0.09722919103518801,3.3970101824294396e-08
Max,-0.010492374762732693,0.010492374762732693,0.5523450134474213
2410006H16Rik,0.034943278462716824,0.034943278462716824,0.04774737451614527
Foxp1,0.022486033051797496,0.022486033051797496,0.2027864542919728
Sec11c,-0.0589479185980578,0.0589479185980578,0.0008335431862210766
Arl5c,0.00873004829469493,0.00873004829469493,0.6209997640092835
Hexb,0.1504707341752971,0.1504707341752971,1.0284165472611417e-17
Psenen,0.014978066474207402,0.014978066474207402,0.3962557111352712
Nudt21,0.06540418443708583,0.06540418443708583,0.00020880104801868798
Ly6c2,-0.13596826088244907,0.13596826088244907,1.0220133494957712e-14
Twf2,0.09455239039566116,0.09455239039566116,8.006485274936002e-08
Cmtm7,-0.11325644271891962,0.11325644271891962,1.234984543697031e-10
Snap23,0.09192902432666637,0.09192902432666637,1.814206813033246e-07
Tax1bp1,0.12967150103526148,0.12967150103526148,1.6425185222582907e-13
Atp5d,0.04971642695116782,0.04971642695116782,0.004841088125351747
Lilrb3,0.06529970039915574,0.06529970039915574,0.00021374917399748675
Fmnl1,-0.10528279832086869,0.10528279832086869,2.24107629785948e-09
Ncf1,0.008129851556227669,0.008129851556227669,0.6452003664290951
Csde1,-0.0020655871379033704,0.0020655871379033704,0.9068725506846895
S100a4,-0.13084747067288036,0.13084747067288036,9.87696816411246e-14
Pin4,0.04029731997261157,0.04029731997261157,0.022421073619217448
Rps18,-0.23259651067126005,0.23259651067126005,1.083318588771288e-40
Znhit1,0.028667086615119103,0.028667086615119103,0.10439965013188961
Rnasek,0.04840187214360656,0.04840187214360656,0.00609107825599502
Bnip2,0.11522852331674763,0.11522852331674763,5.840497905175448e-11
Tbca,-0.01800008549041106,0.01800008549041106,0.3079591294560226
1110002B05Rik,0.08663403081611584,0.08663403081611584,8.844553405553755e-07
Glrx,0.001067500736233045,0.001067500736233045,0.9517911023857696
2410015M20Rik,0.07625626209562175,0.07625626209562175,1.5249296324269571e-05
Cd300a,-0.0029477896594131375,0.0029477896594131375,0.8674111009658946
Ppp1r2,-0.101121429068908,0.101121429068908,9.372308896582894e-09
Snf8,0.040354055972731714,0.040354055972731714,0.022232330883054412
Srsf3,-0.043663243435818996,0.043663243435818996,0.013359521803335167
Rpl27a,-0.2839594884538069,0.2839594884538069,1.349657343430347e-60
Nsa2,0.01514347255401081,0.01514347255401081,0.39105999277016473
Pilra,0.16210678888061095,0.16210678888061095,2.4176106134893244e-20
Myo1g,-0.048795032583084916,0.048795032583084916,0.005689770909697924
Tpd52,-0.1405297617543342,0.1405297617543342,1.258463780571406e-15
Dap,0.042324637333526344,0.042324637333526344,0.01647938697102857
Snx20,0.07838705553982517,0.07838705553982517,8.737112190223602e-06
Xbp1,-0.0444096781092035,0.0444096781092035,0.011856912374279154
Creg1,0.017827964632964814,0.017827964632964814,0.31260867256311636
Sp110,0.0710474258561073,0.0710474258561073,5.605079517159566e-05
Usmg5,-0.10762225745654076,0.10762225745654076,9.78207557365418e-10
Hsp90b1,0.09370222073466403,0.09370222073466403,1.0462006600906716e-07
Ywhae,0.036169274686471166,0.036169274686471166,0.04045136854773587
Hnrnpab,0.05534288483323304,0.05534288483323304,0.001708393035046813
Sh3bgrl3,-0.30613086406458395,0.30613086406458395,1.2985526735619265e-70
Emg1,0.058340469839644846,0.058340469839644846,0.0009432873467132679
Tmed9,0.09941665773737558,0.09941665773737558,1.657296175698682e-08
Hnrnpc,0.07493710143160796,0.07493710143160796,2.137476754293501e-05
Slpi,-0.06524787867934417,0.06524787867934417,0.00021624396424861484
Ncf4,0.17874556788034837,0.17874556788034837,1.8733406761337447e-24
Cited2,-0.039381884784102116,0.039381884784102116,0.025664538729710824
Cdc37,0.09655884908577919,0.09655884908577919,4.2196719976564406e-08
Tomm7,-0.16612630187169794,0.16612630187169794,2.6821169899810095e-21
Rrbp1,0.10682933495874708,0.10682933495874708,1.2981342675755838e-09
Psmb7,0.08133849825356725,0.08133849825356725,3.945437888605248e-06
Ubc,-0.006885073618686059,0.006885073618686059,0.6965813906817538
Tmed2,-0.04987579141412921,0.04987579141412921,0.0047064984887643406
Sumo1,0.021196978164756936,0.021196978164756936,0.22989809445609757
Atp6v1f,-0.02815499942292187,0.02815499942292187,0.11074158346471265
Psmb5,0.09175721814389905,0.09175721814389905,1.9125765535203727e-07
Cd68,0.08264263383299643,0.08264263383299643,2.752549905144453e-06
Cript,-0.013339329603023987,0.013339329603023987,0.44994674574843013
Epn1,-0.05488460406882303,0.05488460406882303,0.001866298790881949
Arhgap30,-0.0004975336003850326,0.0004975336003850326,0.977520410734362
Rps25,-0.24745932301447898,0.24745932301447898,5.4157349071030215e-46
Evi2b,-0.01830730428306917,0.01830730428306917,0.29977438944262935
Gpx1,-0.23482113109793804,0.23482113109793804,1.8385066928765806e-41
Atp6v0b,-0.04654198418893893,0.04654198418893893,0.008356275320047766
Ube2i,0.012815042446458352,0.012815042446458352,0.4679570294986687
Tmsb10,-0.31966702903673144,0.31966702903673144,3.57330427457445e-77
Ssu72,0.07079166052763748,0.07079166052763748,5.962042943517929e-05
Btg1,-0.21897860697566268,0.21897860697566268,3.756638404044436e-36
Ndufc1,0.026641927438003477,0.026641927438003477,0.1312660852843231
Ap3s1,0.029844544935799636,0.029844544935799636,0.09091011756506538
Hmgb2,-0.11299037462385424,0.11299037462385424,1.364946765223843e-10
2700060E02Rik,0.042366940038147144,0.042366940038147144,0.01637176128984849
Fxc1,-0.05296348698385353,0.05296348698385353,0.002684915606706385
Cox7a2,-0.05402041894909163,0.05402041894909163,0.0022010524642000363
Rpl22,-0.2078059020475548,0.2078059020475548,1.1953591179699561e-32
Rpl8,-0.22234869645620173,0.22234869645620173,3.0139768444741725e-37
Ifitm2,-0.05519744091078941,0.05519744091078941,0.001757124421713632
Coro1b,0.07367499445598404,0.07367499445598404,2.937641871514289e-05
2810407C02Rik,-0.008390254863618598,0.008390254863618598,0.6346524592079976
Taf10,-0.012891857314997432,0.012891857314997432,0.4652935872008229
Taldo1,-0.10459667738478717,0.10459667738478717,2.848293635827882e-09
Gsr,-0.16858066843766487,0.16858066843766487,6.815433958264031e-22
Sfpi1,-0.17509805297210734,0.17509805297210734,1.620067007504451e-23
P4hb,0.037167313397101547,0.037167313397101547,0.0352312278984117
Cox7b,0.00397152670833693,0.00397152670833693,0.8220356839358148
Vamp8,-0.047473270021402,0.047473270021402,0.007141869403140785
Ncor1,-0.039382365276806976,0.039382365276806976,0.02566273513215278
Prelid1,0.03297686458632397,0.03297686458632397,0.06174171769857985
Rer1,0.04774971974607292,0.04774971974607292,0.0068132064034634645
Txn2,0.040623872989548844,0.040623872989548844,0.02135351687321306
Cfl1,-0.2000311921470274,0.2000311921470274,2.5032671271143704e-30
Atg3,-0.00039384459552853324,0.00039384459552853324,0.9822044140361551
Bri3,-0.1225417009484164,0.1225417009484164,3.2517008611465177e-12
Ssr3,0.04728733374627741,0.04728733374627741,0.007370854336515071
Btf3,-0.1062989441851856,0.1062989441851856,1.5668451531746213e-09
Cox5a,0.05402680763631226,0.05402680763631226,0.002198387784960686
Rps15,-0.27624629983525,0.27624629983525,2.5611800323579555e-57
Ube2n,0.05669954446612701,0.05669954446612701,0.0013101254395336947
Ywhaz,-0.12103266042355579,0.12103266042355579,5.986722612507671e-12
Tmem14c,0.13226509387346172,0.13226509387346172,5.317306491366123e-14
Cnn2,-0.08193627790472362,0.08193627790472362,3.347444543613372e-06
Pitpna,-0.033170741374170434,0.033170741374170434,0.06022603086878022
0910001L09Rik,-0.002338994192948453,0.002338994192948453,0.8946136272269893
Rpl41,,,
S100a10,-0.022424903346517408,0.022424903346517408,0.2040171278936833
Lsp1,-0.18892349733801997,0.18892349733801997,3.555926639138603e-27
Cdk2ap2,-0.17013222550049165,0.17013222550049165,2.835935235857754e-22
Ftl1,-0.08906290608534653,0.08906290608534653,4.3241243802122484e-07
Rpl11,-0.23715421953101265,0.23715421953101265,2.8047986268125964e-42
Jund,-0.22178224944798988,0.22178224944798988,4.619286942791777e-37
Gm2a,-0.17804240679424801,0.17804240679424801,2.8497442416165996e-24
Zfp706,-0.06976914197747332,0.06976914197747332,7.615700151219606e-05
Scand1,-0.05446078911988738,0.05446078911988738,0.00202414597877097
Eif3f,-0.12482714399589331,0.12482714399589331,1.2718595279748488e-12
Akr1a1,-0.04474162922447122,0.04474162922447122,0.011238232840723963
Shfm1,-0.22301549539859866,0.22301549539859866,1.820502515277085e-37
Nadk,-0.10676408566569283,0.10676408566569283,1.3285950040118837e-09
Atp6v1g1,-0.09704600110269636,0.09704600110269636,3.604930669051507e-08
Cytip,-0.19437145621151508,0.19437145621151508,1.0682945039624767e-28
Rbx1,-0.03091730380438584,0.03091730380438584,0.07987465156296493
Polr1d,-0.0011421852156872736,0.0011421852156872736,0.9484228577423693
Serp1,-0.06118676920216173,0.06118676920216173,0.0005232747677613514
Zfp36,-0.2880865295867047,0.2880865295867047,2.1521437442882124e-62
Rps28,-0.31642800132304955,0.31642800132304955,1.4263736584196166e-75
Rpsa,-0.21235926516452316,0.21235926516452316,4.720021226072106e-34
