,Pearson Correlation,Absolute Correlation,P-values
Cd24a,0.2609492469742543,0.2609492469742543,3.4852306075713224e-79
Atp6v0e,0.18008906433034044,0.18008906433034044,5.664813061272473e-38
Gapdh,0.2968648548689943,0.2968648548689943,5.372826847979756e-103
1500032L24Rik,0.13843851390616702,0.13843851390616702,5.651567227789863e-23
Rbm3,0.3238486775379851,0.3238486775379851,2.6761123299126873e-123
Cyba,0.2987764359502271,0.2987764359502271,2.29954112730107e-104
Hnrnpu,-0.03803903253940799,0.03803903253940799,0.0069393996222887975
Ube2s,0.08348674898229885,0.08348674898229885,2.965286357809156e-09
Ppp1ca,0.20814609686929134,0.20814609686929134,2.0653747048839287e-50
Clta,0.1289737934424207,0.1289737934424207,3.9752733344369444e-20
1810027O10Rik,0.0548391511486784,0.0548391511486784,9.876249225547275e-05
4632428N05Rik,0.027163344704851888,0.027163344704851888,0.053915119856150315
Sfpq,-0.043866802471896005,0.043866802471896005,0.001847422100802164
2010107E04Rik,0.08055828475672301,0.08055828475672301,1.0362437218252801e-08
2810417H13Rik,0.11917177580466715,0.11917177580466715,2.1543680103735657e-17
Psma3,0.013117970346414435,0.013117970346414435,0.3519969564759968
Twf2,0.0007622202443277324,0.0007622202443277324,0.9568735202001831
Ly6c2,0.2977700485170537,0.2977700485170537,1.211850740867738e-103
Spcs1,0.026473348772095433,0.026473348772095433,0.06030757401719704
Ccdc72,0.1585398951082264,0.1585398951082264,1.0493173696986481e-29
Rps8,0.3870974687566064,0.3870974687566064,1.0235563945763008e-179
Glrx,0.09176976790939521,0.09176976790939521,6.819423323355224e-11
Ywhab,0.0342668047972202,0.0342668047972202,0.01502206216787346
Eif1b,0.013046160518027984,0.013046160518027984,0.35463961072425065
Eif4a1,-0.014135254707509787,0.014135254707509787,0.31590605878551303
Atp5j,0.24216544607987198,0.24216544607987198,4.017077329811133e-68
Fis1,0.11833456128050247,0.11833456128050247,3.6038773499582677e-17
Igfbp4,-0.059999659777873214,0.059999659777873214,2.0383841278376784e-05
Gmnn,-0.021007651873023482,0.021007651873023482,0.1360671231473563
Smc4,0.06275608102202364,0.06275608102202364,8.32080118983011e-06
Gpsm3,0.18077117298689493,0.18077117298689493,2.9746928868595787e-38
Tomm22,0.0160863817033798,0.0160863817033798,0.2537213913650856
Rps15,0.3386162233155415,0.3386162233155415,2.4860451573144246e-135
Ndufa4,0.17867547105932735,0.17867547105932735,2.134868964472399e-37
Tpm3,0.16232953277462994,0.16232953277462994,4.4306627850437075e-31
Coro1a,0.2867932901733053,0.2867932901733053,5.878513153035446e-96
Ssr4,0.03676540388353203,0.03676540388353203,0.009073211171664392
Lrg1,0.21638811655648946,0.21638811655648946,1.962861755252416e-54
Hmgb3,-0.07164079099490944,0.07164079099490944,3.594808201199703e-07
Eif2s2,0.03825291162193345,0.03825291162193345,0.006628994075864426
Psmb1,0.10264314299761644,0.10264314299761644,2.8451120682038996e-13
Pfdn5,0.19156795460361387,0.19156795460361387,7.874114672868876e-43
Clec4a2,0.23929641462893364,0.23929641462893364,1.6289194668046707e-66
Btf3,0.16330896257534638,0.16330896257534638,1.9309020965730794e-31
Rab14,-0.0004934893721323413,0.0004934893721323413,0.9720704325873648
Ube2a,-0.008876754356621651,0.008876754356621651,0.5288300584385132
Hnrnpf,0.0943469470135875,0.0943469470135875,1.964783994069875e-11
2310016M24Rik,0.0014710463749308853,0.0014710463749308853,0.9168784079484106
Def6,-0.09736942760106125,0.09736942760106125,4.3738467470857184e-12
Cdc37,-0.07857347725225605,0.07857347725225605,2.3613505874396714e-08
Eef2,0.0568881208924837,0.0568881208924837,5.360592282006272e-05
Atp5j2,0.14355491814660817,0.14355491814660817,1.3414162487780224e-24
Myl6,0.3130745681395347,0.3130745681395347,6.171209030237065e-115
Rps21,0.14123878996475026,0.14123878996475026,7.420983893633104e-24
Tmpo,-0.03410236791843519,0.03410236791843519,0.015513245325323877
Rpl13,0.3804093259963882,0.3804093259963882,3.9628866014174026e-173
Kpna2,-0.06796985271360442,0.06796985271360442,1.3801364356353241e-06
Dok3,-0.026571670842330277,0.026571670842330277,0.05935999432312927
Ifitm6,0.2471779661195558,0.2471779661195558,5.5343648695326554e-71
Eif4ebp1,-0.0003127875358441087,0.0003127875358441087,0.982295286463599
Rps13,0.3558448384889099,0.3558448384889099,3.167558997452661e-150
Cebpb,-0.18385043256431247,0.18385043256431247,1.5728166455812025e-39
Aprt,0.2000826267172938,0.2000826267172938,1.2211248598487666e-46
Lyz1,0.13650701012122096,0.13650701012122096,2.237905080718051e-22
Fam49b,0.14825039096926518,0.14825039096926518,3.832632122629106e-26
Arpc1a,-0.035571170674772674,0.035571170674772674,0.011587205949964714
0610010K14Rik,-0.0821930084636407,0.0821930084636407,5.181185864475331e-09
Chi3l3,0.19925768739796335,0.19925768739796335,2.90802342551797e-46
Rpl8,0.36828144038831023,0.36828144038831023,1.4315283867851862e-161
Taldo1,0.251464122921524,0.251464122921524,1.7559261044035147e-73
Mrps17,-0.04816180311378399,0.04816180311378399,0.0006286852060826125
Alox5ap,0.2896261956305056,0.2896261956305056,6.581294194765446e-98
Lmo4,0.11963835211970834,0.11963835211970834,1.6147553602566708e-17
Psme1,-0.0016400791073066796,0.0016400791073066796,0.907367996953839
Fau,0.3550733805099501,0.3550733805099501,1.541285769783978e-149
0910001L09Rik,0.25658870355866137,0.25658870355866137,1.5611932668678814e-76
Npc2,0.004534466961895367,0.004534466961895367,0.7476729899372767
Phb2,-0.09581579257425978,0.09581579257425978,9.522635435423418e-12
Psmc3,-0.005862298199570261,0.005862298199570261,0.6774707371224383
Tuba1b,0.04561248674978028,0.04561248674978028,0.0012047141213507504
Mkrn1,0.012473378958753249,0.012473378958753249,0.37616456914585605
Rhoa,0.1814645658135438,0.1814645658135438,1.5414390850403187e-38
Ak2,0.0059796960298765505,0.0059796960298765505,0.671386223180573
Rpl29,0.296419884968753,0.296419884968753,1.114992982636368e-102
Nhp2l1,0.007451221615928184,0.007451221615928184,0.5970480066386002
Tagln2,0.15271039900770042,0.15271039900770042,1.173701124667104e-27
Atp5g3,0.0015968944749283117,0.0015968944749283117,0.9097965179747448
Stxbp2,-0.06535841344836141,0.06535841344836141,3.4512366971008326e-06
Nfyb,-0.00587634671273526,0.00587634671273526,0.676741509762196
Snx3,-0.010765897115824688,0.010765897115824688,0.44496736564366013
Tubb5,0.055864476143546164,0.055864476143546164,7.292851974951074e-05
Rpl23,0.37045985279309834,0.37045985279309834,1.306706467922449e-163
Dcun1d5,-0.057912995145079256,0.057912995145079256,3.918824775951011e-05
Calm1,0.2719498767094927,0.2719498767094927,4.229848494595022e-86
Ncaph2,-0.1055951813486023,0.1055951813486023,5.792469824116601e-14
Cops8,-0.06686802999102799,0.06686802999102799,2.0400779019931728e-06
Sept1,0.03350330994766922,0.03350330994766922,0.017424193612163616
Vdac2,0.03781956112273401,0.03781956112273401,0.007271429885719515
Atf4,0.045630055994803784,0.045630055994803784,0.001199453307086725
Ddx5,0.08416225760496437,0.08416225760496437,2.208368314766654e-09
Rpl10a,0.22206728128743702,0.22206728128743702,2.644527819293283e-57
Rnasek,0.14276007536633836,0.14276007536633836,2.4204840470057726e-24
Mad2l1,-0.08575053730145459,0.08575053730145459,1.0944699242712512e-09
Higd2a,-0.043539166280301,0.043539166280301,0.0019985627924235
Stt3b,-0.15820667594300802,0.15820667594300802,1.3808590790530977e-29
Emp3,0.24142874347384266,0.24142874347384266,1.0443537989834595e-67
Rps27a,0.37146010760798814,0.37146010760798814,1.494001784696971e-164
Eef1b2,0.05415914954844607,0.05415914954844607,0.00012042455864377409
Mgst2,0.05107666539447129,0.05107666539447129,0.00028772132457805156
Ptpn7,-0.04413652536650599,0.04413652536650599,0.001730955248838393
Ahsa1,-0.07292955554149567,0.07292955554149567,2.2064616177905795e-07
Ier3ip1,-0.0033292057624040774,0.0033292057624040774,0.8132787517214048
Cycs,0.06670278386400882,0.06670278386400882,2.1621078611800123e-06
Prtn3,-0.006254114302599669,0.006254114302599669,0.6572479191272683
1110008F13Rik,0.16142859918276442,0.16142859918276442,9.468400962355363e-31
Sec13,-0.06589846217233597,0.06589846217233597,2.863202191721826e-06
Cd37,-0.08351488957853911,0.08351488957853911,2.9292363901883093e-09
Fermt3,-0.08778946982307395,0.08778946982307395,4.3627195115035996e-10
Cggbp1,-0.029738427926855958,0.029738427926855958,0.0348304733227534
Cct7,-0.06524198886272728,0.06524198886272728,3.5923758232200085e-06
Uqcrq,0.08104103561739273,0.08104103561739273,8.456064344639571e-09
Ptp4a2,-0.05646469362723253,0.05646469362723253,6.092261040207356e-05
Csf2ra,-0.0035755345218153366,0.0035755345218153366,0.7997467704206124
Brp44,0.06891313988865282,0.06891313988865282,9.829992718795558e-07
Ndufa2,0.1698654264500938,0.1698654264500938,6.499147762638473e-34
Dazap2,-0.07103445293517774,0.07103445293517774,4.509951082553079e-07
Papola,-0.07158013392582241,0.07158013392582241,3.6776017423333344e-07
Ralbp1,0.08692029254557297,0.08692029254557297,6.473645162688723e-10
Vasp,0.1436819439334107,0.1436819439334107,1.22028829818809e-24
Lmnb1,-0.06469641827057679,0.06469641827057679,4.330785210064687e-06
Mrps24,-0.0006738731717331386,0.0006738731717331386,0.9618681485167333
Mrps16,-0.028430427251612704,0.028430427251612704,0.04364691085624646
Tcf25,-0.021843883376051507,0.021843883376051507,0.12115436040124727
Arpc1b,0.302169264196562,0.302169264196562,8.068468122142584e-107
Sirt7,-0.061150810685217466,0.061150810685217466,1.4084436857587712e-05
Snrnp40,-0.10047876197300239,0.10047876197300239,8.884012162727245e-13
Rps24,0.3571663064024187,0.3571663064024187,2.08542717741584e-151
Calm3,0.1431661244774234,0.1431661244774234,1.7911518437871943e-24
Ccnd3,0.09855265203127744,0.09855265203127744,2.398575865896158e-12
Vim,0.15071450339779707,0.15071450339779707,5.6594067525832574e-27
Ethe1,0.06598283379945978,0.06598283379945978,2.7804943046922334e-06
Ap2m1,-0.06162743417570357,0.06162743417570357,1.2062689895129311e-05
Actb,0.28814996364797596,0.28814996364797596,6.882922680413961e-97
Ssu72,0.007606196389514463,0.007606196389514463,0.5894412798985195
Wdr5,-0.14971513179689452,0.14971513179689452,1.234204691700115e-26
Gsr,0.26476783106148233,0.26476783106148233,1.5088270891290967e-81
Hmgb1,0.20635788412616407,0.20635788412616407,1.4632577237724962e-49
Stip1,-0.14008753964255494,0.14008753964255494,1.7184251804894546e-23
Top1,0.14850252934871072,0.14850252934871072,3.156025163367904e-26
Anp32a,0.11130792378138851,0.11130792378138851,2.3445991229060106e-15
Luc7l2,-0.003638194110919112,0.003638194110919112,0.7963139825798691
Cd47,0.07855199023813049,0.07855199023813049,2.3822430472312088e-08
Ppil1,-0.05437350528068737,0.05437350528068737,0.00011315437968610021
Tsn,-0.04915543384816305,0.04915543384816305,0.0004838380823943434
Ltb4r1,0.07373844887923048,0.07373844887923048,1.6174113053596908e-07
Bnip3l,0.04654502849642005,0.04654502849642005,0.000953061740265396
Slc9a3r1,-0.04957908433032017,0.04957908433032017,0.00043210048269789927
Psma1,0.00455242037665401,0.00455242037665401,0.7467081267433567
Eif3h,0.04634645355681194,0.04634645355681194,0.0010021685342206604
Mmadhc,-0.08562284580377362,0.08562284580377362,1.1585573565499438e-09
Atp5f1,0.03290424165804351,0.03290424165804351,0.019538465151825134
Atp1b3,-0.07939364301297809,0.07939364301297809,1.684177742545102e-08
Ict1,-0.03463593215406534,0.03463593215406534,0.013969037177101084
Cnn2,0.16393650461395792,0.16393650461395792,1.1309929086453425e-31
Rpl41,0.3701109190426402,0.3701109190426402,2.7793523850581465e-163
Sumo2,0.15352001392255885,0.15352001392255885,6.162778144712515e-28
Ube2v1,-0.0810346293363315,0.0810346293363315,8.478973606944023e-09
1100001G20Rik,0.30366840677909074,0.30366840677909074,6.479399574109189e-108
Uqcrb,0.11228187252654058,0.11228187252654058,1.3345685479748842e-15
Sep15,0.010861908094051593,0.010861908094051593,0.44091779418334637
Rps15a,0.32105332800379666,0.32105332800379666,4.270936469070483e-121
Hnrnpm,-0.07301652143482378,0.07301652143482378,2.1343380756446243e-07
Commd3,-0.07035094062667309,0.07035094062667309,5.811083774733672e-07
Ccdc12,0.02551430054014725,0.02551430054014725,0.07022417843148174
Cdk2ap2,0.1923607990069921,0.1923607990069921,3.53960840387695e-43
Sdhb,-0.006306975420103661,0.006306975420103661,0.654538294304933
Rpn1,-0.12095419415130765,0.12095419415130765,7.117628639832708e-18
Ucp2,0.012940757401741707,0.012940757401741707,0.35854113986802405
Tbc1d10b,-0.09432405748283496,0.09432405748283496,1.9869139435680322e-11
Leprotl1,-0.03624079976571136,0.03624079976571136,0.01011050618034295
Slfn2,0.12792065524609605,0.12792065524609605,8.00841021490168e-20
Hcls1,-0.05312399114288288,0.05312399114288288,0.00016216526274028916
Vcp,-0.09235644512126458,0.09235644512126458,5.152355441398688e-11
Pgls,0.11694462217621274,0.11694462217621274,8.399553719214348e-17
Rpsa,0.30014829067238313,0.30014829067238313,2.360659971237891e-105
Smarca5,-0.014503398540246163,0.014503398540246163,0.30346599731823604
Bin3,-0.02737451469434066,0.02737451469434066,0.05207561186214396
Grk6,-0.06700691411064566,0.06700691411064566,1.942656789220053e-06
Tnfaip8,0.010829665451955576,0.010829665451955576,0.44227537097194247
B3gnt2,-0.03182968993930519,0.03182968993930519,0.02389592112874965
Gsn,0.029728171989753326,0.029728171989753326,0.034893194502724184
Vps28,0.038123965291561174,0.038123965291561174,0.0068146060975313475
Stk39,0.04849573359988446,0.04849573359988446,0.0005760223418798998
Tmed9,-0.03684062256415344,0.03684062256415344,0.008932541443954976
Rgs18,-0.05117457296349017,0.05117457296349017,0.00028006762537559143
Trappc3,-0.06300426270445121,0.06300426270445121,7.661925583579262e-06
Fes,-0.07029454545351968,0.07029454545351968,5.933285323246932e-07
Pgp,0.06776371625924893,0.06776371625924893,1.4855005090209584e-06
H2-Ke2,-0.013117786878545557,0.013117786878545557,0.3520036923056092
B4galnt1,-0.13860913145331508,0.13860913145331508,4.9999167139369596e-23
Sec11c,0.09152404216343767,0.09152404216343767,7.665027012799593e-11
Ube2l3,0.0538423728427868,0.0538423728427868,0.0001319787627033211
D1Ertd622e,-0.07219891581370448,0.07219891581370448,2.912813808655398e-07
Cyfip2,-0.034169194958014786,0.034169194958014786,0.01531194982016564
H3f3a,0.29661921298878186,0.29661921298878186,8.04096484423676e-103
Ssna1,0.04191765911485883,0.04191765911485883,0.002927530520555634
Cited2,-0.007330570753443302,0.007330570753443302,0.6030007155525892
Cdc42ep3,0.04425829847913932,0.04425829847913932,0.001680618166985968
Cdc20,-0.02274636796047764,0.02274636796047764,0.10652762281379732
Ppm1m,0.00444084562662379,0.00444084562662379,0.7527108180443549
Tbca,0.028678065350182632,0.028678065350182632,0.04184625239211706
Actg1,0.2880058733953531,0.2880058733953531,8.648700690244611e-97
Lrrfip1,0.030012835534040154,0.030012835534040154,0.033187690661180914
Sec22b,-0.07776253217246654,0.07776253217246654,3.287375571065447e-08
Slc39a11,-0.15891542433109368,0.15891542433109368,7.695061040928342e-30
Lbp,-0.14258059996565275,0.14258059996565275,2.7642794083110382e-24
Ncam1,-0.11697895688465183,0.11697895688465183,8.226797531942696e-17
Gm14005,-0.005452580650263908,0.005452580650263908,0.6988687344498478
Scand1,0.11241616637268388,0.11241616637268388,1.234325752825152e-15
Arid1a,-0.007230478482169299,0.007230478482169299,0.6079592637642196
Fam101b,0.11382622191146134,0.11382622191146134,5.406691410239073e-16
Dnajc3,-0.047250704147924844,0.047250704147924844,0.0007960147039271598
Prkcd,-0.1667748198148825,0.1667748198148825,9.799252118522598e-33
Polr2m,-0.12889864002775836,0.12889864002775836,4.179816314026021e-20
Rps27,0.02264247880076164,0.02264247880076164,0.10813652233905173
Ctbp1,-0.09464456014891759,0.09464456014891759,1.6981033151054903e-11
Vps36,-0.024753894625684038,0.024753894625684038,0.07900516317574217
Ctsg,-0.08190517960220048,0.08190517960220048,5.859412466676847e-09
Thrap3,-0.026742190194858136,0.026742190194858136,0.05774590895673587
Immt,-0.08928475898138097,0.08928475898138097,2.1929790550118525e-10
Ogfrl1,0.014442397124416823,0.014442397124416823,0.3055045036341082
Cetn3,-0.04135574033891754,0.04135574033891754,0.0033319506783011177
Mob4,-0.030166508699161064,0.030166508699161064,0.03229699680325571
Psmd8,-0.02973396156413378,0.02973396156413378,0.03485777595760318
Tmem30a,-0.10171070322838786,0.10171070322838786,4.66029353728211e-13
Myl12b,0.09635567710550826,0.09635567710550826,7.27685657503356e-12
Aurka,-0.08901944164276812,0.08901944164276812,2.4796814124896193e-10
Rps27l,0.0797643266693743,0.0797643266693743,1.4440211533755138e-08
Psma2,0.07823295182108515,0.07823295182108515,2.7143801065150364e-08
Tmem50a,0.035419473659364695,0.035419473659364695,0.011947205601150554
Fam32a,-0.020805063066144977,0.020805063066144977,0.1398848470237543
Elof1,-0.005031959442978258,0.005031959442978258,0.721087680920515
Rab4b,-0.0426177492333045,0.0426177492333045,0.0024864732720287245
Mtpn,0.04383383954186604,0.04383383954186604,0.001862138760568815
Yeats4,-0.03307439414138111,0.03307439414138111,0.01891628804291865
Nxt1,-0.06593295136065605,0.06593295136065605,2.8291118575309315e-06
Slc40a1,-0.08893287819539068,0.08893287819539068,2.5809073300158225e-10
Uap1l1,-0.05761999198727536,0.05761999198727536,4.288244429428113e-05
Srrm2,0.13994174899697628,0.13994174899697628,1.9102656976712241e-23
Fcgr2b,-0.1270600055277121,0.1270600055277121,1.4133765574978092e-19
Rpl27,0.3452979592841952,0.3452979592841952,5.373227704715312e-141
Epn1,-0.08125971224475867,0.08125971224475867,7.709147203458864e-09
Srsf5,-0.04958606397637977,0.04958606397637977,0.0004312930433612745
Sat1,0.04830977121517246,0.04830977121517246,0.0006048201704393208
Rps2,0.17855595675053354,0.17855595675053354,2.3870759231674354e-37
Nans,-0.11268025536300619,0.11268025536300619,1.0583413827370824e-15
Ap1s1,-0.0639986469561191,0.0639986469561191,5.488775535378461e-06
Rpia,0.032624407039747665,0.032624407039747665,0.02060059993282371
Mpp1,-0.0684219673929143,0.0684219673929143,1.1736171411127059e-06
Ndufb5,0.002840055576333424,0.002840055576333424,0.8403120906985078
Tra2b,-0.07250565187613435,0.07250565187613435,2.5930788491734093e-07
Slc24a6,-0.14628442861249402,0.14628442861249402,1.7226228691947602e-25
Mapre1,-0.017970895759925217,0.017970895759925217,0.2022784354941071
Smc1a,0.061540566768379185,0.061540566768379185,1.2409236132403652e-05
Rps17,0.3453514276657096,0.3453514276657096,4.8343288624285654e-141
Yaf2,-0.07922469235815936,0.07922469235815936,1.8060998285464776e-08
Tceb1,0.0035368053116869315,0.0035368053116869315,0.8018704796461654
AI462493,-0.022609250261314974,0.022609250261314974,0.10865516157462791
Fam134a,-0.12663403264191758,0.12663403264191758,1.8695798578477183e-19
Rps20,0.28287580096369463,0.28287580096369463,2.6921562566856997e-93
Pdcd5,-0.049580352290748156,0.049580352290748156,0.00043195369408844964
Marcksl1,0.0652870658824966,0.0652870658824966,3.5370857081956598e-06
Yipf4,-0.06693657413825066,0.06693657413825066,1.9914250227038882e-06
Ccm2,-0.03323807277394374,0.03323807277394374,0.018334198579626985
Maf1,-0.08075256082867988,0.08075256082867988,9.54971271128471e-09
Plin3,-0.10986981389731176,0.10986981389731176,5.340086039942223e-15
Eif5a,0.2004545431722004,0.2004545431722004,8.24744517459049e-47
Dbnl,-0.08378877832563485,0.08378877832563485,2.5999270265840927e-09
Sec62,0.06312019331942177,0.06312019331942177,7.371526640397055e-06
Med28,-0.06042383332827072,0.06042383332827072,1.7801430738837764e-05
Hk3,-0.12256978859675778,0.12256978859675778,2.571419618695613e-18
Sub1,0.0568870877429938,0.0568870877429938,5.362271695529814e-05
Fgfr1op2,-0.019797514600192044,0.019797514600192044,0.1601059938089578
Gys1,-0.11803263723989389,0.11803263723989389,4.334763215022782e-17
Elovl1,-0.069368723293987,0.069368723293987,8.330958484761499e-07
Stk24,-0.1103839964549274,0.1103839964549274,3.9835090105011895e-15
Dap,-0.09749133848629427,0.09749133848629427,4.1126732598605595e-12
AI314976,-0.04546607287063078,0.04546607287063078,0.0012493911727189813
Romo1,0.017947611143043198,0.017947611143043198,0.2028638432672323
Rnaseh2c,0.17576931164124654,0.17576931164124654,3.154369999518515e-36
Sod2,-0.026463617235327315,0.026463617235327315,0.06040203977766625
Map2k1,-0.15673895187211204,0.15673895187211204,4.594961412874791e-29
Tor1aip1,-0.03762807563191907,0.03762807563191907,0.007572688157975345
Khdrbs1,-0.11813420941971685,0.11813420941971685,4.0738895578064815e-17
Arsb,-0.1257617704238459,0.1257617704238459,3.30541450907668e-19
Zcchc17,0.030878265161828396,0.030878265161828396,0.02843386487730394
Snrnp25,-0.02927559557249782,0.02927559557249782,0.03775859632912741
Chi3l1,0.0011984763678487896,0.0011984763678487896,0.9322387095824487
Gsdmd,-0.11340519435159145,0.11340519435159145,6.925353141713301e-16
Bckdk,-0.1277360782253307,0.1277360782253307,9.048953782902607e-20
Rps15a-ps4,-0.17782016082001897,0.17782016082001897,4.7388737656984034e-37
Smap1,0.026680067824502725,0.026680067824502725,0.05832966598055186
Sp110,-0.0253931428799598,0.0253931428799598,0.07156712213297375
Rpl13a,0.3782467618654134,0.3782467618654134,4.958253628345064e-171
Mll5,0.016670651771882542,0.016670651771882542,0.23688142547369798
Nin,-0.0114201473291324,0.0114201473291324,0.4177945057255101
Srd5a3,-0.08813605818359718,0.08813605818359718,3.7235153785628234e-10
Jun,0.03375015831422095,0.03375015831422095,0.016613100049785747
Aldoa,0.17585124676163202,0.17585124676163202,2.9256033537357094e-36
Polr2l,-0.07255926709946905,0.07255926709946905,2.540787949049483e-07
Nme6,-0.12461713282316182,0.12461713282316182,6.940176478146437e-19
Ergic3,-0.09117678550819502,0.09117678550819502,9.037109016979806e-11
Psmb8,0.052077603659852645,0.052077603659852645,0.0002179329951442408
Rpl14,0.2553212087013743,0.2553212087013743,9.007021204493182e-76
Idh3a,-0.10553178100690931,0.10553178100690931,5.996708052290224e-14
Syf2,-0.02011017216657465,0.02011017216657465,0.15360757891737023
Hp,0.28808838926099517,0.28808838926099517,7.588605242088638e-97
Tecr,0.16338031210170492,0.16338031210170492,1.8171683165746581e-31
Atp5e,0.13891892463034636,0.13891892463034636,4.001148832923148e-23
1810043H04Rik,-0.068683108780977,0.068683108780977,1.068234213712135e-06
Ubl3,-0.0834382100206959,0.0834382100206959,3.02848543143128e-09
Mrpl33,0.15802670043168868,0.15802670043168868,1.6011996800476606e-29
Tsta3,-0.07952273399134632,0.07952273399134632,1.596443621123681e-08
Rab27a,-0.09304532895951768,0.09304532895951768,3.699041792319377e-11
Arpc4,0.005153775641497,0.005153775641497,0.7146276097485507
Aph1a,-0.10442579036964444,0.10442579036964444,1.0939553714094139e-13
Alox5,-0.06379583155310183,0.06379583155310183,5.877499323969209e-06
Anp32e,0.019062807033614928,0.019062807033614928,0.1761914491078379
Cst3,0.22147107597096377,0.22147107597096377,5.339773601576077e-57
Malat1,0.3758965381650789,0.3758965381650789,9.049302794099712e-169
Abhd5,0.04458264101962955,0.04458264101962955,0.0015530410082703933
Ramp1,-0.01035027223995542,0.01035027223995542,0.46274024942183534
Arl11,-0.06849652518360426,0.06849652518360426,1.1425508196705552e-06
Mrps23,-0.0713801326911814,0.0713801326911814,3.963829939040341e-07
Vapa,-0.009367255219249066,0.009367255219249066,0.5063097165310364
Fuca1,-0.004586341148594969,0.004586341148594969,0.7448862203373272
B230208H11Rik,0.043581158284115316,0.043581158284115316,0.0019785771888246677
Pfdn1,-0.023253626126999608,0.023253626126999608,0.09894254578921162
Hdgf,-0.04727395951565457,0.04727395951565457,0.0007912732902486734
Slbp,-0.0051786110342502325,0.0051786110342502325,0.7133130436712959
Tfg,-0.15149561455270008,0.15149561455270008,3.065437680619433e-27
Csf3r,-0.11871662827996139,0.11871662827996139,2.850974183162269e-17
Rfc4,-0.107269555325569,0.107269555325569,2.3024170592092445e-14
Acadl,-0.027237966616500714,0.027237966616500714,0.053258985702176034
Ppt1,-0.09895495819889778,0.09895495819889778,1.9522564333007065e-12
Itgb2l,0.026760147474136506,0.026760147474136506,0.057578073735266105
2410006H16Rik,-0.005575636133764515,0.005575636133764515,0.6924158946312492
Lrp10,-0.1342815839928809,0.1342815839928809,1.066278601394765e-21
Pdhb,-0.10967051825387657,0.10967051825387657,5.980310021934469e-15
Cenpa,0.06492911051821684,0.06492911051821684,3.999612973949069e-06
Rpl31-ps12,-0.010078011446060907,0.010078011446060907,0.47459391474191864
Nuf2,-0.10151417727279521,0.10151417727279521,5.168174308141246e-13
Hist1h1c,0.05950757688400232,0.05950757688400232,2.3826408467921937e-05
1600014C10Rik,-0.1105518212360657,0.1105518212360657,3.6190451033306106e-15
Lcmt1,-0.09438333959095453,0.09438333959095453,1.9300948962786122e-11
Rab1b,-0.11667302855433143,0.11667302855433143,9.898179634024978e-17
Rps10,0.3584418025797806,0.3584418025797806,1.4907697856694216e-152
Chmp2a,0.11349787319169939,0.11349787319169939,6.558586976357574e-16
Pdzd11,-0.04858873878166486,0.04858873878166486,0.0005621034107988105
Kdelr2,-0.05415097792634461,0.05415097792634461,0.00012071023909407798
Mlec,-0.08764805213381822,0.08764805213381822,4.6532434929753924e-10
Etfb,0.049200297853596635,0.049200297853596635,0.00047809748592491226
Bet1,-0.06315761914224495,0.06315761914224495,7.280045577186924e-06
Lilrb3,0.14529915913549135,0.14529915913549135,3.6302225197197333e-25
Hadha,-0.0588362904834117,0.0588362904834117,2.9422937018518207e-05
Rangap1,-0.08301023265208017,0.08301023265208017,3.6455133142676413e-09
Rps14,0.3783971812501347,0.3783971812501347,3.5478332477949164e-171
Il1r2,-0.003883684942796485,0.003883684942796485,0.7829033425053472
2310044H10Rik,-0.09276615604725245,0.09276615604725245,4.2319229780089223e-11
0610007C21Rik,-0.05632068101208685,0.05632068101208685,6.361961290847345e-05
Atp5g2,0.0875211486353451,0.0875211486353451,4.929960399694156e-10
Gdi2,-0.0016019630162536877,0.0016019630162536877,0.909511440562018
Dnaja2,-0.12426865520886378,0.12426865520886378,8.686724207483048e-19
Atp6v0d1,-0.08423438251473293,0.08423438251473293,2.1396686877155386e-09
Vta1,-0.07390923743275583,0.07390923743275583,1.514128218729903e-07
Psmg1,-0.0837725343321187,0.0837725343321187,2.618409159898547e-09
2500003M10Rik,-0.07835535968733795,0.07835535968733795,2.5819518566126306e-08
Wdr61,-0.0725815144242214,0.0725815144242214,2.519390385473262e-07
Psmd1,-0.08203326942635122,0.08203326942635122,5.547548890211791e-09
Ddx39b,-0.058524311749189324,0.058524311749189324,3.242988574274845e-05
Gsto1,-0.10841234360565732,0.10841234360565732,1.2165391287853708e-14
Ero1l,-0.07952029027765099,0.07952029027765099,1.5980624670165882e-08
Tbpl1,-0.059619478905607586,0.059619478905607586,2.2998091453811093e-05
Commd2,-0.03625679848783979,0.03625679848783979,0.010077373598515444
Sdf2l1,-0.05980604524950559,0.05980604524950559,2.167768589020418e-05
Tuba1c,-0.058392757782758486,0.058392757782758486,3.3783415752769836e-05
Smarce1,-0.08223160228808454,0.08223160228808454,5.096264208085713e-09
Taf10,-0.14272781419702382,0.14272781419702382,2.4789957078111807e-24
Dfna5,-0.03971705394572867,0.03971705394572867,0.004818484601554707
Gda,0.025770014716617645,0.025770014716617645,0.06745758780032036
Oxct1,-0.10028547630608087,0.10028547630608087,9.823479652905612e-13
Xpo1,-0.08448672092688125,0.08448672092688125,1.9153080758781758e-09
Mlx,-0.056259547610194104,0.056259547610194104,6.479831944395005e-05
Hmgb2,0.3037069614728094,0.3037069614728094,6.071296905658308e-108
Tax1bp1,0.05829796016251601,0.05829796016251601,3.479183939011369e-05
Pfdn2,-0.03662547537970794,0.03662547537970794,0.009340167016450558
Dleu2,-0.013835914368308019,0.013835914368308019,0.3262644875421811
Itm2b,0.2833745092941967,0.2833745092941967,1.240932188783134e-93
Cenpw,-0.060974599363118165,0.060974599363118165,1.4910666768408997e-05
Rpl37a,0.3425921742394518,0.3425921742394518,1.0995970647500955e-138
Gnas,0.05430359216475846,0.05430359216475846,0.00011547883286554658
Acpl2,-0.181037315067509,0.181037315067509,2.3120131881157427e-38
Pacsin2,-0.11821220179170304,0.11821220179170304,3.8841427130883793e-17
Snapc5,0.045312844407866114,0.045312844407866114,0.0012977816435236086
Nucb1,-0.13364908550947452,0.13364908550947452,1.6539015779554347e-21
Rbm39,0.08724081950247946,0.08724081950247946,5.599342688636412e-10
Hexa,-0.0839363436092563,0.0839363436092563,2.437745179995655e-09
Anapc11,-0.030061429090757732,0.030061429090757732,0.032903796028136825
Rsrc2,0.016264443066808947,0.016264443066808947,0.24850327350107526
Atp5g1,0.02711730404862311,0.02711730404862311,0.0543233000161939
Stx11,-0.03583898132070366,0.03583898132070366,0.010975084442953783
Bub1b,-0.07618368348150728,0.07618368348150728,6.20177538658974e-08
Ceacam1,0.009623583519554408,0.009623583519554408,0.49474475460191875
Utp11l,-0.09068729058626476,0.09068729058626476,1.1386467739148315e-10
Gtf2b,-0.07545037879771405,0.07545037879771405,8.293111960231732e-08
Eif4e,-0.11138333801952544,0.11138333801952544,2.2448886490886187e-15
Acap1,-0.13265974886918902,0.13265974886918902,3.27242402590101e-21
Wtap,-0.1157565974677766,0.1157565974677766,1.7175699673891198e-16
Psma4,-0.011728851244565991,0.011728851244565991,0.40532013466684963
Snrpd1,0.021689792157429052,0.021689792157429052,0.12380178989665756
Zdhhc16,-0.0923330601044676,0.0923330601044676,5.2104224051328065e-11
Ccnl1,0.02775816666836235,0.02775816666836235,0.04886786503909542
Ndufb9,0.12581689783100986,0.12581689783100986,3.1888642245846683e-19
Mtdh,0.05579970830582793,0.05579970830582793,7.435012231923091e-05
Spcs3,-0.13206758837843968,0.13206758837843968,4.911170800882325e-21
Echs1,-0.08784632713099413,0.08784632713099413,4.2509706020635214e-10
Seh1l,-0.09983527044139918,0.09983527044139918,1.2405941561591845e-12
Nqo2,-0.06336481423429771,0.06336481423429771,6.79290810478414e-06
Fam89b,-0.06410493816635482,0.06410493816635482,5.2950050913674955e-06
Mbd3,-0.10011021129529046,0.10011021129529046,1.0759196030989454e-12
Ndufaf3,-0.04378190470581408,0.04378190470581408,0.0018855442203096593
Racgap1,-0.0970386311262988,0.0970386311262988,5.167179298532572e-12
Ndufa1,-0.006516157042656226,0.006516157042656226,0.6438606302547871
Cdkn2d,0.10829462948028523,0.10829462948028523,1.2995688441451723e-14
Cops6,-0.06857410545333868,0.06857410545333868,1.1110654733206139e-06
Lmo2,-0.1055250760465216,0.1055250760465216,6.018716909458069e-14
Prdx3,-0.08234217302204895,0.08234217302204895,4.8603921757694565e-09
Gar1,-0.0808667092292106,0.0808667092292106,9.101447056104534e-09
Sdccag3,-0.1041797254569437,0.1041797254569437,1.249445308972376e-13
P4hb,-0.033306072799918214,0.033306072799918214,0.018097017428851468
Tcf19,-0.07363476175219995,0.07363476175219995,1.6834033700716938e-07
D8Ertd738e,0.0785113627886787,0.0785113627886787,2.4222375746420866e-08
Glrx3,-0.09288692920645841,0.09288692920645841,3.9927612615287477e-11
Srsf11,0.02731714037607154,0.02731714037607154,0.05257013232500075
1810046J19Rik,-0.022081142751640692,0.022081142751640692,0.11716484712920947
Asf1b,-0.03734985547787003,0.03734985547787003,0.008030347602973407
Cdca3,0.012479118584602452,0.012479118584602452,0.37594495433628566
Arfgef1,-0.0039412700149284085,0.0039412700149284085,0.7797667481616095
0610030E20Rik,0.005716093487942545,0.005716093487942545,0.6850777321372
Ywhag,-0.15124942699189148,0.15124942699189148,3.720232660418068e-27
Mafg,0.07348767940235967,0.07348767940235967,1.781496229673535e-07
2700029M09Rik,-0.03637424156738299,0.03637424156738299,0.009837099415221895
Plin2,-0.10412472636319833,0.10412472636319833,1.287062343226862e-13
Ccdc101,-0.07543207765388811,0.07543207765388811,8.353188628932543e-08
Ttc1,-0.047994789001664415,0.047994789001664415,0.0006566728200604005
Klhl6,-0.06917805561203433,0.06917805561203433,8.929409478258943e-07
Bub3,-0.019221346655256762,0.019221346655256762,0.17262233160050822
Cpne1,-0.12184348654767266,0.12184348654767266,4.070799318126531e-18
Aup1,-0.09361917666873264,0.09361917666873264,2.8016139676316486e-11
Eif4a2,-0.11240736172144832,0.11240736172144832,1.2406644159311668e-15
Fam76a,-0.05648683816057583,0.05648683816057583,6.05176237332915e-05
Rpl35,0.3519112258739245,0.3519112258739245,9.649597786821358e-147
Prpf38b,0.001442209753996709,0.001442209753996709,0.9185020899225615
B430306N03Rik,-0.07356325101622982,0.07356325101622982,1.7304251644512946e-07
Cpsf3l,-0.09042537506085734,0.09042537506085734,1.2878720415837881e-10
Cib2,0.09269584256526951,0.09269584256526951,4.377556764604665e-11
Sra1,-0.04981397451706758,0.04981397451706758,0.0004056881648283542
Nfkbil1,-0.07465859208684249,0.07465859208684249,1.1315650863907993e-07
Otub1,-0.07841033816827717,0.07841033816827717,2.5245331691929136e-08
Ttc14,-0.004402316502055736,0.004402316502055736,0.7547871725534843
Son,0.12833495993955799,0.12833495993955799,6.083911776478341e-20
Ndc80,-0.09740059059105886,0.09740059059105886,4.3055788070430435e-12
Clpp,-0.07829252172038807,0.07829252172038807,2.649130993107812e-08
Trappc2l,0.009939378477784137,0.009939378477784137,0.4806931681661084
Uhrf1,-0.09082644397557682,0.09082644397557682,1.0663809354640158e-10
Aspscr1,-0.10789969623217072,0.10789969623217072,1.620961343141672e-14
Dera,-0.09674634873927865,0.09674634873927865,5.9843117877410365e-12
Flot2,-0.0824757246071161,0.0824757246071161,4.589630986226904e-09
Maea,-0.1434741002861504,0.1434741002861504,1.4246035917960935e-24
Skp1a,-0.07116077232839917,0.07116077232839917,4.302463073364752e-07
Dstn,0.29865156575680973,0.29865156575680973,2.8272164776832855e-104
B4galt6,-0.08264850706438791,0.08264850706438791,4.261025421249534e-09
Nrm,-0.10578405078753751,0.10578405078753751,5.2237148006493394e-14
9430023L20Rik,-0.005080025461389748,0.005080025461389748,0.7185362704266823
Chic2,-0.030319122404225067,0.030319122404225067,0.03143278764120553
Jund,-0.024866707020067512,0.024866707020067512,0.07764865026777304
Pxn,-0.10969405808800183,0.10969405808800183,5.900923099719311e-15
Cct4,-0.0939806129199015,0.0939806129199015,2.349772502351555e-11
Taf1d,-0.04322908932247683,0.04322908932247683,0.0021519710117016964
Apobr,-0.034097133842272705,0.034097133842272705,0.01552910920802318
Rnps1,-0.05202005619145057,0.05202005619145057,0.00022147065935731788
Nrbf2,-0.051329685231794195,0.051329685231794195,0.00026833140935006254
0610031J06Rik,-0.1146890982679789,0.1146890982679789,3.246025376645792e-16
Bsg,-0.011635524695719891,0.011635524695719891,0.409067683734274
Nfkb1,-0.10120674980287483,0.10120674980287483,6.073517369097031e-13
Pmpcb,-0.12679200429040377,0.12679200429040377,1.6855399098342035e-19
Ubl5,0.17753609599269793,0.17753609599269793,6.170240915211766e-37
2310045N01Rik,-0.02849650538861255,0.02849650538861255,0.04316014964600879
Mpdu1,-0.08034385274075874,0.08034385274075874,1.1337530648159479e-08
Fam122a,0.012400784304614682,0.012400784304614682,0.37894908031822877
Dgkz,-0.11780628697101016,0.11780628697101016,4.9768286530298426e-17
Ostc,-0.0522892235308567,0.0522892235308567,0.00020537485900967093
Capza2,-0.043737879954085894,0.043737879954085894,0.0019055960698686728
Trnau1ap,-0.10506219413781624,0.10506219413781624,7.746378550296626e-14
Tmem179b,-0.08726248376611498,0.08726248376611498,5.544597200416249e-10
1190002F15Rik,0.009983188094026988,0.009983188094026988,0.47876113287728284
Wls,-0.151896192946089,0.151896192946089,2.2355603318176162e-27
Capza1,-0.027714603902315765,0.027714603902315765,0.04922354328524201
Ppp1r18,-0.06850094786761356,0.06850094786761356,1.1407330720590054e-06
Dhx15,-0.10729148543544911,0.10729148543544911,2.274545639713126e-14
D2Ertd750e,-0.06771151395272017,0.06771151395272017,1.5133857360673638e-06
Padi4,-0.027568629816713798,0.027568629816713798,0.050431250202362506
Srpk1,-0.010836750209109852,0.010836750209109852,0.4419768624077079
Fdps,0.019987879022630953,0.019987879022630953,0.15612508732537014
Topbp1,-0.00997051403919247,0.00997051403919247,0.47931963145665163
Bri3,0.014068228245972161,0.014068228245972161,0.3182064909490332
Sec61b,0.2025552499372988,0.2025552499372988,8.855766797112902e-48
Ubtd1,-0.10385008653556972,0.10385008653556972,1.4922010954344213e-13
Galnt1,-0.07001639456372674,0.07001639456372674,6.573139094508997e-07
Fkbp8,-0.061961840089569,0.061961840089569,1.0812870221895694e-05
Cdc26,-0.06637110387600513,0.06637110387600513,2.4285317261118742e-06
Imp3,-0.04921333921027823,0.04921333921027823,0.0004764407251573867
Zfand5,0.015122136239415464,0.015122136239415464,0.2833007214716662
Cirbp,-0.0020469076497504545,0.0020469076497504545,0.8845352459886459
Sf3b1,0.043944577448856915,0.043944577448856915,0.0018131210260566263
Ufm1,-0.07774234516814851,0.07774234516814851,3.3144236784022925e-08
Scaf11,0.06900662692470189,0.06900662692470189,9.502633241147343e-07
Adh5,-0.07190490448168708,0.07190490448168708,3.2548039687065287e-07
Acadvl,-0.07705697002049454,0.07705697002049454,4.3722703510454865e-08
Nrd1,-0.03271061848034966,0.03271061848034966,0.020268136637803
Psmg2,-0.10718586752411904,0.10718586752411904,2.411897596490607e-14
9530068E07Rik,-0.1354492187738119,0.1354492187738119,4.715588980213399e-22
Nfkbia,0.012445371245571189,0.012445371245571189,0.3772373610815911
Atg5,-0.04711923125320973,0.04711923125320973,0.0008233194658723393
Atp2a3,-0.11982635717500066,0.11982635717500066,1.437189028530366e-17
Hist1h4i,-0.022576323028153027,0.022576323028153027,0.10917103666392557
Tank,-0.09636946771760403,0.09636946771760403,7.2268918539153e-12
Bcas2,-0.06343094274717216,0.06343094274717216,6.644108011423038e-06
Ncor1,0.014172669658646195,0.014172669658646195,0.31462669012730976
Chtf8,-0.15683585826259547,0.15683585826259547,4.245838132846882e-29
Eif1,0.30481064393836627,0.30481064393836627,9.390014842637547e-109
Rbbp6,-0.04797423131861062,0.04797423131861062,0.0006601967501904169
Mrpl28,-0.02416295947225532,0.02416295947225532,0.08642891033386473
Txndc9,-0.053508897794177605,0.053508897794177605,0.00014526574216627662
Mcm5,-0.12804369269030869,0.12804369269030869,7.381409120419328e-20
Arl6ip1,0.06599584498706951,0.06599584498706951,2.767945447203499e-06
Rffl,-0.10260759376271124,0.10260759376271124,2.899382135546741e-13
Ccdc53,-0.06378885656184687,0.06378885656184687,5.891325608745443e-06
Yif1a,-0.07666861432900551,0.07666861432900551,5.110001847652803e-08
Samd9l,0.08185429548049987,0.08185429548049987,5.98797666325152e-09
Emd,-0.06393291740647332,0.06393291740647332,5.611977919393082e-06
C030046I01Rik,0.0725744397839922,0.0725744397839922,2.5261758607263813e-07
Acly,-0.11282118998652699,0.11282118998652699,9.747898424869073e-16
Sgk3,-0.11996470562207154,0.11996470562207154,1.3189639469005807e-17
Usp14,-0.1093769936928664,0.1093769936928664,7.0629838252292875e-15
Ing2,-0.03394064076711673,0.03394064076711673,0.016010060602061258
Ybx1,0.1330489284259437,0.1330489284259437,2.5035474832067604e-21
Sbno1,-0.03733344007219163,0.03733344007219163,0.008058107970856612
Cryzl1,-0.08344852052888926,0.08344852052888926,3.0149521334402346e-09
Gnb1,-0.06536626261036214,0.06536626261036214,3.4419150817648974e-06
Med21,-0.025093862482014184,0.025093862482014184,0.0749747565159286
Svip,-0.04468694430402883,0.04468694430402883,0.0015139485420082265
Cuedc2,0.008839291880454679,0.008839291880454679,0.5305707871054076
Napa,-0.06459545212722366,0.06459545212722366,4.482512941794391e-06
Prim1,-0.09858241456519004,0.09858241456519004,2.3623851058816516e-12
Slc35a4,-0.11969784809579873,0.11969784809579873,1.55634104376135e-17
Prpf38a,-0.06943952076123272,0.06943952076123272,8.118733325524913e-07
Chaf1b,-0.08660508320544749,0.08660508320544749,7.462705141777233e-10
Cops4,-0.06278967831422837,0.06278967831422837,8.22853923634282e-06
Cd53,-0.0016626814792317765,0.0016626814792317765,0.9060972787479812
Adrbk1,-0.028933271946916094,0.028933271946916094,0.04005673430736451
Dnajb6,-0.06528713246144695,0.06528713246144695,3.5370046509683203e-06
Ccni,-0.06167413037568163,0.06167413037568163,1.1880237285144499e-05
Psmb3,0.09288177246384073,0.09288177246384073,4.0026971543671695e-11
Ctage5,-0.0809173888843003,0.0809173888843003,8.909044386286326e-09
Mki67,0.07441690386430648,0.07441690386430648,1.2433869378835719e-07
Cenpm,-0.07753745924474234,0.07753745924474234,3.601444657443589e-08
Prkcsh,-0.10653019576983458,0.10653019576983458,3.466438606770672e-14
Fxn,-0.045141057125759096,0.045141057125759096,0.0013540857696218752
Snrpa,-0.08124540612261888,0.08124540612261888,7.755985077113829e-09
B230219D22Rik,0.07988173029842799,0.07988173029842799,1.3751491416271382e-08
Mcm6,-0.10607162634356042,0.10607162634356042,4.461546240922334e-14
Zdhhc7,-0.08850408196395235,0.08850408196395235,3.144892679173288e-10
Hprt,-0.05043199752875018,0.05043199752875018,0.0003432190977126675
Dars,-0.159034109918821,0.159034109918821,6.97546609395798e-30
Serp1,0.006918993583742171,0.006918993583742171,0.6235050671371156
Txndc12,-0.1279175146803553,0.1279175146803553,8.025084895114463e-20
Pkig,-0.0698343304525434,0.0698343304525434,7.027417792564246e-07
Apoa1bp,-0.048419728708423655,0.048419728708423655,0.0005876345616700817
Rnaseh2a,-0.076568892324537,0.076568892324537,5.318094236697976e-08
Fam108c,-0.16948655082359299,0.16948655082359299,9.089168874674312e-34
Pnrc2,-0.09529931818435222,0.09529931818435222,1.229996054065717e-11
Nme3,-0.07347311839408475,0.07347311839408475,1.791502512641602e-07
Huwe1,-0.06259661419464149,0.06259661419464149,8.772360815239359e-06
Cdk2ap1,-0.1727401654832758,0.1727401654832758,4.971623661084386e-35
Ilkap,-0.056910338781539914,0.056910338781539914,5.3245968132943926e-05
Adprh,-0.049115554624991606,0.049115554624991606,0.0004889947370644533
Fcer1g,0.27339705528549624,0.27339705528549624,4.920746727559648e-87
Incenp,-0.05874160618554384,0.05874160618554384,3.030632790122948e-05
Rasgrp2,-0.027673694413499345,0.027673694413499345,0.04955953299554653
Yipf3,-0.08444742593916085,0.08444742593916085,1.9486744521836102e-09
Atg4b,-0.07529755891376508,0.07529755891376508,8.807881973412571e-08
Mcm3,-0.10004313037828179,0.10004313037828179,1.114001017063417e-12
Mrpl39,-0.10999567101526869,0.10999567101526869,4.971045913237642e-15
Serpine2,-0.07139805058658656,0.07139805058658656,3.9373350525411986e-07
Sgms2,-0.09345769960399472,0.09345769960399472,3.029984395216555e-11
N6amt2,-0.0318649453471915,0.0318649453471915,0.02374058179722321
Serinc3,-0.15468198798151886,0.15468198798151886,2.429746877953388e-28
Rab44,-0.14561439223723252,0.14561439223723252,2.8615215357806604e-25
Exosc9,-0.07285407512960654,0.07285407512960654,2.270963563024314e-07
Apip,-0.07054597289870251,0.07054597289870251,5.406894547278919e-07
Rpl6,0.3492124805227444,0.3492124805227444,2.2181951434713084e-144
Eri1,-0.09330234597452745,0.09330234597452745,3.266839459246708e-11
Pitpna,-0.11980874672689126,0.11980874672689126,1.452968875517501e-17
Rnf144a,0.022430978917791045,0.022430978917791045,0.11147133456181116
Smc2,0.12600025570613171,0.12600025570613171,2.829653635016394e-19
Gatm,-0.06523663139356276,0.06523663139356276,3.599001947305589e-06
Klf6,0.13339732378169789,0.13339732378169789,1.9685113656692787e-21
Magohb,-0.09865412075887445,0.09865412075887445,2.277376129179006e-12
Cenpl,-0.04821523349443709,0.04821523349443709,0.0006199684374768878
Phpt1,-0.06886946829500465,0.06886946829500465,9.986609188045614e-07
Copg,-0.1372508233218705,0.1372508233218705,1.3203625850705692e-22
Tssc4,-0.09749939005632216,0.09749939005632216,4.095972750247956e-12
Shmt2,-0.10288083930136059,0.10288083930136059,2.5070222191121546e-13
Tmem180,-0.10948156288247274,0.10948156288247274,6.65680418532014e-15
Rnf187,-0.07855829816901211,0.07855829816901211,2.3760911321918288e-08
2610039C10Rik,-0.09407226664185994,0.09407226664185994,2.2470404490016917e-11
Ankrd12,0.04022884902023848,0.04022884902023848,0.004299910261130423
Snx6,-0.014133779144003683,0.014133779144003683,0.31595658416805267
Grb2,-0.11548793064605961,0.11548793064605961,2.0171064327662258e-16
Rps15a-ps6,-0.07190542015231541,0.07190542015231541,3.254171519302023e-07
Cdkn2aipnl,-0.08379629140693688,0.08379629140693688,2.5914217913547275e-09
Gyg,-0.03032335795157756,0.03032335795157756,0.03140908850473564
Uqcrc2,-0.08828589455029176,0.08828589455029176,3.476373883482194e-10
A630055G03Rik,-0.11623068831367904,0.11623068831367904,1.2921832564528646e-16
Orai3,-0.10204179671032058,0.10204179671032058,3.9132256997813386e-13
Amfr,-0.1431637377784273,0.1431637377784273,1.7943293510827665e-24
Ric8,-0.08723143096333578,0.08723143096333578,5.6232309245165e-10
Eif3g,-0.0737886728042142,0.0737886728042142,1.5863520504487633e-07
Pex7,-0.08953545329222888,0.08953545329222888,1.9519664904405133e-10
Lrrfip2,-0.03653975827180176,0.03653975827180176,0.009507137660171897
Ndufa13,0.1539994412018159,0.1539994412018159,4.201261380518336e-28
Rraga,-0.04047512932030143,0.04047512932030143,0.00406886651358641
Ddost,-0.08762740844568359,0.08762740844568359,4.697202088267901e-10
Sod1,-0.04194314079842912,0.04194314079842912,0.0029102999490908748
Snx12,-0.10311912575728086,0.10311912575728086,2.2077743851144833e-13
Dynll1,0.1566822658389952,0.1566822658389952,4.812231249253104e-29
Pfn1,0.306837367678335,0.306837367678335,2.984748478729153e-110
Lypla1,-0.13917979168120567,0.13917979168120567,3.3152789492626377e-23
Ifnar2,-0.06256228507098485,0.06256228507098485,8.87258669447139e-06
Tmem85,-0.06789274237572002,0.06789274237572002,1.4186806181971159e-06
Tmod3,-0.04671901486754572,0.04671901486754572,0.0009118768772801445
Hnrnpd,0.03599798119973475,0.03599798119973475,0.010625412443735693
Setd5,-0.05516807449736493,0.05516807449736493,8.965720172113053e-05
Golph3,-0.09513768420790103,0.09513768420790103,1.3321923522102427e-11
Ptgr1,-0.09416333432266527,0.09416333432266527,2.1493234934424014e-11
Snrpd3,0.005075447444477939,0.005075447444477939,0.7187791432863685
Unc119,0.034483540980931496,0.034483540980931496,0.014395606438619047
Hibch,-0.11158664423685202,0.11158664423685202,1.9964126300085244e-15
Cib1,-0.004883619600986375,0.004883619600986375,0.7289812421625487
Agpat6,-0.09480139686974917,0.09480139686974917,1.572175192019467e-11
Tmem222,-0.08576145567401897,0.08576145567401897,1.0891533014639553e-09
Rgs14,-0.05360302954114196,0.05360302954114196,0.0001413928544673898
Ik,-0.06194466927363913,0.06194466927363913,1.0873914885612248e-05
Pqbp1,-0.08877727966421466,0.08877727966421466,2.7731003631147894e-10
Wbscr22,-0.1124164077840791,0.1124164077840791,1.2341524053788746e-15
Cd300lf,-0.011419967694388928,0.011419967694388928,0.41780182976497154
Aurkb,-0.07935154836617637,0.07935154836617637,1.7137855558955296e-08
Gas7,-0.054581873565507616,0.054581873565507616,0.00010648554806662586
Nars,-0.04080840757165253,0.04080840757165253,0.0037741407779735407
Saal1,-0.1060421108242088,0.1060421108242088,4.534441597586292e-14
Tipin,-0.04775920985430014,0.04775920985430014,0.0006981233723272254
BC003266,-0.09943828666138685,0.09943828666138685,1.5227858983541776e-12
Ehd1,-0.0849470622258608,0.0849470622258608,1.5635707701035815e-09
Srm,-0.10150207522129469,0.10150207522129469,5.20116656940274e-13
Acadm,-0.06913172601576548,0.06913172601576548,9.080956508563244e-07
Trem1,-0.04684844167191309,0.04684844167191309,0.0008823161380160824
Nr3c1,0.048789986897229846,0.048789986897229846,0.0005330501972863737
Tomm6,0.064676604841462,0.064676604841462,4.360166611491468e-06
Ppie,-0.08165903412200391,0.08165903412200391,6.507272838799863e-09
Gas5,-0.0434254845770137,0.0434254845770137,0.0020536013485738308
Actr10,-0.0859670005872716,0.0859670005872716,9.936368259907662e-10
Becn1,-0.07890206192097252,0.07890206192097252,2.063164350571679e-08
Olfml2b,-0.16480340814175914,0.16480340814175914,5.383046059421964e-32
Srek1ip1,-0.05884006699518894,0.05884006699518894,2.938821517090504e-05
Sfr1,-0.01848012743651064,0.01848012743651064,0.18978189741458087
Taf7,-0.021995731636806168,0.021995731636806168,0.11858898627532397
Rbm7,-0.094663565918261,0.094663565918261,1.682332617451145e-11
Tmem134,-0.008527155751947122,0.008527155751947122,0.545186629699525
Ggh,-0.07179894150563947,0.07179894150563947,3.3873112262625054e-07
Ube3a,-0.03761441950033401,0.03761441950033401,0.007594594344257507
Rnaseh2b,-0.07807922273757045,0.07807922273757045,2.8900507285229114e-08
Rpl7l1,-0.07641124470184939,0.07641124470184939,5.663912107006476e-08
2610101N10Rik,0.020937468749586675,0.020937468749586675,0.1373804929240392
Tspan5,-0.10654718989133251,0.10654718989133251,3.4340987387990187e-14
2810004N23Rik,-0.0430477162067799,0.0430477162067799,0.0022466334375005385
Bcl10,-0.06089325109034353,0.06089325109034353,1.5307498640771876e-05
Lair1,-0.04645136287443814,0.04645136287443814,0.0009759404229923346
Riok1,-0.1028909974121988,0.1028909974121988,2.4934889036767525e-13
Pnkd,-0.03886423166637726,0.03886423166637726,0.005809412871307325
St13,-0.10553529390527734,0.10553529390527734,5.985208652282099e-14
Prdx6,0.12234923883085974,0.12234923883085974,2.9572050947647075e-18
Ppp3r1,-0.1173820194331035,0.1173820194331035,6.442900206961353e-17
D1Bwg0212e,-0.11557556480252242,0.11557556480252242,1.9141433969929795e-16
Ddx46,0.07101643793300236,0.07101643793300236,4.540316992474354e-07
0610007P14Rik,-0.07371241037142193,0.07371241037142193,1.6337444867934724e-07
Ehbp1l1,-0.07351056042312618,0.07351056042312618,1.765881498441503e-07
Ccnh,-0.11921822061528457,0.11921822061528457,2.0935227188253964e-17
Agps,-0.0849061434677533,0.0849061434677533,1.5920956710902955e-09
Tmem19,-0.0855427555013365,0.0855427555013365,1.2006052334274478e-09
Mcl1,0.07499433181077213,0.07499433181077213,9.922409965205723e-08
Esco2,0.0023375758421997042,0.0023375758421997042,0.8682792445673551
Rbmx2,-0.030349183460097965,0.030349183460097965,0.03126491848983416
Cenpq,-0.03124228630312674,0.03124228630312674,0.026616752330892696
Sf3b4,-0.13482968935473028,0.13482968935473028,7.276606334132283e-22
Cisd2,-0.0830733065301327,0.0830733065301327,3.5474398502245823e-09
Lrwd1,-0.1091403846025857,0.1091403846025857,8.074215077560623e-15
Sugt1,0.00772229545438244,0.00772229545438244,0.5837721549173308
Chd4,0.038665075893843735,0.038665075893843735,0.006065790997991323
Sar1a,-0.10779146070604752,0.10779146070604752,1.721925726388587e-14
1810035L17Rik,-0.04958231921812783,0.04958231921812783,0.00043172607991609117
Ppp2r5c,-0.07399835465480285,0.07399835465480285,1.4627970348641501e-07
Rbbp4,-0.07852056567077487,0.07852056567077487,2.413121380897016e-08
Slc50a1,-0.08874825230298414,0.08874825230298414,2.8104696276126033e-10
Immp1l,-0.06988267792782725,0.06988267792782725,6.903917777472497e-07
Sfxn1,-0.025430149033816424,0.025430149033816424,0.07115472255490271
Rabac1,0.06517207242008971,0.06517207242008971,3.6797753291924887e-06
Zmat2,-0.04359336012092955,0.04359336012092955,0.0019728043501944436
Gemin7,-0.062434802564537595,0.062434802564537595,9.254438130837635e-06
Rnf130,-0.10113874513854451,0.10113874513854451,6.293890490681815e-13
Araf,-0.09565899009203448,0.09565899009203448,1.0293512876658722e-11
Hmox2,-0.05622217859820632,0.05622217859820632,6.552897171846105e-05
Ube2v2,-0.08825441874689957,0.08825441874689957,3.5269246529167564e-10
Rbks,-0.04091924978525731,0.04091924978525731,0.003680505211929366
Tmem203,-0.04360875072579931,0.04360875072579931,0.0019655449104812083
D030056L22Rik,-0.047265084610410076,0.047265084610410076,0.0007930796471467424
Wasf2,0.12885148587101503,0.12885148587101503,4.313429000809746e-20
Psmd3,-0.12768476289466826,0.12768476289466826,9.361251937541068e-20
Nanp,-0.10497553865245464,0.10497553865245464,8.120127332801276e-14
Sf3a2,-0.12696751805692272,0.12696751805692272,1.5020003093320336e-19
Creld2,-0.09242091342858792,0.09242091342858792,4.9955328632522305e-11
Sqrdl,-0.04437860116951108,0.04437860116951108,0.0016322140840280457
Pfdn4,-0.023533887772452976,0.023533887772452976,0.09494036881568563
Orai1,-0.07195764559681257,0.07195764559681257,3.190729695829704e-07
Pbxip1,-0.054501263823285885,0.054501263823285885,0.00010902024690306243
Tspan2,-0.06763687506237126,0.06763687506237126,1.554131503422992e-06
Elf1,-0.033107474574296,0.033107474574296,0.018797358342809965
Sord,-0.11250119571785473,0.11250119571785473,1.174729289153673e-15
Hadhb,-0.11019501649151775,0.11019501649151775,4.437263297759442e-15
1700040I03Rik,-0.055219602338148,0.055219602338148,8.830472880103874e-05
Elavl1,-0.09845080947911942,0.09845080947911942,2.526575187734048e-12
Tomm20,0.012374457244663644,0.012374457244663644,0.37996203179007115
Ecd,-0.14104456516621947,0.14104456516621947,8.554561231048758e-24
Tor2a,-0.09238444113731341,0.09238444113731341,5.083670945065044e-11
Rai12,-0.07178528951956334,0.07178528951956334,3.404757066924288e-07
Kif5b,0.11579089544891778,0.11579089544891778,1.682636366619131e-16
Gpr108,-0.10601975046378911,0.10601975046378911,4.590443872337518e-14
Srp72,-0.02774863909147553,0.02774863909147553,0.048945470311031566
G0s2,0.05850349218671832,0.05850349218671832,3.2640607557729034e-05
Psenen,0.035840153006136584,0.035840153006136584,0.010972470729533662
Degs1,0.06976410549297891,0.06976410549297891,7.210599383590754e-07
Pigyl,-0.03827881913480485,0.03827881913480485,0.006592254354580693
Jak1,0.0073966980514042656,0.0073966980514042656,0.599734798095536
Atp8b4,-0.05907781438799222,0.05907781438799222,2.7279027728686217e-05
Cbx4,-0.15970513879159745,0.15970513879159745,3.998336289668195e-30
Vps26b,-0.11049244786187329,0.11049244786187329,3.7440697025308056e-15
Gtf3c2,-0.0834588567574875,0.0834588567574875,3.001444170880448e-09
Rnpep,-0.12360760553767107,0.12360760553767107,1.3274776899366732e-18
Commd6,-0.019230678529302183,0.019230678529302183,0.17241394502622198
Abcf1,-0.046559691421957476,0.046559691421957476,0.000949525476936927
Minpp1,-0.10201488297367171,0.10201488297367171,3.9692818055858815e-13
C330027C09Rik,-0.06885337144937743,0.06885337144937743,1.0044939637735142e-06
Tnrc6a,0.020551240163556007,0.020551240163556007,0.14478371827048497
1110021J02Rik,-0.08523862933005358,0.08523862933005358,1.3742475225026424e-09
Iah1,-0.06839831834969587,0.06839831834969587,1.1836396908527593e-06
Mfsd10,-0.11586581971183063,0.11586581971183063,1.608741086045847e-16
Comtd1,-0.08795103520186522,0.08795103520186522,4.052437425794121e-10
Tpx2,-0.03866089183636368,0.03866089183636368,0.006071284844912976
2610002M06Rik,-0.07150788541094448,0.07150788541094448,3.7786190313142467e-07
Eed,-0.05789202584825437,0.05789202584825437,3.944226261638967e-05
E130309D02Rik,-0.09985403264616514,0.09985403264616514,1.228610886899749e-12
3110001D03Rik,-0.0672225169447458,0.0672225169447458,1.8002174074092883e-06
Ykt6,-0.0942050814426468,0.0942050814426468,2.1059304723289786e-11
Btf3l4,-0.037146360084966946,0.037146360084966946,0.00838060318085643
Sumo1,0.04958825469182313,0.04958825469182313,0.0004310399012797115
Stk16,-0.09187197505530123,0.09187197505530123,6.495206595662302e-11
Ube2r2,-0.02076987720099085,0.02076987720099085,0.14055623196994577
Tuba1a,-0.04058581013888166,0.04058581013888166,0.0039687500713173115
Fkbp2,0.034068999903916604,0.034068999903916604,0.015614624693438287
Phf14,0.015708182438531348,0.015708182438531348,0.26505627784611446
Ccndbp1,-0.038531487334072315,0.038531487334072315,0.00624342627885919
Pigs,-0.11615945976550655,0.11615945976550655,1.3487294944427892e-16
Tox4,-0.08831663537462416,0.08831663537462416,3.427686413735659e-10
Brd3,0.0027529018211551962,0.0027529018211551962,0.8451495284447897
Sdf2,-0.053858099462812586,0.053858099462812586,0.00013138133199189342
Zfp524,-0.07705445980498778,0.07705445980498778,4.376689520855038e-08
Ptpn6,-0.018161219762611827,0.018161219762611827,0.1975395152871131
Med10,-0.02841975072988684,0.02841975072988684,0.043725992244082426
Slc35e1,-0.01534632835879887,0.01534632835879887,0.2762233097952214
Prkcb,0.01693947481579481,0.01693947481579481,0.22940463056142582
Clk4,-0.05647154835050595,0.05647154835050595,6.0796975587717306e-05
Tnfsf13b,-0.05715708788339906,0.05715708788339906,4.9399262725367224e-05
Mak16,-0.0427933080167127,0.0427933080167127,0.002385848742653868
Tnfrsf21,-0.10743989672700509,0.10743989672700509,2.094455102146383e-14
Usp5,-0.07943527458646411,0.07943527458646411,1.655384360138649e-08
Zfp259,-0.10783393898499663,0.10783393898499663,1.6815843213868492e-14
Cybb,0.2117187707416268,0.2117187707416268,3.9115345164165494e-52
Tmem128,-0.07816927289113491,0.07816927289113491,2.785853667085185e-08
Glipr2,0.01745625442650082,0.01745625442650082,0.21550622775387623
Smarcb1,-0.09197330973401122,0.09197330973401122,6.188654138221498e-11
Pkmyt1,-0.12870663701681312,0.12870663701681312,4.7508223986460785e-20
Zfp91,0.004726811668639209,0.004726811668639209,0.7373567404859501
Nap1l4,-0.13098619724203356,0.13098619724203356,1.0259004453330984e-20
Treml2,-0.05103632993757297,0.05103632993757297,0.0002909310734795556
Sgol2,0.016286117514333683,0.016286117514333683,0.2478732608943594
B230118H07Rik,-0.06119476709076397,0.06119476709076397,1.3885239587349304e-05
Sept6,-0.1051493142209804,0.1051493142209804,7.387679367153822e-14
Setd8,-0.058415837573435644,0.058415837573435644,3.354213626842641e-05
Cope,-0.011502592407683839,0.011502592407683839,0.4144410557771508
2310036O22Rik,0.005438131441714464,0.005438131441714464,0.6996278685063572
N4bp2l2,0.062455357218040145,0.062455357218040145,9.19182655892166e-06
Fam192a,-0.07877839516732213,0.07877839516732213,2.1708315877546723e-08
Arhgap11a,-0.0498995823944026,0.0498995823944026,0.00039644267015193654
Kctd12,0.005339409453735644,0.005339409453735644,0.7048225325158457
Appl1,-0.02766083616711937,0.02766083616711937,0.04966553419900363
Scamp2,-0.019312102327187074,0.019312102327187074,0.17060367571149765
Fam165b,-0.035125369721806514,0.035125369721806514,0.012673502167042222
Bnip2,-0.06038996716670996,0.06038996716670996,1.799558648901999e-05
Actr2,-0.04662479558528407,0.04662479558528407,0.0009339705382960525
Plekho2,-0.1031029576117288,0.1031029576117288,2.2269185288226684e-13
Sp140,0.02427702605614239,0.02427702605614239,0.08495364544525993
Sh3glb1,0.054907341498684176,0.054907341498684176,9.680596273323938e-05
Lyn,-0.11158976054789546,0.11158976054789546,1.992822892180917e-15
Ctbp2,-0.10210018368639237,0.10210018368639237,3.794275294765085e-13
Snhg5,-0.07700891897861233,0.07700891897861233,4.457618748011839e-08
Timm17a,-0.06544140119977979,0.06544140119977979,3.353893921443424e-06
1810063B05Rik,-0.05298692968906254,0.05298692968906254,0.00016861730174533662
Commd4,-0.05766365643231479,0.05766365643231479,4.23117177251291e-05
Rnf8,-0.08731787659724598,0.08731787659724598,5.406983267296982e-10
Nr1h2,-0.07608646574179624,0.07608646574179624,6.446351753974461e-08
Ube2m,-0.025312624051266882,0.025312624051266882,0.07247119697816742
Hdlbp,-0.06259204136168725,0.06259204136168725,8.785648751600106e-06
Psmd4,-0.0320674467521006,0.0320674467521006,0.02286519266955776
Tm7sf3,-0.16164896368993206,0.16164896368993206,7.866530557784899e-31
Exosc3,-0.10097617022881815,0.10097617022881815,6.853022931154463e-13
Kctd20,-0.13170947544521616,0.13170947544521616,6.272271868720217e-21
Tmem80,-0.052739719666653875,0.052739719666653875,0.00018086903964074577
H1f0,0.006273958193487339,0.006273958193487339,0.6562302042465931
Golga7,-0.10182727662599214,0.10182727662599214,4.382533910084442e-13
2610029G23Rik,-0.04702969010467437,0.04702969010467437,0.0008424102271773921
Tuba8,-0.11213291996000309,0.11213291996000309,1.4551450304673095e-15
Pafah1b2,-0.1062357717893666,0.1062357717893666,4.076684378432604e-14
Kif15,-0.0027330483076383463,0.0027330483076383463,0.8462523141909241
Tmem97,-0.1083814688528265,0.1083814688528265,1.2377976416210424e-14
Selk,0.040866884931931,0.040866884931931,0.0037244748301963958
Pigt,-0.13752914939313993,0.13752914939313993,1.082985381968506e-22
Slc16a3,-0.0672943535599506,0.0672943535599506,1.7550274864687043e-06
Mtmr6,-0.1242681830107936,0.1242681830107936,8.68936304935327e-19
Tra2a,-0.09450948285472709,0.09450948285472709,1.8144340637469524e-11
Nsmce2,-0.0571600192255423,0.0571600192255423,4.9355188356342456e-05
Srgn,-0.032410938694877066,0.032410938694877066,0.021444345025592833
Psmg4,-0.06666431091517723,0.06666431091517723,2.1915088116839228e-06
2610507I01Rik,0.038982598465168834,0.038982598465168834,0.005661704435874929
Ewsr1,-0.12062632083991112,0.12062632083991112,8.73674392051693e-18
Mboat7,-0.12708905496470738,0.12708905496470738,1.3866219626400493e-19
Mat2b,-0.050843284792255264,0.050843284792255264,0.0003067625456692505
Gpd2,-0.05375447602688857,0.05375447602688857,0.00013536522852379494
Mbnl3,-0.12833871898598345,0.12833871898598345,6.068734257854183e-20
Znrd1,-0.07987518357414289,0.07987518357414289,1.3789041544115665e-08
Gapt,-0.06149634981952782,0.06149634981952782,1.2589261442520215e-05
Rae1,-0.09819192984816803,0.09819192984816803,2.8828584319447237e-12
Anxa3,0.06830469074165668,0.06830469074165668,1.2241335783477927e-06
Brd7,-0.04487637944349235,0.04487637944349235,0.0014452578294558364
Trim12c,0.019924131284769032,0.019924131284769032,0.1574497350452406
Sigmar1,-0.08077505642336465,0.08077505642336465,9.459707002092609e-09
Raf1,-0.07859565568818042,0.07859565568818042,2.3399723318525117e-08
Grhpr,-0.04622052474383596,0.04622052474383596,0.0010345127256997104
Eif3i,-0.012547791707666211,0.012547791707666211,0.3733234617311565
Mrpl27,-0.04905582538148943,0.04905582538148943,0.0004968140489180187
Stx7,-0.060006279143672396,0.060006279143672396,2.0340933361183133e-05
Tmx3,-0.07278189432593542,0.07278189432593542,2.3343471398123914e-07
Suds3,-0.10646931918084118,0.10646931918084118,3.584763254830046e-14
Ubr7,-0.07774526002054097,0.07774526002054097,3.310504845406037e-08
Phyh,-0.07164223902419972,0.07164223902419972,3.5928538694133336e-07
Cks2,0.10990213696357588,0.10990213696357588,5.24281215492005e-15
Impa2,-0.09238760205330632,0.09238760205330632,5.075972546829878e-11
Tgds,-0.10802089300747368,0.10802089300747368,1.5148074533209918e-14
Arl2,-0.10296418802304597,0.10296418802304597,2.398077616041914e-13
Pmm1,-0.02856209977742258,0.02856209977742258,0.04268149579536702
Eif3l,-0.11672860251935942,0.11672860251935942,9.571488371199275e-17
Lrch4,-0.21788686578830244,0.21788686578830244,3.493280886306686e-55
Copz1,-0.09590251791366933,0.09590251791366933,9.120863923719298e-12
Yipf5,-0.07283397020341205,0.07283397020341205,2.2884491328358775e-07
Psmc6,-0.06496941314667244,0.06496941314667244,3.9447761059636846e-06
2810422J05Rik,-0.07083970546294403,0.07083970546294403,4.848861341693115e-07
Pmvk,0.010532449432104652,0.010532449432104652,0.45490172110441346
Rsu1,-0.07419524597677665,0.07419524597677665,1.3552842306848044e-07
Sh3bgrl3,0.3193790144177887,0.3193790144177887,8.686445340296657e-120
Stxbp5,-0.0358185590802291,0.0358185590802291,0.011020729855570538
Ndufs4,0.035120897440389355,0.035120897440389355,0.012684841781001835
Ppp1r7,-0.07494881935041364,0.07494881935041364,1.0101054831741413e-07
Prkra,-0.12591506945231462,0.12591506945231462,2.9912744663786207e-19
Hspe1,-0.07220412830194582,0.07220412830194582,2.9070754293623427e-07
Hist1h1e,0.09006559415780915,0.09006559415780915,1.5243874460133892e-10
Carkd,-0.07703155868709034,0.07703155868709034,4.417206766685628e-08
Rela,-0.1397017461314701,0.1397017461314701,2.273278543642146e-23
Dctn2,-0.0536418075900858,0.0536418075900858,0.0001398258486747426
Pbrm1,0.07857525936898194,0.07857525936898194,2.359625789189504e-08
Med7,-0.06072405643972974,0.06072405643972974,1.6165339451548632e-05
Naa38,-0.020302097675184302,0.020302097675184302,0.14971900623577905
Wsb1,-0.0813392519983966,0.0813392519983966,7.453707785360931e-09
Itsn2,0.002777210630194362,0.002777210630194362,0.8437996814762201
Ppid,-0.12821539901558143,0.12821539901558143,6.58671827409883e-20
Hist1h2bj,-0.05385541762585691,0.05385541762585691,0.0001314830304505289
Ppp1cb,0.01959412720301892,0.01959412720301892,0.16444350188075066
Sept7,0.03265758815141337,0.03265758815141337,0.02047208269151907
Eif2b5,-0.11566395025747145,0.11566395025747145,1.8155473439960082e-16
Ctnnbl1,-0.08586969157020859,0.08586969157020859,1.0377920094964003e-09
Pycard,0.053388217536282805,0.053388217536282805,0.00015037709841655503
Ndufc2,0.03875083188138942,0.03875083188138942,0.005954171468130047
Rpl27a,0.2976655940796582,0.2976655940796582,1.4394632202863585e-103
C1qbp,-0.058296670320482864,0.058296670320482864,3.4805755346956366e-05
Eif3c,0.017496309983142336,0.017496309983142336,0.21445485028184463
Oaz1,-0.11007615267880756,0.11007615267880756,4.748336011482538e-15
Tmco3,-0.11119376124456447,0.11119376124456447,2.5038923616272084e-15
Rab32,-0.10557451171162337,0.10557451171162337,5.858292407004172e-14
Mtx1,-0.07870781884404207,0.07870781884404207,2.2347003564858852e-08
Chchd8,-0.038747829001549355,0.038747829001549355,0.00595804852419765
1810009A15Rik,-0.026094791071383044,0.026094791071383044,0.06407369903967494
Dcaf12,-0.08294899577803191,0.08294899577803191,3.7432523501209026e-09
1700029F09Rik,-0.0612979816614165,0.0612979816614165,1.3428007914890583e-05
Tia1,-0.030367709546833026,0.030367709546833026,0.031161847229048082
Arrdc1,-0.07861862381934019,0.07861862381934019,2.3180308578660996e-08
Mob3a,-0.08741519745405836,0.08741519745405836,5.173232717495709e-10
Mat2a,-0.061051375875623363,0.061051375875623363,1.4545146803481274e-05
Ntpcr,-0.044988480388635475,0.044988480388635475,0.0014059736233738083
Fam64a,-0.06641092733678967,0.06641092733678967,2.3949524864351066e-06
Pofut2,-0.05129618033311357,0.05129618033311357,0.00027082676409835864
Galk1,-0.09580689748211065,0.09580689748211065,9.564810750237566e-12
Ftsjd2,-0.08582669728028378,0.08582669728028378,1.0579050763892017e-09
Kti12,-0.10788474710213108,0.10788474710213108,1.634551606555306e-14
Auh,-0.08011959304955758,0.08011959304955758,1.2452547758835721e-08
Cd82,-0.0762015310858872,0.0762015310858872,6.15786237298575e-08
Cap1,-0.13769651348179587,0.13769651348179587,9.611270070507129e-23
Abhd12,-0.11168869101066715,0.11168869101066715,1.8821080561183307e-15
Eif3b,-0.12039576217440778,0.12039576217440778,1.0087851644507915e-17
Arhgap19,-0.014392279434373474,0.014392279434373474,0.3071860833123727
Pik3cd,-0.04964796730775033,0.04964796730775033,0.0004241931469450577
Hagh,-0.028709626665521643,0.028709626665521643,0.04162134060425497
Nt5c3,0.0001448134763262402,0.0001448134763262402,0.9918025940997681
Ccdc125,-0.04657596207790608,0.04657596207790608,0.0009456157007747544
Hnmt,-0.060291678893534734,0.060291678893534734,1.8570562302052966e-05
Kdm2b,-0.14065793180896624,0.14065793180896624,1.1345786821334477e-23
Samsn1,0.031493122692604236,0.031493122692604236,0.025423779870689448
Rcsd1,-0.0908322008533009,0.0908322008533009,1.063489868775787e-10
Mtap7d1,-0.07807310691226267,0.07807310691226267,2.8972628170434197e-08
Anapc2,-0.08595374219180701,0.08595374219180701,9.99543419324884e-10
Selm,-0.00196345151744754,0.00196345151744754,0.8892119438707249
Rexo4,-0.06973844397032754,0.06973844397032754,7.278677869701634e-07
Cdc25a,-0.021153908486413915,0.021153908486413915,0.13336131694899944
Slc31a1,-0.08517520423948288,0.08517520423948288,1.413428898651906e-09
Mphosph10,-0.017719709930713676,0.017719709930713676,0.20865882928620355
Gpr84,-0.018609832359876524,0.018609832359876524,0.18669177336896914
Utp3,-0.028411420475039657,0.028411420475039657,0.043787778729527
Syngr1,0.02885505874488473,0.02885505874488473,0.040598140258476814
Pde2a,-0.1221038513971582,0.1221038513971582,3.453802929301348e-18
Bcat2,-0.12001968647582507,0.12001968647582507,1.2746917205781598e-17
Naca,0.20296984462320677,0.20296984462320677,5.684367602552194e-48
Zcchc8,-0.0819351577859781,0.0819351577859781,5.784930237041034e-09
Fmnl1,-0.11067606139941073,0.11067606139941073,3.370574460694279e-15
2810407C02Rik,-0.08506552420979178,0.08506552420979178,1.4837683021664402e-09
Rexo2,-0.08613638549296779,0.08613638549296779,9.211057569945229e-10
Jhdm1d,0.05366502592600008,0.05366502592600008,0.0001388954469703554
Ankrd54,-0.06727860176654814,0.06727860176654814,1.7648421293918856e-06
Lpcat3,-0.09889612580192983,0.09889612580192983,2.0120339272901688e-12
Abcd3,-0.11143152618555884,0.11143152618555884,2.1833741801699355e-15
B4galt1,-0.09737055137852901,0.09737055137852901,4.371366581643928e-12
Ythdf3,-0.04554514605469236,0.04554514605469236,0.0012250761336321525
Acer3,-0.11001654115234603,0.11001654115234603,4.9123256067656915e-15
Ppt2,-0.07851524883788052,0.07851524883788052,2.418384062242961e-08
Nagpa,-0.12370312045293312,0.12370312045293312,1.2487557518762195e-18
Ptpn1,-0.026327318425087655,0.026327318425087655,0.061738050227346686
Clec4e,0.05209802042335693,0.05209802042335693,0.00021669069607289923
Lrrc47,-0.11590093061233772,0.11590093061233772,1.57522219492948e-16
Gm6654,-0.029587316605270524,0.029587316605270524,0.03576441092948932
Ddx41,-0.07251045237224524,0.07251045237224524,2.5883548908776866e-07
Polg,-0.0834399703512833,0.0834399703512833,3.0261706898569644e-09
Mkl1,-0.05766020569516704,0.05766020569516704,4.235655792828888e-05
Fip1l1,-0.11797602378234767,0.11797602378234767,4.487246034919723e-17
Ube2e3,-0.08961895754228416,0.08961895754228416,1.8775864247461309e-10
Gtpbp4,-0.057122923523770186,0.057122923523770186,4.9915701199408974e-05
A830007P12Rik,-0.11737311397455837,0.11737311397455837,6.477846738355112e-17
Ptprc,0.07671122963018129,0.07671122963018129,5.023501690535838e-08
Vps4b,-0.07346931886637534,0.07346931886637534,1.7941224600004107e-07
Ddx17,-0.014047289087571455,0.014047289087571455,0.31892739249338015
Fam160a2,-0.053099388752471846,0.053099388752471846,0.00016330602614361155
Coq2,-0.11318784534796289,0.11318784534796289,7.86659830691134e-16
Txnrd1,-0.11069057775704325,0.11069057775704325,3.3426618460558957e-15
Cyth1,-0.1213023550271226,0.1213023550271226,5.7219960233453174e-18
Dmap1,-0.11708351933355188,0.11708351933355188,7.721979436599057e-17
Eif3d,-0.09990457315626745,0.09990457315626745,1.1968931049872744e-12
Slu7,-0.08795252481473935,0.08795252481473935,4.0496793539727815e-10
Ptpn12,-0.029440505317231358,0.029440505317231358,0.03669213822370487
Sh2b1,-0.10112241981866867,0.10112241981866867,6.347950765509804e-13
E2f8,-0.09504589632816368,0.09504589632816368,1.3938809247483692e-11
Purb,0.02449928217621015,0.02449928217621015,0.08213762982825115
Trpc4ap,-0.1388499433194955,0.1388499433194955,4.204876440954901e-23
Rbm34,-0.08721259698071634,0.08721259698071634,5.671452318913828e-10
Atp5k,-0.011725572131399407,0.011725572131399407,0.40545145952824013
Sf1,-0.12791839742873753,0.12791839742873753,8.020394522762072e-20
Rabgap1l,-0.09394606951178631,0.09394606951178631,2.3896721291032128e-11
Ndufv2,-0.01582623123064427,0.01582623123064427,0.26148143902475185
Ube2t,-0.08764158998229478,0.08764158998229478,4.666960637627967e-10
Scp2,0.2049193500032824,0.2049193500032824,6.976159132510526e-49
Psmf1,-0.09221462046491648,0.09221462046491648,5.514489082089544e-11
Zfml,-0.0022614963890085645,0.0022614963890085645,0.872529000427642
Diablo,-0.083870214515203,0.083870214515203,2.509168204466235e-09
Dock2,-0.04388391851692345,0.04388391851692345,0.0018398226640076105
Ufsp2,-0.08508418254709535,0.08508418254709535,1.471566297777062e-09
Gusb,-0.16464306357266958,0.16464306357266958,6.177309309536448e-32
Strn3,-0.002820354789808313,0.002820354789808313,0.8414050553641172
Gm9733,-0.08039582832472618,0.08039582832472618,1.109330188405006e-08
Cd177,0.16608197751757955,0.16608197751757955,1.787514230935719e-32
Sec23b,-0.11646877537327868,0.11646877537327868,1.1196103179073438e-16
Ccdc41,-0.08620602597021838,0.08620602597021838,8.928066506064312e-10
5730494N06Rik,-0.08228158903729282,0.08228158903729282,4.988283816730625e-09
Brd2,-0.02764778268339179,0.02764778268339179,0.04977333928630267
D930015E06Rik,-0.04797043111937231,0.04797043111937231,0.0006608500898316686
Lamtor3,-0.05193547227148781,0.05193547227148781,0.00022676829934014235
Wdr18,-0.10819212401629691,0.10819212401629691,1.3763939072095601e-14
Uba52,0.36664608459956965,0.36664608459956965,4.7490537766838496e-160
B9d2,-0.07789741818072027,0.07789741818072027,3.11206077373492e-08
Tnpo3,-0.057476345364972516,0.057476345364972516,4.4811966385195284e-05
2310003C23Rik,-0.11532662391668061,0.11532662391668061,2.22109568581837e-16
Dph3,-0.012250007674522742,0.012250007674522742,0.38477279892393557
Cdc6,-0.06645035450451732,0.06645035450451732,2.362146658965379e-06
Pcif1,-0.13685599732725878,0.13685599732725878,1.7477774254987932e-22
Kpnb1,-0.14477675346608174,0.14477675346608174,5.378696804565224e-25
Rps29,0.35522254764330463,0.35522254764330463,1.1354435001991467e-149
Acat1,-0.09335472146248502,0.09335472146248502,3.185030439397477e-11
Rbms1,0.028664576672366472,0.028664576672366472,0.04194268842735611
Pum1,0.006855327273920662,0.006855327273920662,0.626703623195551
Mrpl14,-0.044688977099353516,0.044688977099353516,0.0015131957411425347
Prrc2c,0.10165370125463385,0.10165370125463385,4.802331928555601e-13
Itfg1,-0.14988934183287636,0.14988934183287636,1.0777712619861284e-26
Uba2,-0.15600288647274538,0.15600288647274538,8.360567234294507e-29
1110007C09Rik,-0.0011103262988842223,0.0011103262988842223,0.9372119664768509
Cdk4,-0.10609028745251411,0.10609028745251411,4.416054037050402e-14
Traf3ip3,-0.13476623726523576,0.13476623726523576,7.606318239499429e-22
Cox6c,0.20591472960936236,0.20591472960936236,2.370403094105844e-49
Ring1,-0.08983820733696095,0.08983820733696095,1.6952226065600725e-10
Pphln1,-0.09447712430443643,0.09447712430443643,1.843439718360116e-11
Smarcc2,-0.01880311301174595,0.01880311301174595,0.18215618531079586
Ndnl2,-0.09760913008127645,0.09760913008127645,3.87487035009067e-12
1110059E24Rik,-0.06294796130830776,0.06294796130830776,7.806871279830408e-06
Arcn1,-0.11520760709585363,0.11520760709585363,2.384511634875672e-16
Crip1,0.08613420710957985,0.08613420710957985,9.220049242554654e-10
Trappc1,-0.03528416684621372,0.03528416684621372,0.012276637226300484
Azin1,-0.06715536384499113,0.06715536384499113,1.8434704042151358e-06
Ttc35,-0.04939512584319851,0.04939512584319851,0.0004538972189807627
Strn4,-0.1337158289282014,0.1337158289282014,1.5791955650306205e-21
Cenpc1,-0.045308438018628834,0.045308438018628834,0.001299198450220671
Anxa5,0.004211290040914211,0.004211290040914211,0.7651076004229108
Nckap1l,-0.0741810021966118,0.0741810021966118,1.3627984783281635e-07
Pkm2,0.27179325190687575,0.27179325190687575,5.334551035195463e-86
Rpl5,0.1403799052102211,0.1403799052102211,1.389344195098009e-23
Chst13,-0.05565409926518349,0.05565409926518349,7.764236828251974e-05
Mmp8,0.09700262883891388,0.09700262883891388,5.2615963334703735e-12
Ilk,-0.06527921536180545,0.06527921536180545,3.5466558984187495e-06
Tial1,-0.1200612886236878,0.1200612886236878,1.2421698146795382e-17
Anxa7,-0.07274817947386991,0.07274817947386991,2.3645351351096957e-07
Qars,-0.1274802410813014,0.1274802410813014,1.0715301937203365e-19
Zc3h13,0.013575481421271992,0.013575481421271992,0.33545404810365487
Tmem33,-0.06681386548569808,0.06681386548569808,2.0793293787304797e-06
Sharpin,-0.07747657871347699,0.07747657871347699,3.691278529139865e-08
Apitd1,-0.049757290322593184,0.049757290322593184,0.0004119203386222891
Lyst,0.07006318138525994,0.07006318138525994,6.461048725651276e-07
Wibg,-0.08057573722209933,0.08057573722209933,1.0286762953004187e-08
Suv39h1,-0.10145641455900885,0.10145641455900885,5.327517092013961e-13
BC017647,-0.0680717575468161,0.0680717575468161,1.3307404326307263e-06
Psph,-0.07939329935930942,0.07939329935930942,1.6844174331212462e-08
Lias,-0.07471490507344293,0.07471490507344293,1.106943765373633e-07
Fbxo31,-0.10108261562818366,0.10108261562818366,6.481677196181943e-13
Cnih,-0.11878229286647371,0.11878229286647371,2.7382188176215948e-17
Dcaf13,-0.09286101697803427,0.09286101697803427,4.042933501938793e-11
Snrnp48,-0.04493075488128952,0.04493075488128952,0.0014260781038172852
Cars2,-0.07786358046276722,0.07786358046276722,3.155168756164479e-08
Rfk,-0.06614599573298656,0.06614599573298656,2.6270054942679883e-06
Rqcd1,-0.14900396183217143,0.14900396183217143,2.1425984086899466e-26
Chkb,-0.10449552216071302,0.10449552216071302,1.0534614637718852e-13
Supt3h,-0.1194694323371153,0.1194694323371153,1.792650809190294e-17
Traip,-0.11277552834430521,0.11277552834430521,1.0011223553691413e-15
Cast,-0.04047854164578785,0.04047854164578785,0.004065745967258465
Cdk11b,-0.03090217752288122,0.03090217752288122,0.028311303471578946
Rhoh,-0.051275474717378665,0.051275474717378665,0.0002723797163220835
Crot,-0.08198324297256394,0.08198324297256394,5.66737923180426e-09
Edem2,-0.10168789424900655,0.10168789424900655,4.716627418531208e-13
Kdsr,-0.11069352193389694,0.11069352193389694,3.3370284845480987e-15
Rad23a,-0.0462072669997665,0.0462072669997665,0.0010379735193331492
Mzt2,-0.04274187699130386,0.04274187699130386,0.0024149343652345927
Tram1,-0.08565407120177823,0.08565407120177823,1.1425557293888594e-09
Rgs2,0.06506722750859148,0.06506722750859148,3.8146669524935454e-06
Nfil3,-0.07797183505415635,0.07797183505415635,3.019256451234989e-08
Abcf2,-0.11136635812547627,0.11136635812547627,2.2669682796979564e-15
Inhba,0.04175952380415812,0.04175952380415812,0.0030365580265559284
Vps4a,-0.08538649609772475,0.08538649609772475,1.2869665856826252e-09
Actr3,0.18577263637806993,0.18577263637806993,2.443966575889183e-40
Stx18,-0.08942978818352816,0.08942978818352816,2.0502205170034922e-10
Aga,-0.05605985067391231,0.05605985067391231,6.879429624889982e-05
Pgd,0.034860230534968804,0.034860230534968804,0.013361479145644799
5133401N09Rik,-0.026220398392834646,0.026220398392834646,0.06280312182542679
Tada1,-0.08398110201408336,0.08398110201408336,2.390531148428019e-09
Casp7,-0.16869771717509033,0.16869771717509033,1.822715615154575e-33
Snx10,-0.024033102603692687,0.024033102603692687,0.08813350071709897
Ier3,-0.03092477627132831,0.03092477627132831,0.02819589341696706
Cfl1,0.28557121286786363,0.28557121286786363,4.017255986552866e-95
Pink1,-0.07664260904135345,0.07664260904135345,5.163494356235405e-08
Prkacb,-0.0842583114187924,0.0842583114187924,2.1173394319996146e-09
Mark2,-0.05961668717523538,0.05961668717523538,2.301841890191944e-05
Hrsp12,-0.09513017609779806,0.09513017609779806,1.3371363295109159e-11
Tmbim4,-0.030063897776448,0.030063897776448,0.03288942905147152
Ffar2,0.0534616296404085,0.0534616296404085,0.00014724796398917452
Depdc1a,-0.049126736467556685,0.049126736467556685,0.00048754370339086547
Pafah2,-0.07053367733889937,0.07053367733889937,5.431554766345811e-07
Loh12cr1,-0.065572772119253,0.065572772119253,3.205159421152042e-06
Ppan,-0.10036245598837426,0.10036245598837426,9.4381821081207e-13
Hsp90aa1,0.09844538636666693,0.09844538636666693,2.5335758015066325e-12
Stx4a,-0.07160766208826165,0.07160766208826165,3.639801819803746e-07
Taf5l,-0.13190902969544377,0.13190902969544377,5.4734359748272096e-21
Pla2g12a,-0.019189723463245652,0.019189723463245652,0.17332989748557312
Timm50,-0.09478794270826571,0.09478794270826571,1.5826091992095053e-11
Senp1,-0.0731459382127141,0.0731459382127141,2.031208881503534e-07
Bax,-0.052432186924731485,0.052432186924731485,0.00019727910547548874
Gspt1,-0.06397068185288186,0.06397068185288186,5.540873140193285e-06
Lsp1,0.08626233250058968,0.08626233250058968,8.70547322057919e-10
Anapc10,-0.09899227085385266,0.09899227085385266,1.9152506165402513e-12
9830107B12Rik,-0.03953331619791684,0.03953331619791684,0.005018039044578391
Ide,-0.02142235655593911,0.02142235655593911,0.12850347266826906
Slc3a2,-0.016646540048144927,0.016646540048144927,0.23756036578866283
Rnf13,-0.060774732668219804,0.060774732668219804,1.590371246313866e-05
Mrpl36,-0.0357206801311219,0.0357206801311219,0.011241846355362132
Brox,-0.05835804718085558,0.05835804718085558,3.414939074364919e-05
Psen1,-0.12825749029577513,0.12825749029577513,6.405189378248365e-20
Trak2,0.005785627588725246,0.005785627588725246,0.6814558503804021
Ankhd1,-0.015104001850961687,0.015104001850961687,0.28387851805660325
Ptpmt1,-0.07748981010815877,0.07748981010815877,3.6715716889113145e-08
Rdh12,-0.031381795642665265,0.031381795642665265,0.025947417282157572
Itprip,-0.043768734084378064,0.043768734084378064,0.0018915226068332025
Iqgap1,0.07129851259354343,0.07129851259354343,4.0867118881732103e-07
Sf3b3,-0.14143004799449385,0.14143004799449385,6.450352274020203e-24
Rps6kb1,-0.05247481468123918,0.05247481468123918,0.00019492380642596873
Ywhaz,0.04302865467377461,0.04302865467377461,0.00225680042006683
Ube2g2,-0.0838075094670031,0.0838075094670031,2.5787727097013903e-09
Atp5c1,0.07124299107081628,0.07124299107081628,4.1723928009644394e-07
Pex5,-0.12019922867367319,0.12019922867367319,1.1400844904386909e-17
Rhou,0.0009412554531831968,0.0009412554531831968,0.9467573077446766
Trnt1,-0.08061883973994532,0.08061883973994532,1.0102162892686808e-08
Dscr3,-0.09324534170415251,0.09324534170415251,3.358215334823579e-11
Ubr4,-0.018659301909200544,0.018659301909200544,0.18552303940256623
Fam36a,-0.011850728025683238,0.011850728025683238,0.40045715058749065
Mrps25,-0.05851500587541097,0.05851500587541097,3.252391344470733e-05
Fus,-0.07289846868712836,0.07289846868712836,2.2328096900108705e-07
Rab31,-0.05822008070307887,0.05822008070307887,3.564161103515721e-05
Ormdl1,-0.10648959435492213,0.10648959435492213,3.544920363501599e-14
Adipor1,-0.03428312769341302,0.03428312769341302,0.014974060009471858
Sms,-0.12413640181035573,0.12413640181035573,9.457612812174757e-19
BC029214,-0.03793195620232906,0.03793195620232906,0.007099651807554691
Tiam1,-0.07389994659440616,0.07389994659440616,1.5195788723995528e-07
Zdhhc3,-0.08396911564616549,0.08396911564616549,2.403087110849772e-09
Pole3,-0.0220019500227401,0.0220019500227401,0.11848484545177011
Gtf2h5,0.038580188516974596,0.038580188516974596,0.006178132193816956
Tmem161a,-0.07493461350948612,0.07493461350948612,1.0157449920127307e-07
Nfyc,-0.11186209407011996,0.11186209407011996,1.7024740762061621e-15
Eif1a,-0.08497935400549873,0.08497935400549873,1.5414119322184327e-09
Wipi2,-0.07365136017479709,0.07365136017479709,1.6726670229280557e-07
Mri1,-0.061288218735760965,0.061288218735760965,1.347063424493377e-05
Cmtm6,-0.13270996012058478,0.13270996012058478,3.1614215111415315e-21
Dpp8,-0.08915875439203359,0.08915875439203359,2.32485638364028e-10
Ubxn8,-0.12306172335748264,0.12306172335748264,1.880905157076762e-18
Gtf2f1,-0.055490872977966614,0.055490872977966614,8.149661029983066e-05
Clp1,-0.0597455401414194,0.0597455401414194,2.2097791759796393e-05
Brd4,-0.035338964983024,0.035338964983024,0.012142262974161055
Nup107,-0.135869188751227,0.135869188751227,3.51016639888576e-22
Atf6b,-0.12383844874631784,0.12383844874631784,1.1450533774644593e-18
Fbxl3,-0.06772516534467361,0.06772516534467361,1.5060452909368288e-06
Hmbs,0.022337438956668683,0.022337438956668683,0.11297186027571295
Arhgap30,0.025743093413159987,0.025743093413159987,0.06774456244535583
Dhrs7b,-0.057173728291527476,0.057173728291527476,4.914955908750528e-05
Tmsb4x,0.3242603267575767,0.3242603267575767,1.262115183713267e-123
Usp33,-0.07650862066079368,0.07650862066079368,5.447820657911261e-08
Cmas,-0.09489528038737456,0.09489528038737456,1.5012178862530136e-11
Casp4,-0.056669494941267544,0.056669494941267544,5.7272993891047015e-05
Dedd,-0.09472566158520192,0.09472566158520192,1.631799594360671e-11
Gm6222,-0.19129132971775703,0.19129132971775703,1.0399130354375553e-42
Ptpra,-0.10947139341418093,0.10947139341418093,6.6952745174602856e-15
Chmp6,-0.07251226882795925,0.07251226882795925,2.5865695643148995e-07
Ncl,0.002404351188481195,0.002404351188481195,0.8645523393939836
Fam82b,-0.05474750139772811,0.05474750139772811,0.00010145096342092355
2210020M01Rik,0.06366099549629103,0.06366099549629103,6.1503623321567966e-06
D10Wsu52e,-0.0943289182317128,0.0943289182317128,1.9821941862147083e-11
Cpsf2,-0.058516274404930124,0.058516274404930124,3.251108084047775e-05
Fam98c,-0.0632129154421672,0.0632129154421672,7.146867157064212e-06
Got1,-0.04836730301804381,0.04836730301804381,0.0005957708550812285
Fam46a,-0.04015504039818934,0.04015504039818934,0.004371432911338849
Pdf,-0.08809475305864842,0.08809475305864842,3.794606760263335e-10
Slc25a38,-0.001117085711230847,0.001117085711230847,0.9368305242819702
Cdc7,-0.07074411633790481,0.07074411633790481,5.024068510603593e-07
Rfwd2,-0.17099287677789507,0.17099287677789507,2.384337835955126e-34
Scarb2,-0.10126968706559004,0.10126968706559004,5.876322991573445e-13
Glud1,-0.10481024928472879,0.10481024928472879,8.882811255089497e-14
5730528L13Rik,-0.07938141053394511,0.07938141053394511,1.6927300392839855e-08
Ccnb2,0.007769083469151828,0.007769083469151828,0.5814946925503682
5730437N04Rik,-0.06136106615253522,0.06136106615253522,1.3155657399184166e-05
Nudt1,-0.08292809407816003,0.08292809407816003,3.777193274011797e-09
Tbrg1,-0.0021322970644012634,0.0021322970644012634,0.87975437158402
Lrrc8d,-0.10371734970059485,0.10371734970059485,1.6025417670225582e-13
Foxp1,-0.02934156149138674,0.02934156149138674,0.037328877657348894
Eef2k,-0.11620598897215359,0.11620598897215359,1.3115215443862205e-16
Psmd2,-0.08468880929244008,0.08468880929244008,1.7523089816644465e-09
Fam105a,-0.09605135757473493,0.09605135757473493,8.469692968333634e-12
Farsb,-0.10619779071167704,0.10619779071167704,4.162725417497496e-14
Ncf4,0.19042869093500553,0.19042869093500553,2.4688591003381942e-42
Tk2,-0.0699831397523855,0.0699831397523855,6.653946470576753e-07
Usp19,-0.05444581261569711,0.05444581261569711,0.00011079678012576538
Cox11,-0.07408460315637329,0.07408460315637329,1.41472278034413e-07
Tnrc18,-0.0152071492244091,0.0152071492244091,0.28060266667635386
Ldlrap1,-0.09038675048789262,0.09038675048789262,1.3114362932209058e-10
Pilrb1,-0.08777883770348241,0.08777883770348241,4.3839319750665503e-10
Picalm,0.030791687905373087,0.030791687905373087,0.028881441182463316
Hn1l,-0.11399457257561539,0.11399457257561539,4.895889692475822e-16
Rasa2,-0.022378451762614947,0.022378451762614947,0.11231200391932004
Rsbn1,0.011909075814112366,0.011909075814112366,0.3981414860666677
Ssbp1,-0.05281237740590119,0.05281237740590119,0.0001771839399885463
Gna15,-0.07230573168056603,0.07230573168056603,2.797376638046827e-07
Ciao1,-0.08949053332277306,0.08949053332277306,1.9931607357239295e-10
Rad51,-0.11849376693630247,0.11849376693630247,3.268887980584009e-17
Mll3,0.009499645498350404,0.009499645498350404,0.5003188730494313
Derl2,-0.04125705185395759,0.04125705185395759,0.003408017794486062
Rpl17,0.3702745339426379,0.3702745339426379,1.9512145838788375e-163
Slc35c1,-0.12171088099591579,0.12171088099591579,4.425641524017036e-18
Hdc,-0.14036944702904833,0.14036944702904833,1.3999600332772362e-23
Ltv1,-0.08362851966396868,0.08362851966396868,2.7879593691425696e-09
Il4ra,-0.05212637167954513,0.05212637167954513,0.00021497662765849118
Sertad3,-0.0394992529498861,0.0394992529498861,0.005055845037160776
Faim,-0.08158829612971356,0.08158829612971356,6.705998892071963e-09
Bst2,-0.08646464707456394,0.08646464707456394,7.949445584893573e-10
Runx3,-0.043662624144802334,0.043662624144802334,0.001940326567411146
Car2,0.212738130776307,0.212738130776307,1.2445342452309006e-52
Mrpl4,-0.07960398016332225,0.07960398016332225,1.5435191352328407e-08
Amz2,-0.1084021224187394,0.1084021224187394,1.2235367532482426e-14
2010003O02Rik,-0.06375802975919552,0.06375802975919552,5.952806091116317e-06
Cr1l,-0.07662246567871624,0.07662246567871624,5.205301475977856e-08
C87436,-0.06302646440327071,0.06302646440327071,7.6054783761853695e-06
Prr14,-0.042702428353068776,0.042702428353068776,0.0024374631017108675
Mocs1,-0.12855189866128816,0.12855189866128816,5.266548621306168e-20
Sap30,-0.03942305584524708,0.03942305584524708,0.005141347963596347
Eif3m,-0.05102618397616151,0.05102618397616151,0.0002917437141320235
Klhdc4,-0.10198106217819145,0.10198106217819145,4.0408427246066207e-13
Dpp3,-0.1456746342975674,0.1456746342975674,2.7341541676584775e-25
Ccdc107,-0.05154648449725439,0.05154648449725439,0.00025269831563438347
Tyw1,-0.12160602551033144,0.12160602551033144,4.727689638807857e-18
Myd88,-0.07233644766991133,0.07233644766991133,2.7650075956192263e-07
Ints10,-0.13681703132500067,0.13681703132500067,1.7967460342024575e-22
1810011H11Rik,0.00793695925794153,0.00793695925794153,0.573357520495113
Mthfs,-0.0767341173311259,0.0767341173311259,4.977631829997738e-08
Rasal3,-0.0954428727765476,0.0954428727765476,1.1456960876755112e-11
Nceh1,-0.04330542010262209,0.04330542010262209,0.0021132367251655284
Unc93b1,-0.10659672791498066,0.10659672791498066,3.341510860749316e-14
Hist1h3c,-0.09926540205608052,0.09926540205608052,1.6645348537656203e-12
Haus8,-0.09387687957192727,0.09387687957192727,2.4715946752868353e-11
2300009A05Rik,-0.06794662141883764,0.06794662141883764,1.391641524024067e-06
2610027L16Rik,-0.12199092828646149,0.12199092828646149,3.7091601337377176e-18
Fxc1,0.058912946644935994,0.058912946644935994,2.8725725432654577e-05
Camk2g,-0.03714772646551449,0.03714772646551449,0.008378206520443233
Mrpl48,-0.05561949184741995,0.05561949184741995,7.844486872590603e-05
Mterfd1,-0.06259819288073369,0.06259819288073369,8.767777860692026e-06
Fbxw2,-0.08998060052688803,0.08998060052688803,1.586177619490139e-10
Coq10b,-0.018203213798183796,0.018203213798183796,0.19650492332211436
Kif2c,-0.09501203678716183,0.09501203678716183,1.4173362011473562e-11
Ufc1,-0.0808459795789591,0.0808459795789591,9.181304445036671e-09
Atp1b1,-0.1459560490837444,0.1459560490837444,2.2097315865676483e-25
Kif21b,-0.003893941869854783,0.003893941869854783,0.7823443992748705
2400009B08Rik,-0.04558994534824777,0.04558994534824777,0.0012114949721349533
Rragc,-0.1127150489375547,0.1127150489375547,1.0370811517269738e-15
Gabarapl2,0.015270000877805692,0.015270000877805692,0.27861919738614527
Tet3,-0.017900264274578633,0.017900264274578633,0.204058012519914
Hhex,-0.0309425190491074,0.0309425190491074,0.028105566669808808
Hspa4l,-0.0851781279583608,0.0851781279583608,1.4115990543527915e-09
Nudcd2,-0.07250557331700982,0.07250557331700982,2.59315622496589e-07
Nubp1,-0.05785862582314547,0.05785862582314547,3.985008746678974e-05
Acot13,-0.03145890575256224,0.03145890575256224,0.02558374082705758
Nr2c2ap,-0.06720089029385859,0.06720089029385859,1.8140394819094314e-06
Sypl,-0.013660058066460201,0.013660058066460201,0.33245160188489403
Kbtbd2,-0.046010397998619494,0.046010397998619494,0.0010906405709262424
1110059G10Rik,-0.06429290341534478,0.06429290341534478,4.968260763650993e-06
Rad17,-0.04740614404072004,0.04740614404072004,0.0007648169849518892
Lman2,-0.10543635457798702,0.10543635457798702,6.317526797597162e-14
4921524J17Rik,-0.06869360495357664,0.06869360495357664,1.064194785134648e-06
Serhl,-0.04645552320674844,0.04645552320674844,0.0009749135277746825
Atg16l2,-0.09409878800717719,0.09409878800717719,2.2181424980596042e-11
Lgals3,0.1930066825463702,0.1930066825463702,1.8405323426217588e-43
Ltbr,-0.09182288236024848,0.09182288236024848,6.649009689126154e-11
Psmc1,-0.11266305956124044,0.11266305956124044,1.0690065999259903e-15
Myg1,-0.052611714730909726,0.052611714730909726,0.0001875371102098358
Leo1,-0.0738323026950823,0.0738323026950823,1.5598393152417635e-07
Exosc2,-0.07891601458208773,0.07891601458208773,2.0513472612219163e-08
6720456B07Rik,0.04616383570028975,0.04616383570028975,0.0010493859539065981
Fbxo28,-0.06549178800958068,0.06549178800958068,3.2960814682374824e-06
Fzr1,-0.08875257329907653,0.08875257329907653,2.8048758777250027e-10
Pde6d,-0.09945229900527683,0.09945229900527683,1.5118302404927326e-12
Diap2,-0.011810885055585724,0.011810885055585724,0.4020430482283453
2810432D09Rik,-0.05798361419067638,0.05798361419067638,3.834416079641005e-05
Dynlt1a,-0.13867772583492416,0.13867772583492416,4.759410527638167e-23
Lrrc58,-0.043068015730952966,0.043068015730952966,0.002235852283519183
Atp6ap2,-0.074238813013635,0.074238813013635,1.3325484862104253e-07
Jmjd6,-0.03973985069558947,0.03973985069558947,0.004794232647771664
Rnf115,-0.08749220857539958,0.08749220857539958,4.995278200583484e-10
Zfpl1,-0.06099397041875189,0.06099397041875189,1.4817627233922271e-05
Adss,-0.05583829424927403,0.05583829424927403,7.350006861363051e-05
Arhgef6,-0.02724345455808118,0.02724345455808118,0.053210995801135225
Esf1,0.005910087077521218,0.005910087077521218,0.6749913601538798
Lyrm2,0.0025742108883656757,0.0025742108883656757,0.8550857826796591
Adipor2,-0.04798859297687799,0.04798859297687799,0.0006577330769250683
Taok1,-0.009514640665862845,0.009514640665862845,0.49964269856465254
Prcp,-0.1082977480787328,0.1082977480787328,1.2972989029245955e-14
Vps37b,-0.09627443963686313,0.09627443963686313,7.57812983578121e-12
Ythdf2,-0.08170236043653495,0.08170236043653495,6.388395433597177e-09
Cars,-0.11440440977818273,0.11440440977818273,3.8427509659271515e-16
Pgm2,-0.1029115156902282,0.1029115156902282,2.466371515796998e-13
Donson,-0.06921328685515167,0.06921328685515167,8.815798473088188e-07
Fam178a,-0.03324060388823014,0.03324060388823014,0.018325321654297788
Ube2d2,-0.04347636021963554,0.04347636021963554,0.0020288004757808217
Herpud2,-0.11955287972854918,0.11955287972854918,1.7024772493812654e-17
Arfgap1,-0.12321978234552002,0.12321978234552002,1.7006547534768105e-18
Neu1,-0.08408793974930229,0.08408793974930229,2.2814025586796425e-09
Smchd1,0.062405557451656525,0.062405557451656525,9.344224225347112e-06
Mgst3,0.027872144928956986,0.027872144928956986,0.047947454202701814
Fbxo22,-0.09253273750073847,0.09253273750073847,4.734514410893769e-11
Dtnb,-0.03240377812874855,0.03240377812874855,0.021473161539830567
1110002B05Rik,0.014410668865192683,0.014410668865192683,0.3065683594958792
Nhp2,-0.05655644565408024,0.05655644565408024,5.926114908487489e-05
Tomm40,-0.0989669855138822,0.0989669855138822,1.940252091910885e-12
Foxred1,-0.12237339953420474,0.12237339953420474,2.9123015180602836e-18
Gpc1,-0.13352022254923251,0.13352022254923251,1.8081634632015904e-21
Naa50,-0.07584510885259169,0.07584510885259169,7.094618141727515e-08
Naa35,-0.04968570326482591,0.04968570326482591,0.0004199187704728441
Nup37,-0.09293071708777434,0.09293071708777434,3.9093583228330404e-11
Fbrs,-0.03370856017341435,0.03370856017341435,0.01674741600600299
Il21r,-0.11405615532769375,0.11405615532769375,4.721171337968036e-16
Sars,-0.08761491654982587,0.08761491654982587,4.723998784971857e-10
Rell1,-0.05246163356566073,0.05246163356566073,0.00019564926260229936
Pop5,-0.03403618464181299,0.03403618464181299,0.015714892550026498
Dync1h1,-0.028337941621144884,0.028337941621144884,0.04433597918847035
Cyb5,-0.0031147931599872975,0.0031147931599872975,0.8251031190283769
Pknox1,-0.05966872915996126,0.05966872915996126,2.264228111613648e-05
Gm5506,-0.16567790230976595,0.16567790230976595,2.53500070297271e-32
Anxa1,0.24697352400667996,0.24697352400667996,7.26168572083215e-71
Mad2l1bp,0.009711695004566366,0.009711695004566366,0.4908022102276003
Cdk19,-0.08546147345413183,0.08546147345413183,1.2447983043566056e-09
Cdk5,-0.08314701187417323,0.08314701187417323,3.4360865807188133e-09
Gm13157,-0.08394098962137073,0.08394098962137073,2.432802344922239e-09
B3gnt8,-0.0879562161535869,0.0879562161535869,4.0428525990802934e-10
Cebpz,-0.008426026277080594,0.008426026277080594,0.5499645311600936
Stx17,-0.01370171993813597,0.01370171993813597,0.3309790165568363
Topors,-0.08104785218790304,0.08104785218790304,8.43175392770974e-09
Fbxl6,-0.07520765304795109,0.07520765304795109,9.125036770898865e-08
Rpa1,-0.13531450001313255,0.13531450001313255,5.18295366235002e-22
Pi4k2b,-0.09794711980726471,0.09794711980726471,3.264859361772534e-12
Clec2d,0.03755569638047882,0.03755569638047882,0.00768944234517216
Agpat1,-0.09274738638016845,0.09274738638016845,4.2703284731341245e-11
Pldn,-0.10020428317265398,0.10020428317265398,1.0246587420845487e-12
Zmym5,-0.047215960769276435,0.047215960769276435,0.0008031474753873025
Nup153,-0.04556516111172781,0.04556516111172781,0.0012189911751094842
Car1,0.0993869288240658,0.0993869288240658,1.563610172628186e-12
Haus7,-0.08261316635718181,0.08261316635718181,4.326319381816036e-09
Fam160b1,0.027443182486737785,0.027443182486737785,0.05148887033475582
Snx1,-0.11311291021236924,0.11311291021236924,8.219467323275669e-16
Smarca4,-0.04392199117826339,0.04392199117826339,0.0018230214621942464
Whsc1l1,-0.026662954818084374,0.026662954818084374,0.05849133326179937
Asah1,-0.101567727184411,0.101567727184411,5.024636666245804e-13
Pcyt2,-0.06448708664605007,0.06448708664605007,4.651020567808709e-06
Oscp1,-0.1627139929235834,0.1627139929235834,3.199979276501412e-31
Psmb7,0.03225229531300312,0.03225229531300312,0.022090727123925912
Wdr46,-0.11409982541215986,0.11409982541215986,4.601010656460179e-16
Abca13,0.03568931825660663,0.03568931825660663,0.011313523856393486
Tirap,0.021796520292089137,0.021796520292089137,0.121963346398228
Celf1,0.018851495976699266,0.018851495976699266,0.18103370713203062
Nfya,-0.10707689410336287,0.10707689410336287,2.5621586617872992e-14
Cenpn,-0.1201116526089968,0.1201116526089968,1.2038922682463879e-17
Memo1,-0.11306185599938338,0.11306185599938338,8.468763902432361e-16
Rxrb,-0.1119703460369218,0.1119703460369218,1.599006566841363e-15
Dnajc11,-0.1017114612549949,0.1017114612549949,4.658432738603403e-13
Dhrs4,-0.04773107065203414,0.04773107065203414,0.0007032338489197974
Pycr2,-0.059723544326898664,0.059723544326898664,2.22524267932988e-05
Lrpap1,-0.1193094004774053,0.1193094004774053,1.97896058126516e-17
Htatip2,-0.0384921361034824,0.0384921361034824,0.006296637735574247
Rabgef1,-0.05394900984939775,0.05394900984939775,0.00012797740992217353
Tbc1d9b,-0.1156360002234069,0.1156360002234069,1.846172467221545e-16
Ankrd46,-0.11107658273572227,0.11107658273572227,2.678468578311046e-15
Taz,-0.04677401368555654,0.04677401368555654,0.0008992049282416881
Ndufb2,-0.02620068588411245,0.02620068588411245,0.06300113439148787
Nmral1,-0.0957908201040768,0.0957908201040768,9.641504913153611e-12
Rfc2,-0.08726391310238947,0.08726391310238947,5.541003693743736e-10
Esyt1,-0.09292539799641614,0.09292539799641614,3.9193979519846915e-11
Mir703,-0.16244019982860597,0.16244019982860597,4.034826339964902e-31
Nuak2,-0.11106558939593615,0.11106558939593615,2.695448814137391e-15
Ctsd,-0.030887689554628665,0.030887689554628665,0.028385506255931073
Iws1,-0.003076294033010741,0.003076294033010741,0.8272305489765436
Tm2d3,-0.06584009670089035,0.06584009670089035,2.9217921495693814e-06
Jarid2,-0.030009674112032314,0.030009674112032314,0.03320623279301513
Zfp518a,-0.040852610646674316,0.040852610646674316,0.003736543151850799
Snhg8,-0.022680680070904957,0.022680680070904957,0.10754269017653473
Irf9,-0.08410145451297113,0.08410145451297113,2.267948518673944e-09
Psme4,-0.013569071695906371,0.013569071695906371,0.33568230090015216
Ano6,-0.03824156051258479,0.03824156051258479,0.006645149111030229
Dennd4a,0.01352025990471652,0.01352025990471652,0.3374237856601792
1200011I18Rik,-0.01074931857937315,0.01074931857937315,0.4456687591917611
Med9,-0.061221857089865224,0.061221857089865224,1.3763816831376496e-05
Mycbp,-0.08891956595228166,0.08891956595228166,2.596828208871219e-10
Tob1,-0.004967883105242455,0.004967883105242455,0.7244937688075997
Eif4g3,-0.008668240024384509,0.008668240024384509,0.5385556475023132
Acp6,-0.09869566119224145,0.09869566119224145,2.229509022005105e-12
Phrf1,-0.013912363581054485,0.013912363581054485,0.3235982733178615
Twf1,-0.055597820740821355,0.055597820740821355,7.895137790377161e-05
Hmox1,-0.08301413982979831,0.08301413982979831,3.639362143010405e-09
Acot9,-0.11266607565372337,0.11266607565372337,1.0671283284446264e-15
2810006K23Rik,-0.06081942227540563,0.06081942227540563,1.5676345406777467e-05
Prrc2a,-0.05515530264917974,0.05515530264917974,8.999544229368168e-05
Mrps18b,-0.07333104011634378,0.07333104011634378,1.8920323978818957e-07
Notch2,-0.03125874158187542,0.03125874158187542,0.026537035721199108
Safb,-0.057842611161405176,0.057842611161405176,4.004704754227279e-05
Gtse1,-0.08093314311747231,0.08093314311747231,8.850043856152235e-09
Pold2,-0.10316107139823208,0.10316107139823208,2.1588583757509292e-13
1110038F14Rik,-0.07346778835140932,0.07346778835140932,1.7951788656518275e-07
Ncf1,0.16885895302844253,0.16885895302844253,1.5815058472602676e-33
Gnptg,-0.07456821529147188,0.07456821529147188,1.172191129992319e-07
Ppp1r35,-0.04028409364080124,0.04028409364080124,0.004247072603883058
Tmx1,-0.09666941648208327,0.09666941648208327,6.219642814556556e-12
Traf7,-0.11012363676986996,0.11012363676986996,4.621574327678494e-15
Galt,-0.0618503721287361,0.0618503721287361,1.1215061636615672e-05
C1galt1c1,-0.06927828309245375,0.06927828309245375,8.609844749774226e-07
Gm1604b,-0.08485611024651137,0.08485611024651137,1.6276638828083136e-09
2810474O19Rik,0.08038501923603864,0.08038501923603864,1.1143668159108395e-08
Sec14l1,-0.05554257015224077,0.05554257015224077,8.025674727564495e-05
Mrpl43,-0.02935380381004333,0.02935380381004333,0.03724958763057564
Snap23,-0.08487420507478234,0.08487420507478234,1.6147119557191864e-09
Yars,-0.0964843397680984,0.0964843397680984,6.8235525828188385e-12
Cnot3,-0.05114383938437972,0.05114383938437972,0.00028244936869363524
Chchd3,-0.08792895162396518,0.08792895162396518,4.09354163217923e-10
5830418K08Rik,0.03664596034755563,0.03664596034755563,0.00930065308463231
Slc25a5,0.010657984494031384,0.010657984494031384,0.4495441329409927
Spnb2,0.0033563297210108286,0.0033563297210108286,0.811785894496922
Rps11,0.38264736894082324,0.38264736894082324,2.5743031551603185e-175
Cand1,-0.0922983626313966,0.0922983626313966,5.297760160789868e-11
Trim12a,-0.002586018046638305,0.002586018046638305,0.854428508678022
C3,0.020140613246373954,0.020140613246373954,0.15298574579359553
Tti2,-0.12084566255723533,0.12084566255723533,7.617762259790141e-18
Slc25a37,0.05953419370192699,0.05953419370192699,2.3626852371807045e-05
Git2,-0.05217891483309756,0.05217891483309756,0.000211833560920527
Lin7c,-0.05473317624177958,0.05473317624177958,0.0001018773698930209
Itpripl2,0.03328910422325596,0.03328910422325596,0.01815595016925059
Dnlz,-0.05175331411295098,0.05175331411295098,0.00023858358426364365
Dctn5,-0.1342023822027499,0.1342023822027499,1.1266594702294467e-21
Nfu1,-0.023689064258433982,0.023689064258433982,0.09278082860357033
Ccdc86,-0.11792648901370972,0.11792648901370972,4.62499346022454e-17
Pigu,-0.09914156768243818,0.09914156768243818,1.7739423328900915e-12
Akap13,0.0013749328855966747,0.0013749328855966747,0.922291507713692
Ddx50,-0.13749083637666587,0.13749083637666587,1.112964208030184e-22
Lman2l,-0.14660649512846466,0.14660649512846466,1.348583423612816e-25
Mybbp1a,-0.10377626570541776,0.10377626570541776,1.552610966026589e-13
Pttg1,-0.0651918371739909,0.0651918371739909,3.654863790678032e-06
Spryd3,-0.06244012087719078,0.06244012087719078,9.238199056780594e-06
Rpl23a,0.36572368702990876,0.36572368702990876,3.392281268346393e-159
Ywhae,0.03475963042915736,0.03475963042915736,0.013631026413542788
Fig4,-0.09319944313086599,0.09319944313086599,3.43360219050472e-11
Kif20b,0.01754721331542371,0.01754721331542371,0.21312408209795153
Prps2,-0.11579752329289819,0.11579752329289819,1.675966887281297e-16
Nipsnap3b,-0.08229725803415376,0.08229725803415376,4.9548964821122495e-09
Hk1,-0.12526033421559346,0.12526033421559346,4.578409000249295e-19
Deb1,-0.04659598702493325,0.04659598702493325,0.0009408242493213181
Cno,-0.07418637960335744,0.07418637960335744,1.3599569276661401e-07
Ptpla,-0.10631972524318022,0.10631972524318022,3.89265443120941e-14
Ndufa3,0.04931439910994241,0.04931439910994241,0.00046378250120044474
Glyr1,-0.14415452796097553,0.14415452796097553,8.574798008506911e-25
Ubap2l,-0.03164246972220035,0.03164246972220035,0.024735685066721916
Rbm15,-0.1118274293946763,0.1118274293946763,1.736979508526143e-15
Gpcpd1,-0.004875360166436371,0.004875360166436371,0.7294216032181609
BC004004,-0.07706135998193897,0.07706135998193897,4.36455232996509e-08
Heatr6,-0.006463316431559942,0.006463316431559942,0.6465510590151685
Ppa2,-0.0602806882758508,0.0602806882758508,1.8635932980221133e-05
Cnot10,-0.08591182599864097,0.08591182599864097,1.018443051974851e-09
Homez,-0.13869303797254331,0.13869303797254331,4.707306587404493e-23
Psmd7,-0.053028060367955425,0.053028060367955425,0.00016665619392806596
Cirh1a,-0.16674766882200664,0.16674766882200664,1.00333166585099e-32
S100a9,0.2978863238811515,0.2978863238811515,1.0004640528244123e-103
Carhsp1,-0.03386144509626408,0.03386144509626408,0.016258405585677243
Dnajc21,-0.102061001700306,0.102061001700306,3.8737013175817154e-13
Usp22,-0.0873424900573853,0.0873424900573853,5.34690995435344e-10
Ccdc56,-0.047608612421323894,0.047608612421323894,0.0007258813138302121
Gpank1,-0.04283580600162147,0.04283580600162147,0.002362057288735119
Rpusd4,-0.04514081893659409,0.04514081893659409,0.0013541653776254024
Xab2,-0.11749289279051935,0.11749289279051935,6.023071579529345e-17
Rfc3,-0.08815689998578635,0.08815689998578635,3.688139091244082e-10
Dom3z,-0.06895747618240708,0.06895747618240708,9.673411654618527e-07
Dusp1,0.05145136347717111,0.05145136347717111,0.0002594491842685138
Idh2,-0.11253774685479599,0.11253774685479599,1.1499902700320504e-15
Eif2ak2,-0.020671372541579525,0.020671372541579525,0.14244898575652248
Lactb,-0.045220540923786474,0.045220540923786474,0.0013277602684956197
Cpsf4,-0.10215570117863888,0.10215570117863888,3.6844665562267246e-13
Cpsf3,-0.11909116257147635,0.11909116257147635,2.2641439098169088e-17
Eml4,0.00972187826349273,0.00972187826349273,0.49034765136069064
Brap,-0.0845212879096937,0.0845212879096937,1.886416943085327e-09
Zfp672,-0.06945236868668994,0.06945236868668994,8.080782104221493e-07
Mta2,-0.13245166685925472,0.13245166685925472,3.7750007589108105e-21
Scly,-0.07727283687481454,0.07727283687481454,4.007994781035005e-08
Gabpb2,0.011249083440111596,0.011249083440111596,0.42480328555006014
Suz12,-0.03725930920820243,0.03725930920820243,0.008184544614545309
Zfp771,-0.0737114160287675,0.0737114160287675,1.6343713583298503e-07
Prmt7,-0.10559939235922089,0.10559939235922089,5.779149240105418e-14
Cog8,-0.09527840871969266,0.09527840871969266,1.2427709719519319e-11
E030030I06Rik,-0.014134283292314434,0.014134283292314434,0.3159393208199933
Mrps26,-0.043936906452170195,0.043936906452170195,0.0018164779675998275
Stard3nl,-0.07088042633771907,0.07088042633771907,4.776026101892471e-07
Chit1,-0.09578927373634112,0.09578927373634112,9.648913248158969e-12
Lzic,-0.06928966467028115,0.06928966467028115,8.574259771808918e-07
Ip6k1,-0.05774026325117374,0.05774026325117374,4.132777719756064e-05
Prickle3,-0.04797026395200449,0.04797026395200449,0.0006608788434545596
Nudt7,-0.11165402346351287,0.11165402346351287,1.9201979817170176e-15
Btbd10,-0.07853753591624826,0.07853753591624826,2.396398204150103e-08
Slc29a1,-0.066380482236919,0.066380482236919,2.420583430107902e-06
Prmt3,-0.11433737263385352,0.11433737263385352,3.9982860446609937e-16
Deaf1,-0.07293622340861328,0.07293622340861328,2.2008494279979008e-07
Chmp4b,-0.035730809398807274,0.035730809398807274,0.011218782220486345
Stat1,-0.0885772552874498,0.0885772552874498,3.040794034649311e-10
Nprl2,-0.08581491475417467,0.08581491475417467,1.0634830426173016e-09
Hmga2-ps1,-0.020551461814305966,0.020551461814305966,0.144779383734918
Nup88,-0.09296522263746758,0.09296522263746758,3.84483834083092e-11
Arpc5l,-0.04408698545127353,0.04408698545127353,0.0017518272161702797
Spns1,-0.0808564593271667,0.0808564593271667,9.140848294887091e-09
Noc4l,-0.11669979804233394,0.11669979804233394,9.739465809193221e-17
Cdc25c,-0.053861809869619075,0.053861809869619075,0.00013124075111222265
Slc16a1,-0.07823286826648215,0.07823286826648215,2.7144727127398713e-08
Ccdc23,-0.07450535904386019,0.07450535904386019,1.201274309238933e-07
Ddx1,-0.14069951088388036,0.14069951088388036,1.1006838192232707e-23
Prdx1,0.036283670762577276,0.036283670762577276,0.010021939899520152
Snhg9,-0.0584691486108315,0.0584691486108315,3.29910549055658e-05
Spg21,-0.06525871463757431,0.06525871463757431,3.5717645171992287e-06
Fam65b,-0.004130325167323494,0.004130325167323494,0.7694945544375446
Bsdc1,-0.06435904077708965,0.06435904077708965,4.857953380468177e-06
Eps15,-0.07609208089070213,0.07609208089070213,6.431974747156377e-08
Cep57l1,-0.08228375556584935,0.08228375556584935,4.983654396992619e-09
Irf1,-0.03926140145863726,0.03926140145863726,0.00532708515465049
Cops7b,-0.06103831178805142,0.06103831178805142,1.4606733644167464e-05
Atf2,-0.05190091307317805,0.05190091307317805,0.00022896683042928823
Clspn,0.019502225070192877,0.019502225070192877,0.1664322171679984
Mrpl47,-0.10747050086042338,0.10747050086042338,2.0591012673717664e-14
4933407C03Rik,0.0027871028608331093,0.0027871028608331093,0.8432505055678619
Dnajb9,-0.03462090220170582,0.03462090220170582,0.01401060701216063
6430548M08Rik,0.01614410569656309,0.01614410569656309,0.2520214918414438
Myo1f,-0.08094649021128411,0.08094649021128411,8.800355498345813e-09
Gtpbp1,-0.0179376816298568,0.0179376816298568,0.20311385996583264
Rbmx,-0.1399618019145724,0.1399618019145724,1.882671845588846e-23
Fam92a,-0.07193024817151812,0.07193024817151812,3.2238608790122676e-07
Kif11,-0.05296426565982526,0.05296426565982526,0.00016970717402816425
Lta4h,0.046560005376294955,0.046560005376294955,0.000949449893486326
Cdc37l1,-0.016419255678434864,0.016419255678434864,0.24402784001523145
Cic,-0.05214729906782704,0.05214729906782704,0.00021371956736237902
Ptk2b,-0.09032004520291596,0.09032004520291596,1.3531279210729254e-10
Rnft1,-0.11720353521676052,0.11720353521676052,7.180117946959737e-17
Capn1,-0.1368246978784903,0.1368246978784903,1.787005380496508e-22
Ppwd1,-0.017221844065206993,0.017221844065206993,0.22173349367802428
Fam108b,-0.14506635889697184,0.14506635889697184,4.326133017042965e-25
Tmem11,-0.0742390453216149,0.0742390453216149,1.3324282491176587e-07
Serinc1,-0.06893715409293533,0.06893715409293533,9.744882231524106e-07
Sp2,-0.12356317674903289,0.12356317674903289,1.3657456015816603e-18
Apbb1ip,-0.05572226125357308,0.05572226125357308,7.60844203795115e-05
Txnip,-0.06242597231516999,0.06242597231516999,9.281460875096162e-06
Pex11b,-0.09559559391648323,0.09559559391648323,1.062224640212616e-11
Tpcn1,-0.08712588589607614,0.08712588589607614,5.898715965754546e-10
Brpf1,0.011358680407915817,0.011358680407915817,0.42030503636662464
Fbxw11,-0.0757806004849583,0.0757806004849583,7.278305962130186e-08
Gadd45gip1,-0.05515857629498721,0.05515857629498721,8.990863071323077e-05
5033414D02Rik,-0.05298335847004792,0.05298335847004792,0.00016878859724748022
Rnaset2b,-0.1442415863199726,0.1442415863199726,8.03412218420173e-25
Tbc1d15,-0.0961457952855838,0.0961457952855838,8.080379618139445e-12
Tmem53,-0.11094985180571594,0.11094985180571594,2.8807731406359433e-15
Fech,0.01226513257384989,0.01226513257384989,0.38418614564697867
Glt25d1,-0.10980412398158933,0.10980412398158933,5.5432797372343496e-15
Lrrc45,-0.10172156054104578,0.10172156054104578,4.63371055740457e-13
Dpagt1,-0.14956635033500448,0.14956635033500448,1.385480576116296e-26
Wdr74,-0.09434320100129823,0.09434320100129823,1.9683891125872465e-11
Optn,-0.06211325262226214,0.06211325262226214,1.0288554850563407e-05
Usp47,-0.05070760646979482,0.05070760646979482,0.00031836812745731393
Itgb1,-0.12513847337667924,0.12513847337667924,4.954657048681193e-19
Psmd6,-0.08287551429083519,0.08287551429083519,3.863903840316202e-09
Gtf2h2,-0.10725776292631738,0.10725776292631738,2.3175428269415542e-14
App,-0.07342111188402912,0.07342111188402912,1.827686597381886e-07
Dna2,-0.09167588726139456,0.09167588726139456,7.131135771603591e-11
2310022A10Rik,-0.09804903829824187,0.09804903829824187,3.1001473475324624e-12
Med1,-0.08396615317744863,0.08396615317744863,2.4062002397711465e-09
Gpbp1l1,-0.06919577536385947,0.06919577536385947,8.872093143027173e-07
Zwilch,-0.0553462958386452,0.0553462958386452,8.506082034863256e-05
Kifc1,-0.11153632540424556,0.11153632540424556,2.055264969172076e-15
Mll2,-0.09584150609651694,0.09584150609651694,9.401738649302347e-12
Tmco1,-0.05359723247200827,0.05359723247200827,0.0001416285275928936
Aarsd1,-0.06653689869835491,0.06653689869835491,2.29164228843383e-06
BC035044,-0.09741351289102257,0.09741351289102257,4.2775775594224736e-12
Hist1h2ak,-0.05852643240184456,0.05852643240184456,3.2408494555789786e-05
Lin28a,-0.07674072232994739,0.07674072232994739,4.964470209520326e-08
Lrr1,-0.04847772899419579,0.04847772899419579,0.0005787536626811407
Lime1,-0.00031767828116909593,0.00031767828116909593,0.9820185020927302
Slc10a7,-0.12272851104956553,0.12272851104956553,2.3249573968470515e-18
Mpzl1,-0.03527094505057368,0.03527094505057368,0.01230925586738154
Actr1b,-0.05785061257397245,0.05785061257397245,3.994852512987709e-05
Ppp2r5e,-0.058109687315055156,0.058109687315055156,3.6879972928312416e-05
Rpl36,0.2661863273365291,0.2661863273365291,1.9526217694588446e-82
Cdc16,-0.1427811602781119,0.1427811602781119,2.3829838226558298e-24
Rnf216,-0.03550925575654053,0.03550925575654053,0.011732960521956555
Mkrn2,-0.0684721531372146,0.0684721531372146,1.1526179572943673e-06
Prep,-0.11370999577834001,0.11370999577834001,5.789617875542418e-16
Ripk3,-0.11926729246353907,0.11926729246353907,2.0310771484887942e-17
Nat15,-0.14693130796741863,0.14693130796741863,1.0529696544207221e-25
1200016B10Rik,0.007037290524253231,0.007037290524253231,0.6175807452789714
Gnpda2,-0.030688810128422086,0.030688810128422086,0.029421157328209484
Cln6,-0.18013291797467654,0.18013291797467654,5.435432242489566e-38
Tax1bp3,-0.03724930705318629,0.03724930705318629,0.008201739371669174
Mvd,-0.04589141347341435,0.04589141347341435,0.0011236585272834032
Alg1,-0.10324144289840047,0.10324144289840047,2.0680864135951687e-13
2610507B11Rik,-0.0020813663344161713,0.0020813663344161713,0.8826054201427505
Eif4g1,-0.024524028468795558,0.024524028468795558,0.0818288280869556
Recql,-0.1364980482824819,0.1364980482824819,2.2521371336582404e-22
Crlf3,-0.11150308774367142,0.11150308774367142,2.0950727034258993e-15
Kdm6b,-0.01681692064980644,0.01681692064980644,0.23279215458821279
Gba,-0.08722609891569719,0.08722609891569719,5.636842041359106e-10
Kpna3,-0.06566028977795828,0.06566028977795828,3.1096070320579815e-06
Gpn2,-0.054601289781139206,0.054601289781139206,0.00010588338540291289
Atpaf2,-0.10651604730576465,0.10651604730576465,3.493591437587979e-14
Erbb2ip,-0.045606845918176764,0.045606845918176764,0.001206407687031517
Ndufs1,-0.11871230629011467,0.11871230629011467,2.858554219171308e-17
Clec4d,0.0322229114220712,0.0322229114220712,0.02221229173295735
Spna2,-0.04178569422934879,0.04178569422934879,0.003018262732048874
Trp53,-0.09283437840318323,0.09283437840318323,4.0951548948902e-11
Tmem188,-0.029827476015879824,0.029827476015879824,0.03428992554064513
Rad50,0.044519403841457326,0.044519403841457326,0.0015771923754625027
Trim35,-0.10157444232432844,0.10157444232432844,5.006915531047233e-13
Lman1,-0.10346365640325345,0.10346365640325345,1.8361781811527338e-13
Fastk,-0.10587381574988546,0.10587381574988546,4.973008677694382e-14
Uba3,-0.08379082903349534,0.08379082903349534,2.5976028157142548e-09
Rnaseh1,-0.07585437844697106,0.07585437844697106,7.068594625184889e-08
Mtg1,-0.047689698177173,0.047689698177173,0.0007108108161609848
Dcaf8,-0.10863434321673432,0.10863434321673432,1.0739066234477192e-14
Pes1,-0.14089939828571027,0.14089939828571027,9.512261431692085e-24
Mynn,-0.07379323825294554,0.07379323825294554,1.583557469169083e-07
Safb2,-0.04396290527181675,0.04396290527181675,0.0018051235639042925
Dnajb14,-0.02334552992613862,0.02334552992613862,0.09761557122354728
Chmp1b,-0.07689653808997533,0.07689653808997533,4.663582046321367e-08
Cep164,0.025881807784716052,0.025881807784716052,0.06627657925145138
Wbp4,0.00911604642657587,0.00911604642657587,0.5177801153567677
Hint3,-0.06687692803860962,0.06687692803860962,2.0336981661488762e-06
Mut,-0.04841119104781822,0.04841119104781822,0.0005889524905168091
Gorasp2,-0.11602461532609734,0.11602461532609734,1.462537946875304e-16
2400001E08Rik,0.02850103631718105,0.02850103631718105,0.04312694147416969
Rpf2,-0.10773961338094355,0.10773961338094355,1.7724564369169026e-14
Stambp,-0.07916294772614922,0.07916294772614922,1.8527609917523168e-08
Ces1d,-0.006440398728958812,0.006440398728958812,0.6477193757085048
Cebpa,-0.14280506452532327,0.14280506452532327,2.3411648565956452e-24
Asns,-0.062232865742694786,0.062232865742694786,9.891608560511973e-06
Luc7l,-0.0175914499304005,0.0175914499304005,0.21197245071474674
Eif4e3,-0.017247903673234408,0.017247903673234408,0.2210349031267423
Kat2a,-0.11282356551561637,0.11282356551561637,9.734387309424304e-16
Sugp1,-0.09912078707063458,0.09912078707063458,1.792980402054513e-12
Herc2,0.02867854732910619,0.02867854732910619,0.041842810003755386
C030048B08Rik,-0.04342811786340895,0.04342811786340895,0.0020523108803978908
Tcf20,-0.02513358109363568,0.02513358109363568,0.07451503297159556
4933421E11Rik,0.03753378707101998,0.03753378707101998,0.007725100630733423
Ubn2,-0.04428564333345367,0.04428564333345367,0.0016695013822472318
Prpsap2,-0.1335950709577471,0.1335950709577471,1.7169103745749165e-21
Cog2,-0.10272535148203078,0.10272535148203078,2.723402740519617e-13
Naa15,-0.06750876177340587,0.06750876177340587,1.6265390423298174e-06
Coq4,-0.06654989687021909,0.06654989687021909,2.2812292176636265e-06
Tm9sf4,-0.08874180177949233,0.08874180177949233,2.818840429346737e-10
Stk4,0.027428485932037422,0.027428485932037422,0.05161397967292193
Rnf144b,-0.0701222072405766,0.0701222072405766,6.322261703507808e-07
Qrich1,-0.145477368087597,0.145477368087597,3.1735326503529562e-25
Pik3ca,0.0103440382351344,0.0103440382351344,0.4630098055216048
Cnnm3,-0.03321954900678983,0.03321954900678983,0.018399278303996826
Zbtb8os,-0.05953247497304103,0.05953247497304103,2.3639690151350337e-05
Kbtbd7,-0.03977090501675724,0.03977090501675724,0.004761373679884843
Rbm27,0.056541578744083394,0.056541578744083394,5.952741746801818e-05
Mrps18a,-0.0672894808874184,0.0672894808874184,1.7580579407604196e-06
Pam,-0.019693335270810557,0.019693335270810557,0.16231683001912453
Selplg,-0.06434348420655847,0.06434348420655847,4.883686554440846e-06
Tifab,-0.0963910189226673,0.0963910189226673,7.1494820192470226e-12
Ppm1h,-0.10221870579791013,0.10221870579791013,3.5636256310732084e-13
Pcyox1,-0.1053546498412145,0.1053546498412145,6.60557352755089e-14
Tpp2,-0.08376076375698785,0.08376076375698785,2.6318813780056987e-09
Nagk,-0.09325555285079183,0.09325555285079183,3.341665389845854e-11
Mctp1,-0.07081835418129305,0.07081835418129305,4.887478028709946e-07
Tm2d2,-0.050902964577077825,0.050902964577077825,0.00030178414148096885
Sp3,-0.07674677713812744,0.07674677713812744,4.9524345710268514e-08
Nsa2,0.00877835073830728,0.00877835073830728,0.5334086730871825
Haghl,-0.04405711681757604,0.04405711681757604,0.001764522881604711
Hbb-b1,0.1716457405807599,0.1716457405807599,1.3298838556946552e-34
Cytip,-0.046040211987856926,0.046040211987856926,0.0010825089883465748
Tnrc6c,-0.04297601040845263,0.04297601040845263,0.002285098965702928
Pip4k2b,-0.04688534091226685,0.04688534091226685,0.0008740526085898091
Cwf19l2,-0.04067099886281044,0.04067099886281044,0.003893221271213505
Tubg1,-0.09809286624695815,0.09809286624695815,3.0318470997089833e-12
Hist1h2bc,0.06343910127934721,0.06343910127934721,6.625967462131959e-06
Mbnl1,-0.036268874236873534,0.036268874236873534,0.010052429354938447
Prim2,-0.12144036983606928,0.12144036983606928,5.24682875139907e-18
Cpt2,-0.08559796229701998,0.08559796229701998,1.1714652364844203e-09
Rbm5,-0.08124377218440884,0.08124377218440884,7.761352116948994e-09
Mpp7,-0.01295512019108812,0.01295512019108812,0.35800791442227153
Opa1,-0.07420923073538073,0.07420923073538073,1.3479456176627823e-07
Vdac3,-0.05672566852853659,0.05672566852853659,5.630873960234584e-05
Haus3,-0.06545544051502429,0.06545544051502429,3.3376886257227008e-06
Eif4enif1,-0.037464126586861955,0.037464126586861955,0.007839462250120834
Pola1,-0.04533752022689689,0.04533752022689689,0.0012898738237872391
Ext2,-0.10562118811969105,0.10562118811969105,5.710682997657802e-14
Dpy19l1,-0.05950540514982841,0.05950540514982841,2.3842761308794245e-05
Ccdc77,-0.04620268029372962,0.04620268029372962,0.0010391733218745333
Pabpc1l,0.005516581476886449,0.005516581476886449,0.6955098797178716
Celf2,0.006214818426179988,0.006214818426179988,0.6592651241401222
Tor1aip2,-0.08069229098949174,0.08069229098949174,9.794975591629e-09
Sel1l,-0.0660239841134499,0.0660239841134499,2.7409917439605166e-06
Ikbke,-0.11822326662972364,0.11822326662972364,3.857938923579555e-17
Pdcl3,-0.0810236281049402,0.0810236281049402,8.518455518555726e-09
Xpnpep1,-0.10747645567807991,0.10747645567807991,2.0522907981408443e-14
1700020I14Rik,-0.06110817163310092,0.06110817163310092,1.428026562745744e-05
Lgals9,-0.05619095681934172,0.05619095681934172,6.614540121969641e-05
Clint1,-0.03720184436123946,0.03720184436123946,0.00828377406980793
Pcna,-0.029917526684783025,0.029917526684783025,0.03375059617709136
F5,-0.005097647255002583,0.005097647255002583,0.7176016648442605
Cnot8,-0.1024315726782044,0.1024315726782044,3.1834374820483433e-13
Tor3a,-0.0991817646907931,0.0991817646907931,1.73767697294787e-12
Ap3d1,0.0003055287424218827,0.0003055287424218827,0.9827060908704439
Ap1s2,-0.09870708607334554,0.09870708607334554,2.2165180079945463e-12
Hdac5,-0.09910373888550242,0.09910373888550242,1.8087485227181416e-12
Itpa,-0.07318931761159561,0.07318931761159561,1.9977309815456221e-07
Snrpf,-0.014299647407497331,0.014299647407497331,0.3103102292241944
Zfp397,1.8168606621553553e-05,1.8168606621553553e-05,0.9989715182240544
G2e3,0.0191262896464348,0.0191262896464348,0.17475575244239627
Khsrp,-0.027633869174304215,0.027633869174304215,0.0498884630034232
Mga,-0.01942874818451361,0.01942874818451361,0.16803518151884125
Tbc1d2b,-0.054888080894499085,0.054888080894499085,9.735485174817301e-05
Tmem120a,-0.04311914827737523,0.04311914827737523,0.0022089053057920876
Nt5m,-0.07206497923215338,0.07206497923215338,3.0640706336573495e-07
Phb,-0.0755438340839025,0.0755438340839025,7.992791987691077e-08
2310039H08Rik,-0.07565202482483031,0.07565202482483031,7.658260701332456e-08
Tpm1,-0.042939254149424816,0.042939254149424816,0.00230504927388445
Poglut1,-0.09855362751392428,0.09855362751392428,2.3973811240954217e-12
Acot8,-0.017469289200296115,0.017469289200296115,0.2151636846149014
Apeh,-0.09978998723300603,0.09978998723300603,1.26999046916279e-12
Rnf185,-0.05279683513065645,0.05279683513065645,0.00017796623784456137
Ppig,0.013760784233484705,0.013760784233484705,0.3288985635437302
Otud4,-0.03349482020206478,0.03349482020206478,0.017452696185843327
Dohh,-0.053860347094161126,0.053860347094161126,0.00013129615620871581
Arid4a,0.03904002067429237,0.03904002067429237,0.00559127527544895
Mau2,-0.11947655871014581,0.11947655871014581,1.784769498191182e-17
Stx2,-0.0586830035148109,0.0586830035148109,3.086564553960369e-05
Rfc1,0.035479897922998695,0.035479897922998695,0.011802638596391545
Fyb,0.11195974224995323,0.11195974224995323,1.6088617908779601e-15
Slc1a5,-0.11205541918739956,0.11205541918739956,1.5220611421019462e-15
Stradb,-0.06605659554987436,0.06605659554987436,2.7100691250502543e-06
Socs6,-0.07056903995229576,0.07056903995229576,5.360921642923657e-07
Cpd,-0.008409132336665515,0.008409132336665515,0.5507646977367813
Raly,0.009877890074087327,0.009877890074087327,0.4834119974710964
Mtx2,-0.15455066729730133,0.15455066729730133,2.7002332345765163e-28
Mtrf1l,-0.032541405235550706,0.032541405235550706,0.020925167278916683
Fryl,-0.018041246894777267,0.018041246894777267,0.200517188481099
Bad,-0.033422683157295636,0.033422683157295636,0.017696534926550888
Necap2,-0.08003955832115298,0.08003955832115298,1.2875708727247322e-08
Pigc,-0.06665980567606744,0.06665980567606744,2.1949767065152833e-06
Gnpnat1,-0.1103697191252529,0.1103697191252529,4.0161325387636944e-15
F630043A04Rik,-0.11708126920306035,0.11708126920306035,7.732514307698368e-17
Zc3h10,-0.07517712107272778,0.07517712107272778,9.235235277878496e-08
Tbrg4,-0.07994404924588408,0.07994404924588408,1.3398984328003951e-08
F13a1,-0.007289261674736922,0.007289261674736922,0.6050449535318662
Runx2,-0.0035390407878843452,0.0035390407878843452,0.8017478577476923
Bcl2l13,-0.0814151956356664,0.0814151956356664,7.2175063798645804e-09
Pold4,-0.01972249658318644,0.01972249658318644,0.1616956766500753
Cxxc1,-0.10387231323761915,0.10387231323761915,1.4744688796117517e-13
Ccdc50,-0.07237280740022516,0.07237280740022516,2.727158355846878e-07
Rbm6,-0.05402460637846136,0.05402460637846136,0.00012521033197116904
Serf1,-0.11891905133138889,0.11891905133138889,2.5173157148738126e-17
Rdh11,-0.08090354704667305,0.08090354704667305,8.961198226586115e-09
Dnttip1,-0.1443050533684859,0.1443050533684859,7.661376670887349e-25
Nup85,-0.11458267025386927,0.11458267025386927,3.457578667853295e-16
Adap1,-0.03660608862183935,0.03660608862183935,0.009377700420015274
Tctex1d2,-0.08191538856252284,0.08191538856252284,5.833943700113661e-09
E4f1,-0.08070742041044672,0.08070742041044672,9.732838454679565e-09
Hibadh,-0.12753668671842933,0.12753668671842933,1.0323371003157467e-19
Lmbrd1,-0.06543731681936997,0.06543731681936997,3.358622585602831e-06
3110062M04Rik,-0.01254465327433103,0.01254465327433103,0.37344301940329105
Pgs1,-0.0663943612402742,0.0663943612402742,2.40886657243621e-06
Ndufa12,-0.01888568673317792,0.01888568673317792,0.18024358749446528
Golga2,-0.08512066120112151,0.08512066120112151,1.4479921224859083e-09
Dyrk1a,-0.05317547281215114,0.05317547281215114,0.00015980237115295593
Mll1,0.02295670048129618,0.02295670048129618,0.10332838104882014
Slc38a2,-0.058447715522463334,0.058447715522463334,3.321156925287125e-05
Sf3a1,-0.06877376908565355,0.06877376908565355,1.0338248918610538e-06
Ostf1,0.18772852443978863,0.18772852443978863,3.5990449123176117e-41
Plp2,0.03856526109202911,0.03856526109202911,0.006198079885938725
Snrpb,0.050740204403106816,0.050740204403106816,0.0003155428674011457
Dtx3l,-0.0534199340338978,0.0534199340338978,0.00014901760551494812
Prune,-0.11979910503441797,0.11979910503441797,1.461680595141321e-17
Smpd2,-0.06266553082342974,0.06266553082342974,8.574410262987234e-06
Vps35,-0.079872795072515,0.079872795072515,1.3802766080220061e-08
Dynlt1f,-0.0641403914467026,0.0641403914467026,5.231842257134466e-06
AI848100,-0.021736176408796486,0.021736176408796486,0.12300015961445826
Sema4a,-0.1479347947426897,0.1479347947426897,4.8851399728944634e-26
Baz2a,0.013299866716338201,0.013299866716338201,0.34535898547814775
Exoc5,-0.09149786871268482,0.09149786871268482,7.760920115019774e-11
Hace1,-0.08065698261783077,0.08065698261783077,9.941491785258985e-09
Chka,-0.02501300222814499,0.02501300222814499,0.07591783040673618
Scyl1,-0.08477084425396629,0.08477084425396629,1.6900703551841862e-09
Dtl,-0.08258545523721551,0.08258545523721551,4.378197153959284e-09
2310061I04Rik,-0.1082139214201202,0.1082139214201202,1.3596920937448684e-14
Nop56,-0.10048229619076937,0.10048229619076937,8.867682247856933e-13
Slain2,-0.07289897083690366,0.07289897083690366,2.2323816813471302e-07
Osbp,-0.023822239550268468,0.023822239550268468,0.09095906633884589
Dguok,-0.03265136914697441,0.03265136914697441,0.020496116801406283
Sipa1,-0.07276381775549742,0.07276381775549742,2.3504861563917427e-07
Syvn1,-0.08528452538885446,0.08528452538885446,1.3465569676622311e-09
Aoah,-0.10637411558224687,0.10637411558224687,3.7778137100501604e-14
1190005F20Rik,-0.07989908417886978,0.07989908417886978,1.36524344406791e-08
2810002N01Rik,-0.011795426529736391,0.011795426529736391,0.40265936746913394
Uck1,-0.06756246727060697,0.06756246727060697,1.5957994112050594e-06
Ubr5,-0.02573876074646342,0.02573876074646342,0.06779084128873436
Tbcb,0.01483504218066789,0.01483504218066789,0.2925417437216456
Hist1h3e,-0.11126172556052874,0.11126172556052874,2.407821369470658e-15
Fnbp1,-0.026235324828504127,0.026235324828504127,0.06265352793226432
Tm6sf1,-0.1178156471628604,0.1178156471628604,4.948508697437532e-17
Hps3,-0.028284092478113053,0.028284092478113053,0.044741395866280044
Pom121,-0.04311256819267667,0.04311256819267667,0.0022123562651431834
Idi1,-0.029867907280144965,0.029867907280144965,0.03404687152920674
Rassf3,-0.05772887787608353,0.05772887787608353,4.147262548030284e-05
Rbm14,-0.15429414668126346,0.15429414668126346,3.317639488088184e-28
Cwc25,0.01941574303410325,0.01941574303410325,0.16832010363732036
Nt5c2,-0.09532108277943864,0.09532108277943864,1.2168352789314772e-11
Rps6ka2,-0.045292980899089286,0.045292980899089286,0.0013041797405873475
Gstm4,-0.10798953137701696,0.10798953137701696,1.5416019157686128e-14
Nudt4,0.010644765350511242,0.010644765350511242,0.45010660936006497
Tnip1,-0.10507227275856586,0.10507227275856586,7.704022023825205e-14
Stk19,-0.013171010766843011,0.013171010766843011,0.3500530552231739
Cox4i1,0.30146164006367904,0.30146164006367904,2.639487917847707e-106
Tfip11,-0.09566829439474653,0.09566829439474653,1.0246112667962954e-11
Etfdh,-0.10696267065873652,0.10696267065873652,2.7295388522124088e-14
D16H22S680E,-0.042975201786730616,0.042975201786730616,0.002285536157354671
Cltc,-0.02019184029697135,0.02019184029697135,0.15194363277590456
Sec22a,-0.080564761246919,0.080564761246919,1.033429211050321e-08
Xdh,-0.025025366221717697,0.025025366221717697,0.07577300553625199
Dapk2,-0.10449537122765269,0.10449537122765269,1.0535475012607276e-13
Gnaq,-0.013519814159101489,0.013519814159101489,0.3374397154671975
Ppp4r1,-0.0446427355108783,0.0446427355108783,0.0015304058436036584
Fcho1,-0.09732990700986276,0.09732990700986276,4.4619507819741666e-12
Hsp90ab1,0.08515610608998873,0.08515610608998873,1.425438689057745e-09
Asb8,-0.06697093016717358,0.06697093016717358,1.967460151470899e-06
Golph3l,-0.07840044669384975,0.07840044669384975,2.534771459837359e-08
Rnf126,-0.15474048068943957,0.15474048068943957,2.3180883060945867e-28
Shcbp1,-0.12062018678348711,0.12062018678348711,8.770263239483567e-18
Btg1,0.043554305471501686,0.043554305471501686,0.0019913362175819015
Uqcrc1,-0.05894656825497081,0.05894656825497081,2.8424905557645452e-05
Oxa1l,-0.10143587169405276,0.10143587169405276,5.385340556455189e-13
Ankrd16,-0.01817645250769394,0.01817645250769394,0.19716377200094654
Dock8,-0.034300327258311655,0.034300327258311655,0.01492362596909341
Arhgdib,0.30402744126297354,0.30402744126297354,3.5339791342974e-108
Il3ra,-0.10267966784844129,0.10267966784844129,2.7903916736433956e-13
Tbl3,-0.11419647331577647,0.11419647331577647,4.3456884297544937e-16
Gga1,-0.1424325748772295,0.1424325748772295,3.083886025888093e-24
C5ar1,-0.0038922889320780613,0.0038922889320780613,0.7824344672431524
Tfam,-0.05625431021471598,0.05625431021471598,6.49002563554562e-05
Dhx36,0.005131457705798373,0.005131457705798373,0.7158096465582611
Gng2,-0.026162951798609002,0.026162951798609002,0.0633816131394469
Syap1,-0.047585861729906004,0.047585861729906004,0.000730162730381838
Taf4a,-0.01723105393819915,0.01723105393819915,0.2214864203993597
Rpe,-0.10128595295815718,0.10128595295815718,5.826389361600223e-13
C80913,-0.10842437658993732,0.10842437658993732,1.2083515542973823e-14
Tep1,-0.004721169601903269,0.004721169601903269,0.7376586860063923
Poldip2,-0.1046166757551217,0.1046166757551217,9.865800047721902e-14
Eral1,-0.14719561858227181,0.14719561858227181,8.605784347622986e-26
Itm2c,-0.09498015365293502,0.09498015365293502,1.439775405660752e-11
Cflar,0.007133583292597185,0.007133583292597185,0.6127766650921611
Hgs,-0.061479738574747395,0.061479738574747395,1.2657534223663298e-05
Tacc1,-0.030273699216909422,0.030273699216909422,0.03168790932376926
Mcm7,-0.11679886898986433,0.11679886898986433,9.173607460162992e-17
Zfp161,-0.07816839979049317,0.07816839979049317,2.7868462151382026e-08
2900053A13Rik,-0.043444580840269344,0.043444580840269344,0.0020442598806751046
Phactr2,-0.08812455324725373,0.08812455324725373,3.743185170305888e-10
Cant1,-0.11730613959710848,0.11730613959710848,6.746722126886541e-17
Glul,-0.09935846751604979,0.09935846751604979,1.5866943055487946e-12
Nnt,-0.2391830258261186,0.2391830258261186,1.8836962688673201e-66
Trpm7,0.03146672128717323,0.03146672128717323,0.025547127444514175
Hist1h3a,-0.09845814770677701,0.09845814770677701,2.5171325670529068e-12
Lonrf1,-0.07878309806013621,0.07878309806013621,2.16663919780159e-08
Fam134b,-0.019990896693170255,0.019990896693170255,0.1560625917300103
Asrgl1,-0.05413020119910193,0.05413020119910193,0.00012143947434595156
Slc37a4,-0.07266755775586083,0.07266755775586083,2.4382598785241805e-07
Fkbp1b,-0.04465230949652435,0.04465230949652435,0.0015268278909540396
Tmed3,0.07211488366468682,0.07211488366468682,3.0068470591489446e-07
Rad54l,-0.07173726089103169,0.07173726089103169,3.466824492038071e-07
Chtf18,-0.1157875320528502,0.1157875320528502,1.6860308897610743e-16
Npm3-ps1,-0.14803173514430146,0.14803173514430146,4.534531874567923e-26
Cep70,-0.047176305660772674,0.047176305660772674,0.0008113610573684522
Thoc6,-0.0400312346106558,0.0400312346106558,0.004493828511256906
A630001G21Rik,-0.05035039072739391,0.05035039072739391,0.0003509184677477871
Msl1,0.01913049102490509,0.01913049102490509,0.17466104470736651
Ndel1,-0.0691956327954302,0.0691956327954302,8.87255287866873e-07
Gpr77,-0.059051147566293344,0.059051147566293344,2.750823479562006e-05
Gtf3c6,-0.045865886860851544,0.045865886860851544,0.0011308614126691722
Dcakd,-0.1201361115810283,0.1201361115810283,1.1857251545477585e-17
Parp10,-0.08166159200607925,0.08166159200607925,6.5001952485652375e-09
Klraq1,-0.056356329204449135,0.056356329204449135,6.294167958567517e-05
Txnl4b,-0.05218987795565725,0.05218987795565725,0.0002111832235728665
Mgll,-0.06771326550562858,0.06771326550562858,1.512441994915883e-06
Eepd1,-0.03122764397951686,0.03122764397951686,0.02668785996337884
Tjap1,-0.08262108895001082,0.08262108895001082,4.311597821675223e-09
Pdcd2,-0.08071951135558557,0.08071951135558557,9.683455994623827e-09
U2af1,0.028544745560067253,0.028544745560067253,0.042807693975298024
Dpf2,-0.11898817846550684,0.11898817846550684,2.41244070116009e-17
Slc25a45,-0.12117571434196024,0.12117571434196024,6.1952309047759656e-18
Gm6402,-0.09220137745407066,0.09220137745407066,5.549547396266895e-11
Eps15l1,-0.08507779172558741,0.08507779172558741,1.475734657350769e-09
Ascc3,0.014752748414838993,0.014752748414838993,0.29522753109023187
Rtkn2,-0.06498839362359962,0.06498839362359962,3.919200968160409e-06
Cdk7,-0.10749443061465497,0.10749443061465497,2.0318671046996245e-14
Scfd1,-0.08851593796270474,0.08851593796270474,3.127792920099931e-10
Asxl1,-0.020011731619017276,0.020011731619017276,0.15563162054862786
Cmpk2,-0.09134958286111244,0.09134958286111244,8.326756031336189e-11
Tmem167b,-0.08920621206945667,0.08920621206945667,2.2743020506143214e-10
Lpar6,-0.04474231827364584,0.04474231827364584,0.0014935647952655383
Itpripl1,-0.07733289189801547,0.07733289189801547,3.911998738033929e-08
Tatdn1,-0.02149894068938413,0.02149894068938413,0.1271431174395333
Ttc7,-0.08050756472444912,0.08050756472444912,1.0585443452245888e-08
Gemin5,-0.05206958056381352,0.05206958056381352,0.00021842300373782638
Mbtps1,-0.10591690438637036,0.10591690438637036,4.856904723470808e-14
Tex264,-0.09213725786477911,0.09213725786477911,5.72239764899732e-11
Mepce,-0.024723239447126125,0.024723239447126125,0.07937708773301026
Pex19,-0.11736497648522269,0.11736497648522269,6.50994300097255e-17
Acaa1a,-0.09817444392270402,0.09817444392270402,2.9086246466087336e-12
Cyld,-0.030603222248206767,0.030603222248206767,0.029876755193737413
Agfg1,0.009146806986123088,0.009146806986123088,0.5163683770941666
Mrps11,-0.057743699716123024,0.057743699716123024,4.128415178749474e-05
Rest,0.044463939456796775,0.044463939456796775,0.0015986592447392609
Vapb,-0.060497772958464834,0.060497772958464834,1.7384442906589844e-05
Gnl1,-0.06481092952008198,0.06481092952008198,4.164656279703329e-06
Cchcr1,-0.07551309829908995,0.07551309829908995,8.090380798969488e-08
Atp6v1h,-0.12217471149923301,0.12217471149923301,3.3025081215390284e-18
Hcfc1,-0.008914742865800865,0.008914742865800865,0.5270678594586332
Furin,-0.032398707689282706,0.032398707689282706,0.021493587063739317
Adnp,-0.037206139229535924,0.037206139229535924,0.008276320717288736
Mtif3,-0.06002740274253772,0.06002740274253772,2.0204580623691747e-05
Drg1,-0.1244854065608404,0.1244854065608404,7.555319759768733e-19
Tmx2,-0.12549153930615373,0.12549153930615373,3.9404606167994936e-19
Abcf3,-0.07835525427796011,0.07835525427796011,2.5820631521039097e-08
Zfp410,-0.09582870410241844,0.09582870410241844,9.46174043465562e-12
Ddx54,-0.09941609006602377,0.09941609006602377,1.5403000400554402e-12
Trip11,0.011161308586930721,0.011161308586930721,0.4284260720023548
Med19,-0.06410989045493792,0.06410989045493792,5.28613854385133e-06
Fam129a,-0.009522402249337524,0.009522402249337524,0.49929289741635585
Mbnl2,-0.01552697240292966,0.01552697240292966,0.2706090535588527
Thoc1,-0.08418917509092319,0.08418917509092319,2.1824815626809887e-09
Lrrc8a,-0.054799641207629576,0.054799641207629576,9.99131330975268e-05
Mterfd2,-0.06694858855086848,0.06694858855086848,1.9830127304592927e-06
Slc10a3,-0.07748725449944131,0.07748725449944131,3.675370047174676e-08
Lpgat1,-0.052648624139430465,0.052648624139430465,0.00018559108571029656
Gns,-0.04570703003687885,0.04570703003687885,0.0011766538870773776
Nsmce1,-0.030290777880258923,0.030290777880258923,0.03159177864035903
Cyp4f18,0.06045210400267058,0.06045210400267058,1.764088365369678e-05
Rnmt,-0.09680147594727372,0.09680147594727372,5.821069416344658e-12
Poldip3,-0.1505292837481138,0.1505292837481138,6.541898551835332e-27
Myeov2,0.03753634943208006,0.03753634943208006,0.007720922648879369
Ccnl2,-0.05840808717394872,0.05840808717394872,3.362297699755685e-05
Efha1,-0.07404987363284722,0.07404987363284722,1.4338941336242055e-07
Stfa1,0.03351255246197445,0.03351255246197445,0.01739321017093951
Mast3,-0.047023785176647695,0.047023785176647695,0.0008436835123938607
1600012H06Rik,-0.06714518203923187,0.06714518203923187,1.850114989707722e-06
Cst7,-0.07285620388475332,0.07285620388475332,2.2691197248937005e-07
Zmym2,-0.010910317462489794,0.010910317462489794,0.43888400725590937
Erlin1,-0.09984941010611349,0.09984941010611349,1.2315526819316379e-12
1810012P15Rik,-0.0777714867104178,0.0777714867104178,3.275446237820652e-08
Stk25,-0.11342948935094513,0.11342948935094513,6.827299338762037e-16
Uxt,-0.0877823228864934,0.0877823228864934,4.3769675168207177e-10
Fuca2,-0.12524187862288064,0.12524187862288064,4.633522424422043e-19
2010320M18Rik,-0.03878958521386499,0.03878958521386499,0.005904340084354549
Hist1h2bg,-0.06560989044424127,0.06560989044424127,3.164294490067104e-06
Cpox,0.0007290884829049687,0.0007290884829049687,0.9587464089948334
Arl3,-0.03465270905926198,0.03465270905926198,0.013922764210340176
Sec24c,-0.06035220879293605,0.06035220879293605,1.8214433958547098e-05
Pptc7,0.003038368928748937,0.003038368928748937,0.8293274990123652
Ctbs,-0.06761565883899567,0.06761565883899567,1.5659046691300174e-06
Bms1,-0.055812536206359446,0.055812536206359446,7.40664958091358e-05
Fam38a,-0.020722575397720384,0.020722575397720384,0.14146270263578292
Rilpl2,-0.06163104427074407,0.06163104427074407,1.2048489624448115e-05
Mrpl51,0.03244672251132565,0.03244672251132565,0.021300842873066307
Rab11fip1,0.0029415782624760945,0.0029415782624760945,0.8346847152951771
Prrc2b,0.011504026537510188,0.011504026537510188,0.4143828637837247
Fam117b,-0.06222221563854768,0.06222221563854768,9.926350038020971e-06
Egr1,-0.07941504969577698,0.07941504969577698,1.669312169357637e-08
0610007P22Rik,-0.08108256088575594,0.08108256088575594,8.30901958078847e-09
Arih2,-0.043917355396977276,0.043917355396977276,0.001825059637208686
Nfe2l1,-0.03814743794160534,0.03814743794160534,0.006780474665721291
Rcn2,-0.08284005290372953,0.08284005290372953,3.923474516314597e-09
Mpo,-0.1713890364029669,0.1713890364029669,1.6735210661119763e-34
Rlim,-0.04050308006742517,0.04050308006742517,0.004043369643379753
Osbpl8,-0.02794836040193627,0.02794836040193627,0.04734015041459635
Csrp2,0.004408045691116647,0.004408045691116647,0.7544783110253739
Man2b1,-0.14826727062253728,0.14826727062253728,3.783157263709705e-26
2810025M15Rik,-0.13147453085754682,0.13147453085754682,7.361495301511437e-21
Shoc2,-0.060970574726970504,0.060970574726970504,1.4930066912635153e-05
Med24,-0.11624697851523555,0.11624697851523555,1.279582983983474e-16
Ntan1,-0.06741919523907658,0.06741919523907658,1.679074382142785e-06
Ankrd44,-0.050122540962418104,0.050122540962418104,0.0003732789949238294
Bin1,-0.10696348998811013,0.10696348998811013,2.728300768922136e-14
Parp1,-0.060288991174235924,0.060288991174235924,1.8586528285019867e-05
6530401N04Rik,-0.07743439476313407,0.07743439476313407,3.754794383039924e-08
Tnks2,-0.037838440777173084,0.037838440777173084,0.007242317290201148
Atf7ip,-0.025478046206817602,0.025478046206817602,0.07062384625825821
Snhg4,-0.06998398418455008,0.06998398418455008,6.65188275524472e-07
Ckap5,-0.003734183280930589,0.003734183280930589,0.7910628973851864
Thap3,-0.022501723508932932,0.022501723508932932,0.1103469590669192
Zdhhc13,-0.08528015693702101,0.08528015693702101,1.3491690042949783e-09
Nop16,-0.08831269411597874,0.08831269411597874,3.433891203297563e-10
Ccno,-0.0159026420142086,0.0159026420142086,0.25918535403438026
Litaf,-0.06421975315478667,0.06421975315478667,5.09305683436896e-06
1110012L19Rik,-0.01877478567188325,0.01877478567188325,0.182815766360677
Slc9a1,-0.04019099379716777,0.04019099379716777,0.00433645945630461
Wipf2,0.012146699679765366,0.012146699679765366,0.38879445896492454
Morn2,-0.06074882005510925,0.06074882005510925,1.6036983674626895e-05
Foxk2,-0.052310022863978775,0.052310022863978775,0.00020417794493468274
Srf,-0.027801507018562596,0.027801507018562596,0.04851614558556666
1110004E09Rik,-0.08035636435939315,0.08035636435939315,1.1278266599338021e-08
Pctp,-0.08427396916381287,0.08427396916381287,2.1028514138208324e-09
Yme1l1,-0.10479740737621651,0.10479740737621651,8.944930549318142e-14
Ogfod2,-0.08771910194178252,0.08771910194178252,4.504996937180209e-10
Ssbp2,-0.03492660876458097,0.03492660876458097,0.013186215060544784
Katnb1,-0.10986787835574527,0.10986787835574527,5.345966940140496e-15
Atg2a,-0.03559512871018812,0.03559512871018812,0.011531238510129018
Whsc1,0.004716482200493206,0.004716482200493206,0.7379095716499077
Msl2,-0.021705222748756067,0.021705222748756067,0.12353466130968135
Ubxn4,-0.005715793914556887,0.005715793914556887,0.6850933520112716
Zmynd8,-0.024764774443205663,0.024764774443205663,0.07887350478296994
Tbc1d10a,-0.05306294692164586,0.05306294692164586,0.00016500963931522202
Mrpl50,-0.08244242854162684,0.08244242854162684,4.65572876078015e-09
BC017643,-0.09087259152675989,0.09087259152675989,1.0434202346445909e-10
Mxd3,-0.031993161950501184,0.031993161950501184,0.0231830060055065
Peo1,-0.05523211237136875,0.05523211237136875,8.797929190017427e-05
Siglec5,-0.11329604072394373,0.11329604072394373,7.38328591378328e-16
Mtf2,-0.04450158527557488,0.04450158527557488,0.0015840597512861657
2700049A03Rik,-0.02419732947753891,0.02419732947753891,0.08598222908667977
Uso1,-0.07420270415967598,0.07420270415967598,1.3513656951554141e-07
Amn1,-0.011336663135667191,0.011336663135667191,0.4212064515660076
Rnf34,-0.11074395262131025,0.11074395262131025,3.2419731910180506e-15
Tkt,0.244196782431668,0.244196782431668,2.834399889583505e-69
Gripap1,-0.02653340276711683,0.02653340276711683,0.05972732468785543
Mthfd1,-0.11965560048425128,0.11965560048425128,1.5976014921452737e-17
Batf,-0.08239898212191646,0.08239898212191646,4.74337042729033e-09
Mapk1ip1l,-0.08506705992225845,0.08506705992225845,1.4827602795937716e-09
Slc7a1,-0.007012000984794494,0.007012000984794494,0.6188451770515002
Rab10,-0.0495241583039766,0.0495241583039766,0.00043850400479471843
1700012B15Rik,-0.03674222476778513,0.03674222476778513,0.009116956206844516
Vps29,-0.04447229156820953,0.04447229156820953,0.001595409549434763
Sptlc1,-0.10227013516195793,0.10227013516195793,3.4678774728077055e-13
Rpl21,0.34221101980570684,0.34221101980570684,2.3170216093317646e-138
Hdac3,-0.11583078431892263,0.11583078431892263,1.6428883834663243e-16
Hdac4,-0.02806832487441994,0.02806832487441994,0.04639735016987912
Tmem183a,-0.1045074676721594,0.1045074676721594,1.0466739246748849e-13
1600010M07Rik,0.024426757213050824,0.024426757213050824,0.08304809263348865
Rac2,0.2816461698691513,0.2816461698691513,1.804942882625246e-92
Rbm22,-0.13802566004667405,0.13802566004667405,7.596940122819144e-23
Aldh4a1,-0.12220018863447295,0.12220018863447295,3.2497258637332975e-18
Mtfr1,-0.08228565248937098,0.08228565248937098,4.979604498635861e-09
Rufy1,-0.06241048694538888,0.06241048694538888,9.329031997535994e-06
Hnrnph1,-0.11735494934109335,0.11735494934109335,6.549708233036718e-17
Smyd3,-0.09802986163544096,0.09802986163544096,3.130503966457517e-12
Ss18,-0.14716749414832753,0.14716749414832753,8.792696433895204e-26
Prr13,0.021896942393138358,0.021896942393138358,0.12025307552496498
Kpna4,-0.06873178470087356,0.06873178470087356,1.0496249879942881e-06
2410091C18Rik,-0.06715082786105361,0.06715082786105361,1.8464277239822305e-06
Pcmt1,-0.10861895097272514,0.10861895097272514,1.0832412713498761e-14
Ints3,-0.11677527010761607,0.11677527010761607,9.305382039917023e-17
Fam43a,-0.1005399595014669,0.1005399595014669,8.605371040448399e-13
Pex6,-0.08772832466921447,0.08772832466921447,4.486094776946785e-10
Cnot1,-0.02727430926157377,0.02727430926157377,0.05294185529806159
Ascc1,-0.06015971596174501,0.06015971596174501,1.937009114544582e-05
Leprot,-0.08836577706098996,0.08836577706098996,3.351234721421325e-10
Dzip3,-0.03562969070512614,0.03562969070512614,0.011450922117305808
Pdxk,-0.06743977298060792,0.06743977298060792,1.666862129932299e-06
Gabpb1,-0.1414152045135319,0.1414152045135319,6.5209545759626606e-24
Slc28a2,-0.17979347032611123,0.17979347032611123,7.482844816996643e-38
Ubap1,-0.04100810351204528,0.04100810351204528,0.0036069750005360396
Mitd1,-0.04781859096200654,0.04781859096200654,0.0006874519567276815
Armc8,-0.08424005629359707,0.08424005629359707,2.134353550249384e-09
Dnajc15,-0.003109581355015247,0.003109581355015247,0.8253910442916241
Acvrl1,0.02661388484273122,0.02661388484273122,0.05895696345994178
Thoc5,-0.09327434789390948,0.09327434789390948,3.311411260829927e-11
Atp1a1,-0.12435800543245396,0.12435800543245396,8.201377489755027e-19
Mgam,-0.04717891641153016,0.04717891641153016,0.0008108179174929044
Mgmt,-0.0522924746425419,0.0522924746425419,0.0002051873377751709
Kcnip3,-0.0747607025147497,0.0747607025147497,1.087302993235407e-07
Cdc5l,-0.022730993343601208,0.022730993343601208,0.10676452180755444
Lrrc33,-0.13737668351491128,0.13737668351491128,1.2072402821721892e-22
Bod1l,0.05425690487109296,0.05425690487109296,0.00011705607109630099
Med30,-0.03253234942593627,0.03253234942593627,0.02096084692623299
Fnbp4,-0.030756289164968347,0.030756289164968347,0.029066180136940022
Mrpl13,-0.06563128952807412,0.06563128952807412,3.140962983256888e-06
D930014E17Rik,-0.0821454693014608,0.0821454693014608,5.287684145538575e-09
1500011H22Rik,-0.08140278890484517,0.08140278890484517,7.255590439481831e-09
1700017B05Rik,-0.10971660756520041,0.10971660756520041,5.825848986777312e-15
Snx27,-0.052466921437174394,0.052466921437174394,0.00019535792704155694
E130303B06Rik,-0.0838055987897009,0.0838055987897009,2.5809228652136418e-09
Hist1h4d,-0.006586073776542335,0.006586073776542335,0.6403079183290172
Dhrs1,-0.00016804780651546972,0.00016804780651546972,0.9904874344731648
Ppp1r8,-0.07548588534235369,0.07548588534235369,8.177746280690296e-08
Dhps,-0.0850573314191646,0.0850573314191646,1.4891572409629079e-09
Arhgap18,-0.08768068965470598,0.08768068965470598,4.584563002077586e-10
Chek2,-0.039918886647463424,0.039918886647463424,0.0046075742938339265
Brix1,-0.0903627756445171,0.0903627756445171,1.3262743182457875e-10
Exosc7,-0.0478035102122973,0.0478035102122973,0.000690147674277127
Cops2,-0.14451024513282842,0.14451024513282842,6.56962029365126e-25
Slc6a12,-0.0647756724333606,0.0647756724333606,4.215144333860675e-06
Add1,0.006965671519921392,0.006965671519921392,0.6211644935288203
Rinl,-0.13242700057810083,0.13242700057810083,3.8394204376973515e-21
Pak1,-0.1156448669614745,0.1156448669614745,1.8364023640409912e-16
B4galt3,-0.07192053609336316,0.07192053609336316,3.235685028221889e-07
Polr2d,-0.05637780148663231,0.05637780148663231,6.2536639395226e-05
Usp37,-0.05648025721795739,0.05648025721795739,6.0637711317952e-05
Ccdc90b,-0.09055005137365041,0.09055005137365041,1.2145973383863937e-10
Zfp276,-0.024671861479137653,0.024671861479137653,0.08000362259326903
Aimp2,-0.0921883911516857,0.0921883911516857,5.584137746852302e-11
Fam45a,-0.07218212496406066,0.07218212496406066,2.931373139316075e-07
Nos1ap,0.004414251458028661,0.004414251458028661,0.7541438013897891
Trim28,-0.18929435167553957,0.18929435167553957,7.647424528147885e-42
Iars,-0.11356151661022273,0.11356151661022273,6.317875508683904e-16
Plec,0.023158495978843608,0.023158495978843608,0.10033122557790644
9830166K06Rik,0.049121312005906144,0.049121312005906144,0.00048824711719302696
Prrg2,-0.06581462348464014,0.06581462348464014,2.9477222548027473e-06
Rap2c,-0.048039361769393704,0.048039361769393704,0.0006490922777174176
Man2a1,-0.04356850075124616,0.04356850075124616,0.0019845819998216474
Sclt1,-0.05652486277226653,0.05652486277226653,5.982815532408124e-05
Snip1,-0.06521694464244647,0.06521694464244647,3.623451300129747e-06
4930427A07Rik,-0.06672652785571004,0.06672652785571004,2.144152128643172e-06
Trafd1,-0.0650279805050566,0.0650279805050566,3.866370136323526e-06
2410001C21Rik,-0.055077451574465135,0.055077451574465135,9.208339629612716e-05
Zfp64,-0.08684567531470314,0.08684567531470314,6.695538757103048e-10
E2f2,0.045830880453109506,0.045830880453109506,0.001140808623773686
Pdia4,-0.15439624025233545,0.15439624025233545,3.0567212241525057e-28
Xrcc1,-0.13451968222922056,0.13451968222922056,9.03378098126876e-22
Ankrd9,-0.015762168670177296,0.015762168670177296,0.2634172718640134
Dcaf10,-0.06784702064816456,0.06784702064816456,1.4420214641788653e-06
Mms22l,-0.1251070254072359,0.1251070254072359,5.05661044793968e-19
Synj1,0.024469218088803896,0.024469218088803896,0.08251406114844252
Dapp1,-0.06989317351354388,0.06989317351354388,6.877385141883924e-07
Gypa,0.1493780039222713,0.1493780039222713,1.6035890022609408e-26
Tmem129,-0.1030446103343606,0.1030446103343606,2.2973709321681947e-13
Alg13,-0.06545787454580515,0.06545787454580515,3.3348867200297534e-06
Sec23a,-0.08497273242558544,0.08497273242558544,1.5459306236182862e-09
St6galnac4,-0.10580043813407113,0.10580043813407113,5.1770374303435586e-14
Ralgapa1,-0.04001297192692373,0.04001297192692373,0.004512143562161889
Gpn1,-0.10251122823395212,0.10251122823395212,3.0516596000689545e-13
Ttc32,-0.09796500266947213,0.09796500266947213,3.2353507352780523e-12
Mettl1,-0.07143506109639597,0.07143506109639597,3.8831480666262125e-07
Naa30,-0.09456647440694163,0.09456647440694163,1.7644303575835572e-11
Nrf1,-0.10249489913585992,0.10249489913585992,3.0782296506347395e-13
Bcl2,-0.044217815197151164,0.044217815197151164,0.00169720129306309
Sec31a,-0.09627302149133397,0.09627302149133397,7.583496141720179e-12
Cyb561d2,-0.07305287933901335,0.07305287933901335,2.1048652456125577e-07
Zfp592,-0.03433135818645793,0.03433135818645793,0.014833012782713283
Atxn2l,-0.027699552322508904,0.027699552322508904,0.0493469390811898
Acat2,-0.07165972463326326,0.07165972463326326,3.5693352131063797e-07
Cldn1,-0.03236477212233364,0.03236477212233364,0.021630727386665702
Nup35,-0.09189822950576294,0.09189822950576294,6.414386987683261e-11
Foxp4,-0.09304328604154509,0.09304328604154509,3.70269186874733e-11
ORF61,0.00035098720645772535,0.00035098720645772535,0.980133492867778
Papss1,-0.08348027148748097,0.08348027148748097,2.973645403495695e-09
Prpf4,-0.06114524557524935,0.06114524557524935,1.4109849729895974e-05
Ddx39,-0.057246117795786505,0.057246117795786505,4.807714633261645e-05
Ddx11,-0.08785145935572097,0.08785145935572097,4.2410221432770224e-10
Rnpc3,-0.031209280314940413,0.031209280314940413,0.026777271366145588
Stil,-0.04148215859944656,0.04148215859944656,0.0032367690279992583
3110002H16Rik,-0.10505058556770723,0.10505058556770723,7.795448498188212e-14
Alcam,-0.011517821273868785,0.011517821273868785,0.41382336820657256
Smarcd2,-0.13823933889281784,0.13823933889281784,6.519225545558157e-23
Sp1,-0.004930792353472065,0.004930792353472065,0.7264678906273698
Bclaf1,-0.03089223901999709,0.03089223901999709,0.02836218731535339
Aifm2,-0.07192519442504096,0.07192519442504096,3.2300084423177215e-07
Pex3,-0.06450334665976513,0.06450334665976513,4.62535511843769e-06
Ptpn11,0.021633049494731504,0.021633049494731504,0.12478797487297807
Slc25a19,-0.05318565490807781,0.05318565490807781,0.00015933888911587462
Sf3b5,0.013527068527240269,0.013527068527240269,0.33718052297964834
Braf,-0.04164966471964957,0.04164966471964957,0.0031144669863161535
Bola1,-0.05760866077310402,0.05760866077310402,4.303174044523623e-05
Tm9sf2,-0.09880680882757219,0.09880680882757219,2.1062318998211903e-12
Pcnx,-0.04510657999047761,0.04510657999047761,0.001365653785178663
Tada3,-0.07740209268008784,0.07740209268008784,3.804146300433916e-08
Pecr,-0.08256558462054073,0.08256558462054073,4.4157688496661975e-09
4930455F23Rik,-0.03880618968893132,0.03880618968893132,0.0058831042768332014
Rbck1,-0.12593732317745246,0.12593732317745246,2.948193993448126e-19
Hscb,-0.07351002308793135,0.07351002308793135,1.766246671565643e-07
Dtd1,-0.045170115271434254,0.045170115271434254,0.0013444062207085836
Spopl,-0.030014141687605588,0.030014141687605588,0.033180032494970056
C2cd3,-0.051316167240329356,0.051316167240329356,0.00026933558893727866
Nfatc1,-0.019342522199213914,0.019342522199213914,0.16993102544881838
Wbp11,-0.11728250771063567,0.11728250771063567,6.844196983818778e-17
Znrf2,-0.04220184176880278,0.04220184176880278,0.0027405334181768034
Spen,0.024083056582556234,0.024083056582556234,0.08747459068843091
Arhgap25,-0.04058590485231981,0.04058590485231981,0.003968665364345396
Bre,-0.15414539358054935,0.15414539358054935,3.7378084683020646e-28
Suv39h2,-0.09520496875615186,0.09520496875615186,1.2886780250474601e-11
Coq7,-0.099412920448449,0.099412920448449,1.5428170814691772e-12
Sav1,-0.022129529270049998,0.022129529270049998,0.11636403008791453
Tmem164,-0.11144319584216789,0.11144319584216789,2.1687287159782738e-15
Rmi1,-0.10338961546709664,0.10338961546709664,1.9104599176607065e-13
Atxn3,-0.026398775065784263,0.026398775065784263,0.06103460930357819
Kif23,-0.08435203744202645,0.08435203744202645,2.0320439511780094e-09
Eaf1,-0.09029642262214163,0.09029642262214163,1.368200601948034e-10
Dlg1,-0.03417422305900399,0.03417422305900399,0.015296897648512466
Bbx,-0.0016549145564391879,0.0016549145564391879,0.9065339126306776
Spag9,0.013815684708504953,0.013815684708504953,0.3269723909508125
Aurkaip1,0.06566633183600253,0.06566633183600253,3.103112067349161e-06
Rab11a,-0.015126745160844144,0.015126745160844144,0.283153999366267
E2f1,-0.09621403368757998,0.09621403368757998,7.81003593807071e-12
Inpp1,-0.06814584852373902,0.06814584852373902,1.2958985167190906e-06
Fam117a,-0.04049510389188497,0.04049510389188497,0.004050630743214641
Sac3d1,-0.10159085030235532,0.10159085030235532,4.963872844220838e-13
Pygo2,-0.06771266886121716,0.06771266886121716,1.5127634048976783e-06
Atp6v1a,-0.051038408195419424,0.051038408195419424,0.00029076487723694655
Aktip,-0.04590182433536372,0.04590182433536372,0.001120733069768244
Bop1,-0.1221297960354522,0.1221297960354522,3.397630363071099e-18
Stxbp3a,-0.10640121812304851,0.10640121812304851,3.7218389034946113e-14
Nol7,0.016410650036425726,0.016410650036425726,0.2442751228738976
Ylpm1,-0.0013941458353988485,0.0013941458353988485,0.9212091408443371
Nop14,-0.07430210122377753,0.07430210122377753,1.300177011390869e-07
Brp44l,0.026936852048491958,0.026936852048491958,0.05594805261266989
Fam63a,-0.07282169666808606,0.07282169666808606,2.2991874696695139e-07
Ythdc1,0.0363896325198785,0.0363896325198785,0.009805992613545193
Zfp26,-0.022221288384631308,0.022221288384631308,0.1148571911394805
Plod1,-0.1277635155670002,0.1277635155670002,8.886220544667733e-20
Atg4d,-0.06693511742203354,0.06693511742203354,1.9924473177169403e-06
Agfg2,-0.01573636342149075,0.01573636342149075,0.26419983728520485
Fpr1,0.04650952511394876,0.04650952511394876,0.0009616746780000796
Casc3,-0.03935494264300902,0.03935494264300902,0.005218883271654612
Fbxo38,-0.027206454762435016,0.027206454762435016,0.0535352446362728
Plcb2,-0.03586968308408968,0.03586968308408968,0.010906779432351908
Pibf1,-0.02963297952231969,0.02963297952231969,0.03547996757023914
Thyn1,-0.05988371462974572,0.05988371462974572,2.1149535495170508e-05
Hmgcr,-0.055817223767395834,0.055817223767395834,7.396310867581909e-05
Fam100b,-0.1023620466527203,0.1023620466527203,3.303012711667302e-13
Pigq,-0.06135465424823289,0.06135465424823289,1.3183096702425783e-05
Mecp2,-0.073321164160327,0.073321164160327,1.8992193628780118e-07
Btbd2,-0.11164843775089253,0.11164843775089253,1.9264057026135424e-15
Zfp120,-0.024850458286157538,0.024850458286157538,0.07784285610012118
C330006K01Rik,-0.09096820661233174,0.09096820661233174,9.973740390809248e-11
Mpg,-0.026163748192734974,0.026163748192734974,0.06337356340807983
Dusp11,-0.025725644200266528,0.025725644200266528,0.0679311025605177
Wdyhv1,-0.06560032475889233,0.06560032475889233,3.1747776592585323e-06
Ttc9c,-0.06880903649482178,0.06880903649482178,1.020729706768395e-06
Slfn1,0.05064224465960034,0.05064224465960034,0.00032410449195954897
Lin54,-0.056526932972096586,0.056526932972096586,5.979083237843949e-05
Abt1,-0.046047238488097435,0.046047238488097435,0.0010806007340294444
Clpx,-0.12896473657481655,0.12896473657481655,3.9993890285276534e-20
Top2a,0.056337152525688515,0.056337152525688515,6.330551446420535e-05
Actr6,-0.0331469517733908,0.0331469517733908,0.01865628732204
Csgalnact2,-0.11864642387464183,0.11864642387464183,2.976591945614394e-17
Slc9a3r2,-0.06447694796595568,0.06447694796595568,4.667092831949753e-06
Hsd17b12,-0.1594013180792424,0.1594013180792424,5.145664244686865e-30
Bnip1,-0.06500953353978423,0.06500953353978423,3.890903136832056e-06
Unc45a,-0.04971949385801596,0.04971949385801596,0.0004161254445664371
Slc12a6,-0.042866837607419724,0.042866837607419724,0.00234482239783541
Gbe1,-0.2055113033379921,0.2055113033379921,3.673832504713645e-49
Prkrir,-0.06218706294172634,0.06218706294172634,1.0041849742375084e-05
Klf1,0.06808330589894725,0.06808330589894725,1.3252510835353982e-06
Lins,-0.05814970959408296,0.05814970959408296,3.642636869593688e-05
Fam58b,-0.07674036210328421,0.07674036210328421,4.965187154163093e-08
Cdc27,-0.035918453219171184,0.035918453219171184,0.010799052405959362
D10Jhu81e,-0.1041927544908619,0.1041927544908619,1.240693480250656e-13
Gyk,-0.05230940903327948,0.05230940903327948,0.00020421317430219178
Ncoa7,0.014942585369545335,0.014942585369545335,0.2890566985637215
Urgcp,-0.05600025031214815,0.05600025031214815,7.003136684377375e-05
2410002F23Rik,-0.0761445517977934,0.0761445517977934,6.299120818171954e-08
Dnaja3,-0.148810613830349,0.148810613830349,2.4880904140287448e-26
Nhsl2,0.06736317613981666,0.06736317613981666,1.7127571189975346e-06
Ncoa5,-0.08753960535304361,0.08753960535304361,4.888739513230592e-10
Slc30a6,-0.06546411037641608,0.06546411037641608,3.3277187029509035e-06
Nudt8,-0.06967590067276824,0.06967590067276824,7.447204523635956e-07
5930434B04Rik,-0.059430347805633846,0.059430347805633846,2.4414537650566365e-05
Ncapg2,-0.018043873571486797,0.018043873571486797,0.20045164677481508
Ssr1,-0.10198367732725164,0.10198367732725164,4.0352644829949813e-13
Mylpf,-0.008117358947285231,0.008117358947285231,0.5646739336745936
Mus81,-0.08123026533203649,0.08123026533203649,7.805856917994025e-09
Myo1g,-0.12366962472814473,0.12366962472814473,1.2758231113422417e-18
Usp48,-0.06714409997654268,0.06714409997654268,1.8508224881510429e-06
2510039O18Rik,-0.1722397326277547,0.1722397326277547,7.802688015697029e-35
Tmem2,-0.016019265033132214,0.016019265033132214,0.25570790674371513
Mex3c,-0.01979379650941848,0.01979379650941848,0.16018450344073207
Dgcr2,-0.08895785301012282,0.08895785301012282,2.5512952221986507e-10
Arfip2,-0.09105027004281817,0.09105027004281817,9.594425282949162e-11
Zc3hc1,-0.09451317820586318,0.09451317820586318,1.8111501737601618e-11
Crat,-0.07987511811914036,0.07987511811914036,1.3789417477511414e-08
Triap1,-0.06446565017504124,0.06446565017504124,4.685065219752288e-06
Zfp959,-0.045149643270719984,0.045149643270719984,0.001351218973288774
Srpr,-0.0679546327967618,0.0679546327967618,1.3876635846869339e-06
Mycbp2,0.05765361585739335,0.05765361585739335,4.244231405624334e-05
Acads,-0.1140418495999321,0.1140418495999321,4.761202586906594e-16
Cyfip1,-0.03907453296790266,0.03907453296790266,0.005549326627491433
2810013P06Rik,-0.017081701626766876,0.017081701626766876,0.2255174722513183
Rev3l,-0.036779339408992154,0.036779339408992154,0.009047001466048768
Nudt19,-0.03648760515889244,0.03648760515889244,0.009610025420903263
Arhgap4,-0.005038949413456377,0.005038949413456377,0.7207164499644907
Spg7,-0.06774804862055908,0.06774804862055908,1.4938174961310376e-06
Icam2,-0.12151562901007062,0.12151562901007062,5.0043530873861915e-18
Mdn1,-0.03633793094188812,0.03633793094188812,0.009910835739731136
Decr1,-0.10123268420942162,0.10123268420942162,5.991485454637328e-13
Arhgap1,-0.10243777322893097,0.10243777322893097,3.172982175843616e-13
Cep192,-0.036314816916149704,0.036314816916149704,0.009958029631004704
Wdr37,-0.05496205760206055,0.05496205760206055,9.52625548271286e-05
Ncstn,-0.08407964001309445,0.08407964001309445,2.289703490402035e-09
Cbr4,-0.0765480531041611,0.0765480531041611,5.362605572329752e-08
Kdelc1,-0.10748299675593513,0.10748299675593513,2.0448353580977614e-14
2610019E17Rik,-0.050023983975300626,0.050023983975300626,0.0003833577979297037
Ccdc126,-0.06738759596106449,0.06738759596106449,1.6979950968075342e-06
Slc35a2,-0.0857720181596712,0.0857720181596712,1.0840339357261644e-09
Rnf114,-0.11032226947815031,0.11032226947815031,4.1264549873602566e-15
Ddx26b,-0.062447630608967776,0.062447630608967776,9.215314989613178e-06
Psmc5,-0.07045178492669499,0.07045178492669499,5.59858704376476e-07
Phldb3,-0.11377887439363306,0.11377887439363306,5.559576521565461e-16
Gtl3,-0.08744138056996462,0.08744138056996462,5.112046652765733e-10
Polr2c,-0.05853296107707841,0.05853296107707841,3.23427234080645e-05
Cnot4,0.03209308153733149,0.03209308153733149,0.0227564007670262
Cdca5,-0.08768441927886494,0.08768441927886494,4.576777857267887e-10
Ap3b1,-0.04903308421171412,0.04903308421171412,0.0004998216715470772
Brca2,0.022016165481913073,0.022016165481913073,0.11824704497966065
Pqlc3,-0.07763510492212236,0.07763510492212236,3.461770318686901e-08
Pomp,0.046849269442043366,0.046849269442043366,0.0008821299689122876
Rnf2,-0.11536413036253304,0.11536413036253304,2.1719226722278826e-16
Arpc5,0.15708552475142085,0.15708552475142085,3.4629433687847887e-29
Sip1,-0.08230546365820789,0.08230546365820789,4.937498851197797e-09
Trf,-0.04239197333675375,0.04239197333675375,0.0026215844446409566
Slc25a10,-0.12925934200235656,0.12925934200235656,3.2844079267311273e-20
Herc1,0.04455171676421737,0.04455171676421737,0.0015648086537429994
Casd1,-0.10578741142158361,0.10578741142158361,5.214108846837933e-14
Cd9,0.1986551955083188,0.1986551955083188,5.467197921133556e-46
Ccdc117,-0.07398604099620099,0.07398604099620099,1.4697881363628415e-07
Wrn,0.032936091739593255,0.032936091739593255,0.01942066104243789
Hba-a1,0.15497583356185266,0.15497583356185266,1.917972404449562e-28
Tmem184b,-0.07215518041532487,0.07215518041532487,2.9613944076747065e-07
Snap47,-0.01733212060395222,0.01733212060395222,0.2187880544116198
Cnot7,-0.0680402556064376,0.0680402556064376,1.3458258277769686e-06
Cog3,-0.07330884149618998,0.07330884149618998,1.908223854686393e-07
B4galt4,-0.1114365601104836,0.1114365601104836,2.1770446814491256e-15
Frg1,-0.06620137918724561,0.06620137918724561,2.5767788745044347e-06
Fam103a1,-0.014554424721554247,0.014554424721554247,0.3017677936719323
Fam193a,0.035690415895864025,0.035690415895864025,0.01131100836993921
Mrpl37,-0.10115508040788186,0.10115508040788186,6.240249580779739e-13
1110020G09Rik,-0.11513093599888324,0.11513093599888324,2.496001321627621e-16
Klf10,-0.0669438894024574,0.0669438894024574,1.986298924575761e-06
4930455C21Rik,-0.07675241279015053,0.07675241279015053,4.9412575328991244e-08
Dr1,-0.11134061366653734,0.11134061366653734,2.300853240042968e-15
Etf1,-0.11481229323695284,0.11481229323695284,3.017033725610054e-16
Cog1,-0.10976214306302362,0.10976214306302362,5.677101303197567e-15
Napg,-0.018542176791691733,0.018542176791691733,0.1882989490155335
Rprd2,-0.019775914754153585,0.019775914754153585,0.1605624935142375
Zrsr2,-0.026768939608426627,0.026768939608426627,0.0574960472380039
Dtwd2,-0.09055612407545147,0.09055612407545147,1.2111343174689765e-10
Lilrb4,0.04375483028112947,0.04375483028112947,0.0018978526792486302
Mapk9,-0.09379290012037858,0.09379290012037858,2.5747266726835488e-11
Cops7a,-0.11039193660788339,0.11039193660788339,3.965478864543894e-15
Eif2ak1,-0.04356594864983825,0.04356594864983825,0.0019857947562475324
Sec16a,-0.04532673640700034,0.04532673640700034,0.0012933242115370518
Mfn1,-0.06970150544520104,0.06970150544520104,7.377761501153983e-07
Hipk3,-0.037314936930584366,0.037314936930584366,0.008089501889895266
Gdap2,-0.06901958032078666,0.06901958032078666,9.458110980444724e-07
Tmem205,0.025965591909874616,0.025965591909874616,0.06540267171500602
Chm,-0.006648028117594968,0.006648028117594968,0.6371666725701715
Epm2aip1,-0.04167777636592461,0.04167777636592461,0.003094359415555369
Ttc7b,-0.011594379709477881,0.011594379709477881,0.410726396004426
Tbc1d7,-0.07148266666966388,0.07148266666966388,3.814505921540872e-07
Dach1,-0.00545561934357551,0.00545561934357551,0.6987091255292203
Eif1ax,-0.06791003836027583,0.06791003836027583,1.4099460899224185e-06
Dtx3,-0.07442419343259206,0.07442419343259206,1.2398631441587847e-07
Gfpt1,-0.04809029309820053,0.04809029309820053,0.0006405299602974772
Ctps,-0.12416568600710462,0.12416568600710462,9.281298036288688e-19
Kbtbd4,-0.09838852582330003,0.09838852582330003,2.608130877374203e-12
Trub2,-0.06369522997057098,0.06369522997057098,6.0799573967158575e-06
Sdcbp,0.0021248165615308217,0.0021248165615308217,0.8801730255310906
9530008L14Rik,-0.007453499263950433,0.007453499263950433,0.5969358887673263
2310030N02Rik,-0.07459942365795764,0.07459942365795764,1.1580054319893945e-07
Mff,-0.03408738267729656,0.03408738267729656,0.015558701931019542
Tspan33,0.05724450452254745,0.05724450452254745,4.810080261901339e-05
Twistnb,-0.038900708825022244,0.038900708825022244,0.00576352741851906
Ctdspl2,-0.0244738642077701,0.0244738642077701,0.08245579609599354
Hectd1,0.015470288724352951,0.015470288724352951,0.2723622496429403
Acd,-0.12392985849617703,0.12392985849617703,1.0798657444955043e-18
Rabepk,-0.07449365261302261,0.07449365261302261,1.2067673601585705e-07
Tm9sf1,-0.17868356489487358,0.17868356489487358,2.118779551661711e-37
Prss16,-0.05545293268807106,0.05545293268807106,8.241803131847221e-05
Zfp704,-0.02987966124015281,0.02987966124015281,0.033976488984292445
Pias3,-0.08133580242060688,0.08133580242060688,7.464613265416644e-09
Glg1,-0.013592604450135557,0.013592604450135557,0.3348447805357877
Ptbp2,-0.022635791604850918,0.022635791604850918,0.10824073999521419
2400003C14Rik,-0.032469453294940304,0.032469453294940304,0.02121012156345705
Slc43a3,-0.0800316417779685,0.0800316417779685,1.291831640140413e-08
Pcnt,-0.00841359579984646,0.00841359579984646,0.5505532340891441
Vezf1,-0.019401114530824336,0.019401114530824336,0.16864102390605895
Ngly1,-0.09793187632665012,0.09793187632665012,3.2902208917146898e-12
Sil1,-0.07938395987784717,0.07938395987784717,1.6909442032943392e-08
Ndufa8,0.03652704189038516,0.03652704189038516,0.009532133614384115
Slc25a39,-0.07808794610307802,0.07808794610307802,2.8797938229823584e-08
Lin52,-0.057870364248071175,0.057870364248071175,3.970630377143028e-05
Gnptab,-0.04607365858166334,0.04607365858166334,0.0010734533767892815
Nop58,-0.11627522019281282,0.11627522019281282,1.2580247504756628e-16
Zfp36,0.08630481773714141,0.08630481773714141,8.541109695734278e-10
Actr5,-0.09019878738171103,0.09019878738171103,1.432257037760339e-10
Cutc,-0.0775752285725261,0.0775752285725261,3.5467824867981846e-08
Cyhr1,-0.015381689228679597,0.015381689228679597,0.27511812140032177
Sptlc2,-0.08647660553155122,0.08647660553155122,7.906820756240835e-10
Exosc1,-0.09179224089713472,0.09179224089713472,6.746805553183312e-11
Trappc9,-0.05278859524356066,0.05278859524356066,0.00017838229642327318
Pion,-0.015050017017043317,0.015050017017043317,0.2856032979224229
Mnt,-0.021902189520610106,0.021902189520610106,0.12016423130584518
Tnfaip8l2,1.3903497601689912e-05,1.3903497601689912e-05,0.9992129558505255
Gne,-0.08338868129281006,0.08338868129281006,3.0943241473052513e-09
Snrk,-0.053520736602312276,0.053520736602312276,0.00014477322225362144
Slc6a6,0.005044909024810901,0.005044909024810901,0.7203999923981577
Stambpl1,-0.02477345698032228,0.02477345698032228,0.07876856409528055
Xk,-0.052864819117632814,0.052864819117632814,0.00017456815185796365
Exoc1,-0.09622613126745531,0.09622613126745531,7.763041839992015e-12
Ppp2r3d,-0.09351296482730412,0.09351296482730412,2.9498465749305035e-11
Hyou1,-0.11433231460358012,0.11433231460358012,4.010269856196354e-16
Ndufa6,0.060821086478512414,0.060821086478512414,1.5667938568085238e-05
Aqp1,0.07262073585866848,0.07262073585866848,2.482090170156143e-07
Ints9,-0.06566871193722892,0.06566871193722892,3.1005571294322124e-06
1810026J23Rik,-0.12641334436387788,0.12641334436387788,2.16033802545721e-19
Mfap3,-0.022605059298485206,0.022605059298485206,0.10872071463624561
Dhx8,-0.018231086314191756,0.018231086314191756,0.1958204323241579
Mppe1,-0.03598492818803861,0.03598492818803861,0.010653740769042516
Nsun5,-0.043034614224691264,0.043034614224691264,0.0022536172137770823
Igtp,-0.06435560803067011,0.06435560803067011,4.863620530589556e-06
Chid1,-0.11242202831604557,0.11242202831604557,1.2301233057377373e-15
Tmco7,-0.06099189005762085,0.06099189005762085,1.4827592658158471e-05
Copb1,-0.04460589031358372,0.04460589031358372,0.0015442476340175495
Rnasel,-0.013383310125769583,0.013383310125769583,0.34234074352228366
Far1,-0.03021578700849884,0.03021578700849884,0.03201574890799459
L2hgdh,-0.0764718745891269,0.0764718745891269,5.5284103020982777e-08
Mrpl40,-0.06531391275083906,0.06531391275083906,3.50454470393762e-06
Map3k5,0.0005335893925982779,0.0005335893925982779,0.9698019712527347
4933434E20Rik,-0.11868137905642825,0.11868137905642825,2.913378404893261e-17
Cdca8,0.04065651423861322,0.04065651423861322,0.0039059706081497787
Lztr1,-0.09235995166719596,0.09235995166719596,5.143703135024242e-11
Kif13a,-0.03086438056700372,0.03086438056700372,0.028505239027699015
Ctsc,-0.03636250797209566,0.03636250797209566,0.009860873316357162
Hist1h2bn,-0.06315672437279199,0.06315672437279199,7.282219968873202e-06
Bnip3,-0.0719903352259094,0.0719903352259094,3.151628613690907e-07
Agap1,-0.05711061173649319,0.05711061173649319,5.0103060676920504e-05
Rassf2,-0.09775307579964952,0.09775307579964952,3.6025090916234267e-12
Cds2,-0.07026746745372099,0.07026746745372099,5.992836459653343e-07
Edc3,-0.1101416367909322,0.1101416367909322,4.5743977794924634e-15
5730455P16Rik,-0.024733672254546684,0.024733672254546684,0.07925035205256484
Tti1,-0.06963341900401906,0.06963341900401906,7.563810385787618e-07
Gm962,-0.13339130405342325,0.13339130405342325,1.9767168219844174e-21
Vti1a,-0.062410107412264035,0.062410107412264035,9.330200843547543e-06
Xpr1,-0.02803140155079814,0.02803140155079814,0.04668583237292637
Tgif1,-0.07130154274211817,0.07130154274211817,4.082084928987537e-07
Nploc4,-0.03635904375450211,0.03635904375450211,0.009867902083099562
Mtmr9,-0.10027456217834639,0.10027456217834639,9.879341244232653e-13
Acyp1,-0.07111316490283894,0.07111316490283894,4.379556829562249e-07
Mbd2,-0.03624663941918919,0.03624663941918919,0.010098401318587932
Akr7a5,-0.10386071636312634,0.10386071636312634,1.483694755660191e-13
4932438A13Rik,0.007243965096828412,0.007243965096828412,0.6072900812802323
Larp1b,0.007800426836999785,0.007800426836999785,0.5799713437759575
Wdfy4,-0.024435000761191247,0.024435000761191247,0.08294419489786599
Ubac2,-0.10314081379049686,0.10314081379049686,2.1823479477770856e-13
Josd2,-0.0683281803990624,0.0683281803990624,1.2138508863231616e-06
Srebf2,-0.062287511696342064,0.062287511696342064,9.715167740326875e-06
Map4k4,-0.006690098166010069,0.006690098166010069,0.635037316892398
BC024659,-0.010848731472972937,0.010848731472972937,0.44147230726082526
Rhbdd1,-0.056502670137988834,0.056502670137988834,6.022964687402882e-05
Hadh,-0.11336711519236022,0.11336711519236022,7.081837031941477e-16
Zfp148,-0.03975663545682088,0.03975663545682088,0.004776447093328489
Umps,-0.1452682517652549,0.1452682517652549,3.7158023048877513e-25
Jmjd8,-0.08803825487407961,0.08803825487407961,3.893996252688074e-10
Yipf1,-0.06396577042657679,0.06396577042657679,5.550071604208971e-06
Kctd5,-0.11306225354768995,0.11306225354768995,8.466794206605427e-16
0610007L01Rik,-0.13563747254776848,0.13563747254776848,4.1315768378824595e-22
Hat1,-0.07372133640115025,0.07372133640115025,1.6281275752727564e-07
Fto,-0.0416140270097212,0.0416140270097212,0.0031401289326649776
Kifc5b,-0.07535739613133195,0.07535739613133195,8.602740283092801e-08
Iqgap2,0.026759503761723948,0.026759503761723948,0.05758408309006437
Zeb2,-0.0328538377370163,0.0328538377370163,0.019726169777801866
Slc22a15,0.00011793667531409642,0.00011793667531409642,0.9933239602533002
Erp44,-0.12886188592631354,0.12886188592631354,4.283601995500139e-20
P4ha1,-0.09641142340345542,0.09641142340345542,7.076940021252783e-12
C230052I12Rik,-0.061111757673026894,0.061111757673026894,1.4263696522598655e-05
AI314180,-0.013362630092061057,0.013362630092061057,0.3430871873000915
Mettl11a,-0.06157394529481428,0.06157394529481428,1.2274967953721251e-05
Ndufaf4,-0.09740089818026051,0.09740089818026051,4.304910211632538e-12
Rab5b,-0.10323881413598185,0.10323881413598185,2.0709951647505757e-13
Hemgn,0.06427789181003751,0.06427789181003751,4.993629742203369e-06
Fgfr1op,-0.09777648077359315,0.09777648077359315,3.560034944031621e-12
Mif,-0.044529155864141884,0.044529155864141884,0.0015734455039874157
Csnk1e,0.009137625361166506,0.009137625361166506,0.5167895535582491
Mtmr2,-0.11744662276290434,0.11744662276290434,6.194891085583023e-17
Ubash3b,-0.027768964982184664,0.027768964982184664,0.04878003405902359
Alg8,-0.13048145967331484,0.13048145967331484,1.4438273901615773e-20
Exoc3,-0.06323836892119278,0.06323836892119278,7.086349587989628e-06
Acsl4,-0.012272020425107756,0.012272020425107756,0.3839191662398703
C230096C10Rik,-0.08071585495337191,0.08071585495337191,9.69836392196139e-09
Anubl1,-0.06388220594924457,0.06388220594924457,5.708834617398271e-06
Sec11a,-0.03385723101607152,0.03385723101607152,0.016271714585671147
Fbxo11,0.010255203544951208,0.010255203544951208,0.46686047992272534
Srbd1,-0.03759762130982309,0.03759762130982309,0.007621618683294038
Nit1,-0.07224384489009154,0.07224384489009154,2.863708772006369e-07
Usp16,-0.02519397763908142,0.02519397763908142,0.07382038715506022
Fance,-0.09886499937807512,0.09886499937807512,2.0443826468760043e-12
Spata24,-0.10525916539650344,0.10525916539650344,6.958583452882105e-14
Sort1,-0.06166605523883884,0.06166605523883884,1.1911599221700693e-05
Zfp238,-0.004489264572426166,0.004489264572426166,0.750104031507363
1110018G07Rik,-0.04050857569093713,0.04050857569093713,0.004038373585488385
Rnf123,-0.02445515878620165,0.02445515878620165,0.082690576307167
Abca7,-0.01329150604041084,0.01329150604041084,0.3456623324997755
Cenpi,-0.1348045958403302,0.1348045958403302,7.405273074611896e-22
Rrp15,-0.1085542796403591,0.1085542796403591,1.1233412411493384e-14
Kif1b,-0.012000541529652912,0.012000541529652912,0.3945277342874863
Trdmt1,-0.07631504300548772,0.07631504300548772,5.8855404755755634e-08
Vav3,-0.04447504524654194,0.04447504524654194,0.0015943394631667749
Gosr1,-0.060343654057994064,0.060343654057994064,1.8264368188369977e-05
Pcf11,-0.004497150138212262,0.004497150138212262,0.7496797563428846
Gstm1,-0.07446987517998528,0.07446987517998528,1.2179994215109675e-07
Daam1,-0.0008060517461580443,0.0008060517461580443,0.9543961585093452
Gtf2f2,-0.07618607397976043,0.07618607397976043,6.19587615764241e-08
Gls,-0.02055786790546144,0.02055786790546144,0.144654151083509
Gcc1,-0.05318427272567048,0.05318427272567048,0.00015940173084542998
Dhx58,-0.08635300222851515,0.08635300222851515,8.358357919030746e-10
St8sia4,-0.023058139866236217,0.023058139866236217,0.10181298280064056
Ms4a6b,-0.020372561499752057,0.020372561499752057,0.14831034615299457
Inpp5b,-0.11232772877839224,0.11232772877839224,1.2994694503660645e-15
Bcl3,-0.0470552172325201,0.0470552172325201,0.000836926262954643
Ifi27l1,-0.03659576758840073,0.03659576758840073,0.009397737099630515
Eea1,0.04427112521233193,0.04427112521233193,0.0016753951334905143
Eif2c1,-0.06169632115942388,0.06169632115942388,1.1794458716411124e-05
Prodh,-0.0676104152338035,0.0676104152338035,1.5688275985228286e-06
A630072M18Rik,-0.03955044073004418,0.03955044073004418,0.0049991296182017005
Derl1,-0.0870753003635542,0.0870753003635542,6.035374498019131e-10
Rab3gap1,-0.030508761494673412,0.030508761494673412,0.030386610932100135
Tmem229b,-0.08462461867414589,0.08462461867414589,1.802561059100115e-09
Scap,-0.09710629957346335,0.09710629957346335,4.9941886137142036e-12
Idh3b,-0.08888475884824719,0.08888475884824719,2.6389105310094484e-10
Krtcap3,-0.02503422073725046,0.02503422073725046,0.07566942727704347
Aagab,-0.08261124597343715,0.08261124597343715,4.329895146985234e-09
Igf2r,-0.022564611155027045,0.022564611155027045,0.1093549941880982
Mrps31,-0.0773704467482116,0.0773704467482116,3.853105280067693e-08
2610018G03Rik,0.013660560922617686,0.013660560922617686,0.3324338026879619
Mrps10,-0.0878680635201648,0.0878680635201648,4.208991535617163e-10
Ifitm1,0.1601766475935795,0.1601766475935795,2.7003363297565125e-30
Dis3,-0.059866511812132164,0.059866511812132164,2.1265447702078637e-05
Smg5,-0.06982028322639496,0.06982028322639496,7.063697537358006e-07
4930453N24Rik,-0.07628760403847673,0.07628760403847673,5.9502787507259844e-08
Rnf169,-0.01886741438149061,0.01886741438149061,0.1806655269602741
Ccnc,-0.0733067749548211,0.0733067749548211,1.9097379640303866e-07
C330018D20Rik,-0.026260542702794182,0.026260542702794182,0.06240146174095995
Mettl14,-0.043725157971049256,0.043725157971049256,0.0019114268765457222
Stard10,0.004884162384627988,0.004884162384627988,0.7289523061695508
Taf2,-0.038298819925586106,0.038298819925586106,0.006564016336714422
Dstyk,0.007994493214861977,0.007994493214861977,0.5705812420171483
Pfas,-0.12477307876031973,0.12477307876031973,6.275611588264911e-19
2310046O06Rik,-0.048452091221198305,0.048452091221198305,0.0005826637535860129
Marveld1,-0.05117903228369212,0.05117903228369212,0.0002797236109721992
Mpv17l2,-0.03733503136239907,0.03733503136239907,0.00805541315875943
Lmnb2,-0.1447704324794993,0.1447704324794993,5.404296463546841e-25
Mapkapk2,-0.029690486226904633,0.029690486226904633,0.035124494127157346
Camta2,-0.026369888414974212,0.026369888414974212,0.06131817494844368
Fdxacb1,-0.07366242169011238,0.07366242169011238,1.6655488935911756e-07
Pla2g16,0.01290978253542895,0.01290978253542895,0.35969279510924823
2810453I06Rik,-0.06234994436981892,0.06234994436981892,9.517263627448307e-06
As3mt,-0.10014729702740827,0.10014729702740827,1.0554175454596565e-12
Ube2i,-0.020869172591499632,0.020869172591499632,0.13866791265904774
Stx6,-0.04964189917535405,0.04964189917535405,0.00042488426717928346
Atm,-0.06437901667089001,0.06437901667089001,4.8251002488579205e-06
Isoc2b,-0.05050507379497066,0.05050507379497066,0.00033645891549099
Tyk2,-0.0932764096874876,0.0932764096874876,3.3081087758451834e-11
Cndp2,-0.11454975235257328,0.11454975235257328,3.5257207041099594e-16
Vamp2,-0.04911934591534148,0.04911934591534148,0.0004885023023344893
Aph1c,0.03039683433122062,0.03039683433122062,0.03100039872794757
Narfl,-0.0705032064655619,0.0705032064655619,5.493135883356818e-07
Tube1,-0.05946837315015138,0.05946837315015138,2.4123255291192204e-05
Plxnd1,-0.07231317459085126,0.07231317459085126,2.78949974924967e-07
Notch1,0.027412754764143014,0.027412754764143014,0.05174817821052318
Mgat1,-0.11876403334288853,0.11876403334288853,2.769123883878062e-17
Terf2,-0.021818586452134518,0.021818586452134518,0.12158592125503169
Ccng1,-0.09398814309969818,0.09398814309969818,2.3411616597225186e-11
Spns3,-0.07655265597427104,0.07655265597427104,5.352743164238124e-08
Herpud1,-0.07142284686154622,0.07142284686154622,3.900950867623881e-07
Pfkfb4,-0.07022824021830654,0.07022824021830654,6.080129356386624e-07
Mkln1,-0.09713182119284677,0.09713182119284677,4.930428847126593e-12
Zfp740,-0.04413564750043253,0.04413564750043253,0.0017313231097771322
Anks3,-0.05167207436151901,0.05167207436151901,0.00024403709452718565
Ash1l,0.05258272105670814,0.05258272105670814,0.0001890792123898386
Rap1a,0.047467873354131294,0.047467873354131294,0.0007527454192774099
Mapkapk5,-0.09049768223996421,0.09049768223996421,1.2448656405843125e-10
Nenf,-0.06730263051609996,0.06730263051609996,1.74989131004439e-06
Prpf4b,0.07102291289577856,0.07102291289577856,4.529380231235889e-07
Msh6,-0.09977196744245498,0.09977196744245498,1.2818774057086158e-12
Snx13,-0.05671669399537011,0.05671669399537011,5.646175419942904e-05
Necap1,-0.07145915861813873,0.07145915861813873,3.848254414793458e-07
Nfkbid,-0.0336850153748024,0.0336850153748024,0.016823861274635227
Ctss,0.02854608525348845,0.02854608525348845,0.04279794063475992
Vcam1,-0.021573925487055116,0.021573925487055116,0.12582205130739346
Mrps22,-0.076704711919339,0.076704711919339,5.03663876284922e-08
Megf9,-0.024193728728190353,0.024193728728190353,0.08602893771432257
Limk2,-0.08687960090534685,0.08687960090534685,6.593747620155222e-10
Zfp358,-0.07690664213994819,0.07690664213994819,4.6446930925415586e-08
Mtcp1,-0.041400221294926515,0.041400221294926515,0.0032981737149201528
Nmnat3,-0.07869097386743448,0.07869097386743448,2.250211846002369e-08
Zdhhc21,-0.02532440468171388,0.02532440468171388,0.0723383418436065
Ankrd27,-0.15264630615395725,0.15264630615395725,1.234926435355875e-27
Znhit2-ps,-0.09431689924491234,0.09431689924491234,1.9938845826259266e-11
Dram2,-0.06737026221611449,0.06737026221611449,1.708460865002006e-06
Gsg2,-0.0698707949061322,0.0698707949061322,6.93407684238461e-07
Atxn7l1,-0.044439925711944384,0.044439925711944384,0.0016080366383028196
Gm5617,-0.05417611916567017,0.05417611916567017,0.0001198333343053021
Zw10,-0.12307705792636402,0.12307705792636402,1.8626221459688567e-18
Gabarap,0.17100740797448738,0.17100740797448738,2.3536142773822426e-34
Wipf1,-0.06558027947168933,0.06558027947168933,3.196853690083852e-06
Tnks1bp1,-0.018276895764601266,0.018276895764601266,0.19469924526833762
5730403B10Rik,-0.04197388976783711,0.04197388976783711,0.002889630893605697
Urod,0.00344725074164473,0.00344725074164473,0.8067867708779518
Hectd3,-0.06627467645745351,0.06627467645745351,2.5117215550951235e-06
Alg9,-0.11032929895413514,0.11032929895413514,4.109924917727381e-15
Supv3l1,-0.09233732430853289,0.09233732430853289,5.199786530433245e-11
Rc3h2,-0.009410750585852308,0.009410750585852308,0.5043373397143939
Adar,-0.015035195854053524,0.015035195854053524,0.2860780606919488
4930471M23Rik,-0.04370930330365604,0.04370930330365604,0.0019187163969704023
Rb1,-0.0444823929810308,0.0444823929810308,0.0015914873471329347
Ccnd2,-0.061449482639785113,0.061449482639785113,1.2782795623869173e-05
Rsbn1l,0.08432620884081532,0.08432620884081532,2.0552093595009355e-09
R3hdm2,-0.04312659439249432,0.04312659439249432,0.002205006101160496
Tec,-0.024628434172298052,0.024628434172298052,0.08053632989177241
Zfp277,-0.08976567865564318,0.08976567865564318,1.753546262156986e-10
4933407H18Rik,0.004999530394207822,0.004999530394207822,0.722810816473919
Tsc22d3,-0.0063077269561846155,0.0063077269561846155,0.6544998037531752
Clpb,-0.12035936396779091,0.12035936396779091,1.0319212075769489e-17
Ldb1,-0.06818631247462793,0.06818631247462793,1.2772420938283694e-06
Pabpc4,-0.11783334919992514,0.11783334919992514,4.895383623237746e-17
Klhl23,-0.06285687059784786,0.06285687059784786,8.046945768980724e-06
Nfat5,-0.007727778660433762,0.007727778660433762,0.5835050385887771
Nipbl,0.01420045480553646,0.01420045480553646,0.31367880985473656
Pnpt1,-0.1056643696850546,0.1056643696850546,5.577384297421811e-14
Acbd6,-0.10370236587567928,0.10370236587567928,1.6154899539886745e-13
Manf,0.003961118642683005,0.003961118642683005,0.7786864428980509
Tdp2,-0.09439516096976455,0.09439516096976455,1.918956394232869e-11
Rfesd,-0.013120472170190661,0.013120472170190661,0.3519051127925118
Slc44a2,-0.11392551528925408,0.11392551528925408,5.09939760432517e-16
Kptn,-0.06829629432697515,0.06829629432697515,1.2278294267797283e-06
Tesc,-0.05346863441699963,0.05346863441699963,0.0001469526155908265
Med16,-0.07221855291139569,0.07221855291139569,2.891252343653818e-07
Pygl,-0.009871065424726886,0.009871065424726886,0.48371427625254043
Nek9,-0.03624577826168205,0.03624577826168205,0.010100185577613724
Atg10,-0.06746342924165856,0.06746342924165856,1.6529283199868705e-06
Mto1,-0.04943013397779434,0.04943013397779434,0.0004496717511228362
Herc6,-0.04556419217538889,0.04556419217538889,0.0012192851062170005
Ptp4a1,-0.065894871385166,0.065894871385166,2.866774015111441e-06
Thap1,-0.0928083828065419,0.0928083828065419,4.146751685324956e-11
Usp25,-0.04612735761877618,0.04612735761877618,0.0010590608556268438
Fam175b,-0.06224725131326441,0.06224725131326441,9.844865990563226e-06
Rab18,-0.06050226507715993,0.06050226507715993,1.7359411435705656e-05
BC030867,-0.10465585054098922,0.10465585054098922,9.658603129480291e-14
Slc25a25,-0.0647754617681873,0.0647754617681873,4.215447760680169e-06
Eapp,-0.04377593048885456,0.04377593048885456,0.0018882538734867646
Gatc,-0.08184121808343013,0.08184121808343013,6.02145869508579e-09
Dnttip2,-0.05022237862165031,0.05022237862165031,0.0003633221188632916
Dph5,-0.0797942720763559,0.0797942720763559,1.4261427154594382e-08
Sap30bp,-0.08063042670730977,0.08063042670730977,1.005308959338684e-08
Tomm34,-0.0873570988321853,0.0873570988321853,5.311563211506688e-10
Ddx51,-0.05954891303467724,0.05954891303467724,2.351717985816537e-05
Fars2,-0.08151277435378113,0.08151277435378113,6.924675649510027e-09
Tfap4,-0.14017215000866534,0.14017215000866534,1.6159699134008286e-23
Snx18,-0.07885638446686158,0.07885638446686158,2.102314492746618e-08
Add3,-0.011794652619740689,0.011794652619740689,0.40269023752540195
Angptl4,-0.08970030349218588,0.08970030349218588,1.8077938763478575e-10
Ccdc69,-0.04631756277355121,0.04631756277355121,0.0010095051608958446
Pdlim5,-0.033999903488785135,0.033999903488785135,0.015826409197851797
9330133O14Rik,-0.04552292710665047,0.04552292710665047,0.0012318639571988097
Lsm1,-0.06011243217921862,0.06011243217921862,1.9664465689607343e-05
Tusc2,-0.08958567141439469,0.08958567141439469,1.906897658075124e-10
C330019G07Rik,-0.038672989653276583,0.038672989653276583,0.006055412132397203
Bzw1,-0.045939719541273655,0.045939719541273655,0.001110143843830598
Cul3,-0.027713917778196245,0.027713917778196245,0.04922916262898257
Zfp622,-0.06433067656838176,0.06433067656838176,4.904970440265836e-06
Tbc1d1,-0.039549456221698,0.039549456221698,0.005000214994506983
Fbxo4,-0.035190309517004775,0.035190309517004775,0.012509853106572148
Vma21,-0.0627692701117058,0.0627692701117058,8.284465217845133e-06
Fam53a,-0.0914812764285013,0.0914812764285013,7.822316508357286e-11
Mreg,-0.09904028659483928,0.09904028659483928,1.8686404949891897e-12
Slc27a4,-0.10278708032361353,0.10278708032361353,2.6353884534303474e-13
Prps1l3,-0.08934962468566944,0.08934962468566944,2.127967719250592e-10
Nemf,-0.06290163641310365,0.06290163641310365,7.928094566352447e-06
BC005624,-0.053065245756067754,0.053065245756067754,0.00016490167940886246
Morf4l1,-0.09651363929228554,0.09651363929228554,6.724258040308868e-12
Rap2a,0.012252463828643811,0.012252463828643811,0.3846774942300737
Crbn,-0.06418489180401385,0.06418489180401385,5.153581674532266e-06
Gclc,-0.0018057022197144282,0.0018057022197144282,0.8980622743654871
F8a,-0.047440924732300625,0.047440924732300625,0.0007579934768782917
Mrpl1,-0.03873880293814513,0.03873880293814513,0.005969715884023837
Hbp1,-0.05041904376072469,0.05041904376072469,0.00034443060737822
Dnajc24,-0.07669422940452314,0.07669422940452314,5.0578371312968953e-08
Hebp1,-0.021821455705727643,0.021821455705727643,0.12153691197701477
Lrrc28,-0.050397809088636954,0.050397809088636954,0.00034642524895873625
Peli2,-0.07698806569697385,0.07698806569697385,4.495158824399864e-08
Osgin1,0.01656446948635258,0.01656446948635258,0.23988161200461844
Cog7,-0.09786985844976204,0.09786985844976204,3.395409987156671e-12
Eif2b1,-0.10065268198731142,0.10065268198731142,8.11439617809879e-13
Usf1,-0.06531410136796352,0.06531410136796352,3.5043171001095445e-06
Hspa4,-0.1156677314370274,0.1156677314370274,1.8114429072879638e-16
Ccna2,-0.061663927538741836,0.061663927538741836,1.1919875849356351e-05
Rhbdf2,-0.04101378430254168,0.04101378430254168,0.0036023196474523392
Bcdin3d,-0.003318063152194187,0.003318063152194187,0.8138922192298591
Man1c1,-0.0716022353487049,0.0716022353487049,3.6472236835557603e-07
Zfp330,-0.0800353359648707,0.0800353359648707,1.2898416881353828e-08
Rock1,0.03863053853736396,0.03863053853736396,0.006111274373800607
Epc1,-0.06780678725701382,0.06780678725701382,1.4628654876288735e-06
Svil,0.01560316269149781,0.01560316269149781,0.26826473549087065
2700099C18Rik,-0.04742608644166125,0.04742608644166125,0.0007608976105537568
Pef1,-0.08954609319030861,0.08954609319030861,1.9423315596941463e-10
Ercc1,-0.05952919073030328,0.05952919073030328,2.3664239750068542e-05
Gpatch4,-0.07576105018473388,0.07576105018473388,7.334879025292969e-08
Arl6ip5,-0.07270924835570905,0.07270924835570905,2.3998628942655833e-07
0610037L13Rik,-0.08026080691067976,0.08026080691067976,1.1738634528022921e-08
Ncbp2,-0.07243302450305922,0.07243302450305922,2.6655721379819687e-07
Mob3c,-0.013282179301985478,0.013282179301985478,0.3460009310269378
Scnm1,-0.036180753025668526,0.036180753025668526,0.010235726715138753
Gosr2,-0.09920737777726144,0.09920737777726144,1.7149493957944311e-12
Pdlim7,-0.08988957634139029,0.08988957634139029,1.6550651782501022e-10
Lmtk2,-0.019189105526382276,0.019189105526382276,0.17334374531710361
Dgkg,-0.010972022430694358,0.010972022430694358,0.4362994698200554
Fem1a,-0.06503617021448854,0.06503617021448854,3.855526046921668e-06
Hax1,-0.0769457217120349,0.0769457217120349,4.5723315399630406e-08
Cabin1,-0.018028475366820958,0.018028475366820958,0.20083609073936332
Cog4,-0.07669084332440744,0.07669084332440744,5.064703119459125e-08
Phc2,-0.038831488207696774,0.038831488207696774,0.005850881767868817
Wdr43,-0.1052364742065701,0.1052364742065701,7.045162811382628e-14
Zfp748,-0.03452097506482486,0.03452097506482486,0.014289771355176055
Dcun1d3,-0.05038937813702927,0.05038937813702927,0.00034722018724580705
Tfec,-0.12826812840788823,0.12826812840788823,6.360098099189655e-20
Rfng,-0.08216608266449836,0.08216608266449836,5.241246722757325e-09
Grina,0.05032168019160931,0.05032168019160931,0.000353665414347086
Zfp68,-0.09570634433108106,0.09570634433108106,1.0054484322620295e-11
Pigk,-0.1162471182466701,0.1162471182466701,1.2794754290171426e-16
Ppp1r15b,-0.07260103270491218,0.07260103270491218,2.500761025449e-07
Evi5,0.03572115559637824,0.03572115559637824,0.01124076278986245
Synrg,0.006998510587847596,0.006998510587847596,0.6195201346759154
Rnase10,-0.07121680260332128,0.07121680260332128,4.2134057791414423e-07
Pias4,0.0029462495425560393,0.0029462495425560393,0.8344259887027285
Ubxn2b,-0.05799472609248666,0.05799472609248666,3.821292502256004e-05
1810030N24Rik,-0.030315647310912255,0.030315647310912255,0.031452243263818604
Rara,0.020518385669383687,0.020518385669383687,0.14542731086554292
Pik3r2,-0.053175956996348035,0.053175956996348035,0.00015978030272880472
Zfp143,-0.054257159237944164,0.054257159237944164,0.00011704742305237896
Fam136a,-0.09633395453901746,0.09633395453901746,7.356246660562711e-12
Ctr9,-0.04280362296619086,0.04280362296619086,0.0023800541012316155
Rpf1,-0.07809345330902236,0.07809345330902236,2.8733366590720722e-08
Nupl2,-0.08138757815867888,0.08138757815867888,7.302548429538415e-09
Mrpl12,-0.09852772566887182,0.09852772566887182,2.4293037493225014e-12
Xiap,0.014128474248825974,0.014128474248825974,0.31613827509526093
Gpx4,0.21045141262988262,0.21045141262988262,1.6109074110290302e-51
Mocs2,-0.025543216172474077,0.025543216172474077,0.06990674407526452
Xrcc4,-0.06468980858403034,0.06468980858403034,4.340565592721952e-06
5430411K18Rik,-0.009472541363384681,0.009472541363384681,0.5015423051709753
Naga,-0.06255836455781734,0.06255836455781734,8.884102211781673e-06
Lars2,-0.03745821965707364,0.03745821965707364,0.007849229045256492
Lats2,-0.014553492966576266,0.014553492966576266,0.30179874663853984
Slpi,0.23436974635520666,0.23436974635520666,8.38244328214994e-64
Oxsr1,-0.04924308231799935,0.04924308231799935,0.00047268219878651116
Atg4a,-0.10031819581498941,0.10031819581498941,9.657862544499707e-13
Lass6,-0.022511945371062065,0.022511945371062065,0.11018524155588787
Dennd4c,-0.02426429417829195,0.02426429417829195,0.08511729527579878
1110054O05Rik,-0.08118501324956337,0.08118501324956337,7.956776755764764e-09
Ttc39b,-0.01879456434925584,0.01879456434925584,0.18235504839991665
Cdc14a,-0.05409304439172653,0.05409304439172653,0.0001227539922869421
Ppp2r4,-0.11300223096891104,0.11300223096891104,8.769350175350951e-16
Alg2,-0.07093907077936282,0.07093907077936282,4.672982720359362e-07
Cdk5rap2,0.008934714618693378,0.008934714618693378,0.5261426190630901
Fam123b,-0.021818535694821554,0.021818535694821554,0.12158678837191848
Ap1ar,-0.12327626541412616,0.12327626541412616,1.6404686516058586e-18
Lemd2,-0.010782935033915456,0.010782935033915456,0.44424719303607574
Pi16,0.0045746287899826234,0.0045746287899826234,0.7455151379517829
Abcg1,-0.0377542450029554,0.0377542450029554,0.007372959505427651
Crcp,-0.05236934095880588,0.05236934095880588,0.00020080031882716427
Asb6,-0.08755861385568281,0.08755861385568281,4.846637827153338e-10
Lipa,-0.08360016442571523,0.08360016442571523,2.8225795589608677e-09
Fyttd1,-0.09500957856435248,0.09500957856435248,1.4190540349596053e-11
Adsl,-0.12245966044742872,0.12245966044742872,2.7574049588723426e-18
Lrp5,-0.04291853035683277,0.04291853035683277,0.002316367776877987
Tab1,-0.07956963304287375,0.07956963304287375,1.565681942563466e-08
Acin1,0.0006665990343375165,0.0006665990343375165,0.9622794551768716
Tgoln1,-0.0599883552659573,0.0599883552659573,2.0457318432077894e-05
Pusl1,-0.061528736863506114,0.061528736863506114,1.2457158406388263e-05
Adrbk2,-0.034729931748522666,0.034729931748522666,0.013711513608763047
Pola2,-0.09794761447502429,0.09794761447502429,3.2640395705535303e-12
Nudt22,-0.027501443277518085,0.027501443277518085,0.05099539993821254
Vps37c,-0.14730365118676958,0.14730365118676958,7.92370818193432e-26
Fam126a,-0.01262036185940368,0.01262036185940368,0.3705655341877219
Ms4a3,0.05320374920815961,0.05320374920815961,0.00015851836798099373
1600020E01Rik,-0.008386968795544646,0.008386968795544646,0.5518153220247036
Ppapdc2,-0.0507811014312529,0.0507811014312529,0.00031203150777341814
Gpr132,-0.06065424937561017,0.06065424937561017,1.6532456554133045e-05
Ptdss1,-0.10777721703172605,0.10777721703172605,1.7356647978473777e-14
B3galnt2,-0.08153248110499357,0.08153248110499357,6.86695441676847e-09
Htt,-0.023243126989849407,0.023243126989849407,0.09909505183493474
Yipf6,-0.05722740567625561,0.05722740567625561,4.835221118688802e-05
Rnf113a1,-0.06317544275722563,0.06317544275722563,7.236861272224145e-06
A730098P11Rik,-0.04062784171549443,0.04062784171549443,0.003931319964658271
Plekhg3,-0.015565369079435084,0.015565369079435084,0.26942586758503145
Ticam1,-0.06458491397881488,0.06458491397881488,4.498639473789044e-06
Actr8,-0.09485542537884877,0.09485542537884877,1.5309489119662787e-11
Wdr7,-0.04285945174803006,0.04285945174803006,0.002348914017765924
Calcrl,0.014230918624862416,0.014230918624862416,0.3126417087735413
Gm15800,-0.021933892633467025,0.021933892633467025,0.1196285276619046
Prcc,-0.08656684480890854,0.08656684480890854,7.592278940034841e-10
Fbxw8,-0.049998176475930946,0.049998176475930946,0.0003860386645546513
Rab33b,-0.023681737020512468,0.023681737020512468,0.09288190485286035
Sco2,-0.08573254172508693,0.08573254172508693,1.1032879950756575e-09
Pim3,-0.06625333818519719,0.06625333818519719,2.530496562926082e-06
Dock5,-0.0542426836254448,0.0542426836254448,0.00011754052888413784
Usp46,-0.03170023396324837,0.03170023396324837,0.02447390237964515
Mrrf,-0.08945818984117573,0.08945818984117573,2.023346126150447e-10
Pold3,-0.10469276897787153,0.10469276897787153,9.467256382236645e-14
Dbr1,-0.10141262797461485,0.10141262797461485,5.451509300859527e-13
Sae1,-0.1401575605774068,0.1401575605774068,1.6331944326605356e-23
Rbms2,-0.05225088918828805,0.05225088918828805,0.00020759811980918615
Tfdp2,-0.01256892459860882,0.01256892459860882,0.37251902758796457
Bloc1s3,-0.07515161124892868,0.07515161124892868,9.328294056302689e-08
Slc35f5,-0.08561956179480144,0.08561956179480144,1.1602529044899226e-09
Phospho1,0.015856834865251825,0.015856834865251825,0.2605601415502602
Gm19705,0.0067474980404326965,0.0067474980404326965,0.6321369132451109
Pin1,-0.026851234032087445,0.026851234032087445,0.05673297819972845
Ddx42,-0.0342274893062836,0.0342274893062836,0.015138237300955365
Pik3r5,-0.038707499616911105,0.038707499616911105,0.006010339127976228
Adam9,-0.060797313563390215,0.060797313563390215,1.578843781733098e-05
Gm11428,0.18565729903168204,0.18565729903168204,2.7344106113059654e-40
1700054N08Rik,-0.09153074276535245,0.09153074276535245,7.640664474380875e-11
Hook3,-0.019024726116782645,0.019024726116782645,0.1770568794218784
Senp3,-0.133881568613658,0.133881568613658,1.4078100121317089e-21
Nip7,-0.08251018348022546,0.08251018348022546,4.52218636489138e-09
S1pr2,-0.042246521966349496,0.042246521966349496,0.002712146047440133
Zfp266,-0.05010855673618769,0.05010855673618769,0.0003746938401177138
Pik3cg,-0.03643183687328909,0.03643183687328909,0.009721142129256344
Mre11a,-0.10811107136072258,0.10811107136072258,1.440287922547023e-14
2010109K11Rik,-0.11030086938071057,0.11030086938071057,4.177181966587263e-15
Ezh1,-0.03631033768744772,0.03631033768744772,0.009967198371331481
Zfp958,-0.05395940344643574,0.05395940344643574,0.00012759358353655985
2700089E24Rik,-0.0699760116076321,0.0699760116076321,6.671391603730507e-07
Inpp5k,-0.06083673106735053,0.06083673106735053,1.558911859534735e-05
Dnm2,-0.09555513425723736,0.09555513425723736,1.0837396862589711e-11
Birc2,-0.05512572879588899,0.05512572879588899,9.078328669688012e-05
Pip5k1c,-0.053713549235767516,0.053713549235767516,0.00013696981821374166
Rab3d,-0.06662531683000657,0.06662531683000657,2.221699486765309e-06
Fbxo8,-0.03224228653491558,0.03224228653491558,0.022132069488114154
Tomm40l,-0.09690277470695663,0.09690277470695663,5.532402016121869e-12
Lancl1,-0.11198746615709436,0.11198746615709436,1.5832203424028998e-15
Pigm,-0.07144609559117854,0.07144609559117854,3.867132199422377e-07
Taok2,-0.03083735237540141,0.03083735237540141,0.028644620763690884
Cnot6,0.03783477535779582,0.03783477535779582,0.007247961205855831
Edc4,-0.045112323318018406,0.045112323318018406,0.0013637204385957965
Ptdss2,-0.028331525256360214,0.028331525256360214,0.0443841231632826
Prr24,-0.03150904300556484,0.03150904300556484,0.025349649306913625
Sdad1,-0.07944750840272691,0.07944750840272691,1.647014413583431e-08
Baiap3,-0.05613191178682701,0.05613191178682701,6.732618862573066e-05
Rps6ka5,-0.016193950331931405,0.016193950331931405,0.25056003004117156
Lsm14b,-0.037002244262316596,0.037002244262316596,0.008636853958591978
Polr3b,-0.04544099621274041,0.04544099621274041,0.0012571948085389748
Commd9,-0.052911411191969134,0.052911411191969134,0.00017227464234114713
Man1b1,-0.10369094468113006,0.10369094468113006,1.6254284793101897e-13
Srprb,-0.11479730848356211,0.11479730848356211,3.0440131452127477e-16
Specc1l,-0.01848455588569177,0.01848455588569177,0.18967577547942296
Acad8,-0.03922691873669918,0.03922691873669918,0.00536748052900583
Lats1,-0.04797126451853733,0.04797126451853733,0.0006607067583590807
Parvg,-0.12683016436197478,0.12683016436197478,1.6438380146109408e-19
Nol9,-0.06705431467490999,0.06705431467490999,1.9104420807631226e-06
Tmem192,-0.06261947138958865,0.06261947138958865,8.706228716072297e-06
Rab40c,-0.07709536103388817,0.07709536103388817,4.305220418768757e-08
Gadd45b,-0.023800536307408405,0.023800536307408405,0.09125397750592892
Rrm2b,-0.006018033480779899,0.006018033480779899,0.6694038941465728
Coq6,-0.08536981031356145,0.08536981031356145,1.2965385548012786e-09
Ganc,-0.07548441949737829,0.07548441949737829,8.18247811533327e-08
Slx1b,-0.060760746784781786,0.060760746784781786,1.597551163604826e-05
Atxn2,-0.04042792674177865,0.04042792674177865,0.004112256444687434
2700023E23Rik,-0.03894970781814071,0.03894970781814071,0.005702404686641126
2310057M21Rik,-0.07909191439607267,0.07909191439607267,1.9078898985373285e-08
Dcp1b,-0.030128731480368515,0.030128731480368515,0.0325140347082806
Vps13c,0.009509282622690539,0.009509282622690539,0.49988425217198945
Chuk,-0.0817424894227059,0.0817424894227059,6.2801761887042546e-09
Zfp597,-0.005021904929252057,0.005021904929252057,0.7216217821946667
Ppdpf,-0.08616979939294797,0.08616979939294797,9.074202220682929e-10
Klf16,-0.06391162911010421,0.06391162911010421,5.652444579912365e-06
Bckdhb,-0.08995535168580704,0.08995535168580704,1.6050002207156747e-10
Eefsec,-0.07012766125636723,0.07012766125636723,6.309583683667259e-07
Mef2c,-0.03272268411794732,0.03272268411794732,0.020221982382254627
Gpkow,-0.085298322531964,0.085298322531964,1.3383395349279528e-09
Atad2b,0.032682838816822,0.032682838816822,0.02037475063477325
Atp5sl,-0.06381908234472487,0.06381908234472487,5.831633974549947e-06
1700034H14Rik,-0.09257645298487518,0.09257645298487518,4.636142602327398e-11
Ly6c1,-0.034340970656957806,0.034340970656957806,0.01480504197325783
Il1b,0.09022521049702213,0.09022521049702213,1.4146378400338462e-10
Hist2h2be,0.0019744407756449697,0.0019744407756449697,0.8885959060265178
1110032A03Rik,-0.05634922094707185,0.05634922094707185,6.307631155407918e-05
Fgd4,-0.01237376991394328,0.01237376991394328,0.3799884995730017
Ints5,-0.1070773900148234,0.1070773900148234,2.5614544394201626e-14
Ganab,-0.09521485813917328,0.09521485813917328,1.2824008057143416e-11
Ogdh,-0.05564825822186191,0.05564825822186191,7.777726782993313e-05
Rlf,0.04282567770466956,0.04282567770466956,0.0023677075740301356
Gtpbp8,-0.04885430383001953,0.04885430383001953,0.0005240641283127836
Nfkbie,-0.05177837358306553,0.05177837358306553,0.0002369245823069219
Tnfrsf23,-0.053435316512960865,0.053435316512960865,0.00014836242611176618
Tal1,0.003653803634247847,0.003653803634247847,0.795459429141366
Lsg1,-0.08694749060016323,0.08694749060016323,6.394561886388143e-10
Card10,-0.035123857404959824,0.035123857404959824,0.012677335691038849
Zfyve21,-0.05991882363868395,0.05991882363868395,2.0914834963254854e-05
Ranbp1,-0.03342373355242165,0.03342373355242165,0.01769296305933744
Pex10,-0.07702734643439324,0.07702734643439324,4.4246986711826605e-08
Hspbp1,-0.07122904458167229,0.07122904458167229,4.1941858145961264e-07
Dgkd,-0.018460809584076185,0.018460809584076185,0.19024533573128924
Coq5,-0.08749726541889379,0.08749726541889379,4.983804330375948e-10
Uevld,-0.028850745407583683,0.028850745407583683,0.040628177528443936
Tex2,-0.10875921414816693,0.10875921414816693,1.0010467898622896e-14
Anxa4,-0.04826324639137799,0.04826324639137799,0.0006122315214654001
2610020C07Rik,-0.03070112082943245,0.03070112082943245,0.029356119538347984
Rangrf,-0.092866229085244,0.092866229085244,4.0327923243622314e-11
H2-Q4,-0.006022202154055476,0.006022202154055476,0.6691884814239799
5830428M24Rik,-0.0205697967985932,0.0205697967985932,0.1444211743488484
Helb,-0.0019039070835873257,0.0019039070835873257,0.8925510503612829
Prex1,-0.008817890032345992,0.008817890032345992,0.5315665473396922
Gm20324,-0.02978469523519514,0.02978469523519514,0.03454871623045307
Bfar,-0.05092224543768524,0.05092224543768524,0.00030019199354875304
4921513D23Rik,-0.07170227507452803,0.07170227507452803,3.512722540776565e-07
Npl,-0.08753661536538802,0.08753661536538802,4.895394394734425e-10
Pip5k1a,-0.041752345879035334,0.041752345879035334,0.00304159363110349
Cnpy3,-0.14216411406483384,0.14216411406483384,3.759638172809123e-24
Rapgef2,-0.03212853770049243,0.03212853770049243,0.022606668924865313
Pik3r6,-0.02173035382301275,0.02173035382301275,0.12310056475450158
Srcrb4d,-0.012060957374803758,0.012060957374803758,0.3921516580615675
D14Abb1e,0.017983375644464963,0.017983375644464963,0.201965180847391
Gigyf1,-0.034531713920393864,0.034531713920393864,0.014259536984171648
Sh2b2,-0.12317611779063241,0.12317611779063241,1.748671202092947e-18
Kbtbd3,-0.059966798646361424,0.059966798646361424,2.059813163425306e-05
Acbd3,0.008789716007837635,0.008789716007837635,0.5328788378496665
2310021P13Rik,-0.030154291487009696,0.030154291487009696,0.0323670510338379
Fbxl20,-0.025125300203940017,0.025125300203940017,0.07461068977820984
Haao,-0.06384244506288424,0.06384244506288424,5.785892886154042e-06
Ano10,-0.10361779076062416,0.10361779076062416,1.6905251779115594e-13
0610011L14Rik,-0.08164069088084762,0.08164069088084762,6.5582480469576135e-09
Macrod1,-0.10454148587167268,0.10454148587167268,1.0275790416352224e-13
Sympk,-0.08231761496451429,0.08231761496451429,4.9118446543079e-09
Arid3b,-0.02523040695888353,0.02523040695888353,0.07340396354723062
Mpp6,-0.05375367637323898,0.05375367637323898,0.00013539640972540722
Cnnm2,-0.06612474563625653,0.06612474563625653,2.6465252175265134e-06
Snx15,-0.05940757789522671,0.05940757789522671,2.4590558102160044e-05
Pten,-0.03328457503800745,0.03328457503800745,0.018171708641278095
Trim8,-0.09185157735376705,0.09185157735376705,6.558683714565157e-11
Dis3l2,-0.024861559203211932,0.024861559203211932,0.0777101345395593
Abcd1,-0.10418478809319116,0.10418478809319116,1.2460374669717897e-13
Ap4e1,-0.04707795125971425,0.04707795125971425,0.0008320702255902053
Vopp1,-0.0031391340636185727,0.0031391340636185727,0.8237587220520659
Net1,-0.0709565167758055,0.0709565167758055,4.6427445867893633e-07
Ifit2,-0.0550905385820423,0.0550905385820423,9.172923581789475e-05
Ivns1abp,-0.1283979792758236,0.1283979792758236,5.834350571289023e-20
Hilpda,-0.028871320415420166,0.028871320415420166,0.040485066210758515
Rps6kb2,-0.07971707296016277,0.07971707296016277,1.4726768022643315e-08
Lfng,-0.04698640172532672,0.04698640172532672,0.0008517860405464157
4933424B01Rik,-0.08324114434660701,0.08324114434660701,3.2988093715507308e-09
Foxk1,-0.018387552310483515,0.018387552310483515,0.1920103606845219
Cables2,-0.06801692822495077,0.06801692822495077,1.3571024728733644e-06
Carm1,-0.07713736897353679,0.07713736897353679,4.232995432630823e-08
Ldlr,-0.025451027790852343,0.025451027790852343,0.07092290865675706
Atxn7l3,-0.05625027116707643,0.05625027116707643,6.497897309231899e-05
4933403F05Rik,-0.10167223085629021,0.10167223085629021,4.755699618928156e-13
Etohi1,-0.005363194099636627,0.005363194099636627,0.7035697355261574
Smad7,-0.008805722857268033,0.008805722857268033,0.5321330694039936
Adck4,-0.07816124048513871,0.07816124048513871,2.7949979217034447e-08
Ncoa1,-0.04013467061344087,0.04013467061344087,0.004391360739350724
Raph1,-0.021185233129835793,0.021185233129835793,0.13278724801362318
Eef1a1,0.29232991504891165,0.29232991504891165,8.61448968082335e-100
Trp53rk,-0.045064277413198975,0.045064277413198975,0.0013799719328319675
Naip2,0.01231301157117185,0.01231301157117185,0.38233266120242615
Ranbp3,-0.10510788755605328,0.10510788755605328,7.556162043100158e-14
Cmtm3,-0.09929789939523957,0.09929789939523957,1.6369374706004748e-12
Galnt7,-0.041072704193167775,0.041072704193167775,0.003554356549995046
1700097N02Rik,0.0370967115812931,0.0370967115812931,0.008468104615287644
Igj,0.11485423914202403,0.11485423914202403,2.9427585049274124e-16
Ptgr2,-0.07930727174141593,0.07930727174141593,1.745473263955839e-08
Smad1,-0.047934495311240194,0.047934495311240194,0.000667058044990228
Shmt1,-0.10851260537304132,0.10851260537304132,1.1499516938319326e-14
Armc10,-0.12887737417922715,0.12887737417922715,4.239559628235214e-20
Crtc3,0.00631459022757067,0.00631459022757067,0.6541483380347307
Slc39a8,-0.06419040967289877,0.06419040967289877,5.143956126119814e-06
Slc52a2,-0.08495100956394734,0.08495100956394734,1.5608455202514358e-09
Fam203a,-0.09613415757522865,0.09613415757522865,8.127391423856978e-12
Krit1,-0.08757379491080051,0.08757379491080051,4.81326778168053e-10
Znhit6,-0.08798877835003961,0.08798877835003961,3.983116613595469e-10
Phf3,-0.002626852854268483,0.002626852854268483,0.8521561217626854
Dgka,-0.0929090496826647,0.0929090496826647,3.950413059433369e-11
Gfer,-0.061293398356930665,0.061293398356930665,1.3448003233712386e-05
Rictor,-0.04923665538669804,0.04923665538669804,0.00047349199670604787
Zfp53,-0.06920236121516236,0.06920236121516236,8.850880946970765e-07
Dmtf1,-0.045998769481847473,0.045998769481847473,0.0010938274588327293
5330426P16Rik,-0.01771162514493011,0.01771162514493011,0.20886658655722556
A830080D01Rik,-0.006380839430950573,0.006380839430950573,0.6507596899275659
Peg13,-0.07676959474103376,0.07676959474103376,4.907331686403224e-08
Ubap2,-0.049321067663339165,0.049321067663339165,0.0004629583653555859
Morc3,-0.03962538559902305,0.03962538559902305,0.00491712877631575
Atxn7l3b,0.0683107275268126,0.0683107275268126,1.221482981644181e-06
Rwdd2b,-0.06229427019041091,0.06229427019041091,9.693555921745627e-06
Klhl7,-0.08310607031060269,0.08310607031060269,3.4975137268363143e-09
Rpl26,-0.038658639109742696,0.038658639109742696,0.006074244626901046
Zbtb33,-0.017897087840866455,0.017897087840866455,0.20413831027913404
Nbn,-0.06194666420091072,0.06194666420091072,1.0866805786254967e-05
Snapc2,-0.10475077692287169,0.10475077692287169,9.1741027796811e-14
March7,-0.018241488403227542,0.018241488403227542,0.19556542681640285
Epc2,0.014970687340524976,0.014970687340524976,0.2881506533553846
Ccl3,-0.010135651033712147,0.010135651033712147,0.4720705821562907
Elp3,-0.10067379925089438,0.10067379925089438,8.025524709080222e-13
Gm11974,-0.06314407651022333,0.06314407651022333,7.313022210789238e-06
Samm50,-0.08754471935396403,0.08754471935396403,4.877377621939469e-10
Papd5,-0.0271906541767277,0.0271906541767277,0.05367421529934312
Vps54,-0.032725981315532705,0.032725981315532705,0.020209385689582447
Usp32,-0.015657902666583054,0.015657902666583054,0.266589061965961
Med12,-0.03753215346681898,0.03753215346681898,0.007727765312770778
Slc25a1,-0.07603966713359954,0.07603966713359954,6.567391527915423e-08
Slc25a14,-0.0548747729067345,0.0548747729067345,9.77358175952449e-05
Hus1,-0.05928503467013994,0.05928503467013994,2.5558781491786097e-05
Pik3cb,-0.012278858288490355,0.012278858288490355,0.38365423672637466
Dffb,-0.11391547329755759,0.11391547329755759,5.129676569715986e-16
Armcx3,-0.11611521545067632,0.11611521545067632,1.385074555129266e-16
Cyb561d1,-0.060166809159716915,0.060166809159716915,1.9326294606529924e-05
Pde1b,-0.0145685407709564,0.0145685407709564,0.30129911594813596
Aff4,-0.035062890633525697,0.035062890633525697,0.012832735400549857
Sh3yl1,-0.018364832412577352,0.018364832412577352,0.19256020088995443
Tmem159,-0.09659184619787135,0.09659184619787135,6.46609937251557e-12
Dhx9,9.055667599109237e-05,9.055667599109237e-05,0.9948738349542856
Myst3,0.02654658667314953,0.02654658667314953,0.0596005617976742
Pramef8,-0.03773563034295512,0.03773563034295512,0.00740212663780074
Secisbp2l,-0.02276038820816039,0.02276038820816039,0.10631195584782642
Ddx59,-0.0313497235500749,0.0313497235500749,0.026099990504903504
Rmnd5a,-0.025956885085390305,0.025956885085390305,0.06549304340053123
2810001G20Rik,-0.010144822599747897,0.010144822599747897,0.47166975407296835
Mvp,-0.08420558013040715,0.08420558013040715,2.166849897856423e-09
Klf9,-0.10445263853371659,0.10445263853371659,1.0781864854364306e-13
Atg4c,-0.09584519634405818,0.09584519634405818,9.384512099374932e-12
Cdc25b,-0.0335469931288469,0.0335469931288469,0.017278180515129977
Pmel,-0.040824040928268926,0.040824040928268926,0.0037608044716483887
Hist1h3f,-0.08637755994257243,0.08637755994257243,8.266689091482332e-10
Hist1h2af,-0.00513965368242687,0.00513965368242687,0.7153754793420083
Slc2a1,-0.08098316658668026,0.08098316658668026,8.66520932601882e-09
Cc2d1b,-0.06376585482027419,0.06376585482027419,5.937142036423667e-06
Orc1,-0.08307385357188893,0.08307385357188893,3.5466005912318333e-09
Rpp40,-0.0870996893817542,0.0870996893817542,5.969105550158071e-10
Nsd1,0.030809546226311917,0.030809546226311917,0.02878862629027554
Fbxo46,-0.07895024376330592,0.07895024376330592,2.0226347173131605e-08
Ccdc134,-0.07394847709009118,0.07394847709009118,1.4913152814581166e-07
Ulk2,-0.04285349405317436,0.04285349405317436,0.002352219223900352
Kpna1,-0.07928066433082051,0.07928066433082051,1.764788378011134e-08
Papss2,-0.11031836928992193,0.11031836928992193,4.135654628632809e-15
Relb,-0.04216494211707235,0.04216494211707235,0.0027641817598444826
Atl3,-0.04524487669528261,0.04524487669528261,0.0013197950177212382
Polq,-0.023724659551460244,0.023724659551460244,0.09229106150499437
Bpgm,0.027842652635157148,0.027842652635157148,0.04818420601483936
Muted,-0.08107914849339928,0.08107914849339928,8.321008842172146e-09
Fkrp,-0.1076293668835705,0.1076293668835705,1.8848000573029253e-14
Psmb10,-0.07492562695737078,0.07492562695737078,1.0193282400867248e-07
Ift172,-0.04834875154886492,0.04834875154886492,0.0005986750047637504
Samd1,-0.04247014478184993,0.04247014478184993,0.002574062908295039
1110038D17Rik,-0.06191137138165285,0.06191137138165285,1.0993232301109009e-05
Utp6,-0.06589648528981504,0.06589648528981504,2.8651681053839955e-06
Dnajc12,-0.0820013946630864,0.0820013946630864,5.6236116150245164e-09
Nrp1,-0.026542135273596106,0.026542135273596106,0.059643336907665365
Ptpn22,-0.0789887780663892,0.0789887780663892,1.9907775650877583e-08
Egln1,-0.02370918511949783,0.02370918511949783,0.09250372353824003
Ercc3,-0.07288867454712132,0.07288867454712132,2.2411736188415026e-07
Cdk12,0.11298963798188144,0.11298963798188144,8.834166244581325e-16
Fam48a,-0.05302630657438888,0.05302630657438888,0.00016673937498841313
Rprd1a,-0.045567896107857574,0.045567896107857574,0.0012181618549346577
Eif2a,-0.1277414068960572,0.1277414068960572,9.017120252322568e-20
Ccny,-0.11999656902852411,0.11999656902852411,1.2931250612197406e-17
Trim39,-0.05852825668922051,0.05852825668922051,3.239010355155353e-05
Tmem175,-0.09736842604737325,0.09736842604737325,4.376058328095394e-12
Msto1,-0.07718203933530648,0.07718203933530648,4.157481595090957e-08
P2rx4,-0.039777289423224726,0.039777289423224726,0.0047546435643645284
Abhd4,-0.06545031643446728,0.06545031643446728,3.3435945289663313e-06
Atp2a2,-0.05087823966808811,0.05087823966808811,0.00030383741071864155
Tbc1d5,-0.009772079489273245,0.009772079489273245,0.48811008784706117
Fam189b,-0.026906200677499437,0.026906200677499437,0.05622801159525559
Zbtb7b,-0.04665423112895039,0.04665423112895039,0.0009270154517572329
Fbxo21,-0.048328161006879033,0.048328161006879033,0.0006019137831896265
Il15,-0.025977256036727205,0.025977256036727205,0.0652817661016737
Zkscan1,-0.01621051769050045,0.01621051769050045,0.2500755817852642
Zfp84,-0.02541775183890039,0.02541775183890039,0.0712926604263781
Fcho2,0.04847966100643798,0.04847966100643798,0.0005784599977226806
Exog,-0.07582504505000263,0.07582504505000263,7.151263494916209e-08
Chmp5,-0.03663721757201202,0.03663721757201202,0.009317498952240849
Epb4.1l2,-0.03834231788815485,0.03834231788815485,0.006502979054929144
Rabep1,0.008121127617844668,0.008121127617844668,0.5644932042766152
Zfp780b,-0.051819780282168076,0.051819780282168076,0.00023420704212107603
Apex2,-0.04095081434986469,0.04095081434986469,0.00365422959193937
Stard5,-0.041540899013883345,0.041540899013883345,0.0031933911800870467
Stub1,-0.05033025863695471,0.05033025863695471,0.00035284255293628917
Epsti1,-0.06884742603491821,0.06884742603491821,1.0066566948564228e-06
Crk,-0.032068786154512856,0.032068786154512856,0.022859497192955318
Whamm,-0.04787346785893524,0.04787346785893524,0.0006777249503114629
Isca1,-0.06702270757652104,0.06702270757652104,1.931865598794638e-06
Sars2,-0.07191197301566023,0.07191197301566023,3.2461450171023e-07
Ryr1,-0.03137636462156853,0.03137636462156853,0.025973199364571414
Midn,-0.09278030395601208,0.09278030395601208,4.203197790658048e-11
H2afz,0.32723422173627364,0.32723422173627364,5.343670399347821e-126
Zfp961,-0.07292992208094042,0.07292992208094042,2.206152751245716e-07
Isoc1,-0.08944022966141761,0.08944022966141761,2.0403002407027078e-10
Manba,-0.07059769373529132,0.07059769373529132,5.304338872919531e-07
Wdr41,-0.07882444680390749,0.07882444680390749,2.130115560022717e-08
Aldh7a1,-0.10121254238616159,0.10121254238616159,6.055100047401402e-13
Pdlim2,-0.012857246072149569,0.012857246072149569,0.36165142147067136
C130050O18Rik,-0.047490865550254474,0.047490865550254474,0.0007482945360009808
Utp15,-0.046650253555963916,0.046650253555963916,0.0009279524687296163
Tcf3,-0.11145440272751797,0.11145440272751797,2.1547550880837788e-15
Kcmf1,-0.057607972062098486,0.057607972062098486,4.304083053534264e-05
Atp11a,0.0020504541665095177,0.0020504541665095177,0.8843365948750157
Smndc1,-0.06975160352980295,0.06975160352980295,7.243689376652751e-07
Plekhb2,-0.0794192777023358,0.0794192777023358,1.6663911917438697e-08
Stam,-0.04100160691908841,0.04100160691908841,0.003612305600452401
Mettl5,-0.0699601159915287,0.0699601159915287,6.710452717789354e-07
Vps18,-0.07234120123800111,0.07234120123800111,2.760030627268575e-07
2810002D19Rik,-0.04527831075711418,0.04527831075711418,0.0013089237078967929
Pcgf6,-0.03191425031527713,0.03191425031527713,0.023524807730108954
Abcd4,-0.048449320081707895,0.048449320081707895,0.0005830878572926754
Exd2,-0.08306542034171424,0.08306542034171424,3.5595601588627267e-09
Mastl,-0.02709465260362498,0.02709465260362498,0.05452506380855443
Ston2,-0.01897201229246668,0.01897201229246668,0.1782600774016321
Terf1,-0.08264319713433392,0.08264319713433392,4.270774250490261e-09
Shisa5,-0.04754539127633382,0.04754539127633382,0.0007378368124671833
Gm13476,-0.06906442822589344,0.06906442822589344,9.305509389000862e-07
Creld1,-0.08137145318381599,0.08137145318381599,7.352651391667218e-09
Bzw2,-0.10796360357256425,0.10796360357256425,1.5641054330733945e-14
Med6,-0.051745207847540144,0.051745207847540144,0.00023912256830628826
St6galnac6,-0.10364911616495755,0.10364911616495755,1.6623423225494577e-13
Mettl22,-0.035305250295541116,0.035305250295541116,0.012224781959323552
Zzef1,0.0063006240880645326,0.0063006240880645326,0.6548636197679217
1810013L24Rik,-0.028657845025116126,0.028657845025116126,0.0419908859995702
Hars2,-0.0792220619689576,0.0792220619689576,1.808064170099516e-08
Brf2,-0.05221171341973028,0.05221171341973028,0.00020989351480303335
Mapk1ip1,-0.06412614413863381,0.06412614413863381,5.257137800986931e-06
Tmem126b,-0.053125107015525946,0.053125107015525946,0.00016211370009043007
Pde3b,-0.029113505854354307,0.029113505854354307,0.03883239327077661
Tmco6,-0.04699489671013862,0.04699489671013862,0.000849938519673195
Slc2a8,-0.07120718769169641,0.07120718769169641,4.2285607699634074e-07
Gm15417,-0.059237053145849906,0.059237053145849906,2.5947674238289363e-05
Zbtb17,-0.06312142793411606,0.06312142793411606,7.368491384321768e-06
Dnalc4,-0.08969492211102115,0.08969492211102115,1.8123316065878232e-10
Spry2,-0.09364009539069588,0.09364009539069588,2.773290542264458e-11
Slc25a26,-0.051935062079391255,0.051935062079391255,0.00022679427771796998
Taok3,-0.03761130517391913,0.03761130517391913,0.0075995980690701515
2700050L05Rik,-0.03095532201521077,0.03095532201521077,0.028040542983353484
Stap2,0.0054716977032702825,0.0054716977032702825,0.6978648232179869
Zranb1,-0.03788423525193913,0.03788423525193913,0.007172135787927091
Fam98b,-0.003290313980266553,0.003290313980266553,0.8154204728410877
Tmem185b,-0.08066992466685241,0.08066992466685241,9.887541688220447e-09
Plekha3,-0.00764525584242659,0.00764525584242659,0.5875311723316677
Homer3,-0.09357315982100409,0.09357315982100409,2.8649194799731e-11
1500010J02Rik,-0.04801607074787006,0.04801607074787006,0.0006530432001782884
Gpr137,-0.05114505591737401,0.05114505591737401,0.000282354732170306
Cspp1,-0.01248710352875628,0.01248710352875628,0.3756395587610552
Ccr2,0.023275965649597705,0.023275965649597705,0.09861867450077941
Sfmbt1,-0.031484285081796216,0.031484285081796216,0.02546501177330571
Taf1c,-0.10394629530267,0.10394629530267,1.4169250231486937e-13
Trappc6a,-0.003959255684204954,0.003959255684204954,0.7787878203735423
Mapk6,-0.0514903722714811,0.0514903722714811,0.0002566604812830584
Alms1,-0.06476195084694845,0.06476195084694845,4.234951674247935e-06
Slc39a6,-0.08208636747373493,0.08208636747373493,5.423057256868569e-09
Slc9a8,-0.0427485993708596,0.0427485993708596,0.0024111143346183493
Sos1,-0.0425023175652056,0.0425023175652056,0.0025547343845771374
P2ry2,-0.06749816951909693,0.06749816951909693,1.6326685864624199e-06
E230008N13Rik,0.010730758007637899,0.010730758007637899,0.44645475401307505
Tlr2,-0.00029017865433448177,0.00029017865433448177,0.9835748292533395
Trappc2,-0.030383130349431704,0.030383130349431704,0.03107627489253588
Kcnk12,-0.12396592170130903,0.12396592170130903,1.0551679953007227e-18
Sfswap,-0.03998052483866761,0.03998052483866761,0.004544850523199751
Mthfsd,-0.0809734068925113,0.0809734068925113,8.700973866844026e-09
Hist3h2a,-0.02089558408112537,0.02089558408112537,0.13816894434592508
Elp2,-0.1255498365749208,0.1255498365749208,3.7939898498672284e-19
Zbtb2,-0.07143861645656628,0.07143861645656628,3.87798071307948e-07
Mrps6,-0.06344449000928719,0.06344449000928719,6.6140115727199794e-06
Fdx1,-0.0928251565613977,0.0928251565613977,4.1133863827655484e-11
Rpph1,-0.03586282952908715,0.03586282952908715,0.010921994329705304
4933421O10Rik,-0.014212402825940664,0.014212402825940664,0.3132717856225998
Ypel5,-0.013519257191256667,0.013519257191256667,0.3374596207509844
Snx5,-0.10294302722630508,0.10294302722630508,2.425288173639036e-13
Scaf4,-0.04653705559002716,0.04653705559002716,0.0009549896836409761
2210404J11Rik,-0.053667402960425124,0.053667402960425124,0.0001388005244751504
Sox4,-0.0726616243431584,0.0726616243431584,2.4437725427957255e-07
Srp54a,-0.04735440627659264,0.04735440627659264,0.0007750727928448937
Arhgef3,-0.09914248817044626,0.09914248817044626,1.7731036328556132e-12
Ddx58,-0.042524747455569126,0.042524747455569126,0.0025413377248149184
Hipk2,0.023159560278922332,0.023159560278922332,0.10031560379099098
Tbxas1,-0.06923929172163842,0.06923929172163842,8.732833926163899e-07
Txndc11,-0.09063559638925282,0.09063559638925282,1.1666941107298636e-10
Ccdc62,-0.014454071848530958,0.014454071848530958,0.3051136642488105
BC026590,-0.07872137669874726,0.07872137669874726,2.2222911849510388e-08
Hmg20b,-0.00713592296809112,0.00713592296809112,0.6126601434735454
Bzrap1,-0.07496124463713855,0.07496124463713855,1.0051976774876368e-07
Cldn25,-0.11529501761569194,0.11529501761569194,2.2633838534791896e-16
Tmem86a,-0.07634190892761746,0.07634190892761746,5.822815553974212e-08
Sipa1l1,-0.025864474313218512,0.025864474313218512,0.06645857081890215
Ptges,-0.0308804637509209,0.0308804637509209,0.02842257709491546
Rabep2,-0.091833596857801,0.091833596857801,6.615141248581269e-11
Alg6,-0.1018986047688925,0.1018986047688925,4.2206637887190145e-13
Aph1b,-0.02115729954268698,0.02115729954268698,0.13329907846247516
Zfp445,0.04017311016090491,0.04017311016090491,0.004353823833435849
Cenpj,0.00932222471902578,0.00932222471902578,0.5083559717610621
Heatr5a,-0.030349031136290214,0.030349031136290214,0.0312657671653049
Mfap1a,-0.07473230756175452,0.07473230756175452,1.0994404036078768e-07
Pou2f1,-0.03391080082737375,0.03391080082737375,0.016103239695386285
Cdc73,-0.05077196001515856,0.05077196001515856,0.00031281318801277034
Hbxip,0.016282326023558353,0.016282326023558353,0.24798338768822764
Adcy3,-0.09275903620280124,0.09275903620280124,4.2464512874835446e-11
Abhd13,-0.08977751860821441,0.08977751860821441,1.743893121237872e-10
Vwa5a,-0.04973245759971638,0.04973245759971638,0.00041467864753761454
Kifap3,-0.0406531696162558,0.0406531696162558,0.003908919920357312
Zfp553,-0.03433218894154171,0.03433218894154171,0.01483059357684864
Akr1e1,-0.11142007175411406,0.11142007175411406,2.1978442142394535e-15
1810048J11Rik,-0.03277227301026461,0.03277227301026461,0.02003325308695044
Asprv1,0.048196897452668495,0.048196897452668495,0.0006229470763301556
Pon3,-0.07335156556774428,0.07335156556774428,1.8771795196479784e-07
Ccnk,-0.04658246485403199,0.04658246485403199,0.0009440572827229083
Casp6,-0.06328809944524356,0.06328809944524356,6.969522374740997e-06
Narg2,-0.05205333898275123,0.05205333898275123,0.0002194181215343355
Cpne2,-0.13568894772342885,0.13568894772342885,3.9847496871595704e-22
AI837181,-0.038566299853477294,0.038566299853477294,0.006196689902426875
Fbxo17,-0.05329076500285739,0.05329076500285739,0.00015462769288991518
Tpd52,0.035810245375656816,0.035810245375656816,0.011039359921207196
Ppp1r11,-0.052491077403209435,0.052491077403209435,0.00019403222829310948
Pcmtd2,-0.05319794689266693,0.05319794689266693,0.0001587810512579638
BC028528,-0.06618594469851162,0.06618594469851162,2.5906828488970113e-06
Gmeb2,-0.027210350232654668,0.027210350232654668,0.05350102905845816
Mtrf1,-0.05573238918878501,0.05573238918878501,7.585546803607737e-05
Map4k1,-0.10612857338658492,0.10612857338658492,4.3241430098807954e-14
Drg2,-0.09553736030793783,0.09553736030793783,1.0933256361548831e-11
Btg2,0.06000427393393697,0.06000427393393697,2.0353922404675932e-05
Irak2,-0.047515099204929495,0.047515099204929495,0.0007436297846934117
Zfand2a,-0.04449635609341994,0.04449635609341994,0.0015860803246745812
1810044D09Rik,-0.07210473322073921,0.07210473322073921,3.018401983131658e-07
Dhx40,-0.07550815476489077,0.07550815476489077,8.10618425338626e-08
Ipp,-0.07427015742174135,0.07427015742174135,1.3164198083126542e-07
Klhl15,-0.0274785247434965,0.0274785247434965,0.051189046042575785
Gpr56,-0.054797024426146056,0.054797024426146056,9.998978613567363e-05
Rttn,-0.039465055187192614,0.039465055187192614,0.005094059085553538
Alg5,-0.05464788007931265,0.05464788007931265,0.00010445153818744035
0610007P08Rik,-0.04259379977806693,0.04259379977806693,0.0025004972171935747
Elmo2,-0.10309022382337883,0.10309022382337883,2.2421108437546163e-13
Stx16,-0.07787735069050718,0.07787735069050718,3.137556573373167e-08
Zfyve20,-0.022611954445801555,0.022611954445801555,0.10861288059325529
Lars,0.006079136915117583,0.006079136915117583,0.6662491552909138
Per1,-0.08254964934947877,0.08254964934947877,4.446126001736482e-09
Slc25a13,-0.10414906121603373,0.10414906121603373,1.2702830609544718e-13
Nbeal1,0.019146675479550825,0.019146675479550825,0.1742965716973599
9430015G10Rik,-0.04256270953352306,0.04256270953352306,0.002518810456837107
Fam132a,-0.029287171128456562,0.029287171128456562,0.03768288729073262
Arid1b,-0.020745238578375312,0.020745238578375312,0.14102783674554326
Supt7l,-0.08313781482450908,0.08313781482450908,3.449793370450699e-09
Patz1,-0.08727099399188731,0.08727099399188731,5.523235048526713e-10
Foxred2,-0.025045897428469296,0.025045897428469296,0.07553301243592238
3110082I17Rik,-0.10366496991558638,0.10366496991558638,1.6482554173377757e-13
9130206I24Rik,0.016506211824004538,0.016506211824004538,0.24153901550210727
Hmgn1,-0.061988674374824096,0.061988674374824096,1.0718125164070561e-05
Gm5483,0.15032577516121295,0.15032577516121295,7.669356959489093e-27
Pik3c3,-0.10481032232356723,0.10481032232356723,8.882459164428656e-14
Odf2,-0.06737519168009357,0.06737519168009357,1.705478263536163e-06
Nup214,-0.003651999262263783,0.003651999262263783,0.795558198135101
Immp2l,-0.059241478396427766,0.059241478396427766,2.591157317241346e-05
Apbb3,-0.07725199262694703,0.07725199262694703,4.041844444633187e-08
Prpf18,-0.08363926273267688,0.08363926273267688,2.77495094871022e-09
Diap1,0.07508021831426472,0.07508021831426472,9.593582091133675e-08
Glrx2,-0.06285070232537407,0.06285070232537407,8.063455117543845e-06
Ptprr,-0.06233991313994007,0.06233991313994007,9.548799705175183e-06
Phf2,-0.05484612840340131,0.05484612840340131,9.856059870824535e-05
Rnf121,-0.04726199697930737,0.04726199697930737,0.000793708985786142
Nsun6,-0.012402176962155047,0.012402176962155047,0.37889554318015406
2010001M09Rik,-0.014356050672987144,0.014356050672987144,0.3084054614325569
Mmp19,-0.060685927588030354,0.060685927588030354,1.6364886228308544e-05
4921531C22Rik,-0.0600543314538452,0.0600543314538452,2.003201722592131e-05
Pycrl,-0.114435200149939,0.114435200149939,3.7733259630689904e-16
Ankra2,-0.025339638299667983,0.025339638299667983,0.07216684155425905
Serinc5,-0.00984266456743288,0.00984266456743288,0.48497331328556614
Tubb6,-0.028125638796334493,0.028125638796334493,0.045952528594848364
Wbp7,0.03707158125192281,0.03707158125192281,0.008512705352419742
Zfp707,0.0029797135110179625,0.0029797135110179625,0.8325730568919674
Nmt1,-0.0856623755081735,0.0856623755081735,1.1383365330802375e-09
1700025G04Rik,-0.051973569811883606,0.051973569811883606,0.0002243676332339001
B3gnt1,-0.058933014083590245,0.058933014083590245,2.854581571127696e-05
Phf20,-0.041893513800823616,0.041893513800823616,0.0029439432740755497
Tbc1d25,-0.05158112097437781,0.05158112097437781,0.0002502812845920597
2810046L04Rik,-0.01985421604316825,0.01985421604316825,0.15891231100334474
Map3k8,-0.034448226060284026,0.034448226060284026,0.014496083071477043
Fmnl3,-0.10245781607161629,0.10245781607161629,3.139416234999172e-13
1700055N04Rik,-0.020022940466383858,0.020022940466383858,0.15540013903367125
Fbxo30,-0.01912395435464658,0.01912395435464658,0.17480841130317185
Pitrm1,-0.06581006244714213,0.06581006244714213,2.952388337296428e-06
Wdr85,-0.06699871517215342,0.06699871517215342,1.9482816763549022e-06
Icosl,-0.00884662408107412,0.00884662408107412,0.5302298608705766
Zfp628,-0.0898830577349176,0.0898830577349176,1.660109114366089e-10
Enpp5,-0.10008174979452333,0.10008174979452333,1.0919184498214653e-12
Casp9,-0.06303307546307689,0.06303307546307689,7.5887468911555345e-06
Tbc1d22a,-0.07786500179382685,0.07786500179382685,3.153346439246502e-08
Tmc6,-0.059374483539048444,0.059374483539048444,2.4848543826532665e-05
Polr3e,-0.11826511863282237,0.11826511863282237,3.760392203540689e-17
Zfp182,-0.05697150237624864,0.05697150237624864,5.226683945185543e-05
Gpr180,-0.08834787670793423,0.08834787670793423,3.378888312794242e-10
Vsig10,-0.0017174363320057802,0.0017174363320057802,0.9030199321994531
Snhg7,-0.03771954466599988,0.03771954466599988,0.007427414422560228
Pdik1l,-0.046732204144403204,0.046732204144403204,0.0009088230235275864
Zfp119b,-0.0300099438103913,0.0300099438103913,0.03320465063300132
H2-DMb1,-0.0043679372516801885,0.0043679372516801885,0.7566413854413714
Uchl4,-0.08665406710128357,0.08665406710128357,7.299866539802068e-10
Traf2,-0.09468009177663445,0.09468009177663445,1.6687363215016335e-11
Fam195a,-0.08878846750734294,0.08878846750734294,2.7588272434403427e-10
Ubr3,-0.022316531179562123,0.022316531179562123,0.11330941955425926
H2-T23,-0.005261331705119209,0.005261331705119209,0.7089406967394376
Adi1,-0.0952475009440438,0.0952475009440438,1.2618927833515215e-11
Csda,-0.07096066988836723,0.07096066988836723,4.635574090419267e-07
Praf2,-0.04486382506304476,0.04486382506304476,0.0014497197508425274
Ube3b,-0.040568372539370366,0.040568372539370366,0.003984373385628769
Arsa,-0.07644849415524672,0.07644849415524672,5.580287045863392e-08
Ublcp1,0.006219067807719307,0.006219067807719307,0.659046867573386
Mtif2,-0.06610163600749829,0.06610163600749829,2.6679109963670414e-06
Gm16973,-0.013327513567311775,0.013327513567311775,0.34435709454577346
Rpusd2,-0.037382327998418036,0.037382327998418036,0.0079756848083355
Gtpbp3,-0.05478779576997046,0.05478779576997046,0.00010026056318579165
D330028D13Rik,-0.04421343705521074,0.04421343705521074,0.001699003694142358
Hist2h3c1,-0.0484514808988243,0.0484514808988243,0.0005827571345381456
Btnl9,0.016039870490297037,0.016039870490297037,0.2550968815317725
Dnahc8,-0.009947060675852156,0.009947060675852156,0.4803540710442814
Arfip1,-0.016569757934914133,0.016569757934914133,0.23973155585364608
AU040320,-0.08251878941015092,0.08251878941015092,4.505493467817668e-09
AW112010,0.07323379164704688,0.07323379164704688,1.9639620207775537e-07
Zfp955a,-0.07126429935715684,0.07126429935715684,4.139306898369173e-07
Mki67ip,-0.10180782627644593,0.10180782627644593,4.427721418987974e-13
Mphosph9,-0.03047315922198246,0.03047315922198246,0.030580705339403772
Mtor,-0.058643162229552265,0.058643162229552265,3.125148480701266e-05
Ttf1,0.03490144478511903,0.03490144478511903,0.013252417050531535
Slco3a1,-0.012963525534719179,0.012963525534719179,0.3576960935151982
Fbxo33,-0.03949654229365363,0.03949654229365363,0.005058864559704774
Pmpca,-0.10521799453232657,0.10521799453232657,7.116454325181434e-14
Acy1,-0.10511136489676831,0.10511136489676831,7.541875685882911e-14
Snrnp35,-0.03802279559364501,0.03802279559364501,0.006963489260850175
Ints4,-0.05786339032977181,0.05786339032977181,3.979166767631422e-05
Ppp1r12c,0.003749997809706729,0.003749997809706729,0.7901986658773587
Cep78,-0.08145571635727479,0.08145571635727479,7.094471805435793e-09
Ppp4r2,0.04195141454598158,0.04195141454598158,0.0029047252194200207
Zbtb34,-0.03490956772505922,0.03490956772505922,0.013231014992931993
Cdyl2,-0.03649403181755221,0.03649403181755221,0.009597293510569208
Irgm1,-0.025826213919971776,0.025826213919971776,0.06686173998104507
Sc4mol,-0.004443766350962381,0.004443766350962381,0.7525534913850268
Car9,-0.098342892960491,0.098342892960491,2.6695163599892908e-12
Mbd5,-0.015084702214347436,0.015084702214347436,0.2844943172640293
1810074P20Rik,-0.06171789135196464,0.06171789135196464,1.1711645674757894e-05
H2-Q10,0.059536256277449184,0.059536256277449184,2.36114550374142e-05
Wdr5b,-0.03344366272498754,0.03344366272498754,0.017625313516023863
Zfp326,0.001482428860456125,0.001482428860456125,0.9162375978981423
4930520O04Rik,-0.052361077567491435,0.052361077567491435,0.0002012676772384849
Mcm10,-0.060250685635825044,0.060250685635825044,1.8815501979878795e-05
Slc20a2,-0.07037444362114466,0.07037444362114466,5.760874898856945e-07
Mdc1,-0.0408807213586124,0.0408807213586124,0.003712810519658129
Wdr73,-0.09624448141489211,0.09624448141489211,7.69228738522875e-12
Mocs3,-0.06159712494651505,0.06159712494651505,1.2182542353487653e-05
Jak3,-0.09919890654930749,0.09919890654930749,1.7224338207247618e-12
Zfp422,-0.11582890368024336,0.11582890368024336,1.6447414171567241e-16
Agpat2,-0.046091331400273494,0.046091331400273494,0.0010686968254567432
Tiprl,-0.11938146719944674,0.11938146719944674,1.8928080833312617e-17
Egln2,-0.05837025415342296,0.05837025415342296,3.402025815626811e-05
Recql4,-0.04429201880408494,0.04429201880408494,0.0016669192379283975
Etv6,-0.0553461656136941,0.0553461656136941,8.506409612447575e-05
Golgb1,0.03599959435242422,0.03599959435242422,0.010621916149470964
Chd2,0.033259813070672425,0.033259813070672425,0.018258075224714804
Tlcd1,-0.004782564107279228,0.004782564107279228,0.7343752320173051
Stk38,-0.043916128187386584,0.043916128187386584,0.001825599544461392
Pf4,-0.02157548167618634,0.02157548167618634,0.12579474836909108
1700052K11Rik,-0.060494214135807044,0.060494214135807044,1.7404298169703698e-05
Mov10,-0.045827819794479474,0.045827819794479474,0.0011416821547558422
Rasl11b,-0.1762685132138058,0.1762685132138058,1.992744884212279e-36
Sec24b,-0.05321958817021767,0.05321958817021767,0.00015780338398188652
Tspan31,-0.14067664679444225,0.14067664679444225,1.1191963885705131e-23
R3hcc1,-0.10109393563387471,0.10109393563387471,6.443367625557282e-13
Xrn1,0.030522325544588513,0.030522325544588513,0.0303129420543831
Slc39a3,-0.04893313181429755,0.04893313181429755,0.0005132431460274246
A230046K03Rik,-0.00561019460315626,0.00561019460315626,0.6906076839915453
Vac14,-0.0979974667565507,0.0979974667565507,3.1824481896518342e-12
AW549877,-0.011083228361946704,0.011083228361946704,0.43166377609190154
Twsg1,-0.023787464944831086,0.023787464944831086,0.09143196617611611
Lztfl1,-0.07531301396564363,0.07531301396564363,8.754447948603937e-08
Zfp944,-0.033827497755902096,0.033827497755902096,0.016365891104265267
Shprh,-0.012942677444334192,0.012942677444334192,0.3584698284671203
Zfp451,-0.031114927978835208,0.031114927978835208,0.02724075508411587
Aco1,-0.08327326412169174,0.08327326412169174,3.2532008867641537e-09
Stard4,0.000848523744469691,0.000848523744469691,0.9519960559993496
Hip1r,-0.10425317757414085,0.10425317757414085,1.2008872011471557e-13
Dusp6,-0.11490236183704233,0.11490236183704233,2.8597633180975473e-16
Ammecr1l,-0.049151309679562806,0.049151309679562806,0.0004843690053370278
Eml5,0.004046263415607244,0.004046263415607244,0.7740571239378659
Mink1,-0.03075556133510792,0.03075556133510792,0.029069989178470153
Gla,-0.09498203018399295,0.09498203018399295,1.4384451324172005e-11
Ttc3,-0.02543091691461971,0.02543091691461971,0.07114618589744957
Map3k4,0.015564251704862773,0.015564251704862773,0.26946024904653215
Pepd,-0.10986440064086334,0.10986440064086334,5.356549558435961e-15
Hdac8,-0.058339429007394875,0.058339429007394875,3.434724141897374e-05
Fam168a,-0.009326362791684532,0.009326362791684532,0.5081677506329814
Irf2,0.03721879845008726,0.03721879845008726,0.008254386678884474
Ncor2,-0.06709599070380913,0.06709599070380913,1.8825423439769097e-06
Pbx4,-0.06720632806346943,0.06720632806346943,1.8105545191445739e-06
Ifi35,-0.07742648753594261,0.07742648753594261,3.7668175484418324e-08
Zfp426,-0.05551816755656444,0.05551816755656444,8.083976141980635e-05
Nln,-0.06229856963033021,0.06229856963033021,9.679831388037479e-06
Cep97,-0.05912683348503416,0.05912683348503416,2.686242581464467e-05
BC048355,-0.12000540490327813,0.12000540490327813,1.2860486879677726e-17
Mettl17,-0.06536615131530477,0.06536615131530477,3.4420470862285424e-06
Phf21a,-0.0011728485030828122,0.0011728485030828122,0.9336843203379098
Creb3l1,-0.06997377035122472,0.06997377035122472,6.676885863148903e-07
Kctd18,-0.06339768424658361,0.06339768424658361,6.71855117632477e-06
2310005G13Rik,0.06119797076179417,0.06119797076179417,1.3870827024118851e-05
Pgpep1,-0.08882078186185659,0.08882078186185659,2.7180031047145425e-10
Mrpl2,-0.07233123483803294,0.07233123483803294,2.7704753725101146e-07
Stim2,-0.05820931819650433,0.05820931819650433,3.576058278650793e-05
Bambi,-0.11717552586361926,0.11717552586361926,7.303122932531832e-17
Mrps2,-0.10064668489758964,0.10064668489758964,8.139810356726635e-13
Smg6,0.026242733894646923,0.026242733894646923,0.06257938316610641
Mapk8ip3,-0.014410522715273466,0.014410522715273466,0.3065732656072697
Bag2,-0.09558620495204218,0.09558620495204218,1.0671797842322949e-11
Slain1,-0.058401840213673985,0.058401840213673985,3.3688270692346095e-05
Stat5a,-0.09849139995046899,0.09849139995046899,2.4747763595053497e-12
Gch1,-0.01204024383549847,0.01204024383549847,0.3929653152782985
Trmt11,-0.08947597556968542,0.08947597556968542,2.0066923111787124e-10
Mpnd,-0.08074391912249732,0.08074391912249732,9.584509280689178e-09
Tbl1xr1,-0.01695479721442979,0.01695479721442979,0.22898358241348854
Zcwpw1,-0.06427477981502251,0.06427477981502251,4.998904379549577e-06
Agap3,-0.04138903162566249,0.04138903162566249,0.0033066411985011794
Med23,-0.07888195097903287,0.07888195097903287,2.0803134614128967e-08
Tmem43,-0.15408028217516298,0.15408028217516298,3.937940162449136e-28
Zbed3,-0.10542870706988772,0.10542870706988772,6.343955494979028e-14
Fam109b,-0.04149153596357873,0.04149153596357873,0.0032298083478967195
Tas1r1,-0.05801982856360188,0.05801982856360188,3.7918022648105734e-05
Ms4a6d,0.024459745040162923,0.024459745040162923,0.08263296209426238
Larp4,-0.025047152856442306,0.025047152856442306,0.07551835764933433
Tns3,-0.0501973359124893,0.0501973359124893,0.00036579605054905024
Fkbp11,-0.08523293913080872,0.08523293913080872,1.377719023988674e-09
Mprip,-0.05594435585557903,0.05594435585557903,7.121060979175049e-05
Ccdc137,-0.07581296825022235,0.07581296825022235,7.185570330436084e-08
Tnrc6b,0.04819745750050908,0.04819745750050908,0.0006228559013900838
Cluap1,-0.061127628358458905,0.061127628358458905,1.41905866843459e-05
Ccdc22,-0.11844150024350349,0.11844150024350349,3.3753300903869335e-17
Lrrc57,-0.08111334227684609,0.08111334227684609,8.201626900445668e-09
Hist1h2bp,-0.02264488727268077,0.02264488727268077,0.1080990065836962
Tmem42,-0.04800982317618291,0.04800982317618291,0.000654106790150346
Chmp3,-0.053959129072253934,0.053959129072253934,0.0001276037019800522
Zmym1,-0.028708726444547236,0.028708726444547236,0.041627741541782656
Gm11602,-0.004111228441195568,0.004111228441195568,0.7705303622093775
Ippk,-0.16683158724570088,0.16683158724570088,9.327241763461742e-33
Fastkd5,-0.08390105597640019,0.08390105597640019,2.4756077768767756e-09
Fastkd2,-0.11108107289672045,0.11108107289672045,2.671563434959338e-15
Tlr7,-0.02000834077434401,0.02000834077434401,0.15570169870210282
Dyrk3,0.0006764644977272531,0.0006764644977272531,0.9617216277960183
Hyi,-0.0077800310118686785,0.0077800310118686785,0.5809624080985575
Larp4b,-0.01406065271655113,0.01406065271655113,0.3184671809411469
Sf3b2,0.06926487769750136,0.06926487769750136,8.651939636151524e-07
BC020535,-0.03873024654430296,0.03873024654430296,0.005980795133649969
Parn,-0.079026900711085,0.079026900711085,1.9597402175649552e-08
Pcsk7,-0.0931029297366569,0.0931029297366569,3.5975631538046654e-11
Kdm5b,-0.015730072400779293,0.015730072400779293,0.2643908603927118
Cml1,0.0008569350563259399,0.0008569350563259399,0.9515207817502253
Zbtb45,-0.1083603474410285,0.1083603474410285,1.2525506524001791e-14
Papolg,-0.04896749849060121,0.04896749849060121,0.0005085910011374287
Ndufaf1,-0.057188847618110786,0.057188847618110786,4.892371815406273e-05
Trit1,-0.06233918407493465,0.06233918407493465,9.551095618204834e-06
Rapgef3,-0.0393596629713123,0.0393596629713123,0.005213476113099858
Cpped1,-0.06184117505786098,0.06184117505786098,1.1248875998779227e-05
Pomt1,-0.08466767294090063,0.08466767294090063,1.768703122786913e-09
Gm3604,-0.09991591098132932,0.09991591098132932,1.1898888888764484e-12
Sar1b,-0.07073306959614303,0.07073306959614303,5.04470541414136e-07
1110008L16Rik,-0.1267105112103416,0.1267105112103416,1.778127508363254e-19
Glce,-0.06506036185291686,0.06506036185291686,3.823663552174643e-06
Ttc38,-0.044717045164870975,0.044717045164870975,0.0015028365326014374
Mrps15,-0.0866133024593133,0.0866133024593133,7.435136462543679e-10
2410002I01Rik,-0.02834761400355052,0.02834761400355052,0.04426348757339187
Exoc4,-0.025735808514778167,0.025735808514778167,0.06782239007617052
Tspan17,0.017370758208484598,0.017370758208484598,0.2177627365931266
Stoml1,-0.053013989381017756,0.053013989381017756,0.00016732467086387598
Wdr20a,-0.05596272233185843,0.05596272233185843,7.082106387024993e-05
Tubb2a,-0.012704252954557271,0.012704252954557271,0.36739317599586163
Noc3l,-0.05379878295575644,0.05379878295575644,0.00013364808191621862
Slc7a11,-0.008007306764266477,0.008007306764266477,0.5699638020648451
Ssx2ip,-0.10753213232323104,0.10753213232323104,1.9896763398945133e-14
Cnnm4,-0.05041914503921007,0.05041914503921007,0.0003444211197489496
4833420G17Rik,-0.03915970298898187,0.03915970298898187,0.005447017316591473
Cep290,0.02557779109179276,0.02557779109179276,0.06952872895998131
Dtx2,-0.0825885210745606,0.0825885210745606,4.3724279819604475e-09
Prkci,-0.03566596302724078,0.03566596302724078,0.01136716541853593
Ercc8,-0.08358623247870632,0.08358623247870632,2.839742680084007e-09
Ppa1,-0.060296138787931615,0.060296138787931615,1.8544097799044115e-05
D2Wsu81e,-0.11549868032820096,0.11549868032820096,2.0041885229212918e-16
Heatr2,-0.12423155103356529,0.12423155103356529,8.896508809029386e-19
Sqle,-0.0047030189531509885,0.0047030189531509885,0.7386303255082541
Pik3c2b,0.0029072373239440227,0.0029072373239440227,0.8365872925444782
Pank3,-0.006494759833254679,0.006494759833254679,0.6449495295523745
Ccdc163,-0.06790923565428833,0.06790923565428833,1.4103503125308729e-06
Zfp790,-0.03690082324379206,0.03690082324379206,0.00882136390018532
Gen1,-0.005486321887643461,0.005486321887643461,0.6970972066563808
Rbbp5,-0.03359052573750801,0.03359052573750801,0.017133739131940946
Zscan21,-0.03154314539605581,0.03154314539605581,0.02519148567028251
Zfp260,-0.04781011372724258,0.04781011372724258,0.0006889660747501598
D11Wsu47e,-0.028940255450839142,0.028940255450839142,0.04000869237308171
Pld1,-0.02235296359987857,0.02235296359987857,0.11272172544832788
Lepre1,-0.06458177280649616,0.06458177280649616,4.503457150821476e-06
Abhd8,-0.06681372175804799,0.06681372175804799,2.079434492400585e-06
1600012F09Rik,-0.03267805543843601,0.03267805543843601,0.020393157762392436
Foxj3,-0.030090727089043475,0.030090727089043475,0.0327336368022852
Cd14,-0.015520808101572964,0.015520808101572964,0.2707993364809521
Gtf2h1,-0.10955135701985683,0.10955135701985683,6.398584308284421e-15
Hist2h2aa1,-0.026278365213189388,0.026278365213189388,0.062223822404738824
Rnf141,-0.03452691959930139,0.03452691959930139,0.014273028025353424
Mia3,-0.03304080268793983,0.03304080268793983,0.01903772757682973
Mon1b,-0.06718064662286667,0.06718064662286667,1.8270699971960322e-06
Gjb3,-0.0858715523496091,0.0858715523496091,1.0369299905282878e-09
Ccdc9,-0.08991105166520581,0.08991105166520581,1.6385537757197865e-10
2900008C10Rik,-0.06302529103847299,0.06302529103847299,7.608451648125528e-06
Slc39a9,-0.04684163735306601,0.04684163735306601,0.0008838478393591372
2010317E24Rik,-0.08244920644904637,0.08244920644904637,4.642198947903332e-09
1110028C15Rik,-0.030418076914776833,0.030418076914776833,0.030883097069156783
Ocrl,-0.06128816320412078,0.06128816320412078,1.3470877072698343e-05
Usp36,-0.03024089307455699,0.03024089307455699,0.03187326890679373
Xaf1,-0.036409824187080934,0.036409824187080934,0.009765315946799474
Ptpru,-0.015505173816399109,0.015505173816399109,0.27128235491528535
Sh3bp5,-0.032501378268276745,0.032501378268276745,0.021083273355826413
Atp6v0c-ps2,-0.03097928363151772,0.03097928363151772,0.02791919504581009
Bard1,-0.08601891741720148,0.08601891741720148,9.708337104108623e-10
Tbc1d24,-0.02525824636928963,0.02525824636928963,0.07308702766668528
Sgk1,-0.007792260826877192,0.007792260826877192,0.580368047564353
Pdp1,-0.008152917276319897,0.008152917276319897,0.5629698160429348
Hjurp,0.0009590497644264949,0.0009590497644264949,0.9457522991228904
Inf2,-0.016432546073598356,0.016432546073598356,0.24364628632169302
Mmd,-0.06284986175876633,0.06284986175876633,8.065707394089025e-06
Coil,-0.07699125487149658,0.07699125487149658,4.489397891068808e-08
C030046E11Rik,-0.051665076823242284,0.051665076823242284,0.0002445122573963478
1810032O08Rik,-0.02736116813701303,0.02736116813701303,0.05219029989922048
Gm5918,-0.04557499974270837,0.04557499974270837,0.0012160102859710665
Gtdc1,-0.036810922021741965,0.036810922021741965,0.008987851393181345
Lmna,0.031004010944283393,0.031004010944283393,0.027794444204681988
Nkrf,-0.11025444765398698,0.11025444765398698,4.289339494018988e-15
Vprbp,-0.02132861561440762,0.02132861561440762,0.13018394418585616
Osbpl1a,-0.00026274895365510317,0.00026274895365510317,0.9851272612407848
Ercc2,-0.09012514949746372,0.09012514949746372,1.482498505911788e-10
Kdm6a,-0.05017158852396748,0.05017158852396748,0.00036835600639737733
Dffa,-0.03534556732454757,0.03534556732454757,0.012126161199814457
Scaf8,-0.004462657780000718,0.004462657780000718,0.7515361410677663
Zfp692,-0.07103704568231382,0.07103704568231382,4.505596927713163e-07
Trim33,-0.006092316941877118,0.006092316941877118,0.6655694480895049
Eftud1,-0.027279621489006114,0.027279621489006114,0.0528956325557761
Mnd1,-0.08108486391909428,0.08108486391909428,8.300937485785256e-09
Rsph3a,-0.07134401365844054,0.07134401365844054,4.0177622934954966e-07
Uhrf1bp1l,0.015308822994542361,0.015308822994542361,0.27739882671011357
Gm13308,-0.030715953907164632,0.030715953907164632,0.02927792024544539
Gas2l3,-0.039293158850147114,0.039293158850147114,0.005290125428126266
Fahd2a,-0.019717962319356262,0.019717962319356262,0.16179214121059898
Spata2,-0.049172071086696176,0.049172071086696176,0.00048170179984284676
Sin3a,-0.04801817404749773,0.04801817404749773,0.0006526854952251608
Zmym4,-0.017174866589798925,0.017174866589798925,0.22299682997833287
Scrg1,0.0870297203932692,0.0870297203932692,6.16115189144344e-10
Nat8l,-0.03248809384044461,0.03248809384044461,0.021135976175264748
Zfp606,-0.04830041251012182,0.04830041251012182,0.0006063042611562522
Mecr,-0.0878403195598512,0.0878403195598512,4.2626447905466836e-10
Tmod1,0.018221984257427985,0.018221984257427985,0.1960437675390645
Heatr3,-0.10464319048642598,0.10464319048642598,9.725090631078458e-14
Rbm19,-0.05600088844602565,0.05600088844602565,7.00180109535795e-05
BC049762,-0.08557412771402328,0.08557412771402328,1.1839603742569596e-09
Ankrd10,-0.07972695889841187,0.07972695889841187,1.4666364469144556e-08
Mef2a,0.03823173909198456,0.03823173909198456,0.006659155620231991
2010011I20Rik,0.006060065803079884,0.006060065803079884,0.6672331568112929
Wdr44,-0.01906976511478744,0.01906976511478744,0.176033660374699
C1qc,0.02271255517684924,0.02271255517684924,0.10704917555689585
Wdr8,-0.08251761363955876,0.08251761363955876,4.507770565976917e-09
Fam40a,-0.09994202227237932,0.09994202227237932,1.1739105837345488e-12
Tcf4,-0.007219738139761698,0.007219738139761698,0.6084924159374225
Sc5d,-0.10312649382011901,0.10312649382011901,2.1991038157282234e-13
Dnase1l1,-0.06508584068334361,0.06508584068334361,3.79037859692404e-06
Siah1a,-0.021474723343301264,0.021474723343301264,0.1275720708643085
Rhoc,0.025172480888786805,0.025172480888786805,0.07406702108277499
Cdk6,-0.07703576673909893,0.07703576673909893,4.409734610585259e-08
BC055324,-0.08958587102649025,0.08958587102649025,1.9067205579178442e-10
Scrib,-0.04009988392949472,0.04009988392949472,0.0044255830728722936
Phkb,-0.11328046248305323,0.11328046248305323,7.451027922570392e-16
Trim13,-0.05411827228620184,0.05411827228620184,0.00012186003751124048
Ikbkb,-0.09093423214849933,0.09093423214849933,1.0135032823724536e-10
2810422O20Rik,-0.0726370270000216,0.0726370270000216,2.4667543016083263e-07
C330006A16Rik,-0.10908523401888195,0.10908523401888195,8.329665189259195e-15
Traf4,-0.03505232825179957,0.03505232825179957,0.012859828705832684
Mier2,-0.029029769669350117,0.029029769669350117,0.039397208192832676
Zfp809,-0.026693361306269862,0.026693361306269862,0.05820433815593847
Ubr1,-0.03301581566332965,0.03301581566332965,0.019128501886039578
Polr3d,-0.04939834504192083,0.04939834504192083,0.00045350712194583144
Tnfrsf18,-0.05323037552383062,0.05323037552383062,0.00015731817188971534
Bex6,-0.07626160443681787,0.07626160443681787,6.012257171444371e-08
Gtf2e1,-0.12132595128631504,0.12132595128631504,5.637849809014364e-18
Cdkn1b,0.022101319384257277,0.022101319384257277,0.11683039122814073
BC005764,-0.1401668603215718,0.1401668603215718,1.622194121957823e-23
Hyls1,-0.048646744947158684,0.048646744947158684,0.0005535815856783473
Fam20b,-0.021578800502757213,0.021578800502757213,0.1257365358244511
Adal,-0.04554333083882216,0.04554333083882216,0.0012256293786488408
Gls2,-0.04469469383416047,0.04469469383416047,0.0015110805221161632
Erap1,-0.1134337995905453,0.1134337995905453,6.810046756748809e-16
Apol11b,0.0852780013715212,0.0852780013715212,1.3504597042127781e-09
Azi1,-0.05887440756499297,0.05887440756499297,2.9074264284852977e-05
Ahcyl2,-0.014527166928118798,0.014527166928118798,0.30267417263523155
Clu,-0.0028622245307513648,0.0028622245307513648,0.8390825644769525
Tfdp1,-0.04463907779415062,0.04463907779415062,0.001531774828256419
Aip,0.015390344983038453,0.015390344983038453,0.27484804998354206
1110058L19Rik,-0.06535795901376143,0.06535795901376143,3.451777121230353e-06
Uap1,-0.102853653697258,0.102853653697258,2.543596526331412e-13
Ttpal,-0.0627180851303536,0.0627180851303536,8.426333199223472e-06
Ubxn7,-0.008163263734991343,0.008163263734991343,0.5624744327379427
Ptcd1,-0.08688535214283286,0.08688535214283286,6.576641753062742e-10
Sec16b,-0.056150950779052716,0.056150950779052716,6.694328417556276e-05
Nampt,-0.06588125895072919,0.06588125895072919,2.880353411614798e-06
Spryd4,-0.11957214869294747,0.11957214869294747,1.682299619279682e-17
Tlk2,-0.027642007154805935,0.027642007154805935,0.04982110033220391
Usp2,-0.05890703772050561,0.05890703772050561,2.8778905474746748e-05
Pign,-0.04281793335619057,0.04281793335619057,0.002372036266216907
Gp9,-0.04798291386195114,0.04798291386195114,0.0006587062783290675
Sh3bp1,-0.12564708078097475,0.12564708078097475,3.5615398833604026e-19
Smad4,-0.005719060851265123,0.005719060851265123,0.6849230199177395
Mcph1,-0.01100647370028962,0.01100647370028962,0.4348602876013843
I730030J21Rik,-0.01771896342702359,0.01771896342702359,0.20867800614891327
Acsf3,-0.09487317112754956,0.09487317112754956,1.5176404212072728e-11
Il12a,-0.09500400852734439,0.09500400852734439,1.4229539857693875e-11
Pigo,-0.04917271402254337,0.04917271402254337,0.0004816194212863306
Pitpnb,-0.13804905412538077,0.13804905412538077,7.470841137518123e-23
Mettl3,-0.09169050618815996,0.09169050618815996,7.081696709487005e-11
1110017F19Rik,0.010329361661551474,0.010329361661551474,0.46364476063294174
Msh2,-0.10867125564709064,0.10867125564709064,1.0518422510458236e-14
Slc25a15,-0.09078974466902545,0.09078974466902545,1.084992467226709e-10
Oxsm,-0.06051490366948989,0.06051490366948989,1.728916935522266e-05
Vegfa,0.01244241154989295,0.01244241154989295,0.37735083768362376
Fads1,-0.012411309084852242,0.012411309084852242,0.37854459751673153
Ebpl,-0.03608174237265066,0.03608174237265066,0.01044521798489044
Kcnk6,-0.01780914506327092,0.01780914506327092,0.206370569407668
Rps4y2,-0.0865675985106631,0.0865675985106631,7.589703894280893e-10
Lpcat4,-0.09641483197545565,0.09641483197545565,7.064892362585122e-12
Zfp119a,-0.029129215955639692,0.029129215955639692,0.03872719573545391
Zfp110,-0.09535619210966752,0.09535619210966752,1.1958952014137018e-11
Ptar1,0.005734894786103932,0.005734894786103932,0.6840976946046986
Lrrc27,-0.01905663933030084,0.01905663933030084,0.17633140251629206
Ino80,-0.010427332117893555,0.010427332117893555,0.45941544296727327
Tspo2,0.05895706349762465,0.05895706349762465,2.8331617130869878e-05
Alkbh1,-0.07862125015452195,0.07862125015452195,2.3155346737517598e-08
Gal,0.05545283717941536,0.05545283717941536,8.242036322149471e-05
Lima1,-0.043308056238006425,0.043308056238006425,0.002111910500743495
Cse1l,-0.11181958524466935,0.11181958524466935,1.744882654029958e-15
Ilf2,-0.09999100957894616,0.09999100957894616,1.1444996092448797e-12
Fancc,-0.02801202828400888,0.02801202828400888,0.046837798499461625
Fanci,-0.05435305574292252,0.05435305574292252,0.00011382967494559143
Msi2,-0.05117761684815046,0.05117761684815046,0.00027983276188725596
Pogz,-0.021130054750755637,0.021130054750755637,0.13379975715465534
Specc1,0.013427123081153285,0.013427123081153285,0.34076275190851085
Aldh1a1,0.015863663455088925,0.015863663455088925,0.26035487915688404
1700021C14Rik,-0.05963235618923755,0.05963235618923755,2.2904548851359455e-05
Fbxo48,-0.025164971375347244,0.025164971375347244,0.0741533368582444
Slc25a44,-0.04057807190845527,0.04057807190845527,0.003975676305652382
Ppip5k2,-0.05989133072551246,0.05989133072551246,2.109841067025017e-05
2010002M12Rik,-0.006996292553045083,0.006996292553045083,0.6196311391098566
Zfyve26,-0.004379829959025074,0.004379829959025074,0.7559998042560102
Otud7b,-0.016844834035237864,0.016844834035237864,0.2320174971037272
Rad51l1,-0.08479533662471399,0.08479533662471399,1.67190956013771e-09
Lrp1,-0.00344755255460326,0.00344755255460326,0.8067701892638036
B3galtl,-0.042584784382610597,0.042584784382610597,0.002505795024306505
Rbbp9,-0.05375507805926494,0.05375507805926494,0.00013534175770708973
Pyroxd1,-0.03222430853850722,0.03222430853850722,0.02220649855613919
8430406I07Rik,-0.10130452437233342,0.10130452437233342,5.769887203561501e-13
Zdhhc9,-0.052549145582085816,0.052549145582085816,0.00019087989544502846
Itpr1,-0.04320362909550831,0.04320362909550831,0.0021650349086761
Snapc1,-0.06137078373607307,0.06137078373607307,1.3114175478092667e-05
Zc3h3,-0.09623408379475804,0.09623408379475804,7.732300570851787e-12
Erlin2,-0.057977521050154204,0.057977521050154204,3.8416304541680285e-05
Pilrb2,-0.06715937352680125,0.06715937352680125,1.8408600060110455e-06
Gcdh,-0.07465241883047972,0.07465241883047972,1.1342961779482318e-07
Rtel1,-0.017014608869077876,0.017014608869077876,0.22734526633852026
Polr3g,-0.06509667397515055,0.06509667397515055,3.776310522961321e-06
Jmjd1c,-0.007359464145738999,0.007359464145738999,0.6015727345766306
4930430F08Rik,-0.054077325635805674,0.054077325635805674,0.00012331411044613443
Usp21,-0.03070710167729201,0.03070710167729201,0.02932456720084236
Pik3r4,-0.07067785351264565,0.07067785351264565,5.149088169657623e-07
Amotl2,-0.06538463827831552,0.06538463827831552,3.420186552875009e-06
Stim1,-0.020107556368116765,0.020107556368116765,0.15366110246989023
H2-T10,-0.005693884711819317,0.005693884711819317,0.6862360709310437
Ube3c,-0.011262087275077893,0.011262087275077893,0.42426809617124694
Ttc21a,-0.0633606379533996,0.0633606379533996,6.80241163674539e-06
Gtsf1l,-0.07334466097394815,0.07334466097394815,1.8821632854468175e-07
Gbp3,-0.04756986557096338,0.04756986557096338,0.0007331870499871379
Zfp646,-0.011619616534328666,0.011619616534328666,0.4097085297025021
Slc22a20,0.005028627081315353,0.005028627081315353,0.721264682744711
Cep170,-0.03047664097877459,0.03047664097877459,0.030561676855703476
Kif17,-0.0781293346769873,0.0781293346769873,2.8316085067183e-08
Cltb,-0.025095105937631677,0.025095105937631677,0.07496032909388706
Pde7a,-0.015064341161008077,0.015064341161008077,0.28514496225892855
Arhgap33,-0.016078134980376968,0.016078134980376968,0.2539648969824571
Xrcc6bp1,-0.09521577883006675,0.09521577883006675,1.2818179291259896e-11
Ipo9,-0.08717057961612468,0.08717057961612468,5.780489395577182e-10
Zfp444,-0.08753068239966882,0.08753068239966882,4.908625707170605e-10
Trmt12,-0.02556753196543913,0.02556753196543913,0.06964071874379868
Zkscan17,-0.03228383342123778,0.03228383342123778,0.021960894365249794
Brwd1,-0.06777552072443209,0.06777552072443209,1.4792636622933492e-06
Vps41,-0.11593980376976645,0.11593980376976645,1.5389142223517729e-16
Plk3,0.011711023797140908,0.011711023797140908,0.40603441072641294
Slc38a1,-0.06908385320043986,0.06908385320043986,9.240151093275976e-07
Rp2h,-0.1188012740737584,0.1188012740737584,2.706452890883847e-17
Bcl2l15,-0.002897006170977456,0.002897006170977456,0.8371543103505119
Cry2,-0.028685431350294673,0.028685431350294673,0.04179366911569383
Siah2,-0.0567438038798315,0.0567438038798315,5.600073198160156e-05
Med29,-0.07234220768569197,0.07234220768569197,2.7589779902934174e-07
Ubqln2,-0.13946846396458984,0.13946846396458984,2.6913417675977275e-23
Clstn3,-0.1301081821257334,0.1301081821257334,1.857369925626835e-20
Gtf2ird1,-0.059842495432519696,0.059842495432519696,2.1428281124857255e-05
Top1mt,-0.061831556954245255,0.061831556954245255,1.1284342423135352e-05
1700066M21Rik,-0.05898955486812726,0.05898955486812726,2.8044654355622683e-05
Lat2,0.013724702967533545,0.013724702967533545,0.33016846381711196
Git1,-0.0499417952113585,0.0499417952113585,0.00039195656249558906
C430049B03Rik,-0.013291561441421422,0.013291561441421422,0.3456603218487715
1110051M20Rik,-0.04183998214667933,0.04183998214667933,0.0029806311256272123
Pus7l,-0.110436214893915,0.110436214893915,3.866396847570498e-15
Ppp1r37,-0.0982960775671425,0.0982960775671425,2.7339642022377334e-12
Ttc13,-0.1381188840925645,0.1381188840925645,7.106633019262629e-23
Itsn1,0.023505942408585247,0.023505942408585247,0.09533351974113473
Fdxr,-0.10639030757841264,0.10639030757841264,3.744273688116851e-14
Parp12,-0.07997181526512731,0.07997181526512731,1.3244766909068622e-08
Epb4.9,0.05013998030461969,0.05013998030461969,0.0003715215759001326
Arl4a,0.014958747820210708,0.014958747820210708,0.28853536531428203
Map2k6,-0.05236683340724745,0.05236683340724745,0.0002009420323475139
Myo1b,-0.05176230336216499,0.05176230336216499,0.00023798722334704891
Ifrd1,-0.05729801150696886,0.05729801150696886,4.7322056749894726e-05
Nfkbiz,0.05227060053827,0.05227060053827,0.00020645212153483944
Fam55b,-0.019728984817459147,0.019728984817459147,0.16155771769701743
Adcy7,-0.054907810578939696,0.054907810578939696,9.679263138365279e-05
Rab3ip,-0.02316616572343079,0.02316616572343079,0.10021869248119616
Hs2st1,-0.029659734964842668,0.029659734964842668,0.03531420086579294
Ppp6r2,-0.03856225472428896,0.03856225472428896,0.006202104336946667
Fhod1,-0.05863239024486649,0.05863239024486649,3.13565893362075e-05
Slc20a1,-0.04282198914464821,0.04282198914464821,0.0023697683866759534
Tbc1d8,-0.10232633963874434,0.10232633963874434,3.366126771440056e-13
4930509E16Rik,-0.06399308374084524,0.06399308374084524,5.499102032717037e-06
BC016423,-0.025533275670196486,0.025533275670196486,0.07001573733920274
Gm10778,-0.027006856462367813,0.027006856462367813,0.05531300688193432
Plin5,0.004886039337162592,0.004886039337162592,0.728852248124138
Ubac1,-0.028512029564542053,0.028512029564542053,0.04304645926365177
Lcorl,-0.030186068483876134,0.030186068483876134,0.03218511024058246
Akap1,-0.06883517889398644,0.06883517889398644,1.0111259014293936e-06
Prkaca,-0.1683000720625409,0.1683000720625409,2.5852018123143876e-33
Ltb,0.08374800790368474,0.08374800790368474,2.6465575106129548e-09
Kdm1a,0.002599882509247746,0.002599882509247746,0.8536568387960811
Surf4,-0.0799389171465956,0.0799389171465956,1.3427679258844697e-08
Tubgcp5,-0.06021172281882089,0.06021172281882089,1.9051158754980835e-05
Fkbp7,-0.04203636994876816,0.04203636994876816,0.002848044598272928
Mettl8,-0.09063883657410293,0.09063883657410293,1.1649164500302752e-10
Fn1,0.01797682853804072,0.01797682853804072,0.20212947411285923
Cd101,0.004189133995837928,0.004189133995837928,0.7663073489358285
Tsc1,-0.025313110786482025,0.025313110786482025,0.07246570390777682
Srsf9,-0.06668365899284931,0.06668365899284931,2.176675395348375e-06
2410004A20Rik,-0.009360703832446238,0.009360703832446238,0.5066071521875123
Ift140,0.006970449172471355,0.006970449172471355,0.6209251430522922
Sppl3,-0.1403907814518938,0.1403907814518938,1.3783885296019238e-23
Mex3b,-0.04640718581239794,0.04640718581239794,0.0009869065911593722
Rab3a,-0.01772893113943899,0.01772893113943899,0.20842205181494325
Dand5,-0.015855273539793248,0.015855273539793248,0.2606070895634701
Alg10b,-0.0566018924811916,0.0566018924811916,5.845416447847082e-05
Pdss2,-0.052092798912819566,0.052092798912819566,0.0002170077752388252
Snca,0.06964965533748899,0.06964965533748899,7.519037966987667e-07
Ccnt1,-0.027700946024738916,0.027700946024738916,0.04933550234839165
Tlcd2,-0.08016786020336293,0.08016786020336293,1.220391211123685e-08
Stk11ip,-0.037632276913671756,0.037632276913671756,0.0075659601641603945
Fut7,-0.051530814721948,0.051530814721948,0.0002537989712822208
Gstm5,0.019830294451139912,0.019830294451139912,0.1594150863500083
Wdr11,-0.11136672582066048,0.11136672582066048,2.266487893969997e-15
Fbxo36,-0.055677970557213866,0.055677970557213866,7.709335346326692e-05
2210417K05Rik,-0.03069480993094327,0.03069480993094327,0.029389444734524473
Asf1a,-0.10332288759303378,0.10332288759303378,1.979928340447667e-13
Lat,0.010104404577025383,0.010104404577025383,0.47343756421926264
Grwd1,-0.13954568546176305,0.13954568546176305,2.5451502711482085e-23
Rhot2,-0.01935864964838261,0.01935864964838261,0.1695752191886418
Bcr,-0.07037189833694393,0.07037189833694393,5.766292074588991e-07
Zwint,-0.0806351161984991,0.0806351161984991,1.0033294502433404e-08
5530601H04Rik,-0.03572036475485929,0.03572036475485929,0.011242565135868932
Sftpb,-0.07171292813229099,0.07171292813229099,3.4986850161323836e-07
Fbxw4,-0.00273151910297806,0.00273151910297806,0.846337268102375
Ficd,-0.03217916721355901,0.03217916721355901,0.02239434396669367
BC017158,-0.03750715220609366,0.03750715220609366,0.007768649417802448
Itga6,-0.00472437273458751,0.00472437273458751,0.7374872595330022
Slc25a12,-0.10953504407714096,0.10953504407714096,6.4580407770542184e-15
Gemin4,-0.08369778461103408,0.08369778461103408,2.7051197993244356e-09
Mmaa,-0.04314276546809995,0.04314276546809995,0.0021965597276067924
Proca1,-0.030071501467158077,0.030071501467158077,0.03284521168716489
Glmn,-0.08577013538744935,0.08577013538744935,1.0849447461056575e-09
Lnp,-0.04586470276262549,0.04586470276262549,0.0011311965649182774
Ctsb,-0.10266012086971722,0.10266012086971722,2.819546530720185e-13
Slfn9,-0.026727142588950994,0.026727142588950994,0.05788686220868088
Atat1,-0.03772697799206253,0.03772697799206253,0.007415719113895429
Tyw3,-0.0422472061180095,0.0422472061180095,0.002711713470160582
Zc3h8,-0.050108818382457135,0.050108818382457135,0.00037466732227945786
Slc44a4,-0.04811862040853923,0.04811862040853923,0.0006358132857603575
Ehmt2,-0.08661251758485157,0.08661251758485157,7.437764760756137e-10
Fam69a,-0.07637093585174971,0.07637093585174971,5.755773101312717e-08
Diap3,-0.019650882813903637,0.019650882813903637,0.16322430792002446
Thtpa,-0.09171200753311622,0.09171200753311622,7.009590658494348e-11
E130317F20Rik,-0.02716113037912968,0.02716113037912968,0.05393469253092517
Mob1a,0.01940204977260632,0.01940204977260632,0.16862049283564512
Naaa,-0.029476869076511213,0.029476869076511213,0.03646046008956439
Sgsh,-0.027886331170374284,0.027886331170374284,0.04783392153886108
Jmjd5,-0.06570626008521127,0.06570626008521127,3.06051674323008e-06
4930422G04Rik,-0.04307823285500532,0.04307823285500532,0.002230443879429713
Tdrd7,-0.03751137978658938,0.03751137978658938,0.007761722550330552
Wdr91,-0.02946645017838824,0.02946645017838824,0.03652671249349696
Aim2,-0.04152879454102135,0.04152879454102135,0.003202286364413199
Nup205,-0.0490686432332556,0.0490686432332556,0.0004951262726560042
1700023L04Rik,-0.08598930552843786,0.08598930552843786,9.83776695513487e-10
Zfp433,-0.03239953317981496,0.03239953317981496,0.021490260543790246
Wdr55,-0.09896517293125746,0.09896517293125746,1.9420565688112842e-12
Cd300lb,0.006996011512484908,0.006996011512484908,0.6196452047687103
Ttc17,-0.040221868642140314,0.040221868642140314,0.004306628741518772
Nipsnap1,-0.08190233623059043,0.08190233623059043,5.866525187848092e-09
Atp1a3,-0.03265919482679409,0.03265919482679409,0.020465877491903508
Polg2,-0.028823699047536042,0.028823699047536042,0.04081695288736987
Kdm1b,-0.06985747898759131,0.06985747898759131,6.968023379268726e-07
Gm8439,-0.04020670540635694,0.04020670540635694,0.0043212558623214724
Tmem140,0.008244715702733234,0.008244715702733234,0.55858191896518
Ldlrad3,-0.09206318082568099,0.09206318082568099,5.928650589309333e-11
Tnks,-0.001913580396004856,0.001913580396004856,0.8920084634465775
Zranb3,-0.0670549955445303,0.0670549955445303,1.90998310261242e-06
Cbr1,-0.060322248427572556,0.060322248427572556,1.838988532694197e-05
Agbl5,-0.07037849903388486,0.07037849903388486,5.752253819909494e-07
2610318N02Rik,-0.08850375874378,0.08850375874378,3.145360131106005e-10
Papd7,-0.052006147271252814,0.052006147271252814,0.00022233374474737134
Grcc10,0.04044169852787494,0.04044169852787494,0.004099553864626261
Hivep1,-0.017839556639259794,0.017839556639259794,0.20559663395224587
Armc7,-0.01017771034107619,0.01017771034107619,0.4702339932557581
Ppm1f,-0.07176087908226177,0.07176087908226177,3.436167467958885e-07
Apool,-0.08485052651724374,0.08485052651724374,1.6316810029386483e-09
Tmem9,-0.018501352348012104,0.018501352348012104,0.18927366775297183
Top3a,-0.059258624705530054,0.059258624705530054,2.57721445760517e-05
Mospd2,0.03336335105924837,0.03336335105924837,0.017899322104620485
Irf8,-0.020372024074027856,0.020372024074027856,0.14832105153212521
Clec2i,0.016597441331206837,0.016597441331206837,0.23894713780996868
C2cd2l,-0.04072018884836387,0.04072018884836387,0.0038502059163481386
Dennd3,0.017512654552094227,0.017512654552094227,0.21402690220155515
Arntl,-0.09811697040403429,0.09811697040403429,2.9949148681570177e-12
1500015A07Rik,-0.0129636435369477,0.0129636435369477,0.3576917170927871
Chrac1,-0.03190551951573665,0.03190551951573665,0.02356289203115639
Slc16a7,-0.08700691137461124,0.08700691137461124,6.225049322779282e-10
Arfrp1,-0.03629896594677921,0.03629896594677921,0.0099905094912428
Lgals4,-0.05048290496668396,0.05048290496668396,0.00033849644691910104
Ndst1,0.018679013119276236,0.018679013119276236,0.18505886581772987
BC048403,-0.02432138158895562,0.02432138158895562,0.08438550531217953
Copg2,-0.05186719216187721,0.05186719216187721,0.00023113129717892202
Ints1,-0.05963851558173277,0.05963851558173277,2.2859934142935527e-05
Polk,-0.07187788781886374,0.07187788781886374,3.28810525529311e-07
Tgif2,-0.045060714206742174,0.045060714206742174,0.001381184268997144
Gm4013,-0.050840665898974416,0.050840665898974416,0.00030698276112159974
Cish,0.010048308137977236,0.010048308137977236,0.4758971449876974
Tle1,-0.07606461762822886,0.07606461762822886,6.502588311374439e-08
Kcnab2,-0.13550073273967078,0.13550073273967078,4.548115682131171e-22
Pemt,-0.0502885114713274,0.0502885114713274,0.00035686393359945395
Gm20257,-0.04318202780749542,0.04318202780749542,0.002176175695542801
A330069E16Rik,-0.028003692763143115,0.028003692763143115,0.04690331119433877
Commd10,-0.07734214146993461,0.07734214146993461,3.897413092008702e-08
Dicer1,-0.040242125034382584,0.040242125034382584,0.0042871585637267754
Endog,-0.076835733612155,0.076835733612155,4.778834434358188e-08
Mccc2,-0.09468268820844813,0.09468268820844813,1.6666099639705467e-11
Stag3,-0.14368408162754603,0.14368408162754603,1.218345447842739e-24
A230050P20Rik,-0.05752986841068523,0.05752986841068523,4.408359415226603e-05
Ap4m1,-0.043158395279967864,0.043158395279967864,0.002188424247563566
Lysmd3,0.037199781724459695,0.037199781724459695,0.008287355721551919
Cep120,-0.06456935826101344,0.06456935826101344,4.52254598017674e-06
Pafah1b3,-0.06553997878279104,0.06553997878279104,3.2416834218569213e-06
Gabarapl1,-0.04950722382298484,0.04950722382298484,0.0004404960939870222
Tmem181a,-0.08645582978862254,0.08645582978862254,7.981017423302292e-10
Map3k3,0.009153523122831164,0.009153523122831164,0.5160604093861552
Zfr,-0.03625680436719691,0.03625680436719691,0.010077361440438831
Prdm4,-0.06710286933610234,0.06710286933610234,1.877975279880024e-06
2810403A07Rik,0.006910525793255795,0.006910525793255795,0.6239300764240295
D2hgdh,-0.061005403177396535,0.061005403177396535,1.4762975456354202e-05
Ing3,-0.07758086039291467,0.07758086039291467,3.538700989044822e-08
Tmc4,-0.02014278616398649,0.02014278616398649,0.1529414319740271
Diexf,-0.05057552588954506,0.05057552588954506,0.0003300595834491119
Pask,-0.04038316111409702,0.04038316111409702,0.0041537936401983356
Pikfyve,-0.007720266798833341,0.007720266798833341,0.5838709960199714
Hexdc,-0.026019462439937496,0.026019462439937496,0.06484581042350254
Bcl7a,-0.06296160524279301,0.06296160524279301,7.77150680850248e-06
Adat1,-0.04954550521984772,0.04954550521984772,0.00043600483656299567
Dennd1c,-0.05381808415654711,0.05381808415654711,0.0001329064840752739
Zmynd19,-0.08729937741236576,0.08729937741236576,5.452566559480449e-10
Cmah,0.045534323384574395,0.045534323384574395,0.0012283781020883833
Ccdc28a,-0.027464639377738454,0.027464639377738454,0.05130666711795711
Xylt2,-0.03629563520796723,0.03629563520796723,0.009997346413781305
Nop2,-0.10227501809089667,0.10227501809089667,3.458919113356198e-13
9430060I03Rik,-0.0022416831089328024,0.0022416831089328024,0.8736363682296248
Map3k15,-0.02612447848179582,0.02612447848179582,0.06377149793410822
Ddx19b,-0.05755134564407039,0.05755134564407039,4.379448769397417e-05
Klk8,-0.035795684306944575,0.035795684306944575,0.011072057026349268
Elk1,-0.07367225077323783,0.07367225077323783,1.6592484148781824e-07
Sh3tc1,-0.09281732195452809,0.09281732195452809,4.1289376798322597e-11
Fubp3,-0.09700644310065526,0.09700644310065526,5.251513798775747e-12
Btd,-0.05535142625044289,0.05535142625044289,8.493186091856185e-05
Ints8,-0.12412380941823753,0.12412380941823753,9.53444229869391e-19
Ear1,-0.0009800262263031006,0.0009800262263031006,0.9445676761031312
1300001I01Rik,-0.06062444159788832,0.06062444159788832,1.6691624636325336e-05
Heatr7a,-0.03770317836962085,0.03770317836962085,0.007453222834986311
Ddx28,-0.08377654334983903,0.08377654334983903,2.6138359154185565e-09
Tmem218,-0.058383116622500425,0.058383116622500425,3.388469307300984e-05
Tceanc,-0.09046879510584048,0.09046879510584048,1.2618759403771866e-10
Smyd5,-0.11389267929421575,0.11389267929421575,5.199064691504141e-16
Kel,0.040546030142523504,0.040546030142523504,0.004004472762844427
Nsun4,-0.048937855433297706,0.048937855433297706,0.0005126013774023309
Tspan3,-0.1164056374926967,0.1164056374926967,1.163025360994012e-16
Ankrd33b,0.052506268123278896,0.052506268123278896,0.00019320288284211835
Thumpd2,-0.07750537558005789,0.07750537558005789,3.648519041425879e-08
Mios,-0.057597788050189155,0.057597788050189155,4.317545899346468e-05
Zcchc2,-0.036149903392705546,0.036149903392705546,0.010300595193968577
Vti1b,-0.07425999439249249,0.07425999439249249,1.3216285337480013e-07
Phf8,-0.01374710030723248,0.01374710030723248,0.32937980391130534
Bst1,0.027075677802603487,0.027075677802603487,0.05469455918010634
Gzf1,0.008561512068048116,0.008561512068048116,0.5435681526511161
Samd8,0.004370216027515221,0.004370216027515221,0.7565184383022489
1110001A16Rik,-0.027058910327934612,0.027058910327934612,0.05484470266492096
Cstf1,-0.09219792332429932,0.09219792332429932,5.5587273177790764e-11
Rab3b,-0.02921683179237109,0.02921683179237109,0.03814493457407205
Heatr5b,-0.04200030995065752,0.04200030995065752,0.0028719786818295957
A330040F15Rik,0.026615447039324044,0.026615447039324044,0.05894209234216609
Nthl1,-0.04479818941805986,0.04479818941805986,0.0014732544941902309
Prdx4,0.005621579546148402,0.005621579546148402,0.6900123727219734
Cask,-0.08177646983062446,0.08177646983062446,6.18993396862963e-09
Pcid2,-0.07233954847358022,0.07233954847358022,2.7617600839093546e-07
Ly6e,-0.05023437626561929,0.05023437626561929,0.0003621424389961432
Pank4,-0.058271723786697434,0.058271723786697434,3.5075942351333074e-05
Ccdc80,0.022022920948733534,0.022022920948733534,0.11813416875608092
Zfp688,-0.04564796046173453,0.04564796046173453,0.001194113950964714
Dhcr24,-0.03688190266449753,0.03688190266449753,0.008856172178378334
Exosc4,-0.02428741983241107,0.02428741983241107,0.08482023720774148
Fam78a,-0.061530371707633,0.061530371707633,1.2450525248090516e-05
Tbck,0.02398624062187931,0.02398624062187931,0.08875525763456955
Rabl3,-0.07134354658914419,0.07134354658914419,4.018464328410891e-07
Arhgap31,0.015395430144491915,0.015395430144491915,0.274689470380822
LOC100504703,-0.03364261413014238,0.03364261413014238,0.016962302192124887
Lig4,0.01108601536753849,0.01108601536753849,0.43154796563902253
Tmem48,-0.12788044957133263,0.12788044957133263,8.224490850420582e-20
Pja1,-0.11281181139926547,0.11281181139926547,9.801420931270225e-16
Dnmt3l,0.026340513128011857,0.026340513128011857,0.061607654881786385
Pdxp,-0.05028325605545859,0.05028325605545859,0.00035737319789053157
Rccd1,-0.021162824727167635,0.021162824727167635,0.1331977189328741
Parp9,-0.04755643617316429,0.04755643617316429,0.0007357350618033909
Zbtb6,0.0017140212070628988,0.0017140212070628988,0.9032118278477446
1700012D01Rik,-0.023212037218974954,0.023212037218974954,0.0995477489158915
Mir17hg,-0.03207717570980349,0.03207717570980349,0.022823850710630145
Neurl1b,-0.008670897801746581,0.008670897801746581,0.5384311206947358
Hddc3,-0.05886967461366533,0.05886967461366533,2.911734406846173e-05
A630089N07Rik,-0.030062506088204377,0.030062506088204377,0.0328975275803149
Phactr4,-0.00019505028621137746,0.00019505028621137746,0.9889590146353757
Gm5643,-0.061584540555114343,0.061584540555114343,1.2232638142808031e-05
Ptrh1,-0.041718929121243385,0.041718929121243385,0.0030651372228642348
Fubp1,-0.0683158242284455,0.0683158242284455,1.2192494495253405e-06
2210403K04Rik,0.011461548693252683,0.011461548693252683,0.41610851366589724
Eif2c4,-0.03753603158440807,0.03753603158440807,0.007721440795973694
Drosha,-0.07291432882551165,0.07291432882551165,2.2193294722436698e-07
Tbc1d19,-0.057643589548817376,0.057643589548817376,4.2573106253435155e-05
Acyp2,-0.029829429103866885,0.029829429103866885,0.034278150500195594
Ncoa2,-0.06129548781957124,0.06129548781957124,1.3438884136104216e-05
Gfi1b,0.00993195141737859,0.00993195141737859,0.4810211272560773
Tbp,-0.12191365279730089,0.12191365279730089,3.89455508444318e-18
9230114K14Rik,-0.007712084903578806,0.007712084903578806,0.5842697171963455
Adc,-0.02612663094278057,0.02612663094278057,0.06374963293065232
Appl2,-0.0712771036837064,0.0712771036837064,4.11954718042823e-07
Slc2a9,-0.02494601376303783,0.02494601376303783,0.07670642578983944
B330016D10Rik,-0.05299617875048001,0.05299617875048001,0.00016817442503122657
Ccdc104,-0.021505911822167583,0.021505911822167583,0.1270198483967096
Gm7854,0.0004436049801198239,0.0004436049801198239,0.9748927098174779
Lpar2,-0.054579074132713054,0.054579074132713054,0.00010657263396373761
2310010J17Rik,0.0076525832913949725,0.0076525832913949725,0.5871731604531595
Fv1,-0.012682793864834174,0.012682793864834174,0.3682030412335344
Camk2b,-0.05629199888437824,0.05629199888437824,6.417008065315476e-05
A230051G13Rik,-0.027374563012025073,0.027374563012025073,0.052075197047561
Polm,-0.057210280205268055,0.057210280205268055,4.860525919406352e-05
4930539J05Rik,-0.030383739765120953,0.030383739765120953,0.03107289729928926
Metap1d,-0.05266837188803626,0.05266837188803626,0.0001845577070912602
Haus6,-0.06794471099325781,0.06794471099325781,1.3925917371111583e-06
Arl5a,-0.07314968519404104,0.07314968519404104,2.028295905244162e-07
Zbtb11,-0.02590908873387178,0.02590908873387178,0.06599097636346701
Napepld,-0.031614794237339525,0.031614794237339525,0.024861964871761587
Lonrf3,-0.03827313825369101,0.03827313825369101,0.006600294768093701
Fam129c,-0.0651659817029385,0.0651659817029385,3.687484827089994e-06
Gamt,-0.0834882028514364,0.0834882028514364,2.963413321427503e-09
Cpsf6,-0.1194694772196504,0.1194694772196504,1.7926010647220932e-17
Espl1,-0.039459682876018774,0.039459682876018774,0.005100086001738872
Gm16062,-0.05038006820011275,0.05038006820011275,0.00034809998502949644
Wdr34,-0.0562021605315915,0.0562021605315915,6.592357147702934e-05
Rbm47,0.011168444899613285,0.011168444899613285,0.42813086108403936
Trpc2,-0.007119803376756519,0.007119803376756519,0.613463137426888
N6amt1,-0.03418864492173272,0.03418864492173272,0.015253796443118969
Bag3,-0.022746415560981375,0.022746415560981375,0.10652689001123179
Eno1,0.016665300753075284,0.016665300753075284,0.23703198148880703
Sec24a,-0.06031298728502172,0.06031298728502172,1.844444450451869e-05
H6pd,-0.052105681860424455,0.052105681860424455,0.00021622623808678732
BC067068,-0.08116522253278695,0.08116522253278695,8.02366857879165e-09
Sh2d3c,-0.04137044406124294,0.04137044406124294,0.003320750602982835
Rhbdd3,-0.07078151982755226,0.07078151982755226,4.954796012153079e-07
Mon2,-0.032153896252441944,0.032153896252441944,0.022500105142912147
Arg2,0.039209901307077515,0.039209901307077515,0.005387517616196612
Ndrg2,-0.04937921747061201,0.04937921747061201,0.0004558295685891645
6720401G13Rik,-0.0572825240864257,0.0572825240864257,4.75462245209733e-05
Tspyl3,-0.06905727086090294,0.06905727086090294,9.329703434570271e-07
Zfp324,-0.08422825966346577,0.08422825966346577,2.145418972606554e-09
Zfp839,-0.06582823292433318,0.06582823292433318,2.9338413787701593e-06
H1fx,-0.0941661761393273,0.0941661761393273,2.146342083426967e-11
Ccnj,-0.029372718460902437,0.029372718460902437,0.037127364609095645
D9Ertd402e,-0.07986012657877074,0.07986012657877074,1.3875782420787032e-08
Csnk1g1,0.004446430525956823,0.004446430525956823,0.752409992878621
Zfp317,-0.04381735974496529,0.04381735974496529,0.001869536645463739
Gm128,-0.021619904392348795,0.021619904392348795,0.12501730752171275
Kbtbd8,-0.010633685804164137,0.010633685804164137,0.4505783525682945
Kif14,-0.030725275595197703,0.030725275595197703,0.02922886848029713
Sdr42e1,-0.02519405740699882,0.02519405740699882,0.07381947322294806
Ces2e,-0.004937298074321462,0.004937298074321462,0.7261214977142727
Mir682,0.004137804361150744,0.004137804361150744,0.769088994356758
Mpeg1,-0.042105174854416484,0.042105174854416484,0.0028028811792136597
Tmem63b,-0.002132871866995064,0.002132871866995064,0.8797222035612863
Senp8,-0.06161408326969929,0.06161408326969929,1.211534439013129e-05
Tgfbi,-0.014031418827494662,0.014031418827494662,0.3194744915141278
Rrnad1,-0.04863840770225172,0.04863840770225172,0.0005547989826025662
Lnx2,-0.05517806089587375,0.05517806089587375,8.939356573252128e-05
Cebpg,-0.03996306969260725,0.03996306969260725,0.004562534144231414
Madd,-0.02817743852781885,0.02817743852781885,0.045553598092442964
Tcea3,0.027609009431287235,0.027609009431287235,0.05009471416993963
Fuk,-0.051094868048399994,0.051094868048399994,0.000286283711177364
D5Ertd605e,-0.05261758240783154,0.05261758240783154,0.00018722646426741835
Fastkd3,-0.09819314095477136,0.09819314095477136,2.8810821269951464e-12
Mtrr,-0.07457498338671978,0.07457498338671978,1.1691005029268946e-07
Tcf12,-0.042174440964578376,0.042174440964578376,0.0027580763692879673
Stag1,-0.017188658390080377,0.017188658390080377,0.22262540278854676
Rhof,-0.042593206894191084,0.042593206894191084,0.002500845304552953
Bcl2l2,-0.04740663776993253,0.04740663776993253,0.0007647197242104198
Ppm1e,0.019276303029851508,0.019276303029851508,0.17139782883315924
Hoxa7,-0.0212980697617864,0.0212980697617864,0.1307352000129107
Stab1,-0.06312975184097425,0.06312975184097425,7.3480585176474595e-06
Heca,-0.003208230094929908,0.003208230094929908,0.8199452380399943
Hacl1,-0.07651723456112113,0.07651723456112113,5.42909441031053e-08
2310040G24Rik,-0.02007633895316109,0.02007633895316109,0.154300956740639
Satb2,0.007872560348449584,0.007872560348449584,0.5764726388691942
Id1,-0.009163634450704845,0.009163634450704845,0.5155969352466572
Smg7,-0.01579028154966279,0.01579028154966279,0.2625665471723839
4922501C03Rik,0.014122526706377564,0.014122526706377564,0.3163420579923881
Fas,0.01319294703537699,0.01319294703537699,0.34925109758712636
Zfp329,0.030119190806930735,0.030119190806930735,0.032569044974443156
Fkbp9,-0.03989727790513909,0.03989727790513909,0.004629748468350821
Aven,-0.03700940551356034,0.03700940551356034,0.008623957162250341
Zfp473,-0.016853445444340746,0.016853445444340746,0.23177888134262986
Katna1,-0.07350778253097144,0.07350778253097144,1.7677701414053438e-07
Clk2,-0.015837599726396322,0.015837599726396322,0.2611389372738138
Sfxn2,-0.019535212656210246,0.019535212656210246,0.16571631301020862
C130036L24Rik,-0.027125035804647445,0.027125035804647445,0.054254573467155544
Rundc1,-0.0454150154420373,0.0454150154420373,0.0012653272281507102
4632415L05Rik,-0.01816942979994918,0.01816942979994918,0.19733693479101025
Zc3hav1l,-0.07250113627745984,0.07250113627745984,2.597530050523916e-07
Col7a1,-0.007618431232575799,0.007618431232575799,0.5888426567684025
Lclat1,-0.05319920480812404,0.05319920480812404,0.00015872406798121303
Tprn,-0.08916430910815538,0.08916430910815538,2.318882986684897e-10
Zfp652,-0.012742803948847753,0.012742803948847753,0.3659410524440343
Tshr,-0.028683957793716516,0.028683957793716516,0.041804183840028444
Afap1l1,-0.027929351508362062,0.027929351508362062,0.047491009454195446
A730085K08Rik,0.00221239034769022,0.00221239034769022,0.8752739988113939
Ap1s3,-0.09760780539221704,0.09760780539221704,3.8774682293887814e-12
5730455O13Rik,-0.0768535809683404,0.0768535809683404,4.7447223515466555e-08
Txnl1,-0.06124256329508431,0.06124256329508431,1.3671690923467633e-05
Chd1l,-0.06085700951293358,0.06085700951293358,1.548751475034837e-05
Gm14325,-0.04009312188763261,0.04009312188763261,0.004432263395868089
Sipa1l3,-0.031046536395098148,0.031046536395098148,0.027581024249876237
Tbl2,-0.05990189114297709,0.05990189114297709,2.1027715979811555e-05
Tmem149,-0.04567677558291652,0.04567677558291652,0.0011855669636163509
Fam13b,-0.03578892825066627,0.03578892825066627,0.011087257045289131
Fam3a,-0.08730120649892038,0.08730120649892038,5.448042912957819e-10
Fgd3,-0.0015988206938800458,0.0015988206938800458,0.9096881774438547
Hiatl1,-0.1568102686307588,0.1568102686307588,4.335387089842521e-29
Slfn8,-0.05487269232606928,0.05487269232606928,9.779550511476883e-05
Mcee,-0.016937077488912954,0.016937077488912954,0.22947055711768513
0610039K10Rik,-0.02783114781351419,0.02783114781351419,0.04827682774514756
Wbscr27,-0.03378128202791717,0.03378128202791717,0.01651322429719381
Ssh3,-0.06832743648258921,0.06832743648258921,1.2141752611517719e-06
Nkiras1,-0.03115974006747919,0.03115974006747919,0.02701977028734812
Capg,-0.037564629750621206,0.037564629750621206,0.007674945299058532
Ddx10,-0.09011839985817804,0.09011839985817804,1.4871888477423734e-10
Wdr13,-0.031914411593622696,0.031914411593622696,0.023524104726391225
Elmod3,-0.08733279574569099,0.08733279574569099,5.370492434069607e-10
C1galt1,-0.01776638402964061,0.01776638402964061,0.20746235708134708
Susd3,0.022298169899279942,0.022298169899279942,0.11360651993795665
Chac1,-0.014578688952444787,0.014578688952444787,0.3009624780135043
Rnf111,0.014401837257359211,0.014401837257359211,0.3068649214078121
Gm12522,-0.023109422813601208,0.023109422813601208,0.10105362901815632
Aldh3b1,-0.016966605932465392,0.016966605932465392,0.22865946303533496
H2-K2,-0.006411167595876106,0.006411167595876106,0.6492108028516255
Ralgps2,-0.0911388762800242,0.0911388762800242,9.200696670536739e-11
Extl2,-0.09784728084174425,0.09784728084174425,3.4345167868501514e-12
Aif1,-0.0008980380623899763,0.0008980380623899763,0.9491985413184804
Fam199x,-0.04532529075057754,0.04532529075057754,0.0012937874101473243
Zbtb37,-0.01850382849299001,0.01850382849299001,0.18921444194788162
Thbd,-0.037200046921484424,0.037200046921484424,0.00828689514438144
Bmi1,-0.055854490284966876,0.055854490284966876,7.314601278144201e-05
Rnf31,-0.05875270063195876,0.05875270063195876,3.0201529749749456e-05
Acbd5,-0.02888976374287858,0.02888976374287858,0.040357145371878
Nat10,-0.07323922632321156,0.07323922632321156,1.9598735075212875e-07
Apoc2,0.0271447570510835,0.0271447570510835,0.05407960230956483
Mlh1,-0.07853312406489935,0.07853312406489935,2.4007349747312585e-08
Atp9b,-0.04873120590106998,0.04873120590106998,0.0005413881441522037
Slc25a47,-0.03416277669821155,0.03416277669821155,0.015331182523324
Slc33a1,-0.08423219469829865,0.08423219469829865,2.141721653263289e-09
Lin9,-0.051830329116194555,0.051830329116194555,0.00023351940605386041
Lrrc8c,-0.012198278956569728,0.012198278956569728,0.3867833494689381
Zfp953,-0.05925774573157905,0.05925774573157905,2.57792747447641e-05
Tmsb15l,-0.0938251205396043,0.0938251205396043,2.5346694540155764e-11
Tubgcp4,-0.059855253684480164,0.059855253684480164,2.1341631745121383e-05
Gm8817,0.008170464032700015,0.008170464032700015,0.5621298102721373
Cideb,-0.03907982483525833,0.03907982483525833,0.005542919688009683
Sgpl1,-0.10945482410898226,0.10945482410898226,6.758424045783264e-15
Derl3,-0.03902808266459111,0.03902808266459111,0.0056058520099368575
Zfp429,-0.02430265546031095,0.02430265546031095,0.08462498809867332
2610020H08Rik,-0.07172721179451322,0.07172721179451322,3.479948369324917e-07
Fam118a,-0.10522006031913585,0.10522006031913585,7.108449798898078e-14
Ticam2,-0.049708677047294446,0.049708677047294446,0.0004173362422323644
Hmg20a,-0.03985743857792359,0.03985743857792359,0.004670883656067596
Angptl6,-0.07144752019254326,0.07144752019254326,3.8650691317447334e-07
Ap1b1,-0.06052100269392435,0.06052100269392435,1.7255369462857887e-05
Zfp783,-0.06418029667307112,0.06418029667307112,5.161610724876661e-06
Gm5150,0.019601756947013122,0.019601756947013122,0.1642792059677718
Gm7120,-0.03916817403964591,0.03916817403964591,0.005436935233341047
Clec4a1,0.005671693081720414,0.005671693081720414,0.6873942519196838
Gphn,-0.10982281380606981,0.10982281380606981,5.4847058913626774e-15
Capn10,-0.07954797552185496,0.07954797552185496,1.579815180796289e-08
Lrrc61,-0.06986542463049207,0.06986542463049207,6.94774818107453e-07
Lrrc51,-0.02701144906219593,0.02701144906219593,0.05527155584770082
Slco4c1,0.046430516255499814,0.046430516255499814,0.000981101092098895
Arf6,-0.06728790578832743,0.06728790578832743,1.7590386146065106e-06
0610010O12Rik,-0.03069521748316435,0.03069521748316435,0.029387291640650424
Tal2,-0.020071014313922206,0.020071014313922206,0.1544102960796991
Slc38a5,0.025818393408691624,0.025818393408691624,0.06694439597877347
Tle4,-0.006780524927817185,0.006780524927817185,0.630470628698552
9130221H12Rik,-0.0029026102507257647,0.0029026102507257647,0.8368437177537078
Rell2,-0.019828494605968104,0.019828494605968104,0.15945296344864893
Arhgap21,-0.049833589119976845,0.049833589119976845,0.0004035522124881309
Dtymk,-0.016089381401288173,0.016089381401288173,0.2536328579171196
4933403G14Rik,-0.08470856017636694,0.08470856017636694,1.737123308383482e-09
Gm2518,-0.0022040066135981633,0.0022040066135981633,0.8757427954509245
4933439K11Rik,-0.0063624157657318405,0.0063624157657318405,0.6517013405120972
Man2c1,-0.1245122935206977,0.1245122935206977,7.425537578084469e-19
Zfp746,-0.019389118240205096,0.019389118240205096,0.16890454105628333
Cog6,-0.09667972214368509,0.09667972214368509,6.187600233429941e-12
Slc35e3,-0.03191397627501597,0.03191397627501597,0.02352600229880816
Ppapdc1b,-0.10039051267903217,0.10039051267903217,9.301472716231386e-13
BC005537,-0.035730912791436656,0.035730912791436656,0.01121854701434438
Trp53i11,-0.038194952176225816,0.038194952176225816,0.006711854245618163
Ankrd13d,-0.05073893163062598,0.05073893163062598,0.0003156527368701949
Trmt5,-0.05206132649241978,0.05206132649241978,0.00021892819816090355
Rom1,-0.03273737672566947,0.03273737672566947,0.020165903082274957
Dnmt3b,-0.09084236074321698,0.09084236074321698,1.0584063146357523e-10
Snx19,-0.059338791550167365,0.059338791550167365,2.5129663468619687e-05
Pigl,-0.049692658668167515,0.049692658668167515,0.00041913532941448127
Tor1b,-0.04200189656751636,0.04200189656751636,0.002870921748786053
Scyl3,-0.06494692243509723,0.06494692243509723,3.975288118374585e-06
Spnb4,-0.028950802097805588,0.028950802097805588,0.039936230976492786
Npepl1,-0.10498566429810961,0.10498566429810961,8.075556868628762e-14
Trim44,-0.04292805820592427,0.04292805820592427,0.0023111577438253554
BC018507,-0.016654932908802485,0.016654932908802485,0.23732388303769472
Zfp60,0.0007587134955338339,0.0007587134955338339,0.9570717403698695
Wdr78,-0.04223659702024875,0.04223659702024875,0.0027184285132798086
Ppp2r3c,-0.07880199133251108,0.07880199133251108,2.149875854005592e-08
Dcaf6,-0.048909761698382556,0.048909761698382556,0.0005164293282287449
1700081L11Rik,-0.03104864334274059,0.03104864334274059,0.027570487076433114
Tbcd,-0.03758941282846723,0.03758941282846723,0.007634855517237349
Zfp455,-0.06724307472754049,0.06724307472754049,1.7871723043055512e-06
Cdk5rap1,-0.18239789639371498,0.18239789639371498,6.335615145809039e-39
Tubgcp3,-0.11408290113499961,0.11408290113499961,4.647216898841684e-16
A630007B06Rik,0.04263867635965376,0.04263867635965376,0.002474278028029815
Pi4ka,-0.032582771893022,0.032582771893022,0.020762855850436666
BC024479,-0.09947496509139538,0.09947496509139538,1.4942720444224441e-12
Mcf2l,-0.03565929401369662,0.03565929401369662,0.011382523973441817
Ctla2b,-0.022517055236964848,0.022517055236964848,0.1101044698574842
Zfp808,-0.09446178589562541,0.09446178589562541,1.85734689999816e-11
Ak4,-0.06090412706191619,0.06090412706191619,1.5253866639313526e-05
Dvl1,0.0014464607483036984,0.0014464607483036984,0.9182627108590258
Habp4,-0.035452287818197724,0.035452287818197724,0.011868503112643394
Necab3,-0.021475988419992098,0.021475988419992098,0.12754963517791734
Gm12839,0.0032903282532474936,0.0032903282532474936,0.8154196865921285
Mnat1,-0.04951061982746927,0.04951061982746927,0.0004400959289806141
Tef,-0.03659614776533013,0.03659614776533013,0.009396998368594442
Kif9,0.00326752169707495,0.00326752169707495,0.8166762571080455
Mettl2,-0.08961137209469577,0.08961137209469577,1.88422708663647e-10
Kcnq1ot1,0.0006507662210262656,0.0006507662210262656,0.963174735607718
Rbm4b,-0.053897759414897425,0.053897759414897425,0.00012988600337812806
Poli,-0.07868391327063355,0.07868391327063355,2.2567445387517917e-08
Als2,-0.029610176121727373,0.029610176121727373,0.035621772351828535
Fam176b,0.00694279197280178,0.00694279197280178,0.6223112666443735
Msh3,-0.06118789877066169,0.06118789877066169,1.3916186683239436e-05
Cntd1,-0.04235610258886325,0.04235610258886325,0.0026436580157679843
Tmem138,0.02824923806384649,0.02824923806384649,0.04500546900575895
Tmem5,-0.06815134704353633,0.06815134704353633,1.2933480552517908e-06
Uckl1,-0.08449382803295119,0.08449382803295119,1.909332967736404e-09
Psma6,0.018920366440597674,0.018920366440597674,0.1794447878927971
Smcr8,-0.05319565416747573,0.05319565416747573,0.00015888496068525458
Gins4,-0.08179419671065387,0.08179419671065387,6.143358231782194e-09
Stx8,-0.05781280969973555,0.05781280969973555,4.041602871843981e-05
9430016H08Rik,-0.10470490313397018,0.10470490313397018,9.405182635706576e-14
Cntnap1,-0.0037831390755544737,0.0037831390755544737,0.7883884014122465
Hemk1,-0.04604976038727344,0.04604976038727344,0.0010799165964732996
E2f5,-0.03246316501661389,0.03246316501661389,0.021235185115803967
Srfbp1,-0.07494165328280258,0.07494165328280258,1.0129465085821236e-07
Pdrg1,-0.037377073580865325,0.037377073580865325,0.007984507209324613
Gipc1,-0.09934607362077344,0.09934607362077344,1.5968507926543295e-12
Ly86,0.003974384187651553,0.003974384187651553,0.7779646745209917
Ibtk,-0.028738765261538027,0.028738765261538027,0.041414602760377596
Mknk1,-0.10268307639198694,0.10268307639198694,2.7853381365062106e-13
Gm608,0.005884979497081339,0.005884979497081339,0.6762935511553523
Kctd17,-0.04726979369129232,0.04726979369129232,0.0007921207068287129
Naprt1,-0.05771083382146284,0.05771083382146284,4.1703174335532356e-05
Ell2,-0.012524375451483615,0.012524375451483615,0.3742160679624989
Pmaip1,0.01077222705203168,0.01077222705203168,0.4446997290683223
Uhmk1,-0.020249318690244454,0.020249318690244454,0.15078079109684991
Fn3k,0.01247102034285754,0.01247102034285754,0.3762548396070639
Tm2d1,-0.09829010133008367,0.09829010133008367,2.742300324675901e-12
Casz1,-0.05369660618117233,0.05369660618117233,0.0001376393219410295
Ckb,0.011528832187878013,0.011528832187878013,0.41337710157402924
Irgm2,-0.01559694776904793,0.01559694776904793,0.2684554399145016
Abcb4,0.01679741656128636,0.01679741656128636,0.23333452318067305
Disp1,-0.03878326583818106,0.03878326583818106,0.005912440192451589
Fam73b,-0.05048321606971905,0.05048321606971905,0.00033846777384726666
A930013F10Rik,0.006983833623356658,0.006983833623356658,0.6202548234804935
Qpctl,-0.03469236059771628,0.03469236059771628,0.013813937231007812
Atr,-0.0211330131293708,0.0211330131293708,0.13374532061981703
Lrba,-0.03551339605796779,0.03551339605796779,0.011723163309319067
Gm13212,-0.011262588151492694,0.011262588151492694,0.4242474898501988
5430421N21Rik,0.01343621713240824,0.01343621713240824,0.34043580014360764
Vps45,-0.061202935225935826,0.061202935225935826,1.384852124219717e-05
Usp3,-0.04251980499385418,0.04251980499385418,0.0025442841703842887
Zfp580,-0.0035804294515232476,0.0035804294515232476,0.7994784628272232
Spg11,-0.030434253600086815,0.030434253600086815,0.030794025013691818
Rhag,0.05648743940876784,0.05648743940876784,6.0506663519608967e-05
Slc6a9,0.03474269108200155,0.03474269108200155,0.013676882922713225
Plekho1,-0.025478229983429208,0.025478229983429208,0.07062181561127254
Smoc1,-0.05836497697760268,0.05836497697760268,3.407602625092143e-05
Hsf2,-0.02885339324055785,0.02885339324055785,0.04060973628626624
Dgkq,-0.017092379422776388,0.017092379422776388,0.22522754952818816
Spata1,-0.01015274863962875,0.01015274863962875,0.4713235107903257
Apold1,-0.025488208106638554,0.025488208106638554,0.07051163378697571
Mt2,-0.016977025417644266,0.016977025417644266,0.22837374589028858
Tada2a,-0.06942306160300708,0.06942306160300708,8.167602503022873e-07
Fam158a,-0.01566133015635968,0.01566133015635968,0.26648438134404445
D630037F22Rik,-0.024575116440515802,0.024575116440515802,0.08119429433864393
Gpr137b-ps,-0.0007697803424131465,0.0007697803424131465,0.9564461921671011
Glb1l,-0.09083820087943668,0.09083820087943668,1.0604848467129345e-10
Gm14085,-0.059157681242980126,0.059157681242980126,2.6603366211897486e-05
Rftn1,-0.09199728474668173,0.09199728474668173,6.118222107159195e-11
Pqlc2,-0.010339421417541676,0.010339421417541676,0.46320949142589884
BC029722,-0.09248020764339136,0.09248020764339136,4.8554237836234046e-11
Tsr1,-0.10034117243057837,0.10034117243057837,9.543201770265483e-13
Rai1,-0.03597446617457494,0.03597446617457494,0.010676494428213305
E130307A14Rik,-0.059955997095200636,0.059955997095200636,2.066903654411446e-05
Oasl2,-0.03576309818470595,0.03576309818470595,0.011145541464305984
Rab2b,-0.026502539294748093,0.026502539294748093,0.0600249505977835
4930519G04Rik,-0.03289143735209994,0.03289143735209994,0.019586000104319774
Otud3,-0.04797425289372298,0.04797425289372298,0.0006601930426585137
Dnpep,-0.09171993772514589,0.09171993772514589,6.983177888374243e-11
Scmh1,-0.07768641825119212,0.07768641825119212,3.3904908951923494e-08
Anxa9,-0.04065902562927177,0.04065902562927177,0.003903757374065862
Vegfb,-0.03573233236990839,0.03573233236990839,0.011215318081989554
Usp30,-0.046339466573325064,0.046339466573325064,0.0010039382955100628
Fancd2,-0.051334400764677476,0.051334400764677476,0.0002679819436997585
Myadm,0.011283338074432629,0.011283338074432629,0.4233943412533839
Dis3l,-0.10059295882164913,0.10059295882164913,8.370999988875048e-13
4933406C10Rik,-0.007871212301546448,0.007871212301546448,0.5765379320823072
Zbtb9,-0.023925583002475145,0.023925583002475145,0.08956529458499143
Cxcl10,-0.004182703046559026,0.004182703046559026,0.7666556895242868
Mansc1,-0.06013775354203309,0.06013775354203309,1.950629687778378e-05
Med26,-0.04179239247728956,0.04179239247728956,0.0030135962864861737
Hif1an,-0.04281963561021633,0.04281963561021633,0.0023710841732268234
Tbc1d22b,-0.09732314070253295,0.09732314070253295,4.477208432969026e-12
Sema4b,-0.039278156145694285,0.039278156145694285,0.005307556846860792
Slc13a2,-0.0777053747890305,0.0777053747890305,3.364520037491555e-08
Gbf1,-0.02139848568911363,0.02139848568911363,0.1289297920217013
Vpreb3,-0.1470882454919798,0.1470882454919798,9.341287715353765e-26
Agbl3,-0.008994360976343695,0.008994360976343695,0.5233843035901802
B230206F22Rik,-0.030765019385146544,0.030765019385146544,0.029020524660055856
Rtcd1,-0.07476668124615624,0.07476668124615624,1.084763959620065e-07
Faim2,-0.09928018036946892,0.09928018036946892,1.6519287040061052e-12
Yeats2,-0.028188827506085853,0.028188827506085853,0.04546627935725964
Cnn3,-0.14798570373084713,0.14798570373084713,4.6977915083984713e-26
Dab2ip,-0.011367755987786245,0.011367755987786245,0.41993380051350127
Spin1,-0.06128927657435202,0.06128927657435202,1.3466009344310883e-05
Atp2c1,-0.12442193684643635,0.12442193684643635,7.870636428159055e-19
Szt2,-0.0007494958360241451,0.0007494958360241451,0.9575927843366497
C1qa,0.024875470237315324,0.024875470237315324,0.07754407564582635
Ccl9,-0.034597752950987465,0.034597752950987465,0.014074846746381965
Rnmtl1,-0.04891712545610261,0.04891712545610261,0.0005154234014987956
Gbp2,0.0021311405585073685,0.0021311405585073685,0.8798190944189928
Cd2,0.004412507085657101,0.004412507085657101,0.7542378236885947
St3gal3,-0.09543330272547357,0.09543330272547357,1.1511353950590976e-11
Htra2,-0.1280633963892246,0.1280633963892246,7.285609013262047e-20
Slc4a8,-0.028270669099835003,0.028270669099835003,0.04484294246888114
Limd1,-0.015218502356710389,0.015218502356710389,0.28024367747230683
Cd27,-0.05833421912318744,0.05833421912318744,3.440280014732777e-05
Wdfy3,-0.004312665646484977,0.004312665646484977,0.7596253419957952
Stra13,0.0027482885576354667,0.0027482885576354667,0.8454057503888517
Ammecr1,0.0203905497710413,0.0203905497710413,0.14795236479875568
Sepn1,-0.03598288053766459,0.03598288053766459,0.010658190773761598
Magi3,-0.010297434190093588,0.010297434190093588,0.4650277176510631
Bahcc1,-0.03917102773900066,0.03917102773900066,0.005433542609038589
Cwf19l1,-0.05039472183946895,0.05039472183946895,0.0003467161420653289
Dcaf4,-0.03991941600358972,0.03991941600358972,0.004607032294733845
5033406O09Rik,-0.03579267711951252,0.03579267711951252,0.011078820418059597
AI846148,-0.033297460376933,0.033297460376933,0.018126907854435638
Il18rap,0.0026006314560664523,0.0026006314560664523,0.8536151578043111
Pigf,-0.049596899454794514,0.049596899454794514,0.0004300423322442597
Bptf,0.033553038224019706,0.033553038224019706,0.01725805923962642
March6,-0.04423895586059781,0.04423895586059781,0.0016885227852976405
Cyp2e1,-0.022000124020528963,0.022000124020528963,0.1185154185175217
Dync2li1,-0.0027481671686422453,0.0027481671686422453,0.8454124925882844
Xpnpep3,-0.02357708457496284,0.02357708457496284,0.09433520831729447
Lrrc46,-0.02607049962277507,0.02607049962277507,0.06432185078294507
Plrg1,-0.08230005205512182,0.08230005205512182,4.948965891441361e-09
Arl1,-0.07375825164469553,0.07375825164469553,1.6050954049724725e-07
Mast2,-0.03537538332612704,0.03537538332612704,0.012053681391384465
Dpy19l3,-0.04746383987479419,0.04746383987479419,0.0007535287590190152
Bglap,-0.15183837803546543,0.15183837803546543,2.339902508851239e-27
Zfp788,-0.03932972698298757,0.03932972698298757,0.005247853823802888
Atrn,-0.02811577267893512,0.02811577267893512,0.04602884407860967
Hist1h2bh,-0.09674286357955279,0.09674286357955279,5.994781436955279e-12
Ulbp1,-0.043363960899433535,0.043363960899433535,0.002083964259314381
Fitm2,-0.04982953513015604,0.04982953513015604,0.00040399281298570533
Abi3,-0.0016449459299080597,0.0016449459299080597,0.9070943612822617
Foxd4,-0.018945739357007614,0.018945739357007614,0.17886202627058362
Mir1931,-0.021017080881642697,0.021017080881642697,0.135891414609815
Kctd7,-0.04393118379868874,0.04393118379868874,0.0018189860031100722
Tpst1,-0.04317766069529248,0.04317766069529248,0.002178434392359324
Ercc6l,-0.05432016015701508,0.05432016015701508,0.00011492394895789295
Aldh1b1,-0.0900924666504039,0.0900924666504039,1.5053451319214318e-10
Fam125b,-0.0851957503143215,0.0851957503143215,1.4006186800712105e-09
Macrod2,-0.05525646309147509,0.05525646309147509,8.734907623554695e-05
Naif1,-0.03587870748858337,0.03587870748858337,0.010886773971586506
Usp10,-0.07756294696771347,0.07756294696771347,3.564468343326108e-08
Sacm1l,-0.11815050735701,0.11815050735701,4.033497549621203e-17
Zcchc7,0.035410767308602084,0.035410767308602084,0.011968164675393448
Otos,-0.009440333122400519,0.009440333122400519,0.5029981839122379
BC030476,-0.02375398307209102,0.02375398307209102,0.09188915104040632
Smurf2,-0.022086517148368283,0.022086517148368283,0.11707568564882605
E130012A19Rik,-0.04807203282779953,0.04807203282779953,0.0006435876343169968
Snx9,-0.03656006585043177,0.03656006585043177,0.00946734123258332
Zfp438,-0.011661123510770484,0.011661123510770484,0.4080377112573466
Prok2,0.008733354986184843,0.008733354986184843,0.5355089310763153
Smug1,-0.027775173556672167,0.027775173556672167,0.048729594968484655
Apoc1,0.04065409667241372,0.04065409667241372,0.0039081022330287535
Ppp2r1a,-0.1052514902521736,0.1052514902521736,6.987750672213623e-14
Emr1,-0.03105626476560523,0.03105626476560523,0.027532400136508383
Tnfaip3,-0.04263167488619416,0.04263167488619416,0.0024783520200603384
Gpr157,-0.02765286080484875,0.02765286080484875,0.04973137720392389
Sntb2,-0.004713910272646388,0.004713910272646388,0.7380472418243829
Spib,-0.09044088025340209,0.09044088025340209,1.2785293854227291e-10
Sowaha,0.02904796363331548,0.02904796363331548,0.039273897440439555
Dpy19l4,-0.04760157715193858,0.04760157715193858,0.0007272027734790958
Zfp192,-0.007496700437561946,0.007496700437561946,0.5948111148218256
Dusp19,-0.0713378301549855,0.0713378301549855,4.027066085434667e-07
Shpk,-0.0513697681118902,0.0513697681118902,0.0002653744518376743
AU041133,-0.03733000415859382,0.03733000415859382,0.008063929360906288
1700034P13Rik,-0.04655398560775354,0.04655398560775354,0.0009509001037007085
Mfsd9,-0.0018501345351318033,0.0018501345351318033,0.8955681225248757
L3mbtl3,0.0115163048109161,0.0115163048109161,0.4138848519877223
Sema6b,-0.0508248692412715,0.0508248692412715,0.00030831419953544217
Flad1,-0.09156585326062704,0.09156585326062704,7.514239511385276e-11
Zfp428,-0.05677422951443538,0.05677422951443538,5.548756920701968e-05
Fert2,-0.053339932358633935,0.053339932358633935,0.00015246922117355364
Tmtc4,-0.07498015876416897,0.07498015876416897,9.977711428722175e-08
Bivm,-0.06879443163086577,0.06879443163086577,1.0261331773186235e-06
Mustn1,-0.015619084828809892,0.015619084828809892,0.2677765904858146
Usp18,-0.03916856763221692,0.03916856763221692,0.005436467196658913
Pex26,-0.05631819083432976,0.05631819083432976,6.366722672185471e-05
Fbxl4,-0.017869592586808838,0.017869592586808838,0.20483432945953897
Zbtb49,-0.053640430786538476,0.053640430786538476,0.00013988120364703135
Afap1,-0.030855369314599344,0.030855369314599344,0.02855164413559994
Ccdc63,0.0047444692268303005,0.0047444692268303005,0.7364120259974499
Acad12,-0.018777868070464207,0.018777868070464207,0.18274390930567397
Hist1h2an,-0.07926253481541598,0.07926253481541598,1.778067822680416e-08
9430008C03Rik,-0.0718141812673746,0.0718141812673746,3.367938268697358e-07
Ggct,-0.07502725183741693,0.07502725183741693,9.795102261082913e-08
Pfkfb1,-0.020909857210080166,0.020909857210080166,0.13789987141304033
Lgals3bp,-0.05487712428199375,0.05487712428199375,9.766840293162978e-05
Dennd1a,-0.05844638822486986,0.05844638822486986,3.3225271078107804e-05
Ccnt2,-0.03909424704769721,0.03909424704769721,0.005525492372094213
Eng,-0.04515299766001537,0.04515299766001537,0.001350100509906756
5830416P10Rik,-0.008252520016884203,0.008252520016884203,0.5582096461197503
Chrm1,0.0038009834642640577,0.0038009834642640577,0.7874141655289505
Gm6981,-0.005305464074286826,0.005305464074286826,0.7066119072299986
Rpl39l,-0.004335282175124791,0.004335282175124791,0.7584039047596863
Zmiz2,-0.024051949894111035,0.024051949894111035,0.08788443008685431
Strbp,-0.12741222959476392,0.12741222959476392,1.1207108887479566e-19
Rabgap1,0.003286079779858117,0.003286079779858117,0.8156537284378969
Snrnp200,-0.03740638324141888,0.03740638324141888,0.007935406314528565
Calcoco1,-0.018724509316197572,0.018724509316197572,0.18399076924475993
Tex9,-0.03474702187200228,0.03474702187200228,0.013665146097640902
2310034G01Rik,-0.03600777699016719,0.03600777699016719,0.010604197116694698
Golga4,-0.003044367771523715,0.003044367771523715,0.8289957304131895
Slc24a5,-0.03302190811359357,0.03302190811359357,0.019106334080489406
Snx22,0.011601922578379357,0.011601922578379357,0.4104220154155154
Igfbp6,0.023871404399169165,0.023871404399169165,0.09029383096280855
Ubxn11,-0.05078807992269878,0.05078807992269878,0.00031143600963532417
Zfp629,-0.06364576997570545,0.06364576997570545,6.181924344453959e-06
Entpd7,-0.07896556672476435,0.07896556672476435,2.0099080718074308e-08
4931402G19Rik,-0.043856091987485496,0.043856091987485496,0.0018521921556973319
2310068J16Rik,-0.00790428637901884,0.00790428637901884,0.5749369829763717
Hmgcl,-0.05921709601152188,0.05921709601152188,2.6111078951044854e-05
Rpap1,-0.07133397994173597,0.07133397994173597,4.032869669052683e-07
9130011E15Rik,-0.05856394373200044,0.05856394373200044,3.203232270412151e-05
Id3,-0.039948555747849744,0.039948555747849744,0.004577285480786834
Chst15,0.008960704363839856,0.008960704363839856,0.524939824152094
1700037C18Rik,-0.011180587165778286,0.011180587165778286,0.42762883883294645
Fem1b,-0.041829005558003715,0.041829005558003715,0.0029882052451432268
Dnajb3,0.008884678363366276,0.008884678363366276,0.528462234815455
Tnni2,0.003676026213707699,0.003676026213707699,0.7942432629727034
Dnaja4,0.0034081769957661915,0.0034081769957661915,0.8089342143592357
Adprhl2,-0.11338854602893052,0.11338854602893052,6.9933448412481e-16
Mpv17l,-0.048926750245966925,0.048926750245966925,0.0005141113589802566
Tbc1d20,-0.021000286430482854,0.021000286430482854,0.13620449930504577
BC031353,-0.025881782828531007,0.025881782828531007,0.06627684098181465
Phlpp1,-0.022604973737181955,0.022604973737181955,0.10872205327147576
2810442I21Rik,0.004005192307502652,0.004005192307502652,0.7762891674328922
Gm20571,-0.013428239574044898,0.013428239574044898,0.34072260063372284
Thbs1,-0.04935342238367521,0.04935342238367521,0.0004589791504843764
Zbtb43,-0.007329317091750304,0.007329317091750304,0.6030627090327239
Plcb1,0.006655790895757572,0.006655790895757572,0.6367735371377885
Cep68,-0.05100446283029833,0.05100446283029833,0.0002934906211223695
1110067D22Rik,-0.07170704146344137,0.07170704146344137,3.5064351690879194e-07
Pbx3,0.0052801933376256825,0.0052801933376256825,0.7079450664119123
Per2,0.0026276737455321877,0.0026276737455321877,0.8521104530851695
Slc23a2,-0.008666577108878463,0.008666577108878463,0.5386335686549365
2310035K24Rik,0.025864641842566406,0.025864641842566406,0.06645680988889792
Rel,0.04891155365286892,0.04891155365286892,0.0005161843698592546
Paqr5,-0.0003559277414872817,0.0003559277414872817,0.9798539087041646
Pkp3,0.016546182986340596,0.016546182986340596,0.24040098917133718
Usp28,-0.04665780661808603,0.04665780661808603,0.0009261739037846819
Itgb2,-0.0002710173297816835,0.0002710173297816835,0.9846592918052643
Cdk18,-0.02523262153167962,0.02523262153167962,0.07337871081985553
C920009B18Rik,0.010499750730958855,0.010499750730958855,0.4563031163564912
Rfx2,-0.008052052156360488,0.008052052156360488,0.5678101807511068
Nrtn,-0.0015033013708824162,0.0015033013708824162,0.9150626610193239
Enpp1,-0.028126455428603675,0.028126455428603675,0.04594621663318021
Nfatc3,-0.03568720907134014,0.03568720907134014,0.011318358921184017
Rab13,-0.009003208486626535,0.009003208486626535,0.5229757876469339
Slc27a3,-0.041870911595132995,0.041870911595132995,0.0029593831240413873
Atp6v0c,0.001290992236278759,0.001290992236278759,0.9270219888506361
Ctrl,0.03946401527998254,0.03946401527998254,0.005095225200748793
Armc6,-0.03854872135712236,0.03854872135712236,0.006220249815433483
Gm3258,-0.024019954054967124,0.024019954054967124,0.08830759806326466
Comp,-0.05536511558406357,0.05536511558406357,8.458866540017566e-05
Zufsp,-0.023401253742694382,0.023401253742694382,0.09681793902079858
Cth,-0.052775659693499635,0.052775659693499635,0.00017903729906607136
Ptger3,-0.009951297726656528,0.009951297726656528,0.4801671007012968
AI661453,-0.0009760818114765363,0.0009760818114765363,0.9447904233929258
Slc25a42,-0.002957678906117527,0.002957678906117527,0.8337930300575185
Lenep,-0.04253548565773142,0.04253548565773142,0.002534946901852924
Tnfrsf12a,-0.00963457058849963,0.00963457058849963,0.4942522169262523
Zxdb,-0.02161109495527477,0.02161109495527477,0.12517118284451442
Pth1r,-0.03647370007005865,0.03647370007005865,0.00963762445220703
Gm5512,-0.034713419840414934,0.034713419840414934,0.013756444242320804
Nt5dc3,-0.02280479647251784,0.02280479647251784,0.10563112746733923
Strn,-0.004806963698300966,0.004806963698300966,0.7330716548522281
AW046200,-0.03717803045921475,0.03717803045921475,0.00832520996485992
Mfap3l,-0.048364401470328985,0.048364401470328985,0.0005962242129151022
Phf10,-0.11184609762802084,0.11184609762802084,1.7183123482731995e-15
Fez2,-0.04650838285945182,0.04650838285945182,0.000961952975969823
Prdm9,-0.05373822939230011,0.05373822939230011,0.00013600006887615307
Chd1,0.044880026302063204,0.044880026302063204,0.0014439640822451639
3110043O21Rik,-0.021461853347309143,0.021461853347309143,0.1278004901280386
Klhl2,0.0030578838623156754,0.0030578838623156754,0.8282483289746408
Bach2,-0.03488864067372906,0.03488864067372906,0.013286215035019304
Nostrin,-0.010371129377612085,0.010371129377612085,0.46183903073077054
Tmem170,-0.022591497524704775,0.022591497524704775,0.10893305588421937
Zfp213,-0.027465789679832774,0.027465789679832774,0.05129691447767483
Psd3,-0.03471927549313015,0.03471927549313015,0.013740495544308274
Lrrc29,-0.009630901550990514,0.009630901550990514,0.49441666649724825
Fpgt,-0.02936163160852607,0.02936163160852607,0.03719896435698599
Lysmd1,-0.0549019732312322,0.0549019732312322,9.695865337378459e-05
Unkl,-0.005280321959079999,0.005280321959079999,0.7079382787092401
Cfd,0.0181806410301204,0.0181806410301204,0.19706054624073777
Gpt2,-0.05486179928100368,0.05486179928100368,9.810856586303962e-05
Hnrnph3,-0.08581498203298867,0.08581498203298867,1.0634511109168235e-09
2010016I18Rik,-0.029216289552493075,0.029216289552493075,0.0381485150790887
Pnpla1,-0.03812313783597305,0.03812313783597305,0.00681581210685387
Prkx,-0.019724662848134154,0.019724662848134154,0.16164960559868463
Gpsm1,-0.04568685332778838,0.04568685332778838,0.0011825911184957661
Ptbp1,-0.15576461754830448,0.15576461754830448,1.0141758706176284e-28
Snapc4,-0.018776073894753394,0.018776073894753394,0.18278573268788445
Trmt1,-0.07579208633906696,0.07579208633906696,7.245266405203204e-08
Gstt3,-0.06147672570573583,0.06147672570573583,1.2669954996235046e-05
5430427O19Rik,-0.01609902847047748,0.01609902847047748,0.2533482789262391
Zfp280b,-0.07436666469111577,0.07436666469111577,1.2679374484238632e-07
Pram1,-0.12755490590031976,0.12755490590031976,1.0199915624039114e-19
Rwdd3,-0.05345045271764867,0.05345045271764867,0.0001477203834860065
Cyp4f13,-0.03391707530535967,0.03391707530535967,0.01608360734957873
Bfsp2,-0.06946248096085952,0.06946248096085952,8.051031856772163e-07
Lcn4,-0.023380387881853232,0.023380387881853232,0.09711600102967008
Zdhhc5,0.020716822506223156,0.020716822506223156,0.14157325408891439
Phtf1,-0.05880804620037806,0.05880804620037806,2.9683858150126162e-05
Ly6g5b,0.004294738330811911,0.004294738330811911,0.7605939579183034
Mllt11,-0.0399720046004023,0.0399720046004023,0.004553474516489715
Bbs5,-0.059914917538394105,0.059914917538394105,2.094082381162584e-05
Cul7,-0.08956215766250514,0.08956215766250514,1.9278723668505157e-10
C920021L13Rik,-0.01720269992355751,0.01720269992355751,0.2222477050740625
C8g,-0.047469684915144084,0.047469684915144084,0.0007523938431088824
Zfp319,-0.027495185774494085,0.027495185774494085,0.051048210642240036
Alas1,-0.08484700904624426,0.08484700904624426,1.6342165453069404e-09
Rhbdl1,-0.05846110486528942,0.05846110486528942,3.307364949252463e-05
Ttc30b,0.025715424659963612,0.025715424659963612,0.06804055011358492
Fcgr1,0.021132316971678514,0.021132316971678514,0.1337581289372825
3110056O03Rik,-0.05384551988794034,0.05384551988794034,0.00013185900674316106
Bbs2,-0.043763710385868494,0.043763710385868494,0.001893807537551208
Slc27a1,-0.01528039704301496,0.01528039704301496,0.27829203716662404
Uhrf1bp1,-0.03416324970443609,0.03416324970443609,0.015329764406284493
H2-Q7,0.006470045312308029,0.006470045312308029,0.6462081940451372
Camsap1,-0.02039031000398346,0.02039031000398346,0.14795713201595348
2410057H14Rik,-0.026957651832148606,0.026957651832148606,0.05575873638172062
Gm10638,-0.059117009410437266,0.059117009410437266,2.694543068593791e-05
Ppm1b,-0.09540636632340885,0.09540636632340885,1.166581295015226e-11
Pet112l,-0.045340653097331825,0.045340653097331825,0.001288873024926582
Casp3,0.011365579822181542,0.011365579822181542,0.4200227988284021
F7,-0.03802470786768649,0.03802470786768649,0.0069606482558125455
Usp20,-0.04733125271247246,0.04733125271247246,0.0007797036617927089
Rasal2,-0.0086444948384221,0.0086444948384221,0.5396688386561662
Cyp20a1,-0.01748540075459888,0.01748540075459888,0.214740828450447
Pdia5,-0.08795786484064728,0.08795786484064728,4.0398071498187726e-10
Rasa3,-0.03896619504794355,0.03896619504794355,0.005681969844999308
Hyal2,-0.05062870906047727,0.05062870906047727,0.0003253044440601195
Lrp8,0.025987554949440578,0.025987554949440578,0.06517516498145223
Iqcb1,-0.060460154671627936,0.060460154671627936,1.7595417391993303e-05
2610005L07Rik,-0.013313458459097946,0.013313458459097946,0.34486620399775514
Stard6,-0.03134871413199077,0.03134871413199077,0.02610480506208599
Gm6484,-0.00748901190454788,0.00748901190454788,0.5951890091412262
Spice1,-0.047894885575117764,0.047894885575117764,0.0006739634519525168
Gm7694,-0.038019275404153674,0.038019275404153674,0.006968721817607794
Atf6,-0.034642733042240983,0.034642733042240983,0.013950263078597192
Fggy,-0.021382858608142333,0.021382858608142333,0.12920947673358993
Camk1d,0.022513324054370697,0.022513324054370697,0.110163444087291
Ncs1,-0.017873894765619038,0.017873894765619038,0.2047253097307698
Dido1,0.027403730854859695,0.027403730854859695,0.05182529050042596
Ophn1,-0.023724592861794347,0.023724592861794347,0.09229197716482779
Nrgn,-0.031471107228605924,0.031471107228605924,0.025526600512443435
Pnpla6,-0.012319981613619512,0.012319981613619512,0.3820632957342005
4921517L17Rik,-0.015394057009361637,0.015394057009361637,0.27473228512996456
Rps6ka4,-0.04666611087421953,0.04666611087421953,0.0009242220952666107
Gpam,-0.038965487471145185,0.038965487471145185,0.005682845482181915
Pygm,-0.03353605176236814,0.03353605176236814,0.01731465148431957
Sox13,-0.034803172247708035,0.034803172247708035,0.013513776843564187
Cdc42bpg,-0.007471173156319018,0.007471173156319018,0.5960662120701236
Tnfaip6,-0.025718433021605803,0.025718433021605803,0.06800831661067515
Ptprv,-0.03436088996389629,0.03436088996389629,0.01474722773105174
Tmem69,-0.06613149874748007,0.06613149874748007,2.6403069695857357e-06
Bcl6,0.006009762160212,0.006009762160212,0.6698313882540835
Ift46,-0.06353153382014814,0.06353153382014814,6.4237238062061875e-06
Stau2,-0.007915976044877818,0.007915976044877818,0.574371648382577
Drap1,-0.059660364180620575,0.059660364180620575,2.2702342695527992e-05
Nrap,0.004104531715549018,0.004104531715549018,0.7708936901019309
Abl1,-0.04068878795410087,0.04068878795410087,0.0038776150580866267
Ick,-0.056832578886210246,0.056832578886210246,5.4515875529167275e-05
Spata6,-0.015565137350708282,0.015565137350708282,0.26943299759864475
Nfs1,-0.10007566125482999,0.10007566125482999,1.0953711370391078e-12
BC006779,-0.007519155076802307,0.007519155076802307,0.5937080884936188
Pkp4,-0.02678642035982197,0.02678642035982197,0.057333248547018455
Tmtc3,-0.006897405552178604,0.006897405552178604,0.6245888453664403
Ids,-0.003503097471312414,0.003503097471312414,0.8037200353577747
Enkur,-0.01613332033624431,0.01613332033624431,0.2523385026722799
Thnsl1,-0.014381359360050285,0.014381359360050285,0.30755329182056207
Nhlrc3,-0.03183912805338925,0.03183912805338925,0.023854249581434415
Mtus1,-0.11133984864265761,0.11133984864265761,2.3018677591480153e-15
P2ry1,-0.01695877162878731,0.01695877162878731,0.22887445833279427
Arhgef26,-0.021069984235570115,0.021069984235570115,0.1349088129325547
Pcp4,-0.023524241977677447,0.023524241977677447,0.09507592420576444
Parp3,-0.04368993966868987,0.04368993966868987,0.0019276538554014453
Cyp4v3,-0.07415632273469797,0.07415632273469797,1.3759135071770145e-07
Gm15915,-0.02807856931459706,0.02807856931459706,0.04631757665884478
Cbfa2t3,-0.024240072447066163,0.024240072447066163,0.08542933405743044
Tatdn3,-0.028520502384105764,0.028520502384105764,0.04298451588338838
Creb3,-0.07045280707363218,0.07045280707363218,5.596472027526019e-07
Gm17745,-0.01439222476986649,0.01439222476986649,0.30718792078848156
A130010J15Rik,-0.05131287276733718,0.05131287276733718,0.00026958085091809516
Zdhhc17,-0.017004921367844573,0.017004921367844573,0.22761005067904277
Ap3m2,-0.018847028691271944,0.018847028691271944,0.18113713192717584
Purg,0.009213999105463836,0.009213999105463836,0.513291585683058
Pms1,-0.03435389667209384,0.03435389667209384,0.01476750251866275
Camk2a,-0.06858557603432656,0.06858557603432656,1.106481649738742e-06
Apoa2,-0.05162465952322998,0.05162465952322998,0.00024727378749587586
Tcea2,-0.06465849795092288,0.06465849795092288,4.387184273582161e-06
Fabp4,0.012034377237869452,0.012034377237869452,0.3931959492787037
Tanc1,0.004482391680809654,0.004482391680809654,0.7504738823808448
Sirpb1b,0.03253920549520314,0.03253920549520314,0.02093382932794492
9430037G07Rik,-0.09310974940953136,0.09310974940953136,3.585730370652592e-11
Pkn3,-0.03244592177895683,0.03244592177895683,0.021304044844061645
Letm2,-0.013533102859849301,0.013533102859849301,0.33696501884150054
Mars2,-0.04301698810429226,0.04301698810429226,0.00226304387139742
Mdm1,-0.05110928757866134,0.05110928757866134,0.00028514966085382333
Ddb2,-0.026377656883786963,0.026377656883786963,0.061241808814358825
Mbtps2,-0.0316780603309082,0.0316780603309082,0.024574106223276108
Ankrd49,-0.023017268286377495,0.023017268286377495,0.10242142008174913
Gabpa,-0.11635652433876498,0.11635652433876498,1.1979403936812282e-16
Mccc1,-0.08004295503431312,0.08004295503431312,1.2857469133165209e-08
1700066B19Rik,-0.023066762157361406,0.023066762157361406,0.10168499470051207
Brd8,0.012572012640099458,0.012572012640099458,0.37240156971330396
Poll,-0.09673477131262531,0.09673477131262531,6.019160401906912e-12
Nckipsd,-0.06543128150285046,0.06543128150285046,3.365621635074937e-06
Klhl11,0.004080020587585784,0.004080020587585784,0.7722239585798172
Rilpl1,0.0174605384048788,0.0174605384048788,0.2153936050256364
Sept11,-0.056170038656461654,0.056170038656461654,6.65614652840958e-05
Prkcz,-0.013345797157348451,0.013345797157348451,0.34369553738031255
Cacna1f,-0.03281844227478403,0.03281844227478403,0.019858921909143717
Osbpl7,-0.08819144197114503,0.08819144197114503,3.6302295716513066e-10
Alkbh5,-0.10368643012334734,0.10368643012334734,1.6293735091402803e-13
Asb13,-0.03210914277693847,0.03210914277693847,0.02268846754415951
Parvb,-0.05235710324838893,0.05235710324838893,0.00020149281924192484
Tmem150b,-0.06423966966715562,0.06423966966715562,5.058784657835615e-06
2310003H01Rik,-0.08611886482573634,0.08611886482573634,9.283620122074448e-10
Prdm16,-0.021786732047381945,0.021786732047381945,0.12213105987748504
Zfp784,-0.03367401748816405,0.03367401748816405,0.016859674023961293
Fam175a,-0.07160794974458123,0.07160794974458123,3.639408814479844e-07
B4galt7,-0.03944491713329586,0.03944491713329586,0.005116684125623952
LOC622070,-0.013138130053438826,0.013138130053438826,0.35125731112561553
F12,-0.028035562794622767,0.028035562794622767,0.04665324527519057
Slc26a11,-0.027905731580079144,0.027905731580079144,0.047679025551435245
Golm1,-0.00043456892307222844,0.00043456892307222844,0.9754039716695196
Was,-0.05904094128362098,0.05904094128362098,2.7596443434737393e-05
Flii,-0.1011199243317003,0.1011199243317003,6.356254468328068e-13
Dlg4,0.0021953324798756352,0.0021953324798756352,0.8762278763638619
Serpina11,-0.012294894278163071,0.012294894278163071,0.3830333695717661
Plekhm1,-0.030676467137807664,0.030676467137807664,0.02948649007023833
Rab7,0.02668412760479401,0.02668412760479401,0.058291367576629734
6330545A04Rik,-0.0013593368075814146,0.0013593368075814146,0.9231702230029527
Plxnb2,-0.0038303084156522905,0.0038303084156522905,0.7858138572809339
Zfp874a,-0.026289379702184146,0.026289379702184146,0.062114248779414245
Gm6682,-0.005001915823001765,0.005001915823001765,0.7226840173685698
Stk38l,-0.023141067840311877,0.023141067840311877,0.10058731154679876
LOC100503496,-0.03639802970004182,0.03639802970004182,0.009789057965854598
Mib2,-0.10832870702012605,0.10832870702012605,1.2749752282222153e-14
Afp,-0.043811555420485815,0.043811555420485815,0.0018721486640247665
Khdrbs3,-0.0064268164955739076,0.0064268164955739076,0.6484121913461933
Extl3,-0.043829134848313675,0.043829134848313675,0.0018642479804343776
Cxcr3,0.021334327405082704,0.021334327405082704,0.13008106489083124
Pgm2l1,-0.0009337555937384322,0.0009337555937384322,0.9471809193395868
Sfxn5,-0.03997408950427094,0.03997408950427094,0.004551362855461914
Sytl4,-0.06264331905502979,0.06264331905502979,8.637738737499023e-06
Paip2b,-0.013478976771366183,0.013478976771366183,0.3389011888262238
9430069I07Rik,-0.029895718660314517,0.029895718660314517,0.03388053838148761
Depdc5,-0.03748462782437556,0.03748462782437556,0.0078056489252352115
Ap1g2,-0.10555850623608558,0.10555850623608558,5.90976645706733e-14
Ush1c,0.026563979913133834,0.026563979913133834,0.059433667714909655
Slc25a33,-0.05533160141855496,0.05533160141855496,8.543120769437826e-05
Gimap3,0.02734722224389808,0.02734722224389808,0.05231036361302441
Gimap1,-0.004373553226655327,0.004373553226655327,0.7563383970086195
Tspan14,-0.11641632855563756,0.11641632855563756,1.155558974552618e-16
Zfp775,-0.023061110429292462,0.023061110429292462,0.10176887370372995
Serpinb9,-0.020965886069858122,0.020965886069858122,0.13684753360780938
Jmjd4,-0.0645195274657839,0.0645195274657839,4.59994936545354e-06
Med13l,0.006421662258183931,0.006421662258183931,0.6486751833515119
Gfod1,-0.024246001916470604,0.024246001916470604,0.08535286177275107
Dennd2a,-0.017692387221203906,0.017692387221203906,0.20936155190406402
Vamp3,-0.09026984436536441,0.09026984436536441,1.3853553352478385e-10
Atg14,-0.06604589480316715,0.06604589480316715,2.7201786427614712e-06
Adck2,-0.07780923660157493,0.07780923660157493,3.225615319893503e-08
E330009J07Rik,-0.005107268026209446,0.005107268026209446,0.7170915869817304
D730005E14Rik,0.01965700872019223,0.01965700872019223,0.16309312290773403
Cbx7,-0.011832756103978633,0.011832756103978633,0.4011720337934493
Try10,-0.020007071349360788,0.020007071349360788,0.1557279399040891
Mudeng,-0.033575302264363234,0.033575302264363234,0.01718412981092877
Phf13,-0.01285736421571346,0.01285736421571346,0.3616470094436022
Gpld1,-0.03834382232516374,0.03834382232516374,0.0065008771576195315
Aldh5a1,-0.013779633513515221,0.013779633513515221,0.3282364129446807
Herc3,-0.04261941853129881,0.04261941853129881,0.002485498477706726
Pcgf3,-0.08322795903333101,0.08322795903333101,3.3177114993544085e-09
Avl9,-0.034966557052539406,0.034966557052539406,0.013081718470783148
1110035M17Rik,-0.012115778824664093,0.012115778824664093,0.3900031286076956
Hist1h2bk,-0.021434890482263866,0.021434890482263866,0.12828006323360422
Ttc28,-0.024682203799145028,0.024682203799145028,0.07987717998694706
Socs3,-0.021045660554892858,0.021045660554892858,0.13535990549595894
Tha1,-0.019483997797146244,0.019483997797146244,0.16682878545820007
1500002O20Rik,-0.06215719275933228,0.06215719275933228,1.0141000291495382e-05
Hist1h4f,-0.07008406378358244,0.07008406378358244,6.411615870632124e-07
Hrh2,-0.014986170933566733,0.014986170933566733,0.2876522604676793
1700028J19Rik,-0.06951064247664401,0.06951064247664401,7.910782277627808e-07
Tfe3,-0.026414459911970733,0.026414459911970733,0.06088109454746091
Parg,-0.08452332655751497,0.08452332655751497,1.8847263590951855e-09
Ercc6,-0.008702631648900973,0.008702631648900973,0.5369453876511355
Zc3hav1,-0.06375528056398294,0.06375528056398294,5.958318756615723e-06
4921507P07Rik,-0.06809909216998339,0.06809909216998339,1.3177825110136881e-06
Oas2,-0.02520602692095497,0.02520602692095497,0.07368243861227214
Pdk2,-0.03316458458923924,0.03316458458923924,0.018593576539013203
2610204G22Rik,-0.014538405253774868,0.014538405253774868,0.30230025561058743
Elac2,-0.0375926827089522,0.0375926827089522,0.007629580106245549
Gm3925,-0.011236251213001373,0.011236251213001373,0.42533179856303527
Srr,-0.06344489282588998,0.06344489282588998,6.613118679204494e-06
Myo7a,-0.03962536187424526,0.03962536187424526,0.004917154541160244
AI463170,0.008343366267062386,0.008343366267062386,0.5538850927299159
Endou,-0.006675476251887351,0.006675476251887351,0.6357770572327452
Pgap3,-0.027964354301885357,0.027964354301885357,0.047213531350852066
Klrk1,0.01512444768222617,0.01512444768222617,0.2832271317137548
Pdzd2,-0.018371462443499294,0.018371462443499294,0.19239962928269091
Hdac7,-0.021949858682886316,0.021949858682886316,0.11935945024945382
Agrn,-0.01643445144022091,0.01643445144022091,0.24359161954843425
Eef1d,0.0208001973027117,0.0208001973027117,0.13997754387475303
Pigh,-0.07978251317148682,0.07978251317148682,1.433137404742457e-08
6720463M24Rik,-0.08223363599263768,0.08223363599263768,5.09182700790491e-09
Adamtsl3,-0.013535542472730257,0.013535542472730257,0.3368779180773865
Fam161b,-0.0071198033767564325,0.0071198033767564325,0.6134631374268977
Arl5c,-0.025018644790311392,0.025018644790311392,0.07585170862300004
Ankrd32,0.00809025528973381,0.00809025528973381,0.5659745288374415
LOC100859962,-0.026420322398552906,0.026420322398552906,0.06082379787694038
9030625A04Rik,-0.04556597258682999,0.04556597258682999,0.001218745060905999
Rhoj,-0.03492110465901585,0.03492110465901585,0.013200670361844729
Ppap2a,0.02456328933235664,0.02456328933235664,0.08134083560762406
Parp11,-0.03923343883109717,0.03923343883109717,0.005359821318809134
BC055004,-0.03136260363987834,0.03136260363987834,0.026038624490854322
9330151L19Rik,-0.004425277223400783,0.004425277223400783,0.7535495930078696
Rhebl1,-0.03648851556372517,0.03648851556372517,0.009608220895063541
Ltc4s,-0.024798444841964754,0.024798444841964754,0.07846718418379632
A430033K04Rik,-0.05262949659750009,0.05262949659750009,0.0001865971915506164
Gm5294,-0.008345404664152938,0.008345404664152938,0.553788247343751
Ikzf3,-0.01083513543699362,0.01083513543699362,0.4420448889355865
C85492,-0.05386871371521042,0.05386871371521042,0.00013097955342787447
Dock9,0.0017252623500181885,0.0017252623500181885,0.9025802101343886
C1qb,0.01013280513426354,0.01013280513426354,0.472194995604849
Lin37,-0.07237376522916183,0.07237376522916183,2.7261680824536795e-07
Cldn12,-0.023054552425500835,0.023054552425500835,0.1018662720305131
Dgat1,-0.031222290233599907,0.031222290233599907,0.026713900320171416
Ctns,-0.03447477250956277,0.03447477250956277,0.01442049667745252
Klrb1f,-0.0041741604358436985,0.0041741604358436985,0.7671184838630841
BC053749,-0.02562441530050428,0.02562441530050428,0.06902163489662207
Gm16287,0.000995605413500893,0.000995605413500893,0.9436879374943696
Scpep1,-0.004455115016352906,0.004455115016352906,0.7519422859443453
2010204K13Rik,-0.028948248465005162,0.028948248465005162,0.039953765649578483
Ankrd13b,0.01516074565558466,0.01516074565558466,0.28207320548847703
4930579G22Rik,0.0007516572578763226,0.0007516572578763226,0.9574706046362811
Trio,-0.0357348473886398,0.0357348473886398,0.01120959951849399
Art4,-0.007391003407982832,0.007391003407982832,0.6000157318843043
Pcgf2,-0.013162856007077303,0.013162856007077303,0.350351478778974
Trp53i13,-0.033679296854955174,0.033679296854955174,0.01684247432292513
Acbd4,-0.030309567360439705,0.030309567360439705,0.0314863072534595
6430527G18Rik,0.0009476122310081336,0.0009476122310081336,0.9463982721541052
Ropn1l,-0.017362461993245273,0.017362461993245273,0.2179825998053381
B230217C12Rik,-0.014675593611485148,0.014675593611485148,0.297760551893484
Rybp,-0.0067118150440338125,0.0067118150440338125,0.6339393058119661
Ttll5,-0.0304547553923728,0.0304547553923728,0.030681454952882388
Mib1,-0.003080602067155166,0.003080602067155166,0.8269924272721769
Glt8d1,-0.12207625378254719,0.12207625378254719,3.5145605221866665e-18
Zfp90,-0.004143501576637524,0.004143501576637524,0.7687801046109242
Taf9b,-0.05751111536498319,0.05751111536498319,4.433750923319262e-05
Adck3,-0.034886675110941436,0.034886675110941436,0.013291410112020502
Ankrd40,-0.022812832025496554,0.022812832025496554,0.10550830371448419
Nr1d2,-0.039568489347348294,0.039568489347348294,0.004979269530691876
Mettl4,-0.07150666349308886,0.07150666349308886,3.780350316136271e-07
Akt3,-0.031684117097755066,0.031684117097755066,0.02454670015202054
Crb3,-0.0010199403446646037,0.0010199403446646037,0.9423139099800888
Oas1b,-0.03809466908074687,0.03809466908074687,0.0068574220239279214
Alkbh8,-0.059778665719867334,0.059778665719867334,2.186684029709981e-05
Gm11110,-0.016756670394289252,0.016756670394289252,0.2344704791411962
Urb2,-0.03278650958744506,0.03278650958744506,0.019979355145452644
Fnip2,-0.0014969761673989798,0.0014969761673989798,0.9154186943016459
LOC100044193,-0.025841126220892158,0.025841126220892158,0.06670436273945621
Wdr62,-0.04229250243828908,0.04229250243828908,0.0026832132122141653
Fcer1a,0.02695140415335258,0.02695140415335258,0.05581554559516217
Slc12a4,-0.03202111290517176,0.03202111290517176,0.023062976031318093
Ifi204,-0.005651981997863573,0.005651981997863573,0.6884235886353188
Fam187b,0.005646880502056747,0.005646880502056747,0.6886900890336414
Slc12a9,-0.0371653971311844,0.0371653971311844,0.008347266967838806
Fut4,-0.11227845831095436,0.11227845831095436,1.3372188712237868e-15
Batf3,0.01778903840335062,0.01778903840335062,0.2068834180950573
Thoc7,-0.05494392292616988,0.05494392292616988,9.57714976931304e-05
Ufsp1,-0.021445929926440836,0.021445929926440836,0.12808354212481696
Sesn3,-0.032136569262874115,0.032136569262874115,0.022572870686469612
2410018M08Rik,-0.025431190772147436,0.025431190772147436,0.07114314158123217
Akap7,-0.026889290125121732,0.026889290125121732,0.056382965188068596
Top2b,-0.030937307206897757,0.030937307206897757,0.02813207375127128
Rapgefl1,-0.0076493412512546426,0.0076493412512546426,0.5873315508593159
Mlkl,-0.07503464136009502,0.07503464136009502,9.766743630060826e-08
Dnajc18,-0.0452590228446665,0.0452590228446665,0.001315185176549784
Dus2l,-0.07792635723282203,0.07792635723282203,3.075647127333331e-08
Ctrb1,0.05231882785148873,0.05231882785148873,0.00020367323109584485
3110057O12Rik,-0.044712584570436406,0.044712584570436406,0.0015044784473237202
Lekr1,-0.028671482698996536,0.028671482698996536,0.041893290974018914
Cd34,-0.0616331070424431,0.0616331070424431,1.2040382895483657e-05
Abhd6,-0.02798896405871233,0.02798896405871233,0.04701925927629851
Hoxb3,-0.0006077215697994809,0.0006077215697994809,0.9656089648627112
Sipa1l2,-0.01277801434603348,0.01277801434603348,0.36461789424911567
Cysltr1,-0.04059139756148937,0.04059139756148937,0.003963755765890493
Plekhg1,-0.013006230978830271,0.013006230978830271,0.35611445078988474
Tslp,-0.09784860259295407,0.09784860259295407,3.4322152573405593e-12
Plau,-0.033076307124384315,0.033076307124384315,0.018909392670575884
Parp8,-0.1347918829114949,0.1347918829114949,7.471314810879746e-22
1700048O20Rik,-0.041504694108750656,0.041504694108750656,0.0032200642386102417
AW554918,-0.019109408039617925,0.019109408039617925,0.1751366850485449
Pnpo,-0.04246863730399561,0.04246863730399561,0.0025749718296739555
1700056E22Rik,-0.005190935751514783,0.005190935751514783,0.7126609976670474
Slc8a1,-0.006871995886699451,0.006871995886699451,0.6258655207611394
Arhgef11,-0.02782050147791952,0.02782050147791952,0.0483626712232679
1110020A21Rik,-0.04662803434803452,0.04662803434803452,0.0009332029177268234
Trp53bp2,0.00906673707413485,0.00906673707413485,0.520047297479725
Pir,0.003371228354126167,0.003371228354126167,0.8109661892867983
Spata5,-0.06618315225105639,0.06618315225105639,2.59320607005787e-06
Gm6525,-0.007871212301546287,0.007871212301546287,0.5765379320823187
Zfp664,-0.04249249310203184,0.04249249310203184,0.0025606225319703487
Ccl24,-0.02343360239919873,0.02343360239919873,0.09635729541650444
Tspan7,-0.004979865481957374,0.004979865481957374,0.7238564080426227
Lamb3,-0.05473806375473618,0.05473806375473618,0.00010173169715205576
Trmt61b,-0.059285462794714264,0.059285462794714264,2.555533659634277e-05
Epcam,-0.001791293568220006,0.001791293568220006,0.8988713032344086
Trim25,-0.028438081278067646,0.028438081278067646,0.043590291549882816
Gpc3,-0.03497164408740655,0.03497164408740655,0.013068464513605781
1700120C14Rik,-0.0390065439063846,0.0390065439063846,0.005632238333994866
Npc1,-0.03248068106979759,0.03248068106979759,0.021165434432850783
Hpn,-0.014849093859509204,0.014849093859509204,0.29208478966566925
B130006D01Rik,-0.010598298029734131,0.010598298029734131,0.4520869610744911
Wwox,-0.09303679690103318,0.09303679690103318,3.714309386633315e-11
Mex3a,-0.0252176387355844,0.0252176387355844,0.07354969795797978
D14Ertd449e,-0.016205119368309578,0.016205119368309578,0.25023336292795756
1700112E06Rik,0.09164517959285068,0.09164517959285068,7.236085939557976e-11
Socs5,-0.01648452083376887,0.01648452083376887,0.2421581679989245
Plekhf1,-0.016960051266440162,0.016960051266440162,0.2288393316547596
Gzma,-0.0026218193290528952,0.0026218193290528952,0.8524361629082543
Zfpm1,0.04216621827007945,0.04216621827007945,0.002763360794618261
Zfp46,-0.045129730632333824,0.045129730632333824,0.0013578761110093545
Wsb2,-0.05537719849731686,0.05537719849731686,8.4286832215012e-05
Creb3l3,-0.014968974301754232,0.014968974301754232,0.28820582916469095
Tlr6,-0.003918576086999609,0.003918576086999609,0.7810024362161906
Dgkh,-0.007829740059493613,0.007829740059493613,0.5785483589744567
Arrdc2,-0.030508293794013253,0.030508293794013253,0.03038915384128705
N4bp2,0.025684363847469506,0.025684363847469506,0.06837409028878404
Tsix,0.007770020049332492,0.007770020049332492,0.5814491458284847
Odf2l,-0.03642008345005294,0.03642008345005294,0.009744706032577185
Bend4,-0.02756280538159757,0.02756280538159757,0.05047994876458148
Mex3d,-0.016646372718887536,0.016646372718887536,0.23756508225897524
Gabra2,-0.02803556279462277,0.02803556279462277,0.04665324527519057
Reep6,-0.01616259704481188,0.01616259704481188,0.2514786274242187
Plvap,-0.002055267235157759,0.002055267235157759,0.884067011994179
Zscan2,-0.023936364021137645,0.023936364021137645,0.0894208888953501
Arid3a,-0.0019129107697865584,0.0019129107697865584,0.8920460219050128
Pcdh7,-0.022432645997070372,0.022432645997070372,0.11144473533622797
Pxt1,-0.04272632907100198,0.04272632907100198,0.0024237907854622056
Rhobtb2,-0.03431028899574698,0.03431028899574698,0.014894483780266216
Tnfrsf10b,-0.04749867100290605,0.04749867100290605,0.0007467891019033593
Gnrh1,-0.01841186452052086,0.01841186452052086,0.19142326449470684
Enox,-0.051421506862087095,0.051421506862087095,0.0002616027675090436
1810043G02Rik,-0.021980572861043223,0.021980572861043223,0.11884315462722451
Grsf1,-0.09482207230142721,0.09482207230142721,1.5562720644417624e-11
Trpm2,0.03545025683968142,0.03545025683968142,0.011873360897833795
Rsph1,0.004547318752719508,0.004547318752719508,0.7469822609886827
Inpp4b,-0.022522021170025726,0.022522021170025726,0.11002601812442765
Nlk,-0.053287735084996846,0.053287735084996846,0.00015476164396368617
Pttg1ip,-0.09493883916494822,0.09493883916494822,1.4693703357953894e-11
A530088E08Rik,-0.03859806026402887,0.03859806026402887,0.006154325994925753
Abhd2,-0.036677052634137466,0.036677052634137466,0.009240963342762434
Zfp799,-0.01590144442306471,0.01590144442306471,0.25922123268142916
Gstcd,-0.08325051698016123,0.08325051698016123,3.2854367815151814e-09
Ybey,-0.04158346812290234,0.04158346812290234,0.00316228702849886
Lmf1,-0.08863524991469521,0.08863524991469521,2.960685682189687e-10
Tjp3,-0.041007204522347275,0.041007204522347275,0.0036077122150623676
Epha7,-0.03648665936439706,0.03648665936439706,0.009611900412981862
2310079F23Rik,-0.03827160383817158,0.03827160383817158,0.006602468008880076
Zfp947,-0.03000540322053867,0.03000540322053867,0.033231296174482526
Dab2,-0.032762809976392346,0.032762809976392346,0.020069149128724744
Zfp946,-0.05899968304877652,0.05899968304877652,2.7955768824321616e-05
Tada2b,-0.01580338551578872,0.01580338551578872,0.26217065647283383
Wwp1,-0.023707609056935582,0.023707609056935582,0.09252540510660269
Spns2,-0.015701086873127254,0.015701086873127254,0.2652722182571569
Wfs1,-0.02238945305194353,0.02238945305194353,0.11213552159998075
Cyb5d2,-0.026087527957657262,0.026087527957657262,0.06414781315388991
Tmem64,-0.03349242403934608,0.03349242403934608,0.017460748200580245
Dlg2,-0.049449063048583194,0.049449063048583194,0.00044740233517059805
Ntn3,-0.03279610541169167,0.03279610541169167,0.019943097955626723
Maged1,-0.018313501705481607,0.018313501705481607,0.19380670407184675
Cacna1h,0.00720689763549952,0.00720689763549952,0.60913009352886
Gem,0.006918188660844961,0.006918188660844961,0.6235454618648962
Mlst8,-0.05931384889785242,0.05931384889785242,2.532791091950768e-05
Gpr34,-0.01167810619993101,0.01167810619993101,0.4073552630708217
Asph,-0.061193108280153646,0.061193108280153646,1.3892707796390498e-05
Lap3,-0.11907435871261215,0.11907435871261215,2.287712284536943e-17
Zfp873,-0.02998918629037682,0.02998918629037682,0.03332661136333541
Phka1,-0.03223092047541602,0.03223092047541602,0.022179099816351952
BC025920,-0.004818487278504294,0.004818487278504294,0.7324562610768327
Tle6,-0.08214310256011129,0.08214310256011129,5.293041440813403e-09
Irg1,0.043877819832401126,0.043877819832401126,0.0018425271498139853
Ccdc149,-0.07483009840068937,0.07483009840068937,1.058182810601176e-07
Sepsecs,0.0023126214713889664,0.0023126214713889664,0.8696727687379757
Tbc1d4,-0.0019735823062205287,0.0019735823062205287,0.8886440278453288
Fah,-0.039159810002365666,0.039159810002365666,0.005446889846143307
Ovca2,-0.02269169959608532,0.02269169959608532,0.10737187419192248
Eid3,-0.01476811965458759,0.01476811965458759,0.29472461637142977
Slc35a3,-0.016116986553204826,0.016116986553204826,0.25281912549013413
Zfp763,-0.04419887164256324,0.04419887164256324,0.0017050126841037642
Zfp101,0.0039040359623738097,0.0039040359623738097,0.781794439248736
Man1a,-0.060058446255886785,0.060058446255886785,2.000577282407033e-05
Hist2h3c2,-0.056002582110595875,0.056002582110595875,6.99825749033079e-05
Setd6,-0.07027496141852603,0.07027496141852603,5.976298004041875e-07
Cryba4,0.025191777335979302,0.025191777335979302,0.07384560053112783
Rtn4ip1,-0.07929790226524183,0.07929790226524183,1.7522513197594603e-08
Myo18b,-0.08811756127318544,0.08811756127318544,3.755188732073084e-10
Trim23,-0.01666466412724902,0.01666466412724902,0.23704989806242233
Gm129,-0.012945998281168977,0.012945998281168977,0.35834651187610583
Lace1,-0.039523591463079884,0.039523591463079884,0.005028806150209274
Abcc10,-0.012193745922476466,0.012193745922476466,0.38695984067436634
Arhgef40,-0.005719619926601612,0.005719619926601612,0.6848938723586825
Pdp2,-0.07181690422814865,0.07181690422814865,3.364488088049926e-07
Rrad,-0.017359200023074804,0.017359200023074804,0.21806909100097466
Ensa,-0.010040575815503303,0.010040575815503303,0.47623672148261464
Pigw,-0.030318480905267224,0.030318480905267224,0.03143637835389106
Ccdc162,-0.0103264689297191,0.0103264689297191,0.46376996656587016
Rnase12,-0.01625763807583991,0.01625763807583991,0.24870130538896187
Dhdh,-0.03549203709883453,0.03549203709883453,0.011773783032419912
Trerf1,-0.0386421072095338,0.0386421072095338,0.006096005122149535
BC021785,0.013967426321138947,0.013967426321138947,0.3216867437817245
Treml4,0.017637214143253158,0.017637214143253158,0.21078578867858125
Thap11,-0.07903684541319582,0.07903684541319582,1.9517213477366355e-08
Tdrkh,-0.05217575563979102,0.05217575563979102,0.0002120213143647618
Rnf217,0.01798452072940725,0.01798452072940725,0.20193645605674063
Sept4,-0.028447419964626117,0.028447419964626117,0.043521294276570366
Mtmr4,-0.04025413479239719,0.04025413479239719,0.004275652656491346
Tead2,-0.022396260764660735,0.022396260764660735,0.11202642205541055
Pskh1,-0.06955963631232401,0.06955963631232401,7.770524184940606e-07
S100a2,-0.039399348229961544,0.039399348229961544,0.005168216180042964
Rras,-0.00013319501449042033,0.00013319501449042033,0.992460255888649
Mmab,-0.062323272928145705,0.062323272928145705,9.601333223224968e-06
Gja5,-0.057257402278208025,0.057257402278208025,4.791198400527359e-05
Zfhx2,-0.022919063662302067,0.022919063662302067,0.10389517427695508
Sept10,-0.033209579919650435,0.033209579919650435,0.018434386388886316
Dip2a,-0.03997123042941535,0.03997123042941535,0.004554258848852285
Kif13b,0.008793349853484643,0.008793349853484643,0.5327094884955975
Fam174b,-0.02119023215660984,0.02119023215660984,0.1326958109440408
Tab3,-0.009118437317974157,0.009118437317974157,0.5176703152598373
Rfx1,-0.046928410505456916,0.046928410505456916,0.0008644979902921281
Gstt2,-0.0667748010647324,0.0667748010647324,2.1080872712616547e-06
Wdr47,-0.04043414110445224,0.04043414110445224,0.004106520134798379
Ggt5,-0.0028536225066119417,0.0028536225066119417,0.8395596002643188
Art3,-0.028233858721355434,0.028233858721355434,0.045122407106646736
Adap2,0.023847072125251563,0.023847072125251563,0.09062257313002098
Gstm7,-0.045401849671128924,0.045401849671128924,0.0012694668472788228
AI504432,-0.007267575916198327,0.007267575916198327,0.606119345500608
Tnpo2,-0.0075819243018379594,0.0075819243018379594,0.5906296877361326
Egr2,-0.01255474668714446,0.01255474668714446,0.3730585983165663
Setdb2,-0.03086044291238957,0.03086044291238957,0.028525508711652735
Cxcl13,0.02234198374574823,0.02234198374574823,0.11289858888627763
Adora3,-0.007229939314412954,0.007229939314412954,0.6079860231664895
Tgm1,0.007277603161072512,0.007277603161072512,0.605622452969031
Rpgrip1l,-0.00863958875825175,0.00863958875825175,0.5398989826481617
Mmp28,-0.05042320469609684,0.05042320469609684,0.00034404101785655527
Pou5f1,-0.02342924593740767,0.02342924593740767,0.09641922892366458
Siglech,-0.005046363214890331,0.005046363214890331,0.7203227816315153
Gbp6,-0.02114231564267192,0.02114231564267192,0.1335742585378424
Ubxn6,-0.07045308651459108,0.07045308651459108,5.595893945140723e-07
Lrrc20,-0.024549116585585184,0.024549116585585184,0.08151672257357269
Nipa1,-0.020588387801176153,0.020588387801176153,0.1440586568976709
AA465934,-0.021093363973408233,0.021093363973408233,0.13447632174563465
Atp10a,-0.03787501437968498,0.03787501437968498,0.0071862178039546745
Ng23,-0.01985873455307405,0.01985873455307405,0.15881747745499095
Lonp2,-0.07915377005560091,0.07915377005560091,1.8597958091785283e-08
Slc25a16,-0.05471731809683063,0.05471731809683063,0.00010235137981143893
Vangl1,0.024091076892600267,0.024091076892600267,0.08736917119116751
Polh,-0.00718320611958738,0.00718320611958738,0.6103074270008374
Hsd17b7,0.03898311704618347,0.03898311704618347,0.005661064825253899
Arhgap26,-0.047695514036420396,0.047695514036420396,0.0007097411365306215
Loxl3,-0.0429137752944064,0.0429137752944064,0.0023189719679900063
Rhov,-0.010155071626564304,0.010155071626564304,0.4712220593593818
Eps8l1,-0.009229297949701003,0.009229297949701003,0.5125923732488142
Btbd6,-0.05713538395635301,0.05713538395635301,4.972675576200481e-05
Ncr1,0.002119062222026611,0.002119062222026611,0.8804950957839052
Zbtb42,-0.013075091688579983,0.013075091688579983,0.3535734196273229
5430417L22Rik,-0.087831660676654,0.087831660676654,4.279526189889537e-10
Obfc1,-0.01074178597909059,0.01074178597909059,0.4459876513216288
Ppp1r13b,-0.0017292189031108633,0.0017292189031108633,0.9023579138426824
Gm1337,-0.015275918329408375,0.015275918329408375,0.2784329471645765
Rab11fip5,-0.03333389680016424,0.03333389680016424,0.01800074566874177
Plekhm3,-0.016073131044678904,0.016073131044678904,0.2541127302444693
Fzd5,0.011782476140154034,0.011782476140154034,0.40317612487435417
Spred1,-0.06901974919550243,0.06901974919550243,9.457531867181065e-07
Lysmd2,-0.012006439166691153,0.012006439166691153,0.394295405180979
Wdr25,-0.04799051627660406,0.04799051627660406,0.0006574037938143983
C920006O11Rik,-0.03312920113192924,0.03312920113192924,0.01871960392019158
Mxd1,-0.04403102540122703,0.04403102540122703,0.0017756821787433517
Kif18a,-0.022897094294269185,0.022897094294269185,0.10422716270248657
Gsta4,-0.016365905784566804,0.016365905784566804,0.24556368224247646
Aak1,-0.0016559798214987344,0.0016559798214987344,0.9064740248432301
Ppfibp1,0.002090144245066416,0.002090144245066416,0.8821139324486309
Cd59a,-0.011694756349051094,0.011694756349051094,0.4066868389335144
Sfxn4,-0.0568768446050021,0.0568768446050021,5.3789491908159926e-05
Dclre1c,-0.0141399789041039,0.0141399789041039,0.31574433128128643
Bgn,-0.012194028008766013,0.012194028008766013,0.3869488563660169
Frmd4a,-0.04496550802229719,0.04496550802229719,0.001413942872090481
BC068281,-0.019201044823803366,0.019201044823803366,0.17307633451862242
Mfsd2b,0.009993695610731428,0.009993695610731428,0.4782983751332569
Zfp386,-0.07207999363078753,0.07207999363078753,3.046744529308059e-07
Pprc1,-0.049788988357108606,0.049788988357108606,0.000408424349723501
Hps6,-0.03305087379993576,0.03305087379993576,0.01900124725431996
Wdr60,-0.04031551200177269,0.04031551200177269,0.004217286384341673
Ddrgk1,-0.0645095612429472,0.0645095612429472,4.615581644688971e-06
Jazf1,-0.08335702718165847,0.08335702718165847,3.1371296031178917e-09
Sag,0.004637240025110439,0.004637240025110439,0.7421550867352619
Polr1b,-0.10087074509930107,0.10087074509930107,7.24136299439745e-13
Nkapl,0.0012874761392296236,0.0012874761392296236,0.9272201962080682
Zfp187,-0.06264120543904367,0.06264120543904367,8.64378814564787e-06
Parp16,-0.035454916326527974,0.035454916326527974,0.011862218744647907
Myof,0.007435116253536539,0.007435116253536539,0.5978410708055482
Zfp773,0.009069694900145937,0.009069694900145937,0.519911156218301
O3far1,0.004420995003178155,0.004420995003178155,0.7537803561550889
Tmem20,-0.08991575005091246,0.08991575005091246,1.6349629110051787e-10
Hpgds,-0.03308835368189519,0.03308835368189519,0.018866021163734606
Myef2,-0.042832387874800155,0.042832387874800155,0.0023639627820337254
Epdr1,-0.0052840819721459795,0.0052840819721459795,0.7077398628846215
Sec61a2,-0.052552452223036034,0.052552452223036034,0.0001907018446223814
Prdm5,-0.028035562794622847,0.028035562794622847,0.046653245275189416
Rasl2-9-ps,-0.07674480767011638,0.07674480767011638,4.956346337974968e-08
Fbxl22,-0.0069621181914501715,0.0069621181914501715,0.6213425339058278
Shf,0.0020931849546526977,0.0020931849546526977,0.881943689368542
Mms19,-0.09907095498754412,0.09907095498754412,1.8394539732564427e-12
Cyp27a1,0.0024100180559456716,0.0024100180559456716,0.8642361942398461
Mfap1b,-0.04211867450900533,0.04211867450900533,0.002794097132029038
Ptcd3,-0.1185763413866189,0.1185763413866189,3.1074326778047235e-17
Cox15,-0.06872076845012441,0.06872076845012441,1.0538090886385696e-06
Tmem62,-0.06686422908257401,0.06686422908257401,2.0428089371959986e-06
Ccdc51,-0.07348591396128061,0.07348591396128061,1.782706552057975e-07
Lipc,0.0031672145632467147,0.0031672145632467147,0.8222084219386121
Mid1,-0.021077410541813706,0.021077410541813706,0.13477132074705855
Syp,-0.047515098662782175,0.047515098662782175,0.0007436298887490462
G530011O06Rik,-0.0041444169471869146,0.0041444169471869146,0.7687304787730107
Chpf,-0.0245022575285842,0.0245022575285842,0.08210045138370112
Chst1,0.00195905131583576,0.00195905131583576,0.8894586299512143
Dopey1,-0.020107221417221318,0.020107221417221318,0.15366795714150297
Gata3,0.015354975066464356,0.015354975066464356,0.27595278160907427
Clec4n,0.004751726594068273,0.004751726594068273,0.7360238577969901
1700084E18Rik,-0.019352423232467216,0.019352423232467216,0.16971252109251198
Gm13546,-0.011678106199931187,0.011678106199931187,0.4073552630708176
Atn1,-0.038864759940898934,0.038864759940898934,0.005808745999780247
Slc38a6,-0.006300718992650573,0.006300718992650573,0.6548587581197581
Hyal3,-0.028040874430270573,0.028040874430270573,0.04661167715591744
Mon1a,-0.0692209447328154,0.0692209447328154,8.791288692055256e-07
Ass1,-0.044578273172276875,0.044578273172276875,0.0015546981551275245
Armcx6,-0.030868174272264428,0.030868174272264428,0.028485722077456962
Mst1,-0.02708365290950437,0.02708365290950437,0.0546232668513261
3110056K07Rik,-0.0037399964166624383,0.0037399964166624383,0.7907451915511958
Gm15987,-0.01662077835853335,0.01662077835853335,0.2382872832180899
Ptges2,-0.07391270528859008,0.07391270528859008,1.512098581067495e-07
Frmd6,-0.03641006495214154,0.03641006495214154,0.009764831827307112
Foxj2,-0.02138405690368313,0.02138405690368313,0.1291880136496162
Lactb2,-0.09213537674532106,0.09213537674532106,5.7275473566848966e-11
Ak1,-0.015614768040636827,0.015614768040636827,0.267908875353877
Cdk9,-0.08829396132375364,0.08829396132375364,3.463532754449269e-10
F730035M05Rik,-0.025343926723201602,0.025343926723201602,0.07211862250924503
Klrb1b,-0.002725206972342769,0.002725206972342769,0.8466879530583984
Map4k5,-0.04360745032685254,0.04360745032685254,0.0019661573330937193
Zfp384,-0.007560844826437109,0.007560844826437109,0.5916626726194353
Acrbp,-0.01594312600686814,0.01594312600686814,0.2579745163007402
Klhdc1,-0.03560082616933223,0.03560082616933223,0.011517964246170197
Klhdc8b,-0.0006810752280771237,0.0006810752280771237,0.9614609275806754
6030422M02Rik,-0.015893621559901618,0.015893621559901618,0.2594556825390681
Tspan9,-0.02480212585050619,0.02480212585050619,0.07842286673320512
Zbtb26,0.007935125498322839,0.007935125498322839,0.573446113044748
Vwf,0.00786174521901984,0.00786174521901984,0.576996572364035
Xlr4a,-0.03542965199962202,0.03542965199962202,0.011922744212528326
2700097O09Rik,-0.08185587412115064,0.08185587412115064,5.9839471404033844e-09
Mira,-0.02006331401214169,0.02006331401214169,0.1545685227777894
Rbm15b,-0.030785168404429887,0.030785168404429887,0.028915389039079708
Abhd14b,-0.029669231643254565,0.029669231643254565,0.035255522102428966
Aldh1l1,-0.015614768040636861,0.015614768040636861,0.267908875353877
Mdk,-0.0029089018817013046,0.0029089018817013046,0.8364950495834045
4921530L18Rik,-0.005111977939297921,0.005111977939297921,0.7168419209087007
Gm17762,-0.027236948728038328,0.027236948728038328,0.05326789071072671
Aplnr,-0.0025187118416037588,0.0025187118416037588,0.8581766107726762
Fam49a,0.0125899335970921,0.0125899335970921,0.37172037468969393
4930426L09Rik,0.0024398797702795873,0.0024398797702795873,0.8625706186842644
Mitf,-0.024422642415348594,0.024422642415348594,0.08309999300274962
Ttc8,-0.0626914331837364,0.0626914331837364,8.5011197185716e-06
Trib2,0.007102696572190821,0.007102696572190821,0.6143158165597461
Uxs1,-0.03699483778222174,0.03699483778222174,0.008650210517966257
Nck2,-0.033414699327259566,0.033414699327259566,0.01772370458647597
Ptpro,-0.006583200146011513,0.006583200146011513,0.6404537758995719
Il1rl1,0.011963441590832164,0.011963441590832164,0.3959911316715375
Dpp4,-0.011711221308785293,0.011711221308785293,0.4060264930935124
Asap2,-0.006904627064207889,0.006904627064207889,0.6242262151908192
Rpl31,0.3076196520527122,0.3076196520527122,7.827092442976084e-111
Gprasp1,-0.035586184859515174,0.035586184859515174,0.011552103778017747
Tsen2,-0.06877062093482857,0.06877062093482857,1.0350016628267094e-06
Nacc2,-0.010469058567616813,0.010469058567616813,0.45762072076320875
Mgat4a,-0.02359924969149909,0.02359924969149909,0.09402589093193534
2900006K08Rik,-0.009617192583743278,0.009617192583743278,0.4950313735146708
Zmat1,-0.0407957371262785,0.0407957371262785,0.003784981029701885
Nphp3,-0.07321214888216182,0.07321214888216182,1.9803258096668363e-07
Xlr4c,-0.022071419443487342,0.022071419443487342,0.1173262926647992
Glyctk,-0.007618431232575872,0.007618431232575872,0.5888426567684025
Col5a1,0.016093046640531204,0.016093046640531204,0.2535247107916075
Fastkd1,-0.029447301773135925,0.029447301773135925,0.036648742122291744
Gtf3c4,-0.062319477005317765,0.062319477005317765,9.613355639394765e-06
Grb14,-0.04444959333807168,0.04444959333807168,0.001604255349528032
Angel1,-0.018546830925097575,0.018546830925097575,0.18818806308101493
Fndc3b,-0.030237922576602315,0.030237922576602315,0.03189009845102599
Glrp1,-0.04299571285745706,0.04299571285745706,0.0022744702231020427
Smox,0.007178325010216122,0.007178325010216122,0.6105501157486167
Plekhg2,-0.0007623913851423037,0.0007623913851423037,0.9568638464755064
Cep76,-0.06257780035273855,0.06257780035273855,8.827154192073255e-06
Pogk,-0.04494095315442282,0.04494095315442282,0.0014225071190904584
4930549G23Rik,-0.028280644278903526,0.028280644278903526,0.04476746264594038
Dyrk1b,-0.0473502552801996,0.0473502552801996,0.000775901137702441
D18Ertd653e,-0.003428436042982107,0.003428436042982107,0.8078206221603268
4930503L19Rik,-0.050591449621711485,0.050591449621711485,0.0003286290561498533
Lpcat1,0.011682997596523772,0.011682997596523772,0.40715882890910765
Ndufs6,0.030858626674365577,0.030858626674365577,0.028534862258602085
Mapk4,-0.047081574268345215,0.047081574268345215,0.0008312987612953485
Sft2d2,-0.046347477422332174,0.046347477422332174,0.0010019094378655082
Zfp831,-0.006974390850410118,0.006974390850410118,0.6207277033631424
Katnal1,-0.028689469420865116,0.028689469420865116,0.04176486648997354
2810442N19Rik,-0.0338372794918526,0.0338372794918526,0.016334855927838798
Dars2,-0.10434452598224764,0.10434452598224764,1.1430785682686626e-13
Prdm10,0.01199791780980728,0.01199791780980728,0.3946311186382673
Arhgap32,-0.037627141138088044,0.037627141138088044,0.007574185398832709
Zfp708,-0.011293806028346443,0.011293806028346443,0.42296432471926937
Ppp1r9a,-0.033549814534816445,0.033549814534816445,0.01726878682471818
Gm10767,-0.01700504418036803,0.01700504418036803,0.22760669252219992
A430035B10Rik,-0.01589804929427514,0.01589804929427514,0.2593229660799451
Tmem91,-0.03833651936674361,0.03833651936674361,0.006511086073659745
Fbp1,-0.020839432522732786,0.020839432522732786,0.13923142445753992
Slc37a2,0.004229652755779977,0.004229652755779977,0.7641136871949358
Mr1,-0.011999759937985565,0.011999759937985565,0.39455853020220305
6720489N17Rik,-0.06214528813096458,0.06214528813096458,1.0180776217944093e-05
Kcnb1,-0.016216447965168638,0.016216447965168638,0.24990233292470157
Pitpnm1,-0.047574776111257606,0.047574776111257606,0.0007322574018112066
A430107O13Rik,-0.020916625682674314,0.020916625682674314,0.13777241533303985
2410089E03Rik,-0.010231921364661195,0.010231921364661195,0.46787261075475006
Gm15708,-0.00463237845087847,0.00463237845087847,0.7424158097100887
Sycn,0.04416928723156336,0.04416928723156336,0.001717277989714023
Mpp2,0.019643449744445173,0.019643449744445173,0.16338359234537486
Zfp82,-0.03962686303128095,0.03962686303128095,0.0049155245418128135
5730577I03Rik,-0.030987544102438327,0.030987544102438327,0.027877466882067947
Ythdc2,0.009742022382992405,0.009742022382992405,0.4894491280622056
Rbm41,-0.00740886282866597,0.00740886282866597,0.5991348727493391
Ccdc112,-0.02470061028705762,0.02470061028705762,0.07965254854041191
Zfp27,-0.03942560907126187,0.03942560907126187,0.005138461892429431
Col5a3,-0.032287766949117315,0.032287766949117315,0.02194474787394541
Cdo1,-0.025413352209620127,0.025413352209620127,0.0713416657197277
Vangl2,-0.021021736265304167,0.021021736265304167,0.13580472666066487
Enc1,-0.04329600516823902,0.04329600516823902,0.0021179795596263933
Cd244,0.003605694308018325,0.003605694308018325,0.7980939878054019
Ppic,-0.09194618813408957,0.09194618813408957,6.269285900745764e-11
Gfm2,-0.0809918927427798,0.0809918927427798,8.633353213497953e-09
Iqce,-0.025425746524479126,0.025425746524479126,0.0712036821809848
Gkap1,-0.01624791806942334,0.01624791806942334,0.2489843583809872
F11r,0.007893778457520467,0.007893778457520467,0.5754453905632105
Pvrl4,-0.013153481182544485,0.013153481182544485,0.3506947498777839
Pde8b,-0.004473692076597232,0.004473692076597232,0.7509421163434747
Gm9776,-0.04306721206954593,0.04306721206954593,0.0022362782085155273
Wnk4,0.008091532947353607,0.008091532947353607,0.5659131869285329
Pdgfrb,-0.03737674820135411,0.03737674820135411,0.007985053823149601
Zfyve16,-0.012904618778233023,0.012904618778233023,0.359885010871228
Aoc2,-0.019811298587305376,0.019811298587305376,0.15981519071914574
Zfp316,-0.024760635460374127,0.024760635460374127,0.0789235702246186
Pcp4l1,-0.04241474120954067,0.04241474120954067,0.002607661433241957
Lgals7,-0.021196257446589158,0.021196257446589158,0.13258566730698987
Ap1m2,0.011941279772090578,0.011941279772090578,0.3968668602855647
Daglb,-0.15467015693967173,0.15467015693967173,2.452971798179878e-28
Dusp3,0.013758384145537633,0.013758384145537633,0.32898293758151453
Mblac2,0.010343733998725152,0.010343733998725152,0.463022962832508
Pag1,0.005741548815805864,0.005741548815805864,0.6837509735658714
Erf,-0.057730291928323935,0.057730291928323935,4.145460931318483e-05
Zfp202,-0.07079617699689168,0.07079617699689168,4.927902359975471e-07
Snx21,-0.04763253963448436,0.04763253963448436,0.0007214036520857117
Klc3,0.0072068976354995335,0.0072068976354995335,0.60913009352886
Kif3b,0.006421301167404766,0.006421301167404766,0.6486936094436677
Dsp,-0.005273887289270565,0.005273887289270565,0.7082778821103847
3830403N18Rik,-0.016396550323278435,0.016396550323278435,0.24468065777721293
Fads3,-0.003972582689994437,0.003972582689994437,0.7780626814387658
Ttll9,-0.03169665698728836,0.03169665698728836,0.024490042943714135
Cox4i2,-0.004706707814334236,0.004706707814334236,0.7384328197535965
Cdyl,-0.028324098648598552,0.028324098648598552,0.044439902361957384
Cd5,0.012436997730289705,0.012436997730289705,0.37755846137087357
Dmwd,0.006337961649032664,0.006337961649032664,0.6529520710141938
1300014I06Rik,-0.04061648740566614,0.04061648740566614,0.003941399519728815
Arhgef5,-0.007297559886821886,0.007297559886821886,0.6046340555849815
Gm8369,0.005335009048946161,0.005335009048946161,0.7050544007614787
Zfp937,-0.047812874356839036,0.047812874356839036,0.0006884726590757219
Gng3,-0.0439322057426314,0.0439322057426314,0.0018185378882215636
AI854703,-0.03443577094422553,0.03443577094422553,0.014531667063722335
Gcnt1,0.018287060626272143,0.018287060626272143,0.19445109962257107
Acox1,-0.0479505741079755,0.0479505741079755,0.0006642737423591587
Bfsp1,-0.021802017409143407,0.021802017409143407,0.12186923679888621
Lrrc16a,-0.023922279546608888,0.023922279546608888,0.08960958007454872
Hist1h4a,8.35327097386278e-06,8.35327097386278e-06,0.9995271410174312
Dusp28,-0.05648333632138445,0.05648333632138445,6.058149646827685e-05
St6galnac2,-0.0354371894168883,0.0354371894168883,0.011904658318132118
Pla2g4c,-0.0034100362340402346,0.0034100362340402346,0.8088320002417445
Crls1,-0.10669639347164915,0.10669639347164915,3.16260722946724e-14
Asb1,-0.026281518407541466,0.026281518407541466,0.06219243768116813
Cbwd1,-0.08354245855975155,0.08354245855975155,2.894332590997029e-09
Tmem202,-0.019020305279399508,0.019020305279399508,0.17715755250730247
Hist1h2ac,0.020676794451592456,0.020676794451592456,0.14234429829597262
6030468B19Rik,-0.0030475047681112533,0.0030475047681112533,0.8288222495940043
Psat1,-0.08637453313507394,0.08637453313507394,8.277934345313654e-10
Arl4c,0.005597863651759519,0.005597863651759519,0.6912526772999498
L1cam,-0.005394852377874828,0.005394852377874828,0.7019034622501255
Tmem104,-0.07309683353842993,0.07309683353842993,2.0697593992738427e-07
Slc29a2,-0.021033727633316488,0.021033727633316488,0.1355816318773441
Sdc4,-0.04267471168879041,0.04267471168879041,0.0024534066537975677
Ern1,-0.02703203307619985,0.02703203307619985,0.05508609032324065
BC003331,-0.06704488760853033,0.06704488760853033,1.9168078181335735e-06
Pecam1,-0.04969730025247765,0.04969730025247765,0.00041861327115104934
Trove2,-0.0033396676738209267,0.0033396676738209267,0.8127028649825463
Dbn1,-0.03889831807887694,0.03889831807887694,0.005766524758230597
Slc34a1,-0.06603984271005377,0.06603984271005377,2.7259123581442787e-06
Irgq,0.0034983036173095025,0.0034983036173095025,0.8039831645723357
9230116N13Rik,-0.029573715771008754,0.029573715771008754,0.03584950813089398
Phlda3,0.01250305260816632,0.01250305260816632,0.37503002213895337
Unc5a,-0.03315333199182978,0.03315333199182978,0.018633574867559264
Ppp1r12b,0.010376412630445362,0.010376412630445362,0.46161090160241386
Mpzl3,-0.02328378740521453,0.02328378740521453,0.09850547739099326
Lct,-0.003230312309538244,0.003230312309538244,0.8187273892802788
Scn2b,0.008949699259389456,0.008949699259389456,0.5254489641093315
Apoa1,-0.055038159149029084,0.055038159149029084,9.315450093235839e-05
Myl9,-0.016907198311555488,0.016907198311555488,0.23029336619389987
Diras2,-0.040537302558552965,0.040537302558552965,0.004012349121839519
Nnmt,-0.014756418193338054,0.014756418193338054,0.29510741144785774
2210010C17Rik,0.010511777701156638,0.010511777701156638,0.4557873846217925
Cenpp,-0.048441646718973184,0.048441646718973184,0.0005842637120410163
Ttc12,-0.021034979643577034,0.021034979643577034,0.13555835503397387
5430435G22Rik,-0.05930208648889872,0.05930208648889872,2.5421915269160056e-05
Pih1d2,-0.030354946878892602,0.030354946878892602,0.031232821989384145
C030044B11Rik,-0.03871765457653145,0.03871765457653145,0.005997133534779454
Cryab,0.013223362751487482,0.013223362751487482,0.3481410751195744
Sik2,-0.06208975560410026,0.06208975560410026,1.036829861397815e-05
AF251705,0.02488915413093907,0.02488915413093907,0.07738101021903848
Pvrl2,-0.032048440515891626,0.032048440515891626,0.02294614489516018
9830001H06Rik,-0.030156810421236774,0.030156810421236774,0.03235259667231068
4933427D14Rik,0.0003651573132245976,0.0003651573132245976,0.9793316152271792
Arpc3,0.2814063074394029,0.2814063074394029,2.6131903172708788e-92
Cxcr6,0.006040883265034514,0.006040883265034514,0.6682234849835335
Lyrm7,-0.07086991549358229,0.07086991549358229,4.794724631077989e-07
Ascl2,-0.05063542220846158,0.05063542220846158,0.00032470879435457327
Acot11,-0.030726599298946652,0.030726599298946652,0.029221908738415986
Cd86,-0.02637538318220539,0.02637538318220539,0.0612641517565845
1700010I14Rik,-0.06350816178515797,0.06350816178515797,6.474297071961331e-06
Sparc,-0.12399907377774508,0.12399907377774508,1.0329563630362456e-18
Hgf,-0.02746775504003104,0.02746775504003104,0.05128025509608625
Arl6,-0.028859791009716886,0.028859791009716886,0.04056520730830295
Bik,-0.008618194154916606,0.008618194154916606,0.5409031761415147
Ep300,0.06834252013472723,0.06834252013472723,1.2076144996113857e-06
AI427809,0.004104162650740059,0.004104162650740059,0.7709137150120484
Ttll12,-0.07277967932623224,0.07277967932623224,2.336318953516118e-07
Dctd,-0.11669872061801963,0.11669872061801963,9.745805028309959e-17
Csad,-0.05593063617410561,0.05593063617410561,7.150292018553781e-05
Gtsf1,-0.010417349067175667,0.010417349067175667,0.45984541363162795
Clcn2,-0.018088488040648873,0.018088488040648873,0.199340798611399
Crkl,-0.01627369188088449,0.01627369188088449,0.24823430078291248
Pex1,-0.0481929505307018,0.0481929505307018,0.0006235899813521238
Fam84b,-0.05111507950974925,0.05111507950974925,0.00028469532944460057
Rpap3,-0.11056414731981323,0.11056414731981323,3.593609476615045e-15
Rg9mtd3,-0.07742731293865529,0.07742731293865529,3.765560757324207e-08
Efnb3,-0.04009172325232821,0.04009172325232821,0.004433646268444714
Plekhn1,-0.029769710472871386,0.029769710472871386,0.03463975605215275
Bdh1,-0.031928612185734166,0.031928612185734166,0.023462276513656736
Faah,-0.005849495042239377,0.005849495042239377,0.6781355840929363
Klhl17,-0.06635914795998166,0.06635914795998166,2.438700863229496e-06
Mtap6,-0.02994348109216766,0.02994348109216766,0.03359650340871957
Ttc19,-0.07042846332622807,0.07042846332622807,5.647053709122245e-07
Jrk,-0.046889539941804254,0.046889539941804254,0.0008731168020492962
4930420K17Rik,-0.028429260907015908,0.028429260907015908,0.04365554413369369
Mapk12,0.011413565890293565,0.011413565890293565,0.4180628924745978
Hsd3b7,-0.03519403000879315,0.03519403000879315,0.01250053433408518
Sbk1,-0.01673628362034052,0.01673628362034052,0.2350403063441378
Asb5,-0.033627952771963,0.033627952771963,0.017010403829992405
Gm5416,0.0158208017298543,0.0158208017298543,0.26164512455125594
Serpinh1,-0.023905226695267952,0.023905226695267952,0.08983846770702085
Samd11,0.022617941004204,0.022617941004204,0.10851932470564368
Tubgcp6,-0.020883290454870827,0.020883290454870827,0.13840102432795118
Ppcs,-0.054138782018237706,0.054138782018237706,0.00012113779721679889
Krt8,-0.05644812918993876,0.05644812918993876,6.122722208276045e-05
Nr0b2,-0.005150571720802091,0.005150571720802091,0.7147972587337065
8430429K09Rik,-0.015337785393476282,0.015337785393476282,0.2764907697117473
Fbxw10,-0.023315149866118615,0.023315149866118615,0.09805263855821175
Srl,-0.026553377352138238,0.026553377352138238,0.05953535671840369
Tnfrsf14,-0.020006946401544615,0.020006946401544615,0.15573052297213913
Angpt1,-0.04308340343477518,0.04308340343477518,0.0022277114181868153
Cyp2r1,-0.0004577472813656349,0.0004577472813656349,0.9740925564623212
Map3k12,0.002789126860660103,0.002789126860660103,0.8431381508125589
Ifitm5,-0.006629165908585616,0.006629165908585616,0.6381223490133232
Hal,-0.03450222745916395,0.03450222745916395,0.014342689226002993
Ribc1,-0.038729494819501505,0.038729494819501505,0.0059817693893322865
Rtn4r,-0.06081342620607797,0.06081342620607797,1.5706670632399753e-05
Rasd1,-0.00975064227171536,0.00975064227171536,0.4890649110427884
Fxr2,-0.024225765855383916,0.024225765855383916,0.08561407395642132
Tmem181b-ps,-0.08143934180251053,0.08143934180251053,7.1439429873250835e-09
Dynlt1b,-0.050716764346546275,0.050716764346546275,0.0003175720332611638
Etv5,-0.04723963810752259,0.04723963810752259,0.0007982801440900291
Senp7,0.018684591327285952,0.018684591327285952,0.1849276622727161
Slc5a3,-0.012629935076136509,0.012629935076136509,0.3702026640091923
Med18,-0.05476510580200882,0.05476510580200882,0.00010092925236029519
Tulp4,0.007201206375010953,0.007201206375010953,0.6094128245931468
Cdkl3,-0.028844011600465794,0.028844011600465794,0.0406751081448505
Wdpcp,-0.03687918901437337,0.03687918901437337,0.008861174538196084
2410075B13Rik,-0.04554823706744544,0.04554823706744544,0.0012241345793601141
Rcan1,-0.05754525227823549,0.05754525227823549,4.3876327686585336e-05
Tpm2,-0.03268966267698144,0.03268966267698144,0.020348516518060147
Zdhhc14,0.02472812915855361,0.02472812915855361,0.07931766798804571
Tigd5,-0.040427097056592545,0.040427097056592545,0.004113022854419842
Fstl1,-0.008876230368121903,0.008876230368121903,0.5288543859958698
Stc2,-0.008814773926930555,0.008814773926930555,0.5317116087992202
Ankrd37,0.01616825629336619,0.01616825629336619,0.2513126477083566
Srebf1,-0.07138834927960701,0.07138834927960701,3.9516589286423247e-07
St3gal6,0.017688988375130436,0.017688988375130436,0.20944908774889523
Spred2,-0.05992494838315069,0.05992494838315069,2.087414638279418e-05
Fndc5,-0.04151465685337333,0.04151465685337333,0.0032127042683135847
Gtpbp10,-0.04876664633006982,0.04876664633006982,0.0005363465794624957
Cachd1,-0.0027855963880550946,0.0027855963880550946,0.8433341338215492
Tctex1d1,-0.02138647838035931,0.02138647838035931,0.12914465019708285
Popdc2,-0.021612125326633952,0.021612125326633952,0.12515317762623906
Inpp5f,0.005692806210826077,0.005692806210826077,0.6862923408883888
Pde4b,-7.858771713980172e-05,7.858771713980172e-05,0.9955513573328012
Sdc2,0.002763185346745837,0.002763185346745837,0.844578437530499
Tmem17,-0.048988972606814875,0.048988972606814875,0.0005057040763597258
Tnfrsf22,-0.06672218568068751,0.06672218568068751,2.1474250447002546e-06
Mfhas1,0.008285339001952476,0.008285339001952476,0.5566454720496835
S100pbp,-0.021948656404747104,0.021948656404747104,0.11937969584196308
Pus7,-0.10223866028818628,0.10223866028818628,3.5261712689630007e-13
Krt7,-0.03620536982154262,0.03620536982154262,0.010184225264370579
N4bp3,-0.029939740484970938,0.029939740484970938,0.03361867443283583
Slc25a40,-0.032995784933484366,0.032995784933484366,0.019201543603892462
P2ry6,-0.02579122617963276,0.02579122617963276,0.06723218368681558
Lyve1,-0.00884063155609497,0.00884063155609497,0.5305084877369577
Fgd6,-0.00502119713972389,0.00502119713972389,0.7216593854781931
9930111J21Rik1,0.0034212770690885477,0.0034212770690885477,0.8082140897771101
Tmc7,-0.008903348642294709,0.008903348642294709,0.5275960964180744
Heg1,-0.01281549175937289,0.01281549175937289,0.3632128326957589
Luzp1,0.013769107781788985,0.013769107781788985,0.3286060615097512
Zfp251,-0.06485730075710688,0.06485730075710688,4.0991342732007015e-06
Nek1,0.003194389919750514,0.003194389919750514,0.8207087544149783
Tbrg3,0.025575583999051372,0.025575583999051372,0.06955280934504028
Deptor,-0.011392626850237257,0.011392626850237257,0.4189174476954679
Nlrp1a,-0.03192541514185654,0.03192541514185654,0.023476183868441088
Kctd21,-0.04165616369095839,0.04165616369095839,0.003109807876747814
Gm3435,-0.0981532778607179,0.0981532778607179,2.9401158562636433e-12
Itgb5,-0.012768962147902742,0.012768962147902742,0.36495777764125137
1700013G23Rik,-0.03324832994764952,0.03324832994764952,0.018298248684745156
9030025P20Rik,-0.04913398253321267,0.04913398253321267,0.0004866055481165408
5730409E04Rik,-0.017337218497091852,0.017337218497091852,0.21865257454637077
Tnk1,-0.00951499519597233,0.00951499519597233,0.4996267176711719
Nipal3,-0.020931645836100566,0.020931645836100566,0.1374898974008961
Gm11992,0.005417286258144366,0.005417286258144366,0.7007235637893994
Rars2,-0.10302319670694278,0.10302319670694278,2.323772456349682e-13
Grap,0.003847859357665776,0.003847859357665776,0.7848565072007939
Dvl3,-0.0534424593974955,0.0534424593974955,0.00014805911495801406
Zfp647,-0.046556015075350524,0.046556015075350524,0.0009504109597455375
Rspo1,-0.01418762600052317,0.01418762600052317,0.3141162262312059
Qprt,-0.01810410313907764,0.01810410313907764,0.19895306518333847
Zfp97,-0.05296270998208248,0.05296270998208248,0.000169782226200556
Mrpl22,-0.051578843047510224,0.051578843047510224,0.00025043957646292967
Mob3b,-0.04877281959920329,0.04877281959920329,0.0005354728882622198
Il7r,0.007492470891647408,0.007492470891647408,0.5950189850543375
Spef2,-0.014865102941946226,0.014865102941946226,0.29156476625902855
Zfp7,-0.011398905623407013,0.011398905623407013,0.41866109327992446
Grk4,0.004461160813970789,0.004461160813970789,0.7516167406819123
Xrcc2,-0.05835328351370267,0.05835328351370267,3.419990977388761e-05
Klf8,0.028938070354426703,0.028938070354426703,0.04002371915007679
Smagp,0.007995095388684733,0.007995095388684733,0.5705522182429965
Rplp2,0.33189211065775004,0.33189211065775004,9.052186221658402e-130
Sowahd,-0.036999383147209845,0.036999383147209845,0.00864201139673695
Thap2,-0.026237057232955937,0.026237057232955937,0.0626361847349046
Fhl3,-0.04389440168159002,0.04389440168159002,0.0018351823825011819
Kif1c,0.00508265297397539,0.00508265297397539,0.718396888518577
Cyp2j6,-0.040716150902847074,0.040716150902847074,0.0038537206625719874
Gm5129,-0.03884148637242697,0.03884148637242697,0.0058381911008133
Rgs12,0.01193114242622263,0.01193114242622263,0.3972678285709016
Slc35e4,0.010353470530794273,0.010353470530794273,0.4626019904552456
Fbxo6,-0.02271013603894754,0.02271013603894754,0.10708656747428398
Igf1,-0.013732694274959842,0.013732694274959842,0.32988693207331043
Nfia,0.0047655668151890965,0.0047655668151890965,0.7352837852576042
Troap,-0.07759282331089558,0.07759282331089558,3.521593751225495e-08
Rragd,0.017187289869155215,0.017187289869155215,0.22266223864892234
Rnf11,-0.05838733408796769,0.05838733408796769,3.3840354518664514e-05
Tmem88,-0.056201673304425576,0.056201673304425576,6.59332037546155e-05
Trim68,-0.04498727295243229,0.04498727295243229,0.0014063914570586692
Plekhg5,-0.028184858003954504,0.028184858003954504,0.045496697311262685
Nlgn2,-0.06576665622358965,0.06576665622358965,2.997150197421169e-06
Zfp677,-0.060559655079715904,0.060559655079715904,1.7042622744374396e-05
Grb10,-0.057178929328684666,0.057178929328684666,4.9071758729602615e-05
Kctd14,-0.0009160090516874698,0.0009160090516874698,0.9481833494930101
Tmed4,-0.12600964826686567,0.12600964826686567,2.8123702333699083e-19
Pex14,-0.07947281938778299,0.07947281938778299,1.6298277717366216e-08
5830433M19Rik,-0.08755488316547864,0.08755488316547864,4.854872885429615e-10
Hdhd3,-0.04465701350602244,0.04465701350602244,0.0015250727502408815
Tac2,0.026181558279328016,0.026181558279328016,0.0631937644982068
Btnl10,0.013397035422541437,0.013397035422541437,0.3418459039231896
Rap1gap,-0.01838467977130749,0.01838467977130749,0.1920798146873675
Zfp160,-0.05314570603874791,0.05314570603874791,0.00016116461855493003
Klf4,-0.01609964965234101,0.01609964965234101,0.25332996229700244
Tgtp2,-0.00562862803852582,0.00562862803852582,0.6896439076948796
Ninl,0.009435692650629268,0.009435692650629268,0.5032081266232054
Zfp341,-0.02245619127504045,0.02245619127504045,0.11106959118872113
Epha1,-0.03279445627844608,0.03279445627844608,0.019949325007851154
Klrg2,-0.02313691684388944,0.02313691684388944,0.10064838227714505
Mpl,0.00197555742607968,0.00197555742607968,0.8885333123905684
4930599N23Rik,-0.010333080340502964,0.010333080340502964,0.4634838329388002
1700003F12Rik,0.00139679132376423,0.00139679132376423,0.9210601179029001
Slc37a3,-0.018460990650737474,0.018460990650737474,0.19024098804878734
Sdcbp2,-0.005418401519200901,0.005418401519200901,0.7006649260053193
C230081A13Rik,-0.038477579990108084,0.038477579990108084,0.006316423941863432
Clec2l,0.01066049778532266,0.01066049778532266,0.4494372371406101
Kdelc2,-0.061706597512932844,0.061706597512932844,1.1754935932347133e-05
Acsbg1,0.010660497785322662,0.010660497785322662,0.4494372371406101
4933406I18Rik,0.008526637670419439,0.008526637670419439,0.5452110540722556
Try5,0.030809560963324732,0.030809560963324732,0.0287885498038771
AA415398,-0.023433602399198714,0.023433602399198714,0.09635729541650444
Zmynd12,0.008526637670419444,0.008526637670419444,0.5452110540722556
Nkpd1,-0.03411408344554292,0.03411408344554292,0.015477788571425765
Ppm1n,0.0013967913237642269,0.0013967913237642269,0.9210601179029001
AY074887,-0.009261965124305202,0.009261965124305202,0.5111010284701267
Rab39,-0.001019940344664609,0.001019940344664609,0.9423139099800888
Try4,0.033338142971933216,0.033338142971933216,0.017986093315259435
Cttn,-0.004720062112870561,0.004720062112870561,0.7377179600611777
D4Ertd617e,0.010660497785322664,0.010660497785322664,0.4494372371406101
Slc35f2,-0.019599547829332938,0.019599547829332938,0.16432676352169104
1810010D01Rik,0.010660497785322662,0.010660497785322662,0.4494372371406101
Ccnd1,-0.0037967274514902664,0.0037967274514902664,0.7876464975335435
2500004C02Rik,-0.01941809457338222,0.01941809457338222,0.16826855832697027
Rtn2,-0.03411408344554291,0.03411408344554291,0.015477788571425765
Rras2,-0.02107607100214165,0.02107607100214165,0.134796113257408
Rab19,0.019132028263689975,0.019132028263689975,0.1746264017483939
Xkr7,0.012060882757502733,0.012060882757502733,0.39215458730048425
Gm5409,-0.010333080340502957,0.010333080340502957,0.4634838329388002
Slc52a3,-0.0024908324373056727,0.0024908324373056727,0.8597300816680371
Tcf15,0.0013967913237642306,0.0013967913237642306,0.9210601179029001
Hivep3,-0.0018388184757421263,0.0018388184757421263,0.896203238275188
4930550C14Rik,-0.018086492077018613,0.018086492077018613,0.19939039949242046
Cspg5,-0.012737026096212113,0.012737026096212113,0.36615846191792684
Guca2b,0.010660497785322668,0.010660497785322668,0.4494372371406101
Clcn1,0.010660497785322735,0.010660497785322735,0.4494372371406101
Rem1,-0.007650676975574752,0.007650676975574752,0.5872662914323916
Mcts2,-0.007253171089451808,0.007253171089451808,0.6068334847136059
Osbpl5,-0.011112561707803302,0.011112561707803302,0.43044576923888533
Ephb6,-0.02516469625206324,0.02516469625206324,0.07415650073764854
2610528J11Rik,0.010660497785322664,0.010660497785322664,0.4494372371406101
Guca2a,0.010660497785322697,0.010660497785322697,0.4494372371406101
Dmpk,-0.0010003067559949846,0.0010003067559949846,0.9434224715808434
Mrgpre,-0.03411408344554356,0.03411408344554356,0.015477788571423958
Snta1,0.01846819212515941,0.01846819212515941,0.19006812913987098
Tpk1,-0.027472782281768963,0.027472782281768963,0.05123766227006962
Phlda2,-0.05048777279209943,0.05048777279209943,0.00033804805994475226
Rn4.5s,-0.03823307984307476,0.03823307984307476,0.006657241987762036
Hoxa5,6.707885613321041e-05,6.707885613321041e-05,0.9962028381548521
Adam33,-0.04055711677992179,0.04055711677992179,0.003994487671712673
Rbp7,0.008526637670419413,0.008526637670419413,0.5452110540722556
2700086A05Rik,0.010660497785322727,0.010660497785322727,0.4494372371406101
Hoxa4,-0.011126603062599954,0.011126603062599954,0.4298634373099324
Rnf24,-0.029108915374063064,0.029108915374063064,0.03886317769599365
Gm14492,0.015077717914759196,0.015077717914759196,0.28471738988498424
Thsd4,0.010660497785322654,0.010660497785322654,0.4494372371406101
Tnnt3,-0.02936956046426763,0.02936956046426763,0.03714774723765989
A730017L22Rik,-0.02126032963856355,0.02126032963856355,0.13141878742225604
Gramd2,-0.01760803238081221,0.01760803238081221,0.21154191293555707
1700003G18Rik,-0.023435958057825095,0.023435958057825095,0.09632381952447912
2410076I21Rik,-0.018758290526078476,0.018758290526078476,0.1832006580172568
Cd276,-0.0029296717980667793,0.0029296717980667793,0.8353442554184489
Hoxa3,-0.014865102941946151,0.014865102941946151,0.29156476625902855
AU019990,-0.014865102941946132,0.014865102941946132,0.29156476625902855
Loxl1,0.008526637670419408,0.008526637670419408,0.5452110540722556
Igf2,0.010660497785322676,0.010660497785322676,0.4494372371406101
Clstn1,0.007427649013087754,0.007427649013087754,0.5982089367218442
D830031N03Rik,0.023927184158064184,0.023927184158064184,0.0895438361432132
Nmnat1,-0.03482110730790944,0.03482110730790944,0.013465740880592568
Ins2,0.03696945338982025,0.03696945338982025,0.008696127888651484
Uaca,-0.003309113639834048,0.003309113639834048,0.8143850262232537
2310014L17Rik,-0.036248208010378896,0.036248208010378896,0.01009515202672771
Zscan18,-0.011126603062599954,0.011126603062599954,0.4298634373099324
Gprc5b,0.008526637670419446,0.008526637670419446,0.5452110540722556
2410066E13Rik,0.0056807526951508786,0.0056807526951508786,0.6869213419997955
Wipf3,0.0013967913237642323,0.0013967913237642323,0.9210601179029001
Prr15,-0.02968799708822925,0.02968799708822925,0.03513981738717486
AI847159,-0.004575522818260137,0.004575522818260137,0.7454671254010569
Coro2b,0.0077692601635463016,0.0077692601635463016,0.581486099618158
Creb5,-0.023435958057825345,0.023435958057825345,0.0963238195244769
A730036I17Rik,-0.007116187707547066,0.007116187707547066,0.6136433149302898
Prosapip1,0.007769260163546327,0.007769260163546327,0.581486099618158
Gm14023,0.0018828482073028818,0.0018828482073028818,0.893732439850062
Il1a,0.0013967913237642267,0.0013967913237642267,0.9210601179029001
9430076C15Rik,0.00852663767041943,0.00852663767041943,0.5452110540722556
Dnali1,0.007269063811974223,0.007269063811974223,0.6060456024314973
Gm14047,0.0013967913237642306,0.0013967913237642306,0.9210601179029001
Cort,0.01599861990851497,0.01599861990851497,0.2563211271801727
Acaa1b,-0.0020552672351577513,0.0020552672351577513,0.884067011994179
Tmem158,-0.007345876064899885,0.007345876064899885,0.602244100269366
Cpxm1,-0.005699846596088024,0.005699846596088024,0.6859250455994184
Hoxa10,0.0013967913237642353,0.0013967913237642353,0.9210601179029001
Iqck,-0.022127640550825924,0.022127640550825924,0.1163952083401374
E130215H24Rik,-0.001274926362063833,0.001274926362063833,0.9279276816066292
Clec3b,0.007201206375011006,0.007201206375011006,0.6094128245931386
Bmp8a,-0.007866915137794148,0.007866915137794148,0.5767460902671804
Smap2,-0.05787381734005097,0.05787381734005097,3.9664100709255326e-05
Zfp69,0.007206897635499534,0.007206897635499534,0.60913009352886
Gimap7,0.011989661017541665,0.011989661017541665,0.3949565739379588
Ralgapa2,0.0042879537614515534,0.0042879537614515534,0.7609606273392563
Gimap8,0.01847483602408261,0.01847483602408261,0.18990875646219868
Spsb1,-0.02878542403863172,0.02878542403863172,0.04108537037828019
Rarres2,0.001975557426079686,0.001975557426079686,0.8885333123905684
Zfp862,-0.01921636481794059,0.01921636481794059,0.17273365620492734
Sspo,-0.007866915137794143,0.007866915137794143,0.5767460902671804
Ppcdc,-0.040380824283736086,0.040380824283736086,0.004155972356846367
Neil1,-0.018086492077018835,0.018086492077018835,0.19939039949241363
Krba1,-0.040392710088698304,0.040392710088698304,0.004144901526524636
Errfi1,-0.006329902239844427,0.006329902239844427,0.6533644915948752
3300002I08Rik,0.012060882757502773,0.012060882757502773,0.39215458730048425
Hif3a,-0.01965850032959314,0.01965850032959314,0.16306119243777117
Zfp442,-0.005760365200568261,0.005760365200568261,0.6827708705222177
Mypop,-0.015495731529873335,0.015495731529873335,0.27157435827415666
Zfp345,0.0019755574260796284,0.0019755574260796284,0.8885333123905684
Snx33,-0.03591669535933927,0.03591669535933927,0.010802918807172787
Tnfrsf9,-0.011074833447871902,0.011074833447871902,0.4320127247968499
Napb,-0.0003291899982778951,0.0003291899982778951,0.9813670223890008
Bmp2,0.010660497785322666,0.010660497785322666,0.4494372371406101
Gimap5,0.013212529946584796,0.013212529946584796,0.34853616133040183
Col9a2,-0.06824850214569006,0.06824850214569006,1.2490713521519106e-06
2210009G21Rik,-0.01386192364142129,0.01386192364142129,0.32535580041086404
Zfp541,0.015077717914759205,0.015077717914759205,0.28471738988498424
Btbd3,-0.028770114187904077,0.028770114187904077,0.04119315412407609
Sox6,0.04589960942541768,0.04589960942541768,0.0011213548704198323
5430402O13Rik,-0.0011259658108283312,0.0011259658108283312,0.93632943106171
Tmem201,-0.06774667091096871,0.06774667091096871,1.4945509746068765e-06
Meis3,-0.01808649207701866,0.01808649207701866,0.19939039949241363
1600029O15Rik,-0.008618194154916752,0.008618194154916752,0.5409031761415082
Slc22a18,-0.03894127847012939,0.03894127847012939,0.005712877890515737
Scamp5,-0.009261965124305185,0.009261965124305185,0.5111010284701267
Grlf1,-0.007594706231813651,0.007594706231813651,0.5900037225927046
Sema7a,0.0074276490130877615,0.0074276490130877615,0.5982089367218442
Ncrna00086,-0.04824939111385865,0.04824939111385865,0.0006144549242870005
Mycl1,0.013118726144352793,0.013118726144352793,0.3519692090108999
Mfsd2a,-0.021478893809558447,0.021478893809558447,0.12749812073982916
Dact3,-0.006228646977291016,0.006228646977291016,0.6585549691247995
Gpnmb,0.0077692601635463215,0.0077692601635463215,0.581486099618158
Calca,0.008526637670419439,0.008526637670419439,0.5452110540722556
Abp1,0.0013967913237642364,0.0013967913237642364,0.9210601179029001
Zfp133-ps,-0.037175700354334915,0.037175700354334915,0.008329274257966337
Cyp11a1,0.004193706939782522,0.004193706939782522,0.7660596783041412
Zc3h12c,0.007427649013087799,0.007427649013087799,0.5982089367218442
Epb4.1l1,0.0019755574260796804,0.0019755574260796804,0.8885333123905684
Mcoln1,-0.047769863983136165,0.047769863983136165,0.000696197453336695
Cftr,0.01028512077209964,0.01028512077209964,0.4655616926187721
Met,-0.019585810699691536,0.019585810699691536,0.16462272709208983
Cav1,-0.012737026096212172,0.012737026096212172,0.36615846191792684
Cav2,0.008943172617657471,0.008943172617657471,0.5257510317979261
Gabrd,-0.01808649207701849,0.01808649207701849,0.19939039949242046
Robo3,-0.03411408344554291,0.03411408344554291,0.015477788571425765
2010015L04Rik,0.0013967913237642323,0.0013967913237642323,0.9210601179029001
Col4a1,0.0013967913237642351,0.0013967913237642351,0.9210601179029001
Ptgis,0.010660497785322715,0.010660497785322715,0.4494372371406101
Gpr85,-0.016585836599549614,0.016585836599549614,0.23927574100288318
Slc35e2,-0.011563492352414176,0.011563492352414176,0.4119742041272867
Robo4,0.010660497785322728,0.010660497785322728,0.4494372371406101
Gm16023,-0.029601948006532947,0.029601948006532947,0.03567305807666869
Snai1,-0.007423952986272318,0.007423952986272318,0.5983910556769346
Gm6578,-0.05512100653651429,0.05512100653651429,9.09096886024339e-05
Zfp167,0.015077717914759186,0.015077717914759186,0.28471738988498424
Gm9513,0.012060882757502734,0.012060882757502734,0.39215458730048425
Col4a2,-0.008095529197665364,0.008095529197665364,0.5657213426536022
Tmem189,-0.08253974809737866,0.08253974809737866,4.465090341058031e-09
Rab20,0.015820801729854332,0.015820801729854332,0.26164512455125594
Gm6787,-0.03257834025395406,0.03257834025395406,0.02078019175320609
Sulf2,0.00370579473438504,0.00370579473438504,0.7926149168451861
1520402A15Rik,-0.004575522818260143,0.004575522818260143,0.7454671254010569
Esam,-0.02180201740914346,0.02180201740914346,0.12186923679888292
Slc2a10,-0.00786691513779415,0.00786691513779415,0.5767460902671804
Ccdc136,0.010660497785322721,0.010660497785322721,0.4494372371406101
Wfdc16,-0.0733779137388014,0.0733779137388014,1.8582782182730714e-07
Crtam,0.01844217989001426,0.01844217989001426,0.19069305373141535
Wfdc3,0.010660497785322664,0.010660497785322664,0.4494372371406101
9030425E11Rik,-0.031515936243662356,0.031515936243662356,0.025317610028640188
Tnnc2,-0.00032918999827797485,0.00032918999827797485,0.9813670223889897
Efnb2,0.007269063811974168,0.007269063811974168,0.6060456024314973
Morn1,-0.019732429523958865,0.019732429523958865,0.1614845092180027
LOC626904,0.0013967913237642267,0.0013967913237642267,0.9210601179029001
Zswim1,-0.06394763052273567,0.06394763052273567,5.584172116631877e-06
A530013C23Rik,-0.002929671798066806,0.002929671798066806,0.8353442554184347
Glod5,0.012060882757502797,0.012060882757502797,0.39215458730048425
Pik3r3,-0.0027252069723426747,0.0027252069723426747,0.8466879530583984
Cd40,-0.009555669877350802,0.009555669877350802,0.4977950573268785
Slc35c2,-0.15153405536304276,0.15153405536304276,2.974072328805993e-27
Cadps2,-0.0053327611541743175,0.0053327611541743175,0.7051728584862593
Mical2,-0.010830744680336995,0.010830744680336995,0.4422298914098366
Pomgnt1,-0.07348526881723612,0.07348526881723612,1.7831490376541477e-07
Ankrd7,0.013118726144352855,0.013118726144352855,0.3519692090108999
Cnfn,-0.012737026096212209,0.012737026096212209,0.36615846191791845
Slc13a3,0.008526637670419416,0.008526637670419416,0.5452110540722556
4732471J01Rik,-0.0038865165027939415,0.0038865165027939415,0.7827490276458869
Olfr920,0.015077717914759179,0.015077717914759179,0.28471738988498424
Wfdc2,0.002419794182739738,0.002419794182739738,0.8636908514082474
Axl,-0.028044452528245414,0.028044452528245414,0.046583693030885914
Pard6b,-0.0086102550731909,0.0086102550731909,0.5412760481843494
Ppp4r1l-ps,-0.017540601213635248,0.017540601213635248,0.2132966050233412
Ltbp4,0.008526637670419435,0.008526637670419435,0.5452110540722556
Wdr95,0.0013967913237642306,0.0013967913237642306,0.9210601179029001
Gm8615,-0.0010666128516729377,0.0010666128516729377,0.939679115627124
Prx,-0.025677104367363868,0.025677104367363868,0.06845223814743022
8430423G03Rik,0.0074276490130877814,0.0074276490130877814,0.5982089367218442
Skint3,-0.0031795404848306294,0.0031795404848306294,0.8215281371833192
2210417A02Rik,-0.01599416295073838,0.01599416295073838,0.2564536457269083
Gm5151,-0.007928188474748884,0.007928188474748884,0.5737813130399373
Zfp599,-0.05587948906453577,0.05587948906453577,7.260268716706462e-05
Gm14393,-0.014966314084917963,0.014966314084917963,0.2882915270495321
Gm14391,-0.030168820344438154,0.030168820344438154,0.03228375631217142
Hipk4,-0.002929671798066782,0.002929671798066782,0.8353442554184489
0610010B08Rik,-0.01959954782933294,0.01959954782933294,0.16432676352169104
Gm6710,-0.028738931876340634,0.028738931876340634,0.04141342313551786
Gm15348,-0.012573002232824905,0.012573002232824905,0.3723639340578732
Gm14306,-0.03279445627844628,0.03279445627844628,0.019949325007850398
Gm14436,-0.02968799708822915,0.02968799708822915,0.03513981738717611
100043387,-0.04715979681366083,0.04715979681366083,0.000814803375365543
Gm14420,-0.04038726173233624,0.04038726173233624,0.004149972980251683
Bend5,-0.012762696233236042,0.012762696233236042,0.36519316012514663
Pmepa1,-0.029687997088229157,0.029687997088229157,0.03513981738717611
1300015D01Rik,0.0013967913237642256,0.0013967913237642256,0.9210601179029001
Gm1110,-0.013628603759680044,0.013628603759680044,0.33356618783409747
Bmp7,0.013118726144352826,0.013118726144352826,0.3519692090108999
E130018N17Rik,-0.027182720614284537,0.027182720614284537,0.0537441067211482
Asb4,-0.03411408344554292,0.03411408344554292,0.015477788571425765
Cyp2s1,0.01507771791475917,0.01507771791475917,0.28471738988498424
Cyp4b1,0.0077692601635463154,0.0077692601635463154,0.581486099618158
Mmp23,-0.028649954200126847,0.028649954200126847,0.0420474427552169
B930041F14Rik,-0.012828914412208157,0.012828914412208157,0.36271043045457707
Gngt1,0.002612981516192577,0.002612981516192577,0.8529279013020225
Gm6524,0.010660497785322662,0.010660497785322662,0.4494372371406101
Gm5607,0.0013967913237642327,0.0013967913237642327,0.9210601179029001
Atp9a,-0.022396260764660846,0.022396260764660846,0.11202642205541055
Cdon,-0.030000189052194794,0.030000189052194794,0.03326191703822954
Ccdc132,-0.0969107066617221,0.0969107066617221,5.510400249425028e-12
Galntl4,0.010660497785322734,0.010660497785322734,0.4494372371406101
Hepacam2,0.007201206375011028,0.007201206375011028,0.6094128245931386
Mia1,0.010660497785322652,0.010660497785322652,0.4494372371406101
1700012D14Rik,-0.017108945332432186,0.017108945332432186,0.22477828004607822
Jam3,-0.007928188474748844,0.007928188474748844,0.5737813130399373
Vmn2r18,0.007769260163546324,0.007769260163546324,0.581486099618158
Cass4,-0.007297559886821896,0.007297559886821896,0.6046340555849815
Mrvi1,-0.016585836599549597,0.016585836599549597,0.23927574100288318
1700029J11Rik,-0.016155060324644782,0.016155060324644782,0.251699790052603
Gm12830,-0.029687997088229147,0.029687997088229147,0.03513981738717611
Bcas1,-0.053315746107261974,0.053315746107261974,0.0001535274417421945
Zfp526,-0.017101926652712506,0.017101926652712506,0.22496854928124757
Cxx1c,-0.02600279415866784,0.02600279415866784,0.06501769160478725
Gm9047,-0.018086492077018505,0.018086492077018505,0.19939039949242046
2010107G12Rik,-0.01658583659954973,0.01658583659954973,0.23927574100288318
Zfp112,-0.059099064596535245,0.059099064596535245,2.7097678555993026e-05
Clec4g,-0.048249391113858446,0.048249391113858446,0.0006144549242870445
Cald1,0.007899112188994003,0.007899112188994003,0.5751873006626171
Akr1b8,0.008526637670419432,0.008526637670419432,0.5452110540722556
Akr1b3,0.010660497785322715,0.010660497785322715,0.4494372371406101
Espn,-0.012762696233236056,0.012762696233236056,0.36519316012514663
Calml4,-0.0056143582042382685,0.0056143582042382685,0.6903899497839089
Zfp235,-0.030005816753919373,0.030005816753919373,0.033228868679838056
B230378P21Rik,-0.004119805817923721,0.004119805817923721,0.7700650739532384
Zfp109,-0.02936956046426771,0.02936956046426771,0.03714774723765989
Zfp108,0.00778511304250234,0.00778511304250234,0.5807153903468069
Zfp93,-0.019216364817940527,0.019216364817940527,0.1727336562049318
Cd209a,-0.025679755957183602,0.025679755957183602,0.06842368544117354
Fam55d,0.01813300028869802,0.01813300028869802,0.1982369834995278
Plxna4,-0.01658583659954961,0.01658583659954961,0.23927574100288318
Cd209d,-0.028785424038631956,0.028785424038631956,0.04108537037827852
Samhd1,-0.032815419596885984,0.032815419596885984,0.0198702946407927
Tagln,0.0013967913237642306,0.0013967913237642306,0.9210601179029001
1700008P20Rik,0.01822955964056866,0.01822955964056866,0.19585787897044415
Gm13845,-0.021374901188592272,0.021374901188592272,0.129352075066166
Zbtb16,-0.030802755049801026,0.030802755049801026,0.02882389171424823
Retn,0.0006935533277414479,0.0006935533277414479,0.9607554107973884
B4galt2,-0.012737026096212042,0.012737026096212042,0.36615846191792684
Artn,0.007314545599004794,0.007314545599004794,0.6037933740586167
Xlr,-0.0030072522218296625,0.0030072522218296625,0.8310489089953581
Spon1,0.010660497785322666,0.010660497785322666,0.4494372371406101
Ncoa6,-0.030385469523241917,0.030385469523241917,0.031063312095227148
Myh7b,0.0019755574260796856,0.0019755574260796856,0.8885333123905684
Gm684,-0.007866915137794148,0.007866915137794148,0.5767460902671804
Pou2af1,-0.04505928712388069,0.04505928712388069,0.00138167009132009
Layn,-0.04708997699853428,0.04708997699853428,0.0008295120808847136
C330021F23Rik,-0.019593810335168035,0.019593810335168035,0.16445032786351205
Ttc26,0.00742764901308779,0.00742764901308779,0.5982089367218442
Bcam,0.007769260163546314,0.007769260163546314,0.581486099618158
2210408F21Rik,-0.00786691513779415,0.00786691513779415,0.5767460902671804
Procr,0.0004364245606322103,0.0004364245606322103,0.9752989785069948
Mmp24,-0.01273702609621218,0.01273702609621218,0.36615846191792684
Ptprf,-0.004575522818260135,0.004575522818260135,0.7454671254010569
6430550D23Rik,-0.04056298853156315,0.04056298853156315,0.003989208484492905
Dixdc1,-0.05994806038649944,0.05994806038649944,2.0721283691355252e-05
Ceacam19,0.010660497785322697,0.010660497785322697,0.4494372371406101
Tnfrsf25,0.010660497785322715,0.010660497785322715,0.4494372371406101
Sdhd,-0.09931730436771065,0.09931730436771065,1.620672896027047e-12
Bco2,0.004325177000927268,0.004325177000927268,0.7589495745241314
Spag4,-0.01663772255100243,0.01663772255100243,0.23780899257424473
Pvr,-0.037045353366349745,0.037045353366349745,0.008559477833647014
D630045J12Rik,0.00852663767041941,0.00852663767041941,0.5452110540722556
Fxyd6,-0.03411408344554355,0.03411408344554355,0.015477788571423958
Src,0.007769260163546327,0.007769260163546327,0.581486099618158
BC049352,0.007769260163546326,0.007769260163546326,0.581486099618158
Tox2,0.010660497785322725,0.010660497785322725,0.4494372371406101
BC049730,-0.002246130182969126,0.002246130182969126,0.8733877988395048
2310001K24Rik,-0.021463974555858932,0.021463974555858932,0.1277628206245686
Mutyh,-0.05025601286071339,0.05025601286071339,0.00036002404611751125
Chd5,0.010660497785322676,0.010660497785322676,0.4494372371406101
Hnf4a,-0.04585453904768424,0.04585453904768424,0.0011340771243970173
Zfp105,0.0019755574260796795,0.0019755574260796795,0.8885333123905684
Gm14378,-0.04286874410387291,0.04286874410387291,0.0023437672965002923
Fam40b,0.0013967913237642364,0.0013967913237642364,0.9210601179029001
AV051173,-0.026365665283659835,0.026365665283659835,0.06135972252845182
Ptpn23,-0.017586020612846483,0.017586020612846483,0.2121135520412631
Nphp4,-0.0037140141610964455,0.0037140141610964455,0.7921654708991518
Pdzd3,-0.028223622808239836,0.028223622808239836,0.04520037857949133
Mcam,-0.0026060007487168817,0.0026060007487168817,0.8533163535731183
BC046331,-0.023804347845019076,0.023804347845019076,0.09120212945809128
Pvrl1,-0.02027170432360625,0.02027170432360625,0.1503297479930218
Ctxn1,-0.004565791106028963,0.004565791106028963,0.7459898066669772
Kcns1,-0.007866915137794148,0.007866915137794148,0.5767460902671804
Smo,-0.042809168536618855,0.042809168536618855,0.002376944086268075
Wfdc15a,-0.0035137883592597547,0.0035137883592597547,0.8031333047588882
Tmem136,0.01066049778532266,0.01066049778532266,0.4494372371406101
Mmel1,0.01942540019019794,0.01942540019019794,0.16810849611279993
D930028M14Rik,0.010680332981902933,0.010680332981902933,0.4485941084893732
A430078G23Rik,-0.03188879361112619,0.03188879361112619,0.023636000889514168
Gm4598,-0.019395177486536512,0.019395177486536512,0.1687714017263897
Foxr1,0.010660497785322723,0.010660497785322723,0.4494372371406101
Cd209f,-0.03411408344554291,0.03411408344554291,0.015477788571425765
Tsga13,-0.019599547829332934,0.019599547829332934,0.16432676352169104
Icmt,-0.05771643643290625,0.05771643643290625,4.163145996789394e-05
Eif2b3,-0.08089721956456136,0.08089721956456136,8.985137877947946e-09
Bpi,-0.012194028008765933,0.012194028008765933,0.3869488563660169
Cd209g,0.010660497785322671,0.010660497785322671,0.4494372371406101
Irgc1,-0.03364981294769455,0.03364981294769455,0.016938727702742507
Cd3e,0.01065239469972456,0.01065239469972456,0.4497819308404531
Mest,-0.008279137778873477,0.008279137778873477,0.5569408626300746
Cd3d,0.03647891031409101,0.03647891031409101,0.009627274816021757
Zfp575,0.008526637670419418,0.008526637670419418,0.5452110540722556
Hpdl,0.007769260163546313,0.007769260163546313,0.581486099618158
Adig,0.010660497785322706,0.010660497785322706,0.4494372371406101
Ttc36,0.0024197941827397685,0.0024197941827397685,0.8636908514082474
Cpa2,-0.026518636591195736,0.026518636591195736,0.05986956640538554
Arhgap40,-0.029968382864847702,0.029968382864847702,0.03344922606020997
1700025E21Rik,-0.023460575949678687,0.023460575949678687,0.09597453489507354
Phldb1,-0.0010666128516731233,0.0010666128516731233,0.9396791156271056
Evi5l,-0.014604430189323963,0.014604430189323963,0.30010970734706677
Zhx3,-0.014868596488358591,0.014868596488358591,0.29145136805305033
L3mbtl1,-0.01690719831155535,0.01690719831155535,0.23029336619389987
Lrrc8e,0.013118726144352876,0.013118726144352876,0.3519692090108999
Snhg11,-0.023460575949678687,0.023460575949678687,0.09597453489507354
Inmt,-0.007866915137794146,0.007866915137794146,0.5767460902671804
Tacstd2,-0.01720240406607709,0.01720240406607709,0.22225565849487158
2810047C21Rik1,0.0075210489267107505,0.0075210489267107505,0.5936151008027136
Tmco4,-0.08320070948891654,0.08320070948891654,3.357110388729112e-09
Dusp16,-0.001317500816612912,0.001317500816612912,0.9255278093210627
Crebl2,-0.04126021279858485,0.04126021279858485,0.0034055571033583722
Chrna1,-0.007866915137794148,0.007866915137794148,0.5767460902671804
2810454H06Rik,-0.05687823079299351,0.05687823079299351,5.3766893801612346e-05
Nbl1,-0.012762696233235938,0.012762696233235938,0.36519316012515435
Atp2b2,-0.008618194154916582,0.008618194154916582,0.5409031761415147
Chn1,-0.03411408344554356,0.03411408344554356,0.015477788571423958
Rab6b,0.003071602009741614,0.003071602009741614,0.8274899133106602
Ryk,-0.04043743037158837,0.04043743037158837,0.004103486840352139
Bcl2l14,-0.008279137778873376,0.008279137778873376,0.5569408626300879
Ghrl,0.0024197941827397867,0.0024197941827397867,0.8636908514082474
Slc26a6,-0.027728969600787308,0.027728969600787308,0.04910601199954284
Gprc5d,0.0013967913237642364,0.0013967913237642364,0.9210601179029001
8430419L09Rik,0.012158347204203807,0.012158347204203807,0.38833975900081813
Smpdl3b,0.01846589844484327,0.01846589844484327,0.19012317240265159
Ttc30a2,-0.006228646977291133,0.006228646977291133,0.6585549691247942
Gsg1,0.008526637670419439,0.008526637670419439,0.5452110540722556
Ptafr,0.00011743421805117172,0.00011743421805117172,0.9933524021852964
Dfnb59,-0.008279137778873387,0.008279137778873387,0.5569408626300879
Emp1,-0.02450545212180756,0.02450545212180756,0.08206054860990371
Slc25a43,-0.03659179368684354,0.03659179368684354,0.009405461984898326
Gprc5a,0.0019755574260796067,0.0019755574260796067,0.8885333123905684
Sesn2,0.0001822782912983077,0.0001822782912983077,0.9896819424388057
1300017J02Rik,0.024396724893785807,0.024396724893785807,0.08342749752117203
Gpr155,0.0063189879332153556,0.0063189879332153556,0.6539231733566058
Prss53,0.010660497785322737,0.010660497785322737,0.4494372371406101
Cecr5,-0.04851161833306229,0.04851161833306229,0.0005736225757337666
Tlr9,-0.027182720614284527,0.027182720614284527,0.0537441067211482
Klra1,-0.008641567029727187,0.008641567029727187,0.5398061761174007
Ninj2,0.010660497785322668,0.010660497785322668,0.4494372371406101
Myo3b,0.010660497785322704,0.010660497785322704,0.4494372371406101
Itgax,0.0038818921469414417,0.0038818921469414417,0.7830010510275937
Rad52,-0.028066584290424586,0.028066584290424586,0.046410915592577866
Styk1,-0.023238833781014167,0.023238833781014167,0.09915746717875501
Lrtm2,-0.004575522818260135,0.004575522818260135,0.7454671254010569
Tgfb1i1,-0.012762696233235952,0.012762696233235952,0.36519316012515435
Cacna2d4,-0.01808649207701859,0.01808649207701859,0.19939039949242046
Itgad,-0.026081473671998576,0.026081473671998576,0.06420964623166069
Ahdc1,-0.018475680222107563,0.018475680222107563,0.1898885130378785
Zfp248,-0.03630647493146502,0.03630647493146502,0.009975111261171659
Ret,-0.025585788936705576,0.025585788936705576,0.06944152616191623
Cd19,-0.05276496578196268,0.05276496578196268,0.00017958050079035687
Zfp239,-0.04678780433312738,0.04678780433312738,0.0008960531952126362
Cox6a2,-0.01972926603214397,0.01972926603214397,0.16155174025487753
Tmem108,-0.03411408344554357,0.03411408344554357,0.015477788571423958
8430408G22Rik,-0.023136916843889438,0.023136916843889438,0.10064838227714505
5830418P13Rik,0.01846819212515941,0.01846819212515941,0.19006812913987098
Zfp9,0.0024197941827397767,0.0024197941827397767,0.8636908514082474
Cecr2,-0.027134552474709698,0.027134552474709698,0.05417008064753105
Il17rc,0.0027944152686728225,0.0027944152686728225,0.8428445997563146
H2afj,0.08148093703955585,0.08148093703955585,7.018925420990617e-09
1700065D16Rik,0.007427649013087776,0.007427649013087776,0.5982089367218442
Frmd4b,-0.016585836599549722,0.016585836599549722,0.23927574100288318
St8sia1,-0.016585836599549597,0.016585836599549597,0.23927574100288318
Sox5,0.010660497785322753,0.010660497785322753,0.44943723714059364
Slc43a1,0.009503646724911729,0.009503646724911729,0.5001383989861454
Pls1,0.0074276490130878205,0.0074276490130878205,0.5982089367218442
Prg3,-0.053784357414152786,0.053784357414152786,0.00013420488865413313
P2rx3,-0.050563720432926874,0.050563720432926874,0.00033112389876964005
Aff2,0.030343214841793933,0.030343214841793933,0.03129818756503598
Rab42-ps,0.00487489548556154,0.00487489548556154,0.7294463808552147
Serping1,0.013785953373422345,0.013785953373422345,0.32801459814971745
Paqr9,-0.0007930973069039699,0.0007930973069039699,0.9551283001830932
Plod2,0.002794415268672831,0.002794415268672831,0.8428445997563146
A130022J15Rik,0.004193706939782502,0.004193706939782502,0.7660596783041412
Hmx2,-0.014865102941946273,0.014865102941946273,0.29156476625902855
C1qtnf4,0.011288810600736072,0.011288810600736072,0.42316950163903216
Fmr1nb,0.008526637670419415,0.008526637670419415,0.5452110540722556
B430319G15Rik,-0.01112660306259995,0.01112660306259995,0.4298634373099324
Plscr4,0.014667961907625999,0.014667961907625999,0.2980118902513093
Bcat1,0.01050845945440576,0.01050845945440576,0.4559296424914545
Plscr2,-6.414616227195331e-05,6.414616227195331e-05,0.996368849253748
Plscr5,-0.02343595805782534,0.02343595805782534,0.0963238195244769
Igsf21,0.0013967913237642327,0.0013967913237642327,0.9210601179029001
Gucy2c,0.016694116501917718,0.016694116501917718,0.23622202079344543
Cuzd1,0.015077717914759176,0.015077717914759176,0.28471738988498424
Gm7457,-0.0010199403446645812,0.0010199403446645812,0.9423139099800888
Ttn,0.010660497785322727,0.010660497785322727,0.4494372371406101
1600029I14Rik,-0.010239319419125429,0.010239319419125429,0.4675508683581163
Mras,-0.06074182968804462,0.06074182968804462,1.6073117708856307e-05
C030030A07Rik,-0.020990216662148467,0.020990216662148467,0.13639248822296768
Ccdc141,0.007769260163546328,0.007769260163546328,0.581486099618158
Srgap3,-0.010743024508700495,0.010743024508700495,0.4459352093302857
Cerkl,-0.0004962644826370095,0.0004962644826370095,0.9719134368801023
Ssfa2,-0.021071297170948834,0.021071297170948834,0.1348844970895769
Prdx6b,0.01022902087748237,0.01022902087748237,0.46799878679253587
Rerg,-0.023161940334541546,0.023161940334541546,0.10028067637063616
Btbd16,0.001975557426079614,0.001975557426079614,0.8885333123905684
Rbp1,-0.040783244091548196,0.040783244091548196,0.003795697185314059
D430042O09Rik,-0.017773629465692047,0.017773629465692047,0.20727707023313363
BC023829,-0.055180583888833575,0.055180583888833575,8.932707590264823e-05
Eomes,-0.007348280112904794,0.007348280112904794,0.6021252954672988
0610040F04Rik,-0.03315333199182994,0.03315333199182994,0.018633574867557623
Plekha5,-0.015165108839421116,0.015165108839421116,0.28193471314301277
Il5ra,0.0031245617336548405,0.0031245617336548405,0.824563519250633
Kcnj8,0.010660497785322704,0.010660497785322704,0.4494372371406101
Gk5,-0.015947098705264937,0.015947098705264937,0.2578559083128038
Iffo2,-0.0037813638531391546,0.0037813638531391546,0.788485339943784
Gpr27,0.010660497785322676,0.010660497785322676,0.4494372371406101
Lmcd1,-0.023136916843889355,0.023136916843889355,0.10064838227714705
4930578N16Rik,-0.026902737256587903,0.026902737256587903,0.05625971847520525
Dusp7,-0.034765739523447955,0.034765739523447955,0.013614521827573401
Klra3,0.013118726144352841,0.013118726144352841,0.3519692090108999
A330049M08Rik,0.001975557426079686,0.001975557426079686,0.8885333123905684
Zg16,0.02361843513047203,0.02361843513047203,0.09375881227504373
Ephb2,0.0013967913237642353,0.0013967913237642353,0.9210601179029001
Kif5c,0.0013967913237642351,0.0013967913237642351,0.9210601179029001
Xcr1,0.008526637670419447,0.008526637670419447,0.5452110540722556
Wnt4,-0.051709300822400286,0.051709300822400286,0.00024152378204141985
Cela3b,0.036555029607414954,0.036555029607414954,0.009477196800195408
Lypd6b,0.002419794182739769,0.002419794182739769,0.8636908514082474
Dag1,-0.028311982697209918,0.028311982697209918,0.044531028847373776
Gm13498,-0.012762696233236056,0.012762696233236056,0.36519316012514663
C530028O21Rik,0.010660497785322676,0.010660497785322676,0.4494372371406101
Itga9,-0.012737026096212184,0.012737026096212184,0.36615846191792684
Rnd3,0.006307377846101704,0.006307377846101704,0.6545176836051659
1700021N21Rik,-0.011081331414384096,0.011081331414384096,0.4317426116195737
Neb,0.015077717914759233,0.015077717914759233,0.28471738988498424
Zfp747,-0.009682293947837048,0.009682293947837048,0.49211587981053073
BC064078,-0.0005058028297379127,0.0005058028297379127,0.9713738344321076
Hspg2,-0.034114083445542905,0.034114083445542905,0.015477788571425765
Cd4,-0.013129294569121536,0.013129294569121536,0.35158135750433434
Cacnb4,0.018468192125159447,0.018468192125159447,0.19006812913987098
Gpr162,0.010660497785322659,0.010660497785322659,0.4494372371406101
Leprel2,-0.016339463107388146,0.016339463107388146,0.2463274235497373
Bsn,-0.06843575743391858,0.06843575743391858,1.1678106028518881e-06
Amigo3,-0.02378335864012844,0.02378335864012844,0.09148793799546438
Acvr2a,-0.0022461301829692078,0.0022461301829692078,0.8733877988394882
Lpar5,0.008526637670419425,0.008526637670419425,0.5452110540722556
Plcd1,-0.011126603062599947,0.011126603062599947,0.4298634373099324
P4htm,0.008526637670419437,0.008526637670419437,0.5452110540722556
9630033F20Rik,-0.06522806377990246,0.06522806377990246,3.6096227342227737e-06
Lamb2,-0.03222979105258095,0.03222979105258095,0.022183777869603866
E130112N10Rik,-0.005418401519200913,0.005418401519200913,0.7006649260053193
Sez6l2,-0.018058153777687456,0.018058153777687456,0.20009559585906705
9330179D12Rik,-0.014618993924721256,0.014618993924721256,0.2996279454853526
Gpr21,0.0013967913237642269,0.0013967913237642269,0.9210601179029001
Zfp300,-0.01808649207701866,0.01808649207701866,0.19939039949241363
Gm5124,-0.03411408344554292,0.03411408344554292,0.015477788571425765
Nicn1,-0.024971351689753625,0.024971351689753625,0.07640736353472712
Dlec1,-0.040490925090139365,0.040490925090139365,0.004054439630980687
Nr6a1,-0.026111770115718486,0.026111770115718486,0.06390071755864736
1700102P08Rik,-0.021923719023656606,0.021923719023656606,0.11980023215460073
Tulp3,-0.052826216323656625,0.052826216323656625,0.00017649009992120376
Iffo1,-0.028562675177228984,0.028562675177228984,0.042677316936166595
Tbx6,0.006716717105839978,0.006716717105839978,0.6336915675777698
Lactbl1,-0.007866915137794143,0.007866915137794143,0.5767460902671804
Gm10069,-0.011109388618119097,0.011109388618119097,0.4305774289952607
Golga1,-0.021469328934856667,0.021469328934856667,0.12766777322854805
Kynu,-0.004346672919630871,0.004346672919630871,0.7577889596438862
Klrb1a,-0.008618194154916891,0.008618194154916891,0.5409031761415082
Ccdc36,0.007769260163546321,0.007769260163546321,0.581486099618158
Ccr9,-0.020041993632467118,0.020041993632467118,0.1550072588628618
Mst1r,-0.006472052220157152,0.006472052220157152,0.6461059481295863
E430018J23Rik,-0.06418693767802802,0.06418693767802802,5.1500107763794334e-06
Clec4a4,-0.016585836599549614,0.016585836599549614,0.23927574100288318
Klrc1,0.0013967913237642356,0.0013967913237642356,0.9210601179029001
C3ar1,0.01669411650191769,0.01669411650191769,0.23622202079344543
Ccr3,-0.0004657764709230912,0.0004657764709230912,0.9736382867127272
Klrg1,0.01206088275750276,0.01206088275750276,0.39215458730048425
Fam46b,-0.018086492077018512,0.018086492077018512,0.19939039949242046
Klri2,0.008526637670419453,0.008526637670419453,0.5452110540722556
Pcbp4,-0.013229246148032113,0.013229246148032113,0.34792661945542575
Gcg,0.015077717914759236,0.015077717914759236,0.28471738988498424
Cd99l2,-0.05186776343189885,0.05186776343189885,0.00023109446937138856
Pla2r1,-0.023435958057825338,0.023435958057825338,0.0963238195244769
Cda,0.011072260071131892,0.011072260071131892,0.43211972422910366
Ttc21b,-0.01814773874511714,0.01814773874511714,0.19787248577001917
Camk2n1,0.00978671444141591,0.00978671444141591,0.4874588183733788
Klra18,0.00241979418273975,0.00241979418273975,0.8636908514082474
Wdtc1,-0.09452849259829871,0.09452849259829871,1.7976028781652214e-11
Klra21,0.010660497785322734,0.010660497785322734,0.4494372371406101
Klra9,-0.011623948572918983,0.011623948572918983,0.40953395831945927
Mical3,-0.05325326487907132,0.05325326487907132,0.00015629326053755163
Klra7,-0.013032589592425477,0.013032589592425477,0.3551404342113131
Ccr5,0.015461541812547195,0.015461541812547195,0.27263347751957817
Kbtbd10,-0.03411408344554356,0.03411408344554356,0.015477788571423958
Cobll1,-0.03310728072840004,0.03310728072840004,0.018798053342463376
Gm13580,0.0068708093077797985,0.0068708093077797985,0.6259251663195216
Ly75,0.11942627890674169,0.11942627890674169,1.8411143816004396e-17
Stx1b,-0.01658583659954962,0.01658583659954962,0.23927574100288318
Extl1,-0.007866915137794148,0.007866915137794148,0.5767460902671804
Clec1b,-0.04840931575676105,0.04840931575676105,0.0005892423408678882
BB557941,-0.03411408344554292,0.03411408344554292,0.015477788571425765
Slc30a2,0.010660497785322715,0.010660497785322715,0.4494372371406101
Sult1a1,-0.0017177348798609708,0.0017177348798609708,0.9030031570839342
Eno2,0.001975557426079598,0.001975557426079598,0.8885333123905684
Hyal1,-0.029687997088229143,0.029687997088229143,0.03513981738717611
Alpl,-0.018086492077018828,0.018086492077018828,0.19939039949241363
Nupr1,0.03002245408022764,0.03002245408022764,0.03313133116013047
Atp2a1,-0.01331832303430088,0.01331832303430088,0.34468994322918967
Zmynd10,-0.016126912233058812,0.016126912233058812,0.25252698564930437
Clec9a,0.0036977663700626176,0.0036977663700626176,0.7930539818322678
Acvr1c,0.0019755574260795976,0.0019755574260795976,0.8885333123905684
6430571L13Rik,-0.02343595805782533,0.02343595805782533,0.0963238195244769
Clec1a,0.001975557426079614,0.001975557426079614,0.8885333123905684
Acvr1,-0.016585836599549608,0.016585836599549608,0.23927574100288318
1700101I11Rik,-0.00622864697729106,0.00622864697729106,0.6585549691247995
Ccdc148,-0.007866915137794148,0.007866915137794148,0.5767460902671804
Gm5077,-0.03411408344554357,0.03411408344554357,0.015477788571423958
Cd163,0.010660497785322727,0.010660497785322727,0.4494372371406101
Klre1,0.015230139787279894,0.015230139787279894,0.27987602254454624
Klrd1,0.017533840027922912,0.017533840027922912,0.21347312202572974
Sfn,-0.00533873350717831,0.00533873350717831,0.7048581480354034
Fam19a4,-0.00785672114223539,0.00785672114223539,0.5772400375200675
Lrig1,0.01066049778532271,0.01066049778532271,0.4494372371406101
Gm13032,-0.016155060324644924,0.016155060324644924,0.2516997900525978
Rasgrf1,0.0013967913237642362,0.0013967913237642362,0.9210601179029001
Ltk,-0.038592778336776795,0.038592778336776795,0.006161353215678801
Gm15401,-0.05498575672556658,0.05498575672556658,9.460129557076553e-05
Stmn1-rs1,-0.033088353681895215,0.033088353681895215,0.018866021163734606
Aldh1a2,-0.0165858365995496,0.0165858365995496,0.23927574100288318
Tyro3,0.0013967913237642353,0.0013967913237642353,0.9210601179029001
Gm13154,-0.06553501882285748,0.06553501882285748,3.2472422667389886e-06
Tcf7l1,-0.008410248630424392,0.008410248630424392,0.5507118078029971
Syt5,0.0013967913237642258,0.0013967913237642258,0.9210601179029001
Pla2g4b,-0.047657789514151325,0.047657789514151325,0.0007167062994616053
Tmem87a,-0.02286477825194798,0.02286477825194798,0.10471703442661355
Itpka,-0.015680724286648125,0.015680724286648125,0.2658925885083841
1600016N20Rik,-0.041083460435085144,0.041083460435085144,0.0035456635002411733
Myo1e,0.01794103420134033,0.01794103420134033,0.20302941999474639
Il11,-0.007866915137794151,0.007866915137794151,0.5767460902671804
Lyrm1,-0.042157800913415824,0.042157800913415824,0.0027687798973915633
Nat14,0.008679698662947898,0.008679698662947898,0.5380188705361905
AV039307,0.01066049778532272,0.01066049778532272,0.4494372371406101
Magix,-0.0004885590895640115,0.0004885590895640115,0.9723493550274344
Atoh8,0.0077692601635463016,0.0077692601635463016,0.581486099618158
Rora,0.010660497785322673,0.010660497785322673,0.4494372371406101
Clcn6,-0.008279137778873376,0.008279137778873376,0.5569408626300879
Mthfr,-0.0063085260066992966,0.0063085260066992966,0.6544588807168666
Capn3,-0.0392853143558243,0.0392853143558243,0.0052992333703124695
Timp1,0.01846819212515939,0.01846819212515939,0.19006812913987098
Gm13051,-0.031006463519804097,0.031006463519804097,0.027782097040356175
Gm13034,-0.007756374389624151,0.007756374389624151,0.5821129111289914
Pira7,0.01477444069062392,0.01477444069062392,0.29451797196901297
Lilra6,0.005547038651712728,0.005547038651712728,0.6939135339486044
Lilra5,0.00852663767041943,0.00852663767041943,0.5452110540722556
B230319C09Rik,0.010660497785322713,0.010660497785322713,0.4494372371406101
Pira6,0.015077717914759169,0.015077717914759169,0.28471738988498424
Dnajc16,-0.049194788756651286,0.049194788756651286,0.0004787989687450515
Spint1,0.021327350246332567,0.021327350246332567,0.13020674420724648
Slc4a5,-0.029340704546513642,0.029340704546513642,0.03733443322069218
Wdr54,-0.023136916843889438,0.023136916843889438,0.10064838227714505
Kazn,0.0019755574260796813,0.0019755574260796813,0.8885333123905684
Tlr12,0.01311872614435284,0.01311872614435284,0.3519692090108999
E130201H02Rik,0.018675747586979437,0.018675747586979437,0.1851357054748534
Gm14207,-0.00786691513779415,0.00786691513779415,0.5767460902671804
B4galnt4,-0.007866915137794145,0.007866915137794145,0.5767460902671804
Tacr1,0.015077717914759186,0.015077717914759186,0.28471738988498424
Cgnl1,0.002794415268672806,0.002794415268672806,0.8428445997563146
Gm13238,-0.0056998465960880354,0.0056998465960880354,0.6859250455994184
Trim62,-0.018086492077018807,0.018086492077018807,0.19939039949241363
Exd1,-0.012945998281169085,0.012945998281169085,0.35834651187610583
1500003O03Rik,-0.08245066619111298,0.08245066619111298,4.639290073689705e-09
Myzap,-0.02968799708822924,0.02968799708822924,0.03513981738717486
Reg1,0.02689592904948858,0.02689592904948858,0.05632208953967946
D630041G03Rik,-0.0056998465960879765,0.0056998465960879765,0.6859250455994184
Reep1,-0.012106832382520442,0.012106832382520442,0.3903532628666268
Mtap1a,-0.0249977246682736,0.0249977246682736,0.07609709491723736
Cd8a,0.029409420161996075,0.029409420161996075,0.03689117849738329
Fbn1,-0.0010199403446645569,0.0010199403446645569,0.9423139099801041
Shc4,-0.004575522818260136,0.004575522818260136,0.7454671254010569
Tnip3,0.007140719735773751,0.007140719735773751,0.6124212832063017
Rbpms2,-0.04824939111385845,0.04824939111385845,0.0006144549242870445
Acsm2,-0.023136916843889355,0.023136916843889355,0.10064838227714705
A730020E08Rik,-0.007866915137794143,0.007866915137794143,0.5767460902671804
Syn1,0.010660497785322697,0.010660497785322697,0.4494372371406101
1700029G01Rik,0.00726906381197412,0.00726906381197412,0.6060456024314973
Gprin3,0.008526637670419435,0.008526637670419435,0.5452110540722556
Rasl12,-0.007866915137794141,0.007866915137794141,0.5767460902671804
Fhl1,0.018387699333231367,0.018387699333231367,0.19200680637562284
Umod,0.0013967913237642325,0.0013967913237642325,0.9210601179029001
Dusp8,0.01996443101822164,0.01996443101822164,0.15661133958096268
Zfp418,-0.05470893983344646,0.05470893983344646,0.00010260265076524866
2010106G01Rik,-0.0020018289032440904,0.0020018289032440904,0.8870608708499853
6330512M04Rik,0.01970257004693223,0.01970257004693223,0.16211992932288452
Ppm1k,-0.019031627429799164,0.019031627429799164,0.17689980513063083
Zfp772,-0.051431039560522925,0.051431039560522925,0.0002609133516904845
Smad6,-0.045327379741295665,0.045327379741295665,0.001293118131850921
Vmn2r29,-0.03570050303640536,0.03570050303640536,0.011287914660302675
Syt8,-0.0010199403446645647,0.0010199403446645647,0.9423139099801041
Ccdc120,-0.04394224431758354,0.04394224431758354,0.0018141414351573765
Slc24a1,0.013118726144352826,0.013118726144352826,0.3519692090108999
Gm16982,0.0019755574260796813,0.0019755574260796813,0.8885333123905684
Thumpd1,-0.11688772567274185,0.11688772567274185,8.693736865267333e-17
E230016M11Rik,-0.0407244346990053,0.0407244346990053,0.003846513343793948
Ckmt1,0.0013967913237642332,0.0013967913237642332,0.9210601179029001
Ell3,-0.005164442422983912,0.005164442422983912,0.7140629006876957
Mtap7d3,-0.04587876100309837,0.04587876100309837,0.0011272233785446898
Serinc4,0.007201206375010979,0.007201206375010979,0.6094128245931468
Ncdn,-0.08365805767361127,0.08365805767361127,2.752334764894319e-09
Cd8b1,0.01680084846481407,0.01680084846481407,0.23323902411831482
C2cd4a,0.007206897635499605,0.007206897635499605,0.60913009352886
Wdr76,0.06947164245587262,0.06947164245587262,8.024169873247371e-07
Mageb3,-0.035437189416888754,0.035437189416888754,0.011904658318131396
Gm9781,0.01022999479435325,0.01022999479435325,0.4679564176804755
Fabp1,-0.07551161885888694,0.07551161885888694,8.095107132677746e-08
Tln2,0.013379296356962223,0.013379296356962223,0.3424855388549025
Thnsl2,-0.0298454085645168,0.0298454085645168,0.0341819410551872
Car12,-0.014348442444541077,0.014348442444541077,0.3086619432552112
Trim69,0.017711526389855965,0.017711526389855965,0.20886912522327855
Gm14403,-0.05401475999130631,0.05401475999130631,0.0001255675211131563
Fbxo2,-0.008618194154916667,0.008618194154916667,0.5409031761415147
Eps8l2,0.01311872614435284,0.01311872614435284,0.3519692090108999
Ccdc106,0.0012285499016060084,0.0012285499016060084,0.9305426137960116
Il12rb2,0.007427649013087786,0.007427649013087786,0.5982089367218442
Eri2,-0.08129929594180173,0.08129929594180173,7.580979524877772e-09
Spata5l1,0.007427649013087814,0.007427649013087814,0.5982089367218442
Slc30a4,-0.0015140317672244995,0.0015140317672244995,0.9144587070821985
C77080,-0.007866915137794145,0.007866915137794145,0.5767460902671804
Acoxl,0.007769260163546325,0.007769260163546325,0.581486099618158
Pira2,0.020340941211455486,0.020340941211455486,0.1489412184677477
Agmat,-0.029687997088229147,0.029687997088229147,0.03513981738717611
4933427G17Rik,-0.01273702609621198,0.01273702609621198,0.36615846191792684
Gm10804,0.013118726144352846,0.013118726144352846,0.3519692090108999
Kbtbd12,0.015075874066559141,0.015075874066559141,0.28477630056881875
Sdc3,-0.016866421181174672,0.016866421181174672,0.23141966237512462
Gata2,0.004011958638524569,0.004011958638524569,0.7759213179132237
Cdr2,-0.009079550979362083,0.009079550979362083,0.5194576384543977
Sh3bgrl2,0.0013967913237642353,0.0013967913237642353,0.9210601179029001
Nkain1,0.007769260163546336,0.007769260163546336,0.581486099618158
Fabp3,-0.03736355623891817,0.03736355623891817,0.008007243587857184
Gm13889,0.010660497785322721,0.010660497785322721,0.4494372371406101
Gm13031,0.010660497785322673,0.010660497785322673,0.4494372371406101
Lca5,0.0013967913237642362,0.0013967913237642362,0.9210601179029001
Epha2,-0.023435958057825328,0.023435958057825328,0.0963238195244769
4930479D17Rik,0.00852663767041942,0.00852663767041942,0.5452110540722556
Ccdc48,-0.039511327024300616,0.039511327024300616,0.005042414956528521
Prokr1,0.016739081260789605,0.016739081260789605,0.2349620520070776
Rag2,-0.04073969503147607,0.04073969503147607,0.0038332681304390215
Rag1,0.0013967913237642364,0.0013967913237642364,0.9210601179029001
Prr5l,0.008759635790425185,0.008759635790425185,0.5342817212420784
Mei4,-0.04755052231294428,0.04755052231294428,0.0007368597270930883
Serinc2,0.008526637670419423,0.008526637670419423,0.5452110540722556
Antxr1,0.013118726144352841,0.013118726144352841,0.3519692090108999
Gm5577,0.0074276490130878205,0.0074276490130878205,0.5982089367218442
D430036J16Rik,-0.034114083445542905,0.034114083445542905,0.015477788571425765
Ppp1r3f,0.009358961602345787,0.009358961602345787,0.506686265606136
Gm10584,-0.005332761154174194,0.005332761154174194,0.7051728584862593
Casc1,-0.001066612851672984,0.001066612851672984,0.939679115627124
1700073E17Rik,0.002419794182739777,0.002419794182739777,0.8636908514082474
Rassf8,-0.005361163362757191,0.005361163362757191,0.7036766681876812
Trim43c,-0.0009545408272615677,0.0009545408272615677,0.9460069522265139
Fgd5,0.010660497785322676,0.010660497785322676,0.4494372371406101
Pacsin3,0.002419794182739775,0.002419794182739775,0.8636908514082474
Bhlhe41,-0.007866915137794145,0.007866915137794145,0.5767460902671804
Clcn5,-0.04824939111385865,0.04824939111385865,0.0006144549242870005
Lrp4,-0.07790078300882775,0.07790078300882775,3.1078054673816165e-08
4930413G21Rik,0.0007767618802655834,0.0007767618802655834,0.9560515778640931
Ears2,-0.09446121289964308,0.09446121289964308,1.8578684147747044e-11
Hdac11,-0.02266212792058457,0.02266212792058457,0.10783075690471795
Sspn,-0.011126603062599954,0.011126603062599954,0.4298634373099324
Padi2,-0.033055306594344296,0.033055306594344296,0.01898520983619908
Plxna1,0.008526637670419428,0.008526637670419428,0.5452110540722556
Gyltl1b,-0.012762696233236032,0.012762696233236032,0.36519316012514663
1700029I15Rik,-0.005418401519200916,0.005418401519200916,0.7006649260053193
Gm15612,0.0013967913237642334,0.0013967913237642334,0.9210601179029001
Podxl2,-0.018018245881581255,0.018018245881581255,0.20109178547306206
Palb2,-0.05210048937836686,0.05210048937836686,0.00021654091886811353
Me1,-0.0003606454196246572,0.0003606454196246572,0.9795869382884691
D930015M05Rik,-0.005847731650708916,0.005847731650708916,0.6782271737696319
Padi1,-0.0056998465960879825,0.0056998465960879825,0.6859250455994184
Uros,-0.049693121481726,0.049693121481726,0.0004190832475827122
Myo6,0.00139679132376423,0.00139679132376423,0.9210601179029001
D6Ertd527e,-0.012737026096212157,0.012737026096212157,0.36615846191792684
Fam167b,0.010660497785322671,0.010660497785322671,0.4494372371406101
Scg5,0.010660497785322716,0.010660497785322716,0.4494372371406101
4933433G15Rik,-0.04537383324391073,0.04537383324391073,0.001278317482941583
Pwwp2b,-0.0395588968230382,0.0395588968230382,0.004989815921662715
D7Ertd143e,0.010660497785322652,0.010660497785322652,0.4494372371406101
Rasgrp1,-0.04611447847932255,0.04611447847932255,0.0010624963856159019
Add2,0.01310919275845868,0.01310919275845868,0.35231930779542764
Oscar,-0.01959954782933293,0.01959954782933293,0.16432676352169104
1700019G17Rik,-0.04352460834690615,0.04352460834690615,0.002005534594701642
Fsip1,-0.004575522818260141,0.004575522818260141,0.7454671254010569
Foxp3,0.012060882757502688,0.012060882757502688,0.39215458730048713
1700125D06Rik,0.013118726144352846,0.013118726144352846,0.3519692090108999
Alms1-ps2,-0.018018245881581275,0.018018245881581275,0.20109178547306206
Gnb5,0.018489999536306576,0.018489999536306576,0.18954538548278183
Pdzd9,0.018468192125159388,0.018468192125159388,0.19006812913987098
Pak6,0.002794415268672864,0.002794415268672864,0.8428445997563048
Syce1,0.016637923688431207,0.016637923688431207,0.23780331905950647
Zfp941,-0.010333080340502964,0.010333080340502964,0.4634838329388002
Tmem82,-0.034509814065625824,0.034509814065625824,0.014321254135229214
Ddi2,-0.0009544536183331974,0.0009544536183331974,0.9460118776155733
A430105I19Rik,-0.008618194154916659,0.008618194154916659,0.5409031761415147
Phgr1,0.010660497785322697,0.010660497785322697,0.4494372371406101
Gm364,-0.008279137778873395,0.008279137778873395,0.5569408626300879
Fmn1,-0.0029296717980668158,0.0029296717980668158,0.8353442554184347
Bicd1,0.002419794182739776,0.002419794182739776,0.8636908514082474
Fgf13,-0.034114083445542925,0.034114083445542925,0.015477788571425765
Fjx1,0.010660497785322689,0.010660497785322689,0.4494372371406101
Slc1a2,0.0013967913237642306,0.0013967913237642306,0.9210601179029001
Filip1,-0.003233138331879417,0.003233138331879417,0.8185715637637144
Col16a1,0.0024197941827397785,0.0024197941827397785,0.8636908514082474
Gm10474,-0.023161940334541525,0.023161940334541525,0.10028067637063616
4930429F24Rik,0.013118726144352848,0.013118726144352848,0.3519692090108999
Cd59b,-0.008034683055288388,0.008034683055288388,0.568645703063783
1700003M07Rik,0.0019755574260796114,0.0019755574260796114,0.8885333123905684
A930018P22Rik,0.017711526389855993,0.017711526389855993,0.20886912522327855
Adam12,0.0036977663700626766,0.0036977663700626766,0.7930539818322678
0610012H03Rik,-0.017992792676172042,0.017992792676172042,0.2017290402897202
2610306M01Rik,-0.028493245792134376,0.028493245792134376,0.04318405330410358
4930524L23Rik,-0.02343595805782539,0.02343595805782539,0.0963238195244769
Mpped2,0.010660497785322716,0.010660497785322716,0.4494372371406101
Tcerg1l,-0.0003291899982779837,0.0003291899982779837,0.9813670223889897
Fblim1,0.00776926016354633,0.00776926016354633,0.581486099618158
Stk32c,-0.011081331414384013,0.011081331414384013,0.4317426116195737
Slc6a20b,-0.060359384809269695,0.060359384809269695,1.8172647649087254e-05
F9,0.00852663767041945,0.00852663767041945,0.5452110540722556
4732416N19Rik,0.0184681921251594,0.0184681921251594,0.19006812913987098
Caprin2,-0.011613682947943484,0.011613682947943484,0.40994771162722393
Dennd5b,-0.03448786668623211,0.03448786668623211,0.014383341422521144
Hmgcll1,0.0150777179147592,0.0150777179147592,0.28471738988498424
Bahd1,-0.02760446950423815,0.02760446950423815,0.05013245715682936
Gm14322,-0.05084284321052501,0.05084284321052501,0.000306799666680965
Nars2,-0.04624535432111873,0.04624535432111873,0.001028059929158539
Slc46a3,0.0005065952113333066,0.0005065952113333066,0.9713290084832109
Rab33a,-0.002929671798066818,0.002929671798066818,0.8353442554184347
Ptpn13,0.008526637670419427,0.008526637670419427,0.5452110540722556
Arhgap24,-0.01362100640060222,0.01362100640060222,0.3338357618418374
Zdhhc2,-0.09128285754292943,0.09128285754292943,8.594341104724703e-11
2010308F09Rik,-0.018086492077018512,0.018086492077018512,0.19939039949242046
Chst7,0.0024197941827397455,0.0024197941827397455,0.8636908514082474
Mtmr7,-0.01808649207701867,0.01808649207701867,0.19939039949241363
A230073K19Rik,-0.018086492077018505,0.018086492077018505,0.19939039949242046
Mkrn3,-0.0029296717980668145,0.0029296717980668145,0.8353442554184347
Pdgfrl,-0.04895065981012102,0.04895065981012102,0.0005108654856675092
Olfml3,-0.022389700761354235,0.022389700761354235,0.11213155037219777
Ppm1j,-0.008108075159388405,0.008108075159388405,0.5651192633045492
Apba2,-0.043942244317583555,0.043942244317583555,0.0018141414351573765
Cgref1,0.01066049778532274,0.01066049778532274,0.4494372371406101
Cttnbp2nl,0.008526637670419423,0.008526637670419423,0.5452110540722556
Tjp1,-0.007070421300543072,0.007070421300543072,0.6159259789031206
Abhd1,-0.015179666095012628,0.015179666095012628,0.2814729831150425
1810008I18Rik,0.00769633115144531,0.00769633115144531,0.5850377876315352
Chsy1,-0.058712798669718194,0.058712798669718194,3.058005933801196e-05
Gm5547,-0.004868897184091462,0.004868897184091462,0.7297662466439446
Bmp2k,0.02087453596674293,0.02087453596674293,0.1385664751579596
Ovgp1,-0.03319985536278242,0.03319985536278242,0.01846868977498452
Peg12,-0.032578340253953966,0.032578340253953966,0.02078019175320765
Lysmd4,-0.040804661195318837,0.040804661195318837,0.0037773430648440553
Gabbr2,0.010660497785322666,0.010660497785322666,0.4494372371406101
Pkd2,-0.0032844495157498296,0.0032844495157498296,0.8157435415393237
AI429214,0.010704646379959326,0.010704646379959326,0.4475618519231145
Mmp2,0.00019432636511428213,0.00019432636511428213,0.9889999901970837
Ptgfrn,0.0024197941827397785,0.0024197941827397785,0.8636908514082474
Lrrc8b,-0.007387560115405357,0.007387560115405357,0.6001856286755871
Igsf3,-0.0010806931838289362,0.0010806931838289362,0.9388843695209953
Mapre3,-0.004047248342139111,0.004047248342139111,0.7740036201257863
Tusc3,-0.02449238834990161,0.02449238834990161,0.0822238239202843
Tox3,0.015077717914759224,0.015077717914759224,0.28471738988498424
Col15a1,-0.03411408344554291,0.03411408344554291,0.015477788571425765
Art2a-ps,0.01311872614435281,0.01311872614435281,0.3519692090108999
Ibsp,-0.01690719831155542,0.01690719831155542,0.23029336619389987
Msr1,0.022866438748890883,0.022866438748890883,0.1046918188610774
Anks6,0.009167362954960704,0.009167362954960704,0.5154260858709859
Gbp4,0.009467719257220241,0.009467719257220241,0.501760132219704
A230056P14Rik,-0.028649954200126802,0.028649954200126802,0.0420474427552169
Nod2,-0.0014719498165386069,0.0014719498165386069,0.9168275441034891
Gbp9,-0.002798031675026874,0.002798031675026874,0.8426438713985392
Nkd1,-0.03411408344554356,0.03411408344554356,0.015477788571423958
Dennd2c,0.021991247859258024,0.021991247859258024,0.11866412169918175
Gbp8,0.002794415268672841,0.002794415268672841,0.8428445997563146
Abcg3,-0.014518682935951932,0.014518682935951932,0.3029566521968873
Zfp951,-0.017398156915225747,0.017398156915225747,0.21703775872927936
Galnt12,-0.0069433585244020385,0.0069433585244020385,0.6222828587522776
Mylk3,0.01478398205624605,0.01478398205624605,0.2942062339519334
Gm6531,-0.06983260747632487,0.06983260747632487,7.031858043672092e-07
Chi3l4,-0.06603280009300162,0.06603280009300162,2.732599086618026e-06
Ppef2,-0.007866915137794146,0.007866915137794146,0.5767460902671804
Mctp2,-0.011844535620322349,0.011844535620322349,0.40070338428380653
Cdkl2,-0.007866915137794146,0.007866915137794146,0.5767460902671804
Celsr2,-0.002929671798066815,0.002929671798066815,0.8353442554184347
Arpp21,-0.03411408344554292,0.03411408344554292,0.015477788571425765
Parm1,0.010660497785322725,0.010660497785322725,0.4494372371406101
5330417C22Rik,0.01066049778532273,0.01066049778532273,0.4494372371406101
Fam149a,0.0019755574260796206,0.0019755574260796206,0.8885333123905684
Mir24-2,-0.008279137778873381,0.008279137778873381,0.5569408626300879
Areg,0.0013967913237642362,0.0013967913237642362,0.9210601179029001
Ucp3,-0.023435958057825147,0.023435958057825147,0.09632381952447912
4930432K21Rik,-0.014310141515665021,0.014310141515665021,0.3099552510634956
Ppme1,-0.08686733433119931,0.08686733433119931,6.630377114641864e-10
4921515J06Rik,-0.03272704343850869,0.03272704343850869,0.020205329387315635
Epgn,-0.03411408344554292,0.03411408344554292,0.015477788571425765
Amy1,0.0019755574260796145,0.0019755574260796145,0.8885333123905684
Podnl1,-0.016216447965168745,0.016216447965168745,0.24990233292470157
Pax5,0.0024197941827397585,0.0024197941827397585,0.8636908514082474
Col11a1,-0.0439422443175833,0.0439422443175833,0.0018141414351575116
Tlr3,0.007427649013087808,0.007427649013087808,0.5982089367218442
S1pr1,0.007851390323997797,0.007851390323997797,0.5774984201545997
Mthfd2l,-0.024149950623467722,0.024149950623467722,0.0865984646054672
Fndc7,-0.016585836599549594,0.016585836599549594,0.23927574100288887
Nr2f2,0.010990669163061732,0.010990669163061732,0.4355201727325767
Amigo1,-0.04337933020165315,0.04337933020165315,0.0020763409322708307
Gnat2,-0.012333740613711371,0.012333740613711371,0.3815319046846265
Ttc23,0.02141258258222622,0.02141258258222622,0.12867789736183413
Gm5741,0.001975557426079682,0.001975557426079682,0.8885333123905684
Arhgef17,-0.029687997088229147,0.029687997088229147,0.03513981738717611
Hook2,-0.006502196973130671,0.006502196973130671,0.644570968662141
Kcna3,0.0077692601635463016,0.0077692601635463016,0.581486099618158
Xylb,-0.020501539514738026,0.020501539514738026,0.14575816147356568
Mast1,-0.007866915137794141,0.007866915137794141,0.5767460902671804
Kcna2,0.008526637670419444,0.008526637670419444,0.5452110540722556
Cym,-0.034114083445542925,0.034114083445542925,0.015477788571425765
2010109A12Rik,-0.019395177486536505,0.019395177486536505,0.1687714017263897
Slc16a4,0.00241979418273977,0.00241979418273977,0.8636908514082474
Synm,-0.034114083445543564,0.034114083445543564,0.015477788571423958
Gm12409,-0.02968799708822923,0.02968799708822923,0.03513981738717486
4933431E20Rik,0.01970257004693223,0.01970257004693223,0.16211992932288452
Shroom3,0.010660497785322715,0.010660497785322715,0.4494372371406101
Fat1,0.010660497785322715,0.010660497785322715,0.4494372371406101
Stac,-0.012737026096212198,0.012737026096212198,0.36615846191791845
Gstm6,0.007769260163546305,0.007769260163546305,0.581486099618158
4833412C05Rik,-0.016585836599549725,0.016585836599549725,0.23927574100288318
Ccdc158,0.0150777179147592,0.0150777179147592,0.28471738988498424
Stbd1,-0.023136916843889438,0.023136916843889438,0.10064838227714505
Dnajb13,0.004053754695864458,0.004053754695864458,0.7736502047700311
Gm16157,-0.007866915137794151,0.007866915137794151,0.5767460902671804
Slc6a2,0.02121496639480436,0.02121496639480436,0.13224411465611846
Il27ra,-0.016110981440373106,0.016110981440373106,0.2529959865971529
Fancf,-0.01718024039958831,0.01718024039958831,0.22285205514130568
Tgfbr3,0.001386536544061439,0.001386536544061439,0.921637795051854
Gm4349,-0.03061248456499816,0.03061248456499816,0.029827159581111776
Ctsk,-0.01108133141438402,0.01108133141438402,0.4317426116195737
Hmgb1-rs17,-0.02552831120513043,0.02552831120513043,0.07007022270993338
Acacb,-0.002929671798066782,0.002929671798066782,0.8353442554184489
Ssh1,-0.014865102941946168,0.014865102941946168,0.29156476625902855
Ppp1r15a,0.04018731025550406,0.04018731025550406,0.004340030903480517
Abca1,-0.010844925852617551,0.010844925852617551,0.4416325338478515
Gm4961,-0.007866915137794148,0.007866915137794148,0.5767460902671804
Mboat4,-0.028093809694093686,0.028093809694093686,0.046199113382503404
Ecm1,-0.0092738306183843,0.0092738306183843,0.5105598981296858
Il6,0.00139679132376423,0.00139679132376423,0.9210601179029001
Folr1,-0.0362371877446901,0.0362371877446901,0.010117999906133077
Car7,-0.04585453904768447,0.04585453904768447,0.0011340771243969145
Cmklr1,0.010660497785322671,0.010660497785322671,0.4494372371406101
Plekha4,0.010660497785322753,0.010660497785322753,0.44943723714059364
Hsd17b14,-0.07122185080291647,0.07122185080291647,4.205469811242621e-07
2810432L12Rik,-0.03411408344554291,0.03411408344554291,0.015477788571425765
Aldob,-0.02608147367199866,0.02608147367199866,0.06420964623165908
Zfp189,-0.05078048066422869,0.05078048066422869,0.00031208453149574955
Cmtm1,-0.007866915137794145,0.007866915137794145,0.5767460902671804
Gm6583,-0.007866915137794145,0.007866915137794145,0.5767460902671804
Bean1,0.0072012063750110196,0.0072012063750110196,0.6094128245931386
B930018H19,0.013118726144352872,0.013118726144352872,0.3519692090108999
0610005C13Rik,-0.0018388184757421359,0.0018388184757421359,0.896203238275188
B3gnt9-ps,-0.01959381033516828,0.01959381033516828,0.16445032786350772
BC057022,0.007269063811974174,0.007269063811974174,0.6060456024314973
Zdhhc1,-0.0651179620094771,0.0651179620094771,3.748811593989521e-06
Lrrc36,-0.008679876172925535,0.008679876172925535,0.538010557239206
Tuft1,-0.018040265355760688,0.018040265355760688,0.20054168418041424
BC021767,-0.025337547019883784,0.025337547019883784,0.0721903654816775
Selenbp2,-0.007387560115405622,0.007387560115405622,0.6001856286755755
Slc9a5,-0.007358793243719143,0.007358793243719143,0.6016058748666486
Mtag2,0.010660497785322652,0.010660497785322652,0.4494372371406101
Lin7b,-0.03411408344554292,0.03411408344554292,0.015477788571425765
Tmem208,-0.001591027690958475,0.001591027690958475,0.9101265066163317
Oasl1,-0.009382990928357638,0.009382990928357638,0.5055956841579589
Hsf4,-0.00786691513779415,0.00786691513779415,0.5767460902671804
Tmod4,0.0031245617336548327,0.0031245617336548327,0.824563519250633
1500011B03Rik,-0.024748077964978413,0.024748077964978413,0.07907562478585904
Trpv4,-0.045854539047684446,0.045854539047684446,0.0011340771243969145
Fut10,-0.013318323034301131,0.013318323034301131,0.34468994322918256
Elmo3,0.010171150358097352,0.010171150358097352,0.4705201857691345
Zfp462,-0.010333080340502942,0.010333080340502942,0.4634838329388069
Ccrl2,-0.029404204064049224,0.029404204064049224,0.036924667420792236
Slc44a1,-0.009605875952096998,0.009605875952096998,0.4955391161569397
Exoc3l,-0.024236472428518577,0.024236472428518577,0.08547579045470326
4931428F04Rik,-0.06494415089477555,0.06494415089477555,3.979063739768343e-06
Nol3,0.013118726144352813,0.013118726144352813,0.3519692090108999
Entpd3,0.0038153120800414643,0.0038153120800414643,0.7866321180886834
Cdh5,0.023847072125251514,0.023847072125251514,0.09062257313002098
Crybb1,-0.00977767359243909,0.00977767359243909,0.48786108948437445
Cdh11,-0.04824939111385846,0.04824939111385846,0.0006144549242870445
Itga10,-0.01219402800876594,0.01219402800876594,0.3869488563660169
Ankrd35,-0.029687997088229234,0.029687997088229234,0.03513981738717486
Dok4,-0.026383518326967684,0.026383518326967684,0.06118424138741741
Fgfrl1,-0.01632233606355877,0.01632233606355877,0.24682298950235293
Gm16793,0.005619449915472432,0.005619449915472432,0.6901237151602918
Nudt17,-0.017896487843737575,0.017896487843737575,0.20415348031748637
Ccl17,0.0013967913237642353,0.0013967913237642353,0.9210601179029001
Cd160,-0.004730183566047303,0.004730183566047303,0.7371763065700899
Art2b,0.010660497785322735,0.010660497785322735,0.4494372371406101
Ccl22,0.0013967913237642334,0.0013967913237642334,0.9210601179029001
Gpr114,0.015077717914759169,0.015077717914759169,0.28471738988498424
Bcl9,0.004499720602875371,0.004499720602875371,0.7495414713577822
Gm5544,-0.001838818475742141,0.001838818475742141,0.896203238275188
Slc12a3,-0.011081331414384013,0.011081331414384013,0.4317426116195737
D8Ertd82e,-0.01805815377768746,0.01805815377768746,0.20009559585906705
Zfp697,-0.00628607579163112,0.00628607579163112,0.6556090537934716
1700013N18Rik,0.010660497785322754,0.010660497785322754,0.44943723714059364
Mt3,0.0013967913237642317,0.0013967913237642317,0.9210601179029001
Mt4,-0.012762696233235902,0.012762696233235902,0.36519316012515435
Mrgpra2a,0.01953021731058085,0.01953021731058085,0.1658245740883414
1700028K03Rik,0.0013967913237642353,0.0013967913237642353,0.9210601179029001
Man1a2,-0.013317837435952027,0.013317837435952027,0.34470753559343636
Kcnc1,0.0013967913237642362,0.0013967913237642362,0.9210601179029001
Gm10416,0.007269063811974166,0.007269063811974166,0.6060456024314973
Terc,-0.02196753458207159,0.02196753458207159,0.11906210978575134
Zfp932,-0.04041165880847078,0.04041165880847078,0.004127307372088035
Folr2,0.015077717914759176,0.015077717914759176,0.28471738988498424
4930513N10Rik,-0.0227462311119498,0.0227462311119498,0.10652972959846403
Gm9054,0.001975557426079616,0.001975557426079616,0.8885333123905684
Mamstr,-0.021173981762754264,0.021173981762754264,0.13299322488628731
Inppl1,0.003875316432654872,0.003875316432654872,0.7833594609491042
Ept1,-0.07571396785908649,0.07571396785908649,7.472874948456573e-08
Mmp15,-0.007866915137794145,0.007866915137794145,0.5767460902671804
Fam83e,-0.020360950043488,0.020360950043488,0.14854177467850874
Mn1,-0.03411408344554291,0.03411408344554291,0.015477788571425765
Sult2b1,-0.033144673729353875,0.033144673729353875,0.018664402621913535
Tmeff1,-0.04453721216701767,0.04453721216701767,0.0015703563350969803
Mtmr11,-0.036938958356765805,0.036938958356765805,0.00875157766695952
Kifc3,-0.01974780846728525,0.01974780846728525,0.1611579743271711
Sv2a,0.021327350246332595,0.021327350246332595,0.1302067442072404
Ccdc135,-0.02079676241710776,0.02079676241710776,0.1400430097547092
Lmtk3,0.01248450184033417,0.01248450184033417,0.37573904721804485
Otof,-0.010333080340502952,0.010333080340502952,0.4634838329388069
Ccdc114,-0.020711085929911804,0.020711085929911804,0.1416835580848977
Galnt9,0.012192366041824103,0.012192366041824103,0.38701357532254105
Gm15787,-0.005228285965970998,0.005228285965970998,0.7106862474576393
Plcxd1,-0.03411408344554292,0.03411408344554292,0.015477788571425765
Abcc8,0.0013967913237642362,0.0013967913237642362,0.9210601179029001
Hist2h4,-0.03260510558471159,0.03260510558471159,0.02067568149908778
Gnao1,-0.007866915137794145,0.007866915137794145,0.5767460902671804
Cxcl1,0.00852663767041941,0.00852663767041941,0.5452110540722556
Gpx2-ps1,-0.004473692076597207,0.004473692076597207,0.7509421163434747
Cxcl15,0.0027944152686728415,0.0027944152686728415,0.8428445997563146
Aqp7,-0.03736027718292365,0.03736027718292365,0.00801276773801042
Asb17,-0.023577363535207636,0.023577363535207636,0.09433131032628764
Ell,-0.07344549393764964,0.07344549393764964,1.81063543909767e-07
Zcchc4,-0.007733850084567089,0.007733850084567089,0.5832093334530437
LOC330599,-0.016239165177024867,0.016239165177024867,0.24923944098630665
Omp,0.0019755574260796067,0.0019755574260796067,0.8885333123905684
Gm2115,0.0013967913237642364,0.0013967913237642364,0.9210601179029001
2510003D18Rik,0.005366109681649599,0.005366109681649599,0.7034162197567394
Crlf1,0.009428359205490108,0.009428359205490108,0.5035399982832227
Poln,-0.01598516260483881,0.01598516260483881,0.2567213976371625
St6galnac3,-0.007880863898093433,0.007880863898093433,0.5760705298895603
4930557J02Rik,-0.02864995420012696,0.02864995420012696,0.04204744275521492
Tmem59l,-0.016585836599549597,0.016585836599549597,0.23927574100288318
Spink4,0.010660497785322732,0.010660497785322732,0.4494372371406101
Sh2d1a,0.017395469087539556,0.017395469087539556,0.21710880255822612
Negr1,0.0013967913237642325,0.0013967913237642325,0.9210601179029001
Aqp11,-0.0442517746148068,0.0442517746148068,0.0016832804194916954
2610206C17Rik,-0.03272704343850858,0.03272704343850858,0.020205329387316406
Crtc1,-0.07160396138512722,0.07160396138512722,3.644861492986722e-07
Ppargc1a,0.010660497785322732,0.010660497785322732,0.4494372371406101
Lrrc40,-0.09882568478413685,0.09882568478413685,2.085970721271451e-12
Gpr125,-0.042094812549311925,0.042094812549311925,0.0028096408902095636
4930570G19Rik,0.010660497785322702,0.010660497785322702,0.4494372371406101
5730480H06Rik,-0.018567925681426768,0.018567925681426768,0.18768607887125682
Gdf15,0.021327350246332675,0.021327350246332675,0.1302067442072404
Hpgd,-0.010056573157665194,0.010056573157665194,0.47553432108502647
Kcnn1,-0.019599547829332906,0.019599547829332906,0.16432676352169104
Mcoln2,0.012947600795185945,0.012947600795185945,0.35828701335715285
Gm10636,-0.008279137778873381,0.008279137778873381,0.5569408626300879
2310028H24Rik,-0.00313123020642814,0.00313123020642814,0.8241952114751355
1110017D15Rik,0.0019755574260796878,0.0019755574260796878,0.8885333123905684
Ugdh,-0.10305933829303833,0.10305933829303833,2.279383583224188e-13
Il12rb1,-0.02666655800298473,0.02666655800298473,0.05845726293813951
Kif24,-0.009039547302735181,0.009039547302735181,0.5212996343399715
Hdgfrp3,0.0013767535046647493,0.0013767535046647493,0.9221889364297631
Sh3gl3,-0.007866915137794143,0.007866915137794143,0.5767460902671804
B3gnt6,0.00742764901308783,0.00742764901308783,0.5982089367218442
Ttll7,-0.0165858365995496,0.0165858365995496,0.23927574100288318
Vegfc,-0.015165242911223892,0.015165242911223892,0.2819304582840101
Lphn2,-0.009741268014152846,0.009741268014152846,0.4894827605119417
Klhl5,-0.06282365166629995,0.06282365166629995,8.136239070492193e-06
Gm3716,0.0013967913237642301,0.0013967913237642301,0.9210601179029001
Ifi44,-0.010333080340502893,0.010333080340502893,0.4634838329388069
Gipc2,0.0019755574260796266,0.0019755574260796266,0.8885333123905684
Fam154b,-0.0018388184757421363,0.0018388184757421363,0.896203238275188
Nexn,0.01066049778532275,0.01066049778532275,0.44943723714059364
5830416I19Rik,-0.016555541760090497,0.016555541760090497,0.24013508036230163
Pde4c,-0.0044736920765973175,0.0044736920765973175,0.7509421163434747
Wdr19,-0.006546321679633456,0.006546321679633456,0.6423268562011778
Pacrgl,-0.10964594879027297,0.10964594879027297,6.0642902172207276e-15
Mef2b,-0.012651620319696414,0.012651620319696414,0.36938150714262774
Zfyve28,-0.008279137778873392,0.008279137778873392,0.5569408626300879
Osgin2,-0.0657807760028541,0.0657807760028541,2.982518489827706e-06
A530072M11Rik,0.0019755574260796813,0.0019755574260796813,0.8885333123905684
Csgalnact1,0.007712106749176016,0.007712106749176016,0.5842686524452404
Dcaf12l1,-0.016585836599549722,0.016585836599549722,0.23927574100288318
Cpe,0.00852663767041942,0.00852663767041942,0.5452110540722556
Tbc1d14,-0.04242734325672184,0.04242734325672184,0.00259998411662634
Ccdc96,-0.009867054134510327,0.009867054134510327,0.48389199297754365
Pm20d2,-0.03411408344554291,0.03411408344554291,0.015477788571425765
Slc7a13,0.012060882757502712,0.012060882757502712,0.39215458730048713
Atp6v0d2,0.005042214921046889,0.005042214921046889,0.7205430443777318
Ankrd42,0.008365093926691462,0.008365093926691462,0.5528532264386903
Gab2,-0.02732257543600268,0.02732257543600268,0.052523118819861166
Nat1,-0.0029296717980667733,0.0029296717980667733,0.8353442554184489
Npy1r,0.013118726144352805,0.013118726144352805,0.3519692090108999
Ablim2,-0.007866915137794145,0.007866915137794145,0.5767460902671804
6230409E13Rik,0.01066049778532269,0.01066049778532269,0.4494372371406101
4632427E13Rik,0.010570537834908682,0.010570537834908682,0.45327239495493277
Gabrr2,-0.03411408344554356,0.03411408344554356,0.015477788571423958
Htra3,-0.007866915137794146,0.007866915137794146,0.5767460902671804
Rab30,-0.015963997373004583,0.015963997373004583,0.2573518080030556
Hgfac,-0.030460214533301333,0.030460214533301333,0.03065153984053919
BC024582,0.010660497785322659,0.010660497785322659,0.4494372371406101
Ttpa,-0.04137128030087728,0.04137128030087728,0.003320114656424608
Nsg1,-0.0003291899982779574,0.0003291899982779574,0.9813670223889897
Spaca1,-0.024505452121807575,0.024505452121807575,0.08206054860990371
Gm11837,-0.0031875727115886114,0.0031875727115886114,0.8210848995772111
Plag1,-0.03624820801037889,0.03624820801037889,0.01009515202672771
Tm6sf2,0.015077717914759248,0.015077717914759248,0.28471738988498424
Fam110b,-0.028866389976145778,0.028866389976145778,0.04051932134103609
Gm3414,0.01961030548818618,0.01961030548818618,0.16409527191059942
Fam184b,-0.018086492077018644,0.018086492077018644,0.19939039949241363
Tox,0.014804249249044195,0.014804249249044195,0.29354479296170244
4930412C18Rik,0.015077717914759179,0.015077717914759179,0.28471738988498424
Xpnpep2,-0.0018388184757421068,0.0018388184757421068,0.896203238275188
Usp35,0.010704646379959312,0.010704646379959312,0.4475618519231145
Sytl2,0.015077717914759176,0.015077717914759176,0.28471738988498424
Sh3rf1,-0.02934530185116379,0.02934530185116379,0.037304637185140745
Zfp963,-0.009776877685618031,0.009776877685618031,0.4878965118032378
Gm10033,-0.010521186086911567,0.010521186086911567,0.45538416977092794
Cc2d2a,-0.011677118234580936,0.011677118234580936,0.40739494574170415
Ccdc89,-0.016585836599549614,0.016585836599549614,0.23927574100288318
Fsbp,0.014970422362912243,0.014970422362912243,0.28815918763779863
Palld,-0.024451475681770828,0.024451475681770828,0.082736868384633
Hs3st1,0.001103348709061924,0.001103348709061924,0.9376057358126704
Zfp518b,-0.020845546431211674,0.020845546431211674,0.13911543504685445
D130040H23Rik,0.0024197941827397776,0.0024197941827397776,0.8636908514082474
Gm11818,-0.023136916843889434,0.023136916843889434,0.10064838227714505
Slc18a1,-0.03659179368684356,0.03659179368684356,0.009405461984898326
Runx1t1,-0.012737026096212203,0.012737026096212203,0.36615846191791845
Syde2,-0.059099064596535356,0.059099064596535356,2.7097678555991325e-05
Homer2,-0.001281273104731524,0.001281273104731524,0.9275698810263788
Cyr61,0.010660497785322715,0.010660497785322715,0.4494372371406101
9130230L23Rik,-0.02316194033454158,0.02316194033454158,0.10028067637063616
Adamts3,0.007201206375010983,0.007201206375010983,0.6094128245931386
Xrra1,0.00852663767041942,0.00852663767041942,0.5452110540722556
9830132P13,0.015077717914759203,0.015077717914759203,0.28471738988498424
Enpep,0.0019755574260796114,0.0019755574260796114,0.8885333123905684
Egf,-0.015126090893226612,0.015126090893226612,0.2831748244279487
Acvr2b,-0.04735467540401438,0.04735467540401438,0.0007750191159311681
Mlf1ip,-0.08537406450466381,0.08537406450466381,1.2940915262417812e-09
Slc4a4,0.015077717914759182,0.015077717914759182,0.28471738988498424
Rmrp,-0.03467317678963143,0.03467317678963143,0.013866494683567923
Kif7,-0.013235526987187768,0.013235526987187768,0.3476977693056935
Gm9958,0.001623726797830287,0.001623726797830287,0.9082874810710209
Pex11a,-0.009261965124305209,0.009261965124305209,0.5111010284701267
Sit1,-0.019687455000040724,0.019687455000040724,0.16244230108736202
Rusc2,0.015077717914759203,0.015077717914759203,0.28471738988498424
Anpep,0.0013967913237642325,0.0013967913237642325,0.9210601179029001
Lef1,-0.03411408344554292,0.03411408344554292,0.015477788571425765
Unc13b,0.007769260163546329,0.007769260163546329,0.581486099618158
Uba6,-0.03525866284281381,0.03525866284281381,0.012339625253098813
Zfp827,-0.004575522818260139,0.004575522818260139,0.7454671254010569
Igfbp7,-0.006207423598261382,0.006207423598261382,0.6596450061515707
Clasp2,-0.03311040726771758,0.03311040726771758,0.018786846438149103
Cyp2u1,-0.028785424038631692,0.028785424038631692,0.041085370378281985
Gab1,-0.031688680654161853,0.031688680654161853,0.0245260681536495
9530027J09Rik,0.01066049778532266,0.01066049778532266,0.4494372371406101
Ank2,0.01066049778532266,0.01066049778532266,0.4494372371406101
Rnf150,0.015077717914759169,0.015077717914759169,0.28471738988498424
1700067K01Rik,-0.04824939111385844,0.04824939111385844,0.0006144549242870445
Sorbs2,0.010660497785322727,0.010660497785322727,0.4494372371406101
Tmem8b,-0.028785424038631706,0.028785424038631706,0.041085370378281985
Cxcl3,0.015077717914759184,0.015077717914759184,0.28471738988498424
Lrrc39,-0.029715707772942863,0.029715707772942863,0.034969550394134234
Npr2,-0.007866915137794146,0.007866915137794146,0.5767460902671804
Ccdc76,-0.022220458916185626,0.022220458916185626,0.11487074333701523
Kcne3,0.0016788330043328867,0.0016788330043328867,0.9051893778307897
Plb1,-0.023781824407317926,0.023781824407317926,0.09150885773084033
Snx25,-0.020623616357505325,0.020623616357505325,0.14337362699577752
Ppbp,-0.0630912541046213,0.0630912541046213,7.443015981860863e-06
Rassf6,-0.0029296717980668184,0.0029296717980668184,0.8353442554184347
Tmem56,0.01277754842243934,0.01277754842243934,0.3646353834801938
Yes1,0.016149246541021095,0.016149246541021095,0.25187048629141096
Arhgap29,-0.007866915137794145,0.007866915137794145,0.5767460902671804
Abca4,-0.02423278157374794,0.02423278157374794,0.08552344023929977
Ptger1,-0.00032918999827791874,0.00032918999827791874,0.9813670223889897
Alb,-0.059099064596535175,0.059099064596535175,2.7097678555993026e-05
Fnbp1l,-0.047206682011618914,0.047206682011618914,0.0008050623997456959
4933405D12Rik,0.001975557426079625,0.001975557426079625,0.8885333123905684
Clgn,0.010660497785322699,0.010660497785322699,0.4494372371406101
Tbc1d9,0.012571447550015822,0.012571447550015822,0.3724230619708607
Prss12,-0.00786691513779415,0.00786691513779415,0.5767460902671804
Spink2,0.004031492150900983,0.004031492150900983,0.7748596666527199
Agrp,-0.03954530806822791,0.03954530806822791,0.005004790487677522
0610038B21Rik,-0.005965226848991635,0.005965226848991635,0.672134981981554
Tmem38a,0.02305473383333991,0.02305473383333991,0.10186357679569281
Alpk3,0.00026998316830232255,0.00026998316830232255,0.9847178224763867
Corin,-0.008876230368121883,0.008876230368121883,0.5288543859958698
Tmem221,-0.009308944501303304,0.009308944501303304,0.5089602721113613
Wwc2,0.009437671840015276,0.009437671840015276,0.5031185791232038
B930007M17Rik,0.01066049778532265,0.01066049778532265,0.4494372371406101
4933409K07Rik,0.0038929928794803736,0.0038929928794803736,0.7823961090529244
Gbp5,-0.00869739583616759,0.00869739583616759,0.5371903788538118
Atp10d,0.010864217380238225,0.010864217380238225,0.44082065337178944
Gabrb1,-0.010333080340502898,0.010333080340502898,0.4634838329388069
Gm13298,-0.021850538569903523,0.021850538569903523,0.12104102329664929
N28178,-0.007866915137794145,0.007866915137794145,0.5767460902671804
Klhl35,-0.02453359245057553,0.02453359245057553,0.08170973448877708
Fsd2,-0.018086492077018738,0.018086492077018738,0.19939039949241363
Limch1,0.01066049778532269,0.01066049778532269,0.4494372371406101
Fbxl2,-0.02136319168452684,0.02136319168452684,0.1295621335527523
Uchl1,-0.05186594356345368,0.05186594356345368,0.00023121180918211473
Apbb2,-0.01658583659954961,0.01658583659954961,0.23927574100288318
Clca1,-0.024499738971069593,0.024499738971069593,0.08213192107226723
Myo9b,-0.013049464215967093,0.013049464215967093,0.3545177580666296
Bcl2a1c,-0.0280938096940936,0.0280938096940936,0.046199113382503404
Gdpd5,-0.002929671798066779,0.002929671798066779,0.8353442554184489
Slc5a5,0.0024197941827397715,0.0024197941827397715,0.8636908514082474
Ano8,-0.02316194033454154,0.02316194033454154,0.10028067637063616
Mttp,-0.0020619702162637337,0.0020619702162637337,0.8836915963391718
Nipal1,-0.0045755228182601405,0.0045755228182601405,0.7454671254010569
Txk,0.020855697733714054,0.020855697733714054,0.1389230149080477
Spon2,-0.04824939111385845,0.04824939111385845,0.0006144549242870445
Calr3,-0.02011081751667871,0.02011081751667871,0.1535943761689548
Gm16675,-0.014126581626513505,0.014126581626513505,0.31620311338250223
Ttll13,-0.010333080340502966,0.010333080340502966,0.4634838329388002
Aasdh,-0.039105488603639965,0.039105488603639965,0.0055119427544788316
C530008M17Rik,-0.0077800246105761105,0.0077800246105761105,0.5809627192715034
Cep135,-0.005685741859794164,0.005685741859794164,0.6866609609308238
Slco2b1,-0.03411408344554291,0.03411408344554291,0.015477788571425765
Nhedc2,-0.034114083445543564,0.034114083445543564,0.015477788571423958
Clock,-0.03443721217780199,0.03443721217780199,0.014527545555672306
Kdr,-0.014966314084917973,0.014966314084917973,0.2882915270495321
Lnx1,-0.03859277833677706,0.03859277833677706,0.006161353215678428
Stox2,-0.007866915137794145,0.007866915137794145,0.5767460902671804
Dnajb5,-0.06494516410712746,0.06494516410712746,3.977683059851606e-06
Cib3,-0.008410248630424139,0.008410248630424139,0.5507118078030151
Sgcb,-0.057957347729026346,0.057957347729026346,3.86560801230254e-05
Emcn,0.00241979418273977,0.00241979418273977,0.8636908514082474
Ddit4l,-0.00786691513779415,0.00786691513779415,0.5767460902671804
Dcun1d4,-0.023600773062250564,0.023600773062250564,0.0940046619682895
Zfp882,-0.02836212734035843,0.02836212734035843,0.04415490207316112
Gm4980,-0.00786691513779415,0.00786691513779415,0.5767460902671804
Zfp709,-0.013964903919744132,0.013964903919744132,0.3217741487657369
Gm15880,0.01066049778532266,0.01066049778532266,0.4494372371406101
Nwd1,-0.016797919908982176,0.016797919908982176,0.23332051486593444
Rltpr,-0.05824073645209144,0.05824073645209144,3.541432841005575e-05
Riiad1,-0.00786691513779415,0.00786691513779415,0.5767460902671804
Tsnaxip1,-0.018086492077018672,0.018086492077018672,0.19939039949241363
Mmp12,0.010660497785322727,0.010660497785322727,0.4494372371406101
A330050B17Rik,0.0024197941827397308,0.0024197941827397308,0.8636908514082474
Alg11,-0.029388026793530104,0.029388026793530104,0.03702869503952085
Rasa4,-0.020732629735151345,0.020732629735151345,0.14126965093298013
1700015F17Rik,-0.028093809694093648,0.028093809694093648,0.046199113382503404
Mmp13,0.0013967913237642353,0.0013967913237642353,0.9210601179029001
Thsd1,-0.029369560464267693,0.029369560464267693,0.03714774723765989
0610043K17Rik,0.0013967913237642269,0.0013967913237642269,0.9210601179029001
Dync2h1,0.017540060502614457,0.017540060502614457,0.21331071770839882
Bbs7,-0.0393954538465641,0.0393954538465641,0.005172641856130408
Myl10,-0.037832468395732864,0.037832468395732864,0.00725151542788991
Casp12,0.00241979418273975,0.00241979418273975,0.8636908514082474
E130102H24Rik,-0.012233745600444611,0.012233745600444611,0.38540417064045634
Il2,0.01066049778532272,0.01066049778532272,0.4494372371406101
Gm14501,-0.007387560115405393,0.007387560115405393,0.6001856286755871
Cetn4,-0.038755903910466814,0.038755903910466814,0.005947628068551435
Bbs12,-0.03481570624677245,0.03481570624677245,0.013480190793223299
Raver2,0.010660497785322675,0.010660497785322675,0.4494372371406101
Pard3,-0.007866915137794148,0.007866915137794148,0.5767460902671804
Spry1,0.0007782330326055959,0.0007782330326055959,0.955968425956861
Gm5148,0.015361818721130875,0.015361818721130875,0.27573879338356105
Styxl1,0.007914890511557205,0.007914890511557205,0.5744241357681054
Hspb1,-0.004318461602912884,0.004318461602912884,0.7593122660097302
Ankrd50,-0.01877300103881315,0.01877300103881315,0.18285737940007468
Mmp27,0.009167362954960543,0.009167362954960543,0.5154260858709936
Nphs1,-0.007866915137794146,0.007866915137794146,0.5767460902671804
Mecom,0.0019755574260796214,0.0019755574260796214,0.8885333123905684
Slc35d1,-0.03628327392193273,0.03628327392193273,0.010022756546494208
Gm4759,-0.00036348512592075406,0.00036348512592075406,0.9794262422090536
Gm20605,-0.051654473702254976,0.051654473702254976,0.00024523390847610665
Chordc1,-0.06791452128206801,0.06791452128206801,1.4076906500117357e-06
Alkbh6,-0.09797398840689875,0.09797398840689875,3.2206221616217306e-12
Folr4,0.0031953598217081816,0.0031953598217081816,0.8206552426104177
Fbxo24,-0.011105285964572095,0.011105285964572095,0.4307476934035631
Zmat3,-0.0017521418178564085,0.0017521418178564085,0.9010701563495114
AI428936,0.007769260163546317,0.007769260163546317,0.581486099618158
Atp7b,0.010660497785322721,0.010660497785322721,0.4494372371406101
Pcolce,-0.004473692076597299,0.004473692076597299,0.7509421163434747
Kdm4d,-0.00036064541962475827,0.00036064541962475827,0.9795869382884586
Angpt2,0.0019755574260796258,0.0019755574260796258,0.8885333123905684
Ache,0.012930854812556129,0.012930854812556129,0.3589090688871994
Lepr,0.03542976547683414,0.03542976547683414,0.01192247174556913
Fzd1,-0.023136916843889434,0.023136916843889434,0.10064838227714505
Maml2,-0.012790812858725258,0.012790812858725258,0.3641376853149202
Gnb4,-0.02624536776987553,0.02624536776987553,0.06255304266408401
Phxr4,-0.0023420239729337474,0.0023420239729337474,0.8680308909205282
Trpc6,-0.03411408344554356,0.03411408344554356,0.015477788571423958
9230110C19Rik,0.0013967913237642362,0.0013967913237642362,0.9210601179029001
Ephb4,-0.007866915137794141,0.007866915137794141,0.5767460902671804
Gm2011,-0.005699846596087931,0.005699846596087931,0.6859250455994184
Gm18853,0.01066049778532266,0.01066049778532266,0.4494372371406101
1810012K16Rik,0.0019755574260796873,0.0019755574260796873,0.8885333123905684
Clip2,-0.04790043484400909,0.04790043484400909,0.0006729920283384026
Mab21l1,-0.007866915137794146,0.007866915137794146,0.5767460902671804
2310022B05Rik,0.00033390133787484654,0.00033390133787484654,0.9811003982929988
Wwtr1,-0.029369560464267617,0.029369560464267617,0.03714774723765989
Capn9,0.010660497785322664,0.010660497785322664,0.4494372371406101
2200002J24Rik,-0.04824939111385846,0.04824939111385846,0.0006144549242870445
Pfn2,0.0027944152686728177,0.0027944152686728177,0.8428445997563146
Gtf2ird2,-0.07206997904781165,0.07206997904781165,3.0582904814312524e-07
Auts2,-0.016585836599549722,0.016585836599549722,0.23927574100288318
Gm8234,-0.04824939111385837,0.04824939111385837,0.0006144549242870445
Adam22,0.010660497785322721,0.010660497785322721,0.4494372371406101
Atp4a,-0.023136916843889348,0.023136916843889348,0.10064838227714705
Gpr171,-0.022486420152402833,0.022486420152402833,0.11058941991654347
P2ry14,-0.035720509966201894,0.035720509966201894,0.011242234176652504
P2ry12,0.015177619737470161,0.015177619737470161,0.2815378588993537
Acta1,-0.023161940334541564,0.023161940334541564,0.10028067637063616
9530080O11Rik,-0.059099064596535605,0.059099064596535605,2.709767855598909e-05
Gapdhs,0.015558067968612888,0.015558067968612888,0.2696505761757159
Krtdap,-0.043942244317583555,0.043942244317583555,0.0018141414351573765
Rab4a,-0.03402307228879006,0.03402307228879006,0.01575511573004339
Rundc3b,0.0077692601635463284,0.0077692601635463284,0.581486099618158
Tek,-0.03411408344554292,0.03411408344554292,0.015477788571425765
Med12l,0.015552431962104216,0.015552431962104216,0.2698241252142206
Cldn4,0.010660497785322706,0.010660497785322706,0.4494372371406101
Nbea,-0.03411408344554355,0.03411408344554355,0.015477788571423958
Spg20,-0.0527141087922271,0.0527141087922271,0.00018218507129311596
Gm17296,-0.016585836599549722,0.016585836599549722,0.23927574100288318
D3Ertd751e,-0.04805765338116881,0.04805765338116881,0.0006460050120660928
Hip1,0.02096161720054849,0.02096161720054849,0.13692749317996591
4930583H14Rik,0.010660497785322662,0.010660497785322662,0.4494372371406101
Efcab7,-0.08197675360479846,0.08197675360479846,5.683106733692841e-09
Gvin1,-0.021802017409143427,0.021802017409143427,0.12186923679888621
Steap4,0.017938235852470296,0.017938235852470296,0.20309989920331822
5031434O11Rik,-0.001019940344664571,0.001019940344664571,0.9423139099801041
Fkbp6,-0.002929671798066801,0.002929671798066801,0.8353442554184489
Zbtb32,-0.004371925778605578,0.004371925778605578,0.7564261958870314
Gm505,-0.01110938861811899,0.01110938861811899,0.4305774289952607
Trim67,-0.005164442422983916,0.005164442422983916,0.7140629006876957
Fzd9,0.001975557426079686,0.001975557426079686,0.8885333123905684
Mlxipl,-0.02878542403863172,0.02878542403863172,0.04108537037828019
Upk1a,-0.05702852704904229,0.05702852704904229,5.136935356387557e-05
Fam89a,-0.011105285964572085,0.011105285964572085,0.4307476934035631
Phf16,-0.020627732776251625,0.020627732776251625,0.1432937452739164
Stx1a,-0.01112660306259995,0.01112660306259995,0.4298634373099324
Postn,-0.05048777279209935,0.05048777279209935,0.00033804805994475226
2010001M06Rik,0.007769260163546292,0.007769260163546292,0.581486099618158
Dock7,-0.041955036541237216,0.041955036541237216,0.0029022878399931973
Inadl,-0.04009024645902683,0.04009024645902683,0.0044351068424270095
Kbtbd5,0.010660497785322652,0.010660497785322652,0.4494372371406101
Egfem1,0.008526637670419439,0.008526637670419439,0.5452110540722556
Nlrp10,0.012060882757502746,0.012060882757502746,0.39215458730048425
Eif5a2,-0.010372584231122363,0.010372584231122363,0.46177620435458494
Tnik,0.007318831575759926,0.007318831575759926,0.6035813292601809
Nccrp1,0.0074276490130877944,0.0074276490130877944,0.5982089367218442
Ocm,-0.002246130182969132,0.002246130182969132,0.8733877988395048
D130017N08Rik,-0.013500283581930391,0.013500283581930391,0.33813816264655394
Usp42,-0.005363969471016572,0.005363969471016572,0.703528908284134
Col9a3,-0.060084388454957824,0.060084388454957824,1.984106442684737e-05
Rgn,0.0013967913237642364,0.0013967913237642364,0.9210601179029001
Grtp1,0.0019691403875624625,0.0019691403875624625,0.8888930277762455
Ankrd6,-0.0044736920765973106,0.0044736920765973106,0.7509421163434747
Echdc2,-0.02313691684388944,0.02313691684388944,0.10064838227714505
Capn12,0.011334064567331138,0.011334064567331138,0.4213129150361543
Lama5,-0.029687997088229237,0.029687997088229237,0.03513981738717486
Col20a1,-0.00036064541962471967,0.00036064541962471967,0.9795869382884586
Srms,0.010660497785322756,0.010660497785322756,0.44943723714059364
BC051628,0.010660497785322704,0.010660497785322704,0.4494372371406101
9930005F22Rik,-0.018018245881581244,0.018018245881581244,0.20109178547306206
Fbxl18,-0.017305939490280798,0.017305939490280798,0.2194847844772517
Gas6,-0.008618194154916648,0.008618194154916648,0.5409031761415147
Slc29a4,0.010660497785322725,0.010660497785322725,0.4494372371406101
Gm9,0.015077717914759198,0.015077717914759198,0.28471738988498424
Nrip3,0.015074281819544176,0.015074281819544176,0.2848271792634377
Papolb,-0.04394224431758351,0.04394224431758351,0.0018141414351574615
Zbtb46,-0.022221495736076582,0.022221495736076582,0.11485380354252792
Gm10560,0.001975557426079604,0.001975557426079604,0.8885333123905684
Plac1,0.0013967913237642353,0.0013967913237642353,0.9210601179029001
Bhlha15,-0.05238909567945474,0.05238909567945474,0.0001996871648800636
Kank2,0.004499720602875377,0.004499720602875377,0.7495414713577822
Map3k10,-0.034322949202677186,0.034322949202677186,0.01485751979501205
Dyrk4,0.0013967913237642258,0.0013967913237642258,0.9210601179029001
Zfp59,-0.025862314053863127,0.025862314053863127,0.06648128112154135
Zfp607,-0.04495189718472266,0.04495189718472266,0.0014186841716451362
Gtf3a,-0.11646916228488746,0.11646916228488746,1.119349256610926e-16
Calr4,-0.00647205222015711,0.00647205222015711,0.6461059481295863
Gm14327,-0.03136867230800891,0.03136867230800891,0.026009754117604752
Rasl11a,-0.018086492077018717,0.018086492077018717,0.19939039949241363
1700049G17Rik,-0.0062286469772911135,0.0062286469772911135,0.6585549691247942
BC018242,-0.004473692076597287,0.004473692076597287,0.7509421163434747
Zfp498,0.0150777179147592,0.0150777179147592,0.28471738988498424
Vwa1,-0.014966314084917928,0.014966314084917928,0.2882915270495321
Mxra8,-0.007387560115405613,0.007387560115405613,0.6001856286755755
Tas1r3,-0.027112248773141747,0.027112248773141747,0.054368274935294766
Zfp931,0.0006759776973560601,0.0006759776973560601,0.9617491527335551
Ccdc159,-0.011081331414384069,0.011081331414384069,0.4317426116195737
Adm,0.0019755574260796813,0.0019755574260796813,0.8885333123905684
Phactr3,0.01206088275750276,0.01206088275750276,0.39215458730048425
Eid2,0.007269063811974131,0.007269063811974131,0.6060456024314973
Eid2b,-0.03334079812523212,0.03334079812523212,0.017976936430553203
Sbf2,-0.00861819415491667,0.00861819415491667,0.5409031761415147
Dock6,0.007427649013087805,0.007427649013087805,0.5982089367218442
Smurf1,-0.013726613370024326,0.013726613370024326,0.33010114668035545
AW011738,-0.031032640274016064,0.031032640274016064,0.027650607931378902
Mc1r,-0.02685434243106966,0.02685434243106966,0.05670432171604245
Sdk1,-0.033243312355970306,0.033243312355970306,0.01831582689501387
S1pr5,-0.02585095946386526,0.02585095946386526,0.0666007543648229
Pars2,-0.04553904936282219,0.04553904936282219,0.0012269352090739036
Gal3st4,-0.014966314084917892,0.014966314084917892,0.2882915270495321
Trim66,-0.0045755228182601405,0.0045755228182601405,0.7454671254010569
Pcsk9,0.015558067968612862,0.015558067968612862,0.2696505761757159
1700109H08Rik,-0.026365665283659488,0.026365665283659488,0.06135972252845691
Zfp74,-0.04952644828059125,0.04952644828059125,0.0004382352694155448
Ppap2b,-0.03411408344554358,0.03411408344554358,0.015477788571423958
Cp,-0.012737026096212162,0.012737026096212162,0.36615846191792684
Ric3,-0.0234605759496787,0.0234605759496787,0.09597453489507354
Kbtbd11,0.013248808667348413,0.013248808667348413,0.3472141500992954
Zfp30,-0.023136916843889355,0.023136916843889355,0.10064838227714705
Zfp14,-0.015838698214275748,0.015838698214275748,0.26110585927008517
Cpb1,0.020340941211455472,0.020340941211455472,0.1489412184677477
4932412H11Rik,-0.010333080340502964,0.010333080340502964,0.4634838329388002
Zfp113,-0.041994983176020406,0.041994983176020406,0.002875529738339806
Zfp566,-0.027892022920512648,0.027892022920512648,0.04778843392698814
Gm5113,-0.03104706425416086,0.03104706425416086,0.027578384018499807
Cox7a1,-0.01678065327060407,0.01678065327060407,0.2338013910885641
Slc22a13b,-0.007928188474748975,0.007928188474748975,0.5737813130399272
1700125G22Rik,-0.010333080340502959,0.010333080340502959,0.4634838329388002
6430598A04Rik,-0.015126090893226644,0.015126090893226644,0.2831748244279487
Prkaa2,0.008526637670419527,0.008526637670419527,0.5452110540722429
Cpa3,-0.017520723476421002,0.017520723476421002,0.21381586161592903
Ssbp3,-0.008590127980544008,0.008590127980544008,0.5422219249475854
Pdgfa,-0.01423447435401918,0.01423447435401918,0.3125208059204026
Dpf1,-0.029687997088229147,0.029687997088229147,0.03513981738717611
Gm16119,-0.008155576227435117,0.008155576227435117,0.5628424866951693
Card11,0.004079216905144576,0.004079216905144576,0.7722675874088055
Gna12,0.002794415268672806,0.002794415268672806,0.8428445997563146
Fam164a,-0.021164610412371138,0.021164610412371138,0.13316497328608765
Hey1,0.010660497785322666,0.010660497785322666,0.4494372371406101
Ggn,0.002419794182739775,0.002419794182739775,0.8636908514082474
Zbtb10,-0.047788703901233805,0.047788703901233805,0.0006928038880165102
Dmrtb1,-0.019599547829332938,0.019599547829332938,0.16432676352169104
Gm9833,0.010660497785322723,0.010660497785322723,0.4494372371406101
Glis1,-0.007387560115405381,0.007387560115405381,0.6001856286755871
Catsperg1,0.0024197941827397815,0.0024197941827397815,0.8636908514082474
2200002D01Rik,-0.03415256457774856,0.03415256457774856,0.01536182758495342
Car13,-0.0356857184872387,0.0356857184872387,0.011321777019928633
Fdx1l,-0.023136916843889438,0.023136916843889438,0.10064838227714505
Ppp1r14a,0.0024197941827397698,0.0024197941827397698,0.8636908514082474
St5,0.004859700446242743,0.004859700446242743,0.7302567637252344
Car3,-0.06547422206022664,0.06547422206022664,3.3161268221308924e-06
Cln8,-0.05277027257183149,0.05277027257183149,0.00017931074683005108
A930001A20Rik,-0.03411408344554291,0.03411408344554291,0.015477788571425765
Arhgef10,-0.03411408344554291,0.03411408344554291,0.015477788571425765
Zglp1,0.0013967913237642356,0.0013967913237642356,0.9210601179029001
Sirpb1a,0.014774440690623903,0.014774440690623903,0.29451797196901297
Icam5,0.010660497785322659,0.010660497785322659,0.4494372371406101
Spred3,0.001975557426079603,0.001975557426079603,0.8885333123905684
Dmrta2,0.018468192125159422,0.018468192125159422,0.19006812913987098
Spire2,-0.007866915137794145,0.007866915137794145,0.5767460902671804
Elavl2,0.0013967913237642353,0.0013967913237642353,0.9210601179029001
Adam1a,-0.039053286653352864,0.039053286653352864,0.005575117155400039
Adam1b,-0.0161034451880469,0.0161034451880469,0.25321806434275773
Klk1b11,0.00139679132376423,0.00139679132376423,0.9210601179029001
Tmem116,-0.01658583659954974,0.01658583659954974,0.23927574100288318
Klk1b27,-0.016585836599549597,0.016585836599549597,0.23927574100288318
Hbb-bh1,-0.016585836599549597,0.016585836599549597,0.23927574100288318
Zfp612,0.010660497785322734,0.010660497785322734,0.4494372371406101
Phlpp2,-0.00036174632098343447,0.00036174632098343447,0.9795246393061425
1700008O03Rik,-0.04163799609497188,0.04163799609497188,0.0031228481873704222
Pkd1l3,0.0013967913237642362,0.0013967913237642362,0.9210601179029001
Gm4984,0.007769260163546314,0.007769260163546314,0.581486099618158
Fam71e1,-0.03536013860957941,0.03536013860957941,0.012090691716863786
Rph3a,0.01641302126839972,0.01641302126839972,0.24420696804695818
Bspry,-0.03375031014887551,0.03375031014887551,0.016612611529167497
Chrnb2,0.007206897635499594,0.007206897635499594,0.60913009352886
Nos3,-0.018357851965112557,0.018357851965112557,0.1927293655638211
Wdr31,-0.008876230368121747,0.008876230368121747,0.5288543859958698
She,0.010660497785322676,0.010660497785322676,0.4494372371406101
Atg9b,-0.04817441826542879,0.04817441826542879,0.0006266169193099925
Kcnc3,-0.015904469988182478,0.015904469988182478,0.2591305963716495
Atp8b2,-0.021802017409143348,0.021802017409143348,0.12186923679888621
Cdh1,-0.0018388184757421428,0.0018388184757421428,0.896203238275188
Nqo1,0.01246427559129092,0.01246427559129092,0.37651305281674047
Oas1g,-0.0975972555007667,0.0975972555007667,3.898218899094231e-12
Clec18a,-0.019658500329593084,0.019658500329593084,0.16306119243777117
Pdpr,-0.06134170942923327,0.06134170942923327,1.323865958982056e-05
Whrn,-0.0003291899982779678,0.0003291899982779678,0.9813670223889897
Orm3,-0.01808649207701873,0.01808649207701873,0.19939039949241363
Lim2,-0.004575522818260136,0.004575522818260136,0.7454671254010569
Cldnd2,-0.021173981762754267,0.021173981762754267,0.13299322488628731
Col27a1,-0.014966314084917857,0.014966314084917857,0.2882915270495321
Zfp658,0.0013967913237642353,0.0013967913237642353,0.9210601179029001
Tctn1,-0.05542748082171715,0.05542748082171715,8.304166449807757e-05
Zfp719,-0.02226470847844291,0.02226470847844291,0.11414952990954677
Thbs3,0.013118726144352864,0.013118726144352864,0.3519692090108999
Slc9a7,-0.01959954782933286,0.01959954782933286,0.16432676352169104
Ceacam18,-0.019599547829332882,0.019599547829332882,0.16432676352169104
Muc1,-0.029687997088229168,0.029687997088229168,0.03513981738717611
Trim46,-0.046509543492495205,0.046509543492495205,0.000961670200875158
Rtp3,0.010660497785322697,0.010660497785322697,0.4494372371406101
Wdr59,-0.046887344559399496,0.046887344559399496,0.0008736059547249312
4933430I17Rik,-0.018086492077018755,0.018086492077018755,0.19939039949241363
Efna1,-0.00786691513779415,0.00786691513779415,0.5767460902671804
Efna4,-0.011126603062599952,0.011126603062599952,0.4298634373099324
Fgfr1,0.0013967913237642353,0.0013967913237642353,0.9210601179029001
Zfp819,-0.022389700761354207,0.022389700761354207,0.11213155037219777
Trim6,-0.028454486811623863,0.028454486811623863,0.04346914341905622
Myl2,0.005394297720968911,0.005394297720968911,0.7019326432626118
Ldhd,0.010660497785322689,0.010660497785322689,0.4494372371406101
Gm19710,-0.004575522818260141,0.004575522818260141,0.7454671254010569
Star,0.01420808638490769,0.01420808638490769,0.31341879045669857
Smpd3,-0.012737026096212203,0.012737026096212203,0.36615846191791845
Gm14634,-0.029584913676946975,0.029584913676946975,0.03577943294472245
S100a14,-0.01808649207701867,0.01808649207701867,0.19939039949241363
S100a16,-0.01033308034050296,0.01033308034050296,0.4634838329388002
Paxip1,-0.08479143884478808,0.08479143884478808,1.6747869427039728e-09
Fcgrt,-0.027029228861633444,0.027029228861633444,0.055111326224642064
Pla2g1b,0.010660497785322723,0.010660497785322723,0.4494372371406101
Ccdc155,-0.03693895835676562,0.03693895835676562,0.008751577666959729
S100a3,-0.03137185397803471,0.03137185397803471,0.025994629069419167
S100a4,0.06554452270771499,0.06554452270771499,3.2365988548468974e-06
Epb4.1l4b,-0.005699846596087968,0.005699846596087968,0.6859250455994184
Ptpn3,-0.0056148499800158696,0.0056148499800158696,0.6903642342152811
Nrn1l,-0.004575522818260138,0.004575522818260138,0.7454671254010569
Gm8096,0.01066049778532272,0.01066049778532272,0.4494372371406101
Pglyrp4,-0.0009760818114764921,0.0009760818114764921,0.9447904233929258
Ctnnal1,-0.0439903059344773,0.0439903059344773,0.0017932275447423778
Lmbr1,-0.03752397758783912,0.03752397758783912,0.0077411139179432206
Lor,-0.018086492077018637,0.018086492077018637,0.19939039949241363
Trpm4,0.006469451534652665,0.006469451534652665,0.6462384465107122
Sprr1a,0.0013967913237642256,0.0013967913237642256,0.9210601179029001
Ppfia3,0.019702570046932225,0.019702570046932225,0.16211992932288452
Ivl,-0.014468011220493734,0.014468011220493734,0.3046474449364214
Rnf122,-0.034877453774139075,0.034877453774139075,0.013315806522605288
Dkkl1,-0.0051489193402008936,0.0051489193402008936,0.7148847585075496
Frmd7,-0.03411408344554292,0.03411408344554292,0.015477788571425765
Akap2,-0.010333080340502917,0.010333080340502917,0.4634838329388069
4831440E17Rik,-0.01195860849331456,0.01195860849331456,0.39618201292640925
1700094D03Rik,-0.04580621291928502,0.04580621291928502,0.0011478664966741926
1810019D21Rik,-0.0113415000057046,0.0113415000057046,0.42100832679787087
Oas1e,-0.004575522818260135,0.004575522818260135,0.7454671254010569
Oas3,-0.043693344787453875,0.043693344787453875,0.0019260794283910932
Nup210l,-0.03330529200953836,0.03330529200953836,0.018099725473726822
Trim21,-0.0037382991003551648,0.0037382991003551648,0.7908379515428957
Dtx1,0.010660497785322652,0.010660497785322652,0.4494372371406101
Rasal1,-0.016585836599549708,0.016585836599549708,0.23927574100288318
Iqcd,-0.012888286376947026,0.012888286376947026,0.36049339281789033
Mup3,-0.04824939111385836,0.04824939111385836,0.0006144549242870445
Smarcd3,-0.012737026096211973,0.012737026096211973,0.36615846191792684
Creb3l4,0.0013967913237642327,0.0013967913237642327,0.9210601179029001
Gatad2b,0.027991922458384586,0.027991922458384586,0.04699595067981373
Nup62-il4i1,-0.010333080340502952,0.010333080340502952,0.4634838329388069
2310008N11Rik,-0.004575522818260135,0.004575522818260135,0.7454671254010569
Tsks,-0.029687997088229164,0.029687997088229164,0.03513981738717611
Dpep2,0.019032230176053915,0.019032230176053915,0.17688609152029353
Wdr86,0.013118726144352853,0.013118726144352853,0.3519692090108999
Art5,-0.014966314084917876,0.014966314084917876,0.2882915270495321
Npr1,-0.030299718805869007,0.030299718805869007,0.03154155263632857
Ulk4,-0.02180201740914335,0.02180201740914335,0.12186923679888621
Crygn,-0.04640142832747443,0.04640142832747443,0.0009883441553581909
Ksr2,0.001975557426079685,0.001975557426079685,0.8885333123905684
Pklr,-0.02404074818280632,0.02404074818280632,0.08803239438698594
Tnfsf8,0.010660497785322683,0.010660497785322683,0.4494372371406101
Maf,-0.015400006187146292,0.015400006187146292,0.27454682093732924
Ift81,-0.04823974126843646,0.04823974126843646,0.000616007902362139
4921511C10Rik,-0.018086492077018502,0.018086492077018502,0.19939039949242046
Abcb1b,0.0064040152585738775,0.0064040152585738775,0.6495759429667731
Zfp11,-0.04358755577962837,0.04358755577962837,0.001975548524988645
9330182L06Rik,0.0013967913237642334,0.0013967913237642334,0.9210601179029001
1190005I06Rik,-0.0009544536183331324,0.0009544536183331324,0.9460118776155733
Mmp17,0.010660497785322678,0.010660497785322678,0.4494372371406101
Tmem144,-0.03736027718292359,0.03736027718292359,0.00801276773801042
Gucy1b3,0.010660497785322723,0.010660497785322723,0.4494372371406101
Gpr133,0.0019755574260796817,0.0019755574260796817,0.8885333123905684
Sema3d,0.0019755574260796865,0.0019755574260796865,0.8885333123905684
Fxyd1,0.0013967913237642353,0.0013967913237642353,0.9210601179029001
Lgi4,0.0013967913237642356,0.0013967913237642356,0.9210601179029001
Gucy1a3,-0.00786691513779415,0.00786691513779415,0.5767460902671804
Tmem132d,0.010660497785322682,0.010660497785322682,0.4494372371406101
Fam101a,0.0019755574260796327,0.0019755574260796327,0.8885333123905684
Cd36,0.039492007055433494,0.039492007055433494,0.005063920211367942
Magi2,-0.014865102941946137,0.014865102941946137,0.29156476625902855
4632415K11Rik,-0.020307144480566933,0.020307144480566933,0.14961777624093706
Tmem60,-0.08392915852912958,0.08392915852912958,2.445408558632283e-09
Ccdc92,0.010660497785322751,0.010660497785322751,0.44943723714059364
Trim2,-0.03411408344554291,0.03411408344554291,0.015477788571425765
Psip1,-0.030876064027582813,0.030876064027582813,0.028445169593899002
Fxyd3,0.010660497785322735,0.010660497785322735,0.4494372371406101
Abcb1a,0.010660497785322689,0.010660497785322689,0.4494372371406101
Zfp651,-0.008618194154916888,0.008618194154916888,0.5409031761415082
Pdcd10,-0.0007789256194865189,0.0007789256194865189,0.9559292799931083
Cd22,-0.001353778343407214,0.001353778343407214,0.9234834210847527
Cdkn2a,0.017063447292438923,0.017063447292438923,0.2260137293801836
4933417D19Rik,0.0019755574260796158,0.0019755574260796158,0.8885333123905684
4732415M23Rik,-0.03411408344554356,0.03411408344554356,0.015477788571423958
Mlf1,-0.0029296717980668023,0.0029296717980668023,0.8353442554184347
Dpep1,-0.023136916843889438,0.023136916843889438,0.10064838227714505
Cpne7,0.0019755574260796804,0.0019755574260796804,0.8885333123905684
Gm13275,-0.03411408344554292,0.03411408344554292,0.015477788571425765
Rarres1,-0.01690719831155548,0.01690719831155548,0.23029336619389987
Ifnz,0.010660497785322666,0.010660497785322666,0.4494372371406101
Gm13283,-0.015126090893226604,0.015126090893226604,0.2831748244279487
1110032F04Rik,0.008526637670419447,0.008526637670419447,0.5452110540722556
Phkg1,-0.006472052220157102,0.006472052220157102,0.6461059481295863
Hamp,-0.02036095004348841,0.02036095004348841,0.14854177467849933
Snai3,-0.00463521801398866,0.00463521801398866,0.742263522248608
BC057079,-0.0210336435415774,0.0210336435415774,0.1355831953858673
Mllt3,-0.030947181959802714,0.030947181959802714,0.028081869659262425
Car5a,0.008526637670419428,0.008526637670419428,0.5452110540722556
Gm1647,0.010660497785322689,0.010660497785322689,0.4494372371406101
Acer2,-0.030752727011929572,0.030752727011929572,0.02908482648369252
Jph3,-0.014234474354019146,0.014234474354019146,0.3125208059204026
Ppm1l,-0.00796183664555803,0.00796183664555803,0.5721562862830923
B3galnt1,-0.03411408344554291,0.03411408344554291,0.015477788571425765
Trim3,-0.0025286733438495855,0.0025286733438495855,0.8576216777510413
A730090N16Rik,-0.020158887331638283,0.020158887331638283,0.15261337378670584
Scn1b,0.019702570046932252,0.019702570046932252,0.16211992932288452
Fam160a1,0.0013967913237642256,0.0013967913237642256,0.9210601179029001
Reln,0.018349234903832206,0.018349234903832206,0.19293834260231693
Bglap-rs1,0.015077717914759231,0.015077717914759231,0.28471738988498424
Bglap2,-0.11071875687213709,0.11071875687213709,3.2891259250643835e-15
Prss50,-0.015722646169870298,0.015722646169870298,0.26461647596215865
Adam3,0.007269063811974214,0.007269063811974214,0.6060456024314973
Gan,0.018564570150847597,0.018564570150847597,0.18776586305394102
Htra4,-0.02313691684388935,0.02313691684388935,0.10064838227714705
Zfp939,-0.0167979199089822,0.0167979199089822,0.23332051486593444
Zfp619,-0.010015336512280011,0.010015336512280011,0.4773460664442808
9830147E19Rik,-0.05314989458150522,0.05314989458150522,0.0001609722757514605
Paqr6,-0.023136916843889445,0.023136916843889445,0.10064838227714505
Pkd1l2,0.0013967913237642334,0.0013967913237642334,0.9210601179029001
Morn3,-0.010333080340502931,0.010333080340502931,0.4634838329388069
Rab25,-0.013536047745098843,0.013536047745098843,0.3368598802995122
Hs6st2,0.010660497785322727,0.010660497785322727,0.4494372371406101
Gm5595,-0.06320008471583335,0.06320008471583335,7.1775601909800784e-06
5830417I10Rik,-0.05200954249924604,0.05200954249924604,0.00022212277110173455
1700030J22Rik,-0.005699846596087932,0.005699846596087932,0.6859250455994184
1500004A13Rik,-0.024505452121807464,0.024505452121807464,0.08206054860990371
Atmin,-0.07777100861419403,0.07777100861419403,3.2760821005925456e-08
A930024E05Rik,-0.008814773926930348,0.008814773926930348,0.5317116087992328
Zfp715,-0.04792022950985697,0.04792022950985697,0.0006695374761584965
Astn2,0.0024197941827397706,0.0024197941827397706,0.8636908514082474
Rgs9bp,-0.012106832382520484,0.012106832382520484,0.3903532628666268
Myl3,0.0013967913237642325,0.0013967913237642325,0.9210601179029001
Pitpnm2,-0.015414456724633104,0.015414456724633104,0.2740966849577244
Tctn2,0.008526637670419416,0.008526637670419416,0.5452110540722556
Apbb1,-0.03411408344554292,0.03411408344554292,0.015477788571425765
Glt28d2,-0.004575522818260138,0.004575522818260138,0.7454671254010569
Wtip,0.010660497785322666,0.010660497785322666,0.4494372371406101
Gpc4,0.0038082600506726865,0.0038082600506726865,0.7870169868778688
Prkcdbp,-0.029687997088229237,0.029687997088229237,0.03513981738717486
Dclk2,-0.004284039267401965,0.004284039267401965,0.7611722090792178
Nfib,0.01206088275750278,0.01206088275750278,0.39215458730048425
Cd1d2,0.0013967913237642353,0.0013967913237642353,0.9210601179029001
Fcrl1,-0.019708034057772904,0.019708034057772904,0.16200351246471262
Atp2c2,0.0019755574260796804,0.0019755574260796804,0.8885333123905684
Ptprd,-0.002055267235157636,0.002055267235157636,0.884067011994179
1810011O10Rik,0.0013967913237642353,0.0013967913237642353,0.9210601179029001
Pear1,-0.010804712782929046,0.010804712782929046,0.4433276424814466
Sh2d2a,-0.0007412921423742211,0.0007412921423742211,0.9580565273907462
Ido1,-0.02864995420012673,0.02864995420012673,0.0420474427552169
Rhpn2,-0.03411408344554292,0.03411408344554292,0.015477788571425765
Lrrc50,-0.02968799708822925,0.02968799708822925,0.03513981738717486
Tdrd12,-0.028093809694093717,0.028093809694093717,0.046199113382503404
Fbxl13,0.010660497785322671,0.010660497785322671,0.4494372371406101
Aldoart1,-0.03470738932635111,0.03470738932635111,0.01377288628056524
C630043F03Rik,-0.040090246459027166,0.040090246459027166,0.004435106842426728
Mef2d,-0.007721641425478143,0.007721641425478143,0.5838040199678879
Gm10640,-0.008610255073190907,0.008610255073190907,0.5412760481843494
Gpx7,-0.004473692076597322,0.004473692076597322,0.7509421163434747
9930023K05Rik,-0.006983733706279218,0.006983733706279218,0.6202598263565633
Morn5,-0.03373770845231784,0.03373770845231784,0.016653199813172506
Cacna1g,-0.03411408344554357,0.03411408344554357,0.015477788571423958
Abcc3,0.001151904601870913,0.001151904601870913,0.9348658817290534
Wfikkn2,0.007769260163546315,0.007769260163546315,0.581486099618158
Stxbp4,-0.029315957159072748,0.029315957159072748,0.03749517404105555
1600002D24Rik,-0.0004885590895638732,0.0004885590895638732,0.9723493550274438
Sh3bgr,-0.023433602399198828,0.023433602399198828,0.09635729541650444
B3galt5,0.013118726144352853,0.013118726144352853,0.3519692090108999
Tmem100,-0.0029296717980668166,0.0029296717980668166,0.8353442554184347
Dscam,0.02347744077238203,0.02347744077238203,0.09573583818372475
Mx1,0.0038948343687258743,0.0038948343687258743,0.7822957685540816
Fam3b,-0.00827913777887338,0.00827913777887338,0.5569408626300879
Gm525,0.00197555742607968,0.00197555742607968,0.8885333123905684
Mx2,-0.03411408344554292,0.03411408344554292,0.015477788571425765
Prdm15,-0.03834041611926812,0.03834041611926812,0.006505636951892404
C2cd2,-0.07100393109243605,0.07100393109243605,4.5615142521907676e-07
C030037D09Rik,0.0019755574260796817,0.0019755574260796817,0.8885333123905684
Pisd-ps2,-0.016585836599549604,0.016585836599549604,0.23927574100288318
Epx,0.018468192125159412,0.018468192125159412,0.19006812913987098
Lpo,-0.004575522818260138,0.004575522818260138,0.7454671254010569
1110028F11Rik,0.007269063811974212,0.007269063811974212,0.6060456024314973
Cldn20,0.0013967913237642353,0.0013967913237642353,0.9210601179029001
Hsf5,-0.026665380339489893,0.026665380339489893,0.05846839665566101
Tex14,-0.004473692076597293,0.004473692076597293,0.7509421163434747
3300005D01Rik,-0.032361837681036815,0.032361837681036815,0.021642621733779743
Serac1,-0.0005452416725587295,0.0005452416725587295,0.9691428458349451
Gdpd1,-0.042785398951647166,0.042785398951647166,0.002390300569867331
Ypel2,-0.04524833906285098,0.04524833906285098,0.001318665351721455
Mir692-1,-0.018086492077018564,0.018086492077018564,0.19939039949242046
Tbx2,0.0013967913237642306,0.0013967913237642306,0.9210601179029001
Rsad1,-0.051899131957259245,0.051899131957259245,0.00022908067873449335
8430403D17Rik,0.012060882757502741,0.012060882757502741,0.39215458730048425
Acsf2,-0.05335144277477631,0.05335144277477631,0.00015196802036450527
Ripply3,-0.03411408344554291,0.03411408344554291,0.015477788571425765
Srcin1,-0.03129730241102423,0.03129730241102423,0.026351037377539334
Arhgap23,-0.026638296426630577,0.026638296426630577,0.05872493625023122
Gpr179,0.01507771791475921,0.01507771791475921,0.28471738988498424
Tbx21,0.0017306079855836966,0.0017306079855836966,0.9022798709863493
Sp6,-0.007866915137794146,0.007866915137794146,0.5767460902671804
Cyyr1,0.0013967913237642362,0.0013967913237642362,0.9210601179029001
Adamts1,-0.01112660306259995,0.01112660306259995,0.4298634373099324
Adamts5,-0.012172340946092706,0.012172340946092706,0.38779389502992295
B130034C11Rik,-0.007805417793724814,0.007805417793724814,0.5797289462944668
Skap1,-0.005266870855801625,0.005266870855801625,0.7086482554267814
Gm10789,-0.026191193036763066,0.026191193036763066,0.06309667413316045
Mrap,-0.03272704343850862,0.03272704343850862,0.020205329387316406
Hoxb1,0.001977609266127572,0.001977609266127572,0.888418298683472
4931408A02Rik,0.0013967913237642334,0.0013967913237642334,0.9210601179029001
4930404I05Rik,0.0038153120800414574,0.0038153120800414574,0.7866321180886834
4932438H23Rik,-0.02412364973988175,0.02412364973988175,0.0869420843255112
Hoxb5,-0.0003606454196246325,0.0003606454196246325,0.9795869382884691
Hoxb6,0.0013967913237642301,0.0013967913237642301,0.9210601179029001
B4galnt2,0.01855821221818599,0.01855821221818599,0.1879171037352548
Dnajc28,-0.005515158125954268,0.005515158125954268,0.6955845145983623
Gm10785,-0.020360950043488178,0.020360950043488178,0.1485417746785047
Ngfr,0.010660497785322676,0.010660497785322676,0.4494372371406101
Prps1,-0.09222457792606867,0.09222457792606867,5.488271364749317e-11
1810053B23Rik,-0.018086492077018564,0.018086492077018564,0.19939039949242046
Setd4,-0.06097904407435103,0.06097904407435103,1.4889269639367372e-05
Myst2,-0.04949368169343687,0.04949368169343687,0.00044209519714445537
Tac4,-0.023922279546608846,0.023922279546608846,0.0896095800745524
Sim2,-0.043598673696740184,0.043598673696740184,0.001970295266715432
Samd14,0.023679514143007566,0.023679514143007566,0.09291258600217564
Col1a1,-0.0493654491956767,0.0493654491956767,0.00045750815837433337
D630032N06Rik,0.006060655821298441,0.006060655821298441,0.6672027053820185
1700125H20Rik,-0.002929671798066781,0.002929671798066781,0.8353442554184489
Ccr6,-0.007866915137794148,0.007866915137794148,0.5767460902671804
Ccl8,0.03158718694142949,0.03158718694142949,0.0249884892432533
Ccl12,0.010660497785322671,0.010660497785322671,0.4494372371406101
Ccl7,0.016694116501917676,0.016694116501917676,0.23622202079344543
Zfp948,-0.014008489084899722,0.014008489084899722,0.3202660372131651
Gm10509,0.0006759776973560787,0.0006759776973560787,0.9617491527335551
Tmem98,-0.02934070454651381,0.02934070454651381,0.03733443322069218
2210404O09Rik,-0.04819377204833091,0.04819377204833091,0.000623456115403091
Amot,-0.06982447251055401,0.06982447251055401,7.052859044602468e-07
Gm16386,-0.01108133141438397,0.01108133141438397,0.4317426116195737
Omg,-0.0023019848601300496,0.0023019848601300496,0.8702668711162677
Nf1,-0.017248990202884895,0.017248990202884895,0.22100581037487765
Vmn2r-ps129,-0.005335224146287998,0.005335224146287998,0.7050430661119352
Zfp40,-0.017607280535856227,0.017607280535856227,0.21156141974470075
Zfp13,0.007269063811974097,0.007269063811974097,0.6060456024314973
Zscan10,0.001975557426079629,0.001975557426079629,0.8885333123905684
Gm11201,-0.012737026096212151,0.012737026096212151,0.36615846191792684
Ccdc64b,-0.016822820391001372,0.016822820391001372,0.23262827118553078
9530082P21Rik,0.004053754695864463,0.004053754695864463,0.7736502047700311
Nos2,-0.007866915137794148,0.007866915137794148,0.5767460902671804
Flywch2,-0.045498346493180256,0.045498346493180256,0.001239413707393974
Gspt2,-0.027117634848480884,0.027117634848480884,0.054320358094094155
Prss30,0.0013967913237642364,0.0013967913237642364,0.9210601179029001
Prss27,-0.04824939111385845,0.04824939111385845,0.0006144549242870445
Slc46a1,-0.03912137613914345,0.03912137613914345,0.005492844389494172
Rab34,-0.01095200915990734,0.01095200915990734,0.43713677141780116
Nek8,-0.01074702879228397,0.01074702879228397,0.4457656834330535
Abca3,-0.02056004381355994,0.02056004381355994,0.1446116331493724
Abhd15,-0.0013253925449708609,0.0013253925449708609,0.9250830355688429
Tmigd1,-0.016585836599549736,0.016585836599549736,0.23927574100288318
Zfp54,-0.03583115498394595,0.03583115498394595,0.01099255707390247
Cct6b,-0.04400085471196638,0.04400085471196638,0.0017886670210842893
Has1,0.001975557426079604,0.001975557426079604,0.8885333123905684
Slfn3,-0.02116487644633496,0.02116487644633496,0.13316009532547618
Car4,-0.04824939111385865,0.04824939111385865,0.0006144549242870005
Prr18,-0.004575522818260136,0.004575522818260136,0.7454671254010569
T2,-0.016438642373274578,0.016438642373274578,0.24347140802468156
Myo19,-0.01760292962050086,0.01760292962050086,0.21167433088103726
4930502E09Rik,0.010660497785322702,0.010660497785322702,0.4494372371406101
Gm16702,-0.0029296717980668127,0.0029296717980668127,0.8353442554184347
1500016L03Rik,0.00852663767041944,0.00852663767041944,0.5452110540722556
B930003M22Rik,0.010615655294706393,0.010615655294706393,0.45134665089668774
Pacrg,0.0007782330326055378,0.0007782330326055378,0.955968425956861
Lhx1,-0.019599547829332896,0.019599547829332896,0.16432676352169104
Park2,0.0036977663700626376,0.0036977663700626376,0.7930539818322678
Aatf,-0.08407861954366268,0.08407861954366268,2.2907261349848004e-09
4732491K20Rik,0.015552431962104254,0.015552431962104254,0.2698241252142206
Slc22a3,-0.028412625151878017,0.028412625151878017,0.04377883894286993
2410003L11Rik,0.005188095200146818,0.005188095200146818,0.7128112600163371
Pnldc1,0.0013967913237642327,0.0013967913237642327,0.9210601179029001
Arhgef9,0.01066049778532273,0.01066049778532273,0.4494372371406101
Zxda,-0.02233713707330512,0.02233713707330512,0.11297672858579902
Acat3,-0.01045070282645697,0.01045070282645697,0.4584097458140838
2700054A10Rik,0.001975557426079706,0.001975557426079706,0.8885333123905558
E230016K23Rik,-0.017822227239535287,0.017822227239535287,0.20603738604200855
Gas2l2,-0.0033091136398340475,0.0033091136398340475,0.8143850262232537
Pex12,-0.06459357118977906,0.06459357118977906,4.4853872759059746e-06
Smoc2,0.0024197941827397433,0.0024197941827397433,0.8636908514082474
Thbs2,-0.034114083445542905,0.034114083445542905,0.015477788571425765
AI450353,-0.026468724662738884,0.026468724662738884,0.06035244579230389
Fam120b,-0.06443687640755945,0.06443687640755945,4.731138009419723e-06
Rgmb,0.002419794182739742,0.002419794182739742,0.8636908514082474
Zfp960,-0.004575522818260141,0.004575522818260141,0.7454671254010569
Slfn14-ps,0.0410195321482085,0.0410195321482085,0.00359761490437079
Expi,0.021023281130848028,0.021023281130848028,0.13577596913890788
Dnase1l2,-0.009306643630151011,0.009306643630151011,0.5090650087196698
4930478L05Rik,0.01206088275750276,0.01206088275750276,0.39215458730048425
Btg3,0.0002699831683024302,0.0002699831683024302,0.9847178224763867
Hes1,-0.01724497830177446,0.01724497830177446,0.22111324606789728
Gp5,-0.018086492077018547,0.018086492077018547,0.19939039949242046
Tmem44,0.008526637670419425,0.008526637670419425,0.5452110540722556
Efnb1,-0.0481558406396832,0.0481558406396832,0.0006296649771962098
Apod,-0.004473692076597194,0.004473692076597194,0.750942116343486
Pigz,0.0013967913237642364,0.0013967913237642364,0.9210601179029001
Abca8b,0.007427649013087796,0.007427649013087796,0.5982089367218442
Trap1a,-0.05045627560923014,0.05045627560923014,0.0003409592013991858
Rgs9,0.008526637670419444,0.008526637670419444,0.5452110540722556
Axin2,0.01206088275750276,0.01206088275750276,0.39215458730048425
Prkca,-0.0143756770228562,0.0143756770228562,0.30774448619734257
2310010M20Rik,-0.002929671798066789,0.002929671798066789,0.8353442554184489
Scn4a,0.0019755574260796865,0.0019755574260796865,0.8885333123905684
Cd79b,-0.09911662150697605,0.09911662150697605,1.79682070311851e-12
Gh,-0.03411408344554291,0.03411408344554291,0.015477788571425765
Gm10818,0.001975557426079687,0.001975557426079687,0.8885333123905684
Iqcg,-0.039746946430787425,0.039746946430787425,0.004786706531029961
Kcnh6,-0.029584913676946902,0.029584913676946902,0.035779432944724535
Ace,0.008526637670419418,0.008526637670419418,0.5452110540722556
Kalrn,-0.029297728168120162,0.029297728168120162,0.03761395239288826
Tanc2,-0.0009544536183331541,0.0009544536183331541,0.9460118776155733
Mrc2,0.001975557426079707,0.001975557426079707,0.8885333123905558
Mylk,-0.01512609089322662,0.01512609089322662,0.2831748244279487
Gm11648,-0.04796940092454232,0.04796940092454232,0.0006610273069933254
BC117090,0.018558212218186036,0.018558212218186036,0.1879171037352548
Plcd3,-0.023136916843889438,0.023136916843889438,0.10064838227714505
Gfap,-0.012388779103656357,0.012388779103656357,0.37941078234383063
Ccdc103,0.001975557426079681,0.001975557426079681,0.8885333123905684
Adam11,-0.04824939111385845,0.04824939111385845,0.0006144549242870445
Abca9,-0.008187457851181055,0.008187457851181055,0.5613168524487508
Ildr1,0.010660497785322697,0.010660497785322697,0.4494372371406101
Abca6,0.0013967913237642258,0.0013967913237642258,0.9210601179029001
Snora81,0.00852663767041944,0.00852663767041944,0.5452110540722556
Trim65,-0.026689488716495766,0.026689488716495766,0.058240824914136305
Trim47,-0.004575522818260137,0.004575522818260137,0.7454671254010569
Cldn5,-0.012737026096211971,0.012737026096211971,0.36615846191792684
Tceal1,-0.019599547829332938,0.019599547829332938,0.16432676352169104
Awat2,-0.03483762417425295,0.03483762417425295,0.013421636789910537
Hira,-0.0220346121799566,0.0220346121799566,0.11793902115186783
Lamp3,-0.061249420656319706,0.061249420656319706,1.3641311025623114e-05
Itgb4,-0.0207967624171076,0.0207967624171076,0.1400430097547092
A930003A15Rik,-0.0231619403345416,0.0231619403345416,0.10028067637063616
Eda,0.0013967913237642332,0.0013967913237642332,0.9210601179029001
Llgl2,-0.032160677246947225,0.032160677246947225,0.02247168356795542
Cyp2ab1,0.007269063811974184,0.007269063811974184,0.6060456024314973
Caskin2,-0.0207537232550015,0.0207537232550015,0.14086529553558458
Gm15760,-0.02141283555819824,0.02141283555819824,0.12867338047763216
Slc16a5,0.001975557426079624,0.001975557426079624,0.8885333123905684
Fam131a,0.002419794182739762,0.002419794182739762,0.8636908514082474
Mcart6,-0.029687997088229237,0.029687997088229237,0.03513981738717486
Cdr2l,-0.03736027718292359,0.03736027718292359,0.00801276773801042
C630004H02Rik,-0.003513788359259743,0.003513788359259743,0.8031333047588882
Vps8,-0.04344978017448774,0.04344978017448774,0.002041723241031508
2510009E07Rik,0.010660497785322673,0.010660497785322673,0.4494372371406101
Ehhadh,-0.015680724286648094,0.015680724286648094,0.2658925885083841
Cd300e,0.019511810932905705,0.019511810932905705,0.16622394337872362
Liph,-0.028785424038631956,0.028785424038631956,0.04108537037827852
Cd300c,0.0027944152686728077,0.0027944152686728077,0.8428445997563146
Zcchc18,-0.02259570599916987,0.02259570599916987,0.10886712732338434
Ahsg,-0.04824939111385845,0.04824939111385845,0.0006144549242870445
Kng1,0.0013967913237642325,0.0013967913237642325,0.9210601179029001
2610035D17Rik,-0.05649076573076936,0.05649076573076936,6.044606160558968e-05
St6gal1,-0.006737227599551946,0.006737227599551946,0.6326554627061977
4930565N06Rik,0.013118726144352829,0.013118726144352829,0.3519692090108999
Ar,0.010660497785322713,0.010660497785322713,0.4494372371406101
Itga2b,-0.0190198313631016,0.0190198313631016,0.17716834724895078
Retnlb,-0.013480575059371,0.013480575059371,0.3388439136430805
Retnla,0.0013967913237642297,0.0013967913237642297,0.9210601179029001
Zfp385c,-0.011887748992207358,0.011887748992207358,0.3989869526583746
Zc4h2,-0.07259216219100519,0.07259216219100519,2.50921099936143e-07
Nkiras2,-0.09849850787351346,0.09849850787351346,2.4658134639892716e-12
Ttc25,-0.040090246459027146,0.040090246459027146,0.004435106842426728
Leprel4,0.015077717914759177,0.015077717914759177,0.28471738988498424
Krt14,-0.02313691684388935,0.02313691684388935,0.10064838227714705
Impg2,0.015077717914759186,0.015077717914759186,0.28471738988498424
Krt15,0.0013967913237642256,0.0013967913237642256,0.9210601179029001
Tns4,-0.0045037330536477314,0.0045037330536477314,0.749325626982501
Gm12359,-0.015126090893226678,0.015126090893226678,0.2831748244279487
Nr1d1,-0.016738966992136114,0.016738966992136114,0.23496524791704554
Ormdl3,-0.01628014492139044,0.01628014492139044,0.248046755001401
Gpr15,-0.007866915137794143,0.007866915137794143,0.5767460902671804
Nsun3,-0.020627732776251514,0.020627732776251514,0.14329374527392041
Zpbp2,-0.02953414235950176,0.02953414235950176,0.03609809208187378
Arl13b,-0.02935411621573262,0.02935411621573262,0.03724756614437317
Tcap,-0.018086492077018696,0.018086492077018696,0.19939039949241363
Pros1,0.017111351788596046,0.017111351788596046,0.22471306994686435
Stac2,-0.0165858365995496,0.0165858365995496,0.23927574100288318
Cacnb1,-0.019658500329593077,0.019658500329593077,0.16306119243777117
Plxdc1,-0.02198496077251389,0.02198496077251389,0.11876953831650096
Fbxo47,-0.016907198311555387,0.016907198311555387,0.23029336619389987
Rbm11,0.01311872614435285,0.01311872614435285,0.3519692090108999
Snora21,-0.04585453904768438,0.04585453904768438,0.0011340771243970173
Nrip1,0.007213821423897949,0.007213821423897949,0.608786211485466
E330011O21Rik,-0.008876230368121896,0.008876230368121896,0.5288543859958698
1700001P01Rik,-0.0018388184757421307,0.0018388184757421307,0.896203238275188
Dppa2,-0.01496631408491798,0.01496631408491798,0.2882915270495321
Hspb9,-0.010550787254302212,0.010550787254302212,0.4541168638068321
Cd96,0.00935202681647452,0.00935202681647452,0.5070012335985299
Plcxd2,-0.01472480514319513,0.01472480514319513,0.2961432473900871
BC031361,0.005290109194657074,0.005290109194657074,0.7074218478460164
Rundc3a,0.01507771791475919,0.01507771791475919,0.28471738988498424
Vsig4,0.015077717914759212,0.015077717914759212,0.28471738988498424
Pla1a,0.004680018512993382,0.004680018512993382,0.7398621832674389
Nags,0.0013967913237642267,0.0013967913237642267,0.9210601179029001
Gm19522,-0.034114083445542905,0.034114083445542905,0.015477788571425765
Cd300lg,-0.0008823007204344461,0.0008823007204344461,0.9500876208514306
Zbtb20,-0.003268488192720057,0.003268488192720057,0.8166229966103782
Tigit,0.010660497785322723,0.010660497785322723,0.4494372371406101
Etv4,-0.034114083445542905,0.034114083445542905,0.015477788571425765
Arl4d,0.010984783013926643,0.010984783013926643,0.43576608398922406
Gramd1c,-0.034707389326351146,0.034707389326351146,0.01377288628056524
Sidt1,-0.03411408344554292,0.03411408344554292,0.015477788571425765
Tmem106a,-0.027288252308668708,0.027288252308668708,0.052820605973328015
Mllt6,-0.026840904842067043,0.026840904842067043,0.05682829006019876
Wdr52,0.0024197941827397663,0.0024197941827397663,0.8636908514082474
Aoc3,0.008526637670419418,0.008526637670419418,0.5452110540722556
Cd200r4,0.012947727855280776,0.012947727855280776,0.3582822961057599
Morc4,-0.005164442422983915,0.005164442422983915,0.7140629006876957
Ramp2,0.007269063811974182,0.007269063811974182,0.6060456024314973
Ccr10,-0.07448287697108796,0.07448287697108796,1.211845123273002e-07
Cd200,-0.031345412713504286,0.031345412713504286,0.026120556987897413
Gcet2,0.0013967913237642306,0.0013967913237642306,0.9210601179029001
Plekhh3,-0.007654130872329516,0.007654130872329516,0.5870975601032132
BC016579,-0.025585788936705482,0.025585788936705482,0.06944152616191623
Tubg2,-0.00457552281826014,0.00457552281826014,0.7454671254010569
Ptrf,-0.00019448567779183136,0.00019448567779183136,0.9889909727388565
Tmprss7,-0.016907198311555405,0.016907198311555405,0.23029336619389987
Tagln3,0.010990669163061682,0.010990669163061682,0.4355201727325767
Phldb2,-0.012557408661772865,0.012557408661772865,0.3729572543041785
1700113I22Rik,-0.005149373950059422,0.005149373950059422,0.7148606848303848
9930021D14Rik,-0.003365154173701275,0.003365154173701275,0.8113003585624657
Rab26,-0.02968799708822924,0.02968799708822924,0.03513981738717486
1700016K19Rik,-0.016585836599549736,0.016585836599549736,0.23927574100288318
Rhbdf1,0.0013967913237642314,0.0013967913237642314,0.9210601179029001
A930015D03Rik,-0.038965487471145095,0.038965487471145095,0.005682845482181915
H2-T22,-0.008279137778873378,0.008279137778873378,0.5569408626300879
Il9r,0.0013967913237642356,0.0013967913237642356,0.9210601179029001
Gm6034,-0.004575522818260137,0.004575522818260137,0.7454671254010569
Gm6623,-0.007297559886821958,0.007297559886821958,0.6046340555849815
H2-T3,-0.016585836599549715,0.016585836599549715,0.23927574100288318
Cpeb4,0.0424300478196004,0.0424300478196004,0.002598339159915708
Trim26,-0.03554635181115162,0.03554635181115162,0.011645438311955875
Trim15,0.010660497785322704,0.010660497785322704,0.4494372371406101
4931440F15Rik,-0.011126603062599952,0.011126603062599952,0.4298634373099324
Eml6,0.013118726144352808,0.013118726144352808,0.3519692090108999
Zfp57,0.0019755574260796817,0.0019755574260796817,0.8885333123905684
Crisp3,-0.007866915137794151,0.007866915137794151,0.5767460902671804
Gm12060,-0.003397839355383661,0.003397839355383661,0.8095025993980097
Crisp2,0.011413565890293556,0.011413565890293556,0.4180628924745978
9130008F23Rik,-0.04040326322929391,0.04040326322929391,0.004135094410516373
Gpr116,0.010660497785322702,0.010660497785322702,0.4494372371406101
Ehbp1,-0.03272704343850873,0.03272704343850873,0.020205329387315635
Pla2g7,0.034066062113113395,0.034066062113113395,0.015623578196998257
1700071M16Rik,-0.01959954782933292,0.01959954782933292,0.16432676352169104
Slc1a4,0.011413565890293504,0.011413565890293504,0.4180628924746047
Clic5,-0.006812553644782415,0.006812553644782415,0.6288564966238938
Rsph9,-0.03965472430023059,0.03965472430023059,0.0048853605308658895
Cnrip1,-0.004575522818260138,0.004575522818260138,0.7454671254010569
Ddc,0.007230965535389204,0.007230965535389204,0.607935091306651
4930415F15Rik,0.012306340999526686,0.012306340999526686,0.382590562248133
Dlk2,-0.010333080340502903,0.010333080340502903,0.4634838329388069
Upp1,0.0322686023214227,0.0322686023214227,0.022023513055123237
Hbq1b,0.018018356502633892,0.018018356502633892,0.20108901913596397
Ptk7,-0.02556352993352879,0.02556352993352879,0.06968444549976786
Hbq1a,-0.030852355524131268,0.030852355524131268,0.028567178714858994
Ubtd2,-0.0412824908105813,0.0412824908105813,0.003388260214478448
Adamts2,-0.008279137778873378,0.008279137778873378,0.5569408626300879
Mgat4b,-0.06689517489104017,0.06689517489104017,2.0206753824325397e-06
Cfb,0.004297948615060593,0.004297948615060593,0.7604204780826915
Rasgef1c,0.010660497785322723,0.010660497785322723,0.4494372371406101
C2,0.0019755574260796214,0.0019755574260796214,0.8885333123905684
Scgb3a1,-0.0029296717980667733,0.0029296717980667733,0.8353442554184489
Flt4,-0.03411408344554292,0.03411408344554292,0.015477788571425765
Hspa1b,-0.015165242911224014,0.015165242911224014,0.28193045828400515
Olfr56,-0.007866915137794145,0.007866915137794145,0.5767460902671804
D17H6S56E-3,-0.012737026096211981,0.012737026096211981,0.36615846191792684
Tgtp1,0.0074276490130878075,0.0074276490130878075,0.5982089367218442
9930111J21Rik2,-0.013858614871322813,0.013858614871322813,0.32547130760517196
Gm12185,0.0013967913237642306,0.0013967913237642306,0.9210601179029001
Ly6g6f,-0.05909906459653509,0.05909906459653509,2.7097678555995452e-05
Timd4,-0.03324331235597035,0.03324331235597035,0.01831582689501387
Pls3,-0.006857659535237084,0.006857659535237084,0.6265863274280786
Havcr1,0.0024197941827397516,0.0024197941827397516,0.8636908514082474
Havcr2,0.008526637670419432,0.008526637670419432,0.5452110540722556
D17H6S53E,-0.021272798279527685,0.021272798279527685,0.1311926369998089
Apom,-0.007866915137794148,0.007866915137794148,0.5767460902671804
Lta,-0.002929671798066781,0.002929671798066781,0.8353442554184489
Ebf1,0.013118726144352815,0.013118726144352815,0.3519692090108999
H2-Q6,-0.025585788936705635,0.025585788936705635,0.06944152616191408
Psors1c2,-0.010315993649730872,0.010315993649730872,0.4642235249472855
Fam196b,-0.00861819415491662,0.00861819415491662,0.5409031761415147
Ddr1,-0.007297559886821881,0.007297559886821881,0.6046340555849815
4933407K13Rik,-0.007089903142989694,0.007089903142989694,0.6149538388074746
Ranbp17,-0.016907198311555415,0.016907198311555415,0.23029336619389987
Efcab9,-0.014942007470224936,0.014942007470224936,0.2890753509265019
Sh3pxd2b,-0.03537810382824371,0.03537810382824371,0.012047087264926846
Igfbp3,-0.034114083445542905,0.034114083445542905,0.015477788571425765
Ramp3,-0.01658583659954974,0.01658583659954974,0.23927574100288318
Gm11978,-0.037360277182923646,0.037360277182923646,0.00801276773801042
F8,-0.030168820344438328,0.030168820344438328,0.032283756312170814
Kdm4b,-0.04965632574346205,0.04965632574346205,0.0004232428944402968
Tmem198b,-0.06289575344737856,0.06289575344737856,7.943617272326078e-06
Spin2,0.007769260163546331,0.007769260163546331,0.581486099618158
Ikzf4,0.008526637670419428,0.008526637670419428,0.5452110540722556
Myl6b,-0.06036638643999469,0.06036638643999469,1.8131964804885757e-05
Apon,-0.038494915901083414,0.038494915901083414,0.006292865489735035
Mip,-0.007866915137794143,0.007866915137794143,0.5767460902671804
Ptchd1,0.0019755574260796856,0.0019755574260796856,0.8885333123905684
Prr22,-0.014119258289004708,0.014119258289004708,0.3164540817002087
Rdh9,-0.02313691684388944,0.02313691684388944,0.10064838227714505
Acer1,-0.011126603062599945,0.011126603062599945,0.4298634373099324
Gpr182,-0.029687997088229234,0.029687997088229234,0.03513981738717486
Pspn,-0.02313691684388935,0.02313691684388935,0.10064838227714705
Slc25a23,-0.030422262336649644,0.030422262336649644,0.030860030123658615
Myo1a,-0.016907198311555363,0.016907198311555363,0.23029336619389987
Tubb4a,0.0013967913237642356,0.0013967913237642356,0.9210601179029001
Tnfsf9,-0.011022664930975073,0.011022664930975073,0.4341848557008001
Ndufa4l2,0.008526637670419418,0.008526637670419418,0.5452110540722556
Trip10,-0.0705343799614966,0.0705343799614966,5.430142656785643e-07
Nudt12,0.023847072125251542,0.023847072125251542,0.09062257313002098
Mars,-0.09611814437901779,0.09611814437901779,8.192516696618489e-12
Kif5a,-0.011206139056610099,0.011206139056610099,0.42657351548982264
Wash,-0.11420895119209701,0.11420895119209701,4.3137592817722127e-16
F420014N23Rik,-0.018086492077018675,0.018086492077018675,0.19939039949241363
Arhgef25,-0.012762696233236047,0.012762696233236047,0.36519316012514663
Ptprm,-0.032794456278446085,0.032794456278446085,0.019949325007851154
Arhgap28,-0.01959954782933292,0.01959954782933292,0.16432676352169104
Epb4.1l3,-0.028738931876340624,0.028738931876340624,0.04141342313551786
Tnfaip8l1,-0.04140462041706261,0.04140462041706261,0.003294850207283031
Kctd12b,0.0013967913237642269,0.0013967913237642269,0.9210601179029001
Rdh5,-0.027517322668821998,0.027517322668821998,0.05086158980293112
Tespa1,-0.01961536210625374,0.01961536210625374,0.16398654459597295
Nacad,0.034497745269577454,0.034497745269577454,0.01435536643127376
Usp51,-0.02958491367694684,0.02958491367694684,0.035779432944724535
Mageh1,0.008526637670419428,0.008526637670419428,0.5452110540722556
Aebp1,-0.034114083445542905,0.034114083445542905,0.015477788571425765
Gnmt,-0.006228646977291048,0.006228646977291048,0.6585549691247995
Ptcra,-0.02106694436025409,0.02106694436025409,0.1349651250693837
Pgam2,-0.005332761154174319,0.005332761154174319,0.7051728584862593
Ankrd36,0.01571807097008578,0.01571807097008578,0.26475554066866014
Rragb,0.013118726144352848,0.013118726144352848,0.3519692090108999
Guca1b,-0.011206139056610089,0.011206139056610089,0.42657351548982264
1700001C19Rik,-0.016797919908982026,0.016797919908982026,0.2333205148659405
Znrf3,-0.02696832929856123,0.02696832929856123,0.05566175923972919
Usp49,-0.0024535377241247294,0.0024535377241247294,0.8618090317712928
Emid1,-0.044023509596811436,0.044023509596811436,0.001778908698887643
C4a,0.004053754695864465,0.004053754695864465,0.7736502047700311
Gas2l1,-0.01033035323872335,0.01033035323872335,0.4636018465920938
Gm14872,-0.03619788769333586,0.03619788769333586,0.010199854372613323
Frs3,-0.03411408344554292,0.03411408344554292,0.015477788571425765
Hormad2,-0.03951132702430069,0.03951132702430069,0.005042414956528521
Osm,0.023317870116413033,0.023317870116413033,0.09801343967074702
Gatsl3,-0.009755151981022218,0.009755151981022218,0.4888639630817328
Ccdc157,0.02234198374574822,0.02234198374574822,0.11289858888627763
Rnf215,-0.04784277551655855,0.04784277551655855,0.0006831493321653199
Sec14l2,-0.0010250957903618404,0.0010250957903618404,0.9420228390299847
Treml1,-0.012737026096211978,0.012737026096211978,0.36615846191792684
Apobec2,0.010660497785322678,0.010660497785322678,0.4494372371406101
4921536K21Rik,-0.005699846596088032,0.005699846596088032,0.6859250455994184
Pla2g3,0.00852663767041944,0.00852663767041944,0.5452110540722556
Gm11944,-0.024451475681770838,0.024451475681770838,0.082736868384633
Shd,0.0077692601635463154,0.0077692601635463154,0.581486099618158
Ascc2,-0.07377254920206103,0.07377254920206103,1.5962597563704302e-07
C4b,-0.006748913842417233,0.006748913842417233,0.6320654442810274
Zfp354c,-0.029687997088229237,0.029687997088229237,0.03513981738717486
Egfl8,-0.034223332739840635,0.034223332739840635,0.015150565842239809
Cxcl16,0.01007747380799812,0.01007747380799812,0.4746174861437361
Alox15,-0.0219237190236561,0.0219237190236561,0.11980023215460776
Alox12,-0.016585836599549614,0.016585836599549614,0.23927574100288318
Ggnbp1,-0.018230414269454105,0.018230414269454105,0.19583691576526993
Bcl6b,0.015077717914759233,0.015077717914759233,0.28471738988498424
Slc16a13,-0.06576184822193826,0.06576184822193826,3.002148212109706e-06
Clec10a,-0.00584632951240872,0.00584632951240872,0.6783000035257841
Asgr2,0.00139679132376423,0.00139679132376423,0.9210601179029001
Ip6k3,0.0013967913237642301,0.0013967913237642301,0.9210601179029001
Cldn7,0.02183119501717542,0.02183119501717542,0.12137067147930736
Slc2a4,0.030368864149540035,0.030368864149540035,0.031155433172374594
Pacsin1,-0.022007925486362198,0.022007925486362198,0.1183848404674812
Tmem95,-0.034114083445543564,0.034114083445543564,0.015477788571423958
G630025P09Rik,-0.00292967179806678,0.00292967179806678,0.8353442554184489
Chrnb1,-0.0419935109273387,0.0419935109273387,0.002876511909013873
Zbtb4,0.027490794609129683,0.027490794609129683,0.051085297569094176
Tnfsf12,-0.035449305836017145,0.035449305836017145,0.011875636156734606
Tead3,-0.03411408344554358,0.03411408344554358,0.015477788571423958
Tnfsf13,-0.004972213572790169,0.004972213572790169,0.7242634026244772
Sat2,0.0013967913237642306,0.0013967913237642306,0.9210601179029001
Atp1b2,0.015031706382440817,0.015031706382440817,0.2861899155841558
4930511I11Rik,0.01420808638490759,0.01420808638490759,0.31341879045669857
Clps,0.0453366088059396,0.0453366088059396,0.0012901651128234375
Wrap53,-0.09217314977639632,0.09217314977639632,5.6250037030549675e-11
Dnahc2,0.0019755574260796093,0.0019755574260796093,0.8885333123905684
Cyb5d1,0.00529010919465704,0.00529010919465704,0.7074218478460164
4930539E08Rik,-0.023712107322041556,0.023712107322041556,0.09246353419080994
Chd3,0.026090408329962587,0.026090408329962587,0.06411841285645943
Gm16197,-0.023136916843889344,0.023136916843889344,0.10064838227714705
Pdia2,0.024057652416345738,0.024057652416345738,0.08780918207246306
Zmynd15,0.008526637670419447,0.008526637670419447,0.5452110540722556
Pld2,0.00852663767041942,0.00852663767041942,0.5452110540722556
Rab11fip3,0.0013967913237642317,0.0013967913237642317,0.9210601179029001
Rilp,0.013490893041366032,0.013490893041366032,0.33847431478209894
Serpinf2,-0.004575522818260137,0.004575522818260137,0.7454671254010569
Npw,0.007269063811974109,0.007269063811974109,0.6060456024314973
Syngr3,0.0013967913237642258,0.0013967913237642258,0.9210601179029001
Dph1,0.0019755574260796813,0.0019755574260796813,0.8885333123905684
Hic1,-0.03736027718292372,0.03736027718292372,0.008012767738009796
Rpl3l,-0.013021544969658641,0.013021544969658641,0.355548355828276
E130309D14Rik,0.016787167217631516,0.016787167217631516,0.23361989510897885
Hs3st6,0.01846819212515939,0.01846819212515939,0.19006812913987098
4930528F23Rik,-0.016585836599549732,0.016585836599549732,0.23927574100288318
Itgae,0.0027944152686728363,0.0027944152686728363,0.8428445997563146
Gm14827,-0.02313691684388944,0.02313691684388944,0.10064838227714505
Smtnl2,-0.016585836599549587,0.016585836599549587,0.23927574100288887
Slc13a5,-0.01965850032959314,0.01965850032959314,0.16306119243777117
Kcnab3,0.010660497785322702,0.010660497785322702,0.4494372371406101
Aipl1,-0.0240555012793988,0.0240555012793988,0.08783756143974471
Ccdc154,-0.04824939111385845,0.04824939111385845,0.0006144549242870445
6330403K07Rik,-0.004575522818260137,0.004575522818260137,0.7454671254010569
A430084P05Rik,-0.021419187146995016,0.021419187146995016,0.1285600132697852
Sox8,-0.007866915137794148,0.007866915137794148,0.5767460902671804
2810468N07Rik,0.0013967913237642317,0.0013967913237642317,0.9210601179029001
Zfp3,0.0035406805698516026,0.0035406805698516026,0.8016579143878445
Fam173a,-0.012920914538262841,0.012920914538262841,0.359278636634068
Inca1,-0.01808649207701874,0.01808649207701874,0.19939039949241363
Fgd1,-0.02968799708822925,0.02968799708822925,0.03513981738717486
Wfikkn1,-0.030987544102438293,0.030987544102438293,0.027877466882067947
Gm10012,0.002419794182739777,0.002419794182739777,0.8636908514082474
Nhlrc4,0.00852663767041945,0.00852663767041945,0.5452110540722556
Gp1ba,-0.034114083445543564,0.034114083445543564,0.015477788571423958
Chrne,-0.01345344657962266,0.01345344657962266,0.3398169136107307
Nlrp1b,0.0013967913237642301,0.0013967913237642301,0.9210601179029001
Mrpl38,-0.10938424917499766,0.10938424917499766,7.0340307391160114e-15
Alox8,0.0019755574260796878,0.0019755574260796878,0.8885333123905684
Aloxe3,0.0114135658902936,0.0114135658902936,0.4180628924745978
Zfp39,-0.026264234940660304,0.026264234940660304,0.06236462631532452
BC033916,-0.02390476800762026,0.02390476800762026,0.08984463081921709
Trim58,-0.00036823981241449497,0.00036823981241449497,0.9791571812277979
1810065E05Rik,0.010660497785322697,0.010660497785322697,0.4494372371406101
Gm12250,-0.015839004299780912,0.015839004299780912,0.26109664284553585
Slc36a3,-0.03692653511765666,0.03692653511765666,0.00877425750811607
Dmd,-0.011126603062599804,0.011126603062599804,0.42986343730993826
Mageb16,0.0013967913237642325,0.0013967913237642325,0.9210601179029001
P4ha2,0.008526637670419498,0.008526637670419498,0.5452110540722556
Pdlim4,-0.02099527578153423,0.02099527578153423,0.13629801631586333
Slc22a21,-0.005332761154174205,0.005332761154174205,0.7051728584862593
Il4,-0.007387560115405363,0.007387560115405363,0.6001856286755871
AA388235,-0.01588700130411082,0.01588700130411082,0.25965420511733805
Gdf9,-0.018086492077018682,0.018086492077018682,0.19939039949241363
Leap2,0.010660497785322652,0.010660497785322652,0.4494372371406101
Col11a2,-0.036251892923594924,0.036251892923594924,0.010087522495338045
BC051537,0.0013967913237642258,0.0013967913237642258,0.9210601179029001
Gm11186,-0.010333080340502952,0.010333080340502952,0.4634838329388069
H2-Oa,-0.043902903099024664,0.043902903099024664,0.00183142720100879
Fstl4,-0.02450545212180736,0.02450545212180736,0.08206054860990555
H2-DMb2,-0.0009544536183331107,0.0009544536183331107,0.9460118776155849
Tcf7,0.02109163096413033,0.02109163096413033,0.13450834308222928
D930048N14Rik,0.011413565890293555,0.011413565890293555,0.4180628924745978
Agxt2l2,-0.049911005069936225,0.049911005069936225,0.00039522403158986436
Col23a1,0.010660497785322721,0.010660497785322721,0.4494372371406101
H2-Eb2,0.001222226683858814,0.001222226683858814,0.930899206523491
Btnl2,0.0019755574260796804,0.0019755574260796804,0.8885333123905684
BC051142,-0.009480490120465472,0.009480490120465472,0.5011833484783861
Zfp2,-0.022074338021342566,0.022074338021342566,0.11727781435431821
Hist3h2ba,0.035887688159154815,0.035887688159154815,0.01086689783428384
Hist3h2bb-ps,0.0039088748646459795,0.0039088748646459795,0.781530838269863
Obscn,-0.028649954200126858,0.028649954200126858,0.0420474427552169
4933439C10Rik,-0.024213635716820274,0.024213635716820274,0.08577096223862841
Hes7,-0.03766972186157608,0.03766972186157608,0.007506231545492729
Slc25a35,-0.019502993852877883,0.019502993852877883,0.16641550645478143
Myh10,0.03135753676169863,0.03135753676169863,0.026062750276057235
Tmem217,-0.018357851965112575,0.018357851965112575,0.1927293655638211
Mdga1,-0.04199776122356826,0.04199776122356826,0.002873677273018629
Mfsd6l,-0.008610255073190768,0.008610255073190768,0.5412760481843494
Rcvrn,0.0013967913237642306,0.0013967913237642306,0.9210601179029001
Tmem220,-0.015900789186844257,0.015900789186844257,0.2592408643665842
Tff2,0.01846819212515945,0.01846819212515945,0.19006812913987098
Hs3st3b1,0.001975557426079599,0.001975557426079599,0.8885333123905684
Pde9a,-0.007866915137794145,0.007866915137794145,0.5767460902671804
Pmp22,0.015077717914759184,0.015077717914759184,0.28471738988498424
Zfp287,0.0013967913237642306,0.0013967913237642306,0.9210601179029001
Hsf2bp,0.01507771791475918,0.01507771791475918,0.28471738988498424
Cpne5,-0.051263383827984836,0.051263383827984836,0.0002732904058007127
Pdxk-ps,-0.0341140834455429,0.0341140834455429,0.015477788571425765
Notch3,-0.023136916843889348,0.023136916843889348,0.10064838227714705
Ephx3,0.0013967913237642356,0.0013967913237642356,0.9210601179029001
Cenpv,-0.0075927457419258555,0.0075927457419258555,0.5900997131622844
Adora2b,0.01937787606417853,0.01937787606417853,0.16915177312975538
Epn2,0.015077717914759209,0.015077717914759209,0.28471738988498424
Pglyrp2,-0.016472970124099512,0.016472970124099512,0.2424883291146948
B9d1,0.003423126107937435,0.003423126107937435,0.8081124592635918
Cyp4f39,-0.012762696233235931,0.012762696233235931,0.36519316012515435
Cyp4f17,-0.023136916843889344,0.023136916843889344,0.10064838227714705
Aldh3a1,0.0013967913237642267,0.0013967913237642267,0.9210601179029001
A230072E10Rik,0.012060882757502743,0.012060882757502743,0.39215458730048425
Lrrc48,-0.007649341251254636,0.007649341251254636,0.5873315508593159
Pld6,-0.017337218497091904,0.017337218497091904,0.21865257454637077
Adamts10,-0.032995021941702334,0.032995021941702334,0.019204330652385134
BC046404,-0.04322287679222428,0.04322287679222428,0.00215515204203228
Os9,-0.12845779912120892,0.12845779912120892,5.606828986937285e-20
Arvcf,-0.001769137860067196,0.001769137860067196,0.9001155249682323
Evpl,0.00369776637006259,0.00369776637006259,0.7930539818322678
Gm5088,-0.027235995560114176,0.027235995560114176,0.05327623063818634
Chic1,-0.03411408344554356,0.03411408344554356,0.015477788571423958
1810034E14Rik,-0.03102048529073688,0.03102048529073688,0.02771159705471373
Cdc14b,0.004076376200412158,0.004076376200412158,0.7724218041114878
Lmo7,-0.0003291899982779958,0.0003291899982779958,0.9813670223889897
4933432I03Rik,-0.004144416947186854,0.004144416947186854,0.7687304787730107
Scel,-0.01621644796516866,0.01621644796516866,0.24990233292470157
Ednrb,-0.011081331414384025,0.011081331414384025,0.4317426116195737
Pou4f1,-0.00861819415491686,0.00861819415491686,0.5409031761415082
Ptch1,-0.006329902239844464,0.006329902239844464,0.6533644915948752
Gm16907,-0.002929671798066782,0.002929671798066782,0.8353442554184489
Dct,-0.01808649207701851,0.01808649207701851,0.19939039949242046
2010111I01Rik,-0.025121825074405437,0.025121825074405437,0.0746508626458979
Cldn10,-0.03272704343850866,0.03272704343850866,0.020205329387315635
Gm5141,-0.05259961186759721,0.05259961186759721,0.00018817938914795782
Dzip1,0.013118726144352812,0.013118726144352812,0.3519692090108999
Uggt2,-0.02261899245969865,0.02261899245969865,0.10850289950169696
Gpr183,0.013071836002278637,0.013071836002278637,0.35369329913417313
A230056J06Rik,-0.05048777279209919,0.05048777279209919,0.00033804805994476494
Slc28a3,0.019702570046932228,0.019702570046932228,0.16211992932288452
Hnrnpa0,-0.04564017795535793,0.04564017795535793,0.0011964320975701816
A2ld1,-0.058779815229552945,0.058779815229552945,2.994685232428228e-05
Ghr,-0.016907198311555488,0.016907198311555488,0.23029336619389987
Lect2,-0.026365665283659447,0.026365665283659447,0.06135972252845691
Fbxl21,-0.021077410541813626,0.021077410541813626,0.13477132074705855
Cxcl14,-0.01808649207701858,0.01808649207701858,0.19939039949242046
Card6,0.005513365601200642,0.005513365601200642,0.6956785116850353
Catsper3,0.02234198374574816,0.02234198374574816,0.11289858888627763
Pcbd2,-0.015530130548007675,0.015530130548007675,0.2705116017667262
Pcdh17,0.001975557426079616,0.001975557426079616,0.8885333123905684
Zfp346,-0.035927646661559856,0.035927646661559856,0.010778851516770226
Rslcan18,-0.02105170038987486,0.02105170038987486,0.13524778572973312
Zfp458,-0.008645033385075562,0.008645033385075562,0.5396435784489791
Mir320,-0.03693895835676572,0.03693895835676572,0.008751577666959729
Phyhip,0.01652177964577855,0.01652177964577855,0.24109533129618613
Bmp1,-0.01629661120276889,0.01629661120276889,0.24756864198866196
Sftpc,0.0019755574260796266,0.0019755574260796266,0.8885333123905684
Spata9,0.0013967913237642256,0.0013967913237642256,0.9210601179029001
Rhobtb3,-0.0407921752581061,0.0407921752581061,0.003788033490263795
Zfp72,-0.027182720614284502,0.027182720614284502,0.0537441067211482
Npm2,-0.023161940334541532,0.023161940334541532,0.10028067637063616
Xpo7,0.026492562472840663,0.026492562472840663,0.06012142269694982
Gfra2,0.0013967913237642267,0.0013967913237642267,0.9210601179029001
Cysltr2,-0.0010199403446645176,0.0010199403446645176,0.9423139099801041
Tppp,-0.04691388053540035,0.04691388053540035,0.0008677104637333304
Nkd2,-0.04824939111385836,0.04824939111385836,0.0006144549242870445
Nudt15,-0.03773204149710443,0.03773204149710443,0.007407761848501779
Slc12a7,0.002217903550053833,0.002217903550053833,0.8749657386883392
Htr2a,-0.004575522818260142,0.004575522818260142,0.7454671254010569
Xist,-0.005614358204238136,0.005614358204238136,0.6903899497839189
BC048507,-0.009308944501303306,0.009308944501303306,0.5089602721113613
4930525G20Rik,-0.004575522818260136,0.004575522818260136,0.7454671254010569
Lrrc63,-0.01658583659954961,0.01658583659954961,0.23927574100288318
Gm4285,-0.008698190005205268,0.008698190005205268,0.537153214930168
Tsc22d1,0.0015974795624962527,0.0015974795624962527,0.9097636094419838
4930441O14Rik,-0.034114083445543564,0.034114083445543564,0.015477788571423958
Zfp71-rs1,-0.03769279929458628,0.03769279929458628,0.007469631486831881
Serp2,0.0013967913237642327,0.0013967913237642327,0.9210601179029001
Tnfsf11,-0.03411408344554355,0.03411408344554355,0.015477788571423958
Zfp874b,-0.023607898716773542,0.023607898716773542,0.09390541328121126
Zfp459,-0.01268270515617603,0.01268270515617603,0.3682063913991004
Zfp595,-0.05272046959873859,0.05272046959873859,0.00018185737959219893
Rsl1,-0.025291351562516915,0.025291351562516915,0.07271160163966056
5430437J10Rik,0.012060882757502799,0.012060882757502799,0.39215458730048425
Osmr,0.010660497785322704,0.010660497785322704,0.4494372371406101
Lifr,-0.0021895792340035566,0.0021895792340035566,0.8765496390150247
2310043O21Rik,-0.007866915137794148,0.007866915137794148,0.5767460902671804
Serpinb1c,-0.01323552698718778,0.01323552698718778,0.3476977693056935
Fzd6,0.013118726144352819,0.013118726144352819,0.3519692090108999
Foxc1,0.0013967913237642353,0.0013967913237642353,0.9210601179029001
Lrp12,-0.029623400749861677,0.029623400749861677,0.035539475181328904
Foxq1,-0.007866915137794151,0.007866915137794151,0.5767460902671804
Hus1b,-0.0027252069723428364,0.0027252069723428364,0.8466879530583807
Rgag4,0.010660497785322662,0.010660497785322662,0.4494372371406101
Pkhd1l1,-0.0075725145803661655,0.0075725145803661655,0.5910907020086571
Irf4,-0.012474704883462903,0.012474704883462903,0.37611382837283647
Enpp2,-0.007866915137794145,0.007866915137794145,0.5767460902671804
Agtr1a,0.016959648411334273,0.016959648411334273,0.2288503898101608
Gm9920,-0.009308944501303337,0.009308944501303337,0.5089602721113613
Sntb1,0.015077717914759217,0.015077717914759217,0.28471738988498424
Has2,0.015077717914759193,0.015077717914759193,0.28471738988498424
Has2as,-0.03324331235597033,0.03324331235597033,0.01831582689501387
2610307P16Rik,-0.030407337605721212,0.030407337605721212,0.030942351893450435
Gm11346,-0.007844471131500767,0.007844471131500767,0.5778338718215837
Slc17a1,0.008526637670419527,0.008526637670419527,0.5452110540722429
Fam83a,0.015077717914759224,0.015077717914759224,0.28471738988498424
Hist1h1t,-0.020360950043488108,0.020360950043488108,0.14854177467850874
Dach2,-0.06568690889505671,0.06568690889505671,3.0810900260740913e-06
Nap1l3,-0.05886516183144473,0.05886516183144473,2.9158476336523208e-05
Fbxo32,-0.02443218967750263,0.02443218967750263,0.08297961261397648
C230035I16Rik,-0.046401428327474445,0.046401428327474445,0.0009883441553581909
Zfp184,-0.04834583888880827,0.04834583888880827,0.0005991321633226764
9930014A18Rik,-0.05192946750982265,0.05192946750982265,0.00022714887314489004
Zfp389,0.010660497785322689,0.010660497785322689,0.4494372371406101
Zkscan4,-0.03411408344554292,0.03411408344554292,0.015477788571425765
Serpinb6b,-0.01443617683188048,0.01443617683188048,0.30571287833574634
Serpinb1b,-0.03373770845231759,0.03373770845231759,0.016653199813173394
Tubb2b,-0.028093809694093703,0.028093809694093703,0.046199113382503404
Slc22a23,-0.014979536862024218,0.014979536862024218,0.28786572972785524
Capsl,0.0027944152686728728,0.0027944152686728728,0.8428445997563048
Prlr,-0.00786691513779415,0.00786691513779415,0.5767460902671804
Rad1,-0.1053109619746174,0.1053109619746174,6.764849649266441e-14
4930556M19Rik,0.0019755574260796795,0.0019755574260796795,0.8885333123905684
Cplx2,-0.054594703981348636,0.054594703981348636,0.00010608727245592276
S1pr3,-0.023603468513793264,0.023603468513793264,0.09396710886323781
Nxnl2,-0.007866915137794145,0.007866915137794145,0.5767460902671804
Ogn,0.012060882757502767,0.012060882757502767,0.39215458730048425
Omd,-0.008618194154916667,0.008618194154916667,0.5409031761415147
Ecm2,0.003953471616372623,0.003953471616372623,0.7791025986454386
Gm5803,-0.026191193036763087,0.026191193036763087,0.06309667413316045
Ptpdc1,0.005470941103636062,0.005470941103636062,0.6979045451941374
Zfp169,-0.002483019256999454,0.002483019256999454,0.8601655382723252
Ank,0.0035486257939947464,0.0035486257939947464,0.8012221496852027
Piwil2,0.0027944152686728155,0.0027944152686728155,0.8428445997563146
Gm6377,0.008526637670419428,0.008526637670419428,0.5452110540722556
Cmbl,-0.01276269623323604,0.01276269623323604,0.36519316012514663
0610007N19Rik,-0.007866915137794146,0.007866915137794146,0.5767460902671804
Nhlrc1,-0.05246698022447392,0.05246698022447392,0.00019535469044386177
Tspyl5,-0.004473692076597208,0.004473692076597208,0.7509421163434747
Gm5083,0.001975557426079632,0.001975557426079632,0.8885333123905684
Matn2,0.0004904147959622549,0.0004904147959622549,0.9722443711619642
Sirt5,-0.03970536637442351,0.03970536637442351,0.004830961218926093
Phactr1,0.010660497785322652,0.010660497785322652,0.4494372371406101
Gcm2,0.0013967913237642327,0.0013967913237642327,0.9210601179029001
Tfap2a,0.0027944152686728246,0.0027944152686728246,0.8428445997563146
Nrn1,0.0019755574260795963,0.0019755574260795963,0.8885333123905684
Spag1,0.005103221762807935,0.005103221762807935,0.7173060980256105
Eci3,-0.016585836599549732,0.016585836599549732,0.23927574100288318
Snx31,-0.011081331414383956,0.011081331414383956,0.4317426116195737
Ctnnd2,0.010660497785322721,0.010660497785322721,0.4494372371406101
Pvt1,0.006306420564233436,0.006306420564233436,0.6545667123036102
Slc39a14,-0.01019057296872133,0.01019057296872133,0.4696731142384677
Sorbs3,-0.008618194154916561,0.008618194154916561,0.5409031761415147
Myoz1,0.00839370732876016,0.00839370732876016,0.5514957894215016
1810062O18Rik,-0.04113268656123546,0.04113268656123546,0.0035061258391183322
Snord8,0.0013967913237642267,0.0013967913237642267,0.9210601179029001
Sall2,-0.024505452121807478,0.024505452121807478,0.08206054860990371
Lpar4,0.008526637670419434,0.008526637670419434,0.5452110540722556
Rem2,-0.014966314084917878,0.014966314084917878,0.2882915270495321
Zdhhc15,-0.006454115980583073,0.006454115980583073,0.6470199823988014
Kcnk5,-0.025673067555651,0.025673067555651,0.06849572592436763
Jub,0.012670170952008003,0.012670170952008003,0.36867994804711085
4931414P19Rik,-0.05077583746644357,0.05077583746644357,0.0003124814045484537
P2ry10,-0.01549038898407306,0.01549038898407306,0.271739672161242
Thrb,-0.007866915137794146,0.007866915137794146,0.5767460902671804
Atxn7,0.018064699712231926,0.018064699712231926,0.19993253930921856
Psmb11,0.0150777179147592,0.0150777179147592,0.28471738988498424
Gm3833,-0.04645862666975164,0.04645862666975164,0.000974148151209634
Acox2,-0.0029296717980667767,0.0029296717980667767,0.8353442554184489
Cdh24,-0.02984540856451686,0.02984540856451686,0.0341819410551872
4930579G18Rik,-0.022819731429220096,0.022819731429220096,0.10540293645754333
Dnase1l3,-0.028649954200126747,0.028649954200126747,0.0420474427552169
Gm5796,0.010660497785322713,0.010660497785322713,0.4494372371406101
Gm2897,0.01507771791475922,0.01507771791475922,0.28471738988498424
AF067061,0.0031245617336548687,0.0031245617336548687,0.824563519250633
LOC639910,0.0013967913237642258,0.0013967913237642258,0.9210601179029001
E130304F04Rik,-0.0614636831780288,0.0614636831780288,1.2723857998714645e-05
Slc22a17,-0.012651620319696546,0.012651620319696546,0.36938150714262774
Uprt,-0.0010199403446645781,0.0010199403446645781,0.9423139099800888
Lrrc16b,-0.007866915137794143,0.007866915137794143,0.5767460902671804
3110070M22Rik,0.006226299850094974,0.006226299850094974,0.6586754824374017
Itga1,0.010170395037444798,0.010170395037444798,0.47055314432993245
Synpo2l,-0.0029296717980667837,0.0029296717980667837,0.8353442554184489
Fitm1,-0.09214662643860945,0.09214662643860945,5.696817815969588e-11
6230400D17Rik,-0.01791166401870188,0.01791166401870188,0.20377002510148598
G630016D24Rik,0.0077692601635463085,0.0077692601635463085,0.581486099618158
Ptger2,-0.0240271243248485,0.0240271243248485,0.08821262360098091
Ptgdr,-0.03129730241102418,0.03129730241102418,0.026351037377539334
Bmp4,-0.016585836599549732,0.016585836599549732,0.23927574100288318
Bmpr1a,0.07017621941271547,0.07017621941271547,6.197783530798567e-07
Gmfb,-0.040184807958271694,0.040184807958271694,0.004342458573247395
Samd4,0.000370588070860818,0.000370588070860818,0.979024297477462
Arhgap22,0.018468192125159426,0.018468192125159426,0.19006812913987098
Tlr13,0.003822587132110926,0.003822587132110926,0.7862351323032427
Msmb,-0.023834073943807578,0.023834073943807578,0.09079857960361261
Colq,-0.003764356011512345,0.003764356011512345,0.7894142429622076
Gm6498,-0.0010199403446646206,0.0010199403446646206,0.9423139099800888
Dnahc1,-0.013235526987187732,0.013235526987187732,0.3476977693056935
Tlr11,-0.03411408344554357,0.03411408344554357,0.015477788571423958
Sema3g,-0.004575522818260143,0.004575522818260143,0.7454671254010569
Dcp1a,-0.06855270526769058,0.06855270526769058,1.1196662020203828e-06
Cacna1d,-0.018086492077018505,0.018086492077018505,0.19939039949242046
Il17rb,-0.033305292009538384,0.033305292009538384,0.018099725473726822
Il17rd,0.010660497785322664,0.010660497785322664,0.4494372371406101
Hesx1,-0.012737026096212167,0.012737026096212167,0.36615846191792684
Plac9,0.010660497785322704,0.010660497785322704,0.4494372371406101
Rnase1,0.02787749807886396,0.02787749807886396,0.04790458631211988
Zcchc24,0.007296258318419979,0.007296258318419979,0.6046984963469103
Ear11,-0.018018245881581255,0.018018245881581255,0.20109178547306206
AY358078,-0.005699846596087969,0.005699846596087969,0.6859250455994184
4931406H21Rik,-0.01808649207701864,0.01808649207701864,0.19939039949241363
Ear6,0.00789911218899406,0.00789911218899406,0.5751873006626171
Polr3a,-0.03896383969110378,0.03896383969110378,0.005684885106993891
Zfp503,0.008526637670419423,0.008526637670419423,0.5452110540722556
Slc39a2,0.010660497785322753,0.010660497785322753,0.44943723714059364
Gm5127,-0.01808649207701874,0.01808649207701874,0.19939039949241363
Esm1,0.0031245617336547915,0.0031245617336547915,0.824563519250633
Gzmk,0.002794157617458621,0.002794157617458621,0.8428589010569121
Rec8,-0.0059268124952242115,0.0059268124952242115,0.6741244446681517
Mir15a,-0.028785424038631935,0.028785424038631935,0.04108537037828019
Dleu7,0.002419794182739776,0.002419794182739776,0.8636908514082474
Fam124a,-0.007866915137794146,0.007866915137794146,0.5767460902671804
F2rl2,0.01669411650191764,0.01669411650191764,0.23622202079344543
F2r,0.013748787281834023,0.013748787281834023,0.3293204512545894
Wdfy2,-0.030857843958335032,0.030857843958335032,0.028538894026402386
F2rl1,0.007269063811974123,0.007269063811974123,0.6060456024314973
Neil2,0.010660497785322699,0.010660497785322699,0.4494372371406101
Blk,-0.019616062842730313,0.019616062842730313,0.16397148165437697
Aggf1,-0.0713340594503337,0.0713340594503337,4.0327497409566626e-07
Fam167a,-0.044537212167017566,0.044537212167017566,0.0015703563350970564
Fzd3,-0.02441698547643235,0.02441698547643235,0.08317138743982525
Fbxo16,0.0031245617336547855,0.0031245617336547855,0.824563519250633
Homer1,-0.018229346605129305,0.018229346605129305,0.19586310477602004
Ephx2,-0.009085344128219621,0.009085344128219621,0.5191911676972545
Thbs4,-0.008449117433454783,0.008449117433454783,0.5488717658992708
Fam151b,0.007201206375010941,0.007201206375010941,0.6094128245931468
A830009L08Rik,-0.0271827206142844,0.0271827206142844,0.0537441067211482
Gm5464,-0.0005895177974316193,0.0005895177974316193,0.9666385088491941
Gm9159,0.00852663767041944,0.00852663767041944,0.5452110540722556
Atp6ap1l,0.010660497785322721,0.010660497785322721,0.4494372371406101
Adamdec1,0.013118726144352857,0.013118726144352857,0.3519692090108999
Adam28,-0.002741273840736429,0.002741273840736429,0.8457953810419513
Gm16677,0.012060882757502752,0.012060882757502752,0.39215458730048425
Vcan,0.00960858289593768,0.00960858289593768,0.495417638579961
Gpr98,-0.007866915137794146,0.007866915137794146,0.5767460902671804
Pou5f2,-0.005496405364769403,0.005496405364769403,0.6965681101221287
Egr3,-0.021051700389874754,0.021051700389874754,0.1352477857297383
9930012K11Rik,-0.03173527924049925,0.03173527924049925,0.024316252680360983
Kcnrg,-0.02968799708822916,0.02968799708822916,0.03513981738717611
Sacs,-0.019127828597470378,0.019127828597470378,0.17472105686554534
Sv2c,0.0019755574260796865,0.0019755574260796865,0.8885333123905684
Fam169a,0.010660497785322751,0.010660497785322751,0.44943723714059364
Gpx8,-0.028093809694093686,0.028093809694093686,0.046199113382503404
Gm6320,0.0027944152686727747,0.0027944152686727747,0.8428445997563146
Skiv2l2,-0.11200551463897232,0.11200551463897232,1.5667442511157413e-15
Il31ra,0.0019755574260796813,0.0019755574260796813,0.8885333123905684
Ankrd55,0.010660497785322747,0.010660497785322747,0.44943723714059364
Adcy4,0.007769260163546322,0.007769260163546322,0.581486099618158
Nynrin,-0.04683365317224429,0.04683365317224429,0.0008856482783047054
Cbln3,-0.009741268014152822,0.009741268014152822,0.4894827605119417
Sdr39u1,-0.0159168878569346,0.0159168878569346,0.2587588264181032
Plk2,-0.0028053555131027433,0.0028053555131027433,0.842237393648045
Rab3c,-0.01658583659954973,0.01658583659954973,0.23927574100288318
Pde4d,-0.018181683601027294,0.018181683601027294,0.19703485832332393
A630033H20Rik,0.002507511062985893,0.002507511062985893,0.8588006647819728
Gzmb,0.008103674964720505,0.008103674964720505,0.5653303931049082
Ppp3cc,-0.015283911066796028,0.015283911066796028,0.2781815123682092
Rnf17,-0.012762696233235959,0.012762696233235959,0.36519316012515435
Fam159b,0.0031245617336547746,0.0031245617336547746,0.824563519250633
Adamts6,0.013118726144352846,0.013118726144352846,0.3519692090108999
Sgtb,0.010660497785322666,0.010660497785322666,0.4494372371406101
Mast4,-0.0445372121670176,0.0445372121670176,0.0015703563350970564
Cd180,-0.010909143128926822,0.010909143128926822,0.4389332798075076
Gpr174,0.023862673236409268,0.023862673236409268,0.09041168316018401
Naip1,0.007769260163546325,0.007769260163546325,0.581486099618158
Naip7,0.0012222266838589164,0.0012222266838589164,0.930899206523491
Mtap1b,-0.0010666128516730175,0.0010666128516730175,0.939679115627124
Phf11,-0.010033215952289551,0.010033215952289551,0.4765600641405261
Gm4902,-0.017796808032633678,0.017796808032633678,0.20668513322836754
D14Ertd668e,-0.006607117627694394,0.006607117627694394,0.6392402140375489
Shisa2,-0.07798570969695238,0.07798570969695238,3.0022529956743085e-08
Gm5086,-0.002929671798066803,0.002929671798066803,0.8353442554184347
3830408C21Rik,0.008526637670419425,0.008526637670419425,0.5452110540722556
Pgbd1,-0.012651620319696398,0.012651620319696398,0.36938150714262774
Gsdmc4,-0.005699846596087949,0.005699846596087949,0.6859250455994184
A530099J19Rik,0.00852663767041942,0.00852663767041942,0.5452110540722556
Ispd,-0.02608147367199849,0.02608147367199849,0.06420964623166069
Pou6f1,0.010660497785322652,0.010660497785322652,0.4494372371406101
C330013E15Rik,-0.005932428469423262,0.005932428469423262,0.6738334531787493
Gm5434,0.008526637670419423,0.008526637670419423,0.5452110540722556
9130015A21Rik,-0.007387560115405633,0.007387560115405633,0.6001856286755755
Acvr1b,0.0039534716163726336,0.0039534716163726336,0.7791025986454386
A330009N23Rik,0.010660497785322753,0.010660497785322753,0.44943723714059364
Grasp,-0.039819047993546394,0.039819047993546394,0.0047108356655338815
F730043M19Rik,0.01066049778532275,0.01066049778532275,0.44943723714059364
Gdap10,0.03313403400031892,0.03313403400031892,0.018702346471790744
Nr4a1,0.013529994081041453,0.013529994081041453,0.3370760316092023
6030408B16Rik,-0.04464295166420393,0.04464295166420393,0.0015303249785127459
Krt80,0.008526637670419432,0.008526637670419432,0.5452110540722556
Krt81,0.007433130451296405,0.007433130451296405,0.597938889281936
Colec11,-0.023161940334541567,0.023161940334541567,0.10028067637063616
Krt5,-0.023136916843889355,0.023136916843889355,0.10064838227714705
Krt4,-0.018086492077018824,0.018086492077018824,0.19939039949241363
Rsad2,0.0382829247598941,0.0382829247598941,0.006586448956163856
Grhl1,-0.006159567038379233,0.006159567038379233,0.6621055784445369
Tenc1,0.0013967913237642314,0.0013967913237642314,0.9210601179029001
Soat2,0.018006825647697934,0.018006825647697934,0.20137752438050954
9030624G23Rik,-0.0043897610959150925,0.0043897610959150925,0.7554641736001325
Amhr2,0.010660497785322662,0.010660497785322662,0.4494372371406101
2410004P03Rik,-0.013453446579622698,0.013453446579622698,0.3398169136107266
Greb1,0.00796723687312152,0.00796723687312152,0.5718956878779816
Lpin1,-0.012829833416673854,0.012829833416673854,0.3626760485595484
Atf7,-0.008488761703510633,0.008488761703510633,0.5469981435813186
Hoxc6,0.015077717914759193,0.015077717914759193,0.28471738988498424
Mycn,-0.007866915137794145,0.007866915137794145,0.5767460902671804
Etv1,0.0019755574260796158,0.0019755574260796158,0.8885333123905684
Vsnl1,-0.01808649207701883,0.01808649207701883,0.19939039949241363
Csrnp2,-0.009602976886461936,0.009602976886461936,0.4956692330755065
Gm5475,-0.007866915137794145,0.007866915137794145,0.5767460902671804
Pfkm,-0.02618641154426762,0.02618641154426762,0.06314484226923671
AI836003,-0.007387560115405605,0.007387560115405605,0.6001856286755755
Gm527,-0.011126603062599948,0.011126603062599948,0.4298634373099324
4930415O20Rik,0.010660497785322702,0.010660497785322702,0.4494372371406101
Adcy6,0.002458145890445727,0.002458145890445727,0.8615521028069055
Cacnb3,-0.016585836599549597,0.016585836599549597,0.23927574100288318
Nxf2,-0.005965226848991654,0.005965226848991654,0.672134981981554
Rnd1,-0.05369497083411356,0.05369497083411356,0.00013770410540425474
Clec14a,0.010660497785322702,0.010660497785322702,0.4494372371406101
Wnt10b,0.008526637670419427,0.008526637670419427,0.5452110540722556
4930578M01Rik,-0.0056998465960879366,0.0056998465960879366,0.6859250455994184
Slc25a21,0.010503028800172176,0.010503028800172176,0.45616251608199226
Aldoart2,-0.006228646977291143,0.006228646977291143,0.6585549691247942
Prpf40b,-0.06267275940759294,0.06267275940759294,8.553896531894063e-06
Nckap5l,0.007769260163546326,0.007769260163546326,0.581486099618158
Srp54b,-0.00940003973137591,0.00940003973137591,0.5048226666948876
Gpd1,-0.02929772816812022,0.02929772816812022,0.03761395239288826
Cfl2,-0.03750572891108081,0.03750572891108081,0.0077709827245403505
Egln3,-0.11386866546903444,0.11386866546903444,5.273166349919746e-16
Arhgap5,0.005956935779637411,0.005956935779637411,0.6725641792509796
Coch,0.010660497785322727,0.010660497785322727,0.4494372371406101
Stxbp6,-0.0037784497014806645,0.0037784497014806645,0.7886444784170876
Gm614,0.0013967913237642306,0.0013967913237642306,0.9210601179029001
Gm2027,-0.02809380969409367,0.02809380969409367,0.046199113382503404
Mettl7a1,-0.03662166542934461,0.03662166542934461,0.009347532610285907
Gm7008,-0.010333080340502943,0.010333080340502943,0.4634838329388069
Mettl7a2,-0.0010199403446645603,0.0010199403446645603,0.9423139099801041
Mir1938,0.010660497785322664,0.010660497785322664,0.4494372371406101
Gm889,-0.001019940344664562,0.001019940344664562,0.9423139099801041
Scin,-0.008279137778873381,0.008279137778873381,0.5569408626300879
Hnrnpa1,-0.03174111390517082,0.03174111390517082,0.02429009131393805
Gprasp2,-0.023435958057825355,0.023435958057825355,0.0963238195244769
Wdr35,0.00776926016354632,0.00776926016354632,0.581486099618158
Bex2,-0.016585836599549614,0.016585836599549614,0.23927574100288318
Mkl2,-0.024441267170831855,0.024441267170831855,0.08286528653290728
1810049H13Rik,-0.029515740180598007,0.029515740180598007,0.03621418651440458
Pde6g,-0.03411408344554292,0.03411408344554292,0.015477788571425765
2900011O08Rik,0.010660497785322715,0.010660497785322715,0.4494372371406101
Fscn2,0.01141356589029352,0.01141356589029352,0.4180628924746047
Myh11,0.010660497785322723,0.010660497785322723,0.4494372371406101
Dlg3,0.01970257004693219,0.01970257004693219,0.16211992932288452
2810410L24Rik,-0.016738966992136166,0.016738966992136166,0.23496524791704554
A430071A18Rik,0.010660497785322727,0.010660497785322727,0.4494372371406101
Pkp2,-0.05282621632365668,0.05282621632365668,0.00017649009992120376
Cbx2,-0.05390669762360305,0.05390669762360305,0.00012955122063932484
Spag6,-0.011105285964572107,0.011105285964572107,0.4307476934035631
BC100451,-0.01808649207701859,0.01808649207701859,0.19939039949242046
Timp2,0.03517937985576448,0.03517937985576448,0.012537264373343796
Dnahc17,-0.016126912233058885,0.016126912233058885,0.25252698564929527
Gdpd2,0.00197555742607968,0.00197555742607968,0.8885333123905684
Ypel1,-0.00887623036812178,0.00887623036812178,0.5288543859958698
Ccdc116,-0.05200253166540966,0.05200253166540966,0.00022255861904818235
2900041M22Rik,0.023847072125251542,0.023847072125251542,0.09062257313002098
Bex1,-0.03349911192325182,0.03349911192325182,0.01743828251136728
Rimbp3,-0.013235526987187825,0.013235526987187825,0.3476977693056935
Mgat5b,-0.007866915137794148,0.007866915137794148,0.5767460902671804
Ccdc74a,0.00758845372805481,0.00758845372805481,0.5903098861755603
Mxra7,-0.013003596608183593,0.013003596608183593,0.3562118898241371
Scarf2,-0.007387560115405635,0.007387560115405635,0.6001856286755755
Qrich2,0.010660497785322662,0.010660497785322662,0.4494372371406101
Vpreb2,-0.03859277833677703,0.03859277833677703,0.006161353215678428
Galr2,0.010660497785322673,0.010660497785322673,0.4494372371406101
Snx29,-0.017142585195251355,0.017142585195251355,0.2238679334065944
Tnfrsf17,-0.007928188474749027,0.007928188474749027,0.5737813130399272
Npb,0.015552431962104207,0.015552431962104207,0.2698241252142206
Snn,-0.054642463921389994,0.054642463921389994,0.00010461704823281865
Matn3,-0.03411408344554292,0.03411408344554292,0.015477788571425765
Sdc1,-0.0037916424786446825,0.0037916424786446825,0.7879241065100585
Arxes2,-0.034400593877157895,0.034400593877157895,0.014632583316852531
Zfp174,-0.03170848465829369,0.03170848465829369,0.024436707502880958
Nlrc3,0.010660497785322664,0.010660497785322664,0.4494372371406101
Slx4,0.00875621604610763,0.00875621604610763,0.5344413294435215
Dnase1,0.010660497785322682,0.010660497785322682,0.4494372371406101
Pfn4,-0.0056998465960879565,0.0056998465960879565,0.6859250455994184
Gm5766,-0.06361156170739157,0.06361156170739157,6.253403082556927e-06
Glis2,-0.05627996805558911,0.05627996805558911,6.44023155641493e-05
A830093I24Rik,-0.04302394122286466,0.04302394122286466,0.002259320956459159
Coro7,-0.10048133869816293,0.10048133869816293,8.872103448203148e-13
Vasn,-0.007297559886821986,0.007297559886821986,0.6046340555849815
Dnajc27,-0.037330043937899876,0.037330043937899876,0.008063861942204438
Armcx2,-0.0665866873858958,0.0665866873858958,2.252001307323983e-06
Efr3b,0.0013967913237642353,0.0013967913237642353,0.9210601179029001
1110002L01Rik,-0.02226421066002187,0.02226421066002187,0.11415762387085315
Kif3c,-0.023161940334541557,0.023161940334541557,0.10028067637063616
Gm16861,0.005188095200146766,0.005188095200146766,0.7128112600163371
Fn3krp,0.010615655294706376,0.010615655294706376,0.45134665089668774
Rab40b,0.01066049778532271,0.01066049778532271,0.4494372371406101
Dus1l,-0.0695603942248683,0.0695603942248683,7.7683733789082e-07
Abat,0.001396791323764233,0.001396791323764233,0.9210601179029001
Cbr2,0.003815312080041414,0.003815312080041414,0.7866321180886834
Emp2,-0.029687997088229248,0.029687997088229248,0.03513981738717486
Myadml2,-0.020131631361769972,0.020131631361769972,0.15316902321656412
Fam18a,0.0027944152686728424,0.0027944152686728424,0.8428445997563146
Ciita,0.014208086384907729,0.014208086384907729,0.31341879045669857
Pycr1,-0.01658583659954959,0.01658583659954959,0.23927574100288887
Gm4262,-0.006228646977291091,0.006228646977291091,0.6585549691247942
Pomc,-0.023917123893090052,0.023917123893090052,0.08967873098559988
Vdr,0.01311872614435284,0.01311872614435284,0.3519692090108999
Rpl10l,0.010660497785322664,0.010660497785322664,0.4494372371406101
Amigo2,-0.010333080340502914,0.010333080340502914,0.4634838329388069
AW555464,-0.0073875601154056005,0.0073875601154056005,0.6001856286755755
Srpx2,0.007769260163546322,0.007769260163546322,0.581486099618158
Rbfox2,-0.01362860375967993,0.01362860375967993,0.33356618783409747
Apol11a,0.01970257004693218,0.01970257004693218,0.16211992932288452
Apol10b,0.015077717914759205,0.015077717914759205,0.28471738988498424
Apol7e,0.01066049778532265,0.01066049778532265,0.4494372371406101
Apol9b,-0.03411408344554292,0.03411408344554292,0.015477788571425765
Apol8,0.02668853397481311,0.02668853397481311,0.05824982321581165
Amn,0.018468192125159422,0.018468192125159422,0.19006812913987098
Tmprss6,-0.011126603062599948,0.011126603062599948,0.4298634373099324
Il2rb,0.014857871091075739,0.014857871091075739,0.2917996015524385
B930059L03Rik,0.0001943263651142804,0.0001943263651142804,0.9889999901970837
Meg3,-0.007866915137794146,0.007866915137794146,0.5767460902671804
Xkrx,0.010660497785322654,0.010660497785322654,0.4494372371406101
Lgals2,0.010660497785322702,0.010660497785322702,0.4494372371406101
Degs2,-0.03516323319071288,0.03516323319071288,0.012577857020414668
Eml1,0.0024197941827397754,0.0024197941827397754,0.8636908514082474
Bcl11b,0.013885372795401137,0.013885372795401137,0.3245379684107486
Ak7,0.0013967913237642362,0.0013967913237642362,0.9210601179029001
Bdkrb1,0.0027944152686728476,0.0027944152686728476,0.8428445997563146
Gm2721,0.0006268642044104759,0.0006268642044104759,0.964526383846339
Galr3,-0.029684605868676793,0.029684605868676793,0.03516070308118267
Clmn,0.015077717914759188,0.015077717914759188,0.28471738988498424
1700088E04Rik,0.010660497785322739,0.010660497785322739,0.4494372371406101
Serpina3f,0.008359297784354893,0.008359297784354893,0.5531283983071811
Polr2f,-0.04497323445056818,0.04497323445056818,0.001411257893919452
Gm10863,0.0019755574260796292,0.0019755574260796292,0.8885333123905684
Serpina12,-0.007866915137794143,0.007866915137794143,0.5767460902671804
Baiap2l2,-0.0029296717980667767,0.0029296717980667767,0.8353442554184489
Jag2,-0.01658583659954973,0.01658583659954973,0.23927574100288318
Tex22,-0.01033308034050292,0.01033308034050292,0.4634838329388069
Kifc2,0.014774440690623883,0.014774440690623883,0.29451797196901297
Hsf1,-0.0858611942525041,0.0858611942525041,1.041737337394569e-09
Sfrp4,0.0019755574260796847,0.0019755574260796847,0.8885333123905684
Lrrc6,-0.02106998423557014,0.02106998423557014,0.1349088129325547
4933412O06Rik,-0.003309113639834077,0.003309113639834077,0.8143850262232537
Tg,0.0019221301879150223,0.0019221301879150223,0.8915289381195906
Ggps1,-0.042118445084159475,0.042118445084159475,0.0027942462055664118
Nid1,0.010660497785322737,0.010660497785322737,0.4494372371406101
Gpr137b,-0.0059304512429344085,0.0059304512429344085,0.6739358975320033
Zfat,-0.04895858588876254,0.04895858588876254,0.0005097936924492511
Ptk2,-0.01108133141438407,0.01108133141438407,0.4317426116195737
Arc,-0.025585788936705652,0.025585788936705652,0.06944152616191408
Actn2,0.0013967913237642256,0.0013967913237642256,0.9210601179029001
Lynx1,-0.04957892906089769,0.04957892906089769,0.000432118461050145
Ly6d,-0.1014279442330123,0.1014279442330123,5.407818884436682e-13
Ly6k,0.01019817660517522,0.01019817660517522,0.4693417291543899
Serpina1b,-0.04824939111385865,0.04824939111385865,0.0006144549242870005
2010109I03Rik,-0.03315333199182978,0.03315333199182978,0.018633574867559264
Gpihbp1,0.0072690638119741625,0.0072690638119741625,0.6060456024314973
Zfp623,-0.05204151004395388,0.05204151004395388,0.00022014555419203085
Fam83h,0.0013967913237642325,0.0013967913237642325,0.9210601179029001
Nrbp2,-0.02313691684388944,0.02313691684388944,0.10064838227714505
Akr1c12,-0.019216364817940573,0.019216364817940573,0.17273365620492734
Akr1c18,0.003022075231277414,0.003022075231277414,0.8302287824218069
Calm4,-0.012737026096212157,0.012737026096212157,0.36615846191792684
1700024F13Rik,-0.02450545212180748,0.02450545212180748,0.08206054860990371
Spatc1,0.010660497785322727,0.010660497785322727,0.4494372371406101
Dnahc11,-0.046401428327474306,0.046401428327474306,0.0009883441553582607
Rapgef5,-0.008960752432206653,0.008960752432206653,0.5249376008719605
Oplah,-0.003397839355383731,0.003397839355383731,0.8095025993980097
Vipr2,-0.020360950043488157,0.020360950043488157,0.1485417746785047
Tmem121,-0.023136916843889438,0.023136916843889438,0.10064838227714505
Chrm3,-0.01767499674717515,0.01767499674717515,0.20980971527731462
Cdk3-ps,0.003697766370062662,0.003697766370062662,0.7930539818322678
Serpina10,-0.001019940344664615,0.001019940344664615,0.9423139099800888
Kdelr3,-0.029687997088229147,0.029687997088229147,0.03513981738717611
Acot2,-0.0492416307239658,0.0492416307239658,0.00047286498767186175
Drp2,-0.029584913676946923,0.029584913676946923,0.035779432944724535
Nlgn3,-0.028785424038631945,0.028785424038631945,0.04108537037827852
Zfyve1,-0.006294708273505797,0.006294708273505797,0.655166696258843
Dpf3,0.019658830719200958,0.019658830719200958,0.16305412051636958
Adam4,0.004680018512993462,0.004680018512993462,0.7398621832674389
2310015A10Rik,-0.005722559028177166,0.005722559028177166,0.6847406491381507
Zfp36l1,0.016936822429473024,0.016936822429473024,0.2294775720525042
Plekhh1,-0.034114083445543564,0.034114083445543564,0.015477788571423958
Alg12,-0.06845377535062994,0.06845377535062994,1.1602654715677958e-06
Panx2,-0.01690719831155537,0.01690719831155537,0.23029336619389987
Plek2,0.04953415344064907,0.04953415344064907,0.00043733217476649535
Mapk11,0.0013967913237642364,0.0013967913237642364,0.9210601179029001
Rab15,-0.0201588873316383,0.0201588873316383,0.15261337378670584
Miox,0.01066049778532271,0.01066049778532271,0.4494372371406101
Spnb1,0.038359964632867165,0.038359964632867165,0.0064783626351273835
Odf3b,-0.05587882808115485,0.05587882808115485,7.261700378896404e-05
Cpt1b,-0.02313691684388936,0.02313691684388936,0.10064838227714705
Shank3,-0.007866915137794146,0.007866915137794146,0.5767460902671804
Gm10451,0.001975557426079687,0.001975557426079687,0.8885333123905684
Ppp1r36,-0.01959381033516796,0.01959381033516796,0.16445032786351205
Cpne8,-0.007866915137794143,0.007866915137794143,0.5767460902671804
Kif21a,-0.007387560115405603,0.007387560115405603,0.6001856286755755
Akap5,0.0019755574260796266,0.0019755574260796266,0.8885333123905684
Armcx4,0.00490967215058832,0.00490967215058832,0.727592807325761
Rtn1,-0.00786691513779415,0.00786691513779415,0.5767460902671804
Prickle1,-0.056730015356436785,0.056730015356436785,5.623476800345389e-05
Gm4371,-0.00292967179806682,0.00292967179806682,0.8353442554184347
Trim9,-0.023161940334541428,0.023161940334541428,0.10028067637064093
Fbln1,-0.0010199403446645716,0.0010199403446645716,0.9423139099800888
Dnalc1,-0.014966314084917939,0.014966314084917939,0.2882915270495321
Phf21b,0.003124561733654838,0.003124561733654838,0.824563519250633
Pnma1,-0.024994560291379753,0.024994560291379753,0.07613426834395655
Ppp4r4,0.0035958445231509817,0.0035958445231509817,0.7986336655309536
Otub2,0.012641356632478224,0.012641356632478224,0.36977002181062846
4933432B09Rik,-0.014942007470225012,0.014942007470225012,0.28907535092649644
Asb2,0.012257409430763628,0.012257409430763628,0.3844856367508846
Moap1,0.010660497785322664,0.010660497785322664,0.4494372371406101
Fbln5,0.0013967913237642306,0.0013967913237642306,0.9210601179029001
Gm16576,-0.0451795306955119,0.0451795306955119,0.0013412835667138568
Gpr68,0.022341983745748195,0.022341983745748195,0.11289858888627763
9030617O03Rik,-0.0012763292503087424,0.0012763292503087424,0.9278485918702473
Kcnk13,0.007097315241696686,0.007097315241696686,0.6145841538534448
Ptpn21,-0.014675093782512081,0.014675093782512081,0.29777700865273565
Cacna1i,-0.007866915137794148,0.007866915137794148,0.5767460902671804
Grap2,-0.002123736294534929,0.002123736294534929,0.8802334865413838
Spata7,-0.058564443492964975,0.058564443492964975,3.202733909835189e-05
Maff,-0.019510399314571963,0.019510399314571963,0.16625460155928587
Fam83f,0.0013967913237642265,0.0013967913237642265,0.9210601179029001
Sgsm3,-0.07228638046514266,0.07228638046514266,2.817956804895799e-07
4930483J18Rik,0.001975557426079597,0.001975557426079597,0.8885333123905684
Galc,-0.06741971704999102,0.06741971704999102,1.678763643898419e-06
Itgb1bp2,0.011413565890293569,0.011413565890293569,0.4180628924745978
Vipar,-0.08028797402602711,0.08028797402602711,1.1605926029693677e-08
4933437F05Rik,-0.04848343296153442,0.04848343296153442,0.0005778870619927804
Vash1,-0.007866915137794148,0.007866915137794148,0.5767460902671804
1700019E19Rik,0.0013967913237642258,0.0013967913237642258,0.9210601179029001
AI848285,-0.04899534006669276,0.04899534006669276,0.0005048509916764308
Pgf,-0.007866915137794145,0.007866915137794145,0.5767460902671804
Rrp7a,-0.11355710080543961,0.11355710080543961,6.334292170452356e-16
Rps6kl1,-0.011126603062599954,0.011126603062599954,0.4298634373099324
1700001L05Rik,-0.007149596413076255,0.007149596413076255,0.6119793679973929
Aldh6a1,-0.05521491745875479,0.05521491745875479,8.842689393657842e-05
A430088P11Rik,0.010704646379959276,0.010704646379959276,0.4475618519231145
A330050F15Rik,-0.008618194154916601,0.008618194154916601,0.5409031761415147
Arhgdig,-0.019599547829332927,0.019599547829332927,0.16432676352169104
Ms4a7,0.002897094920913891,0.002897094920913891,0.8371493914015647
Kmo,0.002668941187655197,0.002668941187655197,0.8498152617678213
Slc15a3,0.027409229125184426,0.027409229125184426,0.05177829453036971
Rgs7,-0.014002029482795934,0.014002029482795934,0.3204892569856387
Olfr433,-0.04585453904768441,0.04585453904768441,0.0011340771243970173
Ifi205,-0.03440024662573961,0.03440024662573961,0.014633582585368229
Ifi203,-0.028980537611579846,0.028980537611579846,0.03973253033605191
March9,-0.007866915137794151,0.007866915137794151,0.5767460902671804
AI607873,0.004353515509373454,0.004353515509373454,0.7574196265912827
Pydc3,0.01964979191537891,0.01964979191537891,0.16324767762627423
Ms4a4b,0.03041550061374814,0.03041550061374814,0.03089730308864974
BC094916,-0.03411408344554291,0.03411408344554291,0.015477788571425765
Cd6,0.0022222922125800753,0.0022222922125800753,0.874720368606853
Ms4a4d,0.008526637670419434,0.008526637670419434,0.5452110540722556
Mrpl16,-0.07270071758493027,0.07270071758493027,2.4076718919248726e-07
Cadm3,-0.012737026096211983,0.012737026096211983,0.36615846191792684
Darc,0.03171932913309521,0.03171932913309521,0.024387894125889122
Plxnb3,0.00852663767041944,0.00852663767041944,0.5452110540722556
Glyat,0.015077717914759259,0.015077717914759259,0.28471738988498424
Slamf8,-0.004969235032157612,0.004969235032157612,0.7244218482033472
Vsig8,0.0019755574260796795,0.0019755574260796795,0.8885333123905684
Ccdc19,-0.001838818475742132,0.001838818475742132,0.896203238275188
Igsf9,0.008526637670419446,0.008526637670419446,0.5452110540722556
Slamf9,0.017446186355662627,0.017446186355662627,0.215771077069193
Pea15a,-0.01708408136524127,0.01708408136524127,0.22545283471120633
Plac1l,-0.0353047358294027,0.0353047358294027,0.012226044988616175
A430093F15Rik,0.011541772485041337,0.011541772485041337,0.4128530023486802
Opn3,-0.036522088708828435,0.036522088708828435,0.009541885678937405
Gm16432,-0.038592778336776795,0.038592778336776795,0.006161353215678801
1700105P06Rik,-0.044537212167017566,0.044537212167017566,0.0015703563350970564
2700081O15Rik,-0.024505452121807443,0.024505452121807443,0.08206054860990371
Slc22a8,-0.003309113639834089,0.003309113639834089,0.8143850262232537
Atf3,0.005840154910883361,0.005840154910883361,0.6786207599253917
A230020J21Rik,0.0027944152686728,0.0027944152686728,0.8428445997563146
Vash2,0.00139679132376423,0.00139679132376423,0.9210601179029001
Ptpn14,-0.018086492077018835,0.018086492077018835,0.19939039949241363
1700092M07Rik,0.0019776092661275106,0.0019776092661275106,0.8884182986834822
Figf,0.008526637670419432,0.008526637670419432,0.5452110540722556
Kctd3,-0.059829404177744794,0.059829404177744794,2.1517540104400963e-05
Slc30a10,0.00852663767041944,0.00852663767041944,0.5452110540722556
Gm2061,-0.016585836599549722,0.016585836599549722,0.23927574100288318
Pdzd4,-0.004575522818260139,0.004575522818260139,0.7454671254010569
Lrrn4cl,0.0027944152686728576,0.0027944152686728576,0.8428445997563048
Mosc1,-0.0033978393553837413,0.0033978393553837413,0.8095025993980097
Tlr5,-0.004575522818260137,0.004575522818260137,0.7454671254010569
Capn2,0.014183958056302085,0.014183958056302085,0.31424136370751654
1700047M11Rik,0.06435153001094708,0.06435153001094708,4.870361194602053e-06
Cnih3,0.010660497785322662,0.010660497785322662,0.4494372371406101
Best1,-0.007866915137794145,0.007866915137794145,0.5767460902671804
Ephx1,-0.0056998465960880354,0.0056998465960880354,0.6859250455994184
Fads2,0.001046734730594888,0.001046734730594888,0.9408012124854355
6330403A02Rik,-0.007866915137794148,0.007866915137794148,0.5767460902671804
Cdc42bpa,-0.017049596529941348,0.017049596529941348,0.22639079179638463
Srpk3,-0.019658500329593074,0.019658500329593074,0.16306119243777117
Slamf6,-0.015839474090546132,0.015839474090546132,0.26108249759148094
Slamf1,0.008526637670419446,0.008526637670419446,0.5452110540722556
Prune2,0.0019755574260796843,0.0019755574260796843,0.8885333123905684
BC016495,-0.0641584946835618,0.0641584946835618,5.199868698971186e-06
Ranbp6,-0.012996890316853752,0.012996890316853752,0.35646001523288695
Slc19a2,-0.04787620214444914,0.04787620214444914,0.0006772436558598002
Selp,-0.03514747058759066,0.03514747058759066,0.012617596302873837
Ppp1r2-ps3,0.011054708440908494,0.011054708440908494,0.4328499194428278
Prkg1,0.01066049778532272,0.01066049778532272,0.4494372371406101
Gm6642,0.008526637670419435,0.008526637670419435,0.5452110540722556
4930558K02Rik,-0.018086492077018564,0.018086492077018564,0.19939039949242046
Asah2,-0.03395836820252082,0.03395836820252082,0.01595492905014162
Fasl,0.012889452482633595,0.012889452482633595,0.360449934002324
Serpinc1,-0.03411408344554356,0.03411408344554356,0.015477788571423958
4930562F07Rik,-0.07389243324326625,0.07389243324326625,1.5240005969472696e-07
BC026585,-0.07645949680601996,0.07645949680601996,5.555815775214346e-08
Angptl1,-0.0018388184757420964,0.0018388184757420964,0.896203238275188
Ifit3,0.009611837263271531,0.009611837263271531,0.4952716157195698
Gm14446,-0.014704105339104736,0.014704105339104736,0.2968228152589171
I830012O16Rik,-0.011446007587286207,0.011446007587286207,0.4167409245434223
Cacna1e,-0.004575522818260134,0.004575522818260134,0.7454671254010569
Ifit1,-0.02700069545148049,0.02700069545148049,0.0553686544657143
Rgsl1,-0.03609970487421644,0.03609970487421644,0.010406931264060837
Rgs16,0.015077717914759212,0.015077717914759212,0.28471738988498424
Rgs8,-0.009308944501303335,0.009308944501303335,0.5089602721113613
1700012A16Rik,-0.04039271008869812,0.04039271008869812,0.004144901526524899
E330020D12Rik,-0.020469349296818297,0.020469349296818297,0.146391963906774
Lamc1,-0.009952207149517589,0.009952207149517589,0.48012697533965726
Fgfbp3,-0.006536684465442204,0.006536684465442204,0.6428167119807031
A930007I19Rik,-0.029297728168120245,0.029297728168120245,0.03761395239288826
Rcor2,-0.05512100653651436,0.05512100653651436,9.090968860242529e-05
Pdcd1lg2,-0.04495871521172287,0.04495871521172287,0.001416307301210137
Insl6,-0.014272577646976743,0.014272577646976743,0.31122714068097196
Rorb,-0.007866915137794148,0.007866915137794148,0.5767460902671804
1500015L24Rik,-0.008279137778873378,0.008279137778873378,0.5569408626300879
Aldh1a7,0.00837242093932679,0.00837242093932679,0.5525054725739262
Tstd1,-0.018567925681426768,0.018567925681426768,0.18768607887125682
Trpm3,-0.009308944501303306,0.009308944501303306,0.5089602721113613
Klhdc9,-0.047788703901234075,0.047788703901234075,0.0006928038880164612
Mir1192,-0.034114083445542925,0.034114083445542925,0.015477788571425765
Mpz,0.012060882757502734,0.012060882757502734,0.39215458730048425
Asb11,0.0019755574260796045,0.0019755574260796045,0.8885333123905684
Apba1,0.029333547048223035,0.029333547048223035,0.03738086268136674
Fam189a2,-0.034114083445543564,0.034114083445543564,0.015477788571423958
Tjp2,-0.024865777900362776,0.024865777900362776,0.07765974451704748
Fcrla,-0.041912026235195333,0.041912026235195333,0.002931351981326338
Ddr2,-0.03693895835676579,0.03693895835676579,0.00875157766695952
Vldlr,-0.00516444242298391,0.00516444242298391,0.7140629006876957
Rgs5,-0.012737026096212203,0.012737026096212203,0.36615846191791845
C030016D13Rik,-0.03849491590108333,0.03849491590108333,0.006292865489735301
Rfx3,-0.009538978694664996,0.009538978694664996,0.4985462613328078
Glis3,0.0013967913237642258,0.0013967913237642258,0.9210601179029001
4430402I18Rik,0.007230965535389199,0.007230965535389199,0.607935091306651
Cd247,0.019843339731392847,0.019843339731392847,0.15914075644965378
1700018L02Rik,-0.016438642373274394,0.016438642373274394,0.2434714080246902
Adcy10,-0.019658500329593077,0.019658500329593077,0.16306119243777117
Gm9895,0.010395175289043256,0.010395175289043256,0.4608012448256602
Dpt,-0.029687997088229237,0.029687997088229237,0.03513981738717486
Cd274,-0.004555125920758356,0.004555125920758356,0.746562758133163
Rgl1,-0.02219157229528397,0.02219157229528397,0.11534348985860338
Rd3,-0.015878576391090908,0.015878576391090908,0.2599069962282411
Gm10516,-0.005699846596088036,0.005699846596088036,0.6859250455994184
Zfp516,-0.005271245100516724,0.005271245100516724,0.7084173460487542
Scml4,-0.006675368480161153,0.006675368480161153,0.6357825108848641
Foxo3,-0.011974768026296583,0.011974768026296583,0.39554401622385416
Cd226,0.010660497785322716,0.010660497785322716,0.4494372371406101
Armc2,-0.02343595805782534,0.02343595805782534,0.0963238195244769
1700045I19Rik,-0.01687998119048016,0.01687998119048016,0.23104469107311756
Mtl5,-0.003831521084922873,0.003831521084922873,0.7857476994571957
Ppil6,0.002794415268672838,0.002794415268672838,0.8428445997563146
Tktl1,0.0013967913237642314,0.0013967913237642314,0.9210601179029001
G630090E17Rik,-0.00973208698223944,0.00973208698223944,0.48989218328444034
Traf3ip2,-0.040587666423851095,0.040587666423851095,0.003967090201781082
Zfp236,-0.0304104740440361,0.0304104740440361,0.030925036316675005
Aldh3b2,-0.008030419716177708,0.008030419716177708,0.5688508762555746
Wisp3,0.007769260163546332,0.007769260163546332,0.581486099618158
1700025K23Rik,-0.03808651468752203,0.03808651468752203,0.006869382444991851
Tspyl4,0.0072933264619157185,0.0072933264619157185,0.6048436640920423
Dse,-0.002301071756918458,0.002301071756918458,0.8703178754367874
Fam26f,0.012901445287655423,0.012901445287655423,0.3600031729119406
Cabp4,-0.032727043438508685,0.032727043438508685,0.020205329387315635
A830082N09Rik,-0.020360950043488032,0.020360950043488032,0.14854177467850874
Tpd52l1,-0.011126603062599952,0.011126603062599952,0.4298634373099324
Gm20300,-0.014980888412974342,0.014980888412974342,0.2878222312449163
4930519F09Rik,-0.03279445627844636,0.03279445627844636,0.019949325007850398
Ptprk,0.0013967913237642306,0.0013967913237642306,0.9210601179029001
Acy3,-0.05726445929028541,0.05726445929028541,4.780896939484922e-05
Kcng2,-0.01789648784373769,0.01789648784373769,0.2041534803174833
Prdm1,0.007769260163546316,0.007769260163546316,0.581486099618158
Gp49a,0.011071563140439819,0.011071563140439819,0.4321487048219477
H2afy2,-0.06458356310029792,0.06458356310029792,4.500710737190522e-06
Spink13,-0.03411408344554356,0.03411408344554356,0.015477788571423958
Atp8b1,0.001975557426079612,0.001975557426079612,0.8885333123905684
Npffr1,-0.011126603062599948,0.011126603062599948,0.4298634373099324
Prf1,0.0024197941827397776,0.0024197941827397776,0.8636908514082474
Adamts14,-0.030460214533301097,0.030460214533301097,0.030651539840540396
Zfp532,0.0077692601635463154,0.0077692601635463154,0.581486099618158
Gnal,-0.00877784763393629,0.00877784763393629,0.5334321333612679
Afg3l2,-0.13304209573206519,0.13304209573206519,2.515364314766056e-21
Gm17455,0.007206897635499537,0.007206897635499537,0.60913009352886
Ccdc68,0.010660497785322702,0.010660497785322702,0.4494372371406101
Rab27b,-0.008279137778873381,0.008279137778873381,0.5569408626300879
D730045A05Rik,-0.027728969600787415,0.027728969600787415,0.04910601199954284
Cdh23,0.004281673037553983,0.004281673037553983,0.7613001144791811
Chst3,-0.040537302558553,0.040537302558553,0.004012349121839519
Ccdc11,-0.023435958057825102,0.023435958057825102,0.09632381952447912
S100g,0.015077717914759172,0.015077717914759172,0.28471738988498424
Fabp7,0.007769260163546332,0.007769260163546332,0.581486099618158
Gja1,-0.01089843386840292,0.01089843386840292,0.439382764287212
Gm16998,-0.019127828597470486,0.019127828597470486,0.17472105686554196
Pln,0.008526637670419435,0.008526637670419435,0.5452110540722556
Gm9766,0.014208831620642732,0.014208831620642732,0.31339340675621424
4930465K10Rik,-0.0056998465960879045,0.0056998465960879045,0.6859250455994312
Zfa,0.01206088275750277,0.01206088275750277,0.39215458730048425
Setbp1,0.015077717914759205,0.015077717914759205,0.28471738988498424
Samd3,0.018076211782029384,0.018076211782029384,0.1996460137152669
Lrfn4,-0.03279445627844622,0.03279445627844622,0.019949325007851154
Arg1,0.00139679132376423,0.00139679132376423,0.9210601179029001
Enpp3,0.002605542350335409,0.002605542350335409,0.8533418628865
Kcnk7,0.002794415268672798,0.002794415268672798,0.8428445997563146
Grm1,-0.000329189998277975,0.000329189998277975,0.9813670223889897
Gm5177,-0.018086492077018786,0.018086492077018786,0.19939039949241363
9130014G24Rik,-0.016216447965168745,0.016216447965168745,0.24990233292470157
Ltbp3,0.004420995003178134,0.004420995003178134,0.7537803561550889
Ust,0.010660497785322699,0.010660497785322699,0.4494372371406101
Zc3h12d,0.02071727228243534,0.02071727228243534,0.1415646084944816
Lrp11,-0.029066362678970496,0.029066362678970496,0.03914953006714418
Oprm1,-0.01808649207701852,0.01808649207701852,0.19939039949242046
Myct1,-0.026309841057950003,0.026309841057950003,0.0619111200886816
Batf2,-0.0180864920770186,0.0180864920770186,0.19939039949242046
Gpha2,0.010660497785322747,0.010660497785322747,0.44943723714059364
Gm221,-0.023136916843889348,0.023136916843889348,0.10064838227714705
Rmnd1,-0.018086492077018672,0.018086492077018672,0.19939039949241363
H60c,0.0019755574260795932,0.0019755574260795932,0.8885333123905684
Nrxn2,0.01507771791475919,0.01507771791475919,0.28471738988498424
Slc22a12,0.010660497785322689,0.010660497785322689,0.4494372371406101
Cr2,0.013785953373422316,0.013785953373422316,0.32801459814971745
Cd46,-0.032794456278446356,0.032794456278446356,0.019949325007850398
A330023F24Rik,-0.0029296717980667815,0.0029296717980667815,0.8353442554184489
Plxna2,-0.04824939111385845,0.04824939111385845,0.0006144549242870445
Camk1g,-0.03315333199182964,0.03315333199182964,0.018633574867559698
Irf6,-0.029687997088229147,0.029687997088229147,0.03513981738717611
Syt14,0.01066049778532269,0.01066049778532269,0.4494372371406101
Hhat,-0.04453721216701769,0.04453721216701769,0.0015703563350969803
Plagl1,0.0077692601635463154,0.0077692601635463154,0.581486099618158
Traf5,0.01066049778532265,0.01066049778532265,0.4494372371406101
Aig1,-0.0016219412414303063,0.0016219412414303063,0.9083878896875762
Txlnb,0.001975557426079679,0.001975557426079679,0.8885333123905684
Gm960,0.008526637670419434,0.008526637670419434,0.5452110540722556
1110021L09Rik,0.0019755574260796804,0.0019755574260796804,0.8885333123905684
Gm10825,-0.0165858365995496,0.0165858365995496,0.23927574100288318
Raet1e,0.0027944152686728203,0.0027944152686728203,0.8428445997563146
Car5b,-0.025196202468194116,0.025196202468194116,0.07379489988902514
Actn3,-0.028785424038631706,0.028785424038631706,0.041085370378281985
Ahi1,0.033835252012542595,0.033835252012542595,0.01634128439854446
Pde7b,0.0016184084141818537,0.0016184084141818537,0.9085865582889069
Bbs1,-0.007866915137794145,0.007866915137794145,0.5767460902671804
Rin1,0.014208086384907696,0.014208086384907696,0.31341879045669857
Cd248,-0.004575522818260138,0.004575522818260138,0.7454671254010569
Cnih2,-0.03279445627844617,0.03279445627844617,0.019949325007851154
Slc35d3,0.008526637670419427,0.008526637670419427,0.5452110540722556
Il20ra,-0.007866915137794146,0.007866915137794146,0.5767460902671804
Cst6,-0.023136916843889434,0.023136916843889434,0.10064838227714505
4930444F02Rik,-0.06555828270316091,0.06555828270316091,3.221248273866353e-06
D10Bwg1379e,-0.029687997088229147,0.029687997088229147,0.03513981738717611
Hebp2,0.002794415268672832,0.002794415268672832,0.8428445997563146
Fosl1,-0.0048184872785043175,0.0048184872785043175,0.732456261076819
Nhsl1,-0.016907198311555464,0.016907198311555464,0.23029336619389987
Ect2l,-0.00786691513779415,0.00786691513779415,0.5767460902671804
Efemp2,-0.03134541271350458,0.03134541271350458,0.02612055698789443
Reps1,-0.04904449253382304,0.04904449253382304,0.0004983107542855589
Ovol1,0.007427649013087804,0.007427649013087804,0.5982089367218442
Tmem27,-0.0010666128516730313,0.0010666128516730313,0.939679115627124
Gpr126,0.010660497785322753,0.010660497785322753,0.44943723714059364
Prg4,-0.03411408344554292,0.03411408344554292,0.015477788571425765
Cpeb3,0.02177010568783083,0.02177010568783083,0.12241635176172165
Ptgs2,-0.002055267235157758,0.002055267235157758,0.884067011994179
Ica1l,-0.023136916843889355,0.023136916843889355,0.10064838227714705
Bmpr2,-6.414616227195429e-05,6.414616227195429e-05,0.996368849253748
Als2cr12,-0.007649341251254667,0.007649341251254667,0.5873315508593159
Nrarp,-0.01631227666982815,0.01631227666982815,0.24711438035170308
Fam166a,0.01066049778532271,0.01066049778532271,0.4494372371406101
Ndor1,-0.02453696342095329,0.02453696342095329,0.0816677916657822
AA543186,-0.029151784294115024,0.029151784294115024,0.03857649798416531
Npdc1,-0.002929671798066813,0.002929671798066813,0.8353442554184347
Ptgds,-0.025941366694408143,0.025941366694408143,0.06565437031536263
9130024F11Rik,-0.007387560115405371,0.007387560115405371,0.6001856286755871
Plcl1,-0.007866915137794145,0.007866915137794145,0.5767460902671804
Carf,-0.001369144984645329,0.001369144984645329,0.9226175990159401
Boll,-0.03411408344554356,0.03411408344554356,0.015477788571423958
Gm996,-0.04328533795481731,0.04328533795481731,0.002123365028426831
Gtf3c3,-0.031454791893050546,0.031454791893050546,0.02560303122071281
Fcna,-0.05503815914902924,0.05503815914902924,9.315450093235461e-05
1700019D03Rik,-0.01959954782933293,0.01959954782933293,0.16432676352169104
Sdpr,0.001618408414181879,0.001618408414181879,0.9085865582889069
Col5a2,-0.012737026096211985,0.012737026096211985,0.36615846191792684
Col3a1,-0.02878542403863172,0.02878542403863172,0.04108537037828019
Ercc5,-0.04914967495329009,0.04914967495329009,0.0004845796013547482
Fhl2,-0.0035137883592598054,0.0035137883592598054,0.8031333047588882
Il1rl2,-6.414616227193759e-05,6.414616227193759e-05,0.996368849253748
Creg2,-0.0332433123559704,0.0332433123559704,0.01831582689501387
Pgap1,0.00428912466154599,0.00428912466154599,0.7608973426625854
Il1rn,-0.024775472976378717,0.024775472976378717,0.07874421419657704
Tbpl2,0.010660497785322723,0.010660497785322723,0.4494372371406101
Cd28,-0.0006999810067583852,0.0006999810067583852,0.9603919991900199
Wnt6,-0.019599547829332875,0.019599547829332875,0.16432676352169104
Sfmbt2,0.001222226683858951,0.001222226683858951,0.930899206523491
Stk36,0.008526637670419442,0.008526637670419442,0.5452110540722556
Zfp142,0.014389040640712397,0.014389040640712397,0.3072949636924768
Il2ra,-0.029687997088229234,0.029687997088229234,0.03513981738717486
Vil1,-0.001019940344664561,0.001019940344664561,0.9423139099801041
Gm216,-0.02343595805782538,0.02343595805782538,0.0963238195244769
Itga8,-0.03308835368189525,0.03308835368189525,0.01886602116373356
Cxcr1,-6.41461622719673e-05,6.41461622719673e-05,0.996368849253748
Rufy4,-0.03907248318473694,0.03907248318473694,0.0055518101238393805
Tns1,0.0038422984333889767,0.0038422984333889767,0.7851598034323517
St8sia6,0.002794415268672849,0.002794415268672849,0.8428445997563146
Igfbp5,0.0031245617336548587,0.0031245617336548587,0.824563519250633
Igfbp2,-0.03411408344554292,0.03411408344554292,0.015477788571425765
Gm13315,-0.033243312355970576,0.033243312355970576,0.018315826895012894
Plxdc2,0.0013967913237642306,0.0013967913237642306,0.9210601179029001
Nebl,-0.046301435141881196,0.046301435141881196,0.0010136222536030399
A930004D18Rik,-0.029687997088229147,0.029687997088229147,0.03513981738717611
D630023F18Rik,-0.04387401798658928,0.04387401798658928,0.001844214940627747
Cryga,0.0024197941827397798,0.0024197941827397798,0.8636908514082474
Nrp2,-0.037525142155169985,0.037525142155169985,0.007739211289872164
Gm3230,-0.026683522590552556,0.026683522590552556,0.05829707372341017
Etl4,0.0013967913237642362,0.0013967913237642362,0.9210601179029001
Icos,0.010181467298997538,0.010181467298997538,0.47007013167152945
Ctla4,-0.01108133141438404,0.01108133141438404,0.4317426116195737
Chst10,-0.016200890032544896,0.016200890032544896,0.2503570257024285
Gm711,-0.010239319419125481,0.010239319419125481,0.4675508683581163
Slc2a6,0.031092252906076364,0.031092252906076364,0.027353167035348805
Sardh,0.010660497785322721,0.010660497785322721,0.4494372371406101
Xlr4b,-0.04008393987261454,0.04008393987261454,0.004441349071741467
Khdc1a,0.0019755574260796223,0.0019755574260796223,0.8885333123905684
Xlr3b,-0.03367260975884488,0.03367260975884488,0.016864262881183444
Gsta3,0.0013967913237642334,0.0013967913237642334,0.9210601179029001
Tmem14a,-0.04870607888453023,0.04870607888453023,0.0005449892808531666
4930408F14Rik,0.0024197941827397776,0.0024197941827397776,0.8636908514082474
Dpm2,-0.04345433844509814,0.04345433844509814,0.002039501737519311
Pip5kl1,0.0013967913237642325,0.0013967913237642325,0.9210601179029001
Fam129b,-0.0007070864764457915,0.0007070864764457915,0.9599902758634336
Tram2,-0.008618194154916551,0.008618194154916551,0.5409031761415147
Xlr3a,-0.0632454298453756,0.0632454298453756,7.069648712636758e-06
Snora65,-0.024232781573747877,0.024232781573747877,0.08552344023929977
Garnl3,0.0019755574260796153,0.0019755574260796153,0.8885333123905684
Efhc1,-0.05197836736331434,0.05197836736331434,0.000224067018288541
Ralgps1,-0.014679189478055478,0.014679189478055478,0.29764217668360027
Il17f,-0.012737026096212148,0.012737026096212148,0.36615846191792684
Angptl2,0.0072690638119742215,0.0072690638119742215,0.6060456024314973
Crispld1,0.0013967913237642353,0.0013967913237642353,0.9210601179029001
Rdh10,-0.037018807151425706,0.037018807151425706,0.00860705175084122
Eya1,-0.012194028008766003,0.012194028008766003,0.3869488563660169
Prex2,-0.05837847550891082,0.05837847550891082,3.3933549224771675e-05
Traf1,0.00999742728976662,0.00999742728976662,0.4781340884308218
Hc,0.017063447292438912,0.017063447292438912,0.2260137293801836
Mybl1,-0.005760365200568137,0.005760365200568137,0.6827708705222177
Ttll11,-0.0010666128516730175,0.0010666128516730175,0.939679115627124
B3gat2,0.017063447292438923,0.017063447292438923,0.2260137293801836
Wnt10a,-0.01959954782933287,0.01959954782933287,0.16432676352169104
Fam135a,-0.008618194154916598,0.008618194154916598,0.5409031761415147
Col9a1,-0.04824939111385865,0.04824939111385865,0.0006144549242870005
Rxra,-0.015653193491210422,0.015653193491210422,0.26673293328760056
Ppp1r26,-0.0010666128516729854,0.0010666128516729854,0.939679115627124
Cel,0.00852663767041945,0.00852663767041945,0.5452110540722556
Gtf3c5,-0.049576883447557965,0.049576883447557965,0.00043235538394088645
Ak8,-0.05105669566044087,0.05105669566044087,0.0002893062752012544
Tsga10,-0.009580070991543147,0.009580070991543147,0.49669794462724925
2010300C02Rik,0.003697766370062661,0.003697766370062661,0.7930539818322678
4930594C11Rik,0.00589966728622528,0.00589966728622528,0.6755316591668923
Ntng2,0.007427649013087767,0.007427649013087767,0.5982089367218442
Tmlhe,-0.03272704343850865,0.03272704343850865,0.020205329387315635
Zap70,0.023831274849960407,0.023831274849960407,0.09083651766783242
Zf12,-0.04009024645902717,0.04009024645902717,0.004435106842426728
Rapgef1,-0.028903640581221097,0.028903640581221097,0.0402611232205327
Sema4c,-0.03061248456499834,0.03061248456499834,0.029827159581110055
Ankrd23,-0.019395177486536498,0.019395177486536498,0.1687714017263897
Prss39,0.0013967913237642301,0.0013967913237642301,0.9210601179029001
Phyhd1,0.018558212218186022,0.018558212218186022,0.1879171037352548
Kdm5d,-0.037947484222134197,0.037947484222134197,0.0070762082710541015
Dolk,-0.05612553217091309,0.05612553217091309,6.7454955634075e-05
Dst,-0.004575522818260137,0.004575522818260137,0.7454671254010569
Gm15455,-0.04488214530606212,0.04488214530606212,0.0014432128418203913
Rab23,-0.012794000325890556,0.012794000325890556,0.36401815087949535
Ier5l,0.008526637670419416,0.008526637670419416,0.5452110540722556
1700001O22Rik,-0.007387560115405386,0.007387560115405386,0.6001856286755871
4931428L18Rik,0.007269063811974177,0.007269063811974177,0.6060456024314973
Qrfp,0.00726906381197416,0.00726906381197416,0.6060456024314973
Ihh,0.007206897635499627,0.007206897635499627,0.60913009352886
5430407P10Rik,-0.007866915137794143,0.007866915137794143,0.5767460902671804
Slc23a3,-0.007390844374039323,0.007390844374039323,0.6000235783586199
Pm20d1,0.0036977663700626584,0.0036977663700626584,0.7930539818322678
Il10,-0.01112660306259995,0.01112660306259995,0.4298634373099324
Cyp2c44,-0.023460575949678725,0.023460575949678725,0.09597453489507354
Pigr,-0.004575522818260135,0.004575522818260135,0.7454671254010569
AA986860,0.018011321723071447,0.018011321723071447,0.20126499542932125
Scd3,0.01507771791475918,0.01507771791475918,0.28471738988498424
Yod1,-0.018198811555758015,0.018198811555758015,0.19661319325138443
Scd4,0.010660497785322662,0.010660497785322662,0.4494372371406101
Pfkfb2,-0.0009475202860465904,0.0009475202860465904,0.9464034651972713
2900009J06Rik,-0.0337377084523177,0.0337377084523177,0.016653199813173394
Acmsd,0.007829865471157348,0.007829865471157348,0.5785422745004547
Sema4g,-0.008279137778873376,0.008279137778873376,0.5569408626300879
Tmem163,-0.020360950043488077,0.020360950043488077,0.14854177467850874
Kazald1,-0.03061248456499826,0.03061248456499826,0.029827159581111776
Tmem37,-0.006085798647807518,0.006085798647807518,0.6659055687634562
Kcnip2,-0.007866915137794145,0.007866915137794145,0.5767460902671804
Elovl3,-0.028671320848919494,0.028671320848919494,0.04189444809231106
Ptpn4,-0.02266337288743333,0.02266337288743333,0.1078114067043128
Psd,-0.0383561754550794,0.0383561754550794,0.006483641292534495
Epb4.1l5,-0.012737026096211981,0.012737026096211981,0.36615846191792684
Dsel,-0.0009544536183332104,0.0009544536183332104,0.9460118776155733
Serpinb8,0.003708492631761712,0.003708492631761712,0.7924673856890144
Sufu,-0.02619119303676324,0.02619119303676324,0.06309667413315839
Serpinb5,0.0013967913237642364,0.0013967913237642364,0.9210601179029001
Tnfrsf11a,-0.012737026096212195,0.012737026096212195,0.36615846191791845
Cpn1,0.003953471616372642,0.003953471616372642,0.7791025986454386
Rnf152,0.019702570046932204,0.019702570046932204,0.16211992932288452
Dnmbp,-0.030460214533300983,0.030460214533300983,0.030651539840540396
BC037704,-0.027697563952611366,0.027697563952611366,0.04936325951140014
4931408D14Rik,0.007269063811974186,0.007269063811974186,0.6060456024314973
Cyp26a1,0.007769260163546303,0.007769260163546303,0.581486099618158
Tbc1d12,-0.03363574460929405,0.03363574460929405,0.01698482514468908
Aspm,0.01497073517477669,0.01497073517477669,0.28814911274899757
Sorbs1,0.009735762678316027,0.009735762678316027,0.4897282456495795
Gpr25,0.0013967913237642353,0.0013967913237642353,0.9210601179029001
Dntt,-0.054679544830229874,0.054679544830229874,0.0001034888419897475
Cacna1s,0.007353057887638868,0.007353057887638868,0.601889215653092
Tnni1,0.0013967913237642267,0.0013967913237642267,0.9210601179029001
Lcor,-0.005787982992074023,0.005787982992074023,0.681333290336419
Slit1,0.008526637670419418,0.008526637670419418,0.5452110540722556
Syt2,-0.01033308034050298,0.01033308034050298,0.4634838329388002
Ankrd2,-0.00930894450130335,0.00930894450130335,0.5089602721113613
Hoga1,0.0019755574260796114,0.0019755574260796114,0.8885333123905684
Morn4,-0.03411408344554291,0.03411408344554291,0.015477788571425765
Ppfia4,-0.031007514213830245,0.031007514213830245,0.027776808908255787
Prelp,-0.029687997088229234,0.029687997088229234,0.03513981738717486
Sfrp5,-0.024505452121807547,0.024505452121807547,0.08206054860990371
Crtac1,0.011602872371968997,0.011602872371968997,0.41038369749198467
Zc3h11a,-0.01418176896280149,0.01418176896280149,0.31431606356574
Gpm6b,0.001975557426079624,0.001975557426079624,0.8885333123905684
Plekha6,0.002794415268672832,0.002794415268672832,0.8428445997563146
Nkx2-3,-0.00786691513779415,0.00786691513779415,0.5767460902671804
Mfsd4,-0.0021086091847976815,0.0021086091847976815,0.881080202563161
Slc45a3,-0.02313691684388944,0.02313691684388944,0.10064838227714505
Gm10768,-0.0034264932650994763,0.0034264932650994763,0.8079273952580198
Col13a1,-0.007387560115405387,0.007387560115405387,0.6001856286755871
B230216N24Rik,0.004121016526428597,0.004121016526428597,0.7699994045361198
Pdcd1,0.004712276389558564,0.004712276389558564,0.7381347046945098
Ugt1a7c,0.017525689942617686,0.017525689942617686,0.21368603964463864
Pnlip,0.015558067968612902,0.015558067968612902,0.2696505761757159
Pnliprp1,0.021214966394804306,0.021214966394804306,0.13224411465612082
Hspa12a,-0.01568072428664812,0.01568072428664812,0.2658925885083841
4930506M07Rik,0.01177973378132528,0.01177973378132528,0.403285603734927
3110079O15Rik,-0.03411408344554292,0.03411408344554292,0.015477788571425765
Kcnj13,0.0019755574260796847,0.0019755574260796847,0.8885333123905684
Efhd1,0.010660497785322699,0.010660497785322699,0.4494372371406101
B3gnt7,0.0019755574260796847,0.0019755574260796847,0.8885333123905684
Armc9,0.0034955023768333308,0.0034955023768333308,0.8041369317691801
Gpr55,0.00241979418273977,0.00241979418273977,0.8636908514082474
Gm7609,0.015558067968612822,0.015558067968612822,0.2696505761757159
Pid1,0.001444054687302479,0.001444054687302479,0.9183981984006422
Dusp9,-0.01864887446950829,0.01864887446950829,0.1857689399992474
Grk5,0.01165993896736858,0.01165993896736858,0.4080853374435012
Gm7102,0.010508459454405785,0.010508459454405785,0.4559296424914545
Csprs,0.025378153254652397,0.025378153254652397,0.07173472396442945
Fam171a1,0.002794415268672827,0.002794415268672827,0.8428445997563146
Obsl1,-0.0029296717980667867,0.0029296717980667867,0.8353442554184489
Acbd7,-0.012737026096212056,0.012737026096212056,0.36615846191792684
Meig1,-0.02423278157374794,0.02423278157374794,0.08552344023929977
Tmem198,-0.008279137778873381,0.008279137778873381,0.5569408626300879
Ptprn,-0.024505452121807453,0.024505452121807453,0.08206054860990371
A630095N17Rik,0.007769260163546321,0.007769260163546321,0.581486099618158
Arhgap6,-0.02252988414464025,0.02252988414464025,0.10990188929022672
Heatr7b1,-0.0009544536183331528,0.0009544536183331528,0.9460118776155733
Slc6a8,0.0013967913237642353,0.0013967913237642353,0.9210601179029001
Gfra1,-0.014966314084917888,0.014966314084917888,0.2882915270495321
6720468P15Rik,-0.006472052220157096,0.006472052220157096,0.6461059481295863
Bok,-0.018058153777687484,0.018058153777687484,0.20009559585906705
Sh3pxd2a,-0.028093809694093717,0.028093809694093717,0.046199113382503404
Gm19557,0.018468192125159415,0.018468192125159415,0.19006812913987098
Farp2,0.010990669163061732,0.010990669163061732,0.4355201727325767
Wdr96,0.001975557426079685,0.001975557426079685,0.8885333123905684
Gsto2,-0.002601516221660504,0.002601516221660504,0.8535659186429978
Ins1,0.02132735024633271,0.02132735024633271,0.1302067442072404
1700001K23Rik,-0.010333080340502905,0.010333080340502905,0.4634838329388069
Egfl6,-0.00738756011540539,0.00738756011540539,0.6001856286755871
Dusp5,-0.052389095679454725,0.052389095679454725,0.0001996871648800636
Sned1,-0.021478893809558305,0.021478893809558305,0.12749812073983172
Rbm20,-0.018727744513861957,0.018727744513861957,0.18391499191908522
Kif1a,-0.02968799708822915,0.02968799708822915,0.03513981738717611
Gpr35,0.016417982066676624,0.016417982066676624,0.24406442612511722
1700020N18Rik,0.007769260163546317,0.007769260163546317,0.581486099618158
Gucy2g,0.0013967913237642353,0.0013967913237642353,0.9210601179029001
Espnl,-0.03411408344554291,0.03411408344554291,0.015477788571425765
Tcf7l2,-0.009636089214743317,0.009636089214743317,0.494184159287214
Tlr8,0.018468192125159443,0.018468192125159443,0.19006812913987098
Rab17,-0.028071582920663918,0.028071582920663918,0.04637196721596521
Adrb1,0.015077717914759184,0.015077717914759184,0.28471738988498424
Ablim1,-0.011867748220831215,0.011867748220831215,0.39978083103727396
Mlph,-0.002929671798066783,0.002929671798066783,0.8353442554184489
Gbx2,0.007769260163546333,0.007769260163546333,0.581486099618158
Sh3bp4,-0.03859277833677706,0.03859277833677706,0.006161353215678428
A730008H23Rik,0.01321718365656033,0.01321718365656033,0.348366399708438
2010107G23Rik,0.015077717914759186,0.015077717914759186,0.28471738988498424
Gpr137c,-0.019182605355983987,0.019182605355983987,0.17348946281505048
Ntn4,0.010660497785322697,0.010660497785322697,0.4494372371406101
Ifng,0.0013967913237642353,0.0013967913237642353,0.9210601179029001
Hbegf,-0.006818579387254617,0.006818579387254617,0.6285530186732186
Cabyr,0.010660497785322702,0.010660497785322702,0.4494372371406101
4933411E08Rik,0.015077717914759176,0.015077717914759176,0.28471738988498424
AI646023,-0.01033308034050299,0.01033308034050299,0.4634838329388002
Gm10536,0.013118726144352852,0.013118726144352852,0.3519692090108999
Socs2,-0.0027425917541829044,0.0027425917541829044,0.8457221749979887
Rfx4,-0.007866915137794146,0.007866915137794146,0.5767460902671804
Rhoq,0.004635413492226351,0.004635413492226351,0.7422530390052449
Epas1,0.002419794182739767,0.002419794182739767,0.8636908514082474
Ggt1,0.004277046127338906,0.004277046127338906,0.7615502386928892
Camk4,0.013629635186899861,0.013629635186899861,0.3335296009483127
Susd2,0.005054833980945671,0.005054833980945671,0.719873079835785
Gm6568,-0.007387560115405355,0.007387560115405355,0.6001856286755871
4930404N11Rik,-0.006095706714379747,0.006095706714379747,0.6653946784948372
Zfp521,-0.008279137778873378,0.008279137778873378,0.5569408626300879
Psma8,-0.0451832051516393,0.0451832051516393,0.0013400667379342864
Ltbp1,-0.023435958057825106,0.023435958057825106,0.09632381952447912
Gzmm,-0.02280831800642456,0.02280831800642456,0.10557728672786339
2210404O07Rik,-0.09895749675567302,0.09895749675567302,1.949716676767957e-12
Gm16517,-0.05177880243124776,0.05177880243124776,0.00023689628584716395
Cpm,-0.050810932453786546,0.050810932453786546,0.0003094933630901441
Gstt1,0.0010525380084335238,0.0010525380084335238,0.9404736119462555
Mmp11,0.001975557426079685,0.001975557426079685,0.8885333123905684
Taf4b,-0.043654191028184006,0.043654191028184006,0.0019442544328329681
Tmcc3,-0.019658500329593237,0.019658500329593237,0.1630611924377651
Gm5134,0.003423126107937428,0.003423126107937428,0.8081124592635918
D0H4S114,-0.007866915137794145,0.007866915137794145,0.5767460902671804
Slc12a2,-0.03421842996747167,0.03421842996747167,0.015165119021266027
Grin3b,0.001975557426079616,0.001975557426079616,0.8885333123905684
Greb1l,-0.007387560115405595,0.007387560115405595,0.6001856286755755
BC030307,-0.03609970487421639,0.03609970487421639,0.010406931264060837
Wif1,-0.023435958057825397,0.023435958057825397,0.0963238195244769
Kiss1r,0.0028823253289953546,0.0028823253289953546,0.8379680807779959
Gng7,-0.019749320125929032,0.019749320125929032,0.16112590482175168
Zfr2,-0.012737026096211983,0.012737026096211983,0.36615846191792684
Iigp1,0.0004292206092462916,0.0004292206092462916,0.9757065850709996
Gm6277,-0.022432645997070268,0.022432645997070268,0.11144473533622797
Gm15910,-0.01726390164667973,0.01726390164667973,0.22060682107302035
Gm5779,-0.03411408344554292,0.03411408344554292,0.015477788571425765
Upb1,-0.027803005254416972,0.027803005254416972,0.048504025072423025
Apc,-0.04501113761213422,0.04501113761213422,0.0013981542723498497
9230105E05Rik,0.010644364551586025,0.010644364551586025,0.4501236696356191
Timp3,-0.045854539047684405,0.045854539047684405,0.0011340771243970173
Hmga2,-0.025329614696308234,0.025329614696308234,0.07227964992604807
F830016B08Rik,0.0013967913237642332,0.0013967913237642332,0.9210601179029001
Gm4841,0.0019755574260796856,0.0019755574260796856,0.8885333123905684
Syn3,0.015077717914759193,0.015077717914759193,0.28471738988498424
Btbd11,-0.027989320406340168,0.027989320406340168,0.047016451174866275
Gm10548,-0.009261965124305178,0.009261965124305178,0.5111010284701267
9130017N09Rik,-0.012737026096212176,0.012737026096212176,0.36615846191792684
Gm4951,0.015077717914759179,0.015077717914759179,0.28471738988498424
Tbxa2r,-0.006398143718536255,0.006398143718536255,0.6498757589161246
Dyrk2,-0.01528708539939102,0.01528708539939102,0.278081697384681
Fhl4,-0.014892386317094598,0.014892386317094598,0.2906799541285842
Nuak1,-0.007387560115405606,0.007387560115405606,0.6001856286755755
Plxna3,-0.007866915137794148,0.007866915137794148,0.5767460902671804
Prmt2,-0.004793625147201906,0.004793625147201906,0.733784187720297
Tdg,-0.02538771201090263,0.02538771201090263,0.07162780861092316
Fchsd1,-0.03530751797902655,0.03530751797902655,0.012219216107967749
Syde1,-0.04824939111385841,0.04824939111385841,0.0006144549242870445
Thada,-0.031256457231730414,0.031256457231730414,0.02654808977904175
Plekhh2,-0.022432645997070427,0.022432645997070427,0.11144473533622674
Trim36,0.012060882757502745,0.012060882757502745,0.39215458730048425
Gm10941,-0.00806400608668811,0.00806400608668811,0.5672354909735196
Lum,-0.02313691684388936,0.02313691684388936,0.10064838227714705
Agpat3,-0.00948842854546226,0.00948842854546226,0.5008249942090244
Fam82a1,-0.02868253222647114,0.02868253222647114,0.04181435826151086
Bbs10,-0.03524848347596656,0.03524848347596656,0.012364845351091135
Spink3,0.010660497785322676,0.010660497785322676,0.4494372371406101
Lrrc3,-0.03411408344554356,0.03411408344554356,0.015477788571423958
Dcn,-0.010740157318912397,0.010740157318912397,0.446056617619757
Fhod3,0.0013967913237642325,0.0013967913237642325,0.9210601179029001
Tle2,-0.02036095004348813,0.02036095004348813,0.14854177467850874
Adarb1,0.015077717914759202,0.015077717914759202,0.28471738988498424
Slc3a1,0.0019755574260796258,0.0019755574260796258,0.8885333123905684
Kcnmb4,0.01311872614435285,0.01311872614435285,0.3519692090108999
Gm5176,-0.050534153515756026,0.050534153515756026,0.00033380359678966063
Celf4,-0.03411408344554355,0.03411408344554355,0.015477788571423958
Gm17769,-0.03859277833677705,0.03859277833677705,0.006161353215678428
4933416C03Rik,-0.017569476630277296,0.017569476630277296,0.21254392822617701
Gm5820,-0.007866915137794148,0.007866915137794148,0.5767460902671804
Zfp781,-0.033243312355970556,0.033243312355970556,0.018315826895012894
Slc25a2,-0.007387560115405398,0.007387560115405398,0.6001856286755871
Pawr,0.008526637670419411,0.008526637670419411,0.5452110540722556
Mospd4,0.013118726144352874,0.013118726144352874,0.3519692090108999
Col18a1,-0.03411408344554291,0.03411408344554291,0.015477788571425765
Gm20110,-0.02968799708822916,0.02968799708822916,0.03513981738717611
Pcdhb16,0.010660497785322689,0.010660497785322689,0.4494372371406101
Mta3,-0.029563120610889615,0.029563120610889615,0.03591591910079881
Dsg2,-0.03279445627844607,0.03279445627844607,0.019949325007851154
Ttr,-0.08360361902599167,0.08360361902599167,2.818339398250978e-09
Crim1,-0.03972545321260271,0.03972545321260271,0.004809536295504249
S100b,-0.014966314084917942,0.014966314084917942,0.2882915270495321
Lims2,0.012060882757502757,0.012060882757502757,0.39215458730048425
Prkce,-0.022667154469788935,0.022667154469788935,0.1077526473925454
Vit,-0.06568690889505698,0.06568690889505698,3.0810900260738944e-06
1500009L16Rik,-0.023847343882800173,0.023847343882800173,0.09061889623098739
Celf5,-0.0003291899982778413,0.0003291899982778413,0.9813670223890008
Tbc1d30,-0.0004885590895638608,0.0004885590895638608,0.9723493550274438
Gpr64,0.010660497785322754,0.010660497785322754,0.44943723714059364
Klhl14,-0.016585836599549722,0.016585836599549722,0.23927574100288318
2610008E11Rik,-0.044305693234263525,0.044305693234263525,0.00166139330878269
1700106N22Rik,-0.061334085931802,0.061334085931802,1.3271486255745483e-05
Slc41a2,-0.012762696233236085,0.012762696233236085,0.36519316012514663
Sh3tc2,-0.0036071052610609673,0.0036071052610609673,0.7980166884314914
Glt8d2,-0.022618992459698593,0.022618992459698593,0.10850289950169696
Pcdhb17,0.010660497785322704,0.010660497785322704,0.4494372371406101
Reep2,-0.02313691684388944,0.02313691684388944,0.10064838227714505
Sap130,-0.057423602819941084,0.057423602819941084,4.5540869013152516e-05
Col6a2,-0.03411408344554357,0.03411408344554357,0.015477788571423958
LOC100503280,-0.034114083445543564,0.034114083445543564,0.015477788571423958
Pcbp3,-0.043220382171794476,0.043220382171794476,0.0021564305862480887
Fam59a,0.012756694021912976,0.012756694021912976,0.3654187253067311
Stab2,0.01311872614435285,0.01311872614435285,0.3519692090108999
Fgf1,0.018468192125159388,0.018468192125159388,0.19006812913987098
Arhgef33,-0.011081331414384044,0.011081331414384044,0.4317426116195737
Cdkl4,-0.0011618925715245615,0.0011618925715245615,0.9343023870258907
Pde6a,-0.025585788936705572,0.025585788936705572,0.06944152616191623
Mypn,0.010660497785322721,0.010660497785322721,0.4494372371406101
Spdya,0.012060882757502712,0.012060882757502712,0.39215458730048713
Ccdc38,0.0150777179147592,0.0150777179147592,0.28471738988498424
Map4k3,-0.01819713513667797,0.01819713513667797,0.19665443503264463
1700040L02Rik,-0.0421093464248324,0.0421093464248324,0.002800164105417685
Nrxn1,-0.024719609449842552,0.024719609449842552,0.0794212228368975
Gm4925,-0.0400952336917919,0.0400952336917919,0.004430176132348714
Pbld1,-0.0063299022398445644,0.0063299022398445644,0.6533644915948627
Reps2,-0.024069275512383772,0.024069275512383772,0.08765596958505349
LOC545261,-0.011126603062599959,0.011126603062599959,0.4298634373099324
A130077B15Rik,0.010660497785322666,0.010660497785322666,0.4494372371406101
Ecscr,-0.0003291899982779837,0.0003291899982779837,0.9813670223889897
Ano4,-0.04039271008869831,0.04039271008869831,0.004144901526524636
Gm10190,-0.0378104928782185,0.0378104928782185,0.0072854504865413295
Gm10125,0.001975557426079686,0.001975557426079686,0.8885333123905684
Rufy2,0.0022471656347599397,0.0022471656347599397,0.8733299240104188
Nme5,-0.004575522818260135,0.004575522818260135,0.7454671254010569
Arhgap12,-0.0026856776428030027,0.0026856776428030027,0.8488847836279964
Pkdcc,0.0013967913237642256,0.0013967913237642256,0.9210601179029001
Arhgef37,0.0013967913237642267,0.0013967913237642267,0.9210601179029001
Tmem178,-0.04362896594793076,0.04362896594793076,0.001956047042091732
Sirt1,-0.04668580608909326,0.04668580608909326,0.000919608212532898
Srgap1,0.017904000398722447,0.017904000398722447,0.20396359563262503
Kitl,-0.048249391113858356,0.048249391113858356,0.0006144549242870445
Slc17a8,0.010660497785322697,0.010660497785322697,0.4494372371406101
Gm8580,-0.03571431330128324,0.03571431330128324,0.0112563650322166
Dos,-0.041025979705963035,0.041025979705963035,0.0035923440802872204
Adamtsl5,0.018227997459593,0.018227997459593,0.1958962019809971
Gm6225,0.022341983745748174,0.022341983745748174,0.11289858888627763
4933408J17Rik,0.007769260163546338,0.007769260163546338,0.581486099618158
Tmem26,-0.016585836599549597,0.016585836599549597,0.23927574100288318
Cdkl5,-0.03324331235597023,0.03324331235597023,0.01831582689501387
Colec12,0.00852663767041945,0.00852663767041945,0.5452110540722556
Ehd3,-0.013563015129512577,0.013563015129512577,0.3358980693975142
Efna2,-0.03411408344554357,0.03411408344554357,0.015477788571423958
4930507D05Rik,-0.008410248630424081,0.008410248630424081,0.5507118078030151
Jsrp1,0.0013967913237642306,0.0013967913237642306,0.9210601179029001
Lrig3,-0.03849491590108329,0.03849491590108329,0.006292865489735301
Amdhd1,0.008526637670419411,0.008526637670419411,0.5452110540722556
Csl,0.014774440690623907,0.014774440690623907,0.29451797196901297
Ank3,0.007769260163546339,0.007769260163546339,0.581486099618158
Pkd2l2,-0.018256479486831297,0.018256479486831297,0.19519835107454125
Pbld2,-0.012762696233235924,0.012762696233235924,0.36519316012515435
Pcsk4,-0.05234479000641133,0.05234479000641133,0.00020219185710184488
2310015B20Rik,0.001975557426079623,0.001975557426079623,0.8885333123905684
Slc6a15,-0.007866915137794143,0.007866915137794143,0.5767460902671804
Myom1,-0.029687997088229154,0.029687997088229154,0.03513981738717611
Rhobtb1,-0.06042447013390842,0.06042447013390842,1.7797799094635035e-05
Fzd8,-0.034114083445543564,0.034114083445543564,0.015477788571423958
Tyms-ps,-0.02212764055082579,0.02212764055082579,0.11639520834014079
Slc26a2,-0.031099509051283822,0.031099509051283822,0.02731715115160245
Slc23a1,-0.004306498276711226,0.004306498276711226,0.7599585235950216
9430020K01Rik,0.0036436317844787255,0.0036436317844787255,0.7960162658560223
Gm9079,-0.03272704343850862,0.03272704343850862,0.020205329387316406
Usp44,-0.007928188474748996,0.007928188474748996,0.5737813130399272
Spic,0.02121496639480442,0.02121496639480442,0.13224411465611846
Foxo1,-0.03574958715289753,0.03574958715289753,0.011176136762994438
Crocc,-0.007828350375181276,0.007828350375181276,0.5786157829300032
Phc1,-0.0305377483954808,0.0305377483954808,0.030229364109888465
Tmed1,-0.062002827722126515,0.062002827722126515,1.0668473021060992e-05
Gstm2,-0.018259184388085416,0.018259184388085416,0.1951321719537912
Nbas,-0.034393924440638435,0.034393924440638435,0.014651786147559801
Gtf3c1,-0.04442184383195582,0.04442184383195582,0.0016151310086751766
Oaf,-0.041627871161651384,0.041627871161651384,0.0031301372555647723
Zkscan5,-0.060004093554214155,0.060004093554214155,2.0355091228067686e-05
Rgs1,0.015792981262961893,0.015792981262961893,0.26248495100086505
Fam116b,-0.03088083523579345,0.03088083523579345,0.028420670234565366
1110034G24Rik,-0.04158881562936321,0.04158881562936321,0.0031583993229439126
Abi2,-0.07300153542385185,0.07300153542385185,2.146601877421548e-07
Fam120c,-0.06024678816387676,0.06024678816387676,1.883894932512202e-05
Eps8,-0.012191881955355206,0.012191881955355206,0.3870324274629058
Mamdc4,-0.031126062839674288,0.031126062839674288,0.027185699934338274
Clec4b1,0.007158268675989488,0.007158268675989488,0.6115477655988797
Gm6607,0.00046818336739460253,0.00046818336739460253,0.9735021127027057
Abcg4,0.013864795717975352,0.013864795717975352,0.32525555954312957
Flt1,-0.0191996011764359,0.0191996011764359,0.1731086522623821
F3,-0.006569461904659141,0.006569461904659141,0.6411512829894278
Cxcr5,-0.0386990615807723,0.0386990615807723,0.006021331936340273
Amz1,-0.04706503815752382,0.04706503815752382,0.0008348252768267161
Camsap2,-0.011516844875346502,0.011516844875346502,0.413862954886456
Csf1,-0.029289589531985544,0.029289589531985544,0.03766708622348575
Gm13375,-0.021725814724350305,0.021725814724350305,0.12317888171495002
Rasgef1a,-0.059721227601586276,0.059721227601586276,2.2268773642937793e-05
Ccdc150,0.01655513986266488,0.01655513986266488,0.24014649512658087
Gm13152,-0.008331356825846018,0.008331356825846018,0.5544558362337342
Otud1,-0.06229949821217934,0.06229949821217934,9.676869636607728e-06
Adcy9,-0.024361559074337135,0.024361559074337135,0.08387353755739198
5031414D18Rik,0.016318136961819534,0.016318136961819534,0.24694459577374356
Zfp933,-0.0356013336095425,0.0356013336095425,0.011516782640894325
Gm13251,-0.019921100280747003,0.019921100280747003,0.15751292925287544
Snx7,-0.05973691730033061,0.05973691730033061,2.2158289833545754e-05
Gm16516,-0.048872011461057165,0.048872011461057165,0.0005216149920205324
Pdpn,0.0013769551228393021,0.0013769551228393021,0.9221775776064961
Hinfp,-0.06663857539559381,0.06663857539559381,2.21138968591076e-06
Plcb4,-0.04809546537197115,0.04809546537197115,0.0006396663235913139
Cfh,0.025140059664495645,0.025140059664495645,0.07444026553391674
Gm15706,-0.02337319995643286,0.02337319995643286,0.09721884788490986
Rnu11,-0.0422817072960462,0.0422817072960462,0.0026899805229317884
H2-Ob,-0.014137940623424668,0.014137940623424668,0.3158141028372198
Flt3,-0.027032669477679742,0.027032669477679742,0.05508036451155632
Slc10a1,-0.04218167103416483,0.04218167103416483,0.0027534374940060054
Cela2a,0.057120498533417795,0.057120498533417795,4.995255186063877e-05
Gm4787,-0.03392071123910494,0.03392071123910494,0.016072240428562274
Tmem51,0.0242225237778959,0.0242225237778959,0.08565598348102776
Zfp395,-0.06784642770900659,0.06784642770900659,1.4423265695468592e-06
Itpr2,0.016925890924159356,0.016925890924159356,0.22977836611916422
Cyp4f41-ps,0.004193706939782505,0.004193706939782505,0.7660596783041412
1700009P17Rik,-0.02477380304385058,0.02477380304385058,0.07876438378474471
Pde6h,-0.010743024508700507,0.010743024508700507,0.4459352093302857
1700030C10Rik,-0.04723977149887808,0.04723977149887808,0.0007982528006260063
Akap17b,-0.014591626680442192,0.014591626680442192,0.3005336679267653
Stk35,-0.02308290255217257,0.02308290255217257,0.10144575316951092
4922502D21Rik,-0.0014719498165385115,0.0014719498165385115,0.9168275441034891
Mavs,-0.05917161651433492,0.05917161651433492,2.648711818122078e-05
Dpp7,-0.07468268712713483,0.07468268712713483,1.1209660171980134e-07
Aplp2,-0.07758119742178748,0.07758119742178748,3.5382179290856026e-08
Rassf4,-0.040416824937921564,0.040416824937921564,0.0041225223152929385
Fcrl5,-0.009261965124305207,0.009261965124305207,0.5111010284701267
Tgm3,-0.021076693444825337,0.021076693444825337,0.13478459250584351
Rnls,-0.059433403224710746,0.059433403224710746,2.4391009437377e-05
Etv3,-0.01843953154007145,0.01843953154007145,0.19075676308577988
Ankrd22,-0.014376414341139027,0.014376414341139027,0.3077196731092178
Mfsd12,-0.037736815110116985,0.037736815110116985,0.007400267158931374
Efcab4b,-0.03503199351343487,0.03503199351343487,0.012912131348348952
Cbll1,-0.053045468838265504,0.053045468838265504,0.00016583263738861306
Lrp6,-0.043735408699778607,0.043735408699778607,0.0019067274286463224
Mipol1,-0.022287936404035206,0.022287936404035206,0.11377237217398192
Klrb1c,0.017129556571668245,0.017129556571668245,0.22422019487705613
Snora68,-0.04288613611700613,0.04288613611700613,0.0023341621825132904
Zfp653,0.00898282851385601,0.00898282851385601,0.5239170374217518
D630042F21Rik,0.002283242207838846,0.002283242207838846,0.8713139101325138
9930021J03Rik,-0.03340313875967357,0.03340313875967357,0.017763110961353055
Tfcp2,-0.040437005396932464,0.040437005396932464,0.004103878628851635
2810021J22Rik,-0.0315268673648644,0.0315268673648644,0.02526687478694892
Loxl2,0.003952732036531322,0.003952732036531322,0.7791428503826008
Gm14057,-0.017265210671105948,0.017265210671105948,0.22057181984500504
Ahr,-0.0249459534841039,0.0249459534841039,0.07670713839486297
Sestd1,-0.01275657412527906,0.01275657412527906,0.36542323194947907
Il13ra1,0.012725696289561349,0.012725696289561349,0.3665850145346099
Slc11a2,-0.043475025465544846,0.043475025465544846,0.002029447617017004
Amh,-0.0009568901114186202,0.0009568901114186202,0.9458742700465744
Zfp810,-0.03142527785938558,0.03142527785938558,0.025741795351318375
Hopx,-0.04723055349639271,0.04723055349639271,0.0008001444154302091
Mettl13,-0.05844960707777202,0.05844960707777202,3.319205181134032e-05
Nt5e,0.004890620720890691,0.004890620720890691,0.7286080395508412
Slc36a2,-0.012236787359121645,0.012236787359121645,0.3852860268855578
Pik3c2a,-0.01184254351976822,0.01184254351976822,0.4007826171405478
Xcl1,0.008828393425255565,0.008828393425255565,0.5310777394084801
Krt86,-0.003248095175194027,0.003248095175194027,0.8177469700360345
Ddx25,-0.0038865165027938565,0.0038865165027938565,0.7827490276458869
Fam110c,0.00618975165314662,0.00618975165314662,0.6605531924590561
Pgm3,-0.08640504369922757,0.08640504369922757,8.165260235040246e-10
Scfd2,-0.08230448271415984,0.08230448271415984,4.93957552543124e-09
BC049715,-0.008280504714976607,0.008280504714976607,0.5568757431011744
Pla2g2d,0.002133468119301994,0.002133468119301994,0.8796888353450636
Mfsd5,-0.04379360379322602,0.04379360379322602,0.0018802483463210172
Atl1,-0.018236853099938548,0.018236853099938548,0.19567903044013027
E330033B04Rik,-0.01851665106697777,0.01851665106697777,0.18890796299410054
Zfp661,-0.034749644448934545,0.034749644448934545,0.013658043005968562
Lag3,0.0007340701198727333,0.0007340701198727333,0.9584647897314705
Hr,-0.006748913842417124,0.006748913842417124,0.6320654442810416
2810055F11Rik,0.012521009520769543,0.012521009520769543,0.3743444825495561
Fzd7,-0.05706621386725293,0.05706621386725293,5.0784252209738744e-05
Atxn7l2,-0.06063978527253336,0.06063978527253336,1.660951075447746e-05
Six1,-0.011196734075767132,0.011196734075767132,0.4269617756681032
Mgp,0.011645939963789348,0.011645939963789348,0.4086484372361399
5730507C01Rik,-0.006983733706279192,0.006983733706279192,0.6202598263565633
BC013712,-0.017631702183207133,0.017631702183207133,0.2109284583273178
Maml3,-0.017875307200664384,0.017875307200664384,0.20468952699977488
Cdkl1,-0.0010095465780281558,0.0010095465780281558,0.942900754303564
Hectd2,-0.006748913842417258,0.006748913842417258,0.6320654442810274
Nphp1,-0.02126842515252639,0.02126842515252639,0.13127192037569654
Nlrp3,0.032038311566257645,0.032038311566257645,0.022989388150942435
Adat3,-0.019704210138555778,0.019704210138555778,0.1620849787101652
Zfp81,-0.02972598771334997,0.02972598771334997,0.03490656510347417
Ttl,-0.03382338547478562,0.03382338547478562,0.016378953872342984
1700008I05Rik,0.012806647218495362,0.012806647218495362,0.3635441166479547
Cd5l,-0.017569476630277248,0.017569476630277248,0.21254392822617701
Mboat2,0.023897053167994033,0.023897053167994033,0.08994834151386905
Ube2cbp,-0.04288914877275664,0.04288914877275664,0.0023325020448948944
Anapc1,-0.0572318287295043,0.0572318287295043,4.828705879520533e-05
Fyco1,-0.02073161174323947,0.02073161174323947,0.14128918801614052
Dbt,-0.06495254705208589,0.06495254705208589,3.9676363492256694e-06
Gpr150,-0.00920951927349527,0.00920951927349527,0.5134964241244703
Ece1,-0.02735707916851236,0.02735707916851236,0.05222547896440343
Col2a1,-0.14080500143413596,0.14080500143413596,1.0191212986777937e-23
Zfp955b,-0.021478163867849367,0.021478163867849367,0.12751106155680847
Klhl28,-0.0052757102309616355,0.0052757102309616355,0.7081816665901594
Irak1bp1,-0.029112762808998126,0.029112762808998126,0.038837374835162225
Gm8994,-0.07072796852907387,0.07072796852907387,5.05426250032164e-07
Map3k6,-0.049500860928039715,0.049500860928039715,0.00044124677397811793
2700046G09Rik,-0.012870961438084867,0.012870961438084867,0.3611394516184336
Zfp866,-0.0016976312343867266,0.0016976312343867266,0.9041328578092144
Olfr212,-0.056108178707432184,0.056108178707432184,6.780640002150662e-05
Jakmip1,-0.030450686001080078,0.030450686001080078,0.030703770788961957
Ttll4,-0.03982850059581193,0.03982850059581193,0.004700970011814361
Prkcq,-0.006879398866793989,0.006879398866793989,0.6254934517140052
Fam132b,0.008493907400912368,0.008493907400912368,0.5467551857515921
Chn2,0.01747516860677057,0.01747516860677057,0.2150093070668426
Hist1h2ah,-0.015409033318757889,0.015409033318757889,0.27426556557140874
Hist1h3g,-0.13937168858091997,0.13937168858091997,2.8863357484380504e-23
Meis1,-0.02308063291863379,0.02308063291863379,0.10147936778523893
Irf5,0.010795648542596906,0.010795648542596906,0.44371024166705636
Rint1,-0.1060801876678545,0.1060801876678545,4.4406184665656933e-14
Dclre1a,-0.04280033172473518,0.04280033172473518,0.002381901625077909
Ctso,-0.06296707257805571,0.06296707257805571,7.757378733630214e-06
Hist1h3b,-0.043226636907320454,0.043226636907320454,0.002153226218620398
Zhx2,-0.038333174087110455,0.038333174087110455,0.006515767303081514
Lgr4,-0.0450702849926254,0.0450702849926254,0.0013779301508164462
Prkag2,-0.0639138991689941,0.0639138991689941,5.648116188838767e-06
E2f3,-0.03795394238277412,0.03795394238277412,0.007066478494409144
Prkab2,-3.5281709553172575e-05,3.5281709553172575e-05,0.9980027875434262
Tmem176a,-0.020484120072487098,0.020484120072487098,0.14610087664235183
Mtbp,-0.05819464130390323,0.05819464130390323,3.592343295797296e-05
Gm4832,-0.05019567901189183,0.05019567901189183,0.0003659602873668291
Lrrc56,-0.028215522817176188,0.028215522817176188,0.04526216024447929
3110007F17Rik,-0.00867380386640036,0.00867380386640036,0.5382949772267159
Fam188b,0.0012222266838588145,0.0012222266838588145,0.930899206523491
Mtr,-0.09458908021484533,0.09458908021484533,1.744972176748724e-11
Polr1a,-0.02636390834186315,0.02636390834186315,0.06137701435714692
Mterfd3,-0.01645741203481153,0.01645741203481153,0.24293353569386547
Hmmr,0.0552767105097601,0.0552767105097601,8.682830635151576e-05
6030446N20Rik,-0.03893569479498472,0.03893569479498472,0.005719824979645928
Wdr45,-0.07570428359787548,0.07570428359787548,7.501569104104508e-08
Farp1,-0.04818291758565547,0.04818291758565547,0.0006252270038979127
Gpr18,0.001524040407300034,0.001524040407300034,0.9138954212597499
Bmf,-0.008701428535359526,0.008701428535359526,0.5370016780929574
Phtf2,-0.034813797143029575,0.034813797143029575,0.013485301654431259
Eif2ak4,-0.021498078064751843,0.021498078064751843,0.1271583775136719
Clnk,-0.009404365151071417,0.009404365151071417,0.504626644975792
A330035P11Rik,-0.028131845108219075,0.028131845108219075,0.04590457671441264
Etohd2,-0.031204645383655624,0.031204645383655624,0.026799879352984102
Ccdc146,-0.032828913820696394,0.032828913820696394,0.01981956696431692
Esco1,-0.05130848771006779,0.05130848771006779,0.0002699076277630856
BC052040,-0.08269137195297353,0.08269137195297353,4.183116013649405e-09
Atpbd4,-0.03128749180109548,0.03128749180109548,0.02639825177355279
Capn11,-0.0612188756104702,0.0612188756104702,1.3777130663755186e-05
Bcs1l,-0.08537421998827319,0.08537421998827319,1.294002176723232e-09
Ambra1,-0.04885088864959794,0.04885088864959794,0.0005245377114212933
Tmem176b,-0.03317583581646634,0.03317583581646634,0.018553658191332766
Cpa1,0.02980025386078416,0.02980025386078416,0.03445440620885936
B230217O12Rik,-0.032862841789638206,0.032862841789638206,0.01969252356626179
Usp6nl,-0.03057829000734521,0.03057829000734521,0.030010608623487985
Ubd,-0.03711656252668208,0.03711656252668208,0.008433021418611226
Cage1,-0.002320508835845337,0.002320508835845337,0.8692322715691214
2210010C04Rik,0.031533323465472565,0.031533323465472565,0.025236951056137772
3000002C10Rik,-0.07216424175498341,0.07216424175498341,2.95126540792452e-07
Pop1,-0.038592294372350754,0.038592294372350754,0.006161997456324323
6330549D23Rik,-0.009165751722333138,0.009165751722333138,0.5154999129683715
Lix1l,0.00510322176280807,0.00510322176280807,0.7173060980256105
Sertad2,-0.014125526829702967,0.014125526829702967,0.3162392528618975
Gm2848,0.01582080172985428,0.01582080172985428,0.26164512455125594
Cd83,-0.02235875162557195,0.02235875162557195,0.11262857987965813
C78339,0.0009782198021403411,0.0009782198021403411,0.9446696871712044
Tpmt,-0.017814434047683278,0.017814434047683278,0.20623581985412295
Fam161a,-0.020843920955442272,0.020843920955442272,0.13914626533856994
Cdnf,-0.0006916843727240523,0.0006916843727240523,0.9608610803244302
9430083A17Rik,-0.024880805239431536,0.024880805239431536,0.0774804673320075
Myo10,-0.019337488370532938,0.019337488370532938,0.17004219703351472
1700029J07Rik,0.003167214563246838,0.003167214563246838,0.8222084219386031
Gmppa,-0.09746498994753902,0.09746498994753902,4.1677931009468465e-12
Basp1,0.024989248859488337,0.024989248859488337,0.07619669752487059
D730048J04Rik,0.019645498093385567,0.019645498093385567,0.16333968626218773
Creb3l2,-0.0356835703363263,0.0356835703363263,0.011326704614589341
Rai14,-0.04935480348083557,0.04935480348083557,0.0004588100053744065
Fbxl19,-0.041550215037302565,0.041550215037302565,0.003186560473413526
Gabbr1,-0.007533216755839759,0.007533216755839759,0.5930178216009147
Usp40,-0.06599822176177547,0.06599822176177547,2.7656590036985964e-06
Ext1,-0.032950962356010124,0.032950962356010124,0.01936587177272793
Dusp22,0.004180417697790187,0.004180417697790187,0.7667794897209825
Slc25a27,0.0011033487090619703,0.0011033487090619703,0.9376057358126704
Tsga14,-0.054933888784626815,0.054933888784626815,9.60542039999384e-05
4931431C16Rik,-0.030708952137357647,0.030708952137357647,0.029314810893219634
Ebag9,-0.07414987748492674,0.07414987748492674,1.3793586564574728e-07
6430706D22Rik,0.004708766644902588,0.004708766644902588,0.738322595163611
Plekha1,-0.04049460774134505,0.04049460774134505,0.00405108280380814
Prrg4,0.026260942675962205,0.026260942675962205,0.06239747056004663
4732471D19Rik,-0.0008379539868719013,0.0008379539868719013,0.9525933156289002
Gm5111,-0.027981481613725913,0.027981481613725913,0.0470782552500719
Depdc7,-0.048856443954790316,0.048856443954790316,0.0005237675602533039
Podxl,0.014347271742959827,0.014347271742959827,0.30870142141808143
Tcp11l1,-0.03440369370833555,0.03440369370833555,0.014623665747540737
Atp6v1c1,-0.10221420963000433,0.10221420963000433,3.5721186556534926e-13
A930005I04Rik,0.010604310867494735,0.010604310867494735,0.4518304279885373
Prdm11,-0.051947800918308626,0.051947800918308626,0.00022598880060968417
Zfp956,-0.03293869346381963,0.03293869346381963,0.019411065494161613
4833419F23Rik,-0.005840411112701356,0.005840411112701356,0.6786074496701459
Zfp398,-0.04232213809624297,0.04232213809624297,0.002664714950545509
Serpini1,0.005131948557974759,0.005131948557974759,0.7157836419530712
Slc18a2,-0.002295085894325655,0.002295085894325655,0.8706522484147985
Dip2c,0.012553658680096662,0.012553658680096662,0.3731000247309526
1810006J02Rik,-0.018803454357196173,0.018803454357196173,0.18214824810892263
BC052688,-0.03752612917494543,0.03752612917494543,0.007737599060589663
Ager,-0.0012792276433237302,0.0012792276433237302,0.9276851932725203
Ccnyl1,-0.03143509062880393,0.03143509062880393,0.025695587332831598
Casc4,-0.029110250007098076,0.029110250007098076,0.03885422531744128
Mybph,-0.007137606572859944,0.007137606572859944,0.6125763018541167
Tm4sf1,0.008967871873183044,0.008967871873183044,0.5246083624493361
Lax1,-0.02907032084551267,0.02907032084551267,0.03912281879653152
Cept1,-0.08891880826587462,0.08891880826587462,2.597737248159528e-10
Cadm1,0.013024911303668391,0.013024911303668391,0.35542399249935147
AA987161,-0.011871917674354132,0.011871917674354132,0.3996152571651812
Zfp58,-0.027015214814924422,0.027015214814924422,0.0552375869316695
Fbxw7,-0.018319550535713068,0.018319550535713068,0.19365950857583142
Dennd2d,-0.041848769964551315,0.041848769964551315,0.002974579937987097
Akap11,-0.03677253664609775,0.03677253664609775,0.00905978753520111
D130020L05Rik,-0.04093163799990139,0.04093163799990139,0.0036701723554335747
Tlr1,-0.03877267365103808,0.03877267365103808,0.005926039602369971
Kdm5c,-0.05809698610190169,0.05809698610190169,3.702504299904087e-05
Zfp456,-0.01871314078005796,0.01871314078005796,0.18425723528808283
Ikzf2,-0.0038669040968409988,0.0038669040968409988,0.7838180431005006
Slc41a1,-0.027596984653547194,0.027596984653547194,0.05019473499268626
Fhdc1,0.021966694982941702,0.021966694982941702,0.11907622021404908
Abcc2,-0.029581797742978075,0.029581797742978075,0.03579892035784342
Zfp938,-0.026039493527686294,0.026039493527686294,0.06463974841578901
Doc2a,-0.020796762417107838,0.020796762417107838,0.14004300975470418
Notch4,-0.05033437654094994,0.05033437654094994,0.00035244819165506486
Chadl,0.004708766644902456,0.004708766644902456,0.7383225951636222
Zmym3,-0.06552555044755635,0.06552555044755635,3.257879277854493e-06
Ift122,-0.018730902332594255,0.018730902332594255,0.18384104930825382
Gemin8,-0.056299996041481726,0.056299996041481726,6.401614767441118e-05
Zfp493,-0.03134541271350463,0.03134541271350463,0.02612055698789443
4930526I15Rik,-0.033116034624370363,0.033116034624370363,0.018766690215061457
5730494M16Rik,-0.08904063736874063,0.08904063736874063,2.4554924823197766e-10
Fbxo44,-0.024123649739881577,0.024123649739881577,0.0869420843255147
Rnu12,-0.06527948131803538,0.06527948131803538,3.5463312782522477e-06
Pparg,-0.013821737112877196,0.013821737112877196,0.32676049262423035
Tssk6,-0.044212636832542646,0.044212636832542646,0.0016993333213906007
Cd3g,0.03092467762637412,0.03092467762637412,0.028196396307044205
Slc25a30,0.017628235154839973,0.017628235154839973,0.21101823344275772
Cyp2d22,0.00419370693978254,0.00419370693978254,0.7660596783041412
Snora31,0.00758630681597196,0.00758630681597196,0.5904150299327808
1700029P11Rik,-0.010743024508700506,0.010743024508700506,0.4459352093302857
Pard3b,-0.017896487843737683,0.017896487843737683,0.2041534803174833
Prepl,-0.05419406911770242,0.05419406911770242,0.00011921093320695803
Il10ra,0.014917827416924902,0.014917827416924902,0.2898565164751731
Fxyd2,-0.019658500329593175,0.019658500329593175,0.1630611924377651
Bhlhe40,-0.04565499133119307,0.04565499133119307,0.0011920232591241156
Gm16381,0.028665863221258085,0.028665863221258085,0.04193348226224176
Ino80d,-0.001954878999116651,0.001954878999116651,0.8896925501306406
Ldoc1l,-0.028480314719982865,0.028480314719982865,0.04327899119001214
Zfp759,-0.020632540730429277,0.020632540730429277,0.14320048709048047
Sh2d4a,-0.0069160244388188335,0.0069160244388188335,0.623654078079096
Smarcal1,-0.06574668073976739,0.06574668073976739,3.0179675521928522e-06
Arhgap39,-0.02232114876643391,0.02232114876643391,0.1132347996387497
BC022687,-0.04079644941078835,0.04079644941078835,0.0037843708821562595
Tspan6,-0.0202408596024752,0.0202408596024752,0.15095149954785836
Rtkn,-0.08016238315454059,0.08016238315454059,1.2231881291126463e-08
Zfp318,-0.007504108792775544,0.007504108792775544,0.5944470950228747
March1,0.02769838854841999,0.02769838854841999,0.04935649072523494
Ccdc142,-0.0038567097240984867,0.0038567097240984867,0.7843738701316121
Lbx2,-0.018081221927833097,0.018081221927833097,0.19952140915172079
Slc39a4,-8.692701158716524e-05,8.692701158716524e-05,0.9950792976421035
Gm17066,0.01685175698124968,0.01685175698124968,0.23182565366854077
Crip2,0.035858974617709524,0.035858974617709524,0.010930560519370004
Ireb2,-0.04587164966676455,0.04587164966676455,0.001129231593099019
Gm88,-0.018317730315691602,0.018317730315691602,0.1937037941566737
Gm10345,0.012893553998052898,0.012893553998052898,0.3602971034739288
Lrdd,-0.0014719498165387344,0.0014719498165387344,0.9168275441034769
Gchfr,-0.015767858790155968,0.015767858790155968,0.2632449296746299
Zfp935,-0.023602870610080616,0.023602870610080616,0.09397543783608105
Serpinb2,-0.02001409920086234,0.02001409920086234,0.15558270422736672
Fam71b,0.008125278766078721,0.008125278766078721,0.5642941650919001
Mdfic,-0.0432624330446367,0.0432624330446367,0.002134971285230636
Dyx1c1,-0.02988654678896633,0.02988654678896633,0.033935316202679776
Col1a2,-0.04647955973784606,0.04647955973784606,0.0009690001469483412
March4,-0.00765266627797977,0.00765266627797977,0.5871691063893978
Cacnb2,-0.025164696252063228,0.025164696252063228,0.07415650073764854
Trappc8,-0.02875200846005967,0.02875200846005967,0.041320930230481286
4831426I19Rik,-0.02922194334712123,0.02922194334712123,0.03811119611837444
Sgce,-0.03516185393704162,0.03516185393704162,0.012581329845046011
D430019H16Rik,-0.04010142770054598,0.04010142770054598,0.004424059237800959
Prrt2,-0.02258939772646291,0.02258939772646291,0.1089659624280139
Scd1,-0.027932096951566406,0.027932096951566406,0.047469196038249256
Vps39,-0.07924680080768666,0.07924680080768666,1.7896711968769203e-08
Kctd1,-0.09386577670811305,0.09386577670811305,2.4849941432684616e-11
Sec31b,-0.010227964803580418,0.010227964803580418,0.46804473245054234
Spn,-0.09063117037985063,0.09063117037985063,1.16912663379328e-10
Mapkbp1,-0.0019757451957846317,0.0019757451957846317,0.8885227870623098
C1qtnf6,-0.0065455765447831535,0.0065455765447831535,0.6423647255663184
F630111L10Rik,-0.03134541271350432,0.03134541271350432,0.026120556987897413
Stk30,-0.040079660446194494,0.040079660446194494,0.004445589359477472
Cdc42bpb,0.005227937742631131,0.005227937742631131,0.7107046495006978
1200009I06Rik,0.0007127922738746151,0.0007127922738746151,0.9596676934279507
Zfp369,0.00812527876607868,0.00812527876607868,0.5642941650919111
Gm4532,-0.005834470671711676,0.005834470671711676,0.6789160945856664
2810029C07Rik,-0.001987009521658594,0.001987009521658594,0.8878914074394183
Cdk20,-0.023701040178026288,0.023701040178026288,0.09261581575960268
Mgat5,0.0005096937508518187,0.0005096937508518187,0.9711537213676532
Apol10a,0.02579350831935692,0.02579350831935692,0.06720796944134799
Scml2,-0.030299718805868642,0.030299718805868642,0.03154155263632968
Tspan15,-0.03947291043043395,0.03947291043043395,0.0050852582817099545
Fgf3,-0.028255054482783953,0.028255054482783953,0.04496131001242742
Fam73a,-0.05590111029481859,0.05590111029481859,7.213584923713965e-05
Ccdc78,-0.020354455935893377,0.020354455935893377,0.14867132922998288
Kcnq5,-0.039745069049241674,0.039745069049241674,0.004788696741845566
Gm1943,-0.06961428501032953,0.06961428501032953,7.616902835174625e-07
Rpgr,-0.09312823227182783,0.09312823227182783,3.553851943137734e-11
Orm2,-0.002670844884678064,0.002670844884678064,0.8497094134685539
Capn5,0.00848063882100648,0.00848063882100648,0.5473817800602908
Eno3,-0.029856172493891248,0.029856172493891248,0.034117263513689045
Rasgrp3,0.021002728068037133,0.021002728068037133,0.13615894737757214
6330416G13Rik,0.010547586711187655,0.010547586711187655,0.45425379178480346
Mina,-0.08841689094578886,0.08841689094578886,3.273481187459564e-10
Filip1l,0.0027792377387937162,0.0027792377387937162,0.8436871385608379
Ctsw,0.012794354923342811,0.012794354923342811,0.36400485449995695
Ccr7,-0.013003112203095933,0.013003112203095933,0.35622980863196113
Snx24,-0.03657093395664493,0.03657093395664493,0.009446104257708192
Gpr128,0.00608513824294659,0.00608513824294659,0.6659396267752157
1700020D05Rik,-0.01383338273942106,0.01383338273942106,0.32635302314788894
Nid2,-0.013833382739421078,0.013833382739421078,0.32635302314788894
Ube2e2,-0.025270823977783886,0.025270823977783886,0.07294420626247332
Nr4a2,-0.028648619532292224,0.028648619532292224,0.04205701523186001
4930473A06Rik,-0.007599873906296165,0.007599873906296165,0.5897507345784508
Clns1a,-0.11323174222712006,0.11323174222712006,7.666863771056969e-16
Dbndd2,-0.036391643621124736,0.036391643621124736,0.009801934437561803
Zmynd17,0.007020367636908511,0.007020367636908511,0.6184267342957567
Mtap7,-0.04963310764833934,0.04963310764833934,0.00042588742884857396
Stxbp1,-0.015270615275418207,0.015270615275418207,0.2785998554424144
Myst4,-0.004760061146053892,0.004760061146053892,0.7355781582928124
2900026A02Rik,-0.008497594207540114,0.008497594207540114,0.5465811433617965
Fsd1l,-0.01940802875762118,0.01940802875762118,0.16848928235970104
Fam102a,-0.03967981162869138,0.03967981162869138,0.004858343060804526
Camkk1,-0.030229608392022305,0.030229608392022305,0.031937243485247416
Slc12a5,0.013084778850657793,0.013084778850657793,0.35321687492144904
C030034L19Rik,-0.006080339941935817,0.006080339941935817,0.6661871026157699
Vnn3,-0.03029696280452039,0.03029696280452039,0.03155702727825148
Copz2,-0.04027876083527077,0.04027876083527077,0.0042521472712295505
Zfp146,-0.013318323034300994,0.013318323034300994,0.34468994322918256
D730040F13Rik,-0.01635703357294835,0.01635703357294835,0.24581975218641666
Pltp,0.015047497331696868,0.015047497331696868,0.2856839728147641
Slc7a6,-0.07162888041011822,0.07162888041011822,3.6109222781205974e-07
Jam2,0.0026129815161925183,0.0026129815161925183,0.8529279013020225
Snora33,-0.042281707296046335,0.042281707296046335,0.002689980522931607
Cacna1a,-0.09082701487413186,0.09082701487413186,1.0660938911843864e-10
March3,0.002976266833372352,0.002976266833372352,0.8327638599485812
E130308A19Rik,-0.03154265088996912,0.03154265088996912,0.025193773026729586
Gm4956,0.00041226168651540076,0.00041226168651540076,0.9766661622343412
Lsr,0.009455955429845852,0.009455955429845852,0.5022917447956866
Mag,-0.006774759627272558,0.006774759627272558,0.6307613667304899
Prr15l,-0.00765266627797977,0.00765266627797977,0.5871691063893978
Zfp382,-0.034836908803903915,0.034836908803903915,0.01342354435717877
Fam170a,-0.01022796480358048,0.01022796480358048,0.4680447324505295
Cacna2d2,-0.003856709724098602,0.003856709724098602,0.784373870131602
Gatsl2,-0.018991597172588928,0.018991597172588928,0.1778123424602026
4922505G16Rik,-0.0014719498165386667,0.0014719498165386667,0.9168275441034769
Esr1,-0.03259336327348508,0.03259336327348508,0.02072147501713179
Klhdc5,-0.0290675481628488,0.0290675481628488,0.03914152833016805
Sla2,-0.005852457827925305,0.005852457827925305,0.6779817091864265
Cd80,-0.017738361302274568,0.017738361302274568,0.20818011036102435
Hsd17b2,0.012862158150753622,0.012862158150753622,0.3614680101910522
Sgip1,-0.040652577521221825,0.040652577521221825,0.003909442244664394
Samd4b,-0.012886806569685997,0.012886806569685997,0.3605485475010954
5430405H02Rik,0.0025594978796150527,0.0025594978796150527,0.8559049585121057
Lass4,0.002452203014737326,0.002452203014737326,0.8618834514131188
Qpct,-0.012467859889290394,0.012467859889290394,0.37637581946565424
4930405A21Rik,-0.004979865481957451,0.004979865481957451,0.7238564080426131
Gm4636,-0.07004246037264392,0.07004246037264392,6.510462385794416e-07
Eaf2,-0.0313578496780446,0.0313578496780446,0.026061259774988542
Slc15a2,-0.047210525871913794,0.047210525871913794,0.000804268601182339
Hmga1,-0.012427411323726269,0.012427411323726269,0.3779262792407003
C030039L03Rik,-0.0032165877694966577,0.0032165877694966577,0.8194842555265012
2810408A11Rik,-0.029956873879854806,0.029956873879854806,0.03351722525015188
Rhox8,0.004865941931280931,0.004865941931280931,0.729923855924847
Pigg,-0.05275300246703009,0.05275300246703009,0.00018019001814402604
Hexim2,-0.05364241205852826,0.05364241205852826,0.00013980155228038405
Akap12,-0.037056052971128066,0.037056052971128066,0.00854036944153978
Carns1,-0.04169232998948595,0.04169232998948595,0.003083996121348629
4933412E12Rik,-0.021013713970500666,0.021013713970500666,0.13595413651200122
LOC100642166,-0.06810154638087491,0.06810154638087491,1.3166250513066274e-06
Hivep2,-0.0023581162751947528,0.0023581162751947528,0.8671325141202462
Nme4,-0.07273859727697636,0.07273859727697636,2.373183538940472e-07
Tmem8,-0.03425830672188707,0.03425830672188707,0.015047106793815775
Mafb,-0.026467491941198913,0.026467491941198913,0.06036441263685414
9430091E24Rik,-0.02426014466736319,0.02426014466736319,0.08517068625264329
Dmxl1,0.011543940152889193,0.011543940152889193,0.4127652474248418
Zfp383,-0.054129018195478364,0.054129018195478364,0.00012148112087796001
Ppp1r16b,0.005970589716957129,0.005970589716957129,0.6718574234891873
LOC100038947,0.043561385473363384,0.043561385473363384,0.001987964868945951
Zfp940,-0.03652052939674075,0.03652052939674075,0.009544957568528991
Angptl3,-0.037557164719649185,0.037557164719649185,0.007687057845177425
Suox,-0.029557370349840364,0.029557370349840364,0.03595200589707022
Sash1,0.01211023787985592,0.01211023787985592,0.3902199604184601
Lrrc2,-0.025164696252063513,0.025164696252063513,0.07415650073764748
Tigd3,-0.07779247854615742,0.07779247854615742,3.2476450106864407e-08
Btla,-0.0039270734942372,0.0039270734942372,0.7805396860806202
Gm10814,0.012497629480654856,0.012497629480654856,0.3752372128297643
Cyp2j9,-0.011109388618119135,0.011109388618119135,0.4305774289952607
Tgm2,0.019830022793206944,0.019830022793206944,0.15942080285811716
Cd200r3,0.007201206375011012,0.007201206375011012,0.6094128245931386
Neu3,-0.01768712278967362,0.01768712278967362,0.2094971463765975
BC020402,0.012347932571069663,0.012347932571069663,0.3809842675287698
Itfg3,-0.05019627272809975,0.05019627272809975,0.0003659014285631031
Hs6st1,0.003569695964748284,0.003569695964748284,0.8000668323106901
4833417C18Rik,-0.03270517645384241,0.03270517645384241,0.020288983876930875
Invs,-0.02316248432924839,0.02316248432924839,0.10027269458544602
4930503E24Rik,-0.051876042390366875,0.051876042390366875,0.00023056137112592803
Cpa6,-0.04422122155029221,0.04422122155029221,0.0016958001760271223
Tcte3,-0.02467082553432921,0.02467082553432921,0.08001629674855332
Capns2,-0.001471949816538599,0.001471949816538599,0.9168275441034891
Acad10,-0.01878281359677101,0.01878281359677101,0.18262866264406497
Ccl4,0.04391482334493306,0.04391482334493306,0.0018261737670044746
Aldoc,-0.012403004805997195,0.012403004805997195,0.37886372105763977
Csrp3,0.0019933216467732597,0.0019933216467732597,0.8875376359550565
Nlrc5,0.024749814096672568,0.024749814096672568,0.07905458836202345
Tmem67,-0.04119191723988409,0.04119191723988409,0.0034590845064637154
Ctif,-0.04241874401443693,0.04241874401443693,0.0026052206345326
Fam109a,-0.027825192827665334,0.027825192827665334,0.04832482817322896
Ccdc102a,-0.025991654651088835,0.025991654651088835,0.06513277009209156
Slc2a4rg-ps,-0.027103716537602754,0.027103716537602754,0.05444425352475791
Efcab5,-0.022074338021342663,0.022074338021342663,0.11727781435431821
Hps5,-0.061910312759564684,0.061910312759564684,1.0997046116294773e-05
Rad9b,-0.0014719498165386771,0.0014719498165386771,0.9168275441034769
8030462N17Rik,0.011366988493990291,0.011366988493990291,0.4199651873262853
Nespas,-0.12780831479489782,0.12780831479489782,8.626705803454024e-20
Nxn,-0.0359254403437003,0.0359254403437003,0.010783696427034837
Nus1,-0.07604975543942746,0.07604975543942746,6.541114485537996e-08
Sycp2,0.005646246664662824,0.005646246664662824,0.6887232031815539
4933436C20Rik,-0.04436982488231478,0.04436982488231478,0.001635701397281618
Pcbd1,-0.10289703719775016,0.10289703719775016,2.48547633255733e-13
Slfn10-ps,-0.04376093534412671,0.04376093534412671,0.0018950707972184844
Spink10,-0.013050206558825696,0.013050206558825696,0.354490381340655
Mfge8,-0.007121846679893872,0.007121846679893872,0.6133613250324028
4930528A17Rik,0.003167214563246829,0.003167214563246829,0.8222084219386031
Apln,-0.04971880360029418,0.04971880360029418,0.00041620261163678794
Rab11fip4,-0.03443460389632523,0.03443460389632523,0.01453500523581488
Ksr1,-0.0019870095216586057,0.0019870095216586057,0.8878914074394183
Rhbdl3,-0.035326993331916544,0.035326993331916544,0.01217150772612698
2610528A11Rik,-0.05422103841071334,0.05422103841071334,0.00011828151922901379
Ccl2,0.013073101609682591,0.013073101609682591,0.3536466944214895
Mmrn2,0.0035353273923057035,0.0035353273923057035,0.8019515501892185
Dcbld1,-0.02616799863684245,0.02616799863684245,0.06333061537622095
Stox1,-0.03443577094422552,0.03443577094422552,0.014531667063722335
AI182371,-0.008814773926930565,0.008814773926930565,0.5317116087992202
Ss18l1,-0.017496420122558944,0.017496420122558944,0.21445196445076506
Psma7,0.10384741844792088,0.10384741844792088,1.4943436976149575e-13
Tet1,-0.008353626392514787,0.008353626392514787,0.5533977125972109
Lpin2,0.004356354907929848,0.004356354907929848,0.7572663845296055
Wdhd1,-0.06035716012388135,0.06035716012388135,1.818559233108195e-05
Ncrna00085,-0.006335741825514589,0.006335741825514589,0.653065654488611
Mtmr10,-0.05191746223009723,0.05191746223009723,0.0002279115493459351
Slfn5,0.01438391777619765,0.01438391777619765,0.30746723411091
Socs4,-0.034393861754767656,0.034393861754767656,0.014651966739793038
Fam35a,-0.020184427509972645,0.020184427509972645,0.15209409600067847
Ank1,0.025883438886374042,0.025883438886374042,0.06625947476375299
Tmem143,-0.06817821883431223,0.06817821883431223,1.2809529843547014e-06
5730405O15Rik,-0.0038567097240984694,0.0038567097240984694,0.7843738701316121
Ighmbp2,-0.04637282389441014,0.04637282389441014,0.0009955150650849478
Vipr1,-0.03303865691163252,0.03303865691163252,0.019045508071807004
Rnase4,-0.0156572821420497,0.0156572821420497,0.266608016729049
Tmem120b,-0.00706324191672023,0.00706324191672023,0.6162843987922713
Shb,-0.038291446849105036,0.038291446849105036,0.006574413298470799
Farsa,-0.09422987183804477,0.09422987183804477,2.0805697212011307e-11
Noxo1,-0.017844408809657604,0.017844408809657604,0.20547334775927553
Myo1h,-0.037015202371334384,0.037015202371334384,0.008613530127238719
Impad1,-0.03576234575076355,0.03576234575076355,0.01114724336926017
Tom1l1,-0.015959976124422688,0.015959976124422688,0.25747170292762117
Dgke,-0.03233735615881746,0.03233735615881746,0.02174207616745847
Adora2a,0.0009559440987370149,0.0009559440987370149,0.9459276984923821
Alkbh2,-0.03681233038410416,0.03681233038410416,0.008985221775593466
Klk1,-0.02172023074925715,0.02172023074925715,0.1232752801762536
Snora78,-0.025616066134016482,0.025616066134016482,0.06911221815228383
Trim14,0.00668043902699457,0.00668043902699457,0.6355259436566362
Gstp2,-0.022656902047690497,0.022656902047690497,0.10791201129506518
Tppp3,0.02571859191388301,0.02571859191388301,0.06800661448671282
BC021614,-0.01078326653164208,0.01078326653164208,0.44423318761918096
Cbr3,0.00334542176946248,0.00334542176946248,0.8123861679697153
E230029C05Rik,0.012373539475485452,0.012373539475485452,0.37999737356800284
Ifrd2,-0.05545627234944844,0.05545627234944844,8.233653060494628e-05
Doc2g,-0.003990285225980642,0.003990285225980642,0.7770997632710902
Nutf2,-0.055114483563722325,0.055114483563722325,9.108456400806676e-05
Nfatc2,-0.005867323474362465,0.005867323474362465,0.6772098514261434
Zfp407,-0.0032867950892045295,0.0032867950892045295,0.8156143219976801
Pard6g,-0.02370807764575735,0.02370807764575735,0.0925189584005112
Rasip1,-0.029735311090104813,0.029735311090104813,0.03484952445251283
Dbil5,-0.006299305823260085,0.006299305823260085,0.6549311516282638
Adnp2,-0.07406299606180837,0.07406299606180837,1.4266209614463918e-07
Gm16523,0.04122243104322216,0.04122243104322216,0.0034350750713257375
Tesk1,-0.025086597588311603,0.025086597588311603,0.07505909409905934
Slc38a7,-0.027985415325520326,0.027985415325520326,0.04704723180903387
Sytl3,-0.007880124375725875,0.007880124375725875,0.5761063367449326
Hsbp1l1,-0.02483925592357463,0.02483925592357463,0.07797697754955987
Aim1,-0.0020167980309040365,0.0020167980309040365,0.8862220677610531
Gm15545,-0.012190820342864672,0.012190820342864672,0.3870737725903693
Rad51c,-0.06487877071516891,0.06487877071516891,4.069133052454014e-06
F830002L21Rik,0.01581751660070338,0.01581751660070338,0.26174419714214353
P2rx7,-0.0032435079571705343,0.0032435079571705343,0.817999849017762
Bend3,-0.007520871787079856,0.007520871787079856,0.5936237980442974
Rnf43,-0.01899159717258882,0.01899159717258882,0.1778123424602026
Fam57a,-0.04061648740566614,0.04061648740566614,0.003941399519728815
Cmtm4,-0.018991669196113087,0.018991669196113087,0.17781069745812214
Rcn3,-0.05691143511238854,0.05691143511238854,5.322826575485035e-05
Paqr8,-0.05219783570171006,0.05219783570171006,0.00021071234112490978
Zfp295,-0.04009656918657681,0.04009656918657681,0.004428856616645895
Cuedc1,-0.029111036690152237,0.029111036690152237,0.038848949268321886
Magee1,-0.010472166289722563,0.010472166289722563,0.45748721021132704
Map3k14,-0.002926383735406513,0.002926383735406513,0.8355264129685385
Rac3,-0.03351902748624562,0.03351902748624562,0.01737153289469461
Numbl,-0.040398804527525645,0.040398804527525645,0.0041392353461535275
Unk,-0.06413207675103569,0.06413207675103569,5.246590485467155e-06
Large,-0.02984191278589609,0.02984191278589609,0.034202968767569474
6030429G01Rik,-0.033491154922853816,0.033491154922853816,0.017465014231797225
Cxcl9,-0.012433997978710223,0.012433997978710223,0.3776735341949725
Cds1,0.014730653259327492,0.014730653259327492,0.295951444363095
Awat1,-0.008280504714976544,0.008280504714976544,0.5568757431011744
Ugt8a,-0.01976399975497304,0.01976399975497304,0.16081473029976528
6330409N04Rik,-0.0533907781107725,0.0533907781107725,0.00015026691051669237
Gm5627,-0.02103900816843446,0.02103900816843446,0.13548347934754718
F2rl3,-0.033696213945234935,0.033696213945234935,0.0167874636455399
D3Ertd254e,-0.012285544556960069,0.012285544556960069,0.3833952889094561
Stx3,-0.009127887815763345,0.009127887815763345,0.5172364253615771
Pura,0.03536609089128874,0.03536609089128874,0.012076229113606878
Ipo11,-0.043944838644938054,0.043944838644938054,0.001813006823194513
Fbf1,-0.005996650970066171,0.005996650970066171,0.6705092447761636
Zfp449,-0.011906927273796039,0.011906927273796039,0.3982266124831336
B230120H23Rik,-0.07572576697000742,0.07572576697000742,7.4380581572483e-08
Ppfibp2,-0.020060281814252692,0.020060281814252692,0.15463086251275004
1700019N12Rik,0.007284065170503067,0.007284065170503067,0.6053023296402769
BC065397,-0.02044546704341516,0.02044546704341516,0.14686354896982565
Lefty1,0.00893172781568823,0.00893172781568823,0.5262809372459168
Olfm1,-0.06365208990504856,0.06365208990504856,6.168804571337758e-06
Ckm,-0.02478416586043123,0.02478416586043123,0.07863928864158308
Plp1,-0.007756374389623992,0.007756374389623992,0.5821129111289914
Rgnef,-0.028682682132617314,0.028682682132617314,0.04181328826719895
Dhx57,-0.034251408458527234,0.034251408458527234,0.015067463652226267
Cmtm8,-0.05081956683619573,0.05081956683619573,0.0003087623288749336
B630019K06Rik,-0.028731776122528967,0.028731776122528967,0.04146411116211846
Ralgds,-0.02082803886318526,0.02082803886318526,0.13944777673356087
Vaultrc5,-0.03525982159511045,0.03525982159511045,0.012336757252565665
Zfp362,-0.07806450899894049,0.07806450899894049,2.9074314376941613e-08
Tnni3,-0.022997619428167502,0.022997619428167502,0.10271495163956701
Zscan20,-0.031610339601299685,0.031610339601299685,0.024882342886242245
Disc1,-0.007137606572859696,0.007137606572859696,0.612576301854123
Zswim6,0.00294919015467625,0.00294919015467625,0.8342631272128098
Tie1,-0.03658964493954689,0.03658964493954689,0.009409641302787868
1810062G17Rik,-0.033107280728400086,0.033107280728400086,0.018798053342463376
B3gnt5,-0.05151476710724495,0.05151476710724495,0.0002549308238496787
Tmem125,0.012670170952008016,0.012670170952008016,0.36867994804711085
1700113A16Rik,-0.02383836917200982,0.02383836917200982,0.09074038816610175
Zfp558,-0.0024480459933958394,0.0024480459933958394,0.8621152430829154
Zcchc3,-0.05255673731253639,0.05255673731253639,0.0001904713399678703
Mark4,-0.004047248342139241,0.004047248342139241,0.7740036201257863
Zdhhc8,-0.017931808838538284,0.017931808838538284,0.20326183739254836
Sox12,-0.013184752027635967,0.013184752027635967,0.34955055842423527
Zfp128,-0.035938395088793304,0.035938395088793304,0.01075527642600493
Elovl6,-0.041994193945032836,0.041994193945032836,0.002876056214268439
Mnda,-0.035458891755791755,0.035458891755791755,0.011852719695884516
Ms4a1,-0.07410130003657688,0.07410130003657688,1.405594241602247e-07
4931406C07Rik,-0.063846960664725,0.063846960664725,5.777091618488769e-06
Vpreb1,-0.0852888565466646,0.0852888565466646,1.3439720954961154e-09
Hsh2d,-0.013236763396595484,0.013236763396595484,0.3476527304751474
Gm8979,-0.031224469850527414,0.031224469850527414,0.026703296124349327
Gal3st1,-0.013428855352077511,0.013428855352077511,0.3407004573438005
Il1r1,0.018616692156040296,0.018616692156040296,0.18652938453177065
Zik1,-0.028770114187903716,0.028770114187903716,0.04119315412407791
Zfp286,-0.02141283555819822,0.02141283555819822,0.12867338047763216
Pygb,-0.09955353822405298,0.09955353822405298,1.4349402679108217e-12
Tbc1d16,-0.032862841789638164,0.032862841789638164,0.01969252356626179
Zfp667,-0.03834159182604992,0.03834159182604992,0.006503993678255019
5730508B09Rik,0.012957658204473156,0.012957658204473156,0.357913741346492
Gm6907,-0.01702314781717289,0.01702314781717289,0.2271120569942915
Ptcd2,-0.08353907840020272,0.08353907840020272,2.8985901769612763e-09
Surf6,-0.10662425906587869,0.10662425906587869,3.2911200319610694e-14
Ms4a8a,-0.003760220933717258,0.003760220933717258,0.7896401303172936
Zfp446,-0.035841854689076524,0.035841854689076524,0.010968675719653478
Rasgef1b,-0.017961322905761228,0.017961322905761228,0.2025189612511407
Ftsj2,-0.05269321187412591,0.05269321187412591,0.00018326553523356973
Sap25,-0.013732419528553795,0.013732419528553795,0.32989660873944965
Rnf157,-0.022962851789982804,0.022962851789982804,0.10323597924397024
Dusp18,0.010310457460062037,0.010310457460062037,0.46446333039510873
Sphk1,0.01566625823954008,0.01566625823954008,0.2663339199333478
Eif2c3,-0.021237792960924144,0.021237792960924144,0.13182831362225989
Car15,-0.018235519829478783,0.018235519829478783,0.19571171564914544
Ifitm7,-0.06174576289160417,0.06174576289160417,1.1605461670791804e-05
Unc5cl,-0.020598577006784705,0.020598577006784705,0.14386026737071766
Dhx34,-0.07946612538586079,0.07946612538586079,1.6343561149571804e-08
Dctn6,-0.09193022856258604,0.09193022856258604,6.317212382697718e-11
Tmprss3,-0.002554068600317502,0.002554068600317502,0.8562072836236639
Gltscr1,-0.021578253379902965,0.021578253379902965,0.12574613096851367
Slc7a4,-0.011983525602557464,0.011983525602557464,0.39519851663619854
Ms4a2,-0.022589397726462717,0.022589397726462717,0.1089659624280171
Alpk1,-0.016955120700520594,0.016955120700520594,0.22897469918714705
Sepw1,-0.10827141073213631,0.10827141073213631,1.3165923967988579e-14
Marveld2,-0.00033449376096651696,0.00033449376096651696,0.9810668720384944
Tchh,0.0006051461319044882,0.0006051461319044882,0.9657546195053276
Rapgef4,-0.03570050303640547,0.03570050303640547,0.01128791466030222
Ascl3,0.0016184084141819084,0.0016184084141819084,0.9085865582889069
B3gnt3,-0.040170077003032836,0.040170077003032836,0.004356775164569968
Camk2n2,-0.01196704852777154,0.01196704852777154,0.39584871332810456
Grik5,-0.016556760665890197,0.016556760665890197,0.24010046311440178
Tssk4,-0.027410351284101304,0.027410351284101304,0.05176870735951991
1810010H24Rik,0.00840546932746345,0.00840546932746345,0.5509382684508435
Foxd2,-0.010834541515307421,0.010834541515307421,0.44206991095748677
Gm4763,-0.01074302450870049,0.01074302450870049,0.4459352093302857
Tnfsf10,-0.041307360412615596,0.041307360412615596,0.0033690456719824863
Pwp2,-0.04997889941508904,0.04997889941508904,0.00038805257017099874
Polr3f,-0.011745629392435305,0.011745629392435305,0.40464858615019506
Pou2f2,-0.013268453101122468,0.013268453101122468,0.3464996320058739
Emr4,0.023023029586506177,0.023023029586506177,0.10233547943776627
Zfp94,-0.02230416614624841,0.02230416614624841,0.11350942843409709
Snord22,-0.013318323034301013,0.013318323034301013,0.34468994322918256
Gm4890,-0.02386421338856314,0.02386421338856314,0.09039088538671655
AI480653,-0.06957140426120217,0.06957140426120217,7.737193650642387e-07
Lrrc41,-0.11407033117040577,0.11407033117040577,4.681830674581873e-16
Zfp61,-0.06480728126969101,0.06480728126969101,4.169853570302345e-06
S100a7a,-0.00507736775237924,0.00507736775237924,0.7186772636917239
Lyplal1,-0.04767655817074025,0.04767655817074025,0.0007132331028843968
Il6st,0.001167522160013402,0.001167522160013402,0.933984795086895
Brdt,-0.04936810386793892,0.04936810386793892,0.00045718406006735416
Rhbdd2,-0.0866225901290753,0.0866225901290753,7.404103660443999e-10
Tcam1,-0.03980267519463024,0.03980267519463024,0.004727968251325764
Eif4h,-0.09538731868501925,0.09538731868501925,1.1776259255759923e-11
Cldn13,0.11471816007114159,0.11471816007114159,3.1905091701533314e-16
Gle1,-0.11642447699670125,0.11642447699670125,1.1499000436803127e-16
Cercam,-0.0512952288739503,0.0512952288739503,0.0002708979427216967
Unc13a,-0.008645033385075548,0.008645033385075548,0.5396435784489791
Myl4,-0.07210352177873053,0.07210352177873053,3.019783907686876e-07
Slamf7,0.0059579301459511845,0.0059579301459511845,0.6725126990391228
Itgb3,-0.02361801751240026,0.02361801751240026,0.09376461941303271
Cyb561,-0.015744216083852174,0.015744216083852174,0.26396152937916556
4833442J19Rik,-0.02136589466228523,0.02136589466228523,0.1295136209517194
Trpt1,-0.037189372196460464,0.037189372196460464,0.008305452419198984
Rcor3,0.02042790516320078,0.02042790516320078,0.14721107077731102
Ceacam2,-0.013772838129762311,0.013772838129762311,0.32847502619441254
Qsox2,-0.051273484954359516,0.051273484954359516,0.00027252939015093953
4930428O21Rik,-0.030712890822771413,0.030712890822771413,0.029294053986936762
Megf8,-0.03500178007098888,0.03500178007098888,0.012990190290118218
Fam178b,0.001926298047789678,0.001926298047789678,0.8912951930687463
Pisd-ps1,-0.01349034785755512,0.01349034785755512,0.33849383725143406
BC068157,-0.037526129174945536,0.037526129174945536,0.00773759906058918
2310043J07Rik,-0.028647030738258465,0.028647030738258465,0.04206841275053324
Slc9a9,-0.026141524184047166,0.026141524184047166,0.06359851481839802
Zfp583,-0.01702919279734786,0.01702919279734786,0.22694706414973645
Taf1a,-0.055042266387879867,0.055042266387879867,9.304199021536526e-05
Cdc42ep4,-0.06989403629639784,0.06989403629639784,6.87520841821057e-07
Fcer2a,-0.004389761095915157,0.004389761095915157,0.7554641736001325
Ttyh2,-0.030502284084387658,0.030502284084387658,0.03042184516381422
D930016D06Rik,-0.052424863592557026,0.052424863592557026,0.0001976864204773277
Ceacam16,-0.013886087785749904,0.013886087785749904,0.32451305285634385
Igf2bp2,-0.05637999176782689,0.05637999176782689,6.249546218217574e-05
Khnyn,-0.027056172417840016,0.027056172417840016,0.05486925174141639
Spc25,-0.0066426294311195625,0.0066426294311195625,0.6374401419724337
Slc24a3,-0.022589397726462727,0.022589397726462727,0.1089659624280171
Ppap2c,-0.0524083968184659,0.0524083968184659,0.00019860516960579086
Tmem41a,-0.026225498010218222,0.026225498010218222,0.06275197989794512
Bcorl1,0.00042310107866755397,0.00042310107866755397,0.9760528390389807
Tspyl2,-0.04497001749037599,0.04497001749037599,0.0014123752345449312
Tmem54,-0.03980267519463034,0.03980267519463034,0.004727968251325764
Gas8,-0.045187743403762665,0.045187743403762665,0.001338565260771906
Zfp846,-0.01979183062163974,0.01979183062163974,0.16022602605223754
Usp53,0.021907800388603845,0.021907800388603845,0.12006928509662912
Rab3gap2,-0.07966332751926408,0.07966332751926408,1.5059405756846206e-08
S100a5,-0.0014719498165386745,0.0014719498165386745,0.9168275441034769
Gm5801,-0.018317730315691717,0.018317730315691717,0.1937037941566737
Kcnj10,-0.010227964803580548,0.010227964803580548,0.4680447324505295
Ints6,-0.03448390517455776,0.03448390517455776,0.014394573456087377
Thap6,-0.018090487439330127,0.018090487439330127,0.19929112140398209
Ltb4r2,-0.013772838129762443,0.013772838129762443,0.32847502619441254
Ccdc17,-0.03751683402365153,0.03751683402365153,0.0077527939864991185
8430427H17Rik,-0.02350689625363097,0.02350689625363097,0.09532007906558002
Fam86,-0.0845666945780521,0.0845666945780521,1.8491102998438239e-09
C530005A16Rik,-0.0205934590705628,0.0205934590705628,0.14395989025409206
Pcyt1b,0.010767684781217876,0.010767684781217876,0.44489177190664203
Zfp114,-0.035257783008700805,0.035257783008700805,0.01234180330414403
Slc7a14,-0.029846101533882778,0.029846101533882778,0.03417777403678824
Nefh,0.02776309284459432,0.02776309284459432,0.04882778021572088
1700001G11Rik,-0.05852862367482773,0.05852862367482773,3.238640509433183e-05
Rftn2,-0.0245446734609995,0.0245446734609995,0.081571926224184
Bmyc,-0.04733240769334856,0.04733240769334856,0.0007794720506998554
4930431P03Rik,-0.006967151608278998,0.006967151608278998,0.6210903398873209
4930579K19Rik,-0.03122580359526761,0.03122580359526761,0.026696809028739932
1110006O24Rik,-0.008025707908344483,0.008025707908344483,0.5690776731296027
Echdc3,-0.0034264932650993766,0.0034264932650993766,0.8079273952580345
Adhfe1,-0.05969015286101996,0.05969015286101996,2.2489144961967713e-05
Spsb4,-0.007861457064947248,0.007861457064947248,0.5770105349104959
Nek4,-0.014172643985610694,0.014172643985610694,0.3146275668232383
Sdsl,-0.0014922887024011915,0.0014922887024011915,0.9156825534490294
9330159M07Rik,-0.03199584421225125,0.03199584421225125,0.023171464076430216
Lmbrd2,0.005634447030382539,0.005634447030382539,0.6893397711191016
Ly96,0.029001368650290554,0.029001368650290554,0.03959035467754438
Jmy,-0.014499738475444609,0.014499738475444609,0.3035880515944747
Mdfi,-0.04911983564770925,0.04911983564770925,0.0004884387267881514
1190002N15Rik,-0.020853754687046706,0.020853754687046706,0.13895982991313557
Amacr,-0.011482089002857144,0.011482089002857144,0.41527354072363143
1110008J03Rik,-0.04311993352316935,0.04311993352316935,0.0022084938091558926
Arl10,-0.021143009662914047,0.021143009662914047,0.13356150312372866
Enox2,-0.0660418926617333,0.0660418926617333,2.7239689493518596e-06
Rufy3,-0.008073612993997286,0.008073612993997286,0.5667738372153412
Trip6,-0.02128296387075185,0.02128296387075185,0.1310084815502198
Fam20c,-0.053328463981912565,0.053328463981912565,0.00015297013820598097
Fam149b,-0.02034303016935625,0.02034303016935625,0.1488994775351972
Zfp367,-0.05572390748083137,0.05572390748083137,7.60471613195175e-05
Dhrs9,0.008671086272095308,0.008671086272095308,0.5384222907024603
Galnt4,-0.0498987778311834,0.0498987778311834,0.0003965286378896276
2900002K06Rik,-0.04779759424000998,0.04779759424000998,0.000691207847207903
Glt1d1,-0.009655980589447746,0.009655980589447746,0.4932931849422135
1700026L06Rik,-0.0682976878887216,0.0682976878887216,1.2272152810832192e-06
Cul9,-0.024676749730276334,0.024676749730276334,0.07994383981300696
Zfp712,-0.025567048489469557,0.025567048489469557,0.06964600007304286
Pole,-0.05251105150850972,0.05251105150850972,0.00019294242158149406
Cep72,-0.09096967159649483,0.09096967159649483,9.966842151753874e-11
R74862,-0.005840350180965763,0.005840350180965763,0.6786106152004701
Irs2,0.04151376004089742,0.04151376004089742,0.003213366159655153
Xrcc5,-0.058773580335011955,0.058773580335011955,3.000523309701367e-05
Mrc1,-0.05071676434654631,0.05071676434654631,0.0003175720332611638
Fhit,-0.053659395602838666,0.053659395602838666,0.00013912052749637515
1700012L04Rik,-0.03353775359288527,0.03353775359288527,0.017308974326243
Trip13,-0.09504988046201632,0.09504988046201632,1.3911461410844967e-11
4930444A02Rik,-0.06412687347395507,0.06412687347395507,5.255840056317639e-06
Frs2,-0.061085732235962635,0.061085732235962635,1.4384363069767494e-05
Atrip,-0.08224865744620348,0.08224865744620348,5.059168916415146e-09
Efha2,-0.043080431671634306,0.043080431671634306,0.0022292815107111644
BC147527,-0.007840774622559636,0.007840774622559636,0.5780131210571188
Prg2,0.009725435621472612,0.009725435621472612,0.49018891187547226
Arl15,-0.02314949276916142,0.02314949276916142,0.10046345218833722
5730422E09Rik,-0.039381234947074434,0.039381234947074434,0.0051888296587515636
Cd302,0.006737057744747338,0.006737057744747338,0.6326640401095562
Abhd14a,-0.08569826569709021,0.08569826569709021,1.1202756680113262e-09
Zfp85-rs1,-0.04223381854146287,0.04223381854146287,0.0027201896632919878
Setdb1,-0.06387581354148392,0.06387581354148392,5.721156769304144e-06
Trex1,-0.035385423261309834,0.035385423261309834,0.012029361823669985
Cyp39a1,-0.09594735597840875,0.09594735597840875,8.919702934493682e-12
Ppapdc3,-0.043780005861468824,0.043780005861468824,0.0018864050688074047
Klhl8,-0.036445967189426574,0.036445967189426574,0.009692880123026361
Klhdc10,-0.03986974445574719,0.03986974445574719,0.00465814233096739
Kremen1,-0.024157051178376222,0.024157051178376222,0.08650588439316174
Gm16894,-0.02916794212139149,0.02916794212139149,0.038468912044089476
Itih5,0.01117489671179692,0.01117489671179692,0.42786406809076993
Stac3,-0.01235237406618268,0.01235237406618268,0.3808129789513562
Aff3,-0.019045437582526924,0.019045437582526924,0.1765857969422578
Ang,-0.034095715505371244,0.034095715505371244,0.015533410480848001
Mlxip,-0.021506347009750137,0.021506347009750137,0.1270121561527793
2210408I21Rik,-0.041037146674300834,0.041037146674300834,0.0035832317881265923
Rps6ka3,-0.042421894951981884,0.042421894951981884,0.0026033007497827886
Tecpr1,-0.062273756206617424,0.062273756206617424,9.759296250936977e-06
Cdkn1c,-0.0655163112429404,0.0655163112429404,3.2682910329293516e-06
Rwdd2a,-0.04343138749796429,0.04343138749796429,0.002050709598559594
St7,-0.1117950595436702,0.1117950595436702,1.769821917716928e-15
Adamtsl4,0.008730283382603466,0.008730283382603466,0.5356524554600566
Lipt1,-0.04194756458192119,0.04194756458192119,0.0029073180554687575
Fpgs,-0.07595029394799054,0.07595029394799054,6.80469042771285e-08
Syt11,0.0012465296201088307,0.0012465296201088307,0.9295287385857657
Dapk1,0.006812058002111079,0.006812058002111079,0.6288814617534585
Zbtb39,-0.008721966034858837,0.008721966034858837,0.5360411907944658
4930486L24Rik,-0.01935709745457666,0.01935709745457666,0.16960943961958724
Nelf,-0.020005636846739866,0.020005636846739866,0.15575759758335606
F2,-0.0457074762004023,0.0457074762004023,0.0011765229099890268
Slc11a1,0.03930564745474844,0.03930564745474844,0.005275654549264061
Ttc27,-0.09896627038205413,0.09896627038205413,1.9409638292626136e-12
Orc2,-0.091048807251051,0.091048807251051,9.601061545887923e-11
Usp54,-0.0054452432137018485,0.0054452432137018485,0.699254191911249
Guca1a,-0.0394974828260533,0.0394974828260533,0.005057816673544476
Dync1li1,0.04325164185596963,0.04325164185596963,0.0021404594676965294
Itgav,-0.013559713653469573,0.013559713653469573,0.33601572386559897
Niacr1,-0.002460241301691978,0.002460241301691978,0.8614352776987908
Ppp1r3e,-0.0021891944842923746,0.0021891944842923746,0.8765711576984739
Mpp5,-0.010966802061003826,0.010966802061003826,0.43651778696861737
Zfp609,-0.010804155421132451,0.010804155421132451,0.4433511631361801
Plagl2,-0.011203096545768293,0.011203096545768293,0.4266990951132169
Six5,-0.031038812222683385,0.031038812222683385,0.027619683745368554
Dnd1,-0.023179338290320976,0.023179338290320976,0.10002565488713404
Zfp691,-0.05702337084702626,0.05702337084702626,5.144990038692131e-05
Itpkb,-0.03405980733547733,0.03405980733547733,0.015642655922705844
Sccpdh,-0.0715007090210143,0.0715007090210143,3.7887979181463023e-07
Enah,-0.02400313386635256,0.02400313386635256,0.08853071482708642
Gnb1l,-0.033159918820237215,0.033159918820237215,0.01861015229412273
Trib3,0.013370083612863078,0.013370083612863078,0.34281803345431366
1700030K09Rik,-0.06467989041652857,0.06467989041652857,4.35528125109879e-06
Klhl22,-0.0910605074408148,0.0910605074408148,9.548106488275527e-11
Ccdc109b,0.007703899895443954,0.007703899895443954,0.5846687167704594
Cox10,-0.053500828653209986,0.053500828653209986,0.00014560233926649564
Mzf1,-0.029746539283242033,0.029746539283242033,0.03478093572019302
Fstl3,-0.01505719697826875,0.01505719697826875,0.2853734954879209
Ppp1r13l,-0.05244490348406931,0.05244490348406931,0.00019657369792473517
Ednra,-0.048128974789103274,0.048128974789103274,0.000634097292167906
Galnt2,-0.1523575758780263,0.1523575758780263,1.5524093439202626e-27
Strada,-0.0936930406304269,0.0936930406304269,2.702850145986798e-11
1700021K19Rik,-0.02968009238554878,0.02968009238554878,0.035188516953046804
Arap1,-0.030066311228822806,0.030066311228822806,0.03287538870597406
Ttc39a,-0.0237327930283489,0.0237327930283489,0.09217944224078323
Tmem206,-0.0809244894981522,0.0809244894981522,8.882405001923216e-09
Polr2a,-0.0029079126989359815,0.0029079126989359815,0.8365498657626779
Zfp523,-0.08001365265185621,0.08001365265185621,1.3015645572750414e-08
Pdzk1ip1,0.06999292349705502,0.06999292349705502,6.630073670310182e-07
Gm11696,-0.04915887751687992,0.04915887751687992,0.0004833951790299292
0610009O20Rik,-0.11174177435722209,0.11174177435722209,1.825221488589075e-15
Lpp,-0.020468242257013138,0.020468242257013138,0.14641379816576391
a,-0.04969057216891628,0.04969057216891628,0.0004193702046234996
Zbtb3,-0.0484641110969896,0.0484641110969896,0.0005808275161512993
Zfp180,-0.007228907614245796,0.007228907614245796,0.6080372288782263
Tet2,-0.023996718700156582,0.023996718700156582,0.08861593041447238
Spna1,0.041303711082848416,0.041303711082848416,0.0033718589628436548
Rnf128,-0.05423826474884133,0.05423826474884133,0.0001176914458482538
Rhbdl2,-0.034473924233614936,0.034473924233614936,0.014422906610679737
1700012B09Rik,-0.04423195983311305,0.04423195983311305,0.0016913902141903786
Ipo8,-0.05637648860993413,0.05637648860993413,6.256133373990581e-05
Raver1-fdx1l,-0.04953024083470408,0.04953024083470408,0.00043779054024703956
0610009D07Rik,0.05036366983920338,0.05036366983920338,0.00034965471704966435
Hs1bp3,-0.0688743021253917,0.0688743021253917,9.96915647579583e-07
Jag1,-0.024001592816866917,0.024001592816866917,0.08855117926437676
Snhg12,-0.028656737298876203,0.028656737298876203,0.04199882163923108
Ipo7,-0.012952060013490075,0.012952060013490075,0.35812148314414527
Rexo1,0.019992708821989464,0.019992708821989464,0.1560250718784194
Sh2d1b1,-0.05281609459460164,0.05281609459460164,0.00017699732031577355
Npff,-0.03232223816333616,0.03232223816333616,0.021803690336338572
Nr2f6,-0.05380562816998003,0.05380562816998003,0.00013338462766600392
Zfp563,-0.032268504336078446,0.032268504336078446,0.0220239163984424
Kap,0.011422007242250589,0.011422007242250589,0.4177186780855051
Zfp867,-0.04573474013387879,0.04573474013387879,0.0011685447382730517
Fcgr4,0.025463728053591726,0.025463728053591726,0.07078220249457604
Nlrp12,-0.01533180095195957,0.01533180095195957,0.2766782334293699
Pde5a,-0.025048823539521363,0.025048823539521363,0.07549885912983324
Tarm1,0.03513712600134533,0.03513712600134533,0.01264373651250618
9930104L06Rik,-0.022686820324939978,0.022686820324939978,0.10744748228193618
Ccdc40,-0.029671712504353527,0.029671712504353527,0.03524020689005207
Zfp28,-0.0238774421087651,0.0238774421087651,0.09021240697377733
Zfp78,-0.03454643943086315,0.03454643943086315,0.014218170240219674
Prkdc,-0.024682319859943718,0.024682319859943718,0.07987576197856372
A730011L01Rik,-0.010558848732521624,0.010558848732521624,0.45377207486384896
Pyhin1,-0.010393989053810532,0.010393989053810532,0.46085241039868213
Oosp1,-0.06521289488048698,0.06521289488048698,3.628500481219723e-06
Bex4,0.020021693399344738,0.020021693399344738,0.15542588013623065
Zmym6,-0.011521531461237359,0.011521531461237359,0.4136729644047265
Dexi,-0.09003163078517518,0.09003163078517518,1.548791392894934e-10
Rdh13,-0.05769852648977391,0.05769852648977391,4.1861121882524104e-05
Trim24,-0.001713513296138562,0.001713513296138562,0.9032403678126442
Gm5480,-0.0328671419580766,0.0328671419580766,0.019676472445892892
Lck,0.023744972372907788,0.023744972372907788,0.09201250248713125
Igll1,-0.10550648393328216,0.10550648393328216,6.080161156922807e-14
Aim1l,-0.025926436680459082,0.025926436680459082,0.06580988951664743
Zfx,0.011161520422137422,0.011161520422137422,0.4284173072194882
Mapt,-0.030991772785981392,0.030991772785981392,0.02785612629490015
2900076A07Rik,0.008714247054557178,0.008714247054557178,0.536402086685842
Med13,-0.029078880787979152,0.029078880787979152,0.0390651058350274
Synj2,-0.0220295089237288,0.0220295089237288,0.11802417252761628
1700102H20Rik,-0.05128039579761421,0.05128039579761421,0.0002720098738734517
Slc43a2,-0.0816391567495281,0.0816391567495281,6.562528893581603e-09
Cisd1,-0.01658832649005562,0.01658832649005562,0.2392052096537815
Slc14a1,0.021585223250940536,0.021585223250940536,0.1256239397851392
Zfp598,-0.03859915289430368,0.03859915289430368,0.006152873230651478
Penk,-0.007816380831186694,0.007816380831186694,0.5791966675946871
Fyn,-0.0034092223028789935,0.0034092223028789935,0.8088767467976617
Erg,0.0015415584170725563,0.0015415584170725563,0.9129096126704084
Sgsm2,-0.027971045681684396,0.027971045681684396,0.04716064218882011
Gfod2,-0.00030707360028413527,0.00030707360028413527,0.9826186607432581
Aspa,0.015049330171346508,0.015049330171346508,0.28562528771433326
Wrb,-0.10482016880019464,0.10482016880019464,8.83511861248914e-14
Ccl19,0.010695002615180044,0.010695002615180044,0.4479711287451938
Mcm9,-0.011342316326683305,0.011342316326683305,0.42097489457524573
Nufip2,0.02323623943476327,0.02323623943476327,0.09919519939202896
1600027N09Rik,0.00559501497339503,0.00559501497339503,0.6914017145891674
Gm11202,-0.027965052900311857,0.027965052900311857,0.0472080072465649
Fam169b,0.010550460736437495,0.010550460736437495,0.4541308320673492
Zfp820,-0.034503694449883826,0.034503694449883826,0.014338542206175859
Ripk2,-0.042629111358516665,0.042629111358516665,0.0024798452101424014
Zfp229,-0.04054002143136245,0.04054002143136245,0.004009893921574947
Cx3cr1,-0.002877921275042744,0.002877921275042744,0.8382122347245193
3110052M02Rik,-0.04114694897160257,0.04114694897160257,0.0034947456626041105
Gtpbp5,-0.05233955240468089,0.05233955240468089,0.00020248989208635035
Ppargc1b,-0.03862281526597175,0.03862281526597175,0.006121487320375431
Fan1,0.015251631423887892,0.015251631423887892,0.2791979108417284
Lnpep,0.0027153941896912413,0.0027153941896912413,0.8472331850538609
Spire1,0.022073324589994878,0.022073324589994878,0.11729464592141774
Rhcg,-0.05408232251318164,0.05408232251318164,0.00012313579237202622
Gm14326,-0.026539118352242055,0.026539118352242055,0.05967234206976079
AW146154,-0.02526014342493434,0.02526014342493434,0.07306547156262225
Prelid2,-0.021919153889900705,0.021919153889900705,0.11987734262406324
2700081L22Rik,0.004680018512993438,0.004680018512993438,0.7398621832674389
Nacc1,-0.03698149288188304,0.03698149288188304,0.008674322788266419
Mtap,-0.076121176043487,0.076121176043487,6.357975560597542e-08
Zfp420,-0.06147556365213491,0.06147556365213491,1.2674748753312787e-05
Cdc42ep2,0.015433562987026656,0.015433562987026656,0.2735022968819168
Lphn1,0.0007644572943934316,0.0007644572943934316,0.9567470715755609
BC027231,-0.057137563611556724,0.057137563611556724,4.9693773994306716e-05
Cnksr3,-0.023021648217869478,0.023021648217869478,0.10235607992322844
Zfp568,-0.06739962805710127,0.06739962805710127,1.690766607236711e-06
Cxx1a,-0.05667747458704382,0.05667747458704382,5.713507191782453e-05
Pggt1b,-0.043545993129864895,0.043545993129864895,0.0019953010754123327
Elmod2,-0.04538582578737085,0.04538582578737085,0.0012745219852441318
Cyb5rl,-0.057937275904515,0.057937275904515,3.88960582594501e-05
2010005H15Rik,0.020668858634063057,0.020668858634063057,0.14249754489638333
BC024978,-0.028223622808239784,0.028223622808239784,0.04520037857949133
Dirc2,-0.05167052793452487,0.05167052793452487,0.00024414202895395705
Itpr3,0.000880374832776486,0.000880374832776486,0.950196427967241
Jup,-0.026088188061409487,0.026088188061409487,0.06414107441494969
2310061J03Rik,-0.03891341924978776,0.03891341924978776,0.005747615602349676
Ftsjd1,-0.03326091914037797,0.03326091914037797,0.018254209742586163
Hoxb2,0.014481879552255376,0.014481879552255376,0.3041840710322539
Pcx,-0.02266969327970691,0.02266969327970691,0.10771321285970409
Zfp507,-0.019679661076677585,0.019679661076677585,0.16260871769815596
Urb1,-0.03750156878054114,0.03750156878054114,0.007777806315924317
Maged2,-0.062286016792266696,0.062286016792266696,9.71995424579681e-06
Snx30,-0.01413846308755946,0.01413846308755946,0.3157962176156098
Brms1,-0.08202889439609194,0.08202889439609194,5.557929468495288e-09
Zfand1,-0.09867588766219461,0.09867588766219461,2.252169772637768e-12
Snx16,-0.050489526867191076,0.050489526867191076,0.0003378866241212722
Nanos3,-0.0547911387862145,0.0547911387862145,0.00010016239625620766
Ambp,-0.014313704328078212,0.014313704328078212,0.30983479484203397
Perp,-0.03173489132270083,0.03173489132270083,0.02431799288459511
Gramd3,-0.05827228547936169,0.05827228547936169,3.506983700663341e-05
Eltd1,-0.09752263675927142,0.09752263675927142,4.0481267044734874e-12
Rg9mtd1,-0.06744990028698877,0.06744990028698877,1.6608832691099195e-06
2810408M09Rik,-0.06001198890206648,0.06001198890206648,2.030399076162232e-05
Hdac9,-0.043720479432391685,0.043720479432391685,0.00191357528539341
C130060C02Rik,0.011631989295569146,0.011631989295569146,0.40921005258813176
C030034I22Rik,-0.03261114585434835,0.03261114585434835,0.0206521595925852
Zfp868,-0.018582149362886866,0.018582149362886866,0.1873481612868161
Tmcc2,0.10844455273129794,0.10844455273129794,1.1947446275074903e-14
Catsper2,-0.029191229238024873,0.029191229238024873,0.03831430472534363
Klhl21,-0.051105882757585416,0.051105882757585416,0.00028541705912940677
BC002230,-0.06285308962999052,0.06285308962999052,8.057061673485982e-06
Hba-a2,0.07676056980251422,0.07676056980251422,4.925123231239399e-08
Plekha8,-0.05929461256252812,0.05929461256252812,2.5481818641259618e-05
2700038G22Rik,-0.05035809822928555,0.05035809822928555,0.00035018443871090514
Tmf1,-0.050765123075139376,0.050765123075139376,0.00031339901062328975
Smcr7l,-0.05711493500243031,0.05711493500243031,5.003719388525633e-05
Hist1h4m,-0.1175649380373639,0.1175649380373639,5.764848839235243e-17
Hoxa9,-0.0024428162386616395,0.0024428162386616395,0.862406866233308
Setmar,-0.02499656703407746,0.02499656703407746,0.07611069247437834
Gm20199,0.023818361444422405,0.023818361444422405,0.09101170708520394
Amica1,0.012032320066379,0.012032320066379,0.39327684242856636
1700020O03Rik,-0.0706647767512033,0.0706647767512033,5.174112266140862e-07
Tnfrsf13c,-0.03558491939393066,0.03558491939393066,0.011555058708270663
Chpf2,-0.09601606372695551,0.09601606372695551,8.61985677238983e-12
9130019O22Rik,-0.01363801162273194,0.01363801162273194,0.3332325670832092
Cand2,-0.06092250633080279,0.06092250633080279,1.5163640928710274e-05
H2-T24,-0.0364017957147902,0.0364017957147902,0.009781471486044302
Cxcl12,-0.014516858903154942,0.014516858903154942,0.30301740733291516
C130039O16Rik,0.021782764448463533,0.021782764448463533,0.12219909270998666
Iqsec2,-0.019537830935353006,0.019537830935353006,0.16565958988200308
Rbm33,-0.007914054703570431,0.007914054703570431,0.5744645500546459
Txnrd3,-0.05395029141864906,0.05395029141864906,0.00012793002396671894
1600029D21Rik,-0.058278310718839405,0.058278310718839405,3.5004408809670725e-05
Lpl,0.005952605175892728,0.005952605175892728,0.6727884006328784
Il18,-0.011113259859485924,0.011113259859485924,0.4304168042424508
E130311K13Rik,-0.060564219495165814,0.060564219495165814,1.701766533598107e-05
Tmem150a,-0.011110620334370012,0.011110620334370012,0.4305263191055971
Gm15471,-0.037842179021781185,0.037842179021781185,0.007236565301660984
Adck5,-0.06443476528727744,0.06443476528727744,4.7345353816128636e-06
Chst14,-0.045268862658219736,0.045268862658219736,0.0013119874163017775
1700008J07Rik,-0.06225558115125509,0.06225558115125509,9.817896619490757e-06
Dqx1,-0.0009991941210904702,0.0009991941210904702,0.9434852970353012
Atp6v1g2,-0.023027031226874283,0.023027031226874283,0.10227582119931652
Mogs,-0.054601402113448494,0.054601402113448494,0.00010587991096185168
Gpt,-0.02551191616069706,0.02551191616069706,0.07025040671347883
Edaradd,-0.07028392774910625,0.07028392774910625,5.956567968688728e-07
Npm3,-0.10240893949586305,0.10240893949586305,3.221889196605867e-13
Tctn3,-0.06841107270046042,0.06841107270046042,1.1782241683778622e-06
Exoc6b,-0.017804956514408964,0.017804956514408964,0.20647732807049493
Arid4b,0.03984130257913835,0.03984130257913835,0.004687638429172663
Htatsf1,-0.04796817218836594,0.04796817218836594,0.0006612387355921878
Lzts2,-0.043709006961416524,0.043709006961416524,0.001918852889256529
5033411D12Rik,-0.03301797273463706,0.03301797273463706,0.019120650662627966
Traf3,-0.05001786949574224,0.05001786949574224,0.00038399138915929954
Hspa1a,0.0009000623890052773,0.0009000623890052773,0.9490841817584942
Snhg10,-0.0447358185119705,0.0447358185119705,0.0014959442634350953
Lancl2,-0.07870983258815314,0.07870983258815314,2.2328529831915354e-08
Ttbk2,-0.00521593318989494,0.00521593318989494,0.7113391393322698
Traf3ip1,-0.04120236147819973,0.04120236147819973,0.00345084944406772
Hist1h4j,-0.05953181187299865,0.05953181187299865,2.3644644848108595e-05
1190007F08Rik,0.033977075736461665,0.033977075736461665,0.01589693047227814
Bag5,-0.06998137984942261,0.06998137984942261,6.658249495710767e-07
Mboat1,-0.05899345320311905,0.05899345320311905,2.801041058012527e-05
Zfp689,-0.06712798515575923,0.06712798515575923,1.8613898454823761e-06
Bcl9l,0.03711652407081342,0.03711652407081342,0.008433089257050141
Map3k2,0.005721212791314097,0.005721212791314097,0.6848108304547137
Armcx1,-0.026398285139452093,0.026398285139452093,0.06103940959442371
Zfp467,-0.07453099322483761,0.07453099322483761,1.1893302262615408e-07
Siae,-0.04700535059979608,0.04700535059979608,0.0008476700682022964
Gypc,-0.04619065839569871,0.04619065839569871,0.0010423241322373034
Vamp1,-0.024797998189653836,0.024797998189653836,0.07847256303395142
Smarca5-ps,-0.04516323965716844,0.04516323965716844,0.0013466907733803162
Sept8,0.012354565582727097,0.012354565582727097,0.38072847939460175
Trim10,0.07611522387413446,0.07611522387413446,6.373046611454612e-08
Gm10653,-0.05482227407297992,0.05482227407297992,9.925246171169143e-05
Tmem87b,-0.03604251103937478,0.03604251103937478,0.010529274729097529
Prss2,0.02658250790570966,0.02658250790570966,0.05925631190160491
Ddx23,0.04241243572725583,0.04241243572725583,0.0026090682003896445
Klhl26,-0.06423898310054767,0.06423898310054767,5.059962413086683e-06
Usp31,-0.03887388991547788,0.03887388991547788,0.005797231599354188
Gm15441,-0.02531714335622812,0.02531714335622812,0.07242020728066435
Galnt10,-0.009434903537127639,0.009434903537127639,0.5032438320420433
Vamp4,-0.04293070261535846,0.04293070261535846,0.002309713627259886
Map2k2,-0.022580054663348084,0.022580054663348084,0.10911247556386239
Acsl3,-0.009323222753663533,0.009323222753663533,0.5083105725958494
4930402H24Rik,-0.003822581233869628,0.003822581233869628,0.7862354541365861
Arhgef10l,-0.008395589045750308,0.008395589045750308,0.5514065770556866
Tmem214,-0.14770887171468777,0.14770887171468777,5.809953528361493e-26
Slc5a6,-0.04010120120820629,0.04010120120820629,0.004424282775499678
Arhgef12,0.026896098209925473,0.026896098209925473,0.05632053913720567
Plekhm2,-0.027271058691013962,0.027271058691013962,0.05297015579267512
Clec4a3,0.017657297362240972,0.017657297362240972,0.21026655201512248
Gimap4,0.036793544393058965,0.036793544393058965,0.009020354541159625
Thy1,0.015218705600092426,0.015218705600092426,0.28023725370323643
Lrrc49,-0.025817636871825762,0.025817636871825762,0.06695239637427414
Trps1,0.00013756699820382474,0.00013756699820382474,0.9922127795933885
Dennd1b,0.008122017507427713,0.008122017507427713,0.5644505330219669
Sbf1,-0.027912077544645236,0.027912077544645236,0.04762844992895878
Vps13d,-0.04537087188869987,0.04537087188869987,0.0012792563212230953
Scyl2,-0.007774281671966946,0.007774281671966946,0.5812419204172693
Col4a4,-0.0010215444580498013,0.0010215444580498013,0.9422233426268507
Nr2c1,-0.05961460961894267,0.05961460961894267,2.3033557320628217e-05
Gm12070,-0.08144761431206586,0.08144761431206586,7.11890811866597e-09
Dhx33,-0.0572660577898428,0.0572660577898428,4.77856645049511e-05
Ccdc71,-0.07309543516315117,0.07309543516315117,2.070867505723502e-07
Rnf103,-0.03321684346880033,0.03321684346880033,0.018408800594437297
Dock1,-0.08002468449315558,0.08002468449315558,1.295587428224906e-08
U2af1l4,-0.06402086138282222,0.06402086138282222,5.447725598168339e-06
Prss36,-0.01625258184015877,0.01625258184015877,0.24884851821599382
Adam19,0.038855837789944114,0.038855837789944114,0.005820018210633401
Tacc2,-0.054481754628917634,0.054481754628917634,0.00010964219213829425
Nudt13,-0.0373349972727102,0.0373349972727102,0.008055470880380331
D030028A08Rik,-0.04612404495249138,0.04612404495249138,0.0010599435315634227
Rhot1,-0.11160544948238235,0.11160544948238235,1.9748468203840316e-15
Fancl,-0.046149983311527566,0.046149983311527566,0.0010530502858718603
Chdh,-0.0840727842066093,0.0840727842066093,2.29658245906206e-09
2510003E04Rik,-0.10407922529145774,0.10407922529145774,1.3190222816790603e-13
4930563E22Rik,-0.016128752507727297,0.016128752507727297,0.2524728472005961
Trak1,-0.034036990630574186,0.034036990630574186,0.015712423064460804
2900056M20Rik,-0.03227887252252488,0.03227887252252488,0.021981272779166703
Ccl5,0.1582670234005419,0.1582670234005419,1.3139332269405102e-29
Ogfod1,-0.04265820269655702,0.04265820269655702,0.0024629484570655746
Bbs4,-0.04653192764268535,0.04653192764268535,0.0009562315897722108
Gngt2,0.06502310488605496,0.06502310488605496,3.8728398727590984e-06
Smad5,-0.052645172896993546,0.052645172896993546,0.000185772242791583
Tnfaip1,-0.04068142477549968,0.04068142477549968,0.003884067805955542
Dnajb12,-0.008562859151948937,0.008562859151948937,0.5435047421829191
Tmem93,-0.06725045985812274,0.06725045985812274,1.7825082205222084e-06
Repin1,-0.08803334991012754,0.08803334991012754,3.902743764766437e-10
Ccdc111,-0.008618626655181785,0.008618626655181785,0.54088286674085
Atp7a,0.015227185097773457,0.015227185097773457,0.279969337368563
Hist1h2ab,-0.03748558018841858,0.03748558018841858,0.007804081341600231
2410022L05Rik,-0.071671656417278,0.071671656417278,3.5533719569997473e-07
Pim2,-0.02632649700948586,0.02632649700948586,0.0617461753311198
Smyd4,-0.03879128679426476,0.03879128679426476,0.005902160726122145
Oas1c,-0.025401293584025673,0.025401293584025673,0.07147612229124038
Saa3,0.057824046372971616,0.057824046372971616,4.027652679527957e-05
Uty,-0.03884931392463259,0.03884931392463259,0.005828272910686451
AW209491,-0.10116911882288523,0.10116911882288523,6.19450963176342e-13
Lhpp,-0.07097482972915174,0.07097482972915174,4.61120680679866e-07
Zfp710,-0.03769642130737233,0.03769642130737233,0.0074639016415491855
Gm11517,-0.017177764607011703,0.017177764607011703,0.22291874666454595
Sesn1,-0.03951552488778098,0.03951552488778098,0.005037753201759481
Prps1l1,-0.011897098968315738,0.011897098968315738,0.3986161553984493
Sp4,0.017101878075623824,0.017101878075623824,0.22496986655715226
Ppp1r3b,-0.02557799069266854,0.02557799069266854,0.06952655156117789
C1ra,0.00012268264361381376,0.00012268264361381376,0.9930553119425628
Tmem86b,0.020678116948266517,0.020678116948266517,0.1423187721934096
Zfp655,-0.06323599856649231,0.06323599856649231,7.09196452998469e-06
Isoc2a,-0.016126148150505615,0.016126148150505615,0.25254946632435415
Micall2,-0.017253469226131253,0.017253469226131253,0.2208859097066407
Rbbp7,-0.11395567992758343,0.11395567992758343,5.009498988575442e-16
D830046C22Rik,-0.03529979683937028,0.03529979683937028,0.012238176234984285
Phf15,-0.018979007122955,0.018979007122955,0.1781000706078769
Zbtb41,-0.006490898031891649,0.006490898031891649,0.6451461369835755
3110021A11Rik,-0.010601063527733632,0.010601063527733632,0.4519689630143572
Erc1,0.003581762588842005,0.003581762588842005,0.7994053931764408
Itm2a,-0.019672621374662757,0.019672621374662757,0.1627591405856695
6330408A02Rik,-0.026158954319706718,0.026158954319706718,0.06342203131067181
Ccdc59,-0.030856835499557703,0.030856835499557703,0.02854408931749593
Cd7,-0.005629300681285828,0.005629300681285828,0.68960874865241
Spa17,-0.011803875888278682,0.011803875888278682,0.40232242807473484
Klhdc2,-0.08388263513238632,0.08388263513238632,2.4955996519393248e-09
4933440M02Rik,-0.018344631249909298,0.018344631249909298,0.19305005650707094
Zfp12,-0.030908753704006114,0.030908753704006114,0.028277677524031167
Bcl2a1d,0.016665117050116036,0.016665117050116036,0.23703715134672626
Epor,0.04256847058040901,0.04256847058040901,0.0025154077686550948
Tmppe,-0.04005397700069889,0.04005397700069889,0.004471115056274451
Ttc37,0.00034271548503189995,0.00034271548503189995,0.9806015938325983
Dhfr,-0.08492134598088147,0.08492134598088147,1.5814391376408066e-09
Tom1l2,-0.05022942302030407,0.05022942302030407,0.0003626290369657228
Zfp273,-0.019721856464437207,0.019721856464437207,0.161709292275717
4930581F22Rik,0.003576662689864664,0.003576662689864664,0.7996849296311846
Gm12216,-0.03070230338836618,0.03070230338836618,0.029349878559750974
Rassf10,0.033883242465409635,0.033883242465409635,0.016189717208405275
Smcr7,-0.09540126882383027,0.09540126882383027,1.1695270613974174e-11
Pus3,-0.07454276084093711,0.07454276084093711,1.1838857295475784e-07
Baat1,-0.03832395583032347,0.03832395583032347,0.006528682568504752
Kif3a,-0.03863980911893779,0.03863980911893779,0.006099035587478507
Ly9,-0.09724734849191438,0.09724734849191438,4.651648843380514e-12
Mtx3,0.011910740077354426,0.011910740077354426,0.39807555452313065
Ppp2r3a,-0.019207731510191103,0.019207731510191103,0.17292670398886698
Tfr2,-0.01641096055981231,0.01641096055981231,0.24426619693614082
Ftsj1,-0.10348558557126739,0.10348558557126739,1.8147274542160512e-13
Pigb,-0.02795796537636267,0.02795796537636267,0.047264076423880697
Itpkc,-0.03706621120873496,0.03706621120873496,0.008522263168512439
Ccdc93,-0.08757937506560724,0.08757937506560724,4.801058265734762e-10
Pld3,-0.05265856566784676,0.05265856566784676,0.0001850701783683507
3110009E18Rik,-0.04276726960248466,0.04276726960248466,0.0024005338542830855
Dvl2,-0.06152520164449582,0.06152520164449582,1.247151360679362e-05
Pak4,-0.02587488385108043,0.02587488385108043,0.06634922731458609
Acn9,-0.09069408650217622,0.09069408650217622,1.135008924173516e-10
Tmem177,-0.061458124847689366,0.061458124847689366,1.2746896240409625e-05
Gm16039,-0.09920764483544606,0.09920764483544606,1.7147139662343807e-12
Lss,-0.04936744888540547,0.04936744888540547,0.00045726400435365343
Txndc16,-0.07048977390805716,0.07048977390805716,5.520496069194125e-07
Sema4f,-0.0063705664650665845,0.0063705664650665845,0.651284682117524
Aars,-0.10508503604432921,0.10508503604432921,7.650709376831501e-14
Wdr48,-0.07835960092732039,0.07835960092732039,2.5774776424873462e-08
Dnahc6,0.006618693891813007,0.006618693891813007,0.638653186074775
Bmx,0.04077737206066101,0.04077737206066101,0.0038007435556325817
Krt10,-0.05486380722916174,0.05486380722916174,9.80507874063403e-05
0610040B10Rik,-0.051878407112845554,0.051878407112845554,0.0002304093140208921
Ifi47,-0.0693546812252139,0.0693546812252139,8.373681615047853e-07
Jdp2,0.025212218048188694,0.025212218048188694,0.07361164028628438
Nav1,-0.0020868636184726685,0.0020868636184726685,0.882297614094629
Tmem63a,-0.10451006691227799,0.10451006691227799,1.045202716623911e-13
Ttll3,0.0072057543092905445,0.0072057543092905445,0.6091868871314023
Rad18,-0.04612787904389109,0.04612787904389109,0.0010589219813283764
Fosb,0.041510018016278294,0.041510018016278294,0.003216129297127093
Il27,-0.017599178977632253,0.017599178977632253,0.21177169921417777
Fst,-0.010693079078915048,0.010693079078915048,0.4480527881372169
Arv1,-0.05795133992078875,0.05795133992078875,3.8727761574440525e-05
Fads6,-0.012439823989461175,0.012439823989461175,0.377450063617839
Apoe,0.05373013853758828,0.05373013853758828,0.00013631726548331353
1700028E10Rik,0.0034736580810916916,0.0034736580810916916,0.8053362800528133
Iars2,-0.09512833304380698,0.09512833304380698,1.3383526964137373e-11
Gpatch2,-0.009392010170969085,0.009392010170969085,0.5051866610157272
Sfi1,-0.01951561311689363,0.01951561311689363,0.1661413869283407
Nek2,-0.09143519648125387,0.09143519648125387,7.995327130486998e-11
Nup133,-0.10853283264864333,0.10853283264864333,1.1369593317184695e-14
Cstf2,-0.10037881234426793,0.10037881234426793,9.358246115203041e-13
Mtus2,-0.02044754636628306,0.02044754636628306,0.1468224440261516
Xkr8,-0.059911495202971655,0.059911495202971655,2.0963619238058375e-05
Rarg,-0.030643161491863958,0.030643161491863958,0.029663403165925938
Bcar3,-0.03784416053745943,0.03784416053745943,0.007233518031509405
Cnr2,-0.04314145429925647,0.04314145429925647,0.0021972434629772904
Cep55,-0.0966482005848954,0.0966482005848954,6.286120424052679e-12
Lmbr1l,-0.05360943193485494,0.05360943193485494,0.00014113300168591537
Zbtb40,-0.011953784943608568,0.011953784943608568,0.3963725724608224
Eid1,-0.03068044905891203,0.03068044905891203,0.029465399726715205
Hist2h3b,-0.05511346589887868,0.05511346589887868,9.111187537255086e-05
Zc3h6,0.02724868576964102,0.02724868576964102,0.05316528452680411
Sncaip,-0.015322556366692705,0.015322556366692705,0.27696799194433425
Intu,-0.02425031965867065,0.02425031965867065,0.08529721073064614
A230072C01Rik,-0.018966809356952802,0.018966809356952802,0.17837916392924338
A830010M20Rik,-0.01594412637183782,0.01594412637183782,0.25794464606733125
Pik3ap1,-0.050370476827366985,0.050370476827366985,0.0003490085585065913
Btbd8,-0.013022583093119967,0.013022583093119967,0.35551000124439797
Lrrk2,-0.022231860516336036,0.022231860516336036,0.11468456942498473
Nlrc4,-0.06210989230152045,0.06210989230152045,1.0299923057460803e-05
Padi3,-0.04491820594202012,0.04491820594202012,0.0014304835250246362
Zfp870,-0.07240732385973567,0.07240732385973567,2.6916910634896323e-07
Pi4k2a,-0.0014684070192850915,0.0014684070192850915,0.9170270058597187
Znf512b,-0.03164898467541377,0.03164898467541377,0.024706039034929416
4932416H05Rik,-0.02442857764926895,0.02442857764926895,0.0830251396619959
Btbd19,-0.06442404933940217,0.06442404933940217,4.751816338727286e-06
Tctex1d4,-0.002670216421893529,0.002670216421893529,0.849744356606167
Gna14,-0.021740470146306277,0.021740470146306277,0.12292615902832696
Stam2,-0.08795511665161991,0.08795511665161991,4.044884840638034e-10
Kif16b,-0.017700315287795323,0.017700315287795323,0.2091574708606295
Fbxl17,-0.02301081819912102,0.02301081819912102,0.10251770338452043
Ydjc,-0.08204077254964574,0.08204077254964574,5.529790207726055e-09
Aimp1,-0.025877564389382147,0.025877564389382147,0.06632109449784024
Slc7a8,-0.03443902396485633,0.03443902396485633,0.014522365834522653
Cd2ap,-0.009844862487115738,0.009844862487115738,0.48487581410456315
Dolpp1,-0.04881731883663039,0.04881731883663039,0.0005292141067656035
3110001I22Rik,-0.06861996232215097,0.06861996232215097,1.0928491089615442e-06
Zfp605,-0.031221526581983045,0.031221526581983045,0.026717616471175445
Wdsub1,-0.05320645005674259,0.05320645005674259,0.00015839623426682585
Ccbl1,-0.05709560087576381,0.05709560087576381,5.0332395952734845e-05
Spef1,-0.027297929119293664,0.027297929119293664,0.05273659247489546
Rrp1b,-0.03338195197006999,0.03338195197006999,0.01783552939244516
Xpo5,-0.09519836424171711,0.09519836424171711,1.2928869417378432e-11
Zc3h12a,-0.0385582267311677,0.0385582267311677,0.006207500065693983
Lpxn,0.0067075348807569355,0.0067075348807569355,0.634155648358853
Kank3,-0.053715300624304754,0.053715300624304754,0.00013690078737821405
Fam102b,-0.04915211090689957,0.04915211090689957,0.0004842658172111676
Rrp36,-0.09405221050988871,0.09405221050988871,2.2691381824478896e-11
Znrd1as,-0.03471272054527653,0.03471272054527653,0.013758349963498097
Zfp408,-0.047143714816086854,0.047143714816086854,0.0008181697108929213
Acot10,-0.05847951179413701,0.05847951179413701,3.288493265017714e-05
Hmgxb3,-0.039778739256103236,0.039778739256103236,0.00475311642429333
Atp8a2,-0.0846682828853478,0.0846682828853478,1.7682279404161886e-09
Pter,-0.06617519489845287,0.06617519489845287,2.600409176292957e-06
Nr1h3,-0.034615980972675355,0.034615980972675355,0.014024241847290906
Zfp512,-0.03853219274176702,0.03853219274176702,0.0062424761171362385
Fam123a,0.049386941959740055,0.049386941959740055,0.00045489033802275324
Gm1976,-0.03622458092975977,0.03622458092975977,0.010144193553885572
Pdss1,-0.06973550199084277,0.06973550199084277,7.286522205659208e-07
Tdrd3,-0.09813696915359967,0.09813696915359967,2.9646079747058774e-12
0610040J01Rik,-0.07226899056614583,0.07226899056614583,2.836575740133434e-07
Card9,-0.12456681932527185,0.12456681932527185,7.1690654083909325e-19
Pax8,-0.012470727708214023,0.012470727708214023,0.376266040439861
Rfxap,-0.12630315587191954,0.12630315587191954,2.3218006198643254e-19
Ociad2,-0.04396175113865536,0.04396175113865536,0.0018056262194481704
Cd38,0.015642011665431887,0.015642011665431887,0.2670747662438035
Gramd4,-0.0017774643900992692,0.0017774643900992692,0.899647894190996
Cad,-0.055711343683447836,0.055711343683447836,7.633195478569292e-05
2900005J15Rik,-0.003597692189960056,0.003597692189960056,0.7985324230261962
9430076G02Rik,-0.00808902301268664,0.00808902301268664,0.5660336949923246
Sun2,-0.11531578245833676,0.11531578245833676,2.235512714181525e-16
Jmjd7,-0.0470573655254344,0.0470573655254344,0.0008364662610795702
Sfxn3,-0.031420972887489206,0.031420972887489206,0.025762089989752535
Agpat9,0.016364141115600576,0.016364141115600576,0.2456145992467987
H2-M3,-0.04033736945639213,0.04033736945639213,0.0041966762644542145
Nfkb2,-0.0580604248888685,0.0580604248888685,3.7445665464492184e-05
Micall1,-0.024699109431986485,0.024699109431986485,0.07967084562299326
Galnt11,-0.08496787016599555,0.08496787016599555,1.5492569369022331e-09
Triobp,-0.07542102577770143,0.07542102577770143,8.389672117613364e-08
Tnfrsf4,-0.016981670046639072,0.016981670046639072,0.22824646548138444
H2-Ab1,0.011807393633552744,0.011807393633552744,0.40218219899457336
Xpo4,-0.04275063916960642,0.04275063916960642,0.0024099563012388065
Ly6i,-0.006152071689213948,0.006152071689213948,0.6624912875173288
9030418K01Rik,-0.04084924561667486,0.04084924561667486,0.0037393933174023988
Egfl7,-0.020776381517520422,0.020776381517520422,0.1404319361742296
Orc5,-0.059936855946488836,0.059936855946488836,2.079525626493993e-05
Nedd4l,-0.04398145442551928,0.04398145442551928,0.001797062534509808
Prrg1,-0.013826118586079732,0.013826118586079732,0.3266071502637162
1110054M08Rik,-0.005215773026830578,0.005215773026830578,0.7113476059594402
Zfp275,-0.025510791907326986,0.025510791907326986,0.07026277633879474
Zswim3,-0.059544765224283785,0.059544765224283785,2.3548035742578367e-05
Ift74,-0.020108234685582885,0.020108234685582885,0.15364722161420807
Klhl9,-0.07667976034714184,0.07667976034714184,5.087239397416033e-08
Stfa3,0.01907623908941863,0.01907623908941863,0.17588694436591074
Tex10,-0.08083105320285473,0.08083105320285473,9.239226972943995e-09
4930515G01Rik,-0.015783805807572004,0.015783805807572004,0.262762341462463
Clcn7,-0.029691953023545985,0.029691953023545985,0.03511546712529809
Srxn1,0.0004829458936818625,0.0004829458936818625,0.972666916252799
Zfp52,-0.053565714503848304,0.053565714503848304,0.00014291633926884139
5730408K05Rik,-0.04224496636837066,0.04224496636837066,0.002713129859784862
Ifnar1,-0.07395333426472148,0.07395333426472148,1.4885146644633735e-07
Rsph3b,-0.07552052669207204,0.07552052669207204,8.066689834635986e-08
Cox17,0.059503774424406346,0.059503774424406346,2.3855047449972114e-05
Dnajc6,-0.039068590326896684,0.039068590326896684,0.005556529431102819
Zfp758,-0.03169701802773695,0.03169701802773695,0.02448841338489989
Gm4944,-0.014947385146869118,0.014947385146869118,0.2889018115773592
Ccl27a,-0.015721204346548282,0.015721204346548282,0.2646602952249621
Hook1,-0.014305424607087974,0.014305424607087974,0.3101147740337831
Hspb11,-0.07058080793635152,0.07058080793635152,5.337613291208617e-07
Usp45,-0.008628819797806655,0.008628819797806655,0.5404043262151702
Crtc2,-0.0632666773869714,0.0632666773869714,7.019619601176697e-06
Mvk,-0.021118575350465928,0.021118575350465928,0.13401114956647145
Mir5136,-0.05719550908727383,0.05719550908727383,4.882452664690729e-05
Tmem215,-0.029902356116163178,0.029902356116163178,0.03384094418406939
Rgs3,-0.008961909156951584,0.008961909156951584,0.5248841009623718
1700123M08Rik,-0.036544149084819774,0.036544149084819774,0.009498520440979437
Ptprs,-0.042634951694191854,0.042634951694191854,0.00247644455967502
Solh,0.03157108000698394,0.03157108000698394,0.025062564550100943
Lrch3,-0.006682505206233554,0.006682505206233554,0.6354214085209746
Dlgap4,-0.06985267867163072,0.06985267867163072,6.980300132096267e-07
Sart3,-0.08302799915842084,0.08302799915842084,3.6176243928238367e-09
Snx32,-0.0033648097354166836,0.0033648097354166836,0.8113193087652683
Map4k2,-0.05178348432882761,0.05178348432882761,0.00023658756886170193
Scai,-0.019910110189815738,0.019910110189815738,0.1577422257132494
Zfp219,-0.09100883414752647,0.09100883414752647,9.784154372749186e-11
Riok2,-0.0674757579706186,0.0674757579706186,1.6457109898901515e-06
Ube2c,0.04093323392760342,0.04093323392760342,0.003668843130947801
LOC106740,-0.0027299761347032506,0.0027299761347032506,0.8464229884517823
Mtss1,0.020406765116043054,0.020406765116043054,0.14763023211336906
2700078E11Rik,-0.10455055345521226,0.10455055345521226,1.02254732661285e-13
Sergef,-0.07586448157724401,0.07586448157724401,7.040336311478294e-08
Klc2,-0.04818708101550257,0.04818708101550257,0.0006245471945036999
Chd9,-0.02103390076483137,0.02103390076483137,0.13557841290583916
Nub1,-0.06896847945910743,0.06896847945910743,9.634925118692286e-07
Rtp4,-0.012643839446542321,0.012643839446542321,0.369676015776474
Heatr1,-0.0417788389508914,0.0417788389508914,0.0030230453975035984
Slc45a4,-0.03582509899801005,0.03582509899801005,0.011006094273953106
Klhl36,-0.0786499135584533,0.0786499135584533,2.2884607316119932e-08
Serpina3g,-0.007439532272408953,0.007439532272408953,0.5976235685322763
Zbtb5,-0.04766949849323986,0.04766949849323986,0.0007145376791069595
Taf8,-0.0523500672503606,0.0523500672503606,0.00020189198305364952
Gcat,0.00032338261222588884,0.00032338261222588884,0.981695676798011
Slc22a5,-0.04392079671737907,0.04392079671737907,0.001823546420702504
Ptpn9,-0.12911663250483169,0.12911663250483169,3.6134031131185456e-20
Prr12,-0.026751724703004173,0.026751724703004173,0.05765674544443569
Abce1,-0.10724878009420108,0.10724878009420108,2.3291303714335313e-14
Ddit4,-0.02049493208319612,0.02049493208319612,0.14588808550535148
Cdca7l,-0.135367753471915,0.135367753471915,4.992969290275994e-22
E2f7,-0.013148478475594754,0.013148478475594754,0.350878017545095
Gcsh,-0.0943867518006955,0.0943867518006955,1.9268733161942222e-11
Ggcx,-0.07326456309437135,0.07326456309437135,1.9409209220317727e-07
Gm9897,-0.012988940569858592,0.012988940569858592,0.35675428815290583
Ezr,-0.07381524204609503,0.07381524204609503,1.5701552182274287e-07
H2-Aa,0.017425193287299596,0.017425193287299596,0.2163240714777637
Rpl18,0.34777547059615127,0.34777547059615127,3.92625110544664e-143
Agpat4,0.03597531613359976,0.03597531613359976,0.010674644255523376
Tbl1x,-0.014213802124245577,0.014213802124245577,0.3132241395251258
Eif2b4,-0.0923780644822736,0.0923780644822736,5.099236031308812e-11
4930579G24Rik,-0.112229996980597,0.112229996980597,1.375401146036826e-15
Coq3,-0.06995037117326693,0.06995037117326693,6.734507997565085e-07
Zfp934,-0.06905663114668167,0.06905663114668167,9.331868806047729e-07
Ctf1,-0.05107971225892699,0.05107971225892699,0.0002874802184030316
Zfp945,-0.036465822492661976,0.036465822492661976,0.009653291313786382
Slc17a5,-0.04235951018077083,0.04235951018077083,0.0026415538288463505
Paqr4,-0.022164021100842236,0.022164021100842236,0.1157958051214156
Thg1l,-0.03611067815937407,0.03611067815937407,0.010383603393772018
Flywch1,-0.03524883781028429,0.03524883781028429,0.012363966696696626
Vars2,-0.055413252036609253,0.055413252036609253,8.339224486208958e-05
Srd5a1,-0.0445075030131463,0.0445075030131463,0.0015817759755389744
Dhrs13,-0.0645166466571288,0.0645166466571288,4.604462771185199e-06
Ankrd24,-0.09306697256639235,0.09306697256639235,3.660586763131482e-11
Atxn1l,-0.045723814068386055,0.045723814068386055,0.0011717359830695506
4930558J18Rik,-0.0528971396482794,0.0528971396482794,0.000172974135973332
Cyth3,-0.009995627824706251,0.009995627824706251,0.4782133058048932
H2-Q8,0.0057567572540304715,0.0057567572540304715,0.682958758951737
Utp14b,0.009368210343104994,0.009368210343104994,0.5062663611851207
Lyar,-0.0385259972131256,0.0385259972131256,0.006250825746858668
Gata1,0.05811519703960309,0.05811519703960309,3.681721015608601e-05
Sh3d19,-0.04668304044882052,0.04668304044882052,0.0009202548126294783
Gcnt2,0.0342117454738715,0.0342117454738715,0.015184980812498649
Morc2a,-0.05084637814346052,0.05084637814346052,0.00030650262485962466
Ddah2,-0.026523990400509408,0.026523990400509408,0.05981796104850358
Tarsl2,-0.06454277804356005,0.06454277804356005,4.563677107664599e-06
Aqp9,0.009689179848218637,0.009689179848218637,0.4918080416693477
Tars,-0.09481179109731737,0.09481179109731737,1.5641603747346638e-11
Zfp280c,-0.03217988993566008,0.03217988993566008,0.022391325677497676
A130049A11Rik,-0.007995173081227816,0.007995173081227816,0.5705484736431848
Myo1d,0.005801229932507499,0.005801229932507499,0.680644161434176
Pcnxl3,-0.03139337588099637,0.03139337588099637,0.025892517564480154
Caml,-0.07398309266972815,0.07398309266972815,1.4714668413609872e-07
D5Ertd579e,-0.013093547975036512,0.013093547975036512,0.35289431549635775
4833418N02Rik,-0.03943941046200161,0.03943941046200161,0.005122886641899331
Arl5b,0.03289848091249863,0.03289848091249863,0.01955983897335277
Mrfap1,0.008565428986881646,0.008565428986881646,0.5433837841015422
Zfp760,-0.024395763889593414,0.024395763889593414,0.08343966123303151
Atf5,-0.0793834386321238,0.0793834386321238,1.6913091913049517e-08
Nrp,-0.03039838668422366,0.03039838668422366,0.030991813696757364
Slc30a1,-0.02579090512442813,0.02579090512442813,0.06723559076293219
Pex11c,-0.024510504964863344,0.024510504964863344,0.08199746705994775
Ppp6r3,-0.054136982900460894,0.054136982900460894,0.00012120099048287918
Trim30a,0.009318505497967658,0.009318505497967658,0.5085251725160558
Trim30d,-0.003276454958081985,0.003276454958081985,0.8161840058112722
Fam53c,-0.06894102116771403,0.06894102116771403,9.731243116581415e-07
Gm14548,0.013941253054638345,0.013941253054638345,0.3225944405101445
Ccdc57,-0.05794874814408454,0.05794874814408454,3.8758723977385594e-05
Rptor,-0.04629265146424345,0.04629265146424345,0.0010158710977999144
Uck2,-0.09165088555621655,0.09165088555621655,7.216471003003984e-11
B3gntl1,-0.04918316570606764,0.04918316570606764,0.0004802821013862306
Qtrtd1,-0.04611399583873524,0.04611399583873524,0.0010626253308674135
2610015P09Rik,-0.024857899252263744,0.024857899252263744,0.07775387220825686
Ing1,-0.003483064590697168,0.003483064590697168,0.8048197648335718
St14,-0.05627716424755105,0.05627716424755105,6.445655251428624e-05
Sgms1,0.0017165744424572104,0.0017165744424572104,0.903068361183236
AI316807,-0.049264452825224285,0.049264452825224285,0.0004699987778525236
Prpf31,-0.08783823169639997,0.08783823169639997,4.2667093438599667e-10
2310047M10Rik,-0.04261836671956803,0.04261836671956803,0.0024861126473125317
Stfa2,0.07374863830464312,0.07374863830464312,1.6110628479865952e-07
Zfp954,-0.03323818612981474,0.03323818612981474,0.018333800946336857
Kcnn4,-0.0510676083352748,0.0510676083352748,0.0002884391515311516
Cd300ld,0.040490783924490265,0.040490783924490265,0.004054568357159114
0610012G03Rik,-0.02369079673166134,0.02369079673166134,0.09275694275238529
D17Wsu92e,-0.02753327431217556,0.02753327431217556,0.05072746695182075
Stat6,-0.11107989306081434,0.11107989306081434,2.6733761330499563e-15
Wdr65,-0.054965511172312125,0.054965511172312125,9.516592153702681e-05
Mllt1,-0.039115163300887185,0.039115163300887185,0.005500305705409036
Fbxo25,-0.033497417539767406,0.033497417539767406,0.017443971823184527
A030009H04Rik,-0.005260094666967388,0.005260094666967388,0.7090060124425878
Bbc3,-0.031307611698496954,0.031307611698496954,0.026301501673015985
Ccdc14,-0.03828669249498367,0.03828669249498367,0.0065811253825325865
Cntrob,-0.035796863563580875,0.035796863563580875,0.011069405790190924
Hic2,-0.019265156803490068,0.019265156803490068,0.17164565491207054
Gbp7,-0.03781634578676122,0.03781634578676122,0.007276398411232245
Pde4a,-0.08324517568596292,0.08324517568596292,3.2930510984051907e-09
Zscan22,-0.03892588109724137,0.03892588109724137,0.005732053431956201
Rab12,0.014073371873255733,0.014073371873255733,0.31802956753544226
Ces2g,0.026501481071660643,0.026501481071660643,0.0600351771276418
Snapc3,-0.0486807855753486,0.0486807855753486,0.0005486367708618771
Tpcn2,-0.05201762405482061,0.05201762405482061,0.000221621352685734
Ahnak,0.02297940873215827,0.02297940873215827,0.10298759562024408
2010315B03Rik,-0.043092922686768315,0.043092922686768315,0.002222688862164758
Numb,-0.007619791329236902,0.007619791329236902,0.5887761276548802
2610305D13Rik,-0.03646901902491855,0.03646901902491855,0.009646931342223249
Ints7,-0.06541630321812002,0.06541630321812002,3.3830521509111247e-06
Elk4,-0.014775978075504747,0.014775978075504747,0.2944677271712441
BC030336,-0.018516678172369266,0.018516678172369266,0.1889073155219601
Tmed8,-0.035259448118852905,0.035259448118852905,0.012337681570384479
Cramp1l,-0.0063870406947718825,0.0063870406947718825,0.650442862799266
Atpaf1,-0.0882018401441142,0.0882018401441142,3.612971528256823e-10
Zc3h7b,-0.09115772796657734,0.09115772796657734,9.118988446949616e-11
Faim3,-0.04719924483016602,0.04719924483016602,0.0008066003217707467
Foxn3,-0.023802163514687544,0.023802163514687544,0.09123183983547761
Pkib,-0.01700566922403232,0.01700566922403232,0.22758960202181114
Cbx6,-0.08393320819261106,0.08393320819261106,2.441086436001942e-09
Ccdc88c,0.05402827170774146,0.05402827170774146,0.00012507761260518603
Ctu1,-0.06996901296295777,0.06996901296295777,6.688562667191995e-07
2610002I17Rik,-0.07936470916602717,0.07936470916602717,1.7044748563938453e-08
Gss,-0.08819224370452311,0.08819224370452311,3.62889606204382e-10
Fahd1,-0.04483725857410777,0.04483725857410777,0.0014592035587435769
Fbxo42,-0.057323882132900836,0.057323882132900836,4.69498334027003e-05
Fktn,-0.034975323274962875,0.034975323274962875,0.013058886016325258
Krt18,-0.05992684979787498,0.05992684979787498,2.086153002683139e-05
Tmem127,-0.05674385058366592,0.05674385058366592,5.5999940835531685e-05
Cog5,-0.06466704774683459,0.06466704774683459,4.374407026423403e-06
Rcan3,0.012112806145487669,0.012112806145487669,0.39011944829182865
Smarcd1,-0.04211686237631229,0.04211686237631229,0.002795274800571824
B3gat3,-0.044217920452232884,0.044217920452232884,0.0016971579831193539
D6Wsu163e,-0.1206367673738359,0.1206367673738359,8.679949927630973e-18
Cxadr,-0.09922977013557639,0.09922977013557639,1.695318741452851e-12
Slc31a2,0.005661495344719461,0.005661495344719461,0.687926717949066
Dusp10,-0.03665507383173114,0.03665507383173114,0.009283121848901739
Zfp952,-0.06909563853356616,0.06909563853356616,9.200713135412352e-07
Atp5s,-0.05048816671143632,0.05048816671143632,0.0003380117994055705
Socs7,-0.012185237148878935,0.012185237148878935,0.38729125771155826
Dnajb4,-0.05265910159161797,0.05265910159161797,0.00018504213657974928
Prkch,-0.0004906462936288014,0.0004906462936288014,0.9722312745549982
Pdcd2l,-0.07510719933064272,0.07510719933064272,9.492476518600132e-08
Gon4l,-0.03765757641344801,0.03765757641344801,0.007525558329345075
Csnk2a2,-0.03182256962960756,0.03182256962960756,0.023927400769460247
P2ry13,0.0020710738777588136,0.0020710738777588136,0.8831817669615714
March8,-0.009142010019581075,0.009142010019581075,0.5165883997628461
Fmnl2,-0.0011890744148345123,0.0011890744148345123,0.9327690271103083
Tchp,-0.04201200320614832,0.04201200320614832,0.002864197487438356
Rcbtb1,-0.049946028526163644,0.049946028526163644,0.0003915092988366112
Nprl3,-0.04148676333249019,0.04148676333249019,0.0032333492963704433
Mapk8,-0.043423929780261675,0.043423929780261675,0.0020543636415664545
Vcpip1,-0.00930449490398818,0.00930449490398818,0.5091628298173594
Inpp5a,-0.003629257908772242,0.003629257908772242,0.796803310738711
Tars2,-0.06636782824955151,0.06636782824955151,2.431313764339345e-06
Naip5,-0.02025680026460636,0.02025680026460636,0.15062993195240632
Ung,-0.0845797874245304,0.0845797874245304,1.8384872195149514e-09
Hist2h2ab,-0.030341130029423923,0.030341130029423923,0.031309815461546875
Pstk,-0.0970074482792918,0.0970074482792918,5.248859885497877e-12
Ktn1,-0.027960033039529493,0.027960033039529493,0.04724771342468477
Pnp2,-0.03776464762436363,0.03776464762436363,0.007356704670035698
Fbrsl1,-0.040610775021525235,0.040610775021525235,0.003946479437438446
1700001G17Rik,-0.008890995141254202,0.008890995141254202,0.5281691103064319
0610010F05Rik,-0.04426069149922346,0.04426069149922346,0.001679642596670764
Bod1,-0.033471071244979264,0.033471071244979264,0.017532645594364144
Paox,-0.052682548390780966,0.052682548390780966,0.00018381920275980552
Imp4,-0.09106796439767435,0.09106796439767435,9.514505364394457e-11
Ddx60,-0.014959629686047063,0.014959629686047063,0.2885069382413784
Zfp191,-0.09176748119242484,0.09176748119242484,6.82685516780106e-11
Naip6,-0.003807468862471358,0.003807468862471358,0.78706016970173
Sirt4,-0.060709769891887866,0.060709769891887866,1.6239834735462086e-05
Pde4dip,-0.02454890002704578,0.02454890002704578,0.08151941250481538
Trim56,-0.002700930413758373,0.002700930413758373,0.8480369754800224
Slc39a10,-0.02949937518964495,0.02949937518964495,0.03631769600688804
4933404O12Rik,-0.054649072596111965,0.054649072596111965,0.00010441512977759845
Mfsd7a,-0.012219348419835144,0.012219348419835144,0.38596366609229893
C330046G13Rik,-0.0514637054688596,0.0514637054688596,0.00025856380977596786
Hsd17b11,-0.010386549028818704,0.010386549028818704,0.46117339144086683
Rbak,-0.04600585463955434,0.04600585463955434,0.0010918846915651801
Lrsam1,-0.013252110658574102,0.013252110658574102,0.347093982782466
Limk1,-0.04269679502049978,0.04269679502049978,0.002440695887064015
Atp6v0a2,-0.049680983378890264,0.049680983378890264,0.00042045118625597377
Etaa1,-0.022894210381322614,0.022894210381322614,0.10427080521268642
Ric8b,-0.02656240668395263,0.02656240668395263,0.059448747423142614
6430531B16Rik,0.009326651806743797,0.009326651806743797,0.5081546060861382
Pank2,-0.07735586023695264,0.07735586023695264,3.875877014052105e-08
Kctd6,-0.04596044395163168,0.04596044395163168,0.0011043919252516094
Eif4ebp2,-0.0050608977240567486,0.0050608977240567486,0.7195512232058292
Metrnl,0.02280823628109962,0.02280823628109962,0.10557853597978696
Bbs9,-0.03542118477639983,0.03542118477639983,0.011943090202138806
Trib1,0.005589026059137066,0.005589026059137066,0.6917150818651181
Acta2,-0.003647527040268307,0.003647527040268307,0.7958030159109031
Hist1h3h,-0.0891081892306776,0.0891081892306776,2.3799283330717807e-10
Etnk1,-0.020117181420088743,0.020117181420088743,0.1534642278849961
Arhgef4,-0.00469815412349488,0.00469815412349488,0.7388908202934168
Malt1,-0.021585760487946092,0.021585760487946092,0.12561452514094942
Cstf2t,-0.06395829178794883,0.06395829178794883,5.5641061975416565e-06
Rdh14,-0.050612881606201136,0.050612881606201136,0.0003267128444073499
Flnb,-0.07899125205285554,0.07899125205285554,1.988748988585998e-08
Tradd,-0.07238755758931424,0.07238755758931424,2.7119469715523316e-07
Ermp1,-0.07864982220062948,0.07864982220062948,2.2885465334661757e-08
Tmem191c,-0.034238532149092164,0.034238532149092164,0.01510552668271945
Cbx8,-0.024259844774347224,0.024259844774347224,0.0851745459684197
Nek3,-0.04941394141683415,0.04941394141683415,0.00045162160423514773
Arsg,-0.05968908954088012,0.05968908954088012,2.2496722253350466e-05
Il6ra,0.012376929323885481,0.012376929323885481,0.3798668461432356
Hps4,-0.05095200470286556,0.05095200470286556,0.00029775000373397477
Zfp111,-0.040419991547752214,0.040419991547752214,0.004119591774560374
Tcp11,-0.025808307586265667,0.025808307586265667,0.06705111849104131
Prkar1b,-0.05183542339271323,0.05183542339271323,0.00023318800925618886
Ppard,-0.006600302127773084,0.006600302127773084,0.6395859311640434
Dph2,-0.05170135055313924,0.05170135055313924,0.0002420584902323751
Laptm4b,-0.00491211999236858,0.00491211999236858,0.7274623988103681
Trem2,0.04398892403521912,0.04398892403521912,0.0017938257682817418
Antxr2,-0.0642387593652403,0.0642387593652403,5.060346271494503e-06
Eef1e1,-0.1158988286285008,0.1158988286285008,1.5772093532660568e-16
Csrp2bp,-0.10302023267924629,0.10302023267924629,2.327450294618496e-13
Il18bp,-0.016549235128462184,0.016549235128462184,0.24031424653818195
Prpsap1,-0.10624843470535679,0.10624843470535679,4.0483887191173166e-14
Ctnna1,-0.09413224819910207,0.09413224819910207,2.1822024424348085e-11
Dhx37,-0.08709178577399843,0.08709178577399843,5.990502826953628e-10
Gpc2,-0.062281640742769165,0.062281640742769165,9.733978785323834e-06
Zfp212,-0.052945704300803226,0.052945704300803226,0.00017060468684537857
Slc16a10,-0.09073264383513897,0.09073264383513897,1.1145832243722831e-10
Mum1,-0.09576961903581213,0.09576961903581213,9.743562105824337e-12
Abtb2,-0.020479142036589466,0.020479142036589466,0.14619892914433005
Tmem107,-0.08179096261738808,0.08179096261738808,6.151830020515335e-09
Slco4a1,-0.06916948625728447,0.06916948625728447,8.957255631031348e-07
Gimap6,0.005593738000309989,0.005593738000309989,0.691468527207973
Nanos1,-0.026306297688694823,0.026306297688694823,0.06194625724358544
Zrsr1,0.010700781164038718,0.010700781164038718,0.4477258643396205
C330007P06Rik,-0.08938863081222193,0.08938863081222193,2.0897842761006818e-10
Armcx5,0.008572142825383166,0.008572142825383166,0.5430678375326072
4933408B17Rik,0.0031337579686915857,0.0031337579686915857,0.8240556102337548
Zscan12,-0.08391618366331174,0.08391618366331174,2.459306607315643e-09
Celsr1,-0.05447219015938796,0.05447219015938796,0.00010994832458057723
Atp2b4,-0.009442029787836903,0.009442029787836903,0.5029214354806445
Ccdc138,-0.049831564290865944,0.049831564290865944,0.0004037722212252181
Pstpip2,0.017595974041728718,0.017595974041728718,0.21185492639254386
Sik3,-0.06182112743393528,0.06182112743393528,1.1322921512796064e-05
BC051226,-0.04712076004199486,0.04712076004199486,0.0008229970298641309
Prr5,-0.06766296135608577,0.06766296135608577,1.5397724449532103e-06
Mark3,-0.026161201968243463,0.026161201968243463,0.06339930290711175
Tnfrsf26,-0.11567061174053642,0.11567061174053642,1.8083225011114494e-16
Pyroxd2,-0.0835083103659438,0.0835083103659438,2.9376263898516577e-09
Gm10658,-0.03982448248461887,0.03982448248461887,0.004705161415805804
Pdia3,-0.12215372825527065,0.12215372825527065,3.3466148636844165e-18
Isca2,-0.0813921443846638,0.0813921443846638,7.288420817760367e-09
Mdm4,-0.013747028444640678,0.013747028444640678,0.32938233239945086
Vps52,-0.0769497882482365,0.0769497882482365,4.5648648191128565e-08
2310035C23Rik,-0.0367341041557362,0.0367341041557362,0.009132326383495884
Fam122b,-0.03837381329882322,0.03837381329882322,0.0064591030865867784
Crtap,-0.05745645284000482,0.05745645284000482,4.5085572409635315e-05
Pla2g6,-0.04291729481120393,0.04291729481120393,0.002317044186926198
Zbtb48,-0.042343510416530866,0.042343510416530866,0.002651446972561696
Il20rb,-0.03604093475203385,0.03604093475203385,0.010532664604608248
Dio2,-0.06897701845323558,0.06897701845323558,9.60515958626108e-07
Mphosph8,0.015004899671436098,0.015004899671436098,0.28705018877054145
Ddx31,-0.08030977132510032,0.08030977132510032,1.1500503432360259e-08
Hes5,-0.01837341876185291,0.01837341876185291,0.1923522683424206
4930547N16Rik,-0.06055138590762473,0.06055138590762473,1.7087925932970695e-05
Rpusd3,-0.06381925508495004,0.06381925508495004,5.83129450601455e-06
Tmem79,-0.06973857197941499,0.06973857197941499,7.278336737868434e-07
2310044G17Rik,-0.08314717409271391,0.08314717409271391,3.43584529521718e-09
Mlh3,-0.003202290738294481,0.003202290738294481,0.8202728717134834
Tspan8,0.025666720933760833,0.025666720933760833,0.06856414273297377
Ctse,0.048788697455502406,0.048788697455502406,0.000533231811184585
Dcaf5,-0.0007465465607802819,0.0007465465607802819,0.9577595009990126
Dot1l,0.009205126540542315,0.009205126540542315,0.5136973213011867
Ampd2,-0.12936801647198198,0.12936801647198198,3.053897118534081e-20
Cyp4f16,-0.0953150793908074,0.0953150793908074,1.2204516165452776e-11
Slc30a5,-0.13928439810435678,0.13928439810435678,3.074178362046431e-23
Galm,-0.07212291546653248,0.07212291546653248,2.9977341984350755e-07
Nubpl,-0.08545916197299826,0.08545916197299826,1.2460779611949279e-09
Ndrg1,-0.011080173169897414,0.011080173169897414,0.4317907513765314
Rhd,0.0853354407712825,0.0853354407712825,1.316474124910559e-09
Gm10336,-0.054904893564936386,0.054904893564936386,9.687556160015661e-05
Phf20l1,0.03964284573146289,0.03964284573146289,0.0048982003369298505
Dus4l,-0.06022071445363132,0.06022071445363132,1.8996526966747117e-05
Ccdc18,0.00017715494207543592,0.00017715494207543592,0.989971939612127
1700061G19Rik,-0.014097767841022561,0.014097767841022561,0.3171913063227007
Asap1,0.019700319156962468,0.019700319156962468,0.162167905401665
Gpr19,-0.05014205115399798,0.05014205115399798,0.00037131340410092797
Ccdc15,-0.008943611357472434,0.008943611357472434,0.5257307231478494
Klra17,0.015327451074384596,0.015327451074384596,0.27681454847913045
Pknox2,-0.017237955330073662,0.017237955330073662,0.2213014060558167
Itfg2,-0.08915358396651839,0.08915358396651839,2.3304300250168847e-10
Mbip,-0.08166574599115378,0.08166574599115378,6.488717238679136e-09
Calhm2,-0.029421334072954348,0.029421334072954348,0.0368147845680424
Gopc,-0.06581405594980645,0.06581405594980645,2.9483024749677378e-06
Rrp12,-0.06699784079927426,0.06699784079927426,1.94888246260936e-06
Phc3,-0.03569998934709085,0.03569998934709085,0.011289089699103404
Dhx29,0.013426623260243986,0.013426623260243986,0.3407807274306762
Blnk,-0.01735189685071508,0.01735189685071508,0.21826282414105272
Zfp41,-0.06996609035662936,0.06996609035662936,6.695745830567264e-07
Nfatc2ip,-0.038370834522108946,0.038370834522108946,0.006463241364036028
2410042D21Rik,-0.08340629719674919,0.08340629719674919,3.0707491766463e-09
Entpd1,-0.049456642405281526,0.049456642405281526,0.00044649664197433475
Cep152,-0.020908770059352155,0.020908770059352155,0.1379203518497844
4933439F18Rik,-0.11043186392428761,0.11043186392428761,3.876024094491233e-15
Fam179b,-0.014229909193102705,0.014229909193102705,0.3126760373541485
Emb,-0.05117959961663465,0.05117959961663465,0.0002796798724493085
Ift88,-0.03525134605553342,0.03525134605553342,0.012357748499696375
Syk,-0.02429290603849661,0.02429290603849661,0.0847498879162663
Dmc1,-0.051513091742536724,0.051513091742536724,0.00025504926122841897
Celsr3,-0.033744575871453686,0.033744575871453686,0.01663107004610517
Psmd10,-0.04753461893957717,0.04753461893957717,0.0007398920663012999
Slc35a1,-0.10217401331025111,0.10217401331025111,3.6489357122504623e-13
Wdr90,-0.02531251368105246,0.02531251368105246,0.07247244261318359
Utrn,-0.034243143854128494,0.034243143854128494,0.015091884526675958
Neurl2,-0.03809656564972955,0.03809656564972955,0.006854642922102618
Rab38,-0.08647825053165221,0.08647825053165221,7.900974768569528e-10
1300010F03Rik,-0.034170014603609355,0.034170014603609355,0.015309495232279723
Cpeb2,-0.019733548253211077,0.019733548253211077,0.16146073885995962
Dpysl2,-0.05583441422377877,0.05583441422377877,7.358512875248283e-05
BC002163,-0.05414169769144392,0.05414169769144392,0.00012103545134557406
Pds5b,-0.02952826400096858,0.02952826400096858,0.0361351425491373
Dbp,-0.09797535944593697,0.09797535944593697,3.2183806707403057e-12
Fbxo10,-0.04590244615096302,0.04590244615096302,0.0011205585622550771
Gtf2h4,-0.09091199004597182,0.09091199004597182,1.0242004133595434e-10
Gm5465,-0.01407962684147318,0.01407962684147318,0.31781450458327193
Naa25,-0.10758608047125735,0.10758608047125735,1.9307993348336878e-14
Rnase6,-0.0066686284660645466,0.0066686284660645466,0.6361236200065019
Piga,-0.1136043044292093,0.1136043044292093,6.160957944080195e-16
Clybl,-0.05911618386462459,0.05911618386462459,2.695241692313744e-05
Cherp,-0.12181683936153224,0.12181683936153224,4.139774635135226e-18
Nrg2,-0.15105863724301852,0.15105863724301852,4.321469463428598e-27
Rnf10,-0.12449103897932437,0.12449103897932437,7.52794816466866e-19
Zfp764,-0.06473946960736297,0.06473946960736297,4.267596567491885e-06
Vps33a,-0.08363220435693516,0.08363220435693516,2.783491023518655e-09
Cd72,-0.013408327542546611,0.013408327542546611,0.34143913111312524
Itk,-0.005537447900324965,0.005537447900324965,0.6944160660352696
BC037032,-0.02417919234409497,0.02417919234409497,0.08621771091681399
Gba2,-0.07800898168152678,0.07800898168152678,2.9739413652018307e-08
Wasl,0.014825124421631903,0.014825124421631903,0.29286455338770545
Naglu,-0.07048265143593815,0.07048265143593815,5.535056759344331e-07
Fam116a,-0.06374733595486376,0.06374733595486376,5.974276691864106e-06
Eme2,-0.07288755662538421,0.07288755662538421,2.242130215698657e-07
5031425F14Rik,-0.02051531538241966,0.02051531538241966,0.14548756698827492
Zfp825,-0.03185730906839307,0.03185730906839307,0.023774153604062525
Spata2l,-0.04219432195839176,0.04219432195839176,0.0027453376892798993
Rbm12b,-0.018418280787813775,0.018418280787813775,0.19126854359958248
Akt2,-0.09555628764035407,0.09555628764035407,1.0831204888360501e-11
Man2a2,-0.04132492106734375,0.04132492106734375,0.0033555379104560613
Bcl2a1a,-0.04004200529325505,0.04004200529325505,0.0044830585367041185
Tmem161b,-0.00659301266530043,0.00659301266530043,0.6399557767244276
Cdk5rap3,-0.09963842393499112,0.09963842393499112,1.373437711493012e-12
Atrx,0.1321367240628239,0.1321367240628239,4.6842619030821296e-21
Mob1b,-0.06513121242254853,0.06513121242254853,3.7317923133410506e-06
Fam46c,0.021046417217510584,0.021046417217510584,0.13534585534656599
Akirin2,-0.0778248276570488,0.0778248276570488,3.2052499126797085e-08
Dennd4b,-0.04430553990649077,0.04430553990649077,0.001661455176049221
Rap2b,-0.028188595943977168,0.028188595943977168,0.04546805332708968
Fignl1,-0.1367620421231218,0.1367620421231218,1.8681687226548974e-22
Dhx35,-0.04670367151100519,0.04670367151100519,0.0009154414495131896
Hmbox1,-0.02480159895467213,0.02480159895467213,0.07842920903900105
Olfm4,0.03760787697394171,0.03760787697394171,0.007605109504161165
Mier1,0.022747013891249078,0.022747013891249078,0.10651767914781131
Chml,0.008309306742153211,0.008309306742153211,0.5555045051346056
Nek6,-0.008304028315437405,0.008304028315437405,0.5557556827542758
Wdr24,-0.06235513104501575,0.06235513104501575,9.500996846556595e-06
Dopey2,-0.011500714582108326,0.011500714582108326,0.4145172587033114
B630005N14Rik,-0.008532784437541581,0.008532784437541581,0.5449213066288733
Mybpc3,0.008815293710331826,0.008815293710331826,0.5316874103619332
Tmem57,-0.08552915406502855,0.08552915406502855,1.2078922885682121e-09
Hlcs,-0.0019400416077591384,0.0019400416077591384,0.8905244834241905
Uspl1,-0.03457958629858121,0.03457958629858121,0.014125441497264347
Pdk1,-0.10118369065909512,0.10118369065909512,6.1473797344063e-13
Reck,-0.021159684448711913,0.021159684448711913,0.13325532003485277
Mterf,-0.03150216368614971,0.03150216368614971,0.025381658857191153
Fam185a,-0.06074382096673231,0.06074382096673231,1.6062816659151477e-05
Hist1h2bl,-0.08043189964106154,0.08043189964106154,1.092681855570854e-08
Uggt1,-0.03558282898583072,0.03558282898583072,0.011559941392381914
Mis18bp1,-0.03161737182852975,0.03161737182852975,0.024850180118170227
Gm16515,-0.013952965031288731,0.013952965031288731,0.322188059384539
Rpl9,0.3474642993851973,0.3474642993851973,7.300521548875868e-143
Txlng,-0.05783126760129519,0.05783126760129519,4.018711737349008e-05
Arhgap10,-0.04784439873658039,0.04784439873658039,0.0006828614464602602
Rbm44,-0.013012408143308295,0.013012408143308295,0.3558860382197944
Myo9a,0.010708090796635194,0.010708090796635194,0.4474157240232591
Hspbap1,-0.04559084769038799,0.04559084769038799,0.0012112228559226408
Unc119b,-0.024627990497517117,0.024627990497517117,0.08054178711839836
Tnfrsf13b,0.020482235104135292,0.020482235104135292,0.14613799899244284
Swap70,-0.10009171150588123,0.10009171150588123,1.0862923771486077e-12
Telo2,-0.061058497951776564,0.061058497951776564,1.451167619260955e-05
Blvra,-0.06680635980652563,0.06680635980652563,2.0848254056119746e-06
2310037I24Rik,-0.09339290668593342,0.09339290668593342,3.1266530538937585e-11
Pard6a,-0.011680421906172979,0.011680421906172979,0.40726225931556576
Nrg1,-0.04304169769406546,0.04304169769406546,0.0022498390323060827
Mks1,-0.039284423669575234,0.039284423669575234,0.005300268406630314
Slc5a11,-0.04734704217809356,0.04734704217809356,0.000776542886721055
Snx14,-0.07492128445996232,0.07492128445996232,1.0210641237663545e-07
Rcor1,0.0075548514462400705,0.0075548514462400705,0.5919565254054726
9430038I01Rik,-0.06521566066896509,0.06521566066896509,3.6250514090437984e-06
9130023H24Rik,-0.06317535470542242,0.06317535470542242,7.237074007113446e-06
2010012O05Rik,-0.029474274192781542,0.029474274192781542,0.03647695103394071
Rab21,-0.07089902522687169,0.07089902522687169,4.7431112894228787e-07
Zfc3h1,0.027274679608176016,0.027274679608176016,0.052938631745164125
Slc25a29,-0.05372857377743909,0.05372857377743909,0.00013637869121956573
Tmem81,-0.002549253358860434,0.002549253358860434,0.8564754341788192
Mbd4,-0.031103202907255156,0.031103202907255156,0.02729883241144089
Prox2,-0.01174135791372746,0.01174135791372746,0.4048194897323131
Nrg4,-0.04599430331372842,0.04599430331372842,0.001095053734556046
2310014F07Rik,-0.04689405052085091,0.04689405052085091,0.0008721125974130347
Dalrd3,-0.09403891617859134,0.09403891617859134,2.2839028679171728e-11
D330050I16Rik,-0.048066146188985165,0.048066146188985165,0.0006445762385753689
2610029I01Rik,-0.07849217275038413,0.07849217275038413,2.441354459291624e-08
Mmp25,-0.016700220770187006,0.016700220770187006,0.23605069187784658
4930481A15Rik,-0.05719537247764775,0.05719537247764775,4.8826558894411663e-05
Lgmn,0.01782455941349255,0.01782455941349255,0.20597803012531726
AK010878,-0.030655938155629135,0.030655938155629135,0.029595428426921873
Renbp,-0.04035867112641034,0.04035867112641034,0.004176678143383493
Gm10872,0.03034124824727664,0.03034124824727664,0.031309156010580264
Mllt4,0.028756216373558328,0.028756216373558328,0.04129120416374305
Exosc8,-0.08230867923779465,0.08230867923779465,4.9306973709203795e-09
Nsmaf,-0.057442660963906836,0.057442660963906836,4.527619774688643e-05
AW146020,-0.0742038769491679,0.0742038769491679,1.350750508321857e-07
Slc25a4,-0.09777529663482103,0.09777529663482103,3.562172019760527e-12
D6Mm5e,-0.030708835784157017,0.030708835784157017,0.02931542426792104
Ap1m1,-0.09911134537618495,0.09911134537618495,1.8016964348858532e-12
Qrsl1,-0.07485163547792514,0.07485163547792514,1.049299795503276e-07
Stoml2,-0.08255438757744402,0.08255438757744402,4.437078393503329e-09
Osgepl1,-0.06024797261905706,0.06024797261905706,1.8831820654573546e-05
Rfx5,-0.04263920264202528,0.04263920264202528,0.0024739720444180695
Pex13,-0.13933314066487698,0.13933314066487698,2.9678444140369717e-23
Xylt1,-0.016292003573026625,0.016292003573026625,0.24770236355080538
Mfsd3,-0.05458010262548093,0.05458010262548093,0.00010654063138683415
Map3k1,-0.02184930008087472,0.02184930008087472,0.12106210832473156
Ulk3,-0.0637575065471875,0.0637575065471875,5.9538548557703994e-06
Gdf3,-0.0018801776993680932,0.0018801776993680932,0.8938822705334035
Apobec1,-0.04151043029479295,0.04151043029479295,0.0032158247616889467
Sphk2,-0.1531251870302118,0.1531251870302118,8.441287446495061e-28
Syngr4,-0.0397385404726198,0.0397385404726198,0.004795623510702364
Sowahc,0.012909208938390959,0.012909208938390959,0.35971414350922837
Phf19,-0.06037796811493618,0.06037796811493618,1.8064860045358463e-05
Pde10a,-0.07594397892179883,0.07594397892179883,6.821768251400776e-08
Tsc2,-0.06058612714698141,0.06058612714698141,1.6898362037866357e-05
Idua,-0.05757921603197564,0.05757921603197564,4.342200227641527e-05
2810403D21Rik,0.006731235648680494,0.006731235648680494,0.6329580767588691
Accs,-0.07139680781095997,0.07139680781095997,3.9391671964088994e-07
Nmt2,-0.09562577047856505,0.09562577047856505,1.0464506858035279e-11
2610044O15Rik,-0.07554151636772433,0.07554151636772433,8.000111035551932e-08
Nab2,-0.022967891941539805,0.022967891941539805,0.103160317634514
Ankrd52,-0.027193036619640433,0.027193036619640433,0.05365324177512376
Oxr1,-0.13409410770420133,0.13409410770420133,1.2147097780312839e-21
Nradd,0.02245183575759999,0.02245183575759999,0.11113891191036322
Yipf2,-0.09410509888400974,0.09410509888400974,2.211319858875526e-11
Ndufv1,-0.06760041328763679,0.06760041328763679,1.5744175037505773e-06
Gm5069,-0.13703122750751753,0.13703122750751753,1.5433930643935305e-22
Clasrp,-0.0914350489834897,0.0914350489834897,7.995886883275e-11
Harbi1,-0.05431865029451622,0.05431865029451622,0.00011497441194536622
Mmachc,-0.08795374081532564,0.08795374081532564,4.0474292432586413e-10
Nsdhl,-0.0707229547965664,0.0707229547965664,5.063672969196729e-07
St7l,-0.04435963902630547,0.04435963902630547,0.0016397574054516596
1810014F10Rik,-0.01861699702771045,0.01861699702771045,0.18652216986552664
3110045C21Rik,-0.02428377512679561,0.02428377512679561,0.0848669991489345
Polr2h,-0.06400937461316533,0.06400937461316533,5.468915122662751e-06
Rrm1,-0.11901144825534793,0.11901144825534793,2.3781162479055483e-17
Gm12191,-0.05127305823449876,0.05127305823449876,0.0002725614988795407
Zpbp,-0.026913545217533603,0.026913545217533603,0.056160823109978
Slc4a1ap,-0.011696650146941902,0.011696650146941902,0.40661085343653425
Prkd2,-0.08495828835161619,0.08495828835161619,1.555832360716311e-09
Col4a3bp,-0.03325124291358281,0.03325124291358281,0.018288050419428645
Sdccag8,-0.055738895003211435,0.055738895003211435,7.570874116094472e-05
Zfp157,-0.031954061421956705,0.031954061421956705,0.02335182534205813
Gm19897,-0.04882560793349846,0.04882560793349846,0.0005280558082944405
Mrpl9,-0.06563902623899162,0.06563902623899162,3.132568289856685e-06
Nup98,-0.04198147238476729,0.04198147238476729,0.0028845545894288687
Dnajb2,0.007760326414994514,0.007760326414994514,0.5819206365137807
A930001N09Rik,0.026240484619527032,0.026240484619527032,0.06260188467027678
Pan2,-0.02955347888003371,0.02955347888003371,0.035976445047319124
Ermap,0.03190307273949423,0.03190307273949423,0.02357357461469427
Snx17,-0.08630787058606501,0.08630787058606501,8.529416303430417e-10
Tbc1d8b,-0.012225201681638412,0.012225201681638412,0.3857361400026218
Pgap2,0.029578007178568743,0.029578007178568743,0.03582263918799922
Ift80,-0.07844422202510044,0.07844422202510044,2.489764498144225e-08
Pelp1,-0.0782656320817999,0.0782656320817999,2.6783935807164145e-08
Cnga4,-0.012661356789672805,0.012661356789672805,0.3690131839960508
Clec16a,-0.027449744175873085,0.027449744175873085,0.05143309375237852
Axin1,-0.035005940041853305,0.035005940041853305,0.012979417945912236
Zkscan6,-0.08263396917777273,0.08263396917777273,4.287768078031452e-09
Cenpo,-0.07304182876593625,0.07304182876593625,2.113781332958431e-07
Camk2d,0.018638216705598273,0.018638216705598273,0.18602052097678104
Fbxw17,-0.05533952315756961,0.05533952315756961,8.523134359390011e-05
1110019D14Rik,-0.03521302608070395,0.03521302608070395,0.012453050304940986
Lrrc1,-0.08177502883058363,0.08177502883058363,6.193735117359202e-09
Pmm2,-0.100560976931612,0.100560976931612,8.511668290664159e-13
Crybg3,-0.051775356886716604,0.051775356886716604,0.00023712372097554657
Trim32,-0.06838088623879508,0.06838088623879508,1.1910801359017148e-06
Helz,-0.007012103107233613,0.007012103107233613,0.6188400688399955
Kctd11,-0.022139764342820212,0.022139764342820212,0.11619518750717749
Entpd6,-0.06688415348531432,0.06688415348531432,2.028531753331844e-06
Lmln,-0.01643969151266117,0.01643969151266117,0.24344132133371352
Tsc22d2,-0.05700233146912585,0.05700233146912585,5.177980576102031e-05
Cxcl2,0.043664678702455925,0.043664678702455925,0.001939370726809084
Slc36a4,-0.01905228564973837,0.01905228564973837,0.17643024319872092
Zfp385a,-0.011598580773467409,0.011598580773467409,0.4105568521528339
Gorab,-0.023841994796432692,0.023841994796432692,0.09069129181464936
Jrkl,-0.026103609717833622,0.026103609717833622,0.06398380701745376
Cd93,-0.028828121199604897,0.028828121199604897,0.04078603688815054
Gars,-0.11549149653283146,0.11549149653283146,2.0128122318531331e-16
Tmem109,0.011141914625536918,0.011141914625536918,0.4292289481760287
Far2,-0.05625125973140797,0.05625125973140797,6.49596986812841e-05
Rps19-ps3,-0.0642989733883839,0.0642989733883839,4.958037839281583e-06
Shq1,-0.09490249309883797,0.09490249309883797,1.495898091985091e-11
Myo18a,-0.04409549640612837,0.04409549640612837,0.0017482250354324718
Pkd1,-0.009196516946408289,0.009196516946408289,0.5140911909218967
Kif18b,-0.02229823123160434,0.02229823123160434,0.11360552651127484
1700029I01Rik,-0.06083965312214604,0.06083965312214604,1.557443875419541e-05
Sssca1,-0.03654026995296532,0.03654026995296532,0.009506133098257433
Adk,-0.125556615392209,0.125556615392209,3.7773111405057933e-19
Iscu,-0.0273305600641565,0.0273305600641565,0.05245411517272045
Cngb1,-0.026363693499591955,0.026363693499591955,0.06137912911246847
Nat2,-0.015398527996776257,0.015398527996776257,0.27459289518475083
4930534B04Rik,-0.07236565945333295,0.07236565945333295,2.7345593994523805e-07
Recql5,-0.08854451690026777,0.08854451690026777,3.086946087183098e-10
Acss1,-0.014173708961766895,0.014173708961766895,0.31459120082143327
Trp53bp1,-0.022883477178234603,0.022883477178234603,0.10443335924070501
Ubiad1,-0.043148153035857596,0.043148153035857596,0.002193752317831477
Usp24,-0.03508468614968575,0.03508468614968575,0.012776987807833678
Ofd1,-0.027813703309176926,0.027813703309176926,0.04841755320711657
Lipt2,-0.07702104698373037,0.07702104698373037,4.4359258479850593e-08
Manea,-0.012221946454451401,0.012221946454451401,0.38586266602461405
Dcun1d2,-0.06179828136850935,0.06179828136850935,1.1407870079818679e-05
Rassf1,-0.019002018484844396,0.019002018484844396,0.17757443962033354
Tmem123,-0.13049943285508106,0.13049943285508106,1.4263973102218315e-20
Dedd2,-0.05262624509581583,0.05262624509581583,0.00018676872890356308
Rin2,-0.011259984701329006,0.011259984701329006,0.42435460355107896
Cdc42se2,-0.08928675617448552,0.08928675617448552,2.1909487433435729e-10
S100a10,0.04348792514733401,0.04348792514733401,0.002023201264831396
Cables1,-0.07618249541148227,0.07618249541148227,6.204709308061541e-08
Fam72a,-0.052546379211297914,0.052546379211297914,0.00019102897462924568
Tmem101,-0.0834483454516088,0.0834483454516088,3.015181443127333e-09
Ctnnbip1,-0.010356084572543988,0.010356084572543988,0.46248900511168195
Isg20,0.042252288790044945,0.042252288790044945,0.0027085017571595637
Sap30l,-0.022225154712911477,0.022225154712911477,0.11479403806421193
Sumf1,-0.1036863204991328,0.1036863204991328,1.6294694207264855e-13
Klhl24,-0.024046908426812057,0.024046908426812057,0.08795099839828247
Naf1,-0.06497829298429306,0.06497829298429306,3.932791175032552e-06
AU022252,-0.094607503162204,0.094607503162204,1.729269929612064e-11
E2f6,-0.08626755949847646,0.08626755949847646,8.68508626223404e-10
Acad9,-0.09429498334573959,0.09429498334573959,2.0153752852393676e-11
Leng9,-0.04332949351680048,0.04332949351680048,0.0021011538306975326
Fasn,-0.0812758973866304,0.0812758973866304,7.656488937491536e-09
Hlf,-0.028313820581420512,0.028313820581420512,0.0445171956216748
Tnnc1,-0.007892500587313651,0.007892500587313651,0.57550723258054
Letmd1,-0.15109623983878398,0.15109623983878398,4.195804589652474e-27
Rad54l2,-0.019305574805436078,0.019305574805436078,0.17074827307958498
Slc19a1,-0.112610078487091,0.112610078487091,1.1025365003733758e-15
Akap10,-0.06077206494869836,0.06077206494869836,1.5917383928077078e-05
Cpt1a,-0.09636140182594331,0.09636140182594331,7.256074410846649e-12
Sik1,-0.033624500873090615,0.033624500873090615,0.01702174636201616
Gramd1b,-0.019788855935485725,0.019788855935485725,0.16028887152190432
Zfp654,-0.02922825295879496,0.02922825295879496,0.038069584958568686
Lass5,-0.0937039239143283,0.0937039239143283,2.6885890662666444e-11
Pgrmc1,-0.11696753682822203,0.11696753682822203,8.283865515295426e-17
Ubox5,-0.03510986538538373,0.03510986538538373,0.012712852310308947
Ddx47,-0.08401044849385648,0.08401044849385648,2.36005916960343e-09
Dmkn,-0.04686931964934937,0.04686931964934937,0.000877631695416465
Emilin2,0.05067853494333724,0.05067853494333724,0.0003209077067334344
Cisd3,-0.03329708271289815,0.03329708271289815,0.018128219570448138
Acss2,-0.031018874210157234,0.031018874210157234,0.0277196895477662
Ccdc66,-0.04636892046664334,0.04636892046664334,0.0009964973496255016
Arid5a,-0.04058405472035415,0.04058405472035415,0.003970320327160223
Nxf1,-0.07129369626869729,0.07129369626869729,4.094076705192339e-07
Itga5,-0.055317958496155464,0.055317958496155464,8.577645444844978e-05
Pdia6,-0.08096980339021513,0.08096980339021513,8.714215183943192e-09
Nfrkb,-0.014719101234141435,0.014719101234141435,0.2963304008967022
Tbc1d13,-0.06654677339807341,0.06654677339807341,2.2837273339560548e-06
Agap2,-0.004447553581275303,0.004447553581275303,0.752349505135155
Sec22c,-0.056393101498734256,0.056393101498734256,6.224953560556574e-05
Plcb3,-0.05522553611998988,0.05522553611998988,8.815022549003096e-05
Gp1bb,-0.012233813718055238,0.012233813718055238,0.38540152466885075
Gm6251,-0.09651095599462896,0.09651095599462896,6.733292391493718e-12
Cited4,-0.00012729479909170732,0.00012729479909170732,0.992794238938702
8430410K20Rik,-0.07733608677139076,0.07733608677139076,3.9069547713631594e-08
Izumo4,-0.006825741436016419,0.006825741436016419,0.6281923938785526
Ube2o,-0.007572833736963278,0.007572833736963278,0.5910750627313182
Rabl2,-0.09998197023119437,0.09998197023119437,1.149871711216789e-12
2610524H06Rik,-0.0455150722841646,0.0455150722841646,0.0012342718780936467
Ngfrap1,-0.07329073203291449,0.07329073203291449,1.9215318131886442e-07
Nadsyn1,-0.08005363831879138,0.08005363831879138,1.2800265718559914e-08
Insig2,-0.02925457201750218,0.02925457201750218,0.037896430133295037
Afmid,0.01889179743702717,0.01889179743702717,0.18010264444992888
Tshz1,-0.013462173921507588,0.013462173921507588,0.33950370038203415
Ipo4,-0.009651257370397848,0.009651257370397848,0.49350466944803073
Arid2,-0.041752904972349986,0.041752904972349986,0.00304120113128251
Rpap2,-0.06593360149574758,0.06593360149574758,2.828472995150639e-06
Amd1,0.003494709419910263,0.003494709419910263,0.80418046056271
A930041C12Rik,-0.043188446155718166,0.043188446155718166,0.0021728599818680084
Baiap2,-0.04947764541034184,0.04947764541034184,0.00044399582392950663
Rnf41,-0.12362605490861396,0.12362605490861396,1.3118995237731438e-18
Zfp865,-0.045402014147453,0.045402014147453,0.0012694150551566482
Acpp,-0.0481127749681913,0.0481127749681913,0.000636783935315047
Cnp,-0.07551701202482063,0.07551701202482063,8.07789058638157e-08
Ctsf,0.04016366993653617,0.04016366993653617,0.004363015345745137
H2afx,0.016433168193715635,0.016433168193715635,0.2436284361589233
Abcc1,-0.048843091097438764,0.048843091097438764,0.0005256204929244265
Alg14,-0.06851996802826509,0.06851996802826509,1.1329473391590083e-06
Fbxo27,-0.04837037026457805,0.04837037026457805,0.000595291956113273
Cryz,-0.08224306464962725,0.08224306464962725,5.07130431888526e-09
Dpm1,-0.07876681761111652,0.07876681761111652,2.181185963995557e-08
Agk,-0.08969005511175555,0.08969005511175555,1.8164451752932791e-10
Zfp280d,-0.03617150508952001,0.03617150508952001,0.010255134376554752
Arap2,0.037280632736351876,0.037280632736351876,0.008147994857069744
2810408I11Rik,-0.08151915943185219,0.08151915943185219,6.90592223727453e-09
N4bp1,0.047678507499489986,0.047678507499489986,0.0007128732713209603
Phgdh,-0.09643762598593761,0.09643762598593761,6.9848413978730524e-12
Wdr36,-0.13156407185425562,0.13156407185425562,6.925923201585759e-21
Gm166,-0.030331878140738608,0.030331878140738608,0.03136146194799819
5430416N02Rik,-0.06796349810045797,0.06796349810045797,1.3832743821474415e-06
Als2cr4,-0.04599047734707412,0.04599047734707412,0.0010961052408206523
Csf1r,0.009821332706927834,0.009821332706927834,0.485920140704471
4930414L22Rik,-0.0499705574925426,0.0499705574925426,0.00038892710335615774
Polr3c,-0.07808650154940969,0.07808650154940969,2.8814898817925974e-08
Wdr70,-0.04554750868717447,0.04554750868717447,0.0012243563912884906
Hmgn3,-0.010135348818709991,0.010135348818709991,0.4720837931542044
Sun1,-0.05638915102096214,0.05638915102096214,6.232354637938701e-05
Aqr,-0.028366446743127976,0.028366446743127976,0.04412262871547606
Zfp770,0.014527608559799902,0.014527608559799902,0.30265947304258545
Ube2n,-0.0626157783488691,0.0626157783488691,8.71688133278049e-06
AI597479,-0.08082949303019715,0.08082949303019715,9.245301758038269e-09
Tap1,-0.046171311777665314,0.046171311777665314,0.0010474132328307036
Csf2rb2,-0.012152887815611373,0.012152887815611373,0.3885528441122021
Cript,-0.012915576423065105,0.012915576423065105,0.3594772001249535
Bicd2,-0.05694840831108546,0.05694840831108546,5.2634515994756605e-05
B3galt6,-0.09394924161101163,0.09394924161101163,2.3859806957454667e-11
Ola1,-0.10166497518914969,0.10166497518914969,4.773906322825348e-13
Mt1,-0.13263829899786375,0.13263829899786375,3.3210103193932703e-21
Rreb1,-0.03310798589215756,0.03310798589215756,0.018795525212227365
Qser1,-0.031836666739634034,0.031836666739634034,0.023865110796276408
Il15ra,-0.059965275100147174,0.059965275100147174,2.060811864537138e-05
Wars2,-0.017103670144261264,0.017103670144261264,0.22492127427323663
Sugp2,-0.06155940390478363,0.06155940390478363,1.2333290759856813e-05
Poc5,-0.05192731845081808,0.05192731845081808,0.00022728522320989217
Hist1h4b,-0.0706528496205837,0.0706528496205837,5.19703859260824e-07
Hsph1,-0.08742848395680629,0.08742848395680629,5.142095371730346e-10
Slc39a13,-0.044519333198394996,0.044519333198394996,0.0015772195475082691
N4bp2l1,-0.017842044177708932,0.017842044177708932,0.20553342271186234
Gigyf2,-0.0010646048149360564,0.0010646048149360564,0.9397924615711467
Hist1h2ai,-0.04408381270928514,0.04408381270928514,0.0017531717937734122
Tigd2,-0.02469958141326463,0.02469958141326463,0.07966509128128318
Slc4a2,-0.07456352655429206,0.07456352655429206,1.1743368581289417e-07
Acaca,-0.02374061465752789,0.02374061465752789,0.09207220487115184
Impact,-0.021511225588314753,0.021511225588314753,0.12692594867811777
Chchd7,-0.08176845808896972,0.08176845808896972,6.21109657059252e-09
Trim45,-0.1023786092830631,0.1023786092830631,3.274133247817204e-13
Slc38a9,-0.04981379895562402,0.04981379895562402,0.00040570733035509744
Lemd3,-0.014507528818025743,0.014507528818025743,0.30332830173800146
Gm14295,-0.058355622027669384,0.058355622027669384,3.417510080559044e-05
Lipo1,-0.08913663294712046,0.08913663294712046,2.3487946341381284e-10
Hist1h3d,-0.11006144889169558,0.11006144889169558,4.788278015859097e-15
Msh5,-0.047607712199324956,0.047607712199324956,0.0007260502812164336
Icam1,-0.022063193083578233,0.022063193083578233,0.11746301919907289
Zbp1,-0.010429643209331367,0.010429643209331367,0.45931593620062267
Yy2,-0.02461246410343348,0.02461246410343348,0.0807329518870279
Phf1,-0.017260059563150774,0.017260059563150774,0.22070957526068105
1300002E11Rik,-0.004304084003317843,0.004304084003317843,0.7600889627158773
D19Ertd737e,-0.02648767188761879,0.02648767188761879,0.06016875972927891
Ube2q1,-0.051798757836751114,0.051798757836751114,0.00023558307931709143
Lsm11,-0.05601176525584321,0.05601176525584321,6.979073375413342e-05
Fbxl12,-0.020557271754280397,0.020557271754280397,0.14466580173769128
Mfsd8,-0.05101794605675012,0.05101794605675012,0.0002924050933233774
Cd3eap,-0.08752762171933626,0.08752762171933626,4.915465072473154e-10
Cd68,-0.0363571437650108,0.0363571437650108,0.009871758984721426
Rbpms,-0.060108967362344265,0.060108967362344265,1.9686203254473478e-05
Lrrc14,-0.07100413029091944,0.07100413029091944,4.561175893330262e-07
Thap4,-0.0624940634520197,0.0624940634520197,9.075020096970754e-06
Apba3,-0.0695471874620858,0.0695471874620858,7.805933731504926e-07
Nav2,-0.024700535843841163,0.024700535843841163,0.07965345600502402
Rbm17,-0.11713058174989573,0.11713058174989573,7.50485301658123e-17
Nol6,-0.062112984501078626,0.062112984501078626,1.0289461483865078e-05
Nhej1,-0.053927311933434384,0.053927311933434384,0.00012878220371933537
Rnf19a,-0.019553865774696793,0.019553865774696793,0.1653125252000008
Tmem68,-0.06882878433169455,0.06882878433169455,1.0134669754791848e-06
Zfp513,-0.05679729475198552,0.05679729475198552,5.510151891723163e-05
Tmem184c,-0.06287677853736812,0.06287677853736812,7.993882361908849e-06
Erp27,0.0015279566438753944,0.0015279566438753944,0.9136750273904171
Aatk,-0.027948091686591736,0.027948091686591736,0.047342280192024536
Aldh3a2,-0.07933928188485023,0.07933928188485023,1.7225080090138857e-08
Mtmr1,-0.062097824411594185,0.062097824411594185,1.0340848546756909e-05
Rbpj,-0.05462268613147154,0.05462268613147154,0.0001052235330357481
Ankrd39,-0.0369436577038776,0.0369436577038776,0.008743012208806742
Pnpla8,-0.054400717463905866,0.054400717463905866,0.00011226162161470286
Ptplad1,-0.07015256199121246,0.07015256199121246,6.252011749094242e-07
Gimap9,-0.023176035954869917,0.023176035954869917,0.10007402115366026
Ttc15,-0.11366030776537164,0.11366030776537164,5.96136320036784e-16
Golga3,-0.015297877508473959,0.015297877508473959,0.27774252829925433
Trub1,-0.09718884032502456,0.09718884032502456,4.790848033489622e-12
Zfp62,-0.06347343443463299,0.06347343443463299,6.55014525923894e-06
1810024B03Rik,-0.08860513541945692,0.08860513541945692,3.002022399360125e-10
Ppp2r5b,-0.04873238780573725,0.04873238780573725,0.0005412193037242867
Socs1,-0.030256497094243884,0.030256497094243884,0.03178498830892468
Eif6,-0.022298120351088233,0.022298120351088233,0.11360732249684581
Pdxdc1,-0.07073095354903636,0.07073095354903636,5.048667810255414e-07
Aldh18a1,-0.11384922073255993,0.11384922073255993,5.333930267428185e-16
Elac1,-0.04455435266249468,0.04455435266249468,0.0015638024213483351
Slc17a9,-0.0585826892958369,0.0585826892958369,3.18458957600551e-05
Hist1h1a,-0.04967846093793453,0.04967846093793453,0.00042073598268687674
Hoxb4,0.00854242272536569,0.00854242272536569,0.5444671292066378
Rpp38,-0.06364333480308755,0.06364333480308755,6.186986729218638e-06
Elk3,-0.017070285863581613,0.017070285863581613,0.22582772674280668
Anapc16,-0.014414877281900043,0.014414877281900043,0.3064271093275118
Ddit3,-0.0058069936995731935,0.0058069936995731935,0.6803444033940002
Gtpbp6,-0.04626509810830795,0.04626509810830795,0.0010229554459795075
Pdcd7,-0.08045299379308442,0.08045299379308442,1.0830588269029437e-08
9330020H09Rik,-0.048656916977158814,0.048656916977158814,0.0005520996440653824
Narf,-0.04237169056894284,0.04237169056894284,0.0026340449493540744
Foxo4,-0.09569380601181919,0.09569380601181919,1.0117239204873261e-11
Tfb1m,-0.06406099197465899,0.06406099197465899,5.3743121901259994e-06
Gpatch3,-0.034137039018031994,0.034137039018031994,0.015408520765717247
Ppm1d,-0.07802649768177398,0.07802649768177398,2.952803174826375e-08
Ttyh1,-0.013376838035496556,0.013376838035496556,0.3425742412854651
Oraov1,-0.02304786558771251,0.02304786558771251,0.10196566014546293
Akr1c13,-0.01906273523298677,0.01906273523298677,0.17619307788336197
Pla2g15,-0.08950038103908518,0.08950038103908518,1.9840577595981384e-10
Trpv2,-0.031089217170868447,0.031089217170868447,0.0273682470578617
Maoa,-0.050508470004919225,0.050508470004919225,0.00033614778593029005
Sbsn,-0.03162236544720361,0.03162236544720361,0.024827363040851626
D330012F22Rik,-0.06287344848237916,0.06287344848237916,8.00273507045738e-06
Vezt,-0.06560240130548661,0.06560240130548661,3.1724991164715126e-06
Ttc39c,-0.07046449540655271,0.07046449540655271,5.5723413319524e-07
Snupn,-0.025853438403135684,0.025853438403135684,0.06657465583947947
Uvrag,-0.07199437212860126,0.07199437212860126,3.1468321532209653e-07
Ttll1,-0.053835904533166175,0.053835904533166175,0.0001322252260472718
Steap3,-0.10515479639809094,0.10515479639809094,7.36566174592184e-14
Echdc1,-0.09197326545511207,0.09197326545511207,6.188784948121024e-11
Rnf125,-0.008618228284790048,0.008618228284790048,0.5409015734528809
Lipg,-0.06610155561876159,0.06610155561876159,2.6679856771303416e-06
Mtfp1,-0.07267723462088987,0.07267723462088987,2.429294973081707e-07
Ski,-0.01921477805716646,0.01921477805716646,0.17276912537723282
Pitpnc1,-0.03567589230340041,0.03567589230340041,0.011344332644956599
Rab3il1,0.03965139055795562,0.03965139055795562,0.004888960970155898
Abcb9,-0.043969140855410725,0.043969140855410725,0.0018024100252600223
Calr,-0.0688654276153373,0.0688654276153373,1.0001220760068214e-06
2900060B14Rik,-0.04419238765618061,0.04419238765618061,0.0017076939461999738
Pmf1,-0.046223745347519704,0.046223745347519704,0.001033673634350661
Decr2,-0.05043704198422339,0.05043704198422339,0.00034274839077199
Ccdc97,-0.08592273273499001,0.08592273273499001,1.0134920400313935e-09
Fam65a,-0.05791846206886569,0.05791846206886569,3.9122278857356696e-05
4933433P14Rik,-0.09861854850857577,0.09861854850857577,2.3191658869848415e-12
Chd6,0.02070725285464117,0.02070725285464117,0.14175729797434566
Cul4b,-0.08715408163840804,0.08715408163840804,5.823859217444099e-10
Tut1,-0.07578730427554602,0.07578730427554602,7.259004534995142e-08
Ikbip,-0.05610530635660716,0.05610530635660716,6.786473802239884e-05
Mndal,-0.043482432971032735,0.043482432971032735,0.0020258585564031386
Helq,-0.01829875859132868,0.01829875859132868,0.19416581491670598
Clcc1,-0.10210948109116737,0.10210948109116737,3.7756644497354476e-13
Fam55c,-0.052565284080303906,0.052565284080303906,0.00019001237154528974
Ddt,-0.05109742404234536,0.05109742404234536,0.000286082382820799
Pcm1,0.02056021037442282,0.02056021037442282,0.14460837889181766
Ccdc32,-0.06323390876087127,0.06323390876087127,7.0969184301218964e-06
Pxmp4,-0.07104921286364009,0.07104921286364009,4.4852179463832714e-07
Coq10a,-0.04471027227159953,0.04471027227159953,0.0015053302389690629
B4galt5,-0.029344123608400392,0.029344123608400392,0.03731227167904805
Btbd7,-0.02816166220187209,0.02816166220187209,0.045674787761971564
Gm12657,-0.05267294484111114,0.05267294484111114,0.00018431918163104466
Ankrd26,-0.01773865195228721,0.01773865195228721,0.20817265664251533
Ptger4,-0.02425566452739686,0.02425566452739686,0.0852283617610549
Brwd3,0.0049528750832725085,0.0049528750832725085,0.7252923375380149
6230427J02Rik,-0.07466032252787928,0.07466032252787928,1.130800669472175e-07
Pde8a,0.03608353686893803,0.03608353686893803,0.010441387426271246
Hdac6,-0.03198969319692581,0.03198969319692581,0.02319793965465183
Zfp703,-0.046831289226143394,0.046831289226143394,0.0008861820017623895
Tspan4,-0.07893361706170447,0.07893361706170447,2.0365326741400513e-08
Tmem119,-0.13414145317004905,0.13414145317004905,1.175400360835943e-21
Elovl7,-0.0003073333560696588,0.0003073333560696588,0.9826039600705957
Pigv,-0.12233303924256098,0.12233303924256098,2.987694638228502e-18
Dym,-0.10017147403691395,0.10017147403691395,1.0422586965509863e-12
Tmem141,-0.06557469750037646,0.06557469750037646,3.2030273123534178e-06
Coro2a,-0.052398836299979046,0.052398836299979046,0.00019914042897408506
Fancb,-0.05040074496873924,0.05040074496873924,0.0003461488301885856
Abl2,-0.02646421941161237,0.02646421941161237,0.06039619078842365
A530064D06Rik,-0.03505474564460867,0.03505474564460867,0.012853623450124751
Rft1,-0.06615070047515946,0.06615070047515946,2.6227025701358113e-06
Nfix,-0.05438564373256578,0.05438564373256578,0.00011275532598606656
D19Bwg1357e,-0.10420559335447979,0.10420559335447979,1.2321283143658838e-13
Rspry1,-0.020347519981279087,0.020347519981279087,0.14880979367166933
Zswim7,-0.03655136234035542,0.03655136234035542,0.00948437913438296
5830432E09Rik,0.000513536243964395,0.000513536243964395,0.9709363500764117
BC088983,-0.08350086602921171,0.08350086602921171,2.947147830805511e-09
Rnf14,-0.11307089647606107,0.11307089647606107,8.424083254235237e-16
Abcg2,0.0004378408605014142,0.0004378408605014142,0.975218843640422
Cd55,-0.00021727134705632354,0.00021727134705632354,0.9877012673141916
4931440P22Rik,-0.0292394779890715,0.0292394779890715,0.03799565265714554
Pwwp2a,0.007577233508840209,0.007577233508840209,0.5908594849697407
Parp14,-0.04212514199035527,0.04212514199035527,0.002789897738680256
Zbtb38,0.018792984911832865,0.018792984911832865,0.18239180763944618
5830415F09Rik,-0.07669654474868293,0.07669654474868293,5.053147477964187e-08
Wdr12,-0.11634023347610681,0.11634023347610681,1.2097483705713895e-16
Zdhhc24,-0.021321752767611456,0.021321752767611456,0.13030763948330001
Nudt6,-0.09567615601107228,0.09567615601107228,1.0206228810916975e-11
Pias1,-0.07799654372456417,0.07799654372456417,2.989040443041898e-08
Zfp617,-0.054602082639727684,0.054602082639727684,0.00010585886456679565
Dhx32,-0.09621371754946026,0.09621371754946026,7.811267732903172e-12
Tusc1,-0.030539468190599783,0.030539468190599783,0.03022005665004156
2210016L21Rik,-0.04224086008458529,0.04224086008458529,0.002715728377526707
1810030O07Rik,-0.07601788541590995,0.07601788541590995,6.624475557740513e-08
Vmac,-0.0637681723559427,0.0637681723559427,5.9325104132657175e-06
Kntc1,-0.03132732754029537,0.03132732754029537,0.02620699186199212
Oma1,-0.11651188825927043,0.11651188825927043,1.0908868575308287e-16
Pank1,-0.06442536176155221,0.06442536176155221,4.749696634342847e-06
Ube2q2,-0.06912948361552093,0.06912948361552093,9.088354005763367e-07
Slc7a5,-0.06425292935211786,0.06425292935211786,5.036090041161963e-06
Serpinf1,-0.01599176456620774,0.01599176456620774,0.2565249764786846
Sco1,-0.08256114218176575,0.08256114218176575,4.424211491948101e-09
Rad54b,-0.06139458606951912,0.06139458606951912,1.3013095659750199e-05
Cit,-0.020785767584354173,0.020785767584354173,0.1402527198746366
Cmpk1,-0.002545294074809916,0.002545294074809916,0.8566959306970161
1810063B07Rik,-0.0542986801240513,0.0542986801240513,0.00011564382843408333
Zmat5,-0.04757589066212733,0.04757589066212733,0.0007320465509876342
Tsr2,-0.09027952028282885,0.09027952028282885,1.379085900023716e-10
Hspa13,-0.035569363753549285,0.035569363753549285,0.011591436784467246
Hdgfrp2,-0.11026935028424534,0.11026935028424534,4.2530146553693344e-15
3010026O09Rik,-0.0415406674787364,0.0415406674787364,0.003193561116355179
Tnpo1,-0.08520066328327944,0.08520066328327944,1.3975723066639799e-09
Dhx30,-0.10203896684212449,0.10203896684212449,3.9190830112506496e-13
Tnfsf14,-0.03491546474281566,0.03491546474281566,0.013215496867075651
Iqsec1,0.012976767902618208,0.012976767902618208,0.35720517582276223
Neil3,-0.07874656634520581,0.07874656634520581,2.1994130160941034e-08
Ppip5k1,-0.05841475386463196,0.05841475386463196,3.355342880930286e-05
Bank1,-0.025082756363447003,0.025082756363447003,0.0751037178683082
Fam113a,-0.08908641871588567,0.08908641871588567,2.4040296245279976e-10
H2-DMa,-0.0618674708375624,0.0618674708375624,1.1152453424416672e-05
Gas2,-0.07917639968355088,0.07917639968355088,1.8424965275356637e-08
Bud13,-0.06457928940073421,0.06457928940073421,4.507269495636711e-06
Brd1,-0.045804447356717695,0.045804447356717695,0.0011483732033840308
Cerk,-0.1512391535310439,0.1512391535310439,3.7503829555143665e-27
Ipo13,-0.07840003673036108,0.07840003673036108,2.5351966657652467e-08
Fem1c,-0.035786301727197656,0.035786301727197656,0.011093171293312951
Srrd,-0.11467869408757382,0.11467869408757382,3.2661307703725576e-16
Susd1,-0.08208570089910316,0.08208570089910316,5.424603108851851e-09
Nat6,-0.05815326467068807,0.05815326467068807,3.638633330404001e-05
Cd320,-0.09682783045612509,0.09682783045612509,5.744578067043479e-12
Bace1,-0.1101183627601587,0.1101183627601587,4.635487541278008e-15
Pinx1,-0.0687909155981319,0.0687909155981319,1.027438135076329e-06
Map3k7,-0.04375864777397062,0.04375864777397062,0.0018961127308922182
Mad2l2,-0.046177344722528456,0.046177344722528456,0.0010458238143969821
Ms4a4c,0.017853204310004644,0.017853204310004644,0.20525000455380546
Sepp1,-0.07059577872018974,0.07059577872018974,5.308102441806641e-07
Epb4.2,0.03857514329630596,0.03857514329630596,0.006184867706351911
Ddb1,-0.14422828525807804,0.14422828525807804,8.114487781437856e-25
Zfp942,-0.04725636764662072,0.04725636764662072,0.0007948575812412116
Ets1,-0.07703418991081433,0.07703418991081433,4.4125331175690505e-08
Hspa5,-0.0453282522369849,0.0453282522369849,0.0012928386931593185
Fancm,-0.013138754190439618,0.013138754190439618,0.35123442770519775
Cxx1b,-0.028115171273473676,0.028115171273473676,0.04603349946341611
Blcap,-0.06325362971689351,0.06325362971689351,7.050301166477313e-06
Serpinb6a,0.015190485720083486,0.015190485720083486,0.2811301365243794
Icam4,0.020388502426345018,0.020388502426345018,0.1479930753218389
Polrmt,-0.08899031844791662,0.08899031844791662,2.51329712569308e-10
Nol8,-0.05664190829303605,0.05664190829303605,5.7752240434962296e-05
Snx8,-0.08877369452182719,0.08877369452182719,2.777689415591891e-10
Eml3,-0.08257067481923172,0.08257067481923172,4.4061144389758885e-09
Setd7,-0.05636223272547029,0.05636223272547029,6.28300723546622e-05
Ttf2,-0.041602836919625394,0.041602836919625394,0.0031482263383007243
Tm7sf2,-0.09643439947565258,0.09643439947565258,6.996118449291695e-12
Lyrm4,-0.0647668696560665,0.0647668696560665,4.227841060325606e-06
Cxxc5,-0.03744964466060145,0.03744964466060145,0.007863426739164887
Fbxo45,-0.035425717850295295,0.035425717850295295,0.011932193801665393
Tex15,0.026297346969136694,0.026297346969136694,0.06203508884931297
Mettl21d,-0.04132914723184316,0.04132914723184316,0.0033522944882385494
Arhgap9,-0.037914829661285135,0.037914829661285135,0.007125589547456781
Zfp668,-0.039783530672626945,0.039783530672626945,0.004748072678932
Ccrn4l,-0.11951736727768364,0.11951736727768364,1.7402917305873526e-17
Setd2,-0.016588562818111417,0.016588562818111417,0.23919851592985308
Sh2b3,-0.03647495170450516,0.03647495170450516,0.009635137299236799
Rfx7,-0.026158120883625863,0.026158120883625863,0.06343046079401239
Rpp14,-0.09261549110426508,0.09261549110426508,4.5499878189722906e-11
Hist1h2bf,-0.03640693873010777,0.03640693873010777,0.009771119557210299
Epb4.1,0.0008867462766507866,0.0008867462766507866,0.9498364632617198
Sarnp,0.023413533428033175,0.023413533428033175,0.0966428698858556
Ddx55,-0.06649983817995042,0.06649983817995042,2.3215832468661843e-06
Syt3,-0.042634615771504875,0.042634615771504875,0.0024766400416002562
Gnl3l,-0.08118998645463325,0.08118998645463325,7.940052934550309e-09
Zfp296,-0.03688180267268511,0.03688180267268511,0.008856356459156616
Gm1673,-0.08217287453848184,0.08217287453848184,5.226033170929615e-09
Qdpr,-0.10478015724960238,0.10478015724960238,9.029045652145272e-14
2310067B10Rik,-0.023746893816625408,0.023746893816625408,0.0919861878447553
Gpi1,0.22203952170057445,0.22203952170057445,2.7326069192963436e-57
Efcab4a,-0.13799791914254234,0.13799791914254234,7.749201609751594e-23
6030458C11Rik,-0.0896986335222281,0.0896986335222281,1.8092008526042254e-10
Cdk10,-0.07674615561507762,0.07674615561507762,4.953668719938066e-08
Stk3,-0.04643961121187942,0.04643961121187942,0.0009788464984352122
Rg9mtd2,-0.055444914437238105,0.055444914437238105,8.261401910078997e-05
Panx1,-0.062009770744691974,0.062009770744691974,1.0644196166796884e-05
1110018J18Rik,-0.040732155286154315,0.040732155286154315,0.0038398070698179797
Prnp,-0.0320512350293905,0.0320512350293905,0.02293422679188222
Mettl21a,-0.06135739603728881,0.06135739603728881,1.3171356731564611e-05
Yars2,-0.06333246807029072,0.06333246807029072,6.866847847092705e-06
Zbtb24,-0.07745748008890127,0.07745748008890127,3.719904974723959e-08
Dctn4,-0.07604235994847805,0.07604235994847805,6.560367559216463e-08
Ddx27,-0.04170556773039653,0.04170556773039653,0.003074597324400863
4632434I11Rik,-0.07378874179825297,0.07378874179825297,1.5863097826799308e-07
Lect1,-0.06249676900390754,0.06249676900390754,9.066908605134222e-06
Eme1,-0.09235916872285282,0.09235916872285282,5.145633795803536e-11
Mrs2,-0.06987416549338919,0.06987416549338919,6.925509435433945e-07
Tgfbr2,-0.018036088585906704,0.018036088585906704,0.2006459458156906
BC032203,0.004188270841268091,0.004188270841268091,0.7663541000643815
Ccbl2,-0.10585979155830683,0.10585979155830683,5.0113825913413806e-14
Osbpl3,-0.06090770718004475,0.06090770718004475,1.5236251441065586e-05
Clec11a,-0.012593027345976922,0.012593027345976922,0.37160285617924316
Tasp1,-0.049794273675786795,0.049794273675786795,0.0004078441318503107
D230025D16Rik,-0.08706790151622346,0.08706790151622346,6.055619867658106e-10
Tfb2m,-0.07721837104110583,0.07721837104110583,4.097028443166835e-08
Isg15,-0.016582274374256068,0.016582274374256068,0.23937667396908896
Ogg1,-0.052848101143393375,0.052848101143393375,0.00017539807473602515
Galnt6,-0.019238107744884058,0.019238107744884058,0.1722481805362432
Zfp869,-0.057577349067769956,0.057577349067769956,4.3446859915835265e-05
Slc25a28,0.0032275036515108657,0.0032275036515108657,0.8188822644294563
Psmd11,-0.05275513970022166,0.05275513970022166,0.00018008098606270815
Slc36a1,-0.03317888593436376,0.03317888593436376,0.018542849570911513
Lrrk1,-0.012582654337162377,0.012582654337162377,0.3719969740399639
Zfp949,-0.023228389621906962,0.023228389621906962,0.09930943696251232
Eif1ad,-0.060064623322046845,0.060064623322046845,1.9966436645719752e-05
Taf5,-0.05022117391313101,0.05022117391313101,0.00036344077123031564
Trmt61a,-0.09367937287553942,0.09367937287553942,2.720864786732042e-11
Gm13139,-0.030403497209203236,0.030403497209203236,0.030963565196859093
Hbs1l,-0.0901544925027546,0.0901544925027546,1.462275400183703e-10
Nle1,-0.11879391388812285,0.11879391388812285,2.718727124860026e-17
Clic4,-0.04655083872836077,0.04655083872836077,0.0009516590281742049
Gpr141,-0.012332281844954326,0.012332281844954326,0.3815882227951753
Fam83d,-0.033135821448005344,0.033135821448005344,0.018695967289686404
Nufip1,-0.09094849258191072,0.09094849258191072,1.0067023890303635e-10
Tgfbrap1,-0.04846619876928785,0.04846619876928785,0.0005805091387399411
Edem3,-0.031637062087702866,0.031637062087702866,0.024760315680657195
Psrc1,-0.05322845239975596,0.05322845239975596,0.000157404570519483
Atrnl1,-0.01768438575222626,0.01768438575222626,0.20956766859034073
Il22ra2,-0.0588934430072913,0.0588934430072913,2.8901612728045012e-05
Bcmo1,-0.08226187364825388,0.08226187364825388,5.030604173818972e-09
Ppp1r3d,-0.037034209544497314,0.037034209544497314,0.008579420167602258
Dcaf15,-0.029067401233722156,0.029067401233722156,0.03914251999178191
D330041H03Rik,-0.026812616069945866,0.026812616069945866,0.05709000479973415
Cela1,-0.029732613268393635,0.029732613268393635,0.0348660216060923
5730469M10Rik,0.050669922788889724,0.050669922788889724,0.00032166366400878765
Zfp472,-0.0948049578245115,0.0948049578245115,1.5694248812951984e-11
Gm6548,-0.05911929905807407,0.05911929905807407,2.6926063395286646e-05
Ttc30a1,-0.08559888915508346,0.08559888915508346,1.1709819418973356e-09
Nr2c2,-0.013334080688187267,0.013334080688187267,0.34411938224803934
Fam50a,-0.03846615134929462,0.03846615134929462,0.006331998143053175
Pla2g4a,-0.04889515505589317,0.04889515505589317,0.0005184300852640421
Gm13710,-0.06299437921522882,0.06299437921522882,7.68718269252113e-06
Rmnd5b,-0.09407849198550804,0.09407849198550804,2.2402243343168802e-11
Slc25a36,-0.06309881284416793,0.06309881284416793,7.424279734019253e-06
L3mbtl2,-0.09655335431674776,0.09655335431674776,6.5919226908915815e-12
Zer1,-0.026598093375137147,0.026598093375137147,0.059107463086706565
Ankrd28,-0.05830479513470991,0.05830479513470991,3.471818578185021e-05
Kat5,-0.06105334929714761,0.06105334929714761,1.4535865230702557e-05
2410131K14Rik,-0.032458947936504445,0.032458947936504445,0.021252007818010656
Cc2d1a,-0.10204630493928313,0.10204630493928313,3.9039122339191643e-13
Btrc,-0.03853330769121449,0.03853330769121449,0.006240974581107187
Fam118b,-0.08912614576068231,0.08912614576068231,2.360227052366376e-10
Thumpd3,-0.12219957828749027,0.12219957828749027,3.250980561549878e-18
Nup43,-0.10772504687999955,0.10772504687999955,1.786913569305266e-14
Nfxl1,-0.07108970856386017,0.07108970856386017,4.418029415405137e-07
Hist1h4k,-0.04878948590210985,0.04878948590210985,0.0005331207540611689
Pisd,-0.11106996763363555,0.11106996763363555,2.6886735585198955e-15
Fbxw9,-0.07544290253844459,0.07544290253844459,8.317603369687894e-08
Baz1b,0.02421751024939102,0.02421751024939102,0.08572082474397742
Slc32a1,-0.061055313024154304,0.061055313024154304,1.4526634859038257e-05
Ldhc,0.015798309456429318,0.015798309456429318,0.26232396298546873
Ddx21,-0.027321416640560592,0.027321416640560592,0.052533139502550376
4931406P16Rik,0.03357529295880096,0.03357529295880096,0.017184160652644623
Mul1,-0.07795364140725906,0.07795364140725906,3.041694462789105e-08
Scrn2,-0.0788976278421563,0.0788976278421563,2.0669335714326342e-08
Ulk1,-0.011786997044722483,0.011786997044722483,0.4029956828045349
Cln5,-0.12483395890826567,0.12483395890826567,6.033583168719862e-19
2610037D02Rik,-0.01961352090104896,0.01961352090104896,0.16402612787466483
Klhl12,-0.06851505288675346,0.06851505288675346,1.1349543961423694e-06
Phf7,-0.06526245838469993,0.06526245838469993,3.567166617645421e-06
Tbccd1,-0.08312391299421447,0.08312391299421447,3.470612975961238e-09
Fanca,-0.05967157983444395,0.05967157983444395,2.2621847484430346e-05
Clip1,0.022998841611088724,0.022998841611088724,0.1026966741295772
Pot1a,-0.09425826626555144,0.09425826626555144,2.0518891800681497e-11
Gpr146,-0.022014160836326402,0.022014160836326402,0.11828055660992992
Zfp106,-0.0223509065880124,0.0223509065880124,0.11275484315521192
Eftud2,-0.11774896007039423,0.11774896007039423,5.153795164767873e-17
Eif2d,-0.10381755558810057,0.10381755558810057,1.51853217826134e-13
Pick1,-0.06810695032970705,0.06810695032970705,1.3140798754572157e-06
Smad2,-0.12518263025330817,0.12518263025330817,4.814919935983542e-19
2810405K02Rik,-0.07695411177162961,0.07695411177162961,4.556939195632778e-08
Dus3l,-0.09713827183689895,0.09713827183689895,4.914440136858744e-12
Pofut1,-0.05809414942818519,0.05809414942818519,3.7057516680978785e-05
Nit2,-0.058030926667534156,0.058030926667534156,3.778833243412431e-05
1700007L15Rik,-0.04550013879082212,0.04550013879082212,0.0012388617762196233
Mylip,0.027768432881846876,0.027768432881846876,0.04878435893417226
Msl3l2,-0.06346176400642095,0.06346176400642095,6.575824947786242e-06
Taco1,-0.06681695027884359,0.06681695027884359,2.0770745779365177e-06
Ctla2a,-0.01344946146612025,0.01344946146612025,0.33995999585088965
Plk1,-0.10774963816099728,0.10774963816099728,1.7625738149107986e-14
Arrdc4,-0.05193057407550857,0.05193057407550857,0.00022707869547026877
Gpr89,-0.11229240557965277,0.11229240557965277,1.3264246990307877e-15
Gm3219,-0.11873360628315452,0.11873360628315452,2.821389065827329e-17
Fam160b2,-0.04702671080904254,0.04702671080904254,0.0008430524326374629
Wdr81,-0.028714087549303036,0.028714087549303036,0.04158963419577188
Zbed6,0.000275706236799234,0.000275706236799234,0.9843939137146962
Tacc3,-0.10725022388370219,0.10725022388370219,2.327264097497421e-14
Crnkl1,-0.07623753616883644,0.07623753616883644,6.070188699128378e-08
Zcchc10,-0.07006225661234376,0.07006225661234376,6.463246318937553e-07
Bpnt1,-0.10210434124460603,0.10210434124460603,3.7859419022097175e-13
Endod1,-0.024896325431758664,0.024896325431758664,0.07729566432658712
Gab3,-0.01997856760772045,0.01997856760772045,0.15631804525558807
Fam126b,-0.05413608865586275,0.05413608865586275,0.00012123241201253918
P2rx1,-0.09104843887608167,0.09104843887608167,9.60273346354536e-11
Enoph1,-0.12622180311597983,0.12622180311597983,2.4486041424349834e-19
Mapkapk3,-0.11491508895462459,0.11491508895462459,2.8382018449665814e-16
Rbl2,-0.04898389375111913,0.04898389375111913,0.0005063854824010415
Pabpn1,0.04129537300123289,0.04129537300123289,0.0033782948679320617
Cenpb,-0.023124840186866072,0.023124840186866072,0.10082622575747358
Ecsit,-0.09660245892667414,0.09660245892667414,6.431824007513893e-12
Scrn3,-0.011110659719514873,0.011110659719514873,0.4305246848827219
Tmem135,-0.0955009980010296,0.0955009980010296,1.113196191973674e-11
Crebzf,0.002941749838779712,0.002941749838779712,0.8346752119404511
Manbal,-0.06802740069598551,0.06802740069598551,1.3520288036490656e-06
Leng1,-0.022570417779815458,0.022570417779815458,0.10926375936207959
Gm9320,-0.09460227356722281,0.09460227356722281,1.73371310411446e-11
Lrch1,-0.03766078003440033,0.03766078003440033,0.007520456151508835
Mettl15,-0.04259617063796132,0.04259617063796132,0.0024991057072390383
Fam54a,0.007277821782336314,0.007277821782336314,0.6056116213892659
D330023K18Rik,-0.015800186997244007,0.015800186997244007,0.2622672505193107
C130026I21Rik,0.193498364141909,0.193498364141909,1.11701057962422e-43
Klra2,0.017361491555472466,0.017361491555472466,0.21800832840342255
Pgm1,-0.13124425121674363,0.13124425121674363,8.610023347297986e-21
Tmem18,-0.05250405019180071,0.05250405019180071,0.00019332376402025986
Fam33a,-0.015269625150762535,0.015269625150762535,0.27863102615581825
Tmem110,-0.07096191961898146,0.07096191961898146,4.6334184771295594e-07
Zfp738,-0.027277251704480896,0.027277251704480896,0.052916248352975946
Fbxo3,-0.06911500001823695,0.06911500001823695,9.13627413594231e-07
Iqgap3,-0.06315310079493189,0.06315310079493189,7.291032026064243e-06
Snhg3,-0.03254382338882538,0.03254382338882538,0.020915648775561162
Rnf38,-0.041611206131695895,0.041611206131695895,0.003142168393420968
6720456H20Rik,-0.06776199544543984,0.06776199544543984,1.4864118029768392e-06
Pxmp2,-0.027540401909387294,0.027540401909387294,0.05066763328368233
Ly6a,0.04083400129143852,0.04083400129143852,0.0037523299565552313
Mmgt1,-0.05903506504632862,0.05903506504632862,2.764735118809967e-05
A530054K11Rik,-0.025856060661216342,0.025856060661216342,0.06654705760435894
Cblb,-0.04041052469932912,0.04041052469932912,0.004128358499373828
5730590G19Rik,-0.02049803110239594,0.02049803110239594,0.14582713747266604
Mettl16,-0.0630596134316585,0.0630596134316585,7.5219371496279825e-06
Ccl25,-0.02582766128164537,0.02582766128164537,0.06684645184339634
Plaur,0.022218299984921714,0.022218299984921714,0.11490602274289179
Slc25a22,-0.04444464941616634,0.04444464941616634,0.0016061880372229163
Fbxl15,-0.018130715361417693,0.018130715361417693,0.1982935361104731
Ncapd3,0.03858452325833004,0.03858452325833004,0.006172350465790567
Fam63b,0.018910619880429202,0.018910619880429202,0.17966902028641704
BC005561,-0.029480052413927562,0.029480052413927562,0.03644023809330577
Toe1,-0.06516399296778945,0.06516399296778945,3.6900054757594496e-06
Atg16l1,-0.04415133169975979,0.04415133169975979,0.001724761620200514
Tfpi2,-0.02002753020957195,0.02002753020957195,0.15530542856771418
Xrcc3,-0.06988977157153749,0.06988977157153749,6.885974407284284e-07
Aff1,0.002145374172779923,0.002145374172779923,0.8790225787042663
Zfp608,0.009196503206380048,0.009196503206380048,0.5140918196228477
Aasdhppt,-0.09506181770837607,0.09506181770837607,1.3829836064623464e-11
Kcnj2,0.005209191259544698,0.005209191259544698,0.7116955657001197
Ghdc,-0.000883571193088898,0.000883571193088898,0.9500158433081889
Wdr53,-0.07181315827964936,0.07181315827964936,3.3692353474017205e-07
Ctnnd1,-0.044178761947951124,0.044178761947951124,0.0017133410958971701
Nvl,-0.04067871886999711,0.04067871886999711,0.003886441585052387
Tifa,-0.04894246391962687,0.04894246391962687,0.0005119759718917976
Ptplad2,0.07615945742078711,0.07615945742078711,6.261867792722087e-08
AU019823,-0.03155554939439301,0.03155554939439301,0.025134169269919193
Lonp1,-0.1170858826010924,0.1170858826010924,7.710930105336194e-17
Gt(ROSA)26Sor,-0.008295293019344173,0.008295293019344173,0.5561714796316227
BC100530,0.0626222262039936,0.0626222262039936,8.698290523676424e-06
Ing5,-0.046947368343572035,0.046947368343572035,0.0008603231222176612
Pomt2,-0.0671146438006105,0.0671146438006105,1.8701823196512671e-06
Arrdc3,0.004351253490565197,0.004351253490565197,0.7575417143468289
Ccdc47,-0.07153472440643822,0.07153472440643822,3.7407843239433815e-07
Gcap14,-0.010409772335733666,0.010409772335733666,0.46017189421532956
Bcor,-0.03523392066143853,0.03523392066143853,0.0124010051067332
Rab7l1,-0.05085089882586755,0.05085089882586755,0.00030612314240441535
Pccb,-0.0693385490074436,0.0693385490074436,8.423024428341373e-07
Ndst2,-0.038180652572416235,0.038180652572416235,0.00673243990472189
Rab11fip2,0.024317996490260528,0.024317996490260528,0.08442875567239258
Fcnb,0.13845272373930034,0.13845272373930034,5.594228368781063e-23
Arsk,-0.04191997926342533,0.04191997926342533,0.002925957806371825
Tmem65,-0.06644243568336125,0.06644243568336125,2.3687007959227123e-06
Iqcc,-0.0601915767863557,0.0601915767863557,1.9174106544048926e-05
Rps6kc1,-0.047307494276489094,0.047307494276489094,0.0007844821899862601
Parp2,-0.0626729297459819,0.0626729297459819,8.553413700847724e-06
Zfp335,-0.053451391334778706,0.053451391334778706,0.00014768065577000218
Ndufs5,-0.059674337163577444,0.059674337163577444,2.26020996452858e-05
Mxi1,-0.10012143820660444,0.10012143820660444,1.0696721529038152e-12
Kctd2,0.009561099729377678,0.009561099729377678,0.4975508110990047
Tmc8,-0.05195495758887127,0.05195495758887127,0.00022553746260046796
Zfp1,-0.03953032304745832,0.03953032304745832,0.005021350801716593
Ccdc84,-0.05222345659747549,0.05222345659747549,0.00020920296718747062
Kdm3a,-0.049191702278093385,0.049191702278093385,0.0004791923947329663
Engase,-0.0859418336687067,0.0859418336687067,1.0048778144387967e-09
1700096K18Rik,-0.011956830754152874,0.011956830754152874,0.396252237993882
Slc4a7,-0.04686872266490617,0.04686872266490617,0.0008777653215142009
Isg20l2,-0.11208182032384699,0.11208182032384699,1.4989322831302546e-15
Ptgir,-0.06319734485024292,0.06319734485024292,7.184130672316885e-06
Eif2c2,0.00418353597442493,0.00418353597442493,0.7666105702621675
Bphl,-0.09952903100336852,0.09952903100336852,1.4531936541554515e-12
Itch,-0.055096134557956866,0.055096134557956866,9.157819046852368e-05
Zswim4,-0.026361118946353478,0.026361118946353478,0.06140447588566324
Gstk1,-0.04726304990594666,0.04726304990594666,0.0007934943202080947
Slc7a6os,-0.079012572807021,0.079012572807021,1.9713497162518735e-08
Tspan13,0.011062677949878471,0.011062677949878471,0.4325182779052167
Abi1,-0.06836242171977437,0.06836242171977437,1.1990102922728957e-06
Rpusd1,-0.0523479115848304,0.0523479115848304,0.00020201442606914696
Hdac10,-0.10704663953053742,0.10704663953053742,2.6054838885549346e-14
C030006K11Rik,-0.09898043440395471,0.09898043440395471,1.926914604930178e-12
5930416I19Rik,-0.10142154339150883,0.10142154339150883,5.426035653740674e-13
Wiz,-0.04738858149869726,0.04738858149869726,0.0007682841439296879
Cdc23,-0.12913881418485468,0.12913881418485468,3.560207679474623e-20
9030619P08Rik,-0.05604910731425748,0.05604910731425748,6.901574833934717e-05
Rock2,0.004956903322176348,0.004956903322176348,0.7250779677590004
Eif4ebp3,-0.023990674464070407,0.023990674464070407,0.08869627922171822
Dnajc5,-0.0007944329606599518,0.0007944329606599518,0.9550528117296395
Tiam2,-0.018454978187447978,0.018454978187447978,0.1903853954421927
Scarf1,-0.05028898743073616,0.05028898743073616,0.0003568178453410918
Wdr6,-0.05937375517488556,0.05937375517488556,2.485425060519764e-05
Utp20,-0.040658501141791245,0.040658501141791245,0.0039042194994022414
Gm1821,-0.2313282237832756,0.2313282237832756,3.6820997559503775e-62
Trim34a,-0.05157173016334282,0.05157173016334282,0.0002509344511987088
Blzf1,-0.08526230383454542,0.08526230383454542,1.3598953596815806e-09
Dak,-0.11235023098432687,0.11235023098432687,1.282579974122639e-15
Thop1,-0.08953925881622823,0.08953925881622823,1.9485150586032433e-10
Mafk,-0.036316057791213247,0.036316057791213247,0.009955490955392136
Rsf1,-0.010894038328100696,0.010894038328100696,0.43956732846420316
Gga2,-0.1393699655246844,0.1393699655246844,2.889931337542182e-23
Ddhd1,-0.028579861959638637,0.028579861959638637,0.042552656742220106
Grpel2,-0.0732017314622417,0.0732017314622417,1.988249164442157e-07
Rpl37,0.3284396566290879,0.3284396566290879,5.731104503771678e-127
Det1,-0.05505728432163929,0.05505728432163929,9.263169110519543e-05
9530077C05Rik,-0.06511961888805898,0.06511961888805898,3.7466793808074437e-06
Prr3,-0.0706157766642584,0.0706157766642584,5.268927180775289e-07
Ebp,-0.04049297471486817,0.04049297471486817,0.0040525710362792336
Brms1l,-0.04926000304968052,0.04926000304968052,0.0004705563469332401
Hist2h2ac,0.0022643685449900038,0.0022643685449900038,0.87236849577882
Gtpbp2,-0.07274652143220453,0.07274652143220453,2.36602941817791e-07
Snapin,-0.06078061577260278,0.06078061577260278,1.5873602409306956e-05
Nudt16,0.01045092451031671,0.01045092451031671,0.4584002121433427
Clcn3,0.03030807342215994,0.03030807342215994,0.031494682145028645
Hist1h3i,-0.1249583486422934,0.1249583486422934,5.567368542374517e-19
Irak1,-0.007683115103210339,0.007683115103210339,0.585682494535402
Qtrt1,-0.09348042088778988,0.09348042088778988,2.9967825873345503e-11
Bach1,-0.00638753184399757,0.00638753184399757,0.650417772322053
Fabp5,0.03117764578950237,0.03117764578950237,0.026931904170004895
Snap29,-0.07509317436426767,0.07509317436426767,9.544902685865035e-08
Dmxl2,0.004309062497324743,0.004309062497324743,0.7598199905519447
4932415G12Rik,-0.016810677834991475,0.016810677834991475,0.2329656570546518
Smad3,-0.0567603095929806,0.0567603095929806,5.572178932777431e-05
Aen,-0.09493187008528277,0.09493187008528277,1.4744208829042352e-11
B430010I23Rik,-0.009996769002205393,0.009996769002205393,0.4781630672180385
Bcas3,-0.05055893160171663,0.05055893160171663,0.00033155654821141923
Atxn1,-0.015603879076627348,0.015603879076627348,0.2682427592492054
Sirt6,-0.07210536254280575,0.07210536254280575,3.0176843394349117e-07
Tecpr2,-0.005316735073898828,0.005316735073898828,0.706017594716082
Tonsl,-0.060622443954079126,0.060622443954079126,1.670234372674528e-05
Lhfpl2,-0.08341622288967435,0.08341622288967435,3.057542947755543e-09
Xpo6,-0.05048312263780728,0.05048312263780728,0.00033847638483898646
Fam18b,-0.10046260033339487,0.10046260033339487,8.959064048407238e-13
Ccdc94,-0.06572720603333991,0.06572720603333991,3.0383964786573257e-06
Phospho2,-0.03954145772886425,0.03954145772886425,0.00500904087262553
5031439G07Rik,-0.042208029517358095,0.042208029517358095,0.0027365859372928273
Slc39a1,-0.053440199219812745,0.053440199219812745,0.00014815502660394444
Dnajc17,-0.046205568941674914,0.046205568941674914,0.0010384175523286015
Osbpl2,-0.08236658059951461,0.08236658059951461,4.809774612656304e-09
Cradd,-0.057322976337637915,0.057322976337637915,4.69628188548413e-05
Zbtb8a,-0.08805142836492852,0.08805142836492852,3.870597247632068e-10
Tinf2,-0.03029457634546161,0.03029457634546161,0.031570432239674935
Mettl6,-0.08174501855333452,0.08174501855333452,6.27341571087508e-09
Tmem194,-0.03723761541798851,0.03723761541798851,0.008221879486057846
1700020L24Rik,-0.026199794422236515,0.026199794422236515,0.0630101013245108
Slc29a3,-0.01828906717471308,0.01828906717471308,0.19440214298688194
Rassf7,-0.03987357973511885,0.03987357973511885,0.004654177774182965
Them4,-0.06032053923450058,0.06032053923450058,1.839994293413911e-05
Naa16,-0.08367847959441173,0.08367847959441173,2.727964234678322e-09
Evl,-0.04880809223665711,0.04880809223665711,0.000530506193076399
Itgb7,0.02679832353402446,0.02679832353402446,0.05722261344302241
Etfa,-0.1316201423547321,0.1316201423547321,6.666246536482539e-21
Txndc5,-0.02262442841216072,0.02262442841216072,0.108418013690921
Crem,-0.033912115254690664,0.033912115254690664,0.016099125213395724
Ei24,-0.12153671148809976,0.12153671148809976,4.938433846099804e-18
Mxd4,-0.025359821239636628,0.025359821239636628,0.07194013453782676
Frat1,-0.10194081552524784,0.10194081552524784,4.1276516345335706e-13
Atad5,0.009059322970880178,0.009059322970880178,0.5203886306744036
Fbxl5,-0.0727538277541186,0.0727538277541186,2.3594515528267323e-07
Ltn1,-0.053437814401665985,0.053437814401665985,0.00014825629082895108
Ifi30,0.026693690759753096,0.026693690759753096,0.05820123498829683
Tmem194b,-0.04689388304438346,0.04689388304438346,0.0008721498640901024
Zfhx3,0.04279204240426094,0.04279204240426094,0.0023865606158589877
Zbtb25,-0.09008486763936185,0.09008486763936185,1.5107062296744988e-10
Ralgapb,-0.026879777844321044,0.026879777844321044,0.05647028351982375
A130040M12Rik,0.049629391610887266,0.049629391610887266,0.0004263121135831259
Zkscan14,-0.04229843373871449,0.04229843373871449,0.002679501594154034
Fam114a1,-0.032018420055303795,0.032018420055303795,0.023074516420744966
Exoc8,-0.07886664002727453,0.07886664002727453,2.093462172872378e-08
B230312A22Rik,-0.031439765186080916,0.031439765186080916,0.02567360022440469
2610301B20Rik,-0.09719020986325964,0.09719020986325964,4.787543528889777e-12
Mysm1,0.018511811258202938,0.018511811258202938,0.18902359873970856
Gnpda1,-0.09952720938317,0.09952720938317,1.454559484272484e-12
Orc3,-0.11893927477384272,0.11893927477384272,2.486177276807483e-17
Ccdc123,-0.056738413878175915,0.056738413878175915,5.609210779360066e-05
Klf3,0.05281396571575357,0.05281396571575357,0.00017710417703444418
Hint2,-0.05094850061689828,0.05094850061689828,0.0002980365733394357
Ipcef1,0.011935760194798355,0.011935760194798355,0.39708514902789643
Bcl2a1b,0.0037740977556252643,0.0037740977556252643,0.7888821495941589
Rad51l3,-0.06691056550602785,0.06691056550602785,2.009753389670654e-06
Stat3,-0.01320876634492338,0.01320876634492338,0.3486734913236366
Sigirr,-0.048796508011332,0.048796508011332,0.0005321326006803892
Kit,-0.07216018545674202,0.07216018545674202,2.9557955014497785e-07
Smyd2,-0.0935601336447255,0.0935601336447255,2.8830923960940815e-11
Nup160,-0.026501606131165662,0.026501606131165662,0.06003396849364843
Aars2,-0.09932347122528853,0.09932347122528853,1.6155373172347627e-12
Polr2e,-0.0709895244871556,0.0709895244871556,4.586049617187587e-07
Mthfd1l,-0.13990549131076133,0.13990549131076133,1.961178334071439e-23
Ado,-0.09112088175498866,0.09112088175498866,9.279357032268942e-11
Gm12504,-0.19156800406124944,0.19156800406124944,7.873722811001728e-43
Trp53inp1,0.02741277547094041,0.02741277547094041,0.05174800137451978
Tpra1,-0.05947272784719466,0.05947272784719466,2.40901091074236e-05
Abcb6,-0.048114577334975275,0.048114577334975275,0.0006364845010982903
Pppde1,-0.013876199730546828,0.013876199730546828,0.3248577363148685
Aste1,-0.02569944210146208,0.02569944210146208,0.06821200810245802
Tbcel,-0.013163670353939297,0.013163670353939297,0.3503216704953665
Cdc42se1,-0.0723802097269503,0.0723802097269503,2.7195143114714836e-07
1810014B01Rik,-0.09187338062950176,0.09187338062950176,6.490854675918317e-11
Dennd5a,-0.015473231181993416,0.015473231181993416,0.2722710502039063
Akap8l,-0.02465484918764647,0.02465484918764647,0.08021196427138753
Hnrpdl,-0.0947052077085363,0.0947052077085363,1.648278461523551e-11
1110057K04Rik,-0.07077081166928484,0.07077081166928484,4.974533230480395e-07
I830077J02Rik,-0.02758077369898929,0.02758077369898929,0.05032984080821442
Rrp8,-0.07788651874167232,0.07788651874167232,3.125883506346016e-08
Zbtb12,-0.06788330436839268,0.06788330436839268,1.4234687551219366e-06
Kctd13,-0.06286777562722573,0.06286777562722573,8.01783752194607e-06
Ercc4,-0.06692647985796883,0.06692647985796883,1.9985193531926447e-06
BC037034,-0.14761900489680166,0.14761900489680166,6.224301450561085e-26
Atp2b1,0.017361432591682605,0.017361432591682605,0.21800989174311605
Dem1,-0.06730073984599963,0.06730073984599963,1.7510632709770061e-06
Brpf3,-0.0024400478137512295,0.0024400478137512295,0.8625612475640531
E030024N20Rik,0.030405953166719898,0.030405953166719898,0.030949997719000782
Pgcp,-0.09558639182589607,0.09558639182589607,1.0670809387630862e-11
Tmbim1,-0.05656538025521069,0.05656538025521069,5.910167200055952e-05
Stard8,0.01313291242947118,0.01313291242947118,0.3514486475512813
Hp1bp3,0.07647960583261443,0.07647960583261443,5.511359163658629e-08
Cd79a,-0.11069544428592941,0.11069544428592941,3.333355317340377e-15
Pdlim1,-0.08112937991893468,0.08112937991893468,8.146209265261506e-09
Matk,-0.07097769711301369,0.07097769711301369,4.606287464899548e-07
B3galt4,-0.03565793860774182,0.03565793860774182,0.01138564768697956
Nudt9,-0.0835917593208621,0.0835917593208621,2.8329218989693755e-09
Ehd4,-0.08304537059593232,0.08304537059593232,3.5905564382018317e-09
Haus2,-0.05826413428036739,0.05826413428036739,3.515853583978353e-05
Cct2,-0.09293718606838083,0.09293718606838083,3.897182209422309e-11
Dapk3,-0.100329299331517,0.100329299331517,9.602284620941653e-13
Dcaf17,-0.0489479995347391,0.0489479995347391,0.0005112256882161537
Vhl,-0.07520085827923273,0.07520085827923273,9.149450364789607e-08
Fam98a,-0.03937971917610776,0.03937971917610776,0.005190558016200236
Atg7,-0.11682489279506102,0.11682489279506102,9.030424584370805e-17
Pi4kb,-0.06830904082748761,0.06830904082748761,1.2222230116389085e-06
Gin1,-0.06806379200802609,0.06806379200802609,1.3345394745441532e-06
Map3k9,-0.012969852934971115,0.012969852934971115,0.35746147280312573
Gm20337,-0.03949075465554196,0.03949075465554196,0.005065317127053719
Ssr2,-0.057971351731049676,0.057971351731049676,3.8489481471955875e-05
Zfyve27,-0.06303294215719844,0.06303294215719844,7.58908391816189e-06
Avpi1,-0.024593938390029015,0.024593938390029015,0.08096152677934171
Atp13a2,-0.02874021690497574,0.02874021690497574,0.041404326149733696
Galnt3,-0.061049543204083886,0.061049543204083886,1.4553771447972245e-05
Gxylt1,-0.026555535257349445,0.026555535257349445,0.05951464859376359
Dok1,-0.04944604525332939,0.04944604525332939,0.00044776342269594476
Mgat2,-0.11503106153779086,0.11503106153779086,2.6489654121970814e-16
Ms4a6c,0.03050030364507874,0.03050030364507874,0.030432624874187377
Zfp322a,-0.046710102544698096,0.046710102544698096,0.0009139458217603743
Ube2h,0.011247057454824757,0.011247057454824757,0.42488670304428633
Acp2,-0.06644027615033153,0.06644027615033153,2.3704911942810363e-06
Prpf19,-0.09561910323675084,0.09561910323675084,1.0499159354287339e-11
Cdk8,-0.09621712096376676,0.09621712096376676,7.798016729199268e-12
2700062C07Rik,-0.07941836550700124,0.07941836550700124,1.6670209745591077e-08
Tmem186,-0.05940587148873514,0.05940587148873514,2.4603797801740176e-05
Dcxr,-0.09276990570533568,0.09276990570533568,4.2242912168649514e-11
Agtpbp1,-0.0711699588371919,0.0711699588371919,4.2877381807089605e-07
Rheb,-0.04616370087834215,0.04616370087834215,0.0010494215610547752
Ddx52,-0.0901407490328686,0.0901407490328686,1.4717135757848263e-10
Zbtb1,-0.09356367272554704,0.09356367272554704,2.878143868275447e-11
Banp,-0.03920961381498474,0.03920961381498474,0.005387856701514258
Smarcad1,-0.01015963710602335,0.01015963710602335,0.4710227070121502
Ppp1r16a,-0.0859987487771789,0.0859987487771789,9.796310085933717e-10
Nfx1,-0.029356651355002324,0.029356651355002324,0.0372311654492031
Csnk2a1,-0.0072906742852841665,0.0072906742852841665,0.6049749972443428
Eif2ak3,-0.05253170043224746,0.05253170043224746,0.00019182184311114392
0610009L18Rik,-0.026067724093769472,0.026067724093769472,0.06435025490002454
Elf2,-0.012266002305553421,0.012266002305553421,0.38415242778831454
Siah1b,-0.05268546690490571,0.05268546690490571,0.00018366751213369858
2310003F16Rik,-0.011122456570001708,0.011122456570001708,0.43003535565591566
Cd1d1,-0.08134263732228333,0.08134263732228333,7.4430204964508285e-09
Zfp777,-0.07119769626841942,0.07119769626841942,4.2435726781944827e-07
Flcn,-0.07138955653268524,0.07138955653268524,3.949873697648729e-07
Pcnp,-0.07677773801504485,0.07677773801504485,4.891331695819602e-08
Satb1,-0.06561908637057132,0.06561908637057132,3.154247843518742e-06
Hsd17b1,-0.0984302782043933,0.0984302782043933,2.5531791442447893e-12
Tssc1,-0.07213096160278844,0.07213096160278844,2.9886318084030185e-07
Bcl2l11,-0.027958333233335998,0.027958333233335998,0.047261164942082656
Klf11,-0.06180952388677535,0.06180952388677535,1.1365991279089956e-05
Itgal,-0.0045841017051681645,0.0045841017051681645,0.7450064584265271
Ctdsp2,-0.055373521663784564,0.055373521663784564,8.437857225883633e-05
Mrpl21,-0.06934169617544943,0.06934169617544943,8.4133764157411e-07
Capn7,-0.0740579705870752,0.0740579705870752,1.4294021314245955e-07
2010305A19Rik,-0.0413109293613398,0.0413109293613398,0.0033662964141347408
Wbscr16,-0.06805169068368601,0.06805169068368601,1.3403309782783639e-06
Zfp930,-0.07426444948075249,0.07426444948075249,1.3193427762857388e-07
Kras,-0.007127043562911035,0.007127043562911035,0.6131024116863778
Mmgt2,-0.05945388959424752,0.05945388959424752,2.423381057050717e-05
Ccdc122,-0.029926021066495802,0.029926021066495802,0.033700098177682665
Mid1ip1,-0.07576575299003517,0.07576575299003517,7.321231665141348e-08
Hcfc2,-0.06646809006646615,0.06646809006646615,2.347530631717087e-06
Hexim1,-0.053503591807062226,0.053503591807062226,0.0001454869941648763
Abcb8,-0.09059049841479566,0.09059049841479566,1.1917131126611016e-10
Chchd10,-0.07226834791345871,0.07226834791345871,2.837266083168801e-07
Pdhx,-0.06452114705738665,0.06452114705738665,4.597413788076754e-06
Trim16,-0.0549086094523021,0.0549086094523021,9.676993124021544e-05
2510006D16Rik,0.09663936330753609,0.09663936330753609,6.314015960402091e-12
Hist1h4c,-0.03381110512628731,0.03381110512628731,0.01641801723912839
Trrap,-0.07395257798583488,0.07395257798583488,1.488950395727299e-07
Pcca,-0.12109775239593262,0.12109775239593262,6.5055548642195715e-18
D19Ertd386e,-0.05221407624563217,0.05221407624563217,0.0002097543990785252
Smpdl3a,-0.06511055161775614,0.06511055161775614,3.758362159842382e-06
Il18r1,0.029839789743301343,0.029839789743301343,0.03421574462903798
Anxa6,-0.11789506181126573,0.11789506181126573,4.7145401669519565e-17
Rbm26,-0.011604740089328455,0.011604740089328455,0.4103083535808477
1700086O06Rik,-0.04460786703912516,0.04460786703912516,0.0015435021129915378
Dtnbp1,-0.07753952676558357,0.07753952676558357,3.598431393534029e-08
Apobec3,-0.07513342507633555,0.07513342507633555,9.395189885732426e-08
Ogt,0.008245190912757078,0.008245190912757078,0.5585592475693116
Senp5,-0.03412535320331564,0.03412535320331564,0.015443748228766018
Gmpr,-0.08927954399270968,0.08927954399270968,2.1982891877192985e-10
Med22,-0.06399972650677717,0.06399972650677717,5.4867738136133e-06
Lsm7,-0.07907176725266093,0.07907176725266093,1.9238137668423058e-08
Alkbh7,-0.06467110295571232,0.06467110295571232,4.368359186754652e-06
Prkaa1,-0.060674579747978234,0.060674579747978234,1.6424726752179918e-05
Rnf170,-0.07350332213522794,0.07350332213522794,1.7708067753775003e-07
Fam120a,-0.03284867478177071,0.03284867478177071,0.019745485263331336
Zfp828,-0.1106698847337096,0.1106698847337096,3.3825206544579755e-15
Usp11,-0.10723418241449897,0.10723418241449897,2.3480825072727994e-14
Tnip2,-0.05649232587808397,0.05649232587808397,6.0417657242204346e-05
Cul4a,-0.12384077278834968,0.12384077278834968,1.1433488586501195e-18
Zfp282,-0.04846632588411295,0.04846632588411295,0.0005804897585266599
Fam193b,-0.06425919621256988,0.06425919621256988,5.025397945074862e-06
Asb7,-0.005628617547035242,0.005628617547035242,0.6896444560904831
Med14,-0.04431593979533114,0.04431593979533114,0.0016572636533380921
Abr,-0.05551014476801134,0.05551014476801134,8.103231029411343e-05
Gria3,-0.028523102656605355,0.028523102656605355,0.04296552083326489
Mfng,-0.10069651681513522,0.10069651681513522,7.930984756862003e-13
Stat2,-0.05118718772216161,0.05118718772216161,0.0002790954831641024
Atad3a,-0.10707142951782421,0.10707142951782421,2.5699313012063375e-14
Cs,-0.12244093442435591,0.12244093442435591,2.7903243189919345e-18
Nsf,-0.0726562093656301,0.0726562093656301,2.448814038897599e-07
Atp8a1,-0.04161939082079964,0.04161939082079964,0.0031362542894736523
Mettl9,0.06826950203743974,0.06826950203743974,1.239694476639074e-06
St3gal1,-0.037046651777083946,0.037046651777083946,0.008557156970412693
Rbm45,-0.05624061256871795,0.05624061256871795,6.516757534674118e-05
Nhlrc2,-0.0366227289460437,0.0366227289460437,0.009345476043545605
Lrrcc1,-0.07584547112851339,0.07584547112851339,7.09359934629835e-08
Paip1,-0.06071606146047897,0.06071606146047897,1.620698797690467e-05
Exoc6,-0.08933518371677941,0.08933518371677941,2.1422762251700652e-10
Olr1,-0.0034996685475725355,0.0034996685475725355,0.8039082428342544
Sec61a1,-0.0955466713037225,0.0955466713037225,1.088293665942603e-11
Golga5,-0.11802964219109137,0.11802964219109137,4.342700507397887e-17
Tfpi,-0.09972725919413211,0.09972725919413211,1.311842961994399e-12
Fam76b,0.010746550147569686,0.010746550147569686,0.445785945469415
Mapk7,-0.0465828231382073,0.0465828231382073,0.0009439714875645133
Clec7a,0.006768326783075491,0.006768326783075491,0.6310858357433727
Ocel1,-0.06288844109450055,0.06288844109450055,7.962952030075611e-06
Inpp5j,-0.07111112336204199,0.07111112336204199,4.3828924425487925e-07
Oxnad1,-0.0667260145600069,0.0667260145600069,2.1445387757130807e-06
Tagap,-0.08145666507111074,0.08145666507111074,7.091615759864587e-09
Spr,-0.08988831401135057,0.08988831401135057,1.6560407677337652e-10
Prmt6,-0.09638749014131624,0.09638749014131624,7.162101210582716e-12
Cyb5r4,-0.008178585790273687,0.008178585790273687,0.5617412070932383
Rabggta,-0.07055728292341654,0.07055728292341654,5.384306254583808e-07
Bid,-0.12845152655893033,0.12845152655893033,5.630268780944242e-20
Ncoa3,-0.05120159616803677,0.05120159616803677,0.00027798898011080736
Bag4,-0.07039139180575778,0.07039139180575778,5.724928621866307e-07
Fntb,-0.07443517313128788,0.07443517313128788,1.234573758080743e-07
Scaper,-0.020866561477627096,0.020866561477627096,0.13871731734005205
Rnf135,-0.03628255012039625,0.03628255012039625,0.01002424618949124
Stat4,-0.10359608186291448,0.10359608186291448,1.7103310286809075e-13
1110002N22Rik,-0.06993434441426515,0.06993434441426515,6.774251138284451e-07
Fh1,-0.11356592169338778,0.11356592169338778,6.301540467294966e-16
Spty2d1,-0.004706644598097078,0.004706644598097078,0.7384362042763658
Acox3,-0.038244311319678634,0.038244311319678634,0.006641230883992458
Mrm1,-0.03774524437515248,0.03774524437515248,0.007387049608569638
Irf7,-0.05898678088964079,0.05898678088964079,2.8069045778927793e-05
Zfp768,-0.0849733218341256,0.0849733218341256,1.5455278773703149e-09
Fam113b,-0.04749634654945227,0.04749634654945227,0.0007472371239220572
1110034A24Rik,-0.03567207651567772,0.03567207651567772,0.011353102383492606
Nob1,-0.1064642085962797,0.1064642085962797,3.5948753723514916e-14
Exo1,-0.09141658370072023,0.09141658370072023,8.066265911594138e-11
Lrrc42,-0.10127571920376312,0.10127571920376312,5.857756507479802e-13
Pms2,-0.07419944799492931,0.07419944799492931,1.35307513744861e-07
Rapsn,-0.0703789789817108,0.0703789789817108,5.75123436024753e-07
Abca2,-0.03846113657911727,0.03846113657911727,0.006338842842167902
Mier3,-0.028404704513449813,0.028404704513449813,0.043837645459584
C430048L16Rik,-0.05597564044780905,0.05597564044780905,7.05482837205214e-05
Maml1,-0.03384730938055942,0.03384730938055942,0.016303087110051136
Cdkn1a,0.0011304339863258445,0.0011304339863258445,0.9360773068743675
Ddx20,-0.11936555939276583,0.11936555939276583,1.9115011462682257e-17
Gpn3,-0.08737336980840421,0.08737336980840421,5.272462998446798e-10
Gga3,-0.06458482549009702,0.06458482549009702,4.498775123063349e-06
Igsf8,-0.09436647386270798,0.09436647386270798,1.9460959811714446e-11
Hars,-0.1303830893251356,0.1303830893251356,1.5430214089388378e-20
Gadd45g,-0.005733499210152501,0.005733499210152501,0.6841704222281006
Atg9a,-0.06887255786452738,0.06887255786452738,9.975450802741823e-07
Elane,-0.03996320324918916,0.03996320324918916,0.0045623986032930055
Gng11,-0.025383684750174107,0.025383684750174107,0.07167283787969497
Sumf2,-0.0964864963430703,0.0964864963430703,6.816195350515234e-12
Pus1,-0.10954943631096127,0.10954943631096127,6.4055567231155845e-15
Dgcr14,-0.0509574220821927,0.0509574220821927,0.00029730746973435603
Mcm8,-0.06190046186358486,0.06190046186358486,1.1032595773039962e-05
Tbc1d23,-0.0638915201222635,0.0638915201222635,5.690925854029022e-06
2810008D09Rik,-0.013090777912045245,0.013090777912045245,0.35299618808152305
Adrb2,-0.003932456136749949,0.003932456136749949,0.7802465993785711
Mcm3ap,-0.08294930194567365,0.08294930194567365,3.7427573964256165e-09
Gcfc1,0.0056695538134167054,0.0056695538134167054,0.6875059391308197
Prss34,-0.002502740028590741,0.002502740028590741,0.859066510892372
2210015D19Rik,-0.047242419188187716,0.047242419188187716,0.0007977102390943618
Slc25a32,-0.07986032739163988,0.07986032739163988,1.3874622091792605e-08
Klc4,-0.057390110330155945,0.057390110330155945,4.6009555837435337e-05
Insr,-0.01434742120216009,0.01434742120216009,0.3086963811991944
Cry1,-0.14603104090266142,0.14603104090266142,2.0876779389088463e-25
Tmsb15b1,-0.049114471501878934,0.049114471501878934,0.0004891355043300678
Hist1h2be,-0.052303285389744894,0.052303285389744894,0.0002045649390638234
Mlycd,-0.013238177702608659,0.013238177702608659,0.3476012159327325
Cat,-0.0785266706628592,0.0785266706628592,2.4070922718461316e-08
Gna13,-0.02904611776538332,0.02904611776538332,0.03928639297684134
Fut11,-0.10255542030858113,0.10255542030858113,2.980876249702832e-13
Ccdc45,-0.03370365645803082,0.03370365645803082,0.016763312209678412
Rgp1,-0.016289790393999214,0.016289790393999214,0.2477666118854482
Zfp87,-0.05002838398552036,0.05002838398552036,0.00038290246698956254
2210018M11Rik,-0.029625212397316917,0.029625212397316917,0.0355282138955599
Rap1gap2,-0.005523258266009591,0.005523258266009591,0.6951598147365584
Acp1,-0.011655627208260662,0.011655627208260662,0.4082587255673698
Anks1,-0.11462505966602263,0.11462505966602263,3.371738534586129e-16
A430005L14Rik,-0.02218502397261343,0.02218502397261343,0.11545086937531257
Slc41a3,-0.0432600473112232,0.0432600473112232,0.0021361835096415267
Hps1,-0.11022179136829238,0.11022179136829238,4.370009509753596e-15
1110034B05Rik,-0.048342035256344965,0.048342035256344965,0.0005997296541409924
Nol11,-0.07041258653301873,0.07041258653301873,5.680279751014279e-07
Tug1,-0.045070825081147375,0.045070825081147375,0.0013777467287141784
Neurl4,-0.04786961097714089,0.04786961097714089,0.000678404386864084
Brca1,-0.03345812848441755,0.03345812848441755,0.017576351589543484
Macf1,0.01687567583281173,0.01687567583281173,0.23116369918698196
Tmem115,-0.08741033890718207,0.08741033890718207,5.184664746811718e-10
Sema4d,-0.00609839850127481,0.00609839850127481,0.6652559085250672
Nbr1,-0.05771648649204769,0.05771648649204769,4.163081973004224e-05
Psmd12,-0.07647967526707314,0.07647967526707314,5.511206258119019e-08
Xrn2,-0.039901254649085005,0.039901254649085005,0.00462566042653873
Vgll4,0.05408032966847896,0.05408032966847896,0.00012320687967950814
Gpatch1,-0.05960398668031904,0.05960398668031904,2.3111111067338435e-05
Prmt5,-0.1404106243570343,0.1404106243570343,1.3586206311821762e-23
Arhgef7,-0.04448453691786507,0.04448453691786507,0.0015906560363097104
Il1rap,-0.017813948257277726,0.017813948257277726,0.20624819386406756
Abcc4,-0.07776215344900657,0.07776215344900657,3.287881038143118e-08
Nmd3,-0.11170767568891993,0.11170767568891993,1.8615654668873947e-15
Rab43,-0.0388621948832355,0.0388621948832355,0.0058119846665935365
Ppat,-0.1156927720009753,0.1156927720009753,1.7844914741227975e-16
Tcof1,-0.05924973347862227,0.05924973347862227,2.5844356052190097e-05
Metap1,-0.1277449897208178,0.1277449897208178,8.995778657754749e-20
Ranbp2,-0.026797069940165875,0.026797069940165875,0.05723425671261277
Prdm2,0.02104308437734744,0.02104308437734744,0.13540774989783835
Chac2,-0.009400690914504782,0.009400690914504782,0.5047931534590122
Mta1,-0.0342020094151831,0.0342020094151831,0.015213950756506962
Adam17,-0.09653241667676132,0.09653241667676132,6.661368258657272e-12
Ctdp1,-0.10208004591422701,0.10208004591422701,3.834894899464188e-13
Mblac1,-0.08454548560980692,0.08454548560980692,1.8664455149489393e-09
Mpv17,-0.0667503487695989,0.0667503487695989,2.126282138880169e-06
Acsl5,-0.10221078315080967,0.10221078315080967,3.5786044343690866e-13
Kdm4c,-0.04627493074860311,0.04627493074860311,0.0010204221093836913
Smpd1,-0.09791432980145984,0.09791432980145984,3.3196532819483177e-12
Wdr4,-0.0860381356933907,0.0860381356933907,9.625226320060855e-10
Gm16845,-0.054971685423718074,0.054971685423718074,9.499339225753122e-05
Ccs,-0.05711603396127178,0.05711603396127178,5.0020463865068676e-05
Ankib1,-0.024144645071242813,0.024144645071242813,0.0866676929657459
Enpp4,-0.016113744026664375,0.016113744026664375,0.25291461288590567
Tagap1,-0.09398422158220093,0.09398422158220093,2.3456420969598102e-11
Gse1,-0.02589834426178453,0.02589834426178453,0.06610333844256429
Ikzf5,-0.008259889107885209,0.008259889107885209,0.5578582445447803
Hist1h2bm,-0.044557398716150956,0.044557398716150956,0.0015626403573959777
Ip6k2,-0.022901932108392,0.022901932108392,0.10415398421010935
Gm5523,-0.04444401195395546,0.04444401195395546,0.0016064373910866705
Pim1,0.04095055102108276,0.04095055102108276,0.0036544480902725076
Slc9a6,-0.05415863077417916,0.05415863077417916,0.00012044267606525897
Kidins220,-0.022256577714431063,0.022256577714431063,0.11428178344692909
Nudcd1,-0.06518681370406285,0.06518681370406285,3.661180018677289e-06
Ints2,-0.032305984799308095,0.032305984799308095,0.021870101147194947
Mfsd7b,-0.025548205136766384,0.025548205136766384,0.06985209475483396
G6pc3,-0.11886090286190827,0.11886090286190827,2.609007095772304e-17
Tmem209,-0.050696182031711966,0.050696182031711966,0.00031936387192653425
Zcchc11,0.00815820911166447,0.00815820911166447,0.5627164193046025
Nod1,-0.1514501723225298,0.1514501723225298,3.1770383460157026e-27
Slc4a1,0.15395197470394908,0.15395197470394908,4.363932128596539e-28
Btaf1,-0.011353823737600986,0.011353823737600986,0.4205037772027634
Rrn3,-0.11925422376169197,0.11925422376169197,2.0475257064930585e-17
AI413582,-0.016290004842184496,0.016290004842184496,0.24776038596894664
Nt5c3l,-0.0648541113660059,0.0648541113660059,4.103609033268215e-06
Gpatch8,0.021569109719268523,0.021569109719268523,0.12590657195642257
Inpp5e,-0.06792024507406301,0.06792024507406301,1.404815946744878e-06
Junb,-0.025825076422292197,0.025825076422292197,0.06687375711849929
Acadsb,-0.0919321767952056,0.0919321767952056,6.311342712696087e-11
Dnase2a,-0.07749965021792773,0.07749965021792773,3.656982007265959e-08
Mob2,-0.056999152369649815,0.056999152369649815,5.182982919521438e-05
Zzz3,-0.09247992933003246,0.09247992933003246,4.8560723586375943e-11
Lrig2,-0.044435812821864776,0.044435812821864776,0.0016096477941432523
Znfx1,-0.012715184450421302,0.012715184450421302,0.36698104863716613
Npm1,-0.0040003561572630715,0.0040003561572630715,0.7765521140107469
A930005H10Rik,-0.027767259616261388,0.027767259616261388,0.04879389629374251
Bccip,-0.09267112928368007,0.09267112928368007,4.429898320655713e-11
Fgd2,-0.00019791634231449058,0.00019791634231449058,0.9887967897029695
Sh3bp5l,-0.09228056572007343,0.09228056572007343,5.3431110001914145e-11
Wwp2,-0.0580944584346434,0.0580944584346434,3.705397792439038e-05
Dhx16,-0.10549934412390044,0.10549934412390044,6.103920671954434e-14
Tpp1,-0.1204205690684284,0.1204205690684284,9.933110191980296e-18
Marcks,0.06816122304256977,0.06816122304256977,1.2887792370158976e-06
Crebbp,0.05248978258342813,0.05248978258342813,0.00019410307413824984
Zbed4,-0.04872012280182149,0.04872012280182149,0.0005429738036995694
D230037D09Rik,-0.02781553877137214,0.02781553877137214,0.04840273027065598
Atg2b,-0.02373574510434474,0.02373574510434474,0.09213895643194069
Ugcg,-0.010547831115111296,0.010547831115111296,0.4542433346967794
Taf6l,-0.10535203441289748,0.10535203441289748,6.615004189550384e-14
Pld4,-0.004475850175049988,0.004475850175049988,0.7508259536501907
Nudt14,-0.06202791568318413,0.06202791568318413,1.0580999629869325e-05
Ankrd11,0.013173075233868589,0.013173075233868589,0.3499775316030047
Pcgf1,-0.04192647118030361,0.04192647118030361,0.002921561351443438
D430020J02Rik,-0.04592085345801169,0.04592085345801169,0.0011154040625336189
4930572J05Rik,-0.05262532506312156,0.05262532506312156,0.0001868172933584602
Tgfbr1,0.009775311560146369,0.009775311560146369,0.48796621722350547
Map2k5,-0.11643100914575413,0.11643100914575413,1.1453833301559045e-16
9130401M01Rik,-0.08255680961466368,0.08255680961466368,4.432460453658418e-09
Insig1,-0.04329301939481103,0.04329301939481103,0.0021194856992836405
Mtfmt,-0.0581602519067956,0.0581602519067956,3.6307768430223576e-05
Tstd2,-0.06658137004113181,0.06658137004113181,2.2562032909300133e-06
Timm44,-0.07422940241668773,0.07422940241668773,1.3374280193171231e-07
Josd1,-0.06766888327538043,0.06766888327538043,1.5365305603492456e-06
Suclg2,-0.09224593045275178,0.09224593045275178,5.43246103840992e-11
Pisd-ps3,-0.0008856174087033067,0.0008856174087033067,0.9499002396814555
Gstz1,-0.12460090462745292,0.12460090462745292,7.013202933341112e-19
Zfp574,-0.044535387476832715,0.044535387476832715,0.0015710555184907393
Clcn4-2,-0.04369524130990854,0.04369524130990854,0.0019252030439632758
Gaa,-0.08803111309431619,0.08803111309431619,3.906739265787183e-10
Snx4,-0.09513722521019896,0.09513722521019896,1.3324940809252608e-11
Hnrnpul1,-0.007137970360419486,0.007137970360419486,0.6125581863098333
Ptplb,-0.10007325812207704,0.10007325812207704,1.0967368508183044e-12
Mrpl34,-0.024862052190039285,0.024862052190039285,0.07770424470909784
Cd69,-0.027207408987737675,0.027207408987737675,0.053526861579237875
Arfgap2,-0.11021553637521446,0.11021553637521446,4.3856305781230405e-15
Dtwd1,-0.09049230852017223,0.09049230852017223,1.2480129208667586e-10
Bcap31,-0.1128111551512101,0.1128111551512101,9.80517687844175e-16
Ube4a,-0.014256327003959374,0.014256327003959374,0.31177844246843955
Hif1a,-0.0490507337594763,0.0490507337594763,0.0004974859695733828
Bcl2l1,-0.052364234948117754,0.052364234948117754,0.00020108898258001863
Smtn,-0.0655930258637673,0.0655930258637673,3.182799012672034e-06
Trmu,-0.04361447405439012,0.04361447405439012,0.001962851590318694
Zscan29,-0.032522234016184655,0.032522234016184655,0.021000764024620512
Lcmt2,-0.09339686295389191,0.09339686295389191,3.1206649222361296e-11
Sh2d5,-0.08739149388807824,0.08739149388807824,5.229240221249284e-10
Ubqln1,-0.11824188178499673,0.11824188178499673,3.814247251671651e-17
Trim27,-0.06996150323374155,0.06996150323374155,6.707035020304514e-07
Glcci1,-0.024112625400643694,0.024112625400643694,0.08708644364096094
Zeb1,0.018554824610693126,0.018554824610693126,0.18799772386316332
Cdkn2aip,-0.07167359057878868,0.07167359057878868,3.5507907844112043e-07
Atp13a1,-0.07758495276113404,0.07758495276113404,3.5328397639152455e-08
Wac,-0.05550997846781343,0.05550997846781343,8.103630612022959e-05
Cnpy4,-0.06183818660359733,0.06183818660359733,1.1259884412602496e-05
Aptx,-0.07756496091859462,0.07756496091859462,3.561562347625821e-08
Orai2,-0.05832796904850195,0.05832796904850195,3.4469564156751756e-05
Appbp2,-0.08099541053524167,0.08099541053524167,8.620543213930234e-09
Abcb7,-0.03298834092105501,0.03298834092105501,0.019228750118093028
Aacs,-0.1060186976795956,0.1060186976795956,4.5930972980945255e-14
Cdk5r1,-0.030108180031903263,0.030108180031903263,0.03263263069316098
Bap1,-0.11564604908950397,0.11564604908950397,1.8351036536716166e-16
Cgrrf1,-0.04759250179244029,0.04759250179244029,0.000728910730383562
Wapal,-0.045193786021935974,0.045193786021935974,0.0013365684736669813
Amdhd2,-0.12255924366617371,0.12255924366617371,2.588678111821297e-18
Spag5,-0.035051589196064485,0.035051589196064485,0.01286172633213613
Acad11,-0.09535399942393755,0.09535399942393755,1.1971925783837549e-11
Entpd4,-0.09768448910953403,0.09768448910953403,3.7298576595361096e-12
Mif4gd,-0.08511700760800102,0.08511700760800102,1.4503365596389888e-09
1810013D10Rik,-0.057780057193857044,0.057780057193857044,4.0825267001444584e-05
Polr2b,-0.05085182436934141,0.05085182436934141,0.00030604550319358577
Pip4k2a,-0.031187870028000976,0.031187870028000976,0.0268818429641126
Gdi1,-0.06045808238838157,0.06045808238838157,1.760710996015021e-05
Slc7a7,-0.026733416080308024,0.026733416080308024,0.05782806273648426
Dap3,-0.08098521945930022,0.08098521945930022,8.657704752438436e-09
Tfeb,-0.05714930307702351,0.05714930307702351,4.951649277088397e-05
Lage3,-0.054044743795878224,0.054044743795878224,0.000124482803098221
Orc4,-0.08374954091292582,0.08374954091292582,2.64478951705025e-09
Fkbp4,-0.12932289031358374,0.12932289031358374,3.147606362586329e-20
Anxa11,-0.02325028945468683,0.02325028945468683,0.09899099257088691
Klhl18,-0.06453327784039102,0.06453327784039102,4.578464760009576e-06
Anapc4,-0.07502318450278622,0.07502318450278622,9.810745376811989e-08
Chchd5,-0.08944216823921235,0.08944216823921235,2.038463596565751e-10
Sept5,-0.045989893817507586,0.045989893817507586,0.0010962656966877213
Klhl20,-0.037108135974648085,0.037108135974648085,0.00844789802283521
Zgpat,-0.09031270940302655,0.09031270940302655,1.3577911670652766e-10
Ccdc91,-0.0460290969360582,0.0460290969360582,0.0010855339739910804
Polr1c,-0.05400989150945113,0.05400989150945113,0.0001257444854911282
Gps1,-0.09165867627283773,0.09165867627283773,7.189773394887669e-11
Trim30b,0.02700407564578578,0.02700407564578578,0.05533811804676879
Slc25a20,-0.0939980416975154,0.0939980416975154,2.3298894707237583e-11
Slc35b4,-0.08821984807176941,0.08821984807176941,3.583272666543998e-10
1600002K03Rik,-0.07020085467567982,0.07020085467567982,6.141795681181133e-07
Idh1,-0.06661639179198561,0.06661639179198561,2.2286655245514924e-06
1110005A03Rik,-0.04858507152801475,0.04858507152801475,0.0005626462598929017
Suv420h1,-0.05889019349500616,0.05889019349500616,2.893101669221315e-05
Glb1,-0.136167072049057,0.136167072049057,2.8454129419811955e-22
Atg13,-0.051229958590576774,0.051229958590576774,0.00027582287213414675
Slc2a3,-0.04133887591136234,0.04133887591136234,0.003344838937265553
Gtf2e2,-0.1181800994246154,0.1181800994246154,3.9611650347045935e-17
Cyp51,-0.021958158210537402,0.021958158210537402,0.11921976488554537
Samd10,-0.06168558332146444,0.06168558332146444,1.183589181662176e-05
Mtap4,-0.006080645759572163,0.006080645759572163,0.6661713287659
Wbp1,-0.06593618638636486,0.06593618638636486,2.8259342926911202e-06
Hist1h2bb,-0.07943101326808906,0.07943101326808906,1.658309490391534e-08
Arnt,-0.07261385487601614,0.07261385487601614,2.488595291012583e-07
Snx20,-0.009832850913591772,0.009832850913591772,0.4854087740706861
Fam174a,-0.04388788737596214,0.04388788737596214,0.0018380646168589597
Csf2rb,-0.009540173898707226,0.009540173898707226,0.49849244991210917
Ube2k,-0.03127698220221096,0.03127698220221096,0.026448911162509962
Zfyve19,-0.12218688609175228,0.12218688609175228,3.2771806845378484e-18
Ccdc130,-0.07858291878080806,0.07858291878080806,2.352226635483086e-08
Srek1,-0.013823827780863222,0.013823827780863222,0.32668731780438537
Surf2,-0.07028151240527207,0.07028151240527207,5.961876646096018e-07
Kif2a,-0.05962149080125248,0.05962149080125248,2.2983452811958993e-05
Reep3,0.04414486595384616,0.04414486595384616,0.001727463792371711
Parp4,0.008090963658538553,0.008090963658538553,0.5659405187884133
Wrnip1,-0.07936621809032184,0.07936621809032184,1.7034105006473273e-08
Lass2,-0.13009239764907607,0.13009239764907607,1.8772270854459663e-20
Hspa14,-0.10863722040530309,0.10863722040530309,1.0721705479359328e-14
Reep5,0.10494672132297814,0.10494672132297814,8.248300873412392e-14
Ubqln4,-0.09625141567730802,0.09625141567730802,7.665715065429199e-12
AA960436,-0.08868743333402647,0.08868743333402647,2.8903678943986156e-10
Hsd17b4,-0.1470534012562865,0.1470534012562865,9.593101808424057e-26
Psmb5,0.05794175846316183,0.05794175846316183,3.884234263981163e-05
Mtap1s,-0.10965063219221388,0.10965063219221388,6.0481929896778935e-15
Camta1,-0.08545363888606523,0.08545363888606523,1.2491407855908065e-09
Ccdc85b,-0.061394442868983636,0.061394442868983636,1.301370155229138e-05
Zfp560,-0.07435711911946738,0.07435711911946738,1.2726548161783662e-07
Psmc4,-0.05135357035597827,0.05135357035597827,0.00026656568186854315
Efcab2,-0.045924305347947475,0.045924305347947475,0.0011144398919906632
Cenpt,-0.08278503605314014,0.08278503605314014,4.017668684823388e-09
Hddc2,-0.07439090896158154,0.07439090896158154,1.2560319661617437e-07
Plaa,-0.10315559833836609,0.10315559833836609,2.1651800325632886e-13
Tbc1d10c,-0.04262651120133791,0.04262651120133791,0.002481360576533855
Tlr4,-0.05110303236117681,0.05110303236117681,0.00028564109615047506
Hspb6,-0.0615988295212236,0.0615988295212236,1.2175771873913294e-05
Metrn,-0.10390326847315497,0.10390326847315497,1.4501175715559675e-13
Klf2,0.18533411169403513,0.18533411169403513,3.744096733705825e-40
Nktr,0.041020683472487454,0.041020683472487454,0.003596673191053383
Cep250,-0.03551385009228293,0.03551385009228293,0.01172208936753634
2900097C17Rik,-0.08266500747589703,0.08266500747589703,4.23086927018459e-09
6330407A03Rik,0.04215731592365399,0.04215731592365399,0.002769092429768664
Patl1,-0.05031004912937875,0.05031004912937875,0.00035478395453331416
Zyg11b,-0.02233744241664483,0.02233744241664483,0.11297180447949876
Mybl2,-0.12099203869733002,0.12099203869733002,6.950968114350511e-18
Klf13,-0.0019281450962858983,0.0019281450962858983,0.8911916085248979
3230401D17Rik,-0.10712599356469454,0.10712599356469454,2.493350204960104e-14
Csrnp1,-0.07176668823507007,0.07176668823507007,3.4286672185739196e-07
Dusp23,-0.06597603174684548,0.06597603174684548,2.7870763638794454e-06
Tmem55a,-0.13269245624104334,0.13269245624104334,3.1996881657953863e-21
Sart1,-0.08323384054388855,0.08323384054388855,3.3092669285408586e-09
Ccdc21,-0.05355657441344525,0.05355657441344525,0.00014329185691476927
Pot1b,-0.025164748042515228,0.025164748042515228,0.07415590514624502
Scnn1a,-0.10392456566144075,0.10392456566144075,1.433593732884666e-13
Ranbp10,0.027276752095219327,0.027276752095219327,0.05292059553016407
Jkamp,-0.06571481936080091,0.06571481936080091,3.0514590025823598e-06
Cd200r1,-0.020902631752108453,0.020902631752108453,0.13803603316548754
Arl8a,-0.06663156209280384,0.06663156209280384,2.21683746306914e-06
1600002H07Rik,-0.0804644065562915,0.0804644065562915,1.077886768819808e-08
Gmppb,-0.0978875318196168,0.0978875318196168,3.365102718403859e-12
Zfp639,-0.03962286505519219,0.03962286505519219,0.0049198667414142505
Armc5,-0.07377039403838256,0.07377039403838256,1.5975885950499738e-07
Slc22a4,-0.09176543349407497,0.09176543349407497,6.833516920224191e-11
Cct8,-0.09513571391547679,0.09513571391547679,1.3334880251123478e-11
Cbx1,0.060831495837170874,0.060831495837170874,1.5615452367888684e-05
Pdcd11,-0.039607434603064,0.039607434603064,0.004936658292060272
Ifngr2,-0.03472270403970742,0.03472270403970742,0.013731164992458305
Cep57,-0.03885087626014769,0.03885087626014769,0.005826295114484422
Ahsa2,-0.0833098273748854,0.0833098273748854,3.2020296817492994e-09
Wdr75,-0.07262630887115237,0.07262630887115237,2.4768336128285466e-07
Ppp2r5d,-0.09296219664543535,0.09296219664543535,3.85045454808101e-11
Aldh16a1,-0.09088009269724441,0.09088009269724441,1.0397339666461597e-10
AI597468,-0.10277060679971624,0.10277060679971624,2.6585996925464023e-13
H2-Eb1,0.02641918696834935,0.02641918696834935,0.06083489144896598
Pddc1,-0.0920285703042117,0.0920285703042117,6.027491403698398e-11
Acp5,-0.035927054846635324,0.035927054846635324,0.010780150908522603
Ftsj3,-0.105414049482814,0.105414049482814,6.394914094949963e-14
Tsen54,-0.0897002977105075,0.0897002977105075,1.807798745659881e-10
Dnmt3a,-0.068721324486956,0.068721324486956,1.0535975153502074e-06
Lipe,-0.06325846235517651,0.06325846235517651,7.038922308109077e-06
Usp7,-0.001395377419963655,0.001395377419963655,0.9211397641394613
Arhgef18,-0.0009419662191698041,0.0009419662191698041,0.9467171626092776
Plcl2,-0.033993260227669284,0.033993260227669284,0.015846903648212323
Ets2,-0.047101383743772374,0.047101383743772374,0.0008270923521264791
Rpl30,-0.10854221613940812,0.10854221613940812,1.130981274889011e-14
Cyb5r3,-0.08332260807693385,0.08332260807693385,3.1843282279376e-09
Zfp787,-0.09896321853400712,0.09896321853400712,1.9440040700447266e-12
Ndufaf2,-0.07596729594107504,0.07596729594107504,6.758917206290629e-08
Cbfa2t2,-0.10175686529658168,0.10175686529658168,4.548295384186632e-13
Zdhhc20,-0.04614845667122081,0.04614845667122081,0.0010534548467911516
Wdr83,-0.05703084459480617,0.05703084459480617,5.133318930697339e-05
Nf2,-0.09491930986543301,0.09491930986543301,1.4835663283942946e-11
Ifi27l2a,-0.09622945148093025,0.09622945148093025,7.750192700555413e-12
Atp6v0a1,-0.038861384721758443,0.038861384721758443,0.005813007922518014
Ints12,-0.06243405510595671,0.06243405510595671,9.256722624330703e-06
Zfp579,0.008113475453285768,0.008113475453285768,0.5648601986254103
Mtm1,-0.05170864894439202,0.05170864894439202,0.00024156758342164738
Rapgef6,0.049019416641937506,0.049019416641937506,0.0005016374254922526
Nudt18,-0.08187844563470162,0.08187844563470162,5.926620328909484e-09
Ttk,-0.10519930186971305,0.10519930186971305,7.189288680610729e-14
Zfp51,-0.049472790863417375,0.049472790863417375,0.00044457268849024535
4632411B12Rik,-0.02694758052738945,0.02694758052738945,0.055850337026376394
Eif4a3,-0.09630339110405442,0.09630339110405442,7.469386209397624e-12
Ctsa,-0.10949359171402463,0.10949359171402463,6.611580747263855e-15
Efr3a,-0.08721856259373975,0.08721856259373975,5.656134837279843e-10
Nme7,-0.09433931196785293,0.09433931196785293,1.9721387232569885e-11
Muc13,-0.07613822370060941,0.07613822370060941,6.315001206778536e-08
Tsfm,-0.11182501908572706,0.11182501908572706,1.7394041867571335e-15
Rc3h1,0.0014846985151057057,0.0014846985151057057,0.9161098275968648
Aebp2,-0.025960606325202428,0.025960606325202428,0.06545440654672888
Arf4,-0.12320140590323272,0.12320140590323272,1.720701988799683e-18
Cct6a,0.05562352816608581,0.05562352816608581,7.83508695618979e-05
Kctd10,-0.08891012086391084,0.08891012086391084,2.6081822452316397e-10
Tmed7,-0.1396625555032708,0.1396625555032708,2.338720205339689e-23
Tfpt,-0.04644233262860642,0.04644233262860642,0.0009781728058615635
Ankfy1,-0.05733144090535943,0.05733144090535943,4.684160371010065e-05
Sbno2,-0.024066538495870548,0.024066538495870548,0.08769202877173322
1200011M11Rik,-0.05367189947076904,0.05367189947076904,0.0001386211316597992
Prmt10,-0.07713106184140196,0.07713106184140196,4.243763971460684e-08
Sirt3,-0.10977546274761235,0.10977546274761235,5.634301757527028e-15
Zfp943,-0.07443874816876486,0.07443874816876486,1.2328562261712882e-07
Fchsd2,-0.050469340961377424,0.050469340961377424,0.0003397487960161696
Zadh2,-0.08613687159427914,0.08613687159427914,9.209052265611362e-10
Fry,-0.01089680020133751,0.01089680020133751,0.4394513550778844
Nme2,-0.003326126925293548,0.003326126925293548,0.8134482487335047
Tpm4,0.033905964909098,0.033905964909098,0.01611838526816401
4933411K20Rik,0.0027751719224065547,0.0027751719224065547,0.8439128715819108
Mesdc2,-0.12469160845822418,0.12469160845822418,6.614553326491991e-19
Gemin6,-0.07313523084371071,0.07313523084371071,2.0395552947421117e-07
Parp6,-0.047052658212357205,0.047052658212357205,0.0008374745176827904
Adck1,-0.07367616484092447,0.07367616484092447,1.6567459019525907e-07
Trim37,-0.01783190713472641,0.01783190713472641,0.20579110523084038
Rnf219,-0.037417073275982156,0.037417073275982156,0.007917565268762783
1300018I17Rik,-0.05265060020118744,0.05265060020118744,0.0001854874361984014
Ncbp1,-0.10529089134834382,0.10529089134834382,6.839282144076956e-14
Bcl7c,-0.14655321094754808,0.14655321094754808,1.4043753438883692e-25
Creb1,-0.05851466615851634,0.05851466615851634,3.252735088013099e-05
Mfsd11,-0.10490859012349124,0.10490859012349124,8.420960512027633e-14
Vps37a,-0.06152274468710181,0.06152274468710181,1.2481499684083733e-05
D15Ertd621e,-0.06394085634672324,0.06394085634672324,5.5969579776773175e-06
Flt3l,-0.06261544457620573,0.06261544457620573,8.717844717038989e-06
Plxnc1,-0.02507746699635551,0.02507746699635551,0.07516520024285245
Faf2,-0.05137874677773529,0.05137874677773529,0.000264716285718554
Bag6,-0.136087518492117,0.136087518492117,3.0096543089622885e-22
5031425E22Rik,-0.042200180268492996,0.042200180268492996,0.002741594259404133
Ankzf1,-0.08336745648416799,0.08336745648416799,3.1229629108483644e-09
Tmem71,0.001553807377213875,0.001553807377213875,0.9122203940990563
Dusp12,-0.038543351275434644,0.038543351275434644,0.006227463228993593
Leng8,0.010193244748496876,0.010193244748496876,0.46955665680656816
Zfp830,-0.024345160979360025,0.024345160979360025,0.08408218833527466
Pds5a,0.009128893724111659,0.009128893724111659,0.5171902533287591
Cwc27,-0.06084077368153996,0.06084077368153996,1.5568812774948487e-05
Cryl1,-0.025446901989965943,0.025446901989965943,0.07096866769858594
Smu1,-0.08594149081387892,0.08594149081387892,1.00503180573244e-09
Pkn2,0.0346220161167204,0.0346220161167204,0.01400752240554751
Zc3h4,-0.036260446509000725,0.036260446509000725,0.010069832269300418
Fbxo7,-0.08246053259250063,0.08246053259250063,4.619675427578874e-09
Tbk1,-0.10973550226756763,0.10973550226756763,5.76366710127984e-15
Pak2,0.03713539996407799,0.03713539996407799,0.00839984965687929
Nmb,0.008432643965885393,0.008432643965885393,0.5496512463178305
Ift57,-0.09667406422390436,0.09667406422390436,6.2051718809223856e-12
Arfgap3,-0.08809658899386275,0.08809658899386275,3.7914189397489896e-10
Fndc3a,-0.010197877301524225,0.010197877301524225,0.46935477109570395
Zfp593,-0.04687792988886989,0.04687792988886989,0.0008757065170125784
Pde12,-0.11277361992799798,0.11277361992799798,1.0022380355543598e-15
Pus10,-0.09474431036456202,0.09474431036456202,1.6169156552466818e-11
Tubd1,-0.06949307428636385,0.06949307428636385,7.961667274713004e-07
Tnk2,-0.009999389638541398,0.009999389638541398,0.47804770864487167
Tmem173,-0.07235645801810564,0.07235645801810564,2.744115195816823e-07
Traf6,-0.046395813019159265,0.046395813019159265,0.0009897480868439434
Rb1cc1,0.016293810498307026,0.016293810498307026,0.24764991736148712
1110037F02Rik,-0.017717204947328574,0.017717204947328574,0.20872318461404674
Tmem199,-0.0576078358157613,0.0576078358157613,4.3042629025655584e-05
Klhl25,-0.04352162800138312,0.04352162800138312,0.0020069646325378376
Zfp35,-0.061167818322249295,0.061167818322249295,1.4007042305080457e-05
Dgcr6,-0.022497870801017825,0.022497870801017825,0.1104079604044381
Apoo,-0.05769717476469691,0.05769717476469691,4.187850394096891e-05
Mns1,0.038373756739773134,0.038373756739773134,0.0064591816392741185
Akr1b10,-0.10578577804730827,0.10578577804730827,5.2187754731246055e-14
Adat2,-0.0855514637473994,0.0855514637473994,1.1959622518693266e-09
Myo1c,-0.067952430091858,0.067952430091858,1.3887562164919078e-06
Zfp800,0.017301454546363865,0.017301454546363865,0.21960429707055898
Usp38,-0.07766040947251007,0.07766040947251007,3.4264400045775245e-08
Mipep,-0.0981540452728629,0.0981540452728629,2.938968270502543e-12
Mrpl49,-0.05430461347262924,0.05430461347262924,0.00011544455499201723
Mfsd6,0.02384198715973499,0.02384198715973499,0.09069139520444783
D030016E14Rik,-0.07680187466679808,0.07680187466679808,4.844204155174088e-08
1700052N19Rik,-0.12122645772150374,0.12122645772150374,6.0011451372836614e-18
Stk10,-0.048806595627458746,0.048806595627458746,0.0005307160539311897
Ociad1,-0.07941351459268751,0.07941351459268751,1.670373946456181e-08
Itgam,0.005464134312730927,0.005464134312730927,0.6982619433674956
Pan3,-0.057816993216142414,0.057816993216142414,4.0364037398610435e-05
Med27,-0.07370385637738366,0.07370385637738366,1.6391448602443778e-07
Cyth2,-0.03294928992466546,0.03294928992466546,0.01937202692912542
Kpna6,-0.0869136532447832,0.0869136532447832,6.493094517022892e-10
Plk1s1,-0.06149746051512895,0.06149746051512895,1.2584708997351422e-05
Utp14a,-0.07903525939739489,0.07903525939739489,1.9529980870678633e-08
Zfp687,-0.046476417316471716,0.046476417316471716,0.0009697713427633341
Aifm1,-0.12161899063552392,0.12161899063552392,4.6892673206865435e-18
D6Wsu116e,-0.04448028030592623,0.04448028030592623,0.001592306927350934
Ubn1,0.030081523114626984,0.030081523114626984,0.03278701103342711
Chchd6,-0.06583908697474526,0.06583908697474526,2.9228158088152886e-06
Fam162a,-0.03553913450521922,0.03553913450521922,0.011662420881310453
Pacs2,-0.02882130825275583,0.02882130825275583,0.040833675597704545
Slc37a1,-0.06649329983451652,0.06649329983451652,2.326904353368246e-06
Cpsf1,-0.06721887346904719,0.06721887346904719,1.8025389258661134e-06
Tnfrsf1b,-0.08852576512768436,0.08852576512768436,3.113688144147165e-10
Arfgef2,-0.03965957142742515,0.03965957142742515,0.004880129914668194
Stard3,-0.06583918656253131,0.06583918656253131,2.9227148315395012e-06
Nlrx1,-0.08728924166574735,0.08728924166574735,5.477700498909924e-10
Timm9,-0.09626610246265141,0.09626610246265141,7.609731390302227e-12
Dync1li2,-0.014944808875383138,0.014944808875383138,0.28898493992482205
Tst,-0.03233549947604721,0.03233549947604721,0.02174963500466229
Ero1lb,-0.08154969582682683,0.08154969582682683,6.816915372851752e-09
2210021J22Rik,-0.0535832191755556,0.0535832191755556,0.00014219975045554948
Kdm5a,0.006811308590486831,0.006811308590486831,0.6289192098301354
Retsat,-0.09915009871238706,0.09915009871238706,1.7661841920750197e-12
Npat,-0.02049144101513842,0.02049144101513842,0.14595676726028617
Hspa2,-0.09217783261454619,0.09217783261454619,5.612416813267298e-11
Mrpl19,-0.11418540541452447,0.11418540541452447,4.374204430582328e-16
Gm12942,-0.09117342642053634,0.09117342642053634,9.051488753587026e-11
Phka2,-0.10681360993050501,0.10681360993050501,2.964223890431228e-14
Rnf19b,-0.07707737672852988,0.07707737672852988,4.336504999136394e-08
Ube4b,-0.09846857602667321,0.09846857602667321,2.5037732014799584e-12
Cul5,-0.02598261743554891,0.02598261743554891,0.06522625386121164
2310047B19Rik,-0.08254844565169683,0.08254844565169683,4.448427310443661e-09
Dram1,-0.09517640738364266,0.09517640738364266,1.3069765687941681e-11
Nde1,-0.09085321681172193,0.09085321681172193,1.0530006682713879e-10
Zfp637,-0.05314736129631147,0.05314736129631147,0.00016108858136049703
Ccdc99,-0.05492573248416438,0.05492573248416438,9.628458340335087e-05
Prdx2,0.1304610349807963,0.1304610349807963,1.4638905838447062e-20
Myst1,-0.0951386143392645,0.0951386143392645,1.331581122161352e-11
Larp1,-0.04632521508625654,0.04632521508625654,0.0010075570820448692
Tomm70a,-0.10059488886894129,0.10059488886894129,8.362584292676002e-13
Scamp4,-0.11494302498125364,0.11494302498125364,2.791434535787355e-16
Lig3,-0.06377354861431227,0.06377354861431227,5.921779203705439e-06
Pfkl,-0.09327296466854738,0.09327296466854738,3.313628654482525e-11
Mbp,-0.025919353167122575,0.025919353167122575,0.06588378137335127
2410002O22Rik,-0.1282899871969722,0.1282899871969722,6.268428370225558e-20
Nipa2,-0.09306274779740045,0.09306274779740045,3.668062224062218e-11
Pik3r1,-0.015693758094276932,0.015693758094276932,0.26549538324633404
Nudt2,-0.05994399134849823,0.05994399134849823,2.0748118783596293e-05
Zbtb22,-0.0774970045952402,0.0774970045952402,3.660899070943852e-08
Wdr82,-0.08813869101561678,0.08813869101561678,3.7190282750333293e-10
Ndfip1,-0.03690442590580977,0.03690442590580977,0.008814749931320653
Asb3,-0.05741962292612261,0.05741962292612261,4.559632489318689e-05
Pml,-0.07026878049655727,0.07026878049655727,5.989935517823024e-07
Wdr67,-0.08780300102710692,0.08780300102710692,4.335867796747823e-10
Nol10,-0.06842713692689897,0.06842713692689897,1.1714371718623416e-06
Ppp3ca,-0.08419375558497764,0.08419375558497764,2.1781059881659327e-09
2410004N09Rik,-0.05171190502718099,0.05171190502718099,0.00024134887305025954
Naa20,-0.09783721701959439,0.09783721701959439,3.4520903271663015e-12
Hist1h2ag,-0.0859687077035459,0.0859687077035459,9.928787854627892e-10
Xpa,0.010921592022642194,0.010921592022642194,0.43841111225723856
2310008H04Rik,-0.08428190603501445,0.08428190603501445,2.0955443934827276e-09
Snhg1,-0.019817189559575375,0.019817189559575375,0.15969102975273086
Elp4,-0.08322153118347331,0.08322153118347331,3.3269644807585436e-09
Vps16,-0.0817557661858756,0.0817557661858756,6.2447656624316854e-09
Atp11c,-0.008194004784709698,0.008194004784709698,0.5610038091320316
Clptm1,-0.14712025098847423,0.14712025098847423,9.115765141440186e-26
Fkbpl,-0.05908613667566723,0.05908613667566723,2.7207868358507125e-05
Birc3,-0.04006007563470279,0.04006007563470279,0.004465041889683696
Xkr5,-0.08621279355891658,0.08621279355891658,8.901022008625835e-10
Sec24d,-0.10107835622654802,0.10107835622654802,6.496149820208411e-13
Cox19,-0.05565250923664149,0.05565250923664149,7.767906824619782e-05
Srrm1,0.10541298947706589,0.10541298947706589,6.398614872296873e-14
Alyref2,-0.0729606620708541,0.0729606620708541,2.180397621919969e-07
Rpain,-0.04222896784794709,0.04222896784794709,0.0027232667930442603
Rbm12,-0.08309964453945284,0.08309964453945284,3.50725123445845e-09
Casp8ap2,0.018787374194723542,0.018787374194723542,0.18252243379979646
Krr1,-0.10337087782379306,0.10337087782379306,1.9297216793162292e-13
Lrrc25,-0.015952258723702713,0.015952258723702713,0.25770190842135093
Smarcc1,-0.04354908498582076,0.04354908498582076,0.001993825462894569
Clasp1,-0.02391351275570359,0.02391351275570359,0.08972719143500381
Rpgrip1,-0.067260859155073,0.067260859155073,1.7759603597558722e-06
Trp53inp2,-0.005731835983033819,0.005731835983033819,0.684257101776464
Tubgcp2,-0.13245516961657458,0.13245516961657458,3.765939875421675e-21
Poc1b,-0.08761329909082513,0.08761329909082513,4.727479327231483e-10
Mcart1,-0.10863077132451786,0.10863077132451786,1.0760657262528906e-14
Nup188,-0.036989169879310946,0.036989169879310946,0.008660444257864068
Cnst,-0.04862378119521185,0.04862378119521185,0.0005569407569167168
Mrps27,-0.1207337578829936,0.1207337578829936,8.169740474652033e-18
Rabl5,-0.07327124329924016,0.07327124329924016,1.9359535263012246e-07
Ikzf1,-0.09246379836563051,0.09246379836563051,4.893808711014697e-11
Slc35b2,-0.11800429771633594,0.11800429771633594,4.410443167828387e-17
Camkk2,-0.04619157058371271,0.04619157058371271,0.0010420847480692049
Dimt1,-0.10640343625383056,0.10640343625383056,3.717294067636257e-14
Ncapd2,-0.11439067888375436,0.11439067888375436,3.8741152034516825e-16
Rcl1,-0.1166388285041426,0.1166388285041426,1.0104662608878598e-16
Por,-0.06118890206122833,0.06118890206122833,1.391166198476371e-05
Mgl2,-0.13736423345783844,0.13736423345783844,1.2179887132990523e-22
Mrpl32,-0.06386489454222578,0.06386489454222578,5.742263368492017e-06
6330503K22Rik,0.010062389267933205,0.010062389267933205,0.4752790921594494
Tmx4,-0.011931771424413946,0.011931771424413946,0.3972429423378191
Map1lc3b,0.10682981545564864,0.10682981545564864,2.937777834908152e-14
Ctsl,-0.028475138444086383,0.028475138444086383,0.04331704397043727
Gm885,0.01489027525660819,0.01489027525660819,0.2907483522435585
Dhrs3,-0.025036781125061452,0.025036781125061452,0.07563949793874479
Exoc7,-0.1081986933493107,0.1081986933493107,1.371339159191837e-14
Paics,-0.10043254082773867,0.10043254082773867,9.10031338709628e-13
Hirip3,-0.060490613844176956,0.060490613844176956,1.7424406774760713e-05
Abcb10,-0.06235133847382024,0.06235133847382024,9.512888737883493e-06
Tmem181c-ps,-0.018783257751010488,0.018783257751010488,0.18261831505914836
Men1,-0.11750407649530259,0.11750407649530259,5.982252167177855e-17
Smarca2,0.001651258809867231,0.001651258809867231,0.9067394378876774
Hfe,-0.07455633083596228,0.07455633083596228,1.1776372592035427e-07
Ate1,0.006931151038478118,0.006931151038478118,0.6228950879580215
Tmem50b,-0.09609743720060827,0.09609743720060827,8.277490629868455e-12
Il11ra1,-0.05298482694901358,0.05298482694901358,0.00016871814103817698
Kif4,-0.011892909110159899,0.011892909110159899,0.39878228930088366
Rchy1,-0.0569626436028162,0.0569626436028162,5.2407589826092964e-05
Skiv2l,-0.07666632391719068,0.07666632391719068,5.114691545330781e-08
Spata13,-0.020802967429796256,0.020802967429796256,0.13992476485289412
Gorasp1,-0.155662973765579,0.155662973765579,1.1011702680903015e-28
Cd2bp2,-0.08838756587279668,0.08838756587279668,3.317871989055075e-10
Taf1b,-0.09996477724480556,0.09996477724480556,1.1601578926396681e-12
Secisbp2,0.0037697669490044665,0.0037697669490044665,0.7891186858037009
Cox7a2l,0.07197617074390443,0.07197617074390443,3.1685140734284437e-07
Eml2,-0.11834370632001336,0.11834370632001336,3.583750327528791e-17
Gmeb1,-0.039397607032567276,0.039397607032567276,0.005170194497954934
Otud5,-0.06274005032860352,0.06274005032860352,8.365170838403598e-06
Gapvd1,-0.008757595195124875,0.008757595195124875,0.5343769581420031
Sorl1,-0.04842714290425683,0.04842714290425683,0.0005864922853825063
Scoc,-0.03711620889069207,0.03711620889069207,0.008433645271913254
Bhlhb9,-0.10527455874887653,0.10527455874887653,6.90044551900911e-14
Oas1a,-0.14768864515621735,0.14768864515621735,5.90076069903426e-26
Tfrc,0.036226249901372756,0.036226249901372756,0.01014072240669746
Fam60a,-0.11798730588805731,0.11798730588805731,4.456442642537342e-17
Ube2z,-0.08801993763549759,0.08801993763549759,3.926761243720212e-10
Nxt2,-0.06503911313263605,0.06503911313263605,3.851636417769918e-06
Churc1,-0.014625338880119916,0.014625338880119916,0.2994182185599144
Man2b2,-0.11764015800578673,0.11764015800578673,5.5068948957927204e-17
Ccdc127,-0.050818710595894066,0.050818710595894066,0.0003088347506212203
Ddhd2,-0.017442562110934704,0.017442562110934704,0.21586647330232683
1700021F05Rik,-0.06050913001353062,0.06050913001353062,1.7321224208384652e-05
Kdm2a,0.019205134123394356,0.019205134123394356,0.1729848152146984
Dynlt3,-0.052592519693900386,0.052592519693900386,0.00018855671896077285
Llgl1,-0.07196388019622922,0.07196388019622922,3.183236343439958e-07
Ifih1,-0.09416428023972848,0.09416428023972848,2.1483306620555644e-11
Arf3,-0.13679656040931037,0.13679656040931037,1.8230133084729772e-22
Smg1,-0.015353808013686195,0.015353808013686195,0.27598928445587007
Fiz1,-0.07528411366874346,0.07528411366874346,8.854623983434953e-08
Isy1,-0.09038482005757004,0.09038482005757004,1.3126250071686296e-10
A630066F11Rik,0.002003067584112321,0.002003067584112321,0.8869914558907325
Frat2,-0.06946173460009085,0.06946173460009085,8.053224035883581e-07
Snd1,-0.12376975629560101,0.12376975629560101,1.1965831872232582e-18
Il2rg,-0.053655642637786806,0.053655642637786806,0.00013927074856926467
Stk40,-0.015564613004379483,0.015564613004379483,0.2694491315809879
Mocos,-0.0815526367960557,0.0815526367960557,6.808402216046934e-09
Rasa1,-0.028907360108834556,0.028907360108834556,0.040235418523835116
Ino80c,-0.10085719134344462,0.10085719134344462,7.292829940338951e-13
Use1,0.05212176506749794,0.05212176506749794,0.00021525426678407073
Map2k7,-0.07512683909804023,0.07512683909804023,9.419530002252411e-08
Sft2d3,-0.02671171798027579,0.02671171798027579,0.0580316434856541
Hspa9,-0.12782826009292927,0.12782826009292927,8.513588716992818e-20
Phlda1,-0.02496591556937065,0.02496591556937065,0.07647144556551648
Scamp3,-0.09619284965166061,0.09619284965166061,7.892999303511308e-12
Matr3,-0.09318858830109589,0.09318858830109589,3.4516715358922506e-11
Pik3ip1,-0.09601487897988212,0.09601487897988212,8.624942461192544e-12
2510002D24Rik,-0.054101795653338315,0.054101795653338315,0.00012244319201014177
Eif5b,0.04409887984951215,0.04409887984951215,0.0017467949174221448
Lpcat2,-0.0941154504611362,0.0941154504611362,2.200173300041292e-11
Gnl2,-0.10487506719353834,0.10487506719353834,8.575683916241564e-14
Pelo,-0.0881465139013037,0.0881465139013037,3.7057269395312436e-10
Hist1h4h,-0.09475467839353306,0.09475467839353306,1.6086983093961885e-11
Vps13a,0.03711721291527228,0.03711721291527228,0.008431874168367189
Bdp1,0.012513530993183952,0.012513530993183952,0.37462989549426967
Opa3,0.00044325039239763474,0.00044325039239763474,0.9749127722662198
Cir1,-0.006894986407625467,0.006894986407625467,0.6247103436938014
Rab37,-0.02953506798678535,0.02953506798678535,0.03609226093476508
Trmt6,-0.07467152001242137,0.07467152001242137,1.1258662774178463e-07
Fdft1,-0.07058583457324315,0.07058583457324315,5.327687044674611e-07
Rps4x,0.3523204800275221,0.3523204800275221,4.2108382057081183e-147
Hnrnpa3,-0.02577349985953069,0.02577349985953069,0.06742051022637853
Blvrb,0.10558195582454798,0.10558195582454798,5.834502315616927e-14
Nif3l1,-0.04247782646470532,0.04247782646470532,0.002569435854274817
Tes,-0.05033723462736137,0.05033723462736137,0.0003521747222483547
Tmem168,-0.09128024072661879,0.09128024072661879,8.605004693602534e-11
Akt1s1,-0.06929522061132949,0.06929522061132949,8.556940360780368e-07
Ap1g1,-0.06651612083047496,0.06651612083047496,2.3083826384568143e-06
Pacs1,-0.04324062276621683,0.04324062276621683,0.002146076897757452
BC017612,-0.10395778639213248,0.10395778639213248,1.408187374075794e-13
Spc24,-0.005905207739625293,0.005905207739625293,0.6752443483723995
Blmh,-0.13827852506733362,0.13827852506733362,6.338694709298768e-23
Pbx1,0.015868355623317048,0.015868355623317048,0.2602139008823512
Dip2b,-0.00015911901930919952,0.00015911901930919952,0.9909928380659406
Il28ra,-0.029415659444888588,0.029415659444888588,0.036851154387154084
Dusp2,-0.11446870803594508,0.11446870803594508,3.6991774621421733e-16
Zfp281,-0.0430325491767216,0.0430325491767216,0.002254719762795357
Zmiz1,-0.02707647328044832,0.02707647328044832,0.05468744463815252
Athl1,-0.05444821389809599,0.05444821389809599,0.00011071928615247904
Acap3,-0.06015114164579219,0.06015114164579219,1.9423158920235773e-05
Rbm43,-0.10330777610786812,0.10330777610786812,1.9960017154172053e-13
4933426M11Rik,0.017330112416979838,0.017330112416979838,0.21884143984811458
Acot1,-0.07519208493915165,0.07519208493915165,9.181066486219997e-08
Tnf,-0.002204828124656981,0.002204828124656981,0.875696856756765
Mfn2,-0.11564500916101902,0.11564500916101902,1.836246092757152e-16
Gpr65,-0.036834522965516946,0.036834522965516946,0.008943875583844112
1810021B22Rik,-0.02827875715283908,0.02827875715283908,0.04478173386094823
Guf1,-0.08087371205909945,0.08087371205909945,9.074622714509283e-09
Foxn2,-0.06340382307036534,0.06340382307036534,6.704750765964787e-06
Polr2g,-0.02339515662441992,0.02339515662441992,0.09690495863149283
Mcfd2,-0.11836632963222854,0.11836632963222854,3.534434490890276e-17
Thra,-0.042667500320424497,0.042667500320424497,0.0024575704851610806
Vps13b,-0.03324312683536908,0.03324312683536908,0.018316477115559244
Tmem39a,-0.09635599390683171,0.09635599390683171,7.275704984562826e-12
Clec4b2,-0.0942348369524818,0.0942348369524818,2.0755264245012637e-11
Sidt2,-0.030173782805162423,0.030173782805162423,0.03225534835692723
Exoc2,-0.08061691887981273,0.08061691887981273,1.011032060852719e-08
Ubl7,-0.054525813677219405,0.054525813677219405,0.000108242335223133
Aplf,-0.106412468723609,0.106412468723609,3.698843279828391e-14
A530032D15Rik,0.0945743255399114,0.0945743255399114,1.7576484603261446e-11
Wars,-0.11515932131648657,0.11515932131648657,2.4541390229268895e-16
Atad1,-0.13026449038097154,0.13026449038097154,1.6716037406367266e-20
Copa,-0.10494318550549528,0.10494318550549528,8.264163750045543e-14
Ptp4a3,-0.07865067178183664,0.07865067178183664,2.287748740396183e-08
Ppp2cb,-0.06547321828279051,0.06547321828279051,3.3172758042836975e-06
Mrpl41,-0.01922362165687478,0.01922362165687478,0.1725715120450051
Keap1,-0.06081128424095816,0.06081128424095816,1.5717517204977274e-05
1110065P20Rik,-0.013126843007285354,0.013126843007285354,0.351671303459621
Esyt2,-0.02884485256367855,0.02884485256367855,0.04066924462411164
Ak3,-0.10367232294738361,0.10367232294738361,1.6417617231217805e-13
Gmds,-0.09766030934756997,0.09766030934756997,3.775797189266697e-12
Atic,-0.09976222629666996,0.09976222629666996,1.288348625840339e-12
Camk1,-0.09370825389929782,0.09370825389929782,2.6829357016067663e-11
Alas2,0.16627959597928602,0.16627959597928602,1.506274937191744e-32
Tpd52l2,-0.05882020670591555,0.05882020670591555,2.95712508259283e-05
Ampd3,-0.03999658475599665,0.03999658475599665,0.004528635240927343
Fbxl8,-0.038122683747758776,0.038122683747758776,0.006816474017953284
Wdr3,-0.09769249887283628,0.09769249887283628,3.714760921357566e-12
Uba7,-0.06927207278759184,0.06927207278759184,8.629321437291138e-07
Cebpe,0.26620920396944486,0.26620920396944486,1.8890875713555854e-82
Mdh1,-0.0204526223765151,0.0204526223765151,0.14672213623288535
Dhodh,-0.06860415200891393,0.06860415200891393,1.0990969631361437e-06
Btbd9,-0.018444577463742746,0.018444577463742746,0.1906353906180466
Cd151,-0.03505364231251421,0.03505364231251421,0.012856455287516156
Plbd2,-0.053534898396109955,0.053534898396109955,0.0001441861261222516
Ankrd13c,-0.04509916107755763,0.04509916107755763,0.0013681549163576574
Rpl34-ps1,-0.14441394289586934,0.14441394289586934,7.061350676044724e-25
Ostm1,-0.10390880051375516,0.10390880051375516,1.4458075299549909e-13
Alkbh3,-0.062446106742425046,0.062446106742425046,9.219954216327635e-06
Mospd1,0.02583783258173195,0.02583783258173195,0.06673909595680635
Raver1,-0.11227765746228041,0.11227765746228041,1.3378412890647025e-15
Fgl2,-0.10451425115028562,0.10451425115028562,1.0428386434338879e-13
Tgfb1,-0.112433907583138,0.112433907583138,1.2216501806701555e-15
Pias2,-0.04210321212369617,0.04210321212369617,0.0028041603993746137
Pqlc1,-0.011680036663294213,0.011680036663294213,0.4072777306223339
Gtf2h3,-0.11734292212432519,0.11734292212432519,6.597721276777232e-17
Tbcc,-0.030897032828079072,0.030897032828079072,0.02833763381535352
Rcc1,-0.11160850227043194,0.11160850227043194,1.971367596880107e-15
Ppif,-0.09806353247135279,0.09806353247135279,3.077394761585089e-12
Psmd9,-0.07546519257573472,0.07546519257573472,8.244789677834783e-08
Psmd5,-0.1576145336392141,0.1576145336392141,2.2459817733539735e-29
Actr1a,-0.12189548911594976,0.12189548911594976,3.939442863694692e-18
Ing4,-0.04333811341246519,0.04333811341246519,0.002096842768777737
Tdp1,-0.10711959144128298,0.10711959144128298,2.502218115895537e-14
C1rl,-0.031680013049217304,0.031680013049217304,0.02456526753693027
D10Wsu102e,-0.0681139849065271,0.0681139849065271,1.3107737860334788e-06
Wdr92,-0.07297191112469716,0.07297191112469716,2.171045527388604e-07
Kdm3b,-0.06624547958588739,0.06624547958588739,2.537445019775518e-06
Fam96b,-0.049496146946235574,0.049496146946235574,0.0004418036885510614
Irf2bp1,-0.1049697229232607,0.1049697229232607,8.145835860864045e-14
Gna11,-0.034336082519765734,0.034336082519765734,0.014819259887965718
1500012F01Rik,0.0014141888714285346,0.0014141888714285346,0.9200801663347927
Ap3s2,-0.1113605404381505,0.1113605404381505,2.2745823144674155e-15
Hnrnpl,-0.11659020575384846,0.11659020575384846,1.0405551066141091e-16
Ube2j1,-0.09862769829443095,0.09862769829443095,2.3083455761358513e-12
Tapt1,-0.031000745861800336,0.031000745861800336,0.02781088916701962
Ubp1,0.004924658757916488,0.004924658757916488,0.7267945211837855
Dnajc25,-0.02346253697332879,0.02346253697332879,0.09594675505200763
1200014J11Rik,-0.10156369103315144,0.10156369103315144,5.035317604640697e-13
Ccpg1,-0.06107619769587543,0.06107619769587543,1.4428812913289966e-05
Znhit3,-0.08561043924604894,0.08561043924604894,1.1649756160418758e-09
Ahctf1,-0.030239840026237415,0.030239840026237415,0.0318792341475776
Fbxo18,-0.13277383100919926,0.13277383100919926,3.0255878088193682e-21
Psen2,-0.027092595543050435,0.027092595543050435,0.05454341762864912
Mrps28,-0.07643010306725131,0.07643010306725131,5.62142445501824e-08
Paf1,-0.05232265880787119,0.05232265880787119,0.00020345400145847537
Vamp7,-0.07520026791171508,0.07520026791171508,9.151574536803053e-08
Dkc1,-0.12107245632548892,0.12107245632548892,6.6095030056135545e-18
Tmem106b,-0.07744338152561256,0.07744338152561256,3.741174923769832e-08
Ivd,-0.0802622494942948,0.0802622494942948,1.173155075009194e-08
Per3,-0.09560190711597558,0.09560190711597558,1.0589054464762047e-11
Naa10,-0.06801947079127198,0.06801947079127198,1.3558689784571677e-06
Mrpl23,-0.007054564410958997,0.007054564410958997,0.6167177322473563
Atp5l,0.23326556641855523,0.23326556641855523,3.330318477008664e-63
Brip1,-0.022305404338437546,0.022305404338437546,0.11348938771136705
Bet1l,-0.031029820145714666,0.031029820145714666,0.02766474795195711
Commd8,-0.08072845992076387,0.08072845992076387,9.647064673283783e-09
Arl8b,-0.11386159641752097,0.11386159641752097,5.29517750996988e-16
Pkn1,-0.10785918723360932,0.10785918723360932,1.6580481703011794e-14
Tob2,-0.03316372255472672,0.03316372255472672,0.01859663805651006
Tapbpl,-0.029146730650670114,0.029146730650670114,0.038610199806754175
Nsl1,-0.09039877272950474,0.09039877272950474,1.3040569147131275e-10
Tatdn2,-0.029740052644393392,0.029740052644393392,0.034820546041295745
Sh3bp2,-0.053267876933664714,0.053267876933664714,0.00015564226897171873
Ubash3a,-0.0663542327270161,0.0663542327270161,2.4428933711114824e-06
Fosl2,0.01191458668717617,0.01191458668717617,0.3979231921872934
Zfp217,-0.002156634511671078,0.002156634511671078,0.8783925347026047
B230208H17Rik,-0.06399379822753504,0.06399379822753504,5.497774755297245e-06
Rnf220,-0.055752050972414154,0.055752050972414154,7.541285152688953e-05
Dscc1,-0.10266468621580954,0.10266468621580954,2.812710534656825e-13
Sass6,-0.03338494479497236,0.03338494479497236,0.017825283976729858
Slc30a7,-0.09617463858910753,0.09617463858910753,7.9650091543993e-12
1700011J10Rik,-0.01277345741540721,0.01277345741540721,0.36478896885689027
Ccdc82,-0.03731871665927502,0.03731871665927502,0.008083080016190514
Nup155,-0.07708687331505082,0.07708687331505082,4.3199578661211773e-08
Smpd4,-0.05946469785430033,0.05946469785430033,2.4151263899307158e-05
Plscr3,-0.1403015349893965,0.1403015349893965,1.4708765568843094e-23
Tceal8,-0.10294784634660625,0.10294784634660625,2.4190647535528827e-13
Daxx,-0.10163342023774644,0.10163342023774644,4.853886453717807e-13
Fkbp15,-0.04799004130821772,0.04799004130821772,0.0006574850976555867
Arl16,-0.03566307331758436,0.03566307331758436,0.011373818080907245
Cenpe,0.0432909374369837,0.0432909374369837,0.00212053650034642
2310003L22Rik,-0.0922545883095976,0.0922545883095976,5.409989984504007e-11
Psap,-0.04366858724335943,0.04366858724335943,0.0019375535517998793
Tcta,-0.041557214963457614,0.041557214963457614,0.003181436740765626
Fundc1,-0.0604688400644779,0.0604688400644779,1.754649169137543e-05
Pgrmc2,-0.039662193937289605,0.039662193937289605,0.00487730203221706
Hspd1,-0.08332601839620152,0.08332601839620152,3.179621008889366e-09
G3bp2,-0.07164033387470096,0.07164033387470096,3.5954253661764434e-07
Rrs1,-0.1179032013926374,0.1179032013926374,4.6911850242959237e-17
Ccdc115,-0.10106188978567546,0.10106188978567546,6.552398491909075e-13
Usp12,-0.058630175029099715,0.058630175029099715,3.137824525030297e-05
Cdkal1,-0.07786322531625643,0.07786322531625643,3.15562425605147e-08
Gbas,-0.10896903644277582,0.10896903644277582,8.894182636026618e-15
Gpr107,-0.07102174471577778,0.07102174471577778,4.531351506253114e-07
Ect2,-0.12289165858710581,0.12289165858710581,2.0959346653426005e-18
Tarbp2,-0.05118007682530938,0.05118007682530938,0.00027964308701630236
D16Ertd472e,-0.05910439601191664,0.05910439601191664,2.7052360444023317e-05
Ccl6,0.118466991430641,0.118466991430641,3.3229965517178306e-17
Irf2bp2,-0.011285614669627554,0.011285614669627554,0.4233007984880212
1810020D17Rik,-0.04943256961912006,0.04943256961912006,0.00044937913995825605
Fkbp5,-0.14116542862232082,0.14116542862232082,7.830514692324986e-24
Agl,-0.011931654752157251,0.011931654752157251,0.3972475583897492
Arf2,-0.057615853611081444,0.057615853611081444,4.293691307170924e-05
Skil,-0.017519632295265805,0.017519632295265805,0.21384439239198208
Dhcr7,-0.09078428608592495,0.09078428608592495,1.0877876913401479e-10
Ilvbl,-0.09410724691138421,0.09410724691138421,2.209002331877641e-11
Tbc1d17,-0.07574543757211574,0.07574543757211574,7.380363085323378e-08
Syngr2,-0.04803689168657842,0.04803689168657842,0.0006495102289908473
Sec61g,0.08553396382402284,0.08553396382402284,1.2053105170694195e-09
Sytl1,-0.07546056475055399,0.07546056475055399,8.259856212004417e-08
2310004N24Rik,-0.04585936106545845,0.04585936106545845,0.0011327096432827033
Mcat,-0.09878620153090932,0.09878620153090932,2.1285718329205734e-12
Ddx56,-0.12247768438351973,0.12247768438351973,2.726081989605815e-18
Prpf3,-0.09313969922113335,0.09313969922113335,3.534213799433874e-11
Ep400,-0.0204178315802343,0.0204178315802343,0.1474106945096271
Ptpn2,-0.08496661684367333,0.08496661684367333,1.5501154751270928e-09
Ppfia1,-0.025604107340675683,0.025604107340675683,0.06924213364941877
Tmem41b,-0.08119744876298514,0.08119744876298514,7.915022874913866e-09
Slc35b3,-0.04377837789030159,0.04377837789030159,0.0018871434032148092
Pak1ip1,-0.06651298808369724,0.06651298808369724,2.3109167965968297e-06
Pno1,-0.12061973021790516,0.12061973021790516,8.772763192312113e-18
Gtf2a1,-0.0341896992873031,0.0341896992873031,0.015250649561464368
Prkar2a,-0.024249019192014755,0.024249019192014755,0.0853139692566336
Alad,-0.007133637187419699,0.007133637187419699,0.6127739808867353
Il1f9,0.00764408308775589,0.00764408308775589,0.5875884813324519
Cdan1,-0.03644470985539661,0.03644470985539661,0.00969539194234299
Ppp1r9b,-0.033695792628228104,0.033695792628228104,0.016788831759320104
Nup54,-0.12865407618198316,0.12865407618198316,4.920144534941008e-20
Cd74,0.0009534711817967937,0.0009534711817967937,0.9460673638448516
Ipmk,-0.04015999208719124,0.04015999208719124,0.004366601056028537
Akap9,0.04171090681866151,0.04171090681866151,0.003070813966849404
Trappc10,0.006484238209488175,0.006484238209488175,0.645485252188829
Ssbp4,-0.08151528395794533,0.08151528395794533,6.9172988715749906e-09
Gpx3,-0.10654731078626488,0.10654731078626488,3.433869741300003e-14
6530402F18Rik,-0.034131170931131306,0.034131170931131306,0.015426201554290688
Spp1,0.00018620691108817345,0.00018620691108817345,0.9894595715120318
Cnot6l,-0.013359154775296679,0.013359154775296679,0.34321273048189527
Med15,-0.0726697640723142,0.0726697640723142,2.4362130805427855e-07
Uqcc,-0.11513729683614567,0.11513729683614567,2.4865596899613685e-16
Rnf139,-0.04612559028379659,0.04612559028379659,0.001059531685936716
Cep63,-0.07949314740052306,0.07949314740052306,1.6161508645977728e-08
Ankmy2,-0.0891809465024507,0.0891809465024507,2.301081094596836e-10
Gins3,-0.07365661738676191,0.07365661738676191,1.6692803270478364e-07
E430025E21Rik,-0.07600104601676894,0.07600104601676894,6.668936156204889e-08
Lst1,0.0399654647828658,0.0399654647828658,0.004560104021732742
Zfp821,-0.05610260203383497,0.05610260203383497,6.791970673225838e-05
Ruvbl2,-0.11706171081490119,0.11706171081490119,7.824683478622319e-17
Adam8,0.019754041411748732,0.019754041411748732,0.16102577481132074
Slc30a9,-0.0549682905261678,0.0549682905261678,9.50882204979809e-05
Bcl7b,-0.042056835043128134,0.042056835043128134,0.0028345424296617053
Rbm8a,0.001280612930671964,0.001280612930671964,0.9276070979661086
Esrra,-0.09785785617201107,0.09785785617201107,3.416144538826895e-12
1110004F10Rik,-0.08547276106259465,0.08547276106259465,1.2385677568092217e-09
Dlst,-0.13545389842157393,0.13545389842157393,4.700126719910598e-22
Fxr1,-0.06598548773607173,0.06598548773607173,2.7779302485258793e-06
Ccr1,0.006042916585407963,0.006042916585407963,0.6681184842805787
R3hdm1,-0.028499263986421622,0.028499263986421622,0.043139928704626074
Txn2,-0.060557771267400355,0.060557771267400355,1.7052933255487117e-05
Alg3,-0.11704835011191161,0.11704835011191161,7.888267783147903e-17
Dtx4,-0.10187216901384026,0.10187216901384026,4.279959999095409e-13
Osbpl11,-0.048547903551235984,0.048547903551235984,0.0005681756988747108
Shkbp1,-0.10854851237765298,0.10854851237765298,1.1269873978728013e-14
Rdm1,-0.034245724804654244,0.034245724804654244,0.015084254400415848
2210016F16Rik,-0.06641587399072625,0.06641587399072625,2.3908127032815153e-06
Casp1,-0.0894391346569894,0.0894391346569894,2.0413383821075425e-10
Ccdc90a,-0.06199737166870636,0.06199737166870636,1.0687587642270463e-05
Dnajc7,-0.0670120630724592,0.0670120630724592,1.9391323171056886e-06
Rnf166,-0.059932915008879116,0.059932915008879116,2.0821334336281333e-05
Nfic,0.04283288638397881,0.04283288638397881,0.0023636847919507116
2310009A05Rik,-0.03973403426784784,0.03973403426784784,0.004800409844821779
Qsox1,-0.06384415569637643,0.06384415569637643,5.782557216712118e-06
Uba1,-0.11366429794061657,0.11366429794061657,5.947387904822189e-16
Prkag1,-0.05886168939687055,0.05886168939687055,2.91901638197586e-05
Ccdc6,-0.061481899446305555,0.061481899446305555,1.2648633026388498e-05
Prosc,-0.09244121841937178,0.09244121841937178,4.947113745374893e-11
Ptms,-0.06873852729781443,0.06873852729781443,1.047071961554457e-06
Klf7,0.04787585569174664,0.04787585569174664,0.0006773046215842549
Ppp6r1,-0.03053348742889146,0.03053348742889146,0.03025243489331144
Gcn1l1,-0.060307988858205146,0.060307988858205146,1.8473955216323128e-05
Cd97,-0.09998511799681688,0.09998511799681688,1.1479981867022202e-12
Lmf2,-0.09711957747542424,0.09711957747542424,4.9609167184455815e-12
Rnf214,-0.01483174368165692,0.01483174368165692,0.29264907888892105
Oat,-0.11453057673771164,0.11453057673771164,3.5660235014021765e-16
Gcc2,0.029400567585329797,0.029400567585329797,0.036948030020805385
Tmed5,-0.14803133147236572,0.14803133147236572,4.5359388480943147e-26
Cd48,-0.10644542237098216,0.10644542237098216,3.6322885416942165e-14
Pif1,-0.08589072526819129,0.08589072526819129,1.0280885504215638e-09
Rnf168,0.001910953614692811,0.001910953614692811,0.8921557975609599
Obfc2a,-0.043619403328960554,0.043619403328960554,0.001960534656279901
Sdhaf1,-0.05564845814904169,0.05564845814904169,7.77726468301434e-05
Prr7,-0.030080185167134097,0.030080185167134097,0.032794776045191654
Gm561,-0.08087012624717568,0.08087012624717568,9.088348555291037e-09
Taf6,-0.11925275002863167,0.11925275002863167,2.049388803482017e-17
Atad2,0.008992989943193174,0.008992989943193174,0.5234476229260754
Dnajc4,-0.05688125390602157,0.05688125390602157,5.371764117623387e-05
Top3b,-0.1275112019145887,0.1275112019145887,1.0498539475011632e-19
Arih1,-0.09001715668332715,0.09001715668332715,1.5593071781100054e-10
Dazap1,-0.1003111984999408,0.1003111984999408,9.693049135660453e-13
Cd44,-0.04732795404948376,0.04732795404948376,0.000780365502336057
Stau1,-0.04949698573985366,0.04949698573985366,0.00044170454467795385
Serpinb10-ps,0.036184899671268714,0.036184899671268714,0.010227035208827437
Phf17,-0.007707376776236884,0.007707376776236884,0.5844992116698438
Ndufs8,0.002378150992008243,0.002378150992008243,0.8660142859846464
Acaa2,-0.06969212140473381,0.06969212140473381,7.403139365412388e-07
Erdr1,-0.05384223428461094,0.05384223428461094,0.00013198403767550175
Rnf44,-0.043105960674404586,0.043105960674404586,0.0022158265820598263
Cox18,-0.05748497978406424,0.05748497978406424,4.46936973739299e-05
Cdk13,-0.03392383028994817,0.03392383028994817,0.016062495050864344
H2-D1,0.21563837969285146,0.21563837969285146,4.632150903653346e-54
Pja2,-0.04281629426657557,0.04281629426657557,0.002372953361190642
4732418C07Rik,-0.08086403534885206,0.08086403534885206,9.111709671038765e-09
Hmgcs1,-0.06412158219277712,0.06412158219277712,5.265262072963088e-06
Rngtt,-0.07660669379038662,0.07660669379038662,5.238264445976318e-08
Kdm4a,-0.05743705648972506,0.05743705648972506,4.535387850288356e-05
Ctdspl,-0.06328096348592518,0.06328096348592518,6.986172301761668e-06
Eya3,-0.07565178795588631,0.07565178795588631,7.658978087262655e-08
Acot7,-0.12925296827863483,0.12925296827863483,3.298448787159015e-20
Vill,-0.061427024208325735,0.061427024208325735,1.2876538539472176e-05
Letm1,-0.09027203232722374,0.09027203232722374,1.3839352305599247e-10
2310008H09Rik,-0.006109397800379386,0.006109397800379386,0.6646889796776821
Ergic1,-0.0842699904662351,0.0842699904662351,2.1065237029512032e-09
Aftph,-0.026343427651475404,0.026343427651475404,0.0615788831461687
Evi2a,-0.07866519100207094,0.07866519100207094,2.2741562148448045e-08
AI987944,-0.024813636010724734,0.024813636010724734,0.07828442170783119
Hk2,0.05359361589128401,0.05359361589128401,0.00014177574278263763
Rod1,-0.0009377958047304791,0.0009377958047304791,0.946952715837549
Kat2b,-0.013040235957551062,0.013040235957551062,0.3548581967418342
Fuz,-0.10286609958271908,0.10286609958271908,2.526787811628969e-13
1810029B16Rik,-0.06577353996451396,0.06577353996451396,2.990008299609869e-06
Mtmr12,-0.08121718540005474,0.08121718540005474,7.849191404888662e-09
Mrpl3,-0.10607192826974562,0.10607192826974562,4.4608065493022875e-14
Rusc1,-0.08124992103749562,0.08124992103749562,7.741173568049244e-09
Tollip,-0.1266770460207142,0.1266770460207142,1.81758793046769e-19
Cln3,-0.036358852816605725,0.036358852816605725,0.009868289618612504
Chd8,-0.011254123197637588,0.011254123197637588,0.4245958211295222
Rif1,0.011922135849943257,0.011922135849943257,0.3976242756922647
Gramd1a,-0.0947953684888139,0.0947953684888139,1.576841983892492e-11
Trim41,-0.03910685494290298,0.03910685494290298,0.005510297930005096
Pole4,-0.060568690989283795,0.060568690989283795,1.699324976948758e-05
Tmem39b,-0.13814013224204758,0.13814013224204758,6.999338493529676e-23
E130306D19Rik,-0.09411806059627675,0.09411806059627675,2.1973714039131803e-11
Gm16548,-0.0262796565619904,0.0262796565619904,0.062210967625290624
Myh9,0.012913474907344052,0.012913474907344052,0.3595553897478014
Scaf1,-0.03781075739708962,0.03781075739708962,0.007285041165297068
Rrp9,-0.09256165391687242,0.09256165391687242,4.66921862070537e-11
Mrpl46,-0.06990135470690392,0.06990135470690392,6.856771396021916e-07
Lrpprc,-0.07248429285112781,0.07248429285112781,2.614198450387871e-07
Dhrs11,-0.044337739057221666,0.044337739057221666,0.001648509324551276
Ankrd17,-0.017975845401476318,0.017975845401476318,0.20215415337568787
Ppil4,-0.0006152958082274189,0.0006152958082274189,0.9651806082614328
Chchd2,0.21122552457252633,0.21122552457252633,6.793110329684729e-52
Baz1a,0.023851096314522018,0.023851096314522018,0.09056813782619627
Psmc3ip,-0.06443947717341705,0.06443947717341705,4.726955872327212e-06
Brf1,-0.07628585551045564,0.07628585551045564,5.954427445461361e-08
Ankle2,-0.07843958102890826,0.07843958102890826,2.4944990797094055e-08
Gale,-0.06717113713719754,0.06717113713719754,1.8332220888853194e-06
Zkscan3,-0.09637863117820857,0.09637863117820857,7.193877768859647e-12
Sqstm1,-0.06953410290641623,0.06953410290641623,7.843318950382902e-07
Vps11,-0.08398415730143707,0.08398415730143707,2.387340903877411e-09
Cacybp,-0.11022417815695358,0.11022417815695358,4.364063247060083e-15
Setd1a,-0.038429779377258486,0.038429779377258486,0.006381793691756848
Gpd1l,-0.09018481563975982,0.09018481563975982,1.4416600039304334e-10
Taf3,-0.025456733666115675,0.025456733666115675,0.07085966494746897
Slc15a4,-0.04733779674772908,0.04733779674772908,0.0007783922143734268
Inpp5d,-0.04471982244982671,0.04471982244982671,0.0015018150665662934
Rps7,0.347800758949362,0.347800758949362,3.733128032434263e-143
1110038B12Rik,-0.08066083802493575,0.08066083802493575,9.925390330997771e-09
Soat1,-0.05878500043465935,0.05878500043465935,2.9898382591968988e-05
Styx,-0.033221639411734394,0.033221639411734394,0.018391923960116602
Chaf1a,-0.08280755280771097,0.08280755280771097,3.97885479460935e-09
Pcmtd1,-0.006788852637472307,0.006788852637472307,0.6300507720473753
3110040N11Rik,-0.10966596032374734,0.10966596032374734,5.995802415292981e-15
Ccdc43,-0.11706027076484249,0.11706027076484249,7.831512384999847e-17
Zbtb7a,0.04103010680132246,0.04103010680132246,0.003588973901586698
Mtch1,-0.138576324991083,0.138576324991083,5.11915724218337e-23
Gm2382,-0.08453677269513198,0.08453677269513198,1.873612824836143e-09
Cntln,0.04033046411436701,0.04033046411436701,0.0042031776490658364
Map2k4,-0.02526163485301395,0.02526163485301395,0.07304852822633828
Tbce,-0.07585029798549031,0.07585029798549031,7.080038728897601e-08
2210411K11Rik,-0.0648795481560157,0.0648795481560157,4.068050645611091e-06
Mcts1,-0.023545759887531655,0.023545759887531655,0.09477373880449079
Ttc4,-0.03360448748911018,0.03360448748911018,0.017087638811312165
Trim11,-0.04936978784219106,0.04936978784219106,0.00045697858142896956
BC031781,0.014340290672319622,0.014340290672319622,0.3089369049664332
Stap1,-0.031068629061673597,0.031068629061673597,0.02747070789341402
Pam16,-0.08217922967277058,0.08217922967277058,5.211836803460202e-09
Aida,-0.10432348101268964,0.10432348101268964,1.156149267115554e-13
Hltf,-0.026751507863641603,0.026751507863641603,0.05765877198096966
Tbkbp1,-0.07801428933039223,0.07801428933039223,2.967520680188257e-08
Ctu2,-0.09573259149589777,0.09573259149589777,9.924347827034845e-12
Dok2,-0.055989871294370615,0.055989871294370615,7.024893417139479e-05
Haus5,-0.11584598941913783,0.11584598941913783,1.6279818486480007e-16
Taf15,-0.11609580756804457,0.11609580756804457,1.4013204275219136e-16
2210012G02Rik,-0.06414062381333724,0.06414062381333724,5.231430666333574e-06
2410017P09Rik,-0.03407851687349552,0.03407851687349552,0.015585650813886706
Dnajb11,-0.07403252304050602,0.07403252304050602,1.4435658485570132e-07
Spsb3,-0.07300779971854396,0.07300779971854396,2.1414672338038213e-07
Rce1,-0.07828568111857637,0.07828568111857637,2.6565457112555287e-08
Plac8,0.14078096999614087,0.14078096999614087,1.0371587347763345e-23
Rad9,-0.09399530923331784,0.09399530923331784,2.3329957902547758e-11
Mrps14,0.03919568528467811,0.03919568528467811,0.005404307934237202
Ndufs2,-0.07992738136322682,0.07992738136322682,1.3492396913704293e-08
Tysnd1,-0.13922842228424215,0.13922842228424215,3.2009504274317883e-23
Ubb,-0.08039929138182796,0.08039929138182796,1.1077212174522879e-08
1110031I02Rik,-0.0896077411547598,0.0896077411547598,1.887413897125303e-10
Zfp644,0.0154358243368449,0.0154358243368449,0.27343200555151953
St3gal2,-0.019079231394424384,0.019079231394424384,0.17581916227112238
Phf6,-0.08680546093129732,0.08680546093129732,6.818185041572583e-10
Ccne1,-0.047585023499707224,0.047585023499707224,0.0007303209226157434
Csnk1g2,0.006522634628760727,0.006522634628760727,0.6435311378265486
Ndufb11,0.12623273341987135,0.12623273341987135,2.4311774604724866e-19
Tiparp,0.023727526619732153,0.023727526619732153,0.09225170309365437
Ankle1,-0.053705790775837633,0.053705790775837633,0.0001372760117160283
Taf1,0.006374742297442973,0.006374742297442973,0.6510712584746706
Xpot,-0.14226854637892455,0.14226854637892455,3.480910619607158e-24
Commd5,-0.07665161762310176,0.07665161762310176,5.1449026971661565e-08
Mdp1,-0.0995428048439922,0.0995428048439922,1.4429068217982219e-12
Chpt1,-0.10917885611860538,0.10917885611860538,7.90059995245383e-15
Tmem106c,-0.115930483494136,0.115930483494136,1.5475435613390428e-16
Mefv,-0.09525825716760503,0.09525825716760503,1.2552057368685288e-11
Cpsf7,-0.07211351912976052,0.07211351912976052,3.0083979119068895e-07
Ddx18,-0.07733015497318309,0.07733015497318309,3.916324729685364e-08
Kars,-0.07828591501407646,0.07828591501407646,2.6562918533339855e-08
Ppp2r2d,-0.08082664053046856,0.08082664053046856,9.256418465531748e-09
Arhgap17,-0.08345369012914329,0.08345369012914329,3.0081888297772697e-09
Zfp511,-0.05361183400908884,0.05361183400908884,0.0001410356251889934
Api5,-0.1244830194860302,0.1244830194860302,7.566949741959168e-19
Rbmxl1,-0.10841707850896085,0.10841707850896085,1.2133108783610339e-14
Cdk17,-0.061214646657339784,0.061214646657339784,1.3796036169431812e-05
Myc,-0.1303496753610707,0.1303496753610707,1.578224693377497e-20
1500001M20Rik,-0.08866651787021734,0.08866651787021734,2.918353746624522e-10
Gins1,-0.07920020859758291,0.07920020859758291,1.824464381602556e-08
Golt1b,-0.09003901962088895,0.09003901962088895,1.5434499671239348e-10
Stfa2l1,0.11617395174493515,0.11617395174493515,1.3370305120715102e-16
Gmpr2,-0.08197014433751112,0.08197014433751112,5.699168449009421e-09
Ap4b1,-0.08583732808565697,0.08583732808565697,1.052896826348935e-09
Zxdc,-0.10165464427266677,0.10165464427266677,4.799947890696732e-13
Tprkb,-0.027621177132198464,0.027621177132198464,0.04999367459825244
Frmd8,-0.13287483785038537,0.13287483785038537,2.8224668983661975e-21
Hist4h4,-0.05188114709908524,0.05188114709908524,0.00023023324426126545
Cdkn2c,0.023164108638520423,0.023164108638520423,0.10024886485239583
Pip4k2c,-0.06880582430617566,0.06880582430617566,1.0219157903515756e-06
Vrk2,-0.06241759177058817,0.06241759177058817,9.307177104223603e-06
Fam105b,-0.006711470152311179,0.006711470152311179,0.633956737342343
Med31,0.007961972350955514,0.007961972350955514,0.5721497368663411
Dcaf11,-0.101271757504675,0.101271757504675,5.869943829560665e-13
Phf5a,-0.043461469325910745,0.043461469325910745,0.002036030902109934
1110014N23Rik,-0.08952066749255198,0.08952066749255198,1.9654332746967637e-10
Isyna1,-0.10354618292722277,0.10354618292722277,1.756723785581369e-13
Vps33b,-0.07717679289347612,0.07717679289347612,4.166282401410804e-08
Ddx19a,-0.12159611224765701,0.12159611224765701,4.757277164320456e-18
Erlec1,-0.05005537045242431,0.05005537045242431,0.0003801208328417031
Zbtb44,-0.06851180533825751,0.06851180533825751,1.1362823814876163e-06
Cdc123,-0.0850802104838404,0.0850802104838404,1.4741556912916388e-09
Nat9,-0.047159710091532935,0.047159710091532935,0.0008148214938170422
Ahcyl1,0.0006876893271003381,0.0006876893271003381,0.9610869599637545
Zc3h7a,-0.05278929101699414,0.05278929101699414,0.00017834712925733116
Mrpl53,-0.03331641513898239,0.03331641513898239,0.018061180157415015
Wee1,-0.09546293332733759,0.09546293332733759,1.134375868080118e-11
Trmt2b,-0.12466752950565715,0.12466752950565715,6.718146022572396e-19
Nom1,-0.07744521250534603,0.07744521250534603,3.73840594887155e-08
Rnf149,-0.04178982992705099,0.04178982992705099,0.0030153807520254474
Itga4,-0.04736693240903012,0.04736693240903012,0.0007725781346743674
Ttc33,-0.057893806298718986,0.057893806298718986,3.942063430782378e-05
Ppp1r14b,-0.0704264007840474,0.0704264007840474,5.651359468849632e-07
Coro1c,-0.1421010736818684,0.1421010736818684,3.938472753913561e-24
Gfi1,-0.15749059439657237,0.15749059439657237,2.4861071067840492e-29
Pip5k1b,-0.13755438235533332,0.13755438235533332,1.063679225815425e-22
Zdhhc18,-0.01253471727005111,0.01253471727005111,0.3738216847218014
2410127L17Rik,-0.13037981147014252,0.13037981147014252,1.5464401701201002e-20
Ikbkg,-0.07063581196639537,0.07063581196639537,5.229958296534059e-07
Sp100,-0.01370924704476372,0.01370924704476372,0.3307134131451607
Zhx1,-0.05947424285736156,0.05947424285736156,2.4078587626183175e-05
Psmd13,-0.024175595646609333,0.024175595646609333,0.08626447013539455
Rpl34,-0.12006493323920903,0.12006493323920903,1.239359996387604e-17
Gm15421,-0.09160912567179684,0.09160912567179684,7.361236310837965e-11
Rere,0.017082249071120246,0.017082249071120246,0.22550260160722105
Zdhhc12,-0.033054604632498215,0.033054604632498215,0.018987748676982313
Gpbp1,-0.07353182630087897,0.07353182630087897,1.751487648748135e-07
Sertad1,0.009285650240270846,0.009285650240270846,0.510021157646967
Gart,-0.12108349944534826,0.12108349944534826,6.563923910669916e-18
S100a1,-0.008634029831034324,0.008634029831034324,0.5401598109942555
Dcaf7,-0.017833788130380432,0.017833788130380432,0.20574327280569107
Tmub1,-0.07663505959483677,0.07663505959483677,5.17912481210524e-08
Rit1,-0.02920805018493882,0.02920805018493882,0.03820295622986139
Wdr77,-0.10069884645971591,0.10069884645971591,7.921351860481856e-13
Snrpb2,-0.021438622782971657,0.021438622782971657,0.1282135956538495
2610002D18Rik,-0.0685499313089204,0.0685499313089204,1.120785733339228e-06
Fam172a,-0.004498890847591713,0.004498890847591713,0.7495861093712769
Fen1,-0.10320687298588019,0.10320687298588019,2.106660984614955e-13
Jak2,-0.046058307995343044,0.046058307995343044,0.0010776007904698555
Ngp,0.27870227628382205,0.27870227628382205,1.6513196371631558e-90
Commd7,-0.06772046177874565,0.06772046177874565,1.5085705573244927e-06
Tyrobp,0.3077560112405418,0.3077560112405418,6.1957072537037615e-111
Fbxw5,-0.11779478639354893,0.11779478639354893,5.01184338754334e-17
Oip5,-0.0823055875455936,0.0823055875455936,4.937236640030316e-09
Ccdc75,0.017638592341270194,0.017638592341270194,0.21075012679069874
Ccdc25,-0.04219671293466423,0.04219671293466423,0.0027438093043543315
Dhx38,-0.026338123491357734,0.026338123491357734,0.06163125331372169
Ttyh3,-0.04845501879624728,0.04845501879624728,0.000582216020382641
Anapc7,-0.07514902163727168,0.07514902163727168,9.337791432265114e-08
Rwdd1,-0.006677713597904115,0.006677713597904115,0.6356638436223686
Fam69b,-0.08414717249542097,0.08414717249542097,2.2230062667647737e-09
Setd3,-0.13096158240776395,0.13096158240776395,1.0431728604692275e-20
Ap3m1,-0.1218778399236629,0.1218778399236629,3.9835481798032605e-18
Prpf8,-0.06465801084335175,0.06465801084335175,4.38791330704654e-06
Nab1,-0.043495293101157774,0.043495293101157774,0.002019641433718082
Ssh2,-0.0014091373437016435,0.0014091373437016435,0.9203646912752216
Chmp7,-0.10246765725790973,0.10246765725790973,3.123062971149964e-13
Ptprj,-0.04213438169755066,0.04213438169755066,0.002783908311074707
Rab11b,-0.07320481833443374,0.07320481833443374,1.9858981414620754e-07
Terf2ip,-0.07720292360292533,0.07720292360292533,4.122626933378558e-08
Haus1,-0.08523348114507236,0.08523348114507236,1.3773879817012361e-09
Reep4,-0.10005036350648358,0.10005036350648358,1.1098320398502918e-12
Abhd10,-0.08315640314462365,0.08315640314462365,3.4221450324631915e-09
Noc2l,-0.10726625174374133,0.10726625174374133,2.306644651584001e-14
Fancg,-0.09360949682133936,0.09360949682133936,2.8148158438402795e-11
Fut8,-0.11997041030638478,0.11997041030638478,1.314300726489209e-17
Golim4,-0.001160920719666276,0.001160920719666276,0.9343572148842942
Arap3,-0.04042085286428612,0.04042085286428612,0.004118794995710803
Uqcr10,0.1143646557611227,0.1143646557611227,3.9342509893605364e-16
Slc38a10,-0.09107005021347495,0.09107005021347495,9.505127360294587e-11
Nfam1,-0.08742342032334907,0.08742342032334907,5.153940536109323e-10
Nolc1,-0.07728962201040072,0.07728962201040072,3.980936743266325e-08
Mrpl10,-0.10217551121637397,0.10217551121637397,3.6460442687356415e-13
G6pdx,-0.03846955439838863,0.03846955439838863,0.006327357082864762
Eif2s3y,-0.056032040430915586,0.056032040430915586,6.936893367048963e-05
6330578E17Rik,-0.05428082042280049,0.05428082042280049,0.00011624561138321902
Vrk1,-0.08786663275464779,0.08786663275464779,4.2117422631228364e-10
Ccnb1,-0.022389104975488947,0.022389104975488947,0.11214110207953684
Rala,-0.025155147240772693,0.025155147240772693,0.07426638140313252
Mcm2,-0.12048285563252394,0.12048285563252394,9.554823361947882e-18
Slc35a5,-0.058706217484236066,0.058706217484236066,3.0642923081255146e-05
Rprd1b,-0.0049875336936278745,0.0049875336936278745,0.7234486246369021
Impa1,-0.1071668945729812,0.1071668945729812,2.4374210679781006e-14
Lypla2,-0.0973243544019824,0.0973243544019824,4.474467849318153e-12
Dsn1,-0.13213027784120915,0.13213027784120915,4.7049730847571134e-21
Bysl,-0.11845323074902682,0.11845323074902682,3.351147110680815e-17
Chmp2b,-0.1258533397853973,0.1258533397853973,3.114056919821104e-19
Tmem216,0.016437226878001865,0.016437226878001865,0.24351200502444068
Fam54b,-0.09995741934347331,0.09995741934347331,1.164587492989308e-12
Las1l,-0.046984513893857084,0.046984513893857084,0.0008521971184858336
Exosc10,-0.09973068961860236,0.09973068961860236,1.3095195977357803e-12
Fundc2,-0.04717516957431057,0.04717516957431057,0.0008115975138552739
Angel2,-0.018259491659133955,0.018259491659133955,0.19512465518652772
Timeless,-0.07224944753821026,0.07224944753821026,2.8576417168791815e-07
Ubtf,-0.08955865908019645,0.08955865908019645,1.9310123634358663e-10
Casp8,-0.15171882493108238,0.15171882493108238,2.5712258800385366e-27
Tmub2,-0.08322304571599479,0.08322304571599479,3.324782030441883e-09
Ggta1,-0.10231659267925164,0.10231659267925164,3.383559782702821e-13
Galk2,-0.12075404882392494,0.12075404882392494,8.066805738885442e-18
C130022K22Rik,-0.05255283810051685,0.05255283810051685,0.00019068107666681265
Nupl1,-0.09691917007401041,0.09691917007401041,5.4870188636965324e-12
Pole2,-0.13295625000856784,0.13295625000856784,2.6686149058477047e-21
Pdap1,0.02283567213969476,0.02283567213969476,0.10515981015049829
Tspan32,-0.05579148091903812,0.05579148091903812,7.453257104353776e-05
Cwc22,-0.08923893829068445,0.08923893829068445,2.2400674493845483e-10
Syne2,0.019392065671648105,0.019392065671648105,0.1688397675468005
Atp6v1d,-0.03610140758518769,0.03610140758518769,0.010403308454591937
Alkbh4,-0.10108055019106453,0.10108055019106453,6.488691196402069e-13
Rab8a,-0.06775444179163904,0.06775444179163904,1.4904183629786526e-06
Polr1e,-0.06823313911347215,0.06823313911347215,1.2559744192061631e-06
Eif4g2,-0.08699732292932329,0.08699732292932329,6.252103055995272e-10
Uqcr11,0.026835935455605947,0.026835935455605947,0.056874192150747356
1810026B05Rik,0.0007851879084691189,0.0007851879084691189,0.9555753316366079
Gtf2i,-0.08643196645554138,0.08643196645554138,8.067078768505416e-10
Bub1,-0.11191580634627016,0.11191580634627016,1.6503373253499444e-15
1500011K16Rik,-0.08860601757786246,0.08860601757786246,3.0008035315873493e-10
Mpi,-0.12001358036111055,0.12001358036111055,1.279535255204312e-17
Tsc22d4,0.0400906699800033,0.0400906699800033,0.0044346879283208894
Pcgf5,-0.10341975481463393,0.10341975481463393,1.8798729757830705e-13
Elf4,-0.026633128406657346,0.026633128406657346,0.05877399388882221
Ubxn2a,-0.021009893914255978,0.021009893914255978,0.13602532707349063
Mapkap1,-0.07423777386375531,0.07423777386375531,1.3330864539640356e-07
Ugp2,-0.06762122411265882,0.06762122411265882,1.5628081582188238e-06
Rfxank,-0.08168176052676746,0.08168176052676746,6.444651115477173e-09
Ece2,-0.08490589188901597,0.08490589188901597,1.5922726078154009e-09
Slk,0.00028700777373586155,0.00028700777373586155,0.9837542877318741
Prelid1,0.13660190080370718,0.13660190080370718,2.09256511976932e-22
Atp13a3,-0.03976418234769434,0.03976418234769434,0.004768469689931819
Depdc1b,-0.04043147247548251,0.04043147247548251,0.004108982584001377
Rpl19,0.3653486107113209,0.3653486107113209,7.531914240005847e-159
Mrps36,-0.06917781633029196,0.06917781633029196,8.930185893067309e-07
Tmem9b,-0.07888586901218507,0.07888586901218507,2.076961640712703e-08
Upf1,-0.05882236800986089,0.05882236800986089,2.955127949569591e-05
Pdpk1,-0.01599840015391461,0.01599840015391461,0.25632766002035534
Hpse,-0.04138599282472071,0.04138599282472071,0.003308944145302116
Pbx2,-0.03537638991883917,0.03537638991883917,0.012051241175125784
Rpp21,-0.03291567694808644,0.03291567694808644,0.01949609775821628
Gpr97,-0.1327264066265085,0.1327264066265085,3.1258789982796145e-21
Arid5b,0.03706139912454525,0.03706139912454525,0.008530836054883627
Srgap2,-0.01650311543856813,0.01650311543856813,0.2416273312011887
Inpp4a,-0.030547109927460472,0.030547109927460472,0.030178729652384453
Mbd1,-0.08512242771912686,0.08512242771912686,1.4468599081543052e-09
Spast,-0.09997789163367277,0.09997789163367277,1.15230372098506e-12
Asxl2,-0.006737601867420601,0.006737601867420601,0.6326365629354552
2700060E02Rik,-0.0540556155420259,0.0540556155420259,0.00012409168410376021
Ctdsp1,-0.16059348346256735,0.16059348346256735,1.906723138386066e-30
Lcp1,0.025295811581798007,0.025295811581798007,0.0726611440771562
Cdv3,-0.0987976760018018,0.0987976760018018,2.1161040905546094e-12
Usp9x,-0.031734742571518204,0.031734742571518204,0.024318660212938454
Dgat2,-0.11450340514680714,0.11450340514680714,3.623910410023884e-16
2610021K21Rik,-0.048381698328198997,0.048381698328198997,0.0005935263722424425
Sh3bgrl,-0.08690285244999318,0.08690285244999318,6.524856504188006e-10
Gltpd1,-0.05539860347904228,0.05539860347904228,8.375462845629351e-05
Sltm,0.03299600096505391,0.03299600096505391,0.019200754550212525
Unc13d,-0.1141881967445887,0.1141881967445887,4.3669953451072215e-16
Ino80e,-0.11487281392231094,0.11487281392231094,2.9104458249596976e-16
Atl2,-0.08026603039183021,0.08026603039183021,1.1713004427645954e-08
Dock10,-0.062347877003411094,0.062347877003411094,9.523754844420834e-06
Yrdc,-0.09701325116923148,0.09701325116923148,5.2335645347220415e-12
Ndufa7,0.029135581461511788,0.029135581461511788,0.038684640180779495
1810008A18Rik,-0.06355011016383445,0.06355011016383445,6.3837973695072735e-06
Zcrb1,-0.029440825243200994,0.029440825243200994,0.03669009448094717
Zfp292,0.05776579804791248,0.05776579804791248,4.100465866461084e-05
Rpl28,0.35099619213624256,0.35099619213624256,6.134735086372572e-146
Fibp,-0.06172611208819691,0.06172611208819691,1.1680230596430883e-05
Akap8,-0.07481229735623633,0.07481229735623633,1.0655797730545878e-07
Krcc1,0.020956219015070308,0.020956219015070308,0.13702865739570513
Neto2,-0.07166367030603295,0.07166367030603295,3.564048746901238e-07
Supt6h,-0.012515896898508178,0.012515896898508178,0.37453958777789487
Ruvbl1,-0.1176096241520624,0.1176096241520624,5.610203602541356e-17
Nudt5,-0.1083554028235547,0.1083554028235547,1.2560293064098986e-14
Abhd16a,-0.08763121601936018,0.08763121601936018,4.68906389438996e-10
Cul2,-0.13034865773734075,0.13034865773734075,1.5793091763656482e-20
Cyth4,-0.05736508442304215,0.05736508442304215,4.636274416501086e-05
Vkorc1,-0.10304942746309702,0.10304942746309702,2.2914724556541276e-13
Cep350,0.03381693696583813,0.03381693696583813,0.016399456167780595
Nbeal2,-0.026692743495576474,0.026692743495576474,0.05821015777026957
Ythdf1,-0.1682167620758548,0.1682167620758548,2.7812836654715862e-33
Blm,-0.03197597891380433,0.03197597891380433,0.023257064071094073
Mrgpra2b,0.11984419673065298,0.11984419673065298,1.4213762825620425e-17
6820431F20Rik,-0.07512646614517994,0.07512646614517994,9.420910166279731e-08
BC031181,-0.00035400863928237856,0.00035400863928237856,0.979962510128749
Neurl3,-0.03745924082436283,0.03745924082436283,0.007847539820606783
Dgcr8,-0.06998571832276486,0.06998571832276486,6.647646612542868e-07
Chst11,-0.07916476096667306,0.07916476096667306,1.8513741756770754e-08
Siglecg,-0.12796980759278084,0.12796980759278084,7.751855103299826e-20
Pigp,-0.07020369507424697,0.07020369507424697,6.135371811807485e-07
Apaf1,-0.06382314973677335,0.06382314973677335,5.8236457658172186e-06
Bcl11a,-0.07496693378025597,0.07496693378025597,1.0029582582371867e-07
Chfr,-0.11368152525194422,0.11368152525194422,5.887420059283263e-16
Ube2w,-0.08903730093917782,0.08903730093917782,2.459284736117068e-10
2610528E23Rik,-0.09587174787861893,0.09587174787861893,9.261474288215507e-12
Ogfr,-0.09388389749013269,0.09388389749013269,2.463161614121831e-11
Ube2d3,0.09226204507856835,0.09226204507856835,5.390709174411541e-11
Pa2g4,-0.1023039149674077,0.1023039149674077,3.406367300378133e-13
Tbc1d2,-0.07952992435377765,0.07952992435377765,1.5916895724958568e-08
Pnpla7,-0.04553239570958152,0.04553239570958152,0.0012289670921314952
Fam188a,-0.07736690483986959,0.07736690483986959,3.8586227777124276e-08
Bloc1s2,-0.03845206298289532,0.03845206298289532,0.006351244385864437
Mrpl11,-0.0716902906414846,0.0716902906414846,3.5285793781198985e-07
5430437P03Rik,-0.0996076160048799,0.0996076160048799,1.3954541857053711e-12
Gdpd3,-0.007110559962731164,0.007110559962731164,0.613923805421099
Rps18,0.3706116563477754,0.3706116563477754,9.407124390033635e-164
Ccdc88a,0.03499324793605557,0.03499324793605557,0.013012309197780675
Sft2d1,-0.04780157462388597,0.04780157462388597,0.0006904943753486968
Klc1,-0.057469147257328525,0.057469147257328525,4.4910788418820155e-05
Tsen15,-0.05141905753389705,0.05141905753389705,0.00026178018127850667
8430410A17Rik,-0.09391996111823209,0.09391996111823209,2.4202680436876132e-11
Polr3h,-0.07319655015654514,0.07319655015654514,1.9922013960178878e-07
Suv420h2,-0.08962977606660079,0.08962977606660079,1.8681549072055804e-10
Akt1,-0.09094364187577372,0.09094364187577372,1.0090107018236472e-10
Csnk1g3,-0.0625488120215116,0.0625488120215116,8.912220179748744e-06
Vkorc1l1,-0.06105569770662568,0.06105569770662568,1.4524827338629844e-05
Trap1,-0.12436687194456032,0.12436687194456032,8.154700933596369e-19
Trip4,-0.06619200543143834,0.06619200543143834,2.5852145477911226e-06
Slmap,-0.03817424778592059,0.03817424778592059,0.006741678595157266
Tspyl1,-0.10306310111087014,0.10306310111087014,2.274810256395308e-13
Agpat5,-0.09283954620753625,0.09283954620753625,4.0849727812352596e-11
Cenpk,-0.08010998830604421,0.08010998830604421,1.2502607752628152e-08
Apex1,-0.11723586421313617,0.11723586421313617,7.040680796473023e-17
Mtmr14,-0.0867346649042804,0.0867346649042804,7.039444517804789e-10
Gatad1,-0.05214647573668551,0.05214647573668551,0.00021376889230271352
Nup50,-0.10916183884569727,0.10916183884569727,7.976938112158106e-15
2410016O06Rik,-0.09769576733606249,0.09769576733606249,3.708617768714296e-12
1110049F12Rik,-0.03282074639613551,0.03282074639613551,0.01985025654050644
Sike1,-0.0359377233393206,0.0359377233393206,0.010756748465778957
Snw1,-0.027438829190605432,0.027438829190605432,0.051525902747788455
Txn1,0.31025176200051996,0.31025176200051996,8.40606982419719e-113
Cstb,-0.008641650394987693,0.008641650394987693,0.5398022653832542
Entpd5,-0.1168369280804904,0.1168369280804904,8.964953748876225e-17
Ccdc109a,-0.13285028003239877,0.13285028003239877,2.8705749480837625e-21
Dnajc13,-0.055187479219233525,0.055187479219233525,8.914559760592792e-05
Mapk14,-0.11484041042138232,0.11484041042138232,2.967044247401994e-16
Ash2l,-0.1372526607572086,0.1372526607572086,1.3186379670226195e-22
Mcpt8,-0.019819228115319148,0.019819228115319148,0.15964808116079465
Fkbp1a,-0.08568224618214261,0.08568224618214261,1.1283023221231707e-09
Utp18,-0.11357005600072903,0.11357005600072903,6.286247373247521e-16
Abcc5,-0.02563047422077091,0.02563047422077091,0.06895596045925756
Ccdc61,-0.08560384317275024,0.08560384317275024,1.1684020458468714e-09
Trmt2a,-0.09413431616578141,0.09413431616578141,2.1800000095770168e-11
Mgrn1,-0.09286465063779277,0.09286465063779277,4.035860874032603e-11
Prpf39,-0.03250561996174883,0.03250561996174883,0.021066469568337697
Mettl10,-0.08329817360874724,0.08329817360874724,3.218253769817401e-09
H2-Ke6,-0.07457195719580216,0.07457195719580216,1.1704814268792145e-07
Fam134c,-0.08955821212668441,0.08955821212668441,1.9314138662775678e-10
Gnl3,-0.09697958736739036,0.09697958736739036,5.3229082774738825e-12
Ppil3,-0.05800496391888604,0.05800496391888604,3.809238976975335e-05
2700007P21Rik,-0.05373583476806248,0.05373583476806248,0.0001360938760391446
Cyb5r1,-0.10073669242792899,0.10073669242792899,7.766460504873732e-13
Dhrsx,-0.0690945873527615,0.0690945873527615,9.204224172447524e-07
Lsm12,0.015055524350918493,0.015055524350918493,0.2854270185684773
Xrcc6,-0.11779887385611126,0.11779887385611126,4.9993709351875495e-17
Ccdc88b,-0.07180760330593924,0.07180760330593924,3.3762870959396493e-07
Chek1,-0.04182736537139097,0.04182736537139097,0.002989338521026391
Ahcy,-0.13159876359891337,0.13159876359891337,6.7641014354417305e-21
Supt16h,-0.017938996953900627,0.017938996953900627,0.2030807283410986
Sh3glb2,-0.08354641085128801,0.08354641085128801,2.8893620786348056e-09
Spsb2,-0.04799890041377474,0.04799890041377474,0.000655970156972986
Gm2a,-0.09629358996086557,0.09629358996086557,7.506027688405674e-12
Cinp,-0.08124743944025668,0.08124743944025668,7.749311223208738e-09
Zc3h14,-0.15650625175934887,0.15650625175934887,5.553933432785676e-29
Zfp263,-0.09213137061208108,0.09213137061208108,5.738529558232199e-11
Dnajc30,-0.08381542213826365,0.08381542213826365,2.5698868411857056e-09
Pcyox1l,-0.1769170738368814,0.1769170738368814,1.0950253752331946e-36
Gfm1,-0.11040452903582636,0.11040452903582636,3.937049111285436e-15
Rnf25,-0.0664531728577656,0.0664531728577656,2.3598182072551927e-06
Ap2b1,-0.054185160244916,0.054185160244916,0.00011951945980691278
Rev1,-0.037788824640053224,0.037788824640053224,0.007319050450407651
Rsrc1,-0.02914363552704273,0.02914363552704273,0.038630852967964834
Rcbtb2,-0.11183513754799582,0.11183513754799582,1.7292477196758198e-15
Dctn3,0.021396218843903362,0.021396218843903362,0.12897033356139775
Fgr,-0.018703597750089777,0.018703597750089777,0.1844811338800357
Map3k11,-0.0667562813439543,0.0667562813439543,2.1218539276440557e-06
Nae1,-0.1311446793088298,0.1311446793088298,9.212687963161273e-21
Noa1,-0.0828602820615302,0.0828602820615302,3.889383453551295e-09
Tmcc1,-0.020029469792005157,0.020029469792005157,0.1552654179838622
Tpr,0.17175263580858058,0.17175263580858058,1.2083761938580051e-34
Arrb1,-0.009693181343557487,0.009693181343557487,0.4916291999897722
Pum2,-0.01773026391633818,0.01773026391633818,0.2083878455635738
Whsc2,-0.1287793332942601,0.1287793332942601,4.5260876862526516e-20
Zfp871,0.02176789788461083,0.02176789788461083,0.12245427460477473
Zfp414,-0.08862513861655756,0.08862513861655756,2.9745026266450893e-10
Gadd45a,-0.006519339586453403,0.006519339586453403,0.643698736496059
Stx12,-0.06791732029691512,0.06791732029691512,1.4062841738075712e-06
Csnk1d,-0.04413131450497014,0.04413131450497014,0.0017331398609304054
Mbtd1,-0.050966723953993154,0.050966723953993154,0.00029654905617964943
Slc35d2,-0.08397601534664512,0.08397601534664512,2.3958517134897473e-09
Dcun1d1,-0.07094311432521111,0.07094311432521111,4.6659574160419487e-07
Cobra1,-0.13322503291382126,0.13322503291382126,2.2172263213649043e-21
Birc6,-0.005343754375426693,0.005343754375426693,0.7045936147088276
Dcp2,-0.059318932431065445,0.059318932431065445,2.5287386058346e-05
Nup93,-0.1403553055193077,0.1403553055193077,1.4144425370246355e-23
Urm1,-0.05421796894427807,0.05421796894427807,0.00011838695346655974
Ehmt1,-0.007737065862605799,0.007737065862605799,0.5830527391778741
Skp2,-0.057020383397940536,0.057020383397940536,5.149662310053793e-05
Gnpat,-0.10055434667319206,0.10055434667319206,8.541119586910627e-13
Rbm18,-0.045482646756642035,0.045482646756642035,0.0012442580932216917
Med25,-0.10091694974154215,0.10091694974154215,7.068576961218677e-13
Cd84,0.02219645989418956,0.02219645989418956,0.11526339410427189
Kctd9,-0.06009684616619006,0.06009684616619006,1.976242934806046e-05
Cul1,-0.10159545868041217,0.10159545868041217,4.951849258153285e-13
Adam10,-0.05156117330853174,0.05156117330853174,0.00025167062866802433
2010002N04Rik,-0.08796362423212184,0.08796362423212184,4.02918598146209e-10
Dhdds,-0.07134298623241485,0.07134298623241485,4.019306736423417e-07
Mtf1,-0.11075828640560009,0.11075828640560009,3.2154457495377088e-15
Txnrd2,-0.07930939411198644,0.07930939411198644,1.743941440660993e-08
Rps19bp1,-0.0570354118659276,0.0570354118659276,5.126198969973798e-05
Itpk1,-0.10281963607022769,0.10281963607022769,2.5901010301754844e-13
Nudt16l1,-0.09376592117809146,0.09376592117809146,2.6087435404520132e-11
Lsm14a,-0.11137246623022196,0.11137246623022196,2.259001156741099e-15
Igf2bp3,-0.11941236388017265,0.11941236388017265,1.8570155290600197e-17
Sucla2,-0.09107850772724108,0.09107850772724108,9.467194161860067e-11
Chchd4,-0.08201210171223916,0.08201210171223916,5.5979489515183795e-09
Uimc1,-0.08187936154632798,0.08187936154632798,5.9243054208739685e-09
Sos2,-0.03127421751634839,0.03127421751634839,0.026462251711256247
Srsf1,-0.09004882487320306,0.09004882487320306,1.5363894802817484e-10
Tom1,-0.12392296558852378,0.12392296558852378,1.0846508837965412e-18
Dnaja1,-0.05307709639366481,0.05307709639366481,0.00016434619241271134
Exosc6,-0.0758790413489733,0.0758790413489733,6.999805171605478e-08
Zdhhc4,-0.08334128546110511,0.08334128546110511,3.158630976671671e-09
Plk4,-0.08730784380978437,0.08730784380978437,5.431658425617573e-10
Rdbp,-0.09969430023868532,0.09969430023868532,1.3343725201282109e-12
Pdcl,-0.07231279208381207,0.07231279208381207,2.789904036862379e-07
Nudt3,-0.08035103964553665,0.08035103964553665,1.1303451405721865e-08
2210013O21Rik,-0.10866561246467503,0.10866561246467503,1.0551863472881414e-14
Arglu1,0.045939679446269234,0.045939679446269234,0.001110154998715364
Hist2h2bb,-0.052890979936579756,0.052890979936579756,0.000173276867244936
Ckap2,-0.08221288848794168,0.08221288848794168,5.1372714941890045e-09
Timm10,-0.051640460645984515,0.051640460645984515,0.0002461907050068568
Ndrg3,-0.06565672221686607,0.06565672221686607,3.113448132996104e-06
Dclre1b,-0.08510859319009059,0.08510859319009059,1.4557499987163225e-09
Bckdha,-0.10889344482080256,0.10889344482080256,9.281461628217354e-15
Gpsm2,-0.07608878090543225,0.07608878090543225,6.440420250537389e-08
Pppde2,-0.07471725849077608,0.07471725849077608,1.1059261625000543e-07
Bcap29,-0.10975822468752794,0.10975822468752794,5.689752834097438e-15
AA467197,0.1487734499501303,0.1487734499501303,2.5605643170298522e-26
Kri1,-0.05289364156214461,0.05289364156214461,0.00017314599529817342
Pck2,-0.0694843538170172,0.0694843538170172,7.987042391180558e-07
Prrc1,-0.0705719262153547,0.0705719262153547,5.355195878901891e-07
Mgea5,-0.031710081236419364,0.031710081236419364,0.024429515642767286
Wdfy1,-0.25326393836702366,0.25326393836702366,1.5166118055524944e-74
Rplp1,0.2789664374373516,0.2789664374373516,1.1036060202128655e-90
2310004I24Rik,-0.07129560409017158,0.07129560409017158,4.091157856257586e-07
Tcerg1,-0.012606187434464962,0.012606187434464962,0.37110321722761497
Ndufb8,0.03444595499552527,0.03444595499552527,0.014502565721701995
Elovl5,-0.12669211501604186,0.12669211501604186,1.7997134187319724e-19
Mtmr3,-0.07076047969443129,0.07076047969443129,4.993648908925913e-07
Lbh,-0.1258291320264888,0.1258291320264888,3.163554293886002e-19
Rnf40,-0.1023900192423747,0.1023900192423747,3.2543826207368975e-13
Hbb-b2,0.18650668507656318,0.18650668507656318,1.193884390841574e-40
Ubfd1,-0.10795057186506471,0.10795057186506471,1.5755377351616213e-14
Ccne2,-0.04441070698175683,0.04441070698175683,0.0016195148375989204
Ppm1a,-0.06690187421429288,0.06690187421429288,2.0159142017120974e-06
Bak1,-0.1421626462603703,0.1421626462603703,3.7637091820369865e-24
Rgs10,0.024932643995279318,0.024932643995279318,0.07686461256938364
Ptma,0.3046199365277797,0.3046199365277797,1.2971381215606304e-108
2310061C15Rik,-0.014498489970407742,0.014498489970407742,0.303629693664784
Plbd1,0.03330725163861502,0.03330725163861502,0.018092929489998785
Fam173b,-0.06777494701403247,0.06777494701403247,1.4795661973294675e-06
Fam82a2,-0.08950763521307235,0.08950763521307235,1.9773781712814158e-10
Tmem154,-0.020815279621924924,0.020815279621924924,0.13969036679026814
Rpl32,0.38225089870371026,0.38225089870371026,6.300891679696546e-175
Tmem29,-0.02461782777150225,0.02461782777150225,0.08066687149037306
Txlna,-0.06765796779469044,0.06765796779469044,1.5425112188742482e-06
Dnajc14,-0.14035458855885546,0.14035458855885546,1.415180723060197e-23
Dnm1l,-0.015385081406697122,0.015385081406697122,0.2750122592188962
Herc4,-0.07990888513225479,0.07990888513225479,1.359679659780856e-08
Pxmp3,-0.10453839315637085,0.10453839315637085,1.0293007853261345e-13
Ccar1,-0.049147996133444685,0.049147996133444685,0.00048479596664514245
Itgb3bp,-0.10182774307336367,0.10182774307336367,4.3814558258767755e-13
Ipo5,-0.11725387757745019,0.11725387757745019,6.964149706678049e-17
Ncapg,-0.04755237285332694,0.04755237285332694,0.0007365076300472266
Med20,-0.0878758749181008,0.0878758749181008,4.1940045671324044e-10
Nme1,-0.017921599855621157,0.017921599855621157,0.20351926111634333
Nap1l1,-0.023779413688848054,0.023779413688848054,0.09154173638159857
Mrpl54,-0.014773218398758727,0.014773218398758727,0.2945579229989367
Arf1,0.031249226472763306,0.031249226472763306,0.026583105916618645
Jtb,-0.02456326172461478,0.02456326172461478,0.08134117792634406
Stat5b,-0.07061334901852735,0.07061334901852735,5.273667947256319e-07
1110001J03Rik,-0.03596602368391876,0.03596602368391876,0.010694887345983683
Mrps5,-0.07748101403684457,0.07748101403684457,3.684661158883996e-08
Ddx6,0.010897590595112399,0.010897590595112399,0.43941816900910236
Pebp1,-0.08288979134428638,0.08288979134428638,3.840169502430235e-09
2010321M09Rik,-0.14866034416050963,0.14866034416050963,2.794255882624343e-26
Rbm28,-0.05552023284182887,0.05552023284182887,8.079026409270738e-05
Pwp1,-0.14273670467153393,0.14273670467153393,2.4627327743998338e-24
Cbx5,-0.041098123444959715,0.041098123444959715,0.003533844200685269
Senp2,-0.1285597225044335,0.1285597225044335,5.2391929931643113e-20
Vmp1,-0.08825988025684682,0.08825988025684682,3.518102208892328e-10
Tmem126a,-0.08000461458391714,0.08000461458391714,1.3064813979678872e-08
Vav1,-0.13357799869403073,0.13357799869403073,1.7373148714099916e-21
Smc5,-0.06665514305082038,0.06665514305082038,2.1985712963117357e-06
Mmp9,0.06880552832864145,0.06880552832864145,1.0220251451867987e-06
Cnbp,-0.1074718442442796,0.1074718442442796,2.0575629130431114e-14
9030624J02Rik,-0.12131807621386187,0.12131807621386187,5.6657963088632325e-18
Nt5dc2,-0.13618625595998876,0.13618625595998876,2.8071532562027914e-22
Rab35,-0.058189120474345386,0.058189120474345386,3.598487235259067e-05
Tex261,-0.03830755952799947,0.03830755952799947,0.006551711549504372
Mis12,-0.0411041818300803,0.0411041818300803,0.003528971235590076
Pdcd6ip,-0.12001960261038998,0.12001960261038998,1.2747581222315255e-17
Rabif,-0.08865895488986647,0.08865895488986647,2.928538341164888e-10
Tap2,-0.10052406364522713,0.10052406364522713,8.676911623380563e-13
Lgals8,-0.10297532263614798,0.10297532263614798,2.383880286411858e-13
Nmi,-0.05627263629975377,0.05627263629975377,6.454423254522911e-05
Rnf145,-0.10592338277562444,0.10592338277562444,4.839680455241965e-14
Sec63,-0.03744193032294909,0.03744193032294909,0.007876219079501114
Acsl1,-0.11075834849826133,0.11075834849826133,3.2153313011218106e-15
Ppp3cb,-0.035003892680590155,0.035003892680590155,0.012984718649322925
Med4,-0.0705743130206133,0.0705743130206133,5.350465391845021e-07
Pigy,-0.06010301044374871,0.06010301044374871,1.9723629250402873e-05
Lasp1,-0.05820796557801553,0.05820796557801553,3.577556164796557e-05
Cdk16,-0.07608026438901944,0.07608026438901944,6.462265842950476e-08
Pon2,-0.08819317920568508,0.08819317920568508,3.627340663122944e-10
Atp5o,0.109022805382656,0.109022805382656,8.628429002680107e-15
1110003E01Rik,0.07590884271092442,0.07590884271092442,6.91754823073962e-08
Nol12,-0.09167036980783534,0.09167036980783534,7.149882564651251e-11
Ptov1,-0.11328802578679426,0.11328802578679426,7.418062766766809e-16
Utp23,-0.06745385640700202,0.06745385640700202,1.6585532950340014e-06
Upf2,0.02113297464374615,0.02113297464374615,0.13374602867613733
Ppp1r12a,-0.0018060550697348407,0.0018060550697348407,0.8980424635762144
2310033P09Rik,-0.05927133118369783,0.05927133118369783,2.5669279861398535e-05
Lsm10,-0.039000456792773405,0.039000456792773405,0.0056397157020179325
Ccz1,-0.09089898094313456,0.09089898094313456,1.0305080789909198e-10
Paip2,-0.0268178006620445,0.0268178006620445,0.057041964457459224
Rab22a,-0.06155186342718644,0.06155186342718644,1.236363820368249e-05
Prpf6,-0.011294224864454408,0.011294224864454408,0.4229471245336104
Glrx5,0.012140522042611528,0.012140522042611528,0.38903575508260374
Klhdc3,-0.08164352136574389,0.08164352136574389,6.5503569747083675e-09
Rbm4,-0.06206913625428848,0.06206913625428848,1.043876198234826e-05
Tor1a,-0.04796089014144115,0.04796089014144115,0.0006624930479740555
Psd4,-0.0812605946498159,0.0812605946498159,7.7062672523923e-09
Chd7,0.014287500522543172,0.014287500522543172,0.3107214498072985
Tmem131,-0.04620689878477666,0.04620689878477666,0.0010380697906416598
Msrb2,-0.014923117872780473,0.014923117872780473,0.28968548066594113
Ilf3,-0.09384379355850507,0.09384379355850507,2.5117345160796526e-11
Med11,-0.05228946095383196,0.05228946095383196,0.0002053611592181165
Mknk2,-0.13139340039013037,0.13139340039013037,7.779480384289215e-21
Ppp2ca,-0.16402753246885307,0.16402753246885307,1.0463732614137238e-31
Th1l,-0.08952984556890713,0.08952984556890713,1.9570633169283632e-10
Sla,-0.04629492922488352,0.04629492922488352,0.0010152874903649235
Ube2d1,-0.09709107187345711,0.09709107187345711,5.032615575063468e-12
Tmem170b,-0.05420581818162102,0.05420581818162102,0.00011880519465515882
Psmd14,-0.022555600593560984,0.022555600593560984,0.10949668909839083
1810006K21Rik,9.974577615818705e-05,9.974577615818705e-05,0.9943536734787795
Vps53,-0.11472672933995862,0.11472672933995862,3.1743188096163946e-16
Cct3,-0.10724721596645849,0.10724721596645849,2.331153858017353e-14
Nedd1,-0.07218777626859088,0.07218777626859088,2.9251139074458064e-07
Mosc2,-0.06772462450058953,0.06772462450058953,1.5063354542739562e-06
Plekha2,-0.09673996648809523,0.09673996648809523,6.003498148472536e-12
Ier5,0.029120955681335426,0.029120955681335426,0.038782477732405646
Cyb5b,-0.0991538951892456,0.0991538951892456,1.7627423742257064e-12
Numa1,-0.06533193779852547,0.06533193779852547,3.482857828246568e-06
Nsfl1c,-0.08334917835060983,0.08334917835060983,3.147832331820501e-09
Gak,-0.04956613081342943,0.04956613081342943,0.0004336027486235203
Ica1,-0.06869685054684475,0.06869685054684475,1.0629487034014972e-06
Cnot2,-0.1367583630886919,0.1367583630886919,1.873046268360377e-22
Wdr26,0.015204843578031063,0.015204843578031063,0.28067560998117425
Nup210,-0.0420701023186231,0.0420701023186231,0.0028258203810831435
Eprs,-0.062341909858236726,0.062341909858236726,9.542514498208207e-06
Beta-s,0.3706615658799877,0.3706615658799877,8.443385871343624e-164
Setx,-0.00716542514862393,0.00716542514862393,0.6111917027827335
2410004B18Rik,-0.04704493164844081,0.04704493164844081,0.0008391319091849648
Fadd,-0.11656187913821513,0.11656187913821513,1.0584896137167278e-16
Nudcd3,-0.01300189309723726,0.01300189309723726,0.3562749075415953
Eif3e,0.005273065679592487,0.005273065679592487,0.7083212484875234
Nkap,-0.018447745206758567,0.018447745206758567,0.19055922414334295
Ywhah,0.017538026969345855,0.017538026969345855,0.21336379943756079
March5,-0.06305123559408157,0.06305123559408157,7.542967514874113e-06
Naa40,-0.11628190307670487,0.11628190307670487,1.252975998503979e-16
Zmynd11,-0.0465606109307167,0.0465606109307167,0.0009493041240329073
Cd33,-0.013781630267609387,0.013781630267609387,0.3281663202499642
Dlgap5,-0.06606496064325236,0.06606496064325236,2.7021913261908867e-06
Trmt112,-0.06723558385717517,0.06723558385717517,1.7919151438771366e-06
Lgals1,-0.008592822000537735,0.008592822000537735,0.5420952711835857
BC013529,-0.07572898275038248,0.07572898275038248,7.428596308936614e-08
Pdzd8,-0.030498652575503885,0.030498652575503885,0.030441614302425188
Gsk3a,-0.03490444971040566,0.03490444971040566,0.013244496208104507
Rps26,0.24760043180156405,0.24760043180156405,3.1545973563191524e-71
Mbd6,-0.06264378841732847,0.06264378841732847,8.636395918435552e-06
Mrpl52,-0.019442141765031132,0.019442141765031132,0.16774212807265845
Pdk3,-0.11403690927814172,0.11403690927814172,4.775104458543382e-16
Dpp9,-0.1168816861286245,0.1168816861286245,8.725554405800799e-17
Relt,-0.06144920251325241,0.06144920251325241,1.2783960870305822e-05
Magt1,-0.08565853110917022,0.08565853110917022,1.1402878783372357e-09
Nek7,-0.04538212872651723,0.04538212872651723,0.001275690950794733
Tnfrsf1a,-0.09539015203159988,0.09539015203159988,1.17597657153344e-11
Pdha1,-0.13878948750734305,0.13878948750734305,4.39184600262347e-23
Ddx3y,-0.047274159239350654,0.047274159239350654,0.0007912326833731326
2610301G19Rik,-0.12305129339971278,0.12305129339971278,1.8934416372005665e-18
Nck1,-0.05726951039725353,0.05726951039725353,4.773536489265651e-05
Vars,-0.1486350067536284,0.1486350067536284,2.849437334232684e-26
Mrps12,-0.04814689336732706,0.04814689336732706,0.0006311378836871468
Kif20a,-0.11649286907620034,0.11649286907620034,1.1034675030015621e-16
Ngrn,-0.03982164669689398,0.03982164669689398,0.004708121540544886
Rtn4,-0.06167767031680315,0.06167767031680315,1.1866513838016703e-05
Erich1,-0.005561238885468605,0.005561238885468605,0.6931697232633097
Impdh1,-0.1473081426532509,0.1473081426532509,7.896541499498238e-26
Mad1l1,-0.06765377477985988,0.06765377477985988,1.54481453979221e-06
Nudc,-0.07120849817610687,0.07120849817610687,4.2264920986308087e-07
Gnb2l1,0.1437217040813265,0.1437217040813265,1.184649298025014e-24
Scd2,-0.06660669272978553,0.06660669272978553,2.2362594656510074e-06
Rad21,-0.06966103099500347,0.06966103099500347,7.487821252380245e-07
Actl6a,-0.15796563690173718,0.15796563690173718,1.6836165107310676e-29
Bbip1,0.01921376584922562,0.01921376584922562,0.17279175430238655
Syncrip,-0.06939877437994127,0.06939877437994127,8.240231785335669e-07
Rbfa,-0.017962007710710496,0.017962007710710496,0.20250174805365684
Rnf6,-0.05523120984912214,0.05523120984912214,8.800273221362127e-05
Mcm4,-0.13703907795565473,0.13703907795565473,1.534812142516943e-22
Selenbp1,-0.05613095306989884,0.05613095306989884,6.734552463683497e-05
Ptprcap,-0.07582598941764788,0.07582598941764788,7.148587504947423e-08
Cdc34,-0.11547818228978317,0.11547818228978317,2.0288919745369892e-16
Srsf10,-0.0956177678037617,0.0956177678037617,1.0506113665146441e-11
Dnajc1,-0.04814503622994446,0.04814503622994446,0.0006314440082873668
Faf1,-0.09329592684011923,0.09329592684011923,3.277006308107697e-11
Phf12,-0.06486501649722497,0.06486501649722497,4.088328308393171e-06
Eci2,-0.052640312366302136,0.052640312366302136,0.00018602765579710224
Slc25a24,-0.022896625509166994,0.022896625509166994,0.10423425588151736
Rassf5,-0.10565359654530043,0.10565359654530043,5.6103511346996677e-14
Ift20,-0.04174550338715576,0.04174550338715576,0.0030464010032266835
Ssb,0.01221435979601572,0.01221435979601572,0.3861576469135246
Cdipt,-0.10690104345942485,0.10690104345942485,2.824264088031055e-14
Hgsnat,-0.0931839001572731,0.0931839001572731,3.459504326487669e-11
Wdr33,-0.023869334110372915,0.023869334110372915,0.09032176429195936
Mdm2,-0.08537207586721418,0.08537207586721418,1.2952348381208027e-09
Plod3,-0.14805015075887548,0.14805015075887548,4.470803219427987e-26
Pfkp,-0.08574576745201488,0.08574576745201488,1.0968004997152447e-09
Pcbp2,0.026850155240238233,0.026850155240238233,0.05674292645081925
Gins2,-0.07301974828347792,0.07301974828347792,2.1317062546994858e-07
Hmgxb4,-0.024264744138986223,0.024264744138986223,0.08511150734253092
Cox16,-0.017563933330279058,0.017563933330279058,0.21268827290050074
Uchl3,-0.10531133853258763,0.10531133853258763,6.763460809074198e-14
Idh3g,-0.07435259756940477,0.07435259756940477,1.2748952611100572e-07
Ccdc28b,-0.09100868702502202,0.09100868702502202,9.784834515440267e-11
Coasy,-0.10823606793565332,0.10823606793565332,1.3429269731119318e-14
Nedd9,-0.06565617271643448,0.06565617271643448,3.1140401701526468e-06
Anapc5,-0.0472436502884277,0.0472436502884277,0.0007974580799549256
Prc1,-0.026514522895458574,0.026514522895458574,0.05990924338299706
Otud6b,-0.09183555418687403,0.09183555418687403,6.60897239487729e-11
Eci1,-0.07328583351266225,0.07328583351266225,1.9251469325224085e-07
1700123O20Rik,-0.017281660024801575,0.017281660024801575,0.22013232965090568
Med17,-0.12006909857534245,0.12006909857534245,1.2361564058923712e-17
Smek1,-0.06758127154424728,0.06758127154424728,1.5851688907661848e-06
Ddx49,-0.10412564880529465,0.10412564880529465,1.2864223521108454e-13
Vps26a,-0.1274069049879411,0.1274069049879411,1.1246540522198787e-19
Mical1,-0.07956738117475425,0.07956738117475425,1.5671457256711753e-08
Rfwd3,-0.10123981003842197,0.10123981003842197,5.969137162191021e-13
Rab24,0.04458804040820502,0.04458804040820502,0.0015509947456181941
Pop4,-0.08936391420075511,0.08936391420075511,2.1139011602167094e-10
Ergic2,-0.05884340582316911,0.05884340582316911,2.9357549888873487e-05
Casp2,-0.11472463362531074,0.11472463362531074,3.1782708570722816e-16
Asl,-0.05931715234687234,0.05931715234687234,2.5301569496200222e-05
Ninj1,-0.08249238421599471,0.08249238421599471,4.556902677113653e-09
Sec23ip,-0.11490521663329631,0.11490521663329631,2.8549129056732983e-16
E330016A19Rik,-0.03255729401583893,0.03255729401583893,0.020862693763868283
Fbl,-0.07675658171711247,0.07675658171711247,4.933005144306047e-08
Upf3a,-0.055628127589280596,0.055628127589280596,7.824388640220557e-05
Ndufc1,0.0050353106347922035,0.0050353106347922035,0.7209096939751103
Sdhaf2,-0.11258050957547676,0.11258050957547676,1.1216977603948676e-15
Wdr45l,-0.050010137891412114,0.050010137891412114,0.0003847939499463289
Rrp1,-0.08237720933143997,0.08237720933143997,4.787892873479028e-09
Miip,-0.08594311721333177,0.08594311721333177,1.0043015218854479e-09
Tnnt1,0.025881929012534746,0.025881929012534746,0.06627530787529859
2310009B15Rik,-0.052391719195024514,0.052391719195024514,0.00019953976976946607
Cdkn3,0.031630034727954434,0.031630034727954434,0.024792355524890366
Polr3k,-0.1207263061495233,0.1207263061495233,8.20786714042675e-18
Dctn1,-0.10692911529987666,0.10692911529987666,2.7807215208207855e-14
Arhgap27,-0.07676566632857573,0.07676566632857573,4.91506839562515e-08
Nkg7,-0.047071402513028264,0.047071402513028264,0.0008334663659582157
Srpk2,-0.021650037388520234,0.021650037388520234,0.12449208587760019
Rnf113a2,-0.05238449853300532,0.05238449853300532,0.00019994568971293657
Gng12,-0.012108929181079598,0.012108929181079598,0.3902711839514796
Hist1h1b,0.043037356097963476,0.043037356097963476,0.00225215406433685
Dck,-0.03164006940668754,0.03164006940668754,0.024746615368529196
Psme2,-0.030836593987870285,0.030836593987870285,0.028648540142012655
Tsg101,-0.09394697197844488,0.09394697197844488,2.3886213426624882e-11
Tlk1,-0.07265792060365263,0.07265792060365263,2.447219743672762e-07
Cotl1,0.21376759482799493,0.21376759482799493,3.891372943414402e-53
Tyms,-0.06446663826220285,0.06446663826220285,4.6834907418823046e-06
Cox7c,0.19880652959666364,0.19880652959666364,4.666413518502081e-46
Irak3,-0.10483520741713495,0.10483520741713495,8.763293041391564e-14
Rcc2,-0.10004967811809722,0.10004967811809722,1.1102264216065533e-12
Hlx,-0.10516907972074539,0.10516907972074539,7.308599225961555e-14
Pspc1,-0.08498008006826012,0.08498008006826012,1.5409172368338872e-09
Zmpste24,0.02952954048814187,0.02952954048814187,0.03612709427646315
Gng10,-0.01779566457960236,0.01779566457960236,0.20671430606901042
Irf3,-0.09517026719329368,0.09517026719329368,1.310943531964469e-11
Gclm,-0.028015445309839383,0.028015445309839383,0.046810964773793706
Gltp,-0.10317780244958533,0.10317780244958533,2.139645371733965e-13
Cebpd,0.10318410975269153,0.10318410975269153,2.1324460874051447e-13
Rsl1d1,-0.08651167693609754,0.08651167693609754,7.783093146366338e-10
Ctnnb1,-0.10085676914362839,0.10085676914362839,7.294438888402635e-13
Nisch,-0.055158840753637875,0.055158840753637875,8.990162116796104e-05
Pgam5,-0.11175180718617518,0.11175180718617518,1.8146616785903015e-15
Oaz2,-0.04389661097927705,0.04389661097927705,0.0018342058287259392
Tcea1,-0.08557170620699062,0.08557170620699062,1.18523707973419e-09
Ap4s1,-0.025059095980987305,0.025059095980987305,0.07537905986959886
Ndufab1,-0.06953219160270131,0.06953219160270131,7.848794342712836e-07
Ino80b,-0.11382302358053374,0.11382302358053374,5.416887072517474e-16
Arhgef2,-0.10489617899289201,0.10489617899289201,8.477921004485373e-14
Nsun2,-0.09062324699724413,0.09062324699724413,1.1734936873349484e-10
Rogdi,-0.0312619284725665,0.0312619284725665,0.026521620875944753
Ppp2r1b,-0.102890840114834,0.102890840114834,2.493697917897425e-13
Igsf6,0.029151906391191803,0.029151906391191803,0.03857568405043045
Fnta,-0.0836257427972932,0.0836257427972932,2.7913314274694486e-09
Armc3,0.024993717484366906,0.024993717484366906,0.07614417169202183
Cd300a,-0.06747817149173828,0.06747817149173828,1.6443016452766007e-06
Upf3b,0.0296506495429663,0.0296506495429663,0.035370416494461675
6330418K02Rik,-0.058191038993069,0.058191038993069,3.596351052429753e-05
Coq9,-0.08842765516491975,0.08842765516491975,3.257332754996222e-10
Plscr1,-0.041332531361744376,0.041332531361744376,0.0033496993538930544
Adam15,-0.1272235224885014,0.1272235224885014,1.2691529524903174e-19
Asnsd1,0.015885961880005958,0.015885961880005958,0.25968538402769803
Uhrf2,-0.0857267227343396,0.0857267227343396,1.106154165692334e-09
Usp4,-0.11100061247254946,0.11100061247254946,2.7979975442224764e-15
Eef1g,-0.0457825623965465,0.0457825623965465,0.0011546712487023453
Tk1,-0.022497552900201556,0.022497552900201556,0.11041299503369918
Zc3h18,-0.05168708103542194,0.05168708103542194,0.0002430209953529907
Ciz1,-0.09231287459766835,0.09231287459766835,5.261058972402259e-11
Ctdnep1,-0.02209921586830289,0.02209921586830289,0.11686522490900951
Plek,0.024761623648900558,0.024761623648900558,0.0789116146753375
Ttc5,-0.07124906469973807,0.07124906469973807,4.1629362253298456e-07
Rab5a,-0.0936430110682938,0.0936430110682938,2.7693651031498276e-11
Fbxl14,-0.08302530763025993,0.08302530763025993,3.621836026518862e-09
Tle3,-0.0734385446469829,0.0734385446469829,1.815479574832338e-07
Nosip,-0.0562355976511488,0.0562355976511488,6.526570518751444e-05
Dnajc10,-0.10344853324303467,0.10344853324303467,1.8511162842510572e-13
Peli1,0.014143127353383612,0.014143127353383612,0.31563657788534516
Ddx24,0.00032321746748820905,0.00032321746748820905,0.9817050227948108
Ube2e1,-0.10311202013525639,0.10311202013525639,2.2161679172348831e-13
Tufm,-0.08796449449562048,0.08796449449562048,4.0275834588399415e-10
Fam114a2,-0.03900390237215018,0.03900390237215018,0.005635482077469321
l7Rn6,-0.10598479341352929,0.10598479341352929,4.679360024965392e-14
Ppp1r10,-0.020079197666986966,0.020079197666986966,0.15424227846400487
Ubr2,0.024503675866336852,0.024503675866336852,0.08208273338079877
Hsd11b1,-0.0020255119084625446,0.0020255119084625446,0.885733839578789
Actn4,-0.05448573651382864,0.05448573651382864,0.00010951498008517909
H2afy,-0.040754554884635114,0.040754554884635114,0.0038204103375103593
Rnf146,-0.055527228296440634,0.055527228296440634,8.062282135681546e-05
Timm8a1,-0.07691800659886926,0.07691800659886926,4.6235364664132825e-08
1190007I07Rik,-0.09854157573778019,0.09854157573778019,2.4121827918351214e-12
Rab8b,-0.02853769455750048,0.02853769455750048,0.042859058202575635
Tmem147,-0.07111123659295589,0.07111123659295589,4.382707373755805e-07
Lyrm5,-0.049837271042865616,0.049837271042865616,0.0004031524383201324
5730419I09Rik,-0.07419367891414602,0.07419367891414602,1.356108962489517e-07
Tsnax,-0.14164011163934948,0.14164011163934948,5.528693071414756e-24
Palm,-0.12390996353479948,0.12390996353479948,1.093734125790289e-18
Hnrpll,-0.13169623300224564,0.13169623300224564,6.329185826903544e-21
Rasgrp4,-0.004699832938449579,0.004699832938449579,0.738800922177813
Fam100a,-0.12521390904488908,0.12521390904488908,4.71829842804726e-19
Shc1,-0.13835072733302953,0.13835072733302953,6.018920711465213e-23
Rn45s,0.19510778323702666,0.19510778323702666,2.1577590310606677e-44
Rap1gds1,-0.07045774605395749,0.07045774605395749,5.586263184577425e-07
Alyref,-0.13647948562927587,0.13647948562927587,2.281901450398746e-22
Eif2b2,-0.06802339238844311,0.06802339238844311,1.353968577591604e-06
Snrpd2,0.026355075383015524,0.026355075383015524,0.06146400950561781
Slc16a6,-0.0682767474042611,0.0682767474042611,1.2364750102209165e-06
Csde1,-0.07541089430652612,0.07541089430652612,8.42325272563369e-08
Npepps,-0.026899946427897618,0.026899946427897618,0.056285278742846716
Clptm1l,-0.12631156811863506,0.12631156811863506,2.3090645654605913e-19
Psmb6,0.07050316795409331,0.07050316795409331,5.4932141385314e-07
Gmip,-0.06580244997531344,0.06580244997531344,2.9601919144691925e-06
Eri3,-0.10766058930872943,0.10766058930872943,1.852291611553108e-14
Ceacam10,0.03645955739199003,0.03645955739199003,0.009665767494320052
Fam53b,0.0019512325445176664,0.0019512325445176664,0.8898969958085945
Senp6,-0.0627637841106094,0.0627637841106094,8.299560708033351e-06
Mrpl44,-0.09183631075030213,0.09183631075030213,6.606589464748968e-11
Ccdc58,-0.045396318862752964,0.045396318862752964,0.0012712095851609153
Hiat1,-0.09654978026147784,0.09654978026147784,6.603726637546041e-12
Taf13,-0.041754981351472605,0.041754981351472605,0.0030397438567620902
Tgs1,-0.006456484270824231,0.006456484270824231,0.646899263320278
Anp32b,0.21418659875532237,0.21418659875532237,2.4201498476132197e-53
Dync1i2,-0.01708758956019533,0.01708758956019533,0.22535757059098876
C1d,0.004865590367362371,0.004865590367362371,0.7299426062598108
Btk,-0.13003764432140386,0.13003764432140386,1.9477480138239505e-20
Mtpap,-0.13057114307732193,0.13057114307732193,1.3589005958672507e-20
Stt3a,-0.15748765024721242,0.15748765024721242,2.4921105695431733e-29
Ripk1,-0.08263460528938349,0.08263460528938349,4.2865945327086235e-09
Pts,-0.004273524399064521,0.004273524399064521,0.7617406350324506
Cbl,0.032688466680972576,0.032688466680972576,0.020353112357134353
Rnf5,-0.10679773402428583,0.10679773402428583,2.990358969657126e-14
Uchl5,-0.08055867649356198,0.08055867649356198,1.036073271978416e-08
Txndc15,-0.09194131210535184,0.09194131210535184,6.283890737902965e-11
Mrpl30,-0.014059051425937764,0.014059051425937764,0.31852230263591547
Gnai2,0.20077958270372043,0.20077958270372043,5.849018496520659e-47
Tmem55b,-0.05209334756645904,0.05209334756645904,0.0002169744374726329
Rnf138,-0.11521652858404759,0.11521652858404759,2.3718617517137886e-16
Thoc2,0.016781644066887987,0.016781644066887987,0.2337737784145178
2310001H17Rik,-0.023369342424454757,0.023369342424454757,0.09727407841909343
Usf2,-0.11013247861780585,0.11013247861780585,4.5983410534948245e-15
Melk,-0.13660840808265187,0.13660840808265187,2.082947621804178e-22
Itgb1bp1,-0.024299799607630162,0.024299799607630162,0.08466155899327038
Prorsd1,-0.06222965038692719,0.06222965038692719,9.902085049988041e-06
Stx5a,-0.11296071890308443,0.11296071890308443,8.98480393245395e-16
Lmo1,-0.017268753446300265,0.017268753446300265,0.22047711164876216
Stk11,-0.13066748340197687,0.13066748340197687,1.2731673091364421e-20
Ppox,-0.03498768813774607,0.03498768813774607,0.013026740465303487
Guk1,-0.05891646819381955,0.05891646819381955,2.869407608596998e-05
2900010M23Rik,-0.034277060197705066,0.034277060197705066,0.014991887423828641
Pnpla2,-0.10944685318185808,0.10944685318185808,6.789011556641977e-15
Qk,-0.02269802081702576,0.02269802081702576,0.1072739846210928
Ciapin1,-0.10010722042652528,0.10010722042652528,1.077589964229917e-12
Arl2bp,-0.01801536070570792,0.01801536070570792,0.20116394581869343
Ift52,-0.08912617816756829,0.08912617816756829,2.3601916410262534e-10
Aaas,-0.13849272539703844,0.13849272539703844,5.435889110567101e-23
Phkg2,-0.07499094655736152,0.07499094655736152,9.93559177871213e-08
Ndufb10,0.08188043631564743,0.08188043631564743,5.9215901314568474e-09
Grpel1,-0.06303667856193805,0.06303667856193805,7.579642870652137e-06
Tpi1,0.013015220488880295,0.013015220488880295,0.3557820769226798
Slc25a11,-0.06719375059660736,0.06719375059660736,1.8186249631147347e-06
Trim59,-0.030153357575761295,0.030153357575761295,0.03237241148770775
Tsen34,-0.08036843116077509,0.08036843116077509,1.1221394685645027e-08
Gmps,-0.1190812152053187,0.1190812152053187,2.278066578599999e-17
Gstp1,-0.18553733342702375,0.18553733342702375,3.072947303338745e-40
Sh3kbp1,-0.05708113845370154,0.05708113845370154,5.055429276217863e-05
Vbp1,-0.08499150520611899,0.08499150520611899,1.533153174601557e-09
Sfpi1,0.19547890628920492,0.19547890628920492,1.473835964678045e-44
Ranbp9,-0.015391282298942446,0.015391282298942446,0.27481881530373237
Frrs1,-0.11895624095177447,0.11895624095177447,2.460347398435991e-17
Brd9,-0.10604316044619795,0.10604316044619795,4.5318293522054485e-14
Maz,-0.089537672005129,0.089537672005129,1.9499534967631408e-10
4833439L19Rik,-0.14237083180053609,0.14237083180053609,3.2277735935938476e-24
Ezh2,-0.061839196608278295,0.061839196608278295,1.1256162761082027e-05
Zfp131,-0.012285676322916446,0.012285676322916446,0.38339018691320925
Crispld2,-0.018649674168055293,0.018649674168055293,0.1857500729283734
Usp15,-0.06530084171544841,0.06530084171544841,3.520352053939028e-06
Tmem160,0.0038699438353839983,0.0038699438353839983,0.7836523289862652
Rbm10,-0.1190009153327799,0.1190009153327799,2.3935929072438668e-17
Sgta,-0.1127063142847149,0.1127063142847149,1.0423784870732774e-15
Hras1,-0.06562471102370597,0.06562471102370597,3.1481179341417302e-06
Fbxo34,-0.04496417218984396,0.04496417218984396,0.0014144075586369266
Hsd17b10,-0.00938625808407423,0.00938625808407423,0.5054474983379644
Ckap2l,-0.05360908469847607,0.05360908469847607,0.00014114708336521672
Mrto4,-0.07745796828341805,0.07745796828341805,3.7191705589699324e-08
Hdhd2,-0.07673325651686654,0.07673325651686654,4.979349642100002e-08
Ptrh2,-0.06433313797204647,0.06433313797204647,4.900873168591599e-06
1190002H23Rik,0.023034632692205192,0.023034632692205192,0.10216257136373808
Myo5a,-0.007964062968384419,0.007964062968384419,0.5720488439442851
Zfp36l2,-0.07543896706261541,0.07543896706261541,8.330523672667429e-08
Poc1a,-0.11941919978837294,0.11941919978837294,1.849187061420922e-17
Hdac1,-0.08196349475544083,0.08196349475544083,5.7153726848811525e-09
Azi2,-0.0984060319089399,0.0984060319089399,2.5849507736500867e-12
Abcd2,-0.09605002828293084,0.09605002828293084,8.475301946974231e-12
Polr2i,-0.06091892823996835,0.06091892823996835,1.5181166171064733e-05
Nt5dc1,-0.07725216996378856,0.07725216996378856,4.041555296051549e-08
Msl3,-0.11246029226852529,0.11246029226852529,1.203035830472192e-15
Rps6ka1,-0.0680661526372677,0.0680661526372677,1.3334125225977231e-06
Lsm2,-0.04784108185253526,0.04784108185253526,0.000683449831674455
Slc39a7,-0.11263524346860318,0.11263524346860318,1.0864832626821281e-15
Ypel3,0.03745503955317513,0.03745503955317513,0.007854491689674859
Rnpepl1,-0.10796715148858527,0.10796715148858527,1.5610071154961466e-14
Mllt10,0.05797543193163958,0.05797543193163958,3.844106967290593e-05
Snf8,-0.015215093603696285,0.015215093603696285,0.2803514304093558
Mapre2,-0.13231799560260316,0.13231799560260316,4.137366914680568e-21
Bscl2,-0.06979741999745544,0.06979741999745544,7.12313244316631e-07
Dlat,-0.14968314021014553,0.14968314021014553,1.2652856479772123e-26
Pgam1,0.10920824674272613,0.10920824674272613,7.770445099795863e-15
Nfkbib,-0.08970734615209203,0.08970734615209203,1.8018720714264882e-10
3830406C13Rik,-0.0860778799072655,0.0860778799072655,9.455544222825465e-10
Il16,-0.08087511930389255,0.08087511930389255,9.06924154178258e-09
Pin4,-0.01802211948811908,0.01802211948811908,0.20099493344824101
Wipi1,-0.06939654655353295,0.06939654655353295,8.246924996770846e-07
Cetn2,-0.08421123254490961,0.08421123254490961,2.161489250237155e-09
Tnfaip2,0.054567039690109,0.054567039690109,0.00010694777208892852
D19Wsu162e,-0.07217797236695496,0.07217797236695496,2.9359806823775883e-07
Polb,-0.07921443706429739,0.07921443706429739,1.8137700797731263e-08
Tab2,-0.01772159986524665,0.01772159986524665,0.20861028464481432
Gpr160,-0.06992929560916132,0.06992929560916132,6.786817891196347e-07
Scamp1,-0.08811974829890361,0.08811974829890361,3.751430095516805e-10
Srsf6,-0.1008434024423302,0.1008434024423302,7.345558109561218e-13
Mrps33,-0.004107195126764595,0.004107195126764595,0.7707491818791258
Cox6a1,0.1941470462611356,0.1941470462611356,5.767865649080636e-44
Cdc40,0.03319235357583512,0.03319235357583512,0.01849519048445712
Pdcd6,-0.032430632551146865,0.032430632551146865,0.02136526390015232
Mrpl45,-0.08068105557887946,0.08068105557887946,9.841369126496579e-09
Zdhhc6,-0.12948488010786685,0.12948488010786685,2.823841470367509e-20
Aamp,-0.10901521429686747,0.10901521429686747,8.665468892110354e-15
Bambi-ps1,-0.07368939391973307,0.07368939391973307,1.6483146842143415e-07
Def8,-0.09463418936146509,0.09463418936146509,1.7067697744698483e-11
Ctps2,-0.1236955487049677,0.1236955487049677,1.254824328077084e-18
Dock11,0.00037142741141480806,0.00037142741141480806,0.9789768008359643
Phf23,-0.09429387102450128,0.09429387102450128,2.0164720506218856e-11
Rps6,0.35111269890845687,0.35111269890845687,4.849151916385819e-146
Kin,0.00779546326222959,0.00779546326222959,0.5802124584928247
Arhgap15,-0.11058096347176341,0.11058096347176341,3.559191894523186e-15
Taf12,-0.05938504366038108,0.05938504366038108,2.4765944492348814e-05
Usp8,-0.05330432160795003,0.05330432160795003,0.00015402969745366006
Atg12,-0.07205304837415519,0.07205304837415519,3.0779062131346043e-07
Fam133b,-0.013783040363641709,0.013783040363641709,0.3281168270480648
Ska1,-0.09824391342813069,0.09824391342813069,2.807572827706689e-12
Psmg3,-0.05446794414868245,0.05446794414868245,0.00011008448595882415
Prkab1,-0.09686178177447646,0.09686178177447646,5.647487957485379e-12
Fcf1,-0.09362395811330883,0.09362395811330883,2.7951151613410617e-11
BC056474,-0.018352284519088154,0.018352284519088154,0.19286436570396273
Tmem70,-0.08172173541792459,0.08172173541792459,6.335920789979292e-09
Cxcr4,-0.024338163775530417,0.024338163775530417,0.08417134911903675
Slfn4,0.04105239291076353,0.04105239291076353,0.0035708247344103097
Thoc3,-0.11406257801110155,0.11406257801110155,4.703306981211738e-16
Cby1,-0.048666724470715045,0.048666724470715045,0.0005506743098147271
Fam110a,-0.05793850689327591,0.05793850689327591,3.8881299997431474e-05
2510012J08Rik,-0.08370013258779029,0.08370013258779029,2.702354076004775e-09
Foxm1,-0.09651497549221605,0.09651497549221605,6.719763640922072e-12
Mospd3,-0.1444697517851672,0.1444697517851672,6.772108978680352e-25
Cyc1,-0.04666502222367474,0.04666502222367474,0.0009244777513832441
Lrrc59,-0.11456483471501533,0.11456483471501533,3.494336618573685e-16
Sap18,-0.08302330007809977,0.08302330007809977,3.6249804986801417e-09
Ncf2,-0.028095288534441945,0.028095288534441945,0.046187631962517094
Akna,-0.011547807364799201,0.011547807364799201,0.4126087163412307
Mgst1,0.15174871683937488,0.15174871683937488,2.5113456208488248e-27
Snx11,-0.009564285406745816,0.009564285406745816,0.49740754229012346
Clk1,-0.005221311778488926,0.005221311778488926,0.7110548341247923
Nomo1,-0.10231175868185094,0.10231175868185094,3.392238523786585e-13
Dnajb1,-0.049500575496341466,0.049500575496341466,0.0004412804765265311
Sash3,-0.09708692003692289,0.09708692003692289,5.0431428666497405e-12
Ldhb,-0.015381970273135549,0.015381970273135549,0.275109349583956
Atpif1,0.1351968181709326,0.1351968181709326,5.628523979154939e-22
Timm17b,-0.06831299767283872,0.06831299767283872,1.2204876479233612e-06
Mfsd1,-0.12332811387087722,0.12332811387087722,1.5870746214190426e-18
Pcyt1a,0.001210972684964028,0.001210972684964028,0.9315339009073503
Il17ra,-0.00382886720725867,0.00382886720725867,0.7858924851902707
Klf5,0.025467160269446457,0.025467160269446457,0.07074421629403342
Hpcal1,-0.048067389822501125,0.048067389822501125,0.0006443672647452728
Pxk,-0.1446734294724887,0.1446734294724887,5.81263393214665e-25
2410003K15Rik,-0.04085049303113026,0.04085049303113026,0.0037383365325165227
Rnf181,-0.11775609088905613,0.11775609088905613,5.1314490894230493e-17
Pfkfb3,-0.0805905711083209,0.0805905711083209,1.0222865292716693e-08
Cox4nb,-0.05167182290748681,0.05167182290748681,0.00024405415432433722
S100a11,0.3175450290542634,0.3175450290542634,2.303204959471747e-118
Ppp2r5a,0.013982760466476523,0.013982760466476523,0.3211557261611213
Ncln,-0.15585070718844762,0.15585070718844762,9.45850582183823e-29
Prss57,-0.10701928187018117,0.10701928187018117,2.6452803862331965e-14
2310001A20Rik,-0.12108719357921437,0.12108719357921437,6.548746174778234e-18
Mapk3,-0.04293352644781485,0.04293352644781485,0.0023081724397148507
Gatad2a,-0.06104462243981397,0.06104462243981397,1.45769529380638e-05
2410015M20Rik,0.015217131550061793,0.015217131550061793,0.28028700619530156
Zcchc9,-0.04568855892570432,0.04568855892570432,0.0011820881577487498
Orc6,-0.031477016301671275,0.031477016301671275,0.02549896762916749
Gps2,-0.06222264915894689,0.06222264915894689,9.924933588425212e-06
Ndufv3,0.11487160312747358,0.11487160312747358,2.912541428786552e-16
Pold1,-0.13717246604466624,0.13717246604466624,1.3960233424105286e-22
Cdt1,-0.11435011217183791,0.11435011217183791,3.968258831599132e-16
Srp68,-0.13872583241914532,0.13872583241914532,4.5976059881739244e-23
Nedd4,-0.08439461925122556,0.08439461925122556,1.994406867669037e-09
Hsdl2,-0.11350912620305437,0.11350912620305437,6.5153782112871375e-16
Arrb2,0.09896545904860866,0.09896545904860866,1.941771621608598e-12
Pbk,-0.03367688016976642,0.03367688016976642,0.016850345753512054
Mkks,-0.020178015649259518,0.020178015649259518,0.1522243340720109
Supt5h,-0.06942152699756124,0.06942152699756124,8.172173334585872e-07
Aldh9a1,-0.116135103934198,0.116135103934198,1.368618993701604e-16
St3gal4,-0.10734574012559348,0.10734574012559348,2.2070101048865886e-14
Fnip1,0.005081656243708105,0.005081656243708105,0.7184497610607218
Usp1,-0.030171715796907497,0.030171715796907497,0.03226717848785684
AI467606,-0.016460007955603272,0.016460007955603272,0.24285921154128573
Rnf26,-0.13323759584495168,0.13323759584495168,2.198085304344162e-21
Rin3,-0.05370958834398076,0.05370958834398076,0.00013712605735805827
Rgs19,-0.013457666357907398,0.013457666357907398,0.33966544800316967
Hnrnpr,-0.08358802540169258,0.08358802540169258,2.837528249663321e-09
Jagn1,-0.07644314427122585,0.07644314427122585,5.592223555897971e-08
Camp,0.2850059575207612,0.2850059575207612,9.740410716981435e-95
Rnf4,-0.09871350844475989,0.09871350844475989,2.2092478719314843e-12
Cstf3,-0.06828078187240473,0.06828078187240473,1.2346857880371576e-06
Psmc2,-0.07884742389556731,0.07884742389556731,2.1100787418439894e-08
Cdadc1,-0.10118233026950194,0.10118233026950194,6.151764726282964e-13
Rab1,-0.06352047443718052,0.06352047443718052,6.447607226811909e-06
Pex16,-0.11770581927906901,0.11770581927906901,5.2910476188956175e-17
Get4,-0.04011930257632664,0.04011930257632664,0.004406449780913484
Preb,-0.06810866294780575,0.06810866294780575,1.3132742466833995e-06
Fam168b,-0.07099237975439271,0.07099237975439271,4.581176825982742e-07
9130011J15Rik,-0.07428768945833329,0.07428768945833329,1.3074809701193243e-07
Mrps30,-0.08331183168929641,0.08331183168929641,3.1992473592609604e-09
Aco2,-0.10265673050089309,0.10265673050089309,2.824633708794128e-13
Ubc,-0.03373487451560264,0.03373487451560264,0.016662339503370628
Emilin1,-0.13696662971133597,0.13696662971133597,1.6158279448831693e-22
Bola2,-0.026105485383184013,0.026105485383184013,0.06396470103668092
Prr11,-0.07912496725172503,0.07912496725172503,1.8820423592078146e-08
Rbl1,-0.08972464691499717,0.08972464691499717,1.7874050897562102e-10
Ccdc55,-0.02703790842116679,0.02703790842116679,0.055033247697282815
Dcps,-0.09135603318544763,0.09135603318544763,8.301324547127743e-11
Fbxo9,-0.047274283878673315,0.047274283878673315,0.0007912073432764725
Tinagl1,-0.00834019186029988,0.00834019186029988,0.5540359270760321
Sbds,-0.05799996757273609,0.05799996757273609,3.815116920565503e-05
Cklf,-0.01715473705951506,0.01715473705951506,0.2235397340568962
Ada,-0.02419818868354792,0.02419818868354792,0.08597108656384125
Rars,-0.07058713694953628,0.07058713694953628,5.325118108047346e-07
Dpm3,-0.045905196469525934,0.045905196469525934,0.001119787008786106
Fam108a,-0.1365603532217169,0.1365603532217169,2.1550150451578955e-22
Hmgn5,-0.049763869845854014,0.049763869845854014,0.00041119239046267977
Khk,-0.020822625657651018,0.020822625657651018,0.13955065779320056
Sephs2,-0.11467303213506524,0.11467303213506524,3.277123626061137e-16
Ube2j2,-0.18936362442289165,0.18936362442289165,7.13869350502287e-42
Lxn,-0.05009414900542527,0.05009414900542527,0.00037615677343344413
Cox8a,0.30375544602783694,0.30375544602783694,5.5942950443192386e-108
Trabd,-0.0797259849618757,0.0797259849618757,1.4672304567766995e-08
Vat1,-0.13016517282645548,0.13016517282645548,1.787387423520672e-20
Eif3k,0.10734414520506952,0.10734414520506952,2.2089670137091845e-14
Pdcd4,-0.08480399519680784,0.08480399519680784,1.6655349310669784e-09
Anln,-0.07682320263427883,0.07682320263427883,4.802927083442259e-08
Rbm38,-0.08379287474901054,0.08379287474901054,2.5952862785994195e-09
March2,-0.011456215963979584,0.011456215963979584,0.41632545342107075
Prkrip1,-0.025875672788681862,0.025875672788681862,0.06634094622709238
Scarb1,-0.07616768576250728,0.07616768576250728,6.241394533863512e-08
Armc1,-0.05397305227480739,0.05397305227480739,0.00012709119154891667
Srp19,-0.0053629930577161105,0.0053629930577161105,0.7035803215440354
Sepx1,0.3148304491105571,0.3148304491105571,2.824727139659624e-116
Puf60,-0.10755661792811022,0.10755661792811022,1.96273801112507e-14
Synj2bp,-0.0587726203212488,0.0587726203212488,3.0014231839121422e-05
Fam125a,-0.04668706887882973,0.04668706887882973,0.0009193131152822651
Strap,-0.07587897322599853,0.07587897322599853,6.999994283515611e-08
Fmo5,-0.07459071689498843,0.07459071689498843,1.1619462824842103e-07
Irak4,-0.0784095997010858,0.0784095997010858,2.5252961407089393e-08
Brcc3,-0.10152846177459436,0.10152846177459436,5.129496568246855e-13
Rnf20,0.0007421339599074097,0.0007421339599074097,0.9580089399950458
Glipr1,-0.07878088614269511,0.07878088614269511,2.168610030166731e-08
Stom,-0.13070886694355438,0.13070886694355438,1.2380027534648927e-20
Mcrs1,-0.06312292709911638,0.06312292709911638,7.36480734698401e-06
Dnmt1,-0.031106252157421257,0.031106252157421257,0.02728371841528043
Cux1,-0.12105654490889294,0.12105654490889294,6.6757250507686296e-18
Sell,-0.0838162083301312,0.0838162083301312,2.5690055837060067e-09
Osbpl9,-0.09331718497216507,0.09331718497216507,3.243454919683646e-11
Cbfb,-0.11414772249438682,0.11414772249438682,4.472682218655248e-16
Ppp1r42,-0.017527159250311296,0.017527159250311296,0.21364764327270355
Mrpl24,-0.044748099908776554,0.044748099908776554,0.0014914511528785048
Smek2,0.03478580784075337,0.03478580784075337,0.013560428561588539
Tpst2,-0.10417145659327227,0.10417145659327227,1.2550310784831544e-13
0610009B22Rik,-0.05880356071343913,0.05880356071343913,2.9725496912241776e-05
BC003965,-0.05350325168538909,0.05350325168538909,0.00014550118756105122
Snhg6,-0.10613358436274738,0.10613358436274738,4.3122534569962134e-14
Nucb2,-0.05662591158680147,0.05662591158680147,5.8031878438187324e-05
Cmc1,-0.07262433939807639,0.07262433939807639,2.4786900228156766e-07
Anxa2,0.1517645485966484,0.1517645485966484,2.4801931860729695e-27
Ncaph,-0.04451671919873416,0.04451671919873416,0.0015782252955756982
Pop7,-0.019719889585968278,0.019719889585968278,0.16175113411642886
Mtch2,-0.06646243957325479,0.06646243957325479,2.3521778027628517e-06
Tesk2,-0.0843168312274586,0.0843168312274586,2.063683524170285e-09
Pnn,-0.011134379313991798,0.011134379313991798,0.4295411326124015
Rwdd4a,-0.06515570148685203,0.06515570148685203,3.7005324288788453e-06
Mrps9,-0.0356036249521297,0.0356036249521297,0.011511448449956196
Smc3,0.026135737515846944,0.026135737515846944,0.06365719555862433
Zcchc6,0.04719511548760244,0.04719511548760244,0.0008074553977162522
Igf1r,-0.002662930904424762,0.002662930904424762,0.8501494599320345
Ear2,0.0126882016523909,0.0126882016523909,0.3679988468985277
Serpinb1a,0.25062121951108646,0.25062121951108646,5.4914901700216904e-73
Rpl24,0.3217227607590121,0.3217227607590121,1.2737300563800866e-121
Thap7,-0.07433773264938252,0.07433773264938252,1.2822878020016516e-07
Max,0.0071450646582761025,0.0071450646582761025,0.6122049585947807
Tmem66,-0.1001041526395787,0.1001041526395787,1.07930592618227e-12
Spint2,-0.10249957747783012,0.10249957747783012,3.0705941114431486e-13
Slc48a1,-0.0888256698975374,0.0888256698975374,2.711879414270863e-10
Sephs1,-0.1105953525560137,0.1105953525560137,3.5299995300445117e-15
Srp9,0.0574256929367355,0.0574256929367355,4.5511770920030326e-05
Med8,-0.04910929484272737,0.04910929484272737,0.0004898088067800534
Atp11b,-0.06561572012992124,0.06561572012992124,3.157921942733929e-06
Timm13,0.022173093419726477,0.022173093419726477,0.11564670878959894
Rac1,0.10255292918314966,0.10255292918314966,2.984823100984404e-13
Dld,-0.14632743808733384,0.14632743808733384,1.6672736855908002e-25
Hells,-0.03898327348751824,0.03898327348751824,0.0056608718854782025
Ccng2,-0.057800322990151545,0.057800322990151545,4.057158736242458e-05
Runx1,-0.03334714358817647,0.03334714358817647,0.01795506922958786
Mthfd2,-0.05002307537745571,0.05002307537745571,0.00038345188632541604
Sh3gl1,-0.08540395482584552,0.08540395482584552,1.2770249406891445e-09
Galns,-0.09559187146996456,0.09559187146996456,1.0641865065038212e-11
Slc25a46,-0.10959786225797881,0.10959786225797881,6.2320254841111845e-15
Afg3l1,-0.11996884944575284,0.11996884944575284,1.3155750130859005e-17
Clk3,-0.07631735783158605,0.07631735783158605,5.88011029410436e-08
Impdh2,-0.11392237582408034,0.11392237582408034,5.108844862080071e-16
Pcbp1,-0.05343159355438119,0.05343159355438119,0.00014852074734773182
Gmcl1,-0.11499424508385227,0.11499424508385227,2.7076518809447674e-16
Rcn1,-0.05830609475836361,0.05830609475836361,3.470419780787299e-05
Mesdc1,-0.08839536771737103,0.08839536771737103,3.3060049151547635e-10
Papd4,-0.11221567723403003,0.11221567723403003,1.3868876296107105e-15
Uba5,-0.09176238352685534,0.09176238352685534,6.843451126772949e-11
Mrpl55,-0.05335788545561104,0.05335788545561104,0.00015168816239253323
Lyl1,-0.08368667248811676,0.08368667248811676,2.7182463916342016e-09
Ap2a1,-0.1334791663286478,0.1334791663286478,1.8602384517826626e-21
Trip12,-0.03551212941228966,0.03551212941228966,0.011726159807808867
Laptm5,-0.00971785054985941,0.00971785054985941,0.4905274128113469
Stk17b,-0.0007861155114862211,0.0007861155114862211,0.9555229036966787
Fcgr3,-0.021426416932621085,0.021426416932621085,0.12843106590106132
Eif2s3x,-0.1128465957051699,0.1128465957051699,9.604352719671487e-16
Fpr2,0.11036006432688616,0.11036006432688616,4.038342528001189e-15
D4Ertd22e,-0.07881458532483519,0.07881458532483519,2.1387716299202714e-08
Grn,-0.06117422042488328,0.06117422042488328,1.397801423297316e-05
Elmo1,-0.13804085782920936,0.13804085782920936,7.514783366546518e-23
Ppih,-0.11221214165933237,0.11221214165933237,1.389738175192189e-15
Wdr1,-0.02595595898861113,0.02595595898861113,0.06550266179026173
Rabggtb,-0.08481498796761594,0.08481498796761594,1.6574759193439227e-09
Usp34,0.04121022939770433,0.04121022939770433,0.003444657540665849
Dnajc2,-0.045062346195840576,0.045062346195840576,0.0013806288834128345
Surf1,-0.06328748821788506,0.06328748821788506,6.970947029566257e-06
Tomm5,-0.018073965221271256,0.018073965221271256,0.1997019051341411
Polr3gl,-0.09075588597640206,0.09075588597640206,1.1024447242055086e-10
Cenph,-0.04909348528110885,0.04909348528110885,0.0004918704308755499
Ctcf,0.03182363249355348,0.03182363249355348,0.02392269945396211
Rpl22,0.11628605793290682,0.11628605793290682,1.2498471823792029e-16
Mphosph6,-0.09121044461423003,0.09121044461423003,8.894246876817214e-11
Cnih4,-0.005607668855403879,0.005607668855403879,0.6907397796486751
Odc1,-0.05136899894997786,0.05136899894997786,0.0002654309052266667
Gpaa1,-0.13727161812219918,0.13727161812219918,1.300974199795659e-22
Dpcd,-0.07631480727768562,0.07631480727768562,5.886093724655182e-08
B2m,0.31940260697455247,0.31940260697455247,8.326545943380771e-120
Hccs,-0.11073886489435127,0.11073886489435127,3.251440720671801e-15
Cep110,0.06528823454420353,0.06528823454420353,3.535663167633383e-06
Tceb3,-0.07643842817129862,0.07643842817129862,5.6027664955428716e-08
Obfc2b,-0.07218053919773024,0.07218053919773024,2.9331318129635483e-07
Mzt1,-0.07785158353190424,0.07785158353190424,3.170591006809449e-08
Arl6ip6,-0.05483587667367019,0.05483587667367019,9.885737683947582e-05
Hnrnph2,-0.10088648088758011,0.10088648088758011,7.18205734764442e-13
Rnf167,-0.10249810132140266,0.10249810132140266,3.073001341442845e-13
Ppib,0.0018883593881073909,0.0018883593881073909,0.8934232432530619
Rps28,0.1543498707528802,0.1543498707528802,3.172603334728375e-28
Txndc17,0.05620792839498615,0.05620792839498615,6.580964434973221e-05
Sumo3,-0.034135738495806665,0.034135738495806665,0.015412437754190116
Taf11,-0.0821441882186628,0.0821441882186628,5.2905833167547075e-09
Casc5,0.06700278233689562,0.06700278233689562,1.9454894430263137e-06
Baz2b,0.029540496543554024,0.029540496543554024,0.03605807897246606
Map2k3,-0.06520231375515377,0.06520231375515377,3.6417247135167663e-06
Fam107b,-0.05608483818477335,0.05608483818477335,6.828182725461189e-05
Snx2,-0.10669053628570702,0.10669053628570702,3.172855518954343e-14
Sf3a3,-0.1188231303862979,0.1188231303862979,2.6703253649051252e-17
Cxcr2,0.05642469041684613,0.05642469041684613,6.166071332597593e-05
Tcirg1,-0.16002541084515945,0.16002541084515945,3.0630231547199682e-30
Tmem165,-0.14457372378331104,0.14457372378331104,6.264198561698938e-25
Rpp30,-0.07517787978117851,0.07517787978117851,9.232481345591107e-08
Ube2l6,0.025930099388681457,0.025930099388681457,0.06577170867040655
Ppil2,-0.13048767000701098,0.13048767000701098,1.4377810399528975e-20
Meaf6,-0.11214337928886431,0.11214337928886431,1.446338978149513e-15
Psme3,-0.10985688765500468,0.10985688765500468,5.379481851675628e-15
Prmt1,-0.07750563007475253,0.07750563007475253,3.648143300248015e-08
Rps5,0.34130328434521234,0.34130328434521234,1.3614355182469847e-137
Paqr7,-0.10536166395301479,0.10536166395301479,6.580347361111581e-14
Flot1,-0.006596289228373133,0.006596289228373133,0.6397895226249806
Sgol1,-0.04179142157326134,0.04179142157326134,0.0030142722749217725
Mrpl42,-0.008562062747874452,0.008562062747874452,0.5435422303869473
Cab39l,-0.081828630855145,0.081828630855145,6.05385766083337e-09
Cox6b1,0.2289889832396855,0.2289889832396855,6.507018353264532e-61
Prkd3,0.0023697296685791366,0.0023697296685791366,0.8664842855923529
Adrm1,-0.08539219584612745,0.08539219584612745,1.2837126745384896e-09
Ppp6c,-0.10109494621901749,0.10109494621901749,6.439958391328161e-13
Zfand6,-0.03604679930644466,0.03604679930644466,0.010520057530912636
Usp39,-0.10712150765149546,0.10712150765149546,2.4995606273174078e-14
Ndfip2,-0.08258666412959378,0.08258666412959378,4.375921424060282e-09
Wdr89,-0.10522035724498136,0.10522035724498136,7.107299995920527e-14
Cuta,-0.021125324346364417,0.021125324346364417,0.13388683598492437
Prpf40a,0.08044406186646799,0.08044406186646799,1.0871234263060086e-08
Tcn2,-0.09862701540391046,0.09862701540391046,2.3091514333770767e-12
Rad51ap1,-0.032870589038040424,0.032870589038040424,0.019663613874798886
Vrk3,-0.08693897484881938,0.08693897484881938,6.419221100488325e-10
Phax,-0.060117300023633524,0.060117300023633524,1.9633964414017596e-05
Ikbkap,-0.02929034618281627,0.02929034618281627,0.0376621436690196
Ap2a2,-0.04725642108017258,0.04725642108017258,0.0007948466715423256
Ccnf,-0.09933994811492869,0.09933994811492869,1.6018940085384667e-12
Tubb4b,0.032565311161913975,0.032565311161913975,0.020831232671062485
Rbbp8,-0.04983009217118131,0.04983009217118131,0.00040393224538441734
Cdca2,-0.09038094130621235,0.09038094130621235,1.3150166353379459e-10
Rps3,0.3636746038333065,0.3636746038333065,2.614194612261688e-157
Csnk1a1,-0.09142020751511218,0.09142020751511218,8.052406426496873e-11
Rab5c,-0.028321243872920693,0.028321243872920693,0.044461359521425305
1810022K09Rik,-0.06914099700885434,0.06914099700885434,9.050433720946895e-07
Mrps7,-0.08034779620230978,0.08034779620230978,1.1318818995338467e-08
Ier2,0.10090075389138749,0.10090075389138749,7.12867709402598e-13
Zfp207,-0.09454386052334288,0.09454386052334288,1.7841079577022525e-11
Cenpf,0.11123370223307695,0.11123370223307695,2.4469859561560953e-15
Rab9,-0.06601600751073951,0.06601600751073951,2.7486066339683192e-06
Bcl2l12,-0.07556959231611449,0.07556959231611449,7.911885930278045e-08
Rrbp1,0.06384976226737234,0.06384976226737234,5.77163751296384e-06
Cox6b2,-0.06335955157197429,0.06335955157197429,6.804885886095208e-06
1810031K17Rik,-0.08702394207121508,0.08702394207121508,6.177278576212731e-10
Sfrs18,0.10147415014388496,0.10147415014388496,5.278085971388735e-13
Sdhc,-0.07329258054467111,0.07329258054467111,1.920169312726978e-07
Ppp5c,-0.1290637151495729,0.1290637151495729,3.7435010096208155e-20
Zfand3,-0.0987338078729482,0.0987338078729482,2.186422291719703e-12
Lcp2,-0.14908187483563645,0.14908187483563645,2.0172208232658569e-26
Nras,-0.07729711539902274,0.07729711539902274,3.968914474320055e-08
Msn,0.029048037272080333,0.029048037272080333,0.039273399015462875
Phip,-0.031790844827946814,0.031790844827946814,0.024068096845951972
Sept2,-0.06848788807377774,0.06848788807377774,1.146108756902204e-06
Ncoa4,-0.13865746592378447,0.13865746592378447,4.829228911079411e-23
Laptm4a,-0.05450609665520738,0.05450609665520738,0.00010886669323662195
Ubl4,-0.05201943381144327,0.05201943381144327,0.0002215092123891504
Ifngr1,-0.1477189913370655,0.1477189913370655,5.765042574718319e-26
Dda1,-0.08810161117810869,0.08810161117810869,3.782712033211993e-10
Efhd2,-0.020492869907219557,0.020492869907219557,0.1459286528685212
3200002M19Rik,-0.06565923286087962,0.06565923286087962,3.110744513419786e-06
Nfe2l2,-0.02692349360600568,0.02692349360600568,0.05606992097938447
Acap2,-0.01043948158814541,0.01043948158814541,0.4588924682730409
Unc50,-0.07790507725883636,0.07790507725883636,3.102382969858711e-08
Dhrs7,0.09026507284068769,0.09026507284068769,1.388457250646891e-10
Tmsb10,0.1641394568169265,0.1641394568169265,9.508972550391084e-32
Vcl,-0.0196997562213652,0.0196997562213652,0.1621799056377663
Spag7,-0.06092429569351534,0.06092429569351534,1.5154883988117367e-05
Mrps21,0.009090076368593698,0.009090076368593698,0.5189735485172896
Gsk3b,-0.023825261079780075,0.023825261079780075,0.09091806958029956
Vps72,-0.11176637276571874,0.11176637276571874,1.7994380075208266e-15
Yif1b,-0.08145305310977898,0.08145305310977898,7.10249532792077e-09
Skap2,-0.0018585707949494636,0.0018585707949494636,0.8950946795241875
Bag1,-0.026645080973806693,0.026645080973806693,0.058660585269758585
Abhd11,-0.07811192606789764,0.07811192606789764,2.851779862859152e-08
Eif4e2,-0.06710299310986577,0.06710299310986577,1.8778931979098216e-06
Map1lc3a,0.06559342356236332,0.06559342356236332,3.182361448995477e-06
Asna1,-0.12171598183124858,0.12171598183124858,4.411444063553134e-18
Fam195b,-0.06383251708511682,0.06383251708511682,5.805288440864659e-06
Zranb2,-0.053956373793356445,0.053956373793356445,0.00012770535380792752
2810021B07Rik,-0.04111951443079878,0.04111951443079878,0.003516665999455681
Nubp2,-0.12973054914330082,0.12973054914330082,2.39461151749349e-20
Mlf2,-0.08676112024581072,0.08676112024581072,6.955955942279536e-10
Fos,0.044000107509978494,0.044000107509978494,0.0017889897057867619
Tmem40,0.01627747614228419,0.01627747614228419,0.24812430614558612
Calu,-0.14703880805835257,0.14703880805835257,9.700552427055455e-26
Trappc6b,-0.03704178530966147,0.03704178530966147,0.008565858506233698
Slc6a13,-0.029316608128020127,0.029316608128020127,0.0374909382978389
0610011F06Rik,-0.05921408408775065,0.05921408408775065,2.6135824742244947e-05
Prkar2b,-0.0890532505994752,0.0890532505994752,2.4412075539091665e-10
Creg1,-0.04728447087620437,0.04728447087620437,0.0007891387952573549
Kdelr1,-0.10756829353790713,0.10756829353790713,1.9500194657931845e-14
Myl12a,0.15960217312888594,0.15960217312888594,4.355464331101208e-30
Ccdc34,0.06182854888191646,0.06182854888191646,1.1295456475572847e-05
Tmem111,-0.13706314946392642,0.13706314946392642,1.5087940331140218e-22
Ddx3x,-0.005464817450840646,0.005464817450840646,0.6982260714153797
Rpl12,0.10847798824469597,0.10847798824469597,1.1725266134265225e-14
Polr2j,0.014404470880127623,0.014404470880127623,0.3067764655211564
Cox7b,0.058368182903336056,0.058368182903336056,3.404213635587724e-05
Cldn15,-0.03495602402891637,0.03495602402891637,0.013109199402718638
Ctsh,-0.03784051278400566,0.03784051278400566,0.0072391286136573125
Nucks1,0.04205824703598289,0.04205824703598289,0.0028336130033813816
Prom1,-0.10301302118303407,0.10301302118303407,2.3364223858373644e-13
Mrps34,-0.049212923428552276,0.049212923428552276,0.00047649346292166035
Abtb1,-0.052106026952367844,0.052106026952367844,0.000216205339646654
Chst12,-0.09186328645232493,0.09186328645232493,6.522171523737383e-11
Bola3,-0.03995298910689746,0.03995298910689746,0.004572775034931835
Slc35b1,-0.0844833640627065,0.0844833640627065,1.9181365979853126e-09
Mrps35,-0.09126273853031988,0.09126273853031988,8.676659825122972e-11
Fam3c,-0.06606840184180669,0.06606840184180669,2.698956970939457e-06
Mrps18c,-0.015588471415316434,0.015588471415316434,0.2687156862091597
Crlf2,-0.03563321517792064,0.03563321517792064,0.011442759778250659
Hist1h1d,0.0671376368479907,0.0671376368479907,1.855053770514094e-06
Nup62,-0.13949302357519247,0.13949302357519247,2.643967518285592e-23
Srrt,-0.05711292352358147,0.05711292352358147,5.006782940583382e-05
Zyx,-0.0496037294173601,0.0496037294173601,0.00042925570774163973
Tmem219,-0.014448114060910785,0.014448114060910785,0.30531307401720875
Osgep,-0.09063797106263544,0.09063797106263544,1.1653910358324792e-10
Dynll2,-0.053451354137209715,0.053451354137209715,0.00014768222999527478
Yy1,-0.027458097468620237,0.027458097468620237,0.05136216109117645
S100a6,0.3550330036107555,0.3550330036107555,1.6741530519204175e-149
Gca,-0.012046709003095303,0.012046709003095303,0.3927112445968428
Tcp11l2,-0.017697954747950214,0.017697954747950214,0.2092182198434413
Atp6v0b,0.10809102586797571,0.10809102586797571,1.4565345136670745e-14
Csnk2b,0.005080824640913316,0.005080824640913316,0.7184938752841329
Ube2g1,-0.13857844778843126,0.13857844778843126,5.111357132081516e-23
Ndufs7,0.0011714166331307301,0.0011714166331307301,0.9337650954257983
Denr,-0.05718325334038794,0.05718325334038794,4.900716632889472e-05
Comt,-0.10828240671257461,0.10828240671257461,1.3085031814130073e-14
Dbi,0.08790082378097355,0.08790082378097355,4.1464855494104553e-10
Rhog,0.012011628800912822,0.012011628800912822,0.3940910353175866
Rp9,0.0788379995198405,0.0788379995198405,2.118274898399195e-08
Rab28,-0.03952162142028185,0.03952162142028185,0.005030989899038496
Ptpn18,0.07791920014176613,0.07791920014176613,3.0846141536989996e-08
Bud31,0.010042889265385746,0.010042889265385746,0.4761351089598742
2810428I15Rik,-0.02640261082574924,0.02640261082574924,0.06099703738894711
Hsdl1,-0.13795216180179073,0.13795216180179073,8.006975865149787e-23
Glo1,-0.07992279471574985,0.07992279471574985,1.3518212849008606e-08
Ndufa9,-0.08710889687509833,0.08710889687509833,5.944272294781959e-10
Sirt2,-0.09510654354042677,0.09510654354042677,1.3528155706013664e-11
Atf1,-0.08202757160191104,0.08202757160191104,5.561071762958892e-09
Eif4b,-0.14363039461329968,0.14363039461329968,1.268079542494046e-24
Dnajc9,-0.034705972693143225,0.034705972693143225,0.013776751209377965
Cybasc3,-0.06338699340763777,0.06338699340763777,6.742649636446606e-06
2700094K13Rik,-0.01877962687489487,0.01877962687489487,0.18270291733456268
Ngdn,-0.054202031137643956,0.054202031137643956,0.00011893583287548096
Rrm2,-0.018130406071162775,0.018130406071162775,0.1983011920399899
Rbx1,0.10435351420900024,0.10435351420900024,1.1375404673103562e-13
Hes6,-0.021783618720323455,0.021783618720323455,0.1221844419204248
Slc25a3,0.01252410954883353,0.01252410954883353,0.3742262114996789
Kif22,-0.09854946202470022,0.09854946202470022,2.4024869674805252e-12
Tuba4a,0.1804786863949956,0.1804786863949956,3.9222219599323507e-38
Hnrnpc,-0.011939481496636624,0.011939481496636624,0.3969379706953174
H47,0.013075646849852803,0.013075646849852803,0.3535529802761003
Rab6a,0.0034891598647217425,0.0034891598647217425,0.804485116340408
Bri3bp,-0.10025862704444335,0.10025862704444335,9.961461876606564e-13
Cops3,-0.14382715369871935,0.14382715369871935,1.0950451825516499e-24
H3f3b,0.3193310091896791,0.3193310091896791,9.467388563218505e-120
Id2,0.032606607123516713,0.032606607123516713,0.02066983205460289
Nrbp1,-0.14181247971869146,0.14181247971869146,4.8708156082160185e-24
D17Wsu104e,-0.04701071258611238,0.04701071258611238,0.0008465087182788614
1810055G02Rik,-0.11119070376465938,0.11119070376465938,2.5083018382703974e-15
Nono,-0.14343022969098015,0.14343022969098015,1.4718793361052803e-24
Llph,-0.02583212439225603,0.02583212439225603,0.06679932718103498
Nudt21,-0.06804374031038933,0.06804374031038933,1.3441490473002085e-06
Tm9sf3,-0.0947370224392974,0.0947370224392974,1.622716396150423e-11
Rpn2,-0.1505984039399927,0.1505984039399927,6.197661495880953e-27
Spop,-0.056560491199177276,0.056560491199177276,5.918888821260182e-05
Ndufa5,-0.017081902215830704,0.017081902215830704,0.22551202341795473
Eif2s1,-0.09032216284969279,0.09032216284969279,1.3517846812605055e-10
Nusap1,0.013664434664036884,0.013664434664036884,0.3322967075924531
Neat1,0.016141394612628347,0.016141394612628347,0.25210115177890746
Hnrnpul2,-0.019020720361336733,0.019020720361336733,0.17714809828172515
Eif3a,0.024379328297534118,0.024379328297534118,0.08364791371467162
Ift27,-0.019820429371655176,0.019820429371655176,0.15962277700569868
Ptpre,0.04389977013149778,0.04389977013149778,0.0018328102495362767
Dnajc19,-0.048172003706644075,0.048172003706644075,0.000627012302091182
Fmr1,-0.06512362158480559,0.06512362158480559,3.7415331622560097e-06
1300018J18Rik,-0.05944192107673868,0.05944192107673868,2.432553163777918e-05
Dek,0.09319241588646399,0.09319241588646399,3.4452894046370477e-11
U2af2,-0.10133621158875597,0.10133621158875597,5.674720274100329e-13
2900092E17Rik,-0.017771267301263886,0.017771267301263886,0.20733746444717463
Lsm4,0.06493288826790339,0.06493288826790339,3.9944420016840465e-06
Smn1,-0.07948560292461772,0.07948560292461772,1.6212138151511606e-08
Ufd1l,-0.07042492638319393,0.07042492638319393,5.654439364908672e-07
Trappc4,-0.04243495121026394,0.04243495121026394,0.0025953592678570735
Cox5b,0.23524556004053718,0.23524556004053718,2.7921091081090378e-64
Timm22,-0.030925279606602754,0.030925279606602754,0.02819332754372324
Cdc45,-0.11949871739495335,0.11949871739495335,1.7604811402703683e-17
Ptgs1,-0.08187049220895855,0.08187049220895855,5.946759122198255e-09
Cox7a2,0.2556200249216547,0.2556200249216547,5.963875252867505e-76
Fli1,-0.06390002790642572,0.06390002790642572,5.674614559514649e-06
Atp6v1b2,-0.11116322923098916,0.11116322923098916,2.5482699635416308e-15
Slmo2,-0.12148685773640618,0.12148685773640618,5.095716194396393e-18
F10,-0.06933038603672532,0.06933038603672532,8.448098642615432e-07
Pabpc1,-0.014338733663052909,0.014338733663052909,0.30898944175993265
Edem1,-0.09876816598590733,0.09876816598590733,2.1483143261849837e-12
Rplp0,0.36139005721386946,0.36139005721386946,3.19705280090355e-155
Pnkp,0.010823506384098429,0.010823506384098429,0.44253497029634925
Hist1h2ae,0.061298464258601325,0.061298464258601325,1.342590416654102e-05
Tmem38b,-0.09938579479393254,0.09938579479393254,1.5645236179705078e-12
Eif3f,0.07113266815977433,0.07113266815977433,4.3478142041125535e-07
Dctpp1,-0.040159188067687174,0.040159188067687174,0.0043673852885220575
4930523C07Rik,0.010661575203498844,0.010661575203498844,0.4493914165919497
2810008M24Rik,-0.052468852553883776,0.052468852553883776,0.00019525163369064197
Dynlrb1,0.010537300321230143,0.010537300321230143,0.45469402917394636
Atg3,-0.02989930872159665,0.02989930872159665,0.03385911779307092
Lsmd1,-0.001606242070345972,0.001606242070345972,0.9092707765049931
Lamp1,-0.07733409286143762,0.07733409286143762,3.9101019542971065e-08
Sys1,-0.004449323103642147,0.004449323103642147,0.7522542017707108
Rdx,0.020742179008355628,0.020742179008355628,0.14108648436632729
Ggnbp2,0.0008204758087557532,0.0008204758087557532,0.953581003918474
Fbxo5,0.0043721299170904615,0.0043721299170904615,0.7564151826871578
Clec5a,-0.021687614287534997,0.021687614287534997,0.12383952862679483
Siva1,0.024696866157139584,0.024696866157139584,0.07969819999112024
Cwc15,-0.011009244258576847,0.011009244258576847,0.43474466825694863
H2afv,0.12221671545646064,0.12221671545646064,3.215932567281901e-18
Srsf2,0.03799317056972421,0.03799317056972421,0.00700763542963646
Slc25a17,-0.15479432379580013,0.15479432379580013,2.2198106763070105e-28
Arhgdia,-0.07407125450927905,0.07407125450927905,1.4220619783857482e-07
Krtcap2,0.0015745455019079294,0.0015745455019079294,0.9110536620619328
Wbp2,-0.11037743827808245,0.11037743827808245,3.998461850130417e-15
Cct5,-0.07348280179424403,0.07348280179424403,1.7848420764372766e-07
Atox1,0.10248282766702456,0.10248282766702456,3.098017756763203e-13
Set,-0.14211179880573557,0.14211179880573557,3.9074636121074915e-24
Ap3s1,0.16535205108495993,0.16535205108495993,3.3577878181008575e-32
Nptn,-0.04540820330829642,0.04540820330829642,0.0012674675606038882
Ndufs3,-0.0521584154448651,0.0521584154448651,0.00021305464151252833
Nop10,-0.05509117319218533,0.05509117319218533,9.171209474249795e-05
Zfand2b,-0.034620026100438295,0.034620026100438295,0.014013033496027857
Tmem223,-0.10746262492571544,0.10746262492571544,2.0681430476983343e-14
Glod4,-0.07649681658972804,0.07649681658972804,5.473583862148846e-08
Zfp706,-0.053572913488161546,0.053572913488161546,0.0001426212238027475
Plcg2,-0.12951474876449154,0.12951474876449154,2.767845322488968e-20
Cfp,-0.049091306596629046,0.049091306596629046,0.0004921551725921515
Plekhj1,-0.03103011557044368,0.03103011557044368,0.02766326641085546
Fkbp3,-0.06949752529711936,0.06949752529711936,7.948745513651207e-07
Rgl2,-0.06341338762885258,0.06341338762885258,6.6833031258811966e-06
2610001J05Rik,-0.051650067642545275,0.051650067642545275,0.00024553437304193393
St3gal5,0.005332355458554927,0.005332355458554927,0.7051942382643188
Suclg1,-0.046952898412270475,0.046952898412270475,0.000859108824196183
Coro1b,-0.112135714694188,0.112135714694188,1.4527868965835111e-15
Ormdl2,-0.08705762138465208,0.08705762138465208,6.083859254636572e-10
Parl,-0.05269273508118835,0.05269273508118835,0.000183290257683981
Caprin1,-0.15396121264336077,0.15396121264336077,4.331791046759807e-28
G3bp1,-0.11092351067043539,0.11092351067043539,2.9246729975807787e-15
Psmb2,0.0682325602884762,0.0682325602884762,1.25623521834275e-06
Atp6ap1,-0.12173588072260082,0.12173588072260082,4.3564867114807e-18
Commd1,0.04319663507649757,0.04319663507649757,0.002168636313588623
Mcmbp,-0.12323554478397426,0.12323554478397426,1.6836430221732405e-18
Pnrc1,0.023450641436437665,0.023450641436437665,0.09611536602026964
Hipk1,0.02897042087125709,0.02897042087125709,0.039801735061944565
Cops5,-0.06499727147629442,0.06499727147629442,3.907293163841047e-06
Rfc5,-0.11082231231979,0.11082231231979,3.099538637006248e-15
Ppp2r2a,-0.09097949370171222,0.09097949370171222,9.920712634560722e-11
Rpa3,-0.1148284323982358,0.1148284323982358,2.988239367119768e-16
E2f4,-0.12545893964486618,0.12545893964486618,4.024786864096949e-19
Napsa,0.0010844282986511437,0.0010844282986511437,0.9386735559837199
Myb,-0.10231874553301258,0.10231874553301258,3.3797016658917384e-13
Rpa2,-0.0506052704087929,0.0506052704087929,0.0003273921535569973
Tmed10,-0.04642759716237913,0.04642759716237913,0.0009818257389367442
Higd1a,-0.011509502165718603,0.011509502165718603,0.4141607263035439
Sdf4,-0.054305805583394255,0.054305805583394255,0.00011540455664209702
Il10rb,-0.07767998553932712,0.07767998553932712,3.399347941080538e-08
Syne1,0.15046367450682321,0.15046367450682321,6.886158829958334e-27
Ghitm,-0.08885574404830489,0.08885574404830489,2.674498081802684e-10
Mrpl35,-0.06844007579980949,0.06844007579980949,1.1659979678246055e-06
Siglece,0.010128921099026179,0.010128921099026179,0.47236482210403236
Arl6ip4,-0.056899184458826975,0.056899184458826975,5.3426393503069417e-05
Mrpl17,-0.059409054169150946,0.059409054169150946,2.4579109426488368e-05
Tapbp,-0.14650826231801506,0.14650826231801506,1.453213278389777e-25
Tln1,0.15282829094809733,0.15282829094809733,1.068838762623228e-27
Cdca4,-0.1058333206907274,0.1058333206907274,5.084608723699675e-14
Cpne3,0.2105997118304461,0.2105997118304461,1.3656701255069187e-51
Smc6,0.09022769628020691,0.09022769628020691,1.4129912346300006e-10
Lrmp,-0.09316094356514786,0.09316094356514786,3.498111172514755e-11
Tspo,0.3028372503059587,0.3028372503059587,2.6276651359929018e-107
Ccdc124,-0.057853452600903965,0.057853452600903965,3.991361084506305e-05
Dbf4,-0.09905623991500137,0.09905623991500137,1.8534018007175598e-12
Hcst,0.14449916289726464,0.14449916289726464,6.624433690637133e-25
Rad23b,-0.16943987735199564,0.16943987735199564,9.472080196926342e-34
Hsbp1,-0.033837672724410336,0.033837672724410336,0.01633360937382697
Pilra,0.042062777243739476,0.042062777243739476,0.0028306329296398196
Snrpg,0.13540018720930797,0.13540018720930797,4.880653384961436e-22
2310011J03Rik,-0.0435301841987163,0.0435301841987163,0.0020028616839853895
Cks1b,-0.0002198029929382122,0.0002198029929382122,0.987557974018505
Erp29,-0.025790135209358606,0.025790135209358606,0.06724376177227644
Timm8b,0.018604054878766967,0.018604054878766967,0.1868286220330016
Hexb,-0.06111538427679264,0.06111538427679264,1.4246958636882983e-05
Gnai3,-0.11240853373576126,0.11240853373576126,1.2398188110399057e-15
Lig1,0.02267494345335434,0.02267494345335434,0.10763169981030579
Cdca7,-0.0966907390617274,0.0966907390617274,6.153525064810119e-12
Atxn10,-0.01852481703672001,0.01852481703672001,0.1887129747513533
Ltf,0.21260803288472488,0.21260803288472488,1.440871726888693e-52
Canx,-0.10539749449340284,0.10539749449340284,6.452953078404151e-14
2610002J02Rik,-0.04474901103059238,0.04474901103059238,0.001491118317599181
Hmgn2,0.31863493646645835,0.31863493646645835,3.292935347278796e-119
Arhgef1,-0.07849504698703309,0.07849504698703309,2.4384818871711985e-08
Capzb,0.09807991074274588,0.09807991074274588,3.0518815317727462e-12
Wbp5,-0.04750442522807179,0.04750442522807179,0.0007456810881914664
Park7,0.049152287174964476,0.049152287174964476,0.0004842431188251787
Vps25,-0.08951100976362517,0.08951100976362517,1.974278400321525e-10
Vdac1,-0.10166822534762612,0.10166822534762612,4.765742229919889e-13
Syce2,-0.06659808837907076,0.06659808837907076,2.243017083232621e-06
Rtf1,0.047368587873373134,0.047368587873373134,0.000772248996599291
Tardbp,-0.07549586404463682,0.07549586404463682,8.145604759921195e-08
Stard7,-0.13881370556775224,0.13881370556775224,4.3159797328924404e-23
Zc3h15,-0.07298807968040556,0.07298807968040556,2.1576713663604564e-07
Banf1,-0.029669768300843946,0.029669768300843946,0.03525220864851379
Mpst,-0.02367004539674353,0.02367004539674353,0.09304336898694669
Mrpl15,-0.08003874229141617,0.08003874229141617,1.288009436811917e-08
Ndufb6,0.020784428296500297,0.020784428296500297,0.14027828129416767
Arf5,0.09152761672036852,0.09152761672036852,7.65202094265604e-11
Rab2a,0.07405439251378373,0.07405439251378373,1.431385482975136e-07
Stag2,0.04645790720192068,0.04645790720192068,0.0009743255369391367
Srsf4,-0.13494696352371255,0.13494696352371255,6.704004472208107e-22
Pglyrp1,0.3094674418038952,0.3094674418038952,3.2616646470567713e-112
Eif5,0.015114225945014286,0.015114225945014286,0.2835526606993368
Serf2,0.2940469585431883,0.2940469585431883,5.353073392421216e-101
Trappc5,-0.01738602918315708,0.01738602918315708,0.21735844769175053
Dad1,-0.0037869656980453535,0.0037869656980453535,0.7881794544208863
2010107H07Rik,0.010310259346174322,0.010310259346174322,0.46447191316807745
Znrf1,-0.12758179794373023,0.12758179794373023,1.002035283484811e-19
Sgpp1,-0.11331519494423448,0.11331519494423448,7.300824807460503e-16
Lamp2,-0.06877612916450161,0.06877612916450161,1.0329435446824302e-06
Clec12a,0.15285994788379917,0.15285994788379917,1.0422991859627481e-27
Igbp1,-0.06111773230458987,0.06111773230458987,1.4236131759138023e-05
Esd,-0.02100505058359882,0.02100505058359882,0.13611562873767094
Ndufb3,0.049954785161906094,0.049954785161906094,0.000390585644073398
Pafah1b1,0.023912170833838956,0.023912170833838956,0.08974520502000388
Retnlg,0.3478210276414143,0.3478210276414143,3.5852079298179065e-143
Rps16,0.37431007643100844,0.37431007643100844,2.968096851854389e-167
1810033B17Rik,0.20857009344483024,0.20857009344483024,1.2948473620976837e-50
Capns1,0.09038059074532535,0.09038059074532535,1.3152329999573802e-10
Cab39,-0.05666450434515187,0.05666450434515187,5.735941263693361e-05
Wnk1,-0.010083800695692525,0.010083800695692525,0.47434014023627263
M6pr,-0.15073031844439216,0.15073031844439216,5.589766520550156e-27
Rnh1,-0.03960806856030535,0.03960806856030535,0.004935967394895893
Fxyd5,0.06547193130250399,0.06547193130250399,3.318749515331758e-06
Ndufb4,0.006097088968304218,0.006097088968304218,0.665323417582942
Copb2,-0.0998112070302679,0.0998112070302679,1.2561312011733138e-12
Pih1d1,-0.014193701642646692,0.014193701642646692,0.31390901859030834
Polr1d,0.041237712542396485,0.041237712542396485,0.0034231080793947887
Flna,0.07285435730920277,0.07285435730920277,2.270719067753376e-07
Rtn3,-0.04979446073823424,0.04979446073823424,0.00040782361040116963
Nsmce4a,-0.07040583033163644,0.07040583033163644,5.694475818003118e-07
0610037P05Rik,-0.07787259824283313,0.07787259824283313,3.143624173381305e-08
Snrpa1,-0.02657113818222382,0.02657113818222382,0.05936509436852554
S1pr4,-0.008252709395178299,0.008252709395178299,0.5582006141026955
Gtf2a2,-0.0068805117872112395,0.0068805117872112395,0.6254375252873468
Fam96a,-0.004998679687368144,0.004998679687368144,0.7228560382210885
1810058I24Rik,0.14311192647909804,0.14311192647909804,1.8647004473351604e-24
Ppp1cc,0.01096993077841348,0.01096993077841348,0.436386935680299
Larp7,-0.05505923228929475,0.05505923228929475,9.257859677732474e-05
Micu1,-0.14946746326294721,0.14946746326294721,1.496049926876261e-26
Haus4,-0.08446635898901783,0.08446635898901783,1.932527842202521e-09
Pstpip1,-0.01486475958856213,0.01486475958856213,0.2915759128826749
1700037H04Rik,-0.12411677804574232,0.12411677804574232,9.577610328488757e-19
Hist1h2ao,0.028279788446346533,0.028279788446346533,0.044773934324605434
Ssr3,-0.07600746167990902,0.07600746167990902,6.651963087192851e-08
Cdk2,-0.1645755629425918,0.1645755629425918,6.545506621404166e-32
Xbp1,-0.09013969347541444,0.09013969347541444,1.4724409241583226e-10
Rer1,-0.019746903780542054,0.019746903780542054,0.16117716936258822
Rnf7,-0.01754950918262007,0.01754950918262007,0.21306420190318376
Nt5c,-0.012420210585347992,0.012420210585347992,0.3782027072315051
Fth1,0.3173654077265404,0.3173654077265404,3.1711130122039585e-118
Atp5a1,-0.015736087703827586,0.015736087703827586,0.26420820729433425
Sept9,-0.15626448307428384,0.15626448307428384,6.760728521198296e-29
Tprgl,-0.01966389086680214,0.01966389086680214,0.16294583798784934
Got2,-0.1124815195968118,0.1124815195968118,1.1882629818146798e-15
Atp6v1f,0.0332879652124396,0.0332879652124396,0.018159912022764298
Rap1b,0.08455167791246393,0.08455167791246393,1.8613679217407598e-09
Ftl1,0.33928306650396367,0.33928306650396367,6.860729256743997e-136
Gde1,-0.04416275372594981,0.04416275372594981,0.0017199976073140066
Ube2f,-0.04392931126397295,0.04392931126397295,0.0018198073590289345
Tmem59,-0.0546466753087474,0.0546466753087474,0.00010448833287603318
Taf9,-0.01969916883282159,0.01969916883282159,0.16219242785753338
H2-K1,0.06603816064536938,0.06603816064536938,2.7275079937332474e-06
Emg1,-0.019579421310663765,0.019579421310663765,0.16476052179280598
Dut,-0.015136783726015332,0.015136783726015332,0.2828346061353182
Stmn1,0.12318972712163814,0.12318972712163814,1.7335636666185827e-18
Rhob,-0.04736030891584868,0.04736030891584868,0.0007738963151463151
2900064A13Rik,-0.060154431151132594,0.060154431151132594,1.940278331485391e-05
Supt4h1,-0.00835109230834707,0.00835109230834707,0.553518068028081
Mrp63,0.05415441521587914,0.05415441521587914,0.00012058999347486401
Aldh2,0.18995803548757045,0.18995803548757045,3.950088102912816e-42
Ndufa10,-0.0714950479916035,0.0714950479916035,3.7968460992885507e-07
Cnpy2,-0.05902973207180073,0.05902973207180073,2.7693629734192412e-05
Cox5a,0.23069396541682738,0.23069396541682738,8.047610005360109e-62
Mea1,-0.07105025080456862,0.07105025080456862,4.483483605480551e-07
Ctsz,-0.07763318607375956,0.07763318607375956,3.464463783888799e-08
Ralb,-0.10869052916611378,0.10869052916611378,1.0404993695000017e-14
Exosc5,-0.08685615277926699,0.08685615277926699,6.663939454308732e-10
Lsm3,-0.016237736157216152,0.016237736157216152,0.24928110376579102
Btbd1,-0.05986414034993646,0.05986414034993646,2.1281473899333012e-05
Chmp1a,-0.09292567066678652,0.09292567066678652,3.9188826818945464e-11
Akirin1,-0.12310411874081184,0.12310411874081184,1.8307852168275633e-18
Gpx1,0.3284287251259123,0.3284287251259123,5.848587571385482e-127
Rpl39,0.2565502732574924,0.2565502732574924,1.6466327295308986e-76
Tcp1,-0.1063666279041657,0.1063666279041657,3.793423352960442e-14
Calm2,0.09226361725106381,0.09226361725106381,5.3866526271514244e-11
Ywhaq,-0.0806728366917952,0.0806728366917952,9.875441915321909e-09
Riok3,-0.06318779630139991,0.06318779630139991,7.207074052510183e-06
Hck,0.02992009818504252,0.02992009818504252,0.033735302117981224
Rpl4,0.2581517061244246,0.2581517061244246,1.7741405298961314e-77
Snrnp27,-0.07468875804344463,0.07468875804344463,1.118310692567854e-07
Mrpl20,0.04444547825217517,0.04444547825217517,0.0016058638776003144
Csrp1,-0.12002337752183853,0.12002337752183853,1.2717726597627441e-17
Snrnp70,-0.06756895101149868,0.06756895101149868,1.5921262769660697e-06
Lims1,0.052043960184475636,0.052043960184475636,0.00021999469469403452
Cfdp1,-0.10707881823029886,0.10707881823029886,2.559427355746946e-14
Lbr,-0.001924256332609415,0.001924256332609415,0.891409696895775
Fam111a,0.07585904417547348,0.07585904417547348,7.055531025751432e-08
Hn1,0.019605136931516574,0.019605136931516574,0.16420646223058696
Ifitm2,0.35278438820445096,0.35278438820445096,1.6424214275685716e-147
1500031L02Rik,-0.019559486489034772,0.019559486489034772,0.1651909977205559
Anapc13,0.028891543000585482,0.028891543000585482,0.040344822782881824
Pigx,-0.051226878135669236,0.051226878135669236,0.0002760573662788437
F630028O10Rik,0.04049770628589889,0.04049770628589889,0.004048260358130529
Tceb2,0.22554648286414708,0.22554648286414708,4.2026174458363785e-59
Me2,-0.12993771378985686,0.12993771378985686,2.083271972314231e-20
Pgk1,0.09198309909257205,0.09198309909257205,6.159800426844316e-11
Ppm1g,-0.1270997171254134,0.1270997171254134,1.376928133379033e-19
Hsp90b1,-0.027921866633501706,0.027921866633501706,0.04755052195669813
Txnl4a,-0.05919719740650023,0.05919719740650023,2.6274978210508597e-05
Csk,-0.10940799500328273,0.10940799500328273,6.940086887712319e-15
Sin3b,0.015952668989858095,0.015952668989858095,0.2576896668338702
Nedd8,0.0775417043705892,0.0775417043705892,3.595260333004279e-08
Minos1,0.07048294089695363,0.07048294089695363,5.534464284303084e-07
Cmtm7,0.009845255005150138,0.009845255005150138,0.4848584032175407
Aes,-0.028253747263849233,0.028253747263849233,0.044971231401631256
Ptges3,-0.07725297329254831,0.07725297329254831,4.04024571574111e-08
Tmem14c,0.07941348641837447,0.07941348641837447,1.6703934397689755e-08
Mdh2,0.06473114037829021,0.06473114037829021,4.2797524871791096e-06
Gltscr2,-0.043504927325402946,0.043504927325402946,0.0020149953216508265
Psma5,-0.037530546837422414,0.037530546837422414,0.007730386797509486
Eny2,-0.02250926268503557,0.02250926268503557,0.11022766552944374
Bloc1s1,0.07007474316637842,0.07007474316637842,6.433634463283398e-07
Luc7l3,0.041753779494455384,0.041753779494455384,0.0030405872838609603
Mogat2,-0.16356693848238504,0.16356693848238504,1.550159035121274e-31
Tmem167,0.004016906035234132,0.004016906035234132,0.7756523859979986
S100a13,0.1026314821761261,0.1026314821761261,2.862802822186523e-13
Ppp1r2,0.0011659679013433153,0.0011659679013433153,0.9340724771845431
Plekhf2,-0.1015702035931371,0.1015702035931371,5.018094313606018e-13
Nadk,-0.10220517219040696,0.10220517219040696,3.5892500630975265e-13
Tomm7,0.03167992506536209,0.03167992506536209,0.02456566572339768
Cdk1,-0.02951639453332977,0.02951639453332977,0.03621005292872623
Rps12,0.3304204808657206,0.3304204808657206,1.4300464770066044e-128
Adssl1,-0.09692344331005738,0.09692344331005738,5.475250399513918e-12
Rpl38,0.27809443571659526,0.27809443571659526,4.1669364508080416e-90
Rpl36a,0.15459322628841343,0.15459322628841343,2.6094535631664313e-28
D11Wsu99e,0.021092707150030185,0.021092707150030185,0.1344884573764211
3110003A17Rik,0.1211413342204421,0.1211413342204421,6.3302364094094634e-18
Ldha,0.13387323107897026,0.13387323107897026,1.4159742604405761e-21
Chchd1,-0.0324189019737501,0.0324189019737501,0.02141233766675354
Lsm6,0.0637590219645001,0.0637590219645001,5.950817727174152e-06
Morf4l2,-0.09472835095732707,0.09472835095732707,1.6296449087343662e-11
Serbp1,0.0405998516923664,0.0405998516923664,0.003956209905974135
Pnp,-0.06498107812014457,0.06498107812014457,3.92903932864697e-06
Ube2b,0.0262657633222449,0.0262657633222449,0.06234938375614535
Cd164,-0.038774523872574074,0.038774523872574074,0.005923662055768264
Srsf3,0.12181972178233175,0.12181972178233175,4.13225830240883e-18
Ppia,0.34219140305029294,0.34219140305029294,2.4075613680174004e-138
Hdac2,-0.1332976710013268,0.1332976710013268,2.1087896223249553e-21
Hcfc1r1,0.008524826084942445,0.008524826084942445,0.5452964635069836
Nasp,-0.01590497628650127,0.01590497628650127,0.259115431427896
Ubxn1,-0.056229991695792306,0.056229991695792306,6.537556570405344e-05
Rpl10,0.37716750562931134,0.37716750562931134,5.445894279863615e-170
Cd63,0.1942310886364972,0.1942310886364972,5.293601867481225e-44
Rbm42,-0.0802440028412729,0.0802440028412729,1.1821457296988939e-08
Uqcrfs1,-0.01804043395834816,0.01804043395834816,0.20053747630822083
Trem3,0.24708572475050553,0.24708572475050553,6.256156411414919e-71
Evi2b,-0.05843956702239505,0.05843956702239505,3.329577175507676e-05
Lamtor2,0.10516178095186933,0.10516178095186933,7.337703647274979e-14
Rpl18a,0.4015170688522827,0.4015170688522827,1.8804564472127122e-194
Dnajc8,0.03771538097233512,0.03771538097233512,0.007433972641670628
Lsm5,0.08501670666467791,0.08501670666467791,1.5161617997835825e-09
Atp5b,0.09920329074252934,0.09920329074252934,1.718556346300474e-12
Ankrd13a,-0.16188227301685798,0.16188227301685798,6.463043525392038e-31
Rpl7a,0.2596493251088741,0.2596493251088741,2.177250918619108e-78
Shfm1,0.3351352791938127,0.3351352791938127,1.9582132042888006e-132
Cdc42,0.19133920194926118,0.19133920194926118,9.91073134318538e-43
Rpl36al,0.19053466121133172,0.19053466121133172,2.2205763852299223e-42
Mrpl18,0.021865447787995266,0.021865447787995266,0.12078742219680572
Znhit1,0.0235446132271849,0.0235446132271849,0.09478982242572388
Arpp19,0.10973877262660355,0.10973877262660355,5.752970955487735e-15
Adpgk,0.06889738078888683,0.06889738078888683,9.8862339623873e-07
Mapk1,-0.11247512341497524,0.11247512341497524,1.1926954050739414e-15
Sdha,-0.141984992980538,0.141984992980538,4.290086666437547e-24
Psmb9,0.003486329043217874,0.003486329043217874,0.8046405323268563
Psmb4,0.01754675536608411,0.01754675536608411,0.21313602766296957
Hvcn1,-0.15048029827152257,0.15048029827152257,6.797269565085555e-27
Actn1,-0.04092100577980809,0.04092100577980809,0.0036790389520105497
Sirpa,-0.1201738002272889,0.1201738002272889,1.1582597552407764e-17
AB124611,-0.025347263995153153,0.025347263995153153,0.07208111646863095
Atp5d,0.060166066987694326,0.060166066987694326,1.9330872684334688e-05
Hnrnpab,0.009161143891224363,0.009161143891224363,0.5157110752681917
1110008P14Rik,0.0767332050692077,0.0767332050692077,4.979452327515106e-08
Rsl24d1,-0.10676097918907783,0.10676097918907783,3.0517377008825995e-14
Cbx3,-0.06266513972091604,0.06266513972091604,8.575521497580796e-06
Hnrnpa2b1,0.14207164334103772,0.14207164334103772,4.0248209307087245e-24
Rbm25,0.08164589391178269,0.08164589391178269,6.5437496973237235e-09
Sri,0.1437718248294271,0.1437718248294271,1.1411891629335505e-24
Orm1,0.23475867754060434,0.23475867754060434,5.1474702186231946e-64
Ebi3,-0.08777284361794821,0.08777284361794821,4.395935285089887e-10
Ckap4,0.13156538818796046,0.13156538818796046,6.91971379808604e-21
Rps23,0.35500189601652316,0.35500189601652316,1.784264649544547e-149
Dpy30,-0.024704837113763065,0.024704837113763065,0.07960103720035608
Nfe2,-0.029930448175348963,0.029930448175348963,0.033673805204998485
Ebna1bp2,-0.042961539101518315,0.042961539101518315,0.002292934652872227
Arpc2,0.2743720331758805,0.2743720331758805,1.1464504629251697e-87
Msra,-0.00285045573034719,0.00285045573034719,0.839735232570995
Rpl22l1,0.12727432411650927,0.12727432411650927,1.2273803152337314e-19
Erh,0.03263064938723472,0.03263064938723472,0.020576368471098574
Ndufa11,0.06028662294335396,0.06028662294335396,1.8600607228811353e-05
Metap2,-0.024468723407757548,0.024468723407757548,0.08252026670332865
Ran,0.15086340499150822,0.15086340499150822,5.036399548302206e-27
Snrpe,0.07517740845095802,0.07517740845095802,9.234192069326621e-08
Vamp5,0.05028171039200899,0.05028171039200899,0.00035752310619020767
Hspa8,0.12949345734409265,0.12949345734409265,2.807647719618354e-20
Magoh,0.029522109738654625,0.029522109738654625,0.036173966720411434
Usmg5,-0.030038985573754784,0.030038985573754784,0.03303465682877336
Agtrap,-0.08061448770488416,0.08061448770488416,1.0120654762274967e-08
Ssrp1,-0.07655162464551617,0.07655162464551617,5.3549514273399204e-08
Atp5h,0.28055026731136534,0.28055026731136534,9.759212953739199e-92
Rpl15,0.2912398569905713,0.2912398569905713,4.976413753519231e-99
Polr2k,-0.043170196729948616,0.043170196729948616,0.002182299774623009
Atp6v1g1,0.14442181262923454,0.14442181262923454,7.019834804550061e-25
Lcn2,0.2773572748933283,0.2773572748933283,1.2763147500850363e-89
D4Wsu53e,0.17653681931066503,0.17653681931066503,1.5559711237421548e-36
Timm23,-0.06084824992653301,0.06084824992653301,1.5531326420639468e-05
Rpl3,0.2402889086421562,0.2402889086421562,4.5505290166076545e-67
Gng5,0.2455888543684547,0.2455888543684547,4.540998781695864e-70
Tmed2,-0.04395973980521369,0.04395973980521369,0.0018065025157624726
H13,-0.08942699002995826,0.08942699002995826,2.0528869900039914e-10
Akr1a1,-0.05349198537811213,0.05349198537811213,0.00014597207186719068
Prkar1a,-0.0913124021794778,0.0913124021794778,8.474838602367192e-11
AI662270,-0.05960510735542114,0.05960510735542114,2.310291776904481e-05
Limd2,0.0823077333886545,0.0823077333886545,4.932697050911814e-09
Rps3a,0.34455716616451404,0.34455716616451404,2.3186250433964485e-140
Swi5,0.018365160972438663,0.018365160972438663,0.1925522412355749
Cd81,-0.006870840990880103,0.006870840990880103,0.6259235736787641
Clic1,0.2616820202854576,0.2616820202854576,1.2351129698309564e-79
Rpl11,0.3641523914895898,0.3641523914895898,9.519509162914216e-158
Mapk13,0.07489830715734189,0.07489830715734189,1.0302968594280214e-07
Ech1,-0.02098228681953366,0.02098228681953366,0.1365406684850056
Prdx5,0.29597490396247383,0.29597490396247383,2.3109166586890147e-102
Uqcrh,0.180371867479724,0.180371867479724,4.3384943020693537e-38
Xpc,-0.04194229065678866,0.04194229065678866,0.002910873314774259
Snrpc,-0.011833589030828576,0.011833589030828576,0.40113888489013944
Hmha1,-0.07138482284405805,0.07138482284405805,3.9568781199015003e-07
Ost4,-0.007773747081308144,0.007773747081308144,0.5812679134964137
Tmbim6,0.04091736053743447,0.04091736053743447,0.003682083331801407
Ap2s1,0.119595227671499,0.119595227671499,1.6584426000209873e-17
Srsf7,0.003997157975278334,0.003997157975278334,0.7767260165949831
Spcs2,-0.005153107426041059,0.005153107426041059,0.7146629908825538
Birc5,0.09429392931679151,0.09429392931679151,2.016414559048836e-11
Ifitm3,0.2283953304486143,0.2283953304486143,1.3418157515545492e-60
Rps25,0.33961648538099437,0.33961648538099437,3.599852977274854e-136
Gmfg,0.27575332403186215,0.27575332403186215,1.4406292732528508e-88
Gnb2,0.2405030775138755,0.2405030775138755,3.453143042544923e-67
Rpl35a,0.3522543966145071,0.3522543966145071,4.814572677954993e-147
Tpt1,0.3220716964679395,0.3220716964679395,6.771129797154611e-122
Srp14,0.027475757879159082,0.027475757879159082,0.051212465757343506
Vamp8,0.17144122501070222,0.17144122501070222,1.5971684157637528e-34
Ppp4c,-0.09362700608999344,0.09362700608999344,2.790980137555852e-11
Atp6v1e1,0.03736635508077554,0.03736635508077554,0.008002531140469924
Lyz2,0.2034447613507474,0.2034447613507474,3.416668280408462e-48
Hint1,0.1151902323823601,0.1151902323823601,2.4093385641208256e-16
Cd52,0.2946182324960808,0.2946182324960808,2.1149167133637297e-101
Edf1,0.08573774101036583,0.08573774101036583,1.1007331875939729e-09
Ndufb7,0.2641597208507176,0.2641597208507176,3.6113586636225427e-81
Rps19,0.3770091474805102,0.3770091474805102,7.734698885911366e-170
Hnrnpk,0.018231840538903272,0.018231840538903272,0.1958019344410061
Rps9,0.36459601176038203,0.36459601176038203,3.720429490312264e-158
1810037I17Rik,0.1433924499538082,0.1433924499538082,1.513834404296643e-24
S100a8,0.2974082021118032,0.2974082021118032,2.1992092300667005e-103
Rpl7,0.3370196783660894,0.3370196783660894,5.35282296587374e-134
