,Pearson Correlation,Absolute Correlation,P-values
Eif5a,0.0247493236155318,0.0247493236155318,0.3083719653954203
Ybx1,0.05855100038258725,0.05855100038258725,0.01588404538686312
Pgk1,-0.0007473120823453423,0.0007473120823453423,0.9754661174112357
Cox7c,0.08910777771793055,0.08910777771793055,0.00023851332662216542
Ctsh,-0.017832769669695363,0.017832769669695363,0.4630003594287131
Atp5d,0.06218781630744481,0.06218781630744481,0.01041785196573616
Rpl10,0.08104883202928861,0.08104883202928861,0.0008352788870879475
Glrx5,-0.0029216519579779807,0.0029216519579779807,0.9042989428360537
Cox7b,0.13121904431548545,0.13121904431548545,5.847202417868008e-08
Gnb2l1,-0.15733885909226142,0.15733885909226142,7.247015362028494e-11
Adk,0.07202108070195241,0.07202108070195241,0.0030005921819048708
Hdgf,-0.05136799294313642,0.05136799294313642,0.03440436265205761
Dnaja1,-0.07109450123920015,0.07109450123920015,0.003396177460442402
Btf3,0.008304678272641872,0.008304678272641872,0.7325305193270649
Hsp90ab1,-0.09659078067385449,0.09659078067385449,6.76970236932825e-05
Cyp2c70,0.026552834438410274,0.026552834438410274,0.274438097269647
Rps15,-0.036658397940541154,0.036658397940541154,0.13127849775737147
Hmgcs2,0.10331864897596083,0.10331864897596083,2.0152121450745338e-05
Ptges3,-0.06545828522885032,0.06545828522885032,0.00700425136286405
Lipa,-0.15571715530418317,0.15571715530418317,1.1373780310210485e-10
Hp,-0.05062623774892574,0.05062623774892574,0.03709510837587679
Akr1a1,0.03012405853267915,0.03012405853267915,0.214993373046315
Rpl23,0.021561862521313847,0.021561862521313847,0.3748526437468034
Eef1g,-0.1261766150381732,0.1261766150381732,1.8552278829936427e-07
Rpl35,-0.03242304856372999,0.03242304856372999,0.18199770760507475
Rpl36,-0.030610321386040258,0.030610321386040258,0.20767801608017136
Ppib,-0.05507091059713654,0.05507091059713654,0.02332871871211527
Ube2r2,-0.05729028414436463,0.05729028414436463,0.018296775999022758
Ugdh,-0.1320141359523743,0.1320141359523743,4.8543753607926325e-08
Acat1,0.16399592556593598,0.16399592556593598,1.084340881959083e-11
Uqcrfs1,0.03202274450549035,0.03202274450549035,0.1874557587504418
Hspa8,-0.0939306683627013,0.0939306683627013,0.00010705582248321708
Mcfd2,-0.12045738204075968,0.12045738204075968,6.517809500026781e-07
Calm1,0.11006431746091563,0.11006431746091563,5.540848215402055e-06
Ppia,0.1717559543162217,0.1717559543162217,1.0706267765970541e-12
Gckr,-0.09596329448939042,0.09596329448939042,7.550582032502369e-05
Acaa2,0.10261131186635741,0.10261131186635741,2.297175581945448e-05
Idi1,0.10025973503897041,0.10025973503897041,3.529043011273159e-05
Sdhd,0.04894761503701786,0.04894761503701786,0.04385143875548744
Cox4i1,0.10968777592878129,0.10968777592878129,5.966989589556996e-06
Atp5j,0.11570449539868571,0.11570449539868571,1.7744995216648306e-06
Hadha,-0.08112204091754865,0.08112204091754865,0.0008262166315432268
Aldh6a1,0.03950460093132436,0.03950460093132436,0.10387853700103426
Cebpa,0.06699547790457472,0.06699547790457472,0.005778193834863205
Cox7a2l,-0.05540328283855732,0.05540328283855732,0.02250604023713895
Spcs2,-0.019523248035965682,0.019523248035965682,0.4216855905000086
Cox8a,0.15579688655525561,0.15579688655525561,1.1125734602787094e-10
Rpl13a,-0.06687167631497884,0.06687167631497884,0.005869251136002329
Myl6,0.07152778623993787,0.07152778623993787,0.00320563785660517
Cox6c,0.16253637526267822,0.16253637526267822,1.65579387799544e-11
Ctsb,-0.10317856841334043,0.10317856841334043,2.0682968805240092e-05
Slc40a1,-0.24995369696276845,0.24995369696276845,1.4274229121004847e-25
Clpx,0.13151927599408708,0.13151927599408708,5.451147906860379e-08
Mettl7b,-0.22488003192084977,0.22488003192084977,6.942364530424925e-21
Ndufb4,0.07850445248080178,0.07850445248080178,0.0012137796959519795
Fkbp8,-0.07187109033904049,0.07187109033904049,0.003061636321359128
Rps25,-0.06371840203062416,0.06371840203062416,0.008669549124196563
Clu,-0.06317952129653669,0.06317952129653669,0.009252686704926644
Nit2,0.06078461538964856,0.06078461538964856,0.012289060860162898
Psmd2,-0.14120618219344896,0.14120618219344896,5.213069233587482e-09
Rac1,-0.07600712733091387,0.07600712733091387,0.0017338987698175793
Park7,0.11907601594278538,0.11907601594278538,8.754874718814316e-07
Tmed5,-0.05952159286576124,0.05952159286576124,0.014221644491066575
Osbpl9,-0.0060518715807645965,0.0060518715807645965,0.8033222185321873
Strap,-0.03459758240772694,0.03459758240772694,0.1543910390338189
Edf1,-0.008628880946097272,0.008628880946097272,0.7225119206098551
Rpl38,0.09291757338737394,0.09291757338737394,0.00012707932098057138
Ifitm3,0.18426391072701498,0.18426391072701498,2.0343555404628243e-14
Pop5,-0.010224302602912582,0.010224302602912582,0.6739280725835192
Echs1,0.12542568162788426,0.12542568162788426,2.1950382640570814e-07
0910001L09Rik,0.004316894082351364,0.004316894082351364,0.8589975929895975
Degs1,-0.042091087338940396,0.042091087338940396,0.08311219560766711
Oaf,0.004917643539851635,0.004917643539851635,0.8396252397344726
Psmd7,-0.006077543062361818,0.006077543062361818,0.8025051290217413
Uqcrq,0.16154490534166788,0.16154490534166788,2.202613426365003e-11
Gabarap,0.07795656335110927,0.07795656335110927,0.0013136946691832034
Hspa9,-0.13226796308324534,0.13226796308324534,4.573339387965877e-08
Tpi1,0.023154386959988397,0.023154386959988397,0.3405998309986782
Tkt,-0.2438080627554367,0.2438080627554367,2.2586666378190823e-24
Serbp1,-0.07077159269597845,0.07077159269597845,0.003544816169896962
Hnrnpu,-0.044125371610036025,0.044125371610036025,0.06925706989227558
Fdx1,0.08802202078667143,0.08802202078667143,0.00028414426181149236
Gltscr2,-0.07930961670555911,0.07930961670555911,0.0010796189718485308
Ndufa5,0.11875958073221198,0.11875958073221198,9.362799991287811e-07
Khk,-0.1764851012836675,0.1764851012836675,2.474664435725852e-13
Ube2v1,-0.04091260489004968,0.04091260489004968,0.09211459331220855
Apof,-0.09295089933159517,0.09295089933159517,0.00012636799403999778
Actg1,-0.20825559796095205,0.20825559796095205,4.501531753857772e-18
Serpina1b,0.21460004732036603,0.21460004732036603,4.051401605867393e-19
Mrps18b,-0.08566990511397107,0.08566990511397107,0.00041243511623312583
Mrps21,0.021860720002693405,0.021860720002693405,0.368267516793651
Serpina1d,0.1968473911280872,0.1968473911280872,2.818172477192226e-16
Pdcd4,0.037331072794997006,0.037331072794997006,0.12434477840975079
Errfi1,0.024104635637686594,0.024104635637686594,0.3211478164345134
Pfdn5,0.020820437906659415,0.020820437906659415,0.3915008036495233
Rab9,-0.007872711861986459,0.007872711861986459,0.7459500722242998
2310036O22Rik,0.05389282474140671,0.05389282474140671,0.02645823198754516
Mlf2,-0.0018607488015517978,0.0018607488015517978,0.9389625273782556
Swi5,0.12022608783071775,0.12022608783071775,6.84947926915209e-07
Dcaf11,0.02918304373647195,0.02918304373647195,0.22967322551046904
Slc10a1,-0.1170411156039976,0.1170411156039976,1.3441401917826129e-06
Gstm1,-0.10265573582889768,0.10265573582889768,2.2784159054605062e-05
Dynll2,0.01950686527468041,0.01950686527468041,0.42207532463520087
Txnl1,-0.049981710009272,0.049981710009272,0.03957654216946559
Ssr1,-0.09964251402361803,0.09964251402361803,3.943962657314306e-05
Srpr,-0.17750799804650713,0.17750799804650713,1.7930342717251365e-13
Ugt2b1,-0.08432232165363868,0.08432232165363868,0.0005085010510862792
Eif4a2,-0.01814394810304488,0.01814394810304488,0.4552301334394407
Hnf4a,-0.10853063907176037,0.10853063907176037,7.481558955048262e-06
Rpl22l1,-0.1154596674906333,0.1154596674906333,1.8665024213128409e-06
Uba52,0.10698945573402732,0.10698945573402732,1.0076473177942488e-05
Acsl1,-0.142301638231011,0.142301638231011,3.956630766996883e-09
Bckdha,0.012315012267254363,0.012315012267254363,0.6122891616322518
Hhex,-0.08606664756936885,0.08606664756936885,0.000387558518323907
Ndufa6,0.01093825938997341,0.01093825938997341,0.6526048531034553
Paics,-0.04616550120368185,0.04616550120368185,0.057325142134313695
Hnrnpk,-0.010130256096461343,0.010130256096461343,0.6767569725403386
Ltbr,-0.16200500912498722,0.16200500912498722,1.9298415783228697e-11
Cct7,-0.09596050876452489,0.09596050876452489,7.554231285085063e-05
Fdps,0.09180900509831012,0.09180900509831012,0.00015300735302300973
Aldh7a1,0.16563014426150616,0.16563014426150616,6.719608370415157e-12
Sec62,-0.144860798246629,0.144860798246629,2.0604201735198073e-09
Mtss1,-0.16819336244585648,0.16819336244585648,3.1416480796702223e-12
Cideb,0.03482931469800112,0.03482931469800112,0.15164749141535894
Insig1,0.007118339506699316,0.007118339506699316,0.7695689766710309
1190003J15Rik,0.062717004303409,0.062717004303409,0.009780812463752625
Lgals9,0.021383616839564752,0.021383616839564752,0.37881456731982965
Igfbp4,-0.026500155745802008,0.026500155745802008,0.27539164976809566
Rps27,-0.08697120607448572,0.08697120607448572,0.00033598338292116395
Apob,-0.1763572372571658,0.1763572372571658,2.576018586245638e-13
Csad,-0.22106603579424022,0.22106603579424022,3.214792856589748e-20
Tfg,0.014146116338400138,0.014146116338400138,0.560450604572041
Bzw1,-0.007872496561967396,0.007872496561967396,0.7459567804017264
Mgll,-0.17333576323620478,0.17333576323620478,6.593398699053115e-13
Ces1e,0.010371882884043662,0.010371882884043662,0.6694981721398782
Mgst1,0.0999937076437,0.0999937076437,3.7025260327354e-05
Dhx15,-0.08778999360870365,0.08778999360870365,0.0002949012963715443
Ctsl,-0.04912471573448447,0.04912471573448447,0.04309280801669452
Cfh,-0.1182162075522265,0.1182162075522265,1.0502623213892224e-06
Ccdc58,-0.04176621886272749,0.04176621886272749,0.08551966920399189
Trap1,-0.01045107723944334,0.01045107723944334,0.6671257203365211
Pgls,-0.04276662527756256,0.04276662527756256,0.07828166304862279
D19Wsu162e,-0.062225172402547324,0.062225172402547324,0.010371701409174892
Apon,0.005723645443078931,0.005723645443078931,0.8137878605191158
Rer1,-0.0531843139888553,0.0531843139888553,0.028509778021147156
Dazap2,0.01902847335068686,0.01902847335068686,0.4335486416299053
Lrg1,0.024318723931487367,0.024318723931487367,0.3168674312578346
Ndufa3,0.07554179009268755,0.07554179009268755,0.0018509774999600388
Ptprf,-0.07792050619765054,0.07792050619765054,0.0013205290392950845
Pcmtd1,-0.015781426344174086,0.015781426344174086,0.5160280484299962
Fbxo9,-0.0011753841880524562,0.0011753841880524562,0.9614216770299201
Psen2,0.1952309491939954,0.1952309491939954,4.964724687411776e-16
Stub1,-0.023277569435262463,0.023277569435262463,0.33803653218121815
Acsl5,-0.07934586984365173,0.07934586984365173,0.0010739136204017633
Mdh2,0.050349395986037826,0.050349395986037826,0.0381442476049283
Mrpl17,0.012341231732592224,0.012341231732592224,0.6115321338059776
Ap3s1,0.048442562009202925,0.048442562009202925,0.046077024945821984
Cyp2d10,-0.1385794371968985,0.1385794371968985,1.0012766520702362e-08
Cbx3,-0.052321815635213424,0.052321815635213424,0.03119068447033991
Ctsd,-0.12022466363570249,0.12022466363570249,6.851571004151652e-07
Ahcy,0.16579466005734533,0.16579466005734533,6.401865965669626e-12
Romo1,0.049440488199818555,0.049440488199818555,0.04176765127119932
Ostc,-0.10757790735965254,0.10757790735965254,8.997845803615616e-06
1110020G09Rik,-0.01095501220684885,0.01095501220684885,0.6521078132870828
Tmem176b,0.030111628960641606,0.030111628960641606,0.21518276557508265
Atp5l,0.13202430667712806,0.13202430667712806,4.842799543413124e-08
Rpl35a,-0.007554686271554421,0.007554686271554421,0.7558796275073555
Sult1d1,0.03931121347123348,0.03931121347123348,0.10558357056009987
Itm2b,-0.022373416168027713,0.022373416168027713,0.3571393957312428
Cyb5,0.2204608890615226,0.2204608890615226,4.0891805606395743e-20
Psmd4,-0.0054028686384714865,0.0054028686384714865,0.8240481849414043
Eif2a,-0.04235555507988001,0.04235555507988001,0.08119309504197746
Taf9,-0.04270812788307499,0.04270812788307499,0.07869071817872472
Rps5,-0.11148425063095138,0.11148425063095138,4.1811143971447614e-06
Hnrnpc,-0.010412322023859315,0.010412322023859315,0.6682863097030234
Rpl7a,-0.05286814749434594,0.05286814749434594,0.029468559468859245
ORF61,-0.21207940919465368,0.21207940919465368,1.0643840327494191e-18
Fasn,-0.2910936763471032,0.2910936763471032,1.7808902666914902e-34
Csnk2a1,-0.02856881264583985,0.02856881264583985,0.23963152727237555
Emg1,0.02581847971856657,0.02581847971856657,0.28793467861777466
Echdc2,0.038779871880427856,0.038779871880427856,0.11038257818432227
Man2a1,0.003365296224557595,0.003365296224557595,0.8898534942024822
Elavl1,-0.06546474116315405,0.06546474116315405,0.006998647772415934
Sec24a,-0.11447157943329117,0.11447157943329117,2.286524169603846e-06
Lsm6,0.058885063964444664,0.058885063964444664,0.015293545357575931
Atp5a1,0.06378798181274223,0.06378798181274223,0.008596698363922116
Ociad1,-0.06868104166578395,0.06868104166578395,0.004658951159599781
Gclm,-0.1133673956150788,0.1133673956150788,2.8630347517027463e-06
Lamp1,-0.02922070891523866,0.02922070891523866,0.22907229028027123
Cebpb,-0.15732646398776587,0.15732646398776587,7.272153943780934e-11
Prdx3,-0.07187515269887476,0.07187515269887476,0.0030599681941999653
Kif1b,-0.1505250192201304,0.1505250192201304,4.665650381955534e-10
Eif4h,-0.04929073583582362,0.04929073583582362,0.042391735624772414
Lass2,-0.1267176476321201,0.1267176476321201,1.6425102486350005e-07
Mapk1,-0.07699604292676655,0.07699604292676655,0.0015073499255568328
Slc25a13,-0.020461381408855214,0.020461381408855214,0.39972182325954353
Vmp1,-0.15096739600814837,0.15096739600814837,4.1447175506388474e-10
Snd1,-0.13453339308006496,0.13453339308006496,2.672509378615762e-08
Dctn2,-0.03132014048019501,0.03132014048019501,0.1973259148518404
Cyb5r3,0.12443778815561904,0.12443778815561904,2.734599090642517e-07
Fdft1,-0.04592928152284256,0.04592928152284256,0.05861273081003132
Tmem37,-0.1200537466439081,0.1200537466439081,7.107114901745217e-07
Apcs,-0.08908599452238142,0.08908599452238142,0.0002393570444142949
Hspa4,-0.10469538174281062,0.10469538174281062,1.558042372515799e-05
2810407C02Rik,-0.08500569473021401,0.08500569473021401,0.00045744439239090785
Adh5,0.1684883173383634,0.1684883173383634,2.8762766504974235e-12
Hebp1,0.09800703720441045,0.09800703720441045,5.278572964766234e-05
1300014I06Rik,0.05744588111301881,0.05744588111301881,0.017982616042327274
Onecut2,-0.08420796177065035,0.08420796177065035,0.0005175468233199234
Cyp3a25,-0.0813673324698136,0.0813673324698136,0.000796512876888011
Reep6,-0.1204885447532265,0.1204885447532265,6.474322867114785e-07
Gnb1,-0.046885254184022854,0.046885254184022854,0.05354602728901115
Pten,-0.05831413818560249,0.05831413818560249,0.016314777814788916
Otc,0.11564648909115435,0.11564648909115435,1.7958955421114009e-06
Ndufb7,0.0010686813890680678,0.0010686813890680678,0.9649214959736202
Aldob,-0.08352463198379909,0.08352463198379909,0.0005747960002368266
Synj2bp,0.005217455966189676,0.005217455966189676,0.8299926213500671
Pnkd,0.013780773989966747,0.013780773989966747,0.5706221175607334
Cmah,-0.015814329795090287,0.015814329795090287,0.5151533340275506
Rpl14,-0.05512920925391321,0.05512920925391321,0.023182560725045747
Hmgcr,-0.12112947239438765,0.12112947239438765,5.639479439712987e-07
Tmx2,-0.07189461019827749,0.07189461019827749,0.0030519898364248553
Copz1,0.060553468712877354,0.060553468712877354,0.012624322972655734
Mbl1,-0.03846799273588161,0.03846799273588161,0.11327861718597236
Psmd13,-0.011096469570007114,0.011096469570007114,0.6479170828191861
Ddx3y,-0.041910206092029764,0.041910206092029764,0.08444577580181076
Sptlc1,-0.10009825225711688,0.10009825225711688,3.6334065080362284e-05
Gspt1,-0.0802960750854887,0.0802960750854887,0.0009339539526452518
Minos1,0.08855315840485901,0.08855315840485901,0.00026088734402409243
Sypl,-0.08021176425244492,0.08021176425244492,0.000945653527058188
Rab10,-0.03016054822833858,0.03016054822833858,0.21443806381872818
Pepd,-0.06614615933041518,0.06614615933041518,0.006429333501147407
Chmp5,0.05695983085312983,0.05695983085312983,0.018979945318375928
Vapb,-0.00958537511251071,0.00958537511251071,0.6932356008319064
Nudc,-0.05600451054924702,0.05600451054924702,0.021081773039263167
Acad11,-0.09435100893660336,0.09435100893660336,9.96546897038977e-05
Naa50,-0.07526102306542728,0.07526102306542728,0.001925084425568821
Rpl12,-0.04651578903531794,0.04651578903531794,0.055459123609524076
Ass1,0.29956418564272125,0.29956418564272125,1.6673930562543743e-36
Eprs,-0.08454482004967984,0.08454482004967984,0.0004913220876901109
Ube2b,0.10114118606671217,0.10114118606671217,3.0077042176241605e-05
Slc29a1,-0.0252677758640375,0.0252677758640375,0.2983447643826721
Pak1ip1,-0.05141182460294562,0.05141182460294562,0.03425071441274724
Hnrnpm,-0.07157215939765763,0.07157215939765763,0.0031866844152452175
Pttg1ip,-0.042814706919362566,0.042814706919362566,0.0779467385666078
Ndufb6,0.09555541886966412,0.09555541886966412,8.103000870122205e-05
Dbi,0.25446459261851345,0.25446459261851345,1.7908879622411442e-26
Jun,-0.06496379132052127,0.06496379132052127,0.007445610402614449
Uqcrc1,0.07034796247479864,0.07034796247479864,0.0037487826490031676
Tmem147,-0.015472041081166102,0.015472041081166102,0.5242903156727198
Atg3,0.10953488277499412,0.10953488277499412,6.1488191068901545e-06
Higd1a,0.044127032604950454,0.044127032604950454,0.06924658399740494
Ube2h,0.002451434281024952,0.002451434281024952,0.9196441627557425
2810007J24Rik,0.1906319111480796,0.1906319111480796,2.4208366407456833e-15
C1qbp,-0.013916041975370405,0.013916041975370405,0.5668458856887004
Rps15a,-0.11029523179364836,0.11029523179364836,5.2940850883853805e-06
Rpl22,0.008370130910763543,0.008370130910763543,0.730504147744641
Tax1bp1,0.029318056550504047,0.029318056550504047,0.22752432340919743
Prdx4,-0.06548581010477905,0.06548581010477905,0.00698038842930228
Serpina3m,-0.0031123139157666936,0.0031123139157666936,0.8980866582040519
Atox1,0.057990951842705356,0.057990951842705356,0.01691901501848977
1500012F01Rik,-0.16202653587919338,0.16202653587919338,1.917923460416763e-11
Gnpnat1,0.04572273242477715,0.04572273242477715,0.05975816996631772
Nsfl1c,0.010748735947295154,0.010748735947295154,0.6582385207310858
Hdlbp,-0.013929359311506,0.013929359311506,0.5664747581520038
Tmem63b,-0.09828770292604949,0.09828770292604949,5.0226280784007925e-05
Sqrdl,0.06828586522723888,0.06828586522723888,0.004902139192551818
1110003E01Rik,0.018355586049359923,0.018355586049359923,0.44998765303427035
Sfr1,0.0038474853040526783,0.0038474853040526783,0.8741944787323692
Sgta,-0.023687975090360296,0.023687975090360296,0.3295860155517208
Mospd3,-0.02596156843206116,0.02596156843206116,0.28527039176599533
Zfand3,-0.035941070597150425,0.035941070597150425,0.13899855806570208
Cyp2a12,-0.09254214433381927,0.09254214433381927,0.00013535753292886275
Abhd14b,0.05855760030910371,0.05855760030910371,0.01587218790700568
BC003965,-0.05063250624399575,0.05063250624399575,0.03707163992073551
Cyp2c44,0.09220744335666561,0.09220744335666561,0.0001431631926914502
Chchd2,0.18245494627415848,0.18245494627415848,3.673546645603345e-14
Psmd12,0.02702144815501995,0.02702144815501995,0.26605476199924205
Irf2bp2,-0.024997057704770877,0.024997057704770877,0.3035531682922836
Psenen,-0.01841117238143215,0.01841117238143215,0.4486164148520332
Bst2,-0.046273237486661456,0.046273237486661456,0.056745744039652726
Keap1,-0.06913975433109533,0.06913975433109533,0.004390385998746175
Ik,-0.013154802168200428,0.013154802168200428,0.5882512610632588
Ifitm2,0.06326368504202737,0.06326368504202737,0.00915936630014935
Ces3a,-0.08466438793565484,0.08466438793565484,0.0004823152196898983
Cct3,-0.11038840280121814,0.11038840280121814,5.197526224812765e-06
Huwe1,-0.1037183851831566,0.1037183851831566,1.8707632532203758e-05
Rpl21,0.020969156287704252,0.020969156287704252,0.3881259706928344
Nr1d2,-0.1499950540901714,0.1499950540901714,5.374167039596964e-10
Rplp1,-0.022430876977669673,0.022430876977669673,0.3559055252740488
Ilk,-0.0005187593790068838,0.0005187593790068838,0.9829679989267994
Nme2,0.05611252119079356,0.05611252119079356,0.02083439226164537
Vapa,-0.06023448542967278,0.06023448542967278,0.013100263053080114
Acads,0.02454634541076221,0.02454634541076221,0.31235766919922714
Afm,-0.06579992619334099,0.06579992619334099,0.006713184315462583
Slc25a23,0.0067844654551326945,0.0067844654551326945,0.7800924144922001
Nbr1,-0.0804222730066134,0.0804222730066134,0.0009166919935607111
Pcbp1,-0.14692386525480053,0.14692386525480053,1.2074425147085039e-09
Ubr2,-0.13886280371303078,0.13886280371303078,9.337439033152941e-09
Dazap1,-0.06241351712955731,0.06241351712955731,0.010141773591356247
Alas1,-0.2714284663350149,0.2714284663350149,5.00978832378975e-30
Plk3,-0.11180837733968205,0.11180837733968205,3.918956240408002e-06
Agmat,0.12169545549764353,0.12169545549764353,4.989304291370402e-07
Idh3b,-0.008791677313320041,0.008791677313320041,0.7174988899263909
Abca1,-0.14829267590582026,0.14829267590582026,8.434830736657502e-10
Tfam,-0.05417060833679285,0.05417060833679285,0.02568937735822253
Abhd5,-0.03951449302194051,0.03951449302194051,0.10379191281383875
Ide,-0.11622271743630777,0.11622271743630777,1.5939064791848681e-06
Ubb,0.1211175185302421,0.1211175185302421,5.654055098055741e-07
Spcs3,-0.0567458603916267,0.0567458603916267,0.019434095764829785
2810428I15Rik,0.059648663509275876,0.059648663509275876,0.014015771090316516
Mapk14,-0.034625061349144684,0.034625061349144684,0.15406375212019027
Idh2,0.06450989050272098,0.06450989050272098,0.00787250469353637
Slc48a1,-0.15183339158480014,0.15183339158480014,3.284003396630959e-10
Psmb7,0.08425092444076582,0.08425092444076582,0.000514131080483199
Eif5,-0.03952433312961136,0.03952433312961136,0.10370580074678656
Tcp1,-0.07440620971202307,0.07440620971202307,0.0021677864948965045
Hsd3b7,0.04046724094628919,0.04046724094628919,0.09571407289346283
Afg3l1,-0.0012234919379356486,0.0012234919379356486,0.9598439965026707
Rpl23a,0.031356526896292265,0.031356526896292265,0.19680560566973831
H6pd,-0.11207689264080903,0.11207689264080903,3.7137708818309135e-06
Ldha,0.13098409620984958,0.13098409620984958,6.176430046570536e-08
Nfs1,-0.025408053858951125,0.025408053858951125,0.29566951888448656
Sgk2,-0.048414542703582385,0.048414542703582385,0.04620322947912138
Pdha1,-0.07748282303081382,0.07748282303081382,0.0014061438639933147
Ces1c,-0.1454456055064116,0.1454456055064116,1.7721397684148118e-09
Msra,0.04882100223222513,0.04882100223222513,0.04440067963490404
Qsox1,-0.22538531537322476,0.22538531537322476,5.654528317518643e-21
Pdap1,0.04042464214516691,0.04042464214516691,0.09606417630060658
2700089E24Rik,0.04490885134283563,0.04490885134283563,0.06445362461258707
Zc3h15,-0.04646885879735234,0.04646885879735234,0.05570615336559262
Mrpl53,-0.024038594924189256,0.024038594924189256,0.3224757852548392
Cyp2d9,0.07130121613977827,0.07130121613977827,0.003304024115205785
Bccip,0.002561578430794827,0.002561578430794827,0.9160467900824647
Mttp,-0.20102608012629453,0.20102608012629453,6.372585366886229e-17
Slc31a1,-0.054719592770386336,0.054719592770386336,0.024226522650231105
Mrps18a,0.021612674218281468,0.021612674218281468,0.37372793985943187
Cpn1,-0.039004114493164314,0.039004114493164314,0.10833666069019979
Cstb,0.022236107508705062,0.022236107508705062,0.36009874420138677
Sdha,-0.010367084260626061,0.010367084260626061,0.6696420323471658
Rpl36al,-0.008061950250662609,0.008061950250662609,0.7400613996215182
Ces2a,-0.0960083465686536,0.0960083465686536,7.491795354274863e-05
Slco2a1,-0.05706388875278669,0.05706388875278669,0.01876245390026072
Denr,-0.015680934594028383,0.015680934594028383,0.5187043059899503
Plscr1,-0.03812926643421795,0.03812926643421795,0.11649135365176792
Cfdp1,-0.011682343338927103,0.011682343338927103,0.6306799464236426
Tgm2,-0.1034811266585654,0.1034811266585654,1.9552635126251307e-05
Cltb,-0.06907750125868797,0.06907750125868797,0.004425992108321906
Kynu,0.0023246745086601545,0.0023246745086601545,0.9237862414325142
Cds2,-0.10757802971520906,0.10757802971520906,8.997633439612155e-06
Tprkb,0.04089684361804287,0.04089684361804287,0.09224009648902344
Pdzk1,-0.04184371529915998,0.04184371529915998,0.08494031852729259
Car3,0.3485839318101779,0.3485839318101779,1.2247603221141715e-49
Abcc6,-0.0668349333313096,0.0668349333313096,0.005896523554789025
Gars,-0.16586506402366125,0.16586506402366125,6.270428323798121e-12
Fbxo22,-0.06006115407631635,0.06006115407631635,0.013365474171896959
2700060E02Rik,0.0009045869063609427,0.0009045869063609427,0.9703050387741236
Pmvk,0.077337072810463,0.077337072810463,0.001435770015329657
Ninj1,-0.011599032585432862,0.011599032585432862,0.633119125318917
Cycs,-0.000688230651117297,0.000688230651117297,0.977405190960992
Atp5k,0.16291066024606438,0.16291066024606438,1.486009052597948e-11
R3hdm2,-0.044529318118345665,0.044529318118345665,0.06674505068672196
Rab5b,-0.02757971219043978,0.02757971219043978,0.25629966173578744
Ndfip2,-0.03528768416039695,0.03528768416039695,0.146330197508432
Kng2,0.027003648950541657,0.027003648950541657,0.26636993006729415
Slc39a14,-0.0584944751360425,0.0584944751360425,0.01598591826581625
Hnrpdl,-0.05895026130991558,0.05895026130991558,0.01518057966687251
Ssfa2,-0.10946119639910995,0.10946119639910995,6.238331608876854e-06
Stat5b,-0.06741669707390847,0.06741669707390847,0.005477836198829472
Cmas,-0.06201499308909381,0.06201499308909381,0.010633746036093078
Polr2f,0.028382485402952337,0.028382485402952337,0.24271164282504112
Enpep,-0.16377943969849942,0.16377943969849942,1.1548858768461673e-11
Anapc13,0.006197401291789955,0.006197401291789955,0.7986930672321929
Psmg4,-0.0032342530835734566,0.0032342530835734566,0.8941167937213851
Hsph1,-0.13381396167750537,0.13381396167750537,3.1727290281182146e-08
Eif1a,0.018489011296844896,0.018489011296844896,0.4467002252336577
Slc38a2,-0.2180216628113416,0.2180216628113416,1.0706731563866544e-19
Ywhah,-0.07693910819768203,0.07693910819768203,0.0015196152790716662
Sh3bgrl,0.050843323173786384,0.050843323173786384,0.0362896910807141
Rpl17,0.05230042737317615,0.05230042737317615,0.031259823161067686
Stk11,-0.01663262007345609,0.01663262007345609,0.49364967341984856
Eif3e,0.0511033065161018,0.0511033065161018,0.03534475783707008
N4bp2l1,-0.04682207214991281,0.04682207214991281,0.053869226675862934
Srsf2,-0.0982731337473205,0.0982731337473205,5.03561957016561e-05
Rab1,-0.13426725302969517,0.13426725302969517,2.8479332792864386e-08
Psmd3,-0.11544098818767062,0.11544098818767062,1.8737067889372121e-06
Gpx4,0.009816398503388894,0.009816398503388894,0.6862305804831594
Dus1l,-0.08726103798220773,0.08726103798220773,0.00032086530759086205
Itgb5,-0.15442315100881754,0.15442315100881754,1.624173276271166e-10
Gm4951,-0.010462653728127061,0.010462653728127061,0.6667791972663332
C230096C10Rik,-0.09426791117352057,0.09426791117352057,0.00010107843544272261
Clmn,-0.09492668390778455,0.09492668390778455,9.029867424149167e-05
Tmem59,-0.04519054253035984,0.04519054253035984,0.06279518998450005
Rab6a,-0.03834092421443158,0.03834092421443158,0.11447555848122666
Atad1,-0.07143530941701035,0.07143530941701035,0.0032454684272556367
Rpl10a,-0.11445702591448545,0.11445702591448545,2.29334145948902e-06
F12,-0.165790106719787,0.165790106719787,6.410458886170286e-12
Retsat,-0.24844399245565976,0.24844399245565976,2.8329755546470907e-25
Jak1,-0.08154962470747532,0.08154962470747532,0.000775082834406727
Rpl7l1,-0.03497859868507187,0.03497859868507187,0.1498998215654247
Prpf4b,-0.02463833629548009,0.02463833629548009,0.31054714241968695
Ept1,-0.09324018962968927,0.09324018962968927,0.0001203488574356942
Clpp,0.026202980927165474,0.026202980927165474,0.28081319334998944
Gdf15,-0.0191786848266114,0.0191786848266114,0.4299268386264302
Dynlrb1,-0.002105207094146387,0.002105207094146387,0.9309625108789041
Srr,0.0011293184354039115,0.0011293184354039115,0.9629325323727833
Pex13,-0.10481170503245928,0.10481170503245928,1.5243146840769585e-05
Parva,0.009299045719988488,0.009299045719988488,0.7019540285060075
Ndufa9,0.10858573273466471,0.10858573273466471,7.401796130883916e-06
Yipf4,-0.021877342348693332,0.021877342348693332,0.36790337882669605
AI462493,-0.05881007567787001,0.05881007567787001,0.015424389307094078
Rpl8,-0.08025352411361505,0.08025352411361505,0.0009398417797903319
Fgg,0.05851939298751692,0.05851939298751692,0.015940939431835652
Pgam1,-0.044628757223791275,0.044628757223791275,0.06613830394126319
Mul1,-0.037743679767539305,0.037743679767539305,0.12023511540026419
Rab1b,-0.09797396198020844,0.09797396198020844,5.3095355516519834e-05
Suclg1,0.138013311759556,0.138013311759556,1.1506914943073064e-08
Stk38,-0.024501382405486223,0.024501382405486223,0.31324513568238516
Usp16,-0.05864894280071313,0.05864894280071313,0.015708878145636984
Gm4952,0.06577957330169022,0.06577957330169022,0.006730215165211242
Phpt1,0.09090781591912825,0.09090781591912825,0.00017767054201715926
Trnau1ap,-0.02647429291069569,0.02647429291069569,0.27586062638588627
Lin7c,-0.0014507961752063467,0.0014507961752063467,0.9523918444517692
1810020D17Rik,-0.07071158796975334,0.07071158796975334,0.003573079975898644
Homer2,-0.08787664826591152,0.08787664826591152,0.00029084006231731683
Cfhr2,-0.09802074913697428,0.09802074913697428,5.2657870541750713e-05
Ctnna1,-0.07937081449682803,0.07937081449682803,0.001070004142707582
Pppde1,-0.04202503908730269,0.04202503908730269,0.08359715881157619
Hsd17b12,0.019376539187879516,0.019376539187879516,0.42518319467317434
Abcg2,0.027051467101486117,0.027051467101486117,0.2655238018497675
Klf9,-0.053456941428978305,0.053456941428978305,0.02770470579525202
Nek6,-0.06560605229531191,0.06560605229531191,0.006876996633449006
Cdc42,0.02254381162857544,0.02254381162857544,0.35348828888267786
Srrm2,-0.03428970004927058,0.03428970004927058,0.15809422712774934
Snrpg,0.0036994903284989587,0.0036994903284989587,0.8789956508815651
H2afv,0.03121728039122086,0.03121728039122086,0.1988022072369756
B4galnt1,-0.11598947863456627,0.11598947863456627,1.6728877593086055e-06
Eif4b,-0.08608712015653175,0.08608712015653175,0.0003863136534815373
Rbm25,-0.01272577921112503,0.01272577921112503,0.6004771450122932
Nsmce4a,0.008454994465242515,0.008454994465242515,0.7278796240200257
Rcbtb1,-0.03671217925453904,0.03671217925453904,0.1307133490341325
BC021614,-0.051150603152497344,0.051150603152497344,0.03517512868790429
Keg1,-0.006944884631618695,0.006944884631618695,0.7750309763758507
Dvl1,-0.10853979033212892,0.10853979033212892,7.468253426461446e-06
Mst1,-0.1234444395401156,0.1234444395401156,3.4051527066764596e-07
Lima1,-0.026382489384398466,0.026382489384398466,0.27752971384977015
Ndufs3,0.08549282016459969,0.08549282016459969,0.00042401292241844434
Srsf5,0.017415792800426252,0.017415792800426252,0.4735272532546606
D10Jhu81e,0.0669028417130349,0.0669028417130349,0.005846207770810399
Etfa,0.09527552680369848,0.09527552680369848,8.503930736675757e-05
Ssbp3,-0.08227405355577057,0.08227405355577057,0.0006950970085167444
Fbxw2,0.04309199914201166,0.04309199914201166,0.07603787225742316
Erlec1,-0.059312869774415716,0.059312869774415716,0.01456559561617239
Ogdh,-0.1162775370616937,0.1162775370616937,1.5758696545195118e-06
Sec63,-0.06743496914958858,0.06743496914958858,0.005465131545931145
Snx10,-0.12345927413325658,0.12345927413325658,3.3940611648229403e-07
Bnip3,0.0727193961362552,0.0727193961362552,0.002730732802659248
Sumo2,0.033511744873452994,0.033511744873452994,0.16775049042041543
Mrps7,-0.04209101641512737,0.04209101641512737,0.08311271514592866
Psma7,0.05833169267408045,0.05833169267408045,0.016282506865177047
Etfb,0.18359421807616616,0.18359421807616616,2.533670173051623e-14
Mat2a,-0.1101399554499842,0.1101399554499842,5.458831769301463e-06
Tpp1,-0.12457502594992315,0.12457502594992315,2.652633377003198e-07
Hal,-0.029360058519383288,0.029360058519383288,0.22685873742807736
Cmtm6,-0.09161661515621872,0.09161661515621872,0.00015798541185109183
Zbtb20,-0.08118534593334051,0.08118534593334051,0.0008184539007190365
Cyp4a14,-0.35433698871842967,0.35433698871842967,2.419854833682277e-51
Arl5a,-0.09901387710321921,0.09901387710321921,4.41385078319929e-05
Usp8,-0.0026476012876345354,0.0026476012876345354,0.9132384234079588
Lrrc58,0.018587222742601564,0.018587222742601564,0.4442891703372259
Iscu,0.07727918312997885,0.07727918312997885,0.0014476957447256379
Coasy,-0.09616085635531224,0.09616085635531224,7.295984982472768e-05
Exosc5,0.014627921788996431,0.014627921788996431,0.5471723070429597
Ptpla,-0.0992411126241324,0.0992411126241324,4.238187051028916e-05
Cir1,0.047227730660675774,0.047227730660675774,0.05182216174738208
Sap30l,-0.07775193598307506,0.07775193598307506,0.0013529172677477289
Zfp91,-0.11969410972365621,0.11969410972365621,7.675120950736742e-07
Dpm1,-0.0021484977461228537,0.0021484977461228537,0.9295465060202661
Stard7,-0.05596005889191685,0.05596005889191685,0.02118432265277419
Mcart1,-0.06087096369222658,0.06087096369222658,0.012165855226744916
Uchl3,-0.04249014372910422,0.04249014372910422,0.08023034447137425
Lsmd1,-0.03651314140178833,0.03651314140178833,0.1328143536317158
Znhit1,0.047639039095238395,0.047639039095238395,0.04981338732072031
Armc1,-0.033797465628178106,0.033797465628178106,0.1641538512600622
Mrpl13,0.00914914048198632,0.00914914048198632,0.7065342514801265
Acer3,-0.10069909829049908,0.10069909829049908,3.259296215157508e-05
1500032L24Rik,0.046383885953422854,0.046383885953422854,0.05615576081739922
Sec24c,-0.022101882307201292,0.022101882307201292,0.3630064589930977
Fgl1,-0.026579810616328695,0.026579810616328695,0.27395066692292114
Anxa7,-0.15233563461123495,0.15233563461123495,2.8675391974308345e-10
Rangap1,-0.10207272367104818,0.10207272367104818,2.5366184910728494e-05
Smek2,-0.029552506779982623,0.029552506779982623,0.22382683999665928
Crip2,-0.048690436963639595,0.048690436963639595,0.044973128934149495
Ier3ip1,0.03017664731354357,0.03017664731354357,0.21419339273694324
Amacr,-0.02553784411423962,0.02553784411423962,0.2932086206527155
Arpc5l,-0.06636516100351925,0.06636516100351925,0.006255407562172723
Trip12,-0.06925263413855287,0.06925263413855287,0.0043264845254773745
Abcg8,-0.17042650345177623,0.17042650345177623,1.604256735069768e-12
Dnpep,0.003073991189114507,0.003073991189114507,0.8993348282402922
D15Ertd621e,-0.06695758486204953,0.06695758486204953,0.005805928461727784
Psmc6,-0.04509863505563688,0.04509863505563688,0.06333236974944725
Polr2i,-0.048291003135289584,0.048291003135289584,0.046763149409401385
Vkorc1,-0.036191715335907745,0.036191715335907745,0.13626229979026427
Rhou,-0.06918094177792132,0.06918094177792132,0.004366971329561255
Pcyt2,-0.05331229795603893,0.05331229795603893,0.028129366331457902
0610037L13Rik,0.020394995890546132,0.020394995890546132,0.40125308164304124
Scand1,-0.04847545091360916,0.04847545091360916,0.04592925695358438
Vps41,0.012213712191565671,0.012213712191565671,0.6152178540175728
Zmym5,-0.039507644178021294,0.039507644178021294,0.10385188144093366
Abca8a,-0.1036145463976347,0.1036145463976347,1.9073089414146374e-05
Ndufc1,0.07339603643291835,0.07339603643291835,0.0024905675151201314
4930506M07Rik,-0.02545482828754838,0.02545482828754838,0.29478106101649754
Twsg1,-0.04719464464512639,0.04719464464512639,0.05198665098128527
Arid1a,-0.05535605358902937,0.05535605358902937,0.022621383010116257
Slc39a7,-0.1323209387525211,0.1323209387525211,4.516705631618702e-08
Mrfap1,0.006109744960710645,0.006109744960710645,0.8014804899888716
Otud6b,-0.01448262536760322,0.01448262536760322,0.5511601702769258
Txndc9,0.014489916152650882,0.014489916152650882,0.550959724699732
Impdh2,-0.05907160144611908,0.05907160144611908,0.01497229015026325
Cish,-0.10789416902848999,0.10789416902848999,8.464620483607036e-06
Snrnp70,-0.10721989005762075,0.10721989005762075,9.640155916553967e-06
Sec24d,-0.03490373843107135,0.03490373843107135,0.15077428333039877
Eif4e2,-0.09337752320321181,0.09337752320321181,0.00011758692971145526
Aco2,-0.11564617433128316,0.11564617433128316,1.7960123162926571e-06
Gosr2,-0.03785556332606961,0.03785556332606961,0.11913924291065552
Oxsr1,-0.03831152860688601,0.03831152860688601,0.11475386627710961
Adnp,-0.04949435809824025,0.04949435809824025,0.04154506015947831
Sf1,-0.07141465028040699,0.07141465028040699,0.003254427834133256
Snrpc,0.04278228582867913,0.04278228582867913,0.078172447349165
Dynlt3,0.03254286965946077,0.03254286965946077,0.18038710508099262
Pgp,-0.07710159536390059,0.07710159536390059,0.0014848516888364442
Cyp2d26,-0.053354458363077416,0.053354458363077416,0.028005012118663408
Pbld1,0.07646573158828775,0.07646573158828775,0.001625207157999284
Kif21a,-0.05820241474413686,0.05820241474413686,0.016521481300242346
Glo1,0.09539890102402208,0.09539890102402208,8.324948871404276e-05
1810046J19Rik,0.02223427451284681,0.02223427451284681,0.36013835365185287
Akr7a5,-0.005285695680036187,0.005285695680036187,0.8278036670828174
Mrps16,0.03159412763726717,0.03159412763726717,0.19343268283813017
Eef1a1,-0.0804751738904275,0.0804751738904275,0.0009095442081639793
Ddx1,0.0026971851981316027,0.0026971851981316027,0.911620159256382
Mbd2,-0.080696304848139,0.080696304848139,0.000880220911550491
Lsm1,0.05216465020910548,0.05216465020910548,0.03170180159234636
Aifm1,-0.027784708117178744,0.027784708117178744,0.25278065643379855
Lpcat3,-0.12465432532900912,0.12465432532900912,2.6063577557045616e-07
Serf2,0.012471599377902022,0.012471599377902022,0.6077742284389481
Med29,-0.0002527294889618399,0.0002527294889618399,0.9917018597984988
Acp1,0.0029206891455134778,0.0029206891455134778,0.904330329065009
Sqstm1,-0.054263760017620864,0.054263760017620864,0.025435910059471933
Srsf9,-0.07236996492205568,0.07236996492205568,0.0028628690395905124
Nat6,-0.012871018299847655,0.012871018299847655,0.5963254171103065
Atg4d,-0.06463867212723778,0.06463867212723778,0.007749213122192226
Clec2d,0.09312054236327116,0.09312054236327116,0.00012280479661912091
Hao1,0.06980775417253923,0.06980775417253923,0.004024321844525578
Dpp4,-0.018342411282092023,0.018342411282092023,0.45031300394411855
Myo1e,-0.08717405621816442,0.08717405621816442,0.00032533424367430603
Tceal8,-0.15571793822020544,0.15571793822020544,1.13713185834692e-10
Hsp90aa1,-0.15560157267548594,0.15560157267548594,1.1742975548659305e-10
Gstt3,0.06621741065219187,0.06621741065219187,0.006372276113816061
Setd3,-0.00967449993504074,0.00967449993504074,0.6905300403200081
Slco1b2,-0.09415540016615644,0.09415540016615644,0.00010303671994652166
Nat15,-0.03557016284555496,0.03557016284555496,0.1431250258590239
Ndufa11,0.09420803037434092,0.09420803037434092,0.00010211626503987996
Gsr,-0.1476903546579147,0.1476903546579147,9.8811261938933e-10
Commd3,0.043250127086254087,0.043250127086254087,0.07496649791424884
Hax1,-0.1722728859746842,0.1722728859746842,9.140461867701409e-13
Vwce,-0.085360153530787,0.085360153530787,0.00043288456497319206
Ces1g,-0.033570193238924725,0.033570193238924725,0.16700997529455772
Atp11c,-0.06522969045882432,0.06522969045882432,0.0072052791518772055
Rpl5,-0.0316500555016546,0.0316500555016546,0.19264494819203207
Sys1,-0.02704535661707676,0.02704535661707676,0.2656318219043549
4930420K17Rik,0.033965056814948325,0.033965056814948325,0.1620714030392482
Gyk,0.02104329987398775,0.02104329987398775,0.38645008218036003
Creb3,-0.04631527581709188,0.04631527581709188,0.056520989323860384
Pir,-0.12838093487953292,0.12838093487953292,1.1259960300477914e-07
Luc7l2,-0.01609392754461378,0.01609392754461378,0.507751593450779
Ndrg2,0.07322348343396455,0.07322348343396455,0.002549906678467716
Il15ra,-0.07179181436073598,0.07179181436073598,0.0030943557248614482
Cxxc5,-0.01848832588527897,0.01848832588527897,0.446717077933285
Strn3,-0.06442683451849766,0.06442683451849766,0.007952948278084723
Cops8,-0.024026154779008248,0.024026154779008248,0.322726335891809
Cgrrf1,-0.06231911951499021,0.06231911951499021,0.010256439469655529
Gps1,-0.08182325693447845,0.08182325693447845,0.0007439169465135176
Mgat2,-0.11327230736100735,0.11327230736100735,2.918729631150717e-06
Adam9,-0.03968923236293434,0.03968923236293434,0.10227116984176797
Senp6,0.0009932746611625663,0.0009932746611625663,0.9673952246539586
Tnfrsf1a,-0.03511647429696423,0.03511647429696423,0.14829938359516548
Tor1aip1,-0.03787983134110107,0.03787983134110107,0.11890257891568544
Gns,-0.09845556784941509,0.09845556784941509,4.87521286114039e-05
Fndc3b,-0.07483383441118226,0.07483383441118226,0.0020430723830894924
Creg1,-0.22725982337111797,0.22725982337111797,2.629745654073594e-21
Tmem57,-0.0911158391888763,0.0911158391888763,0.00017166643036506556
Tomm22,-0.052866623002551884,0.052866623002551884,0.029473248842539226
Mfn2,-0.0645807911957284,0.0645807911957284,0.007804411061836486
Ivd,0.20376789629030195,0.20376789629030195,2.359871926970592e-17
Ttyh2,-0.08373910380465241,0.08373910380465241,0.000556222422729662
Stip1,-0.05926453379030151,0.05926453379030151,0.014646284926070079
Man1a,-0.09166235636765467,0.09166235636765467,0.00015678825134552874
Brd4,-0.044760709298487744,0.044760709298487744,0.06534019055982299
Itfg3,-0.0931682195567612,0.0931682195567612,0.00012182054664183287
Irak1,-0.07814123978340268,0.07814123978340268,0.001279199049254453
Slc22a23,-0.10441113718866771,0.10441113718866771,1.6434745821789526e-05
Fabp2,0.14131345839232562,0.14131345839232562,5.074640151797085e-09
Cmbl,0.12994527343642492,0.12994527343642492,7.860025911163673e-08
Atl3,-0.016416219227151214,0.016416219227151214,0.49928932963696343
2310016M24Rik,0.07020036595004084,0.07020036595004084,0.0038223125988193518
Cpeb2,-0.014283762218001357,0.014283762218001357,0.5566412898706763
Gdi2,-0.0033419847938037615,0.0033419847938037615,0.8906116689247648
A2ld1,0.08374819963473719,0.08374819963473719,0.0005554471946631814
Amdhd1,-0.01630614593237309,0.01630614593237309,0.5021710316730496
Entpd5,-0.18426424355404328,0.18426424355404328,2.0341332192766257e-14
Psmd6,0.0017275655197451856,0.0017275655197451856,0.9433236584442931
Rpl7,-0.029553919086838097,0.029553919086838097,0.22380469754587407
0610030E20Rik,-0.05181536004816964,0.05181536004816964,0.03286347653079205
Grhpr,0.0667087130021364,0.0667087130021364,0.005991081890833135
Eif3d,-0.04483190893307704,0.04483190893307704,0.06491284548684167
Cfi,-0.08130710035477498,0.08130710035477498,0.0008037135822824348
Hdgfrp2,-0.058924521790573885,0.058924521790573885,0.015225089839037406
Itih3,-0.0717885178982349,0.0717885178982349,0.0030957231397724253
Adck3,-0.027689744131729227,0.027689744131729227,0.25440662534559516
March2,0.01034156689478197,0.01034156689478197,0.6704072328830305
Ccdc47,-0.12301055321497456,0.12301055321497456,3.7454726184418786e-07
Sigmar1,-0.06357215440428542,0.06357215440428542,0.008824471669758542
C030046I01Rik,-0.04692233367570989,0.04692233367570989,0.05335710648527936
B3gat3,-0.011798961181444231,0.011798961181444231,0.6272723467623847
Rcl1,-0.017151774475264905,0.017151774475264905,0.4802599998186598
Dusp3,-0.044595352190398785,0.044595352190398785,0.06634162267533956
Clptm1,-0.07981628143396524,0.07981628143396524,0.0010023658320729
Vps35,-0.024450307911677484,0.024450307911677484,0.3142552387899724
Adrm1,-0.0007019516824552322,0.0007019516824552322,0.9769548495278362
Fam36a,0.10387253054161107,0.10387253054161107,1.817738978854361e-05
Nhp2,-0.060953869929092075,0.060953869929092075,0.01204859128003257
Ndufv2,0.10941327594484701,0.10941327594484701,6.297211345460338e-06
Cebpz,-0.0808633465282817,0.0808633465282817,0.000858653437319994
Efr3a,-0.07540526318193325,0.07540526318193325,0.0018866796332392861
March8,-0.06945975380159619,0.06945975380159619,0.004211420811214855
Bhlhe40,-0.04101862468366507,0.04101862468366507,0.09127394111187635
Cpped1,-0.028966914051650628,0.028966914051650628,0.23314316614777936
Prodh,-0.004144923232452564,0.004144923232452564,0.8645593199055936
Capzb,-0.01424051250645706,0.01424051250645706,0.557836855084712
5430437P03Rik,-0.055607673705306504,0.055607673705306504,0.02201274767148265
Tex2,-0.11305809526302874,0.11305809526302874,3.0480278229817783e-06
Psma4,-0.017444828505205692,0.017444828505205692,0.4727899906910616
3110001D03Rik,0.026091253253629435,0.026091253253629435,0.28287011433925285
Pppde2,-0.036122709724832225,0.036122709724832225,0.1370114478153766
Nrbp1,-0.026024354219720307,0.026024354219720307,0.2841066052494459
Vps4b,-0.06546935541367738,0.06546935541367738,0.0069946451830308785
Josd1,-0.059459603009534734,0.059459603009534734,0.014323041267160627
Ppm1g,-0.11759828887888224,0.11759828887888224,1.196102138712274e-06
1190007F08Rik,-0.05111798847053747,0.05111798847053747,0.03529202658888344
Ndufb3,0.0945622677610869,0.0945622677610869,9.611980527647699e-05
Herc1,-0.08038627396768741,0.08038627396768741,0.0009215857583646775
Arglu1,-0.0629735786836123,0.0629735786836123,0.00948461938994033
H2-Ke2,-0.0006682671261926416,0.0006682671261926416,0.9780604316639794
9130409I23Rik,-0.16295523260009875,0.16295523260009875,1.4669620754797378e-11
St5,-0.05213509376251804,0.05213509376251804,0.03179871941784113
Cgnl1,-0.11580545309893908,0.11580545309893908,1.7378429569720805e-06
Grcc10,0.043944315417809854,0.043944315417809854,0.07040791766256856
Ubc,0.07422989890758724,0.07422989890758724,0.0022212070618161787
Ctnnd1,-0.06075187503616575,0.06075187503616575,0.012336064247885695
Stat3,-0.041713202061822274,0.041713202061822274,0.085917849432755
Mrps34,0.006168815876383323,0.006168815876383323,0.7996017878414613
Actl6a,-0.0677054274221712,0.0677054274221712,0.005280163323096016
Sft2d1,0.021210899617924384,0.021210899617924384,0.3826780728987775
Twf1,0.0002293359751957694,0.0002293359751957694,0.992469940349127
2010107H07Rik,0.03273649292078874,0.03273649292078874,0.17780686962893413
Apol9b,0.15184379105892293,0.15184379105892293,3.274809980265717e-10
Gnl3,-0.030464707551575307,0.030464707551575307,0.20984945923251405
Dsc2,-0.10822073711598329,0.10822073711598329,7.9457504914055e-06
4921513D23Rik,-0.026030207219163302,0.026030207219163302,0.28399827891389834
Hnrnpl,-0.06602921386343377,0.06602921386343377,0.006523978371540734
Rpp14,-0.03173312282652686,0.03173312282652686,0.19147931012275313
Ube2q1,-0.07965208770275957,0.07965208770275957,0.0010268224789730667
Usp47,-0.08235006825206385,0.08235006825206385,0.0006871640395921924
Uba5,-0.04601942573319447,0.04601942573319447,0.05811856833857928
Eif3k,-0.0248330496424303,0.0248330496424303,0.3067377452769968
Arih2,-0.06649537193615873,0.06649537193615873,0.006154014448998579
Txndc17,0.03391265032929973,0.03391265032929973,0.16272044175368894
Rars,-0.0547272056485688,0.0547272056485688,0.024206754915460846
Msl3,-0.0283354147458129,0.0283354147458129,0.243494133901795
Wsb1,-0.04939932427872422,0.04939932427872422,0.04193842022630944
Gpld1,-0.06579515422956986,0.06579515422956986,0.00671717391197931
Rock1,-0.031769466773416355,0.031769466773416355,0.19097094898498024
Ftsjd2,-0.06230607452523002,0.06230607452523002,0.010272375711896495
Hsd17b4,-0.04109314138734789,0.04109314138734789,0.09068677926314991
Sardh,0.055054422513630547,0.055054422513630547,0.02337019996793262
Aup1,-0.08994975806817576,0.08994975806817576,0.00020795833321171978
Tubb4b,-0.03866372435194006,0.03866372435194006,0.1114541933039279
Cab39l,0.011873636924497675,0.011873636924497675,0.6250944632256796
Safb2,-0.072839440511863,0.072839440511863,0.0026866391936286814
Rab3gap1,-0.010495265746959657,0.010495265746959657,0.6658033923687757
Acbd5,-0.013629041925420452,0.013629041925420452,0.574872166071504
Yeats4,-0.016399500633442657,0.016399500633442657,0.4997264539005065
Dtx3l,-0.06679969874224245,0.06679969874224245,0.005922783502089783
Hs3st3b1,-0.14417412370648924,0.14417412370648924,2.4574312019505773e-09
Nedd8,0.044035711661702046,0.044035711661702046,0.06982503140640471
Bsdc1,-0.030270843913044958,0.030270843913044958,0.2127658404526058
Dhx9,-0.07788886517491928,0.07788886517491928,0.0013265533516573687
Sar1a,-0.08801796047320067,0.08801796047320067,0.0002843293028326841
Adh4,0.12300118049986679,0.12300118049986679,3.753174370160594e-07
Tgoln1,-0.13579627561388855,0.13579627561388855,1.9732008841845304e-08
Ppfibp1,-0.11122305342175648,0.11122305342175648,4.404509782205253e-06
Papola,-0.03804802158410675,0.03804802158410675,0.11727247607012357
D4Bwg0951e,0.005458176059764244,0.005458176059764244,0.8222769319004403
Slx1b,0.08107799021175098,0.08107799021175098,0.0008316585218811429
Cdk5rap3,-0.09003420934918387,0.09003420934918387,0.0002051052702920723
Psat1,-0.20850208769491213,0.20850208769491213,4.1054120729512835e-18
Lrrc8d,-0.09133294840914102,0.09133294840914102,0.00016560374495327315
Hars,-0.07892538219924913,0.07892538219924913,0.0011418337071879474
Shc1,-0.05314884954138306,0.05314884954138306,0.028615970573580084
Exoc5,-0.04931006025902796,0.04931006025902796,0.042310761943954965
Crk,-0.09256828218424257,0.09256828218424257,0.00013476513777656787
Myh9,-0.04056032124365558,0.04056032124365558,0.09495263260474565
Cnot8,0.02254215460270044,0.02254215460270044,0.3535236804878775
Angptl3,0.07944716243533778,0.07944716243533778,0.0010581200221557248
Tab2,-0.019707588482360792,0.019707588482360792,0.4173148184223943
Hibadh,0.14752243810576304,0.14752243810576304,1.0325651916631917e-09
Fto,-0.04328503374049075,0.04328503374049075,0.07473165997035926
Calu,-0.08207806362354872,0.08207806362354872,0.000715944691015453
Mup21,0.2877451300721249,0.2877451300721249,1.0808499347860208e-33
Tor2a,-0.07149853911523404,0.07149853911523404,0.0032181864620992847
G6pc,-0.10797191726060099,0.10797191726060099,8.338232549425031e-06
Ndufs1,-0.04189526802345921,0.04189526802345921,0.08455667838571208
Pbld2,-0.03460616319978497,0.03460616319978497,0.1542887812031595
Ppp1r37,-0.047055707438955936,0.047055707438955936,0.0526821571054157
Herc4,-0.06356784408881104,0.06356784408881104,0.008829074912452143
Mzt2,0.07515928591057416,0.07515928591057416,0.0019526024726965268
Hdac5,0.029674621953728438,0.029674621953728438,0.2219180710298504
Slc27a5,-0.09307380397227032,0.09307380397227032,0.00012377693260871855
Ptpn3,-0.06336448317216788,0.06336448317216788,0.009048707033071608
Mybbp1a,-0.07519885464651571,0.07519885464651571,0.0019418572556596247
Ctsc,-0.004673067032654729,0.004673067032654729,0.847501076904512
Ccpg1,-0.08159782687133456,0.08159782687133456,0.0007695063295367867
Mbtps1,-0.04564549851409644,0.04564549851409644,0.06019121648632098
Bri3,-0.043440742285309225,0.043440742285309225,0.07369141704734912
Tmem176a,0.10206111838800648,0.10206111838800648,2.5420301191822206e-05
Tmcc1,-0.08382677990305318,0.08382677990305318,0.000548791624353117
Pgrmc2,-0.01675018834748952,0.01675018834748952,0.4906000519476942
Ssbp1,0.07863850813878137,0.07863850813878137,0.001190424902625311
Serpina4-ps1,-0.06322230955328695,0.06322230955328695,0.009205137856340268
Sema4g,-0.07059000551711805,0.07059000551711805,0.0036309773706452355
Uox,0.11166442158230802,0.11166442158230802,4.0333855835449676e-06
Dbt,-0.012203079395793657,0.012203079395793657,0.6155256160179496
Klc4,-0.027193175764225454,0.027193175764225454,0.26302717753005445
Slc20a1,-0.1117750801379241,0.1117750801379241,3.945144232640671e-06
Ido2,0.019343419383350526,0.019343419383350526,0.42597512128278675
Med8,0.023125839836595538,0.023125839836595538,0.34119563787741786
1110005A03Rik,0.04270143145976743,0.04270143145976743,0.07873765494606505
Gtf3c2,-0.09100031497351946,0.09100031497351946,0.00017497681186425204
2310003C23Rik,0.058400067501353736,0.058400067501353736,0.01615734496899944
Ppp2r2d,-0.044760097405894234,0.044760097405894234,0.06534387320255279
Vars,-0.12715278165565347,0.12715278165565347,1.4887162160774168e-07
Ttc7,-0.07582074045482914,0.07582074045482914,0.0017799518072515357
Rabggta,-0.03782421769711508,0.03782421769711508,0.11944547417326179
C330006A16Rik,0.0101237022685771,0.0101237022685771,0.6769542808864607
Chd4,-0.08207225407067262,0.08207225407067262,0.0007165714272023729
Slc17a4,-0.18278616248126528,0.18278616248126528,3.298286981534737e-14
Commd7,-0.014529687445699178,0.014529687445699178,0.5498669236005234
Syncrip,-0.08515194307796754,0.08515194307796754,0.00044715774187669273
Oat,0.15556972470845143,0.15556972470845143,1.1846744718210948e-10
Dsg2,-0.07635726291020874,0.07635726291020874,0.0016503336484639496
Klhl21,-0.04062709800567574,0.04062709800567574,0.09440936047219661
Klhl9,-0.08135116171811144,0.08135116171811144,0.0007984401815725504
Pigq,-0.05076264870486111,0.05076264870486111,0.03658724874564693
Cope,0.035608557120891254,0.035608557120891254,0.14269356855585222
Atp13a1,-0.05569066572822762,0.05569066572822762,0.02181514699729074
Gsk3a,-0.053012227263436615,0.053012227263436615,0.029028251027943555
Golga7,0.003554345202820698,0.003554345202820698,0.8837086929550968
Uqcr10,0.0894295791256958,0.0894295791256958,0.00022636951298560075
Pla2g6,-0.1119091233767207,0.1119091233767207,3.84073024255167e-06
Ddx24,0.007279204260298863,0.007279204260298863,0.7645136159057458
Surf4,-0.11705653223558002,0.11705653223558002,1.3398169928331982e-06
Thrsp,-0.2316888700267917,0.2316888700267917,4.191961524040317e-22
Usp48,-0.05890987037761901,0.05890987037761901,0.015250477098464268
Eepd1,-0.045447163932846056,0.045447163932846056,0.06131518875596733
Zfp639,-0.016586155523071123,0.016586155523071123,0.49485771388866506
Alcam,-0.041771920048602404,0.041771920048602404,0.08547693960319726
Mrps33,0.04726004028036405,0.04726004028036405,0.05166195250471639
Mrp63,-0.08691886627755414,0.08691886627755414,0.00033878350711295097
Rabggtb,-0.07917116087768347,0.07917116087768347,0.0011016672575518288
Chd9,-0.0905124134611183,0.0905124134611183,0.00018963061122040733
Pklr,-0.2660083913660186,0.2660083913660186,7.30075994290239e-29
Suox,0.018738876481171347,0.018738876481171347,0.4405807431580663
Sik3,-0.06316137607388196,0.06316137607388196,0.009272916789705423
Chuk,-0.09675319930061688,0.09675319930061688,6.580387058694755e-05
Sqle,0.034986865921847694,0.034986865921847694,0.14980348734112708
Bax,-0.03343654650238277,0.03343654650238277,0.16870684126811375
Sbds,0.05095144505736049,0.05095144505736049,0.03589413074148315
Gle1,-0.058568058289560646,0.058568058289560646,0.015853414942274095
Cd2ap,-0.017512407528714406,0.017512407528714406,0.47107649945309843
Sdc4,-0.04611543148469013,0.04611543148469013,0.0575960818873893
Arf5,-0.04883998123922698,0.04883998123922698,0.04431798182934416
Actr1b,0.0022604682856264997,0.0022604682856264997,0.9258850778138095
Pdhb,-0.2160170362839779,0.2160170362839779,2.3412709091627473e-19
Slc25a20,-0.03596716554046129,0.03596716554046129,0.13871172622531777
Bop1,-0.08929040301537067,0.08929040301537067,0.00023154865840208273
Sf3a1,-0.06436739747671534,0.06436739747671534,0.008010966498782286
Alb,0.17547392279773716,0.17547392279773716,3.3964312416364486e-13
Ldlr,-0.028902004307386698,0.028902004307386698,0.23419250182763332
1300002K09Rik,-0.09140492035969984,0.09140492035969984,0.00016363878073553367
Nxf1,-0.0025353003810523154,0.0025353003810523154,0.9169048934229741
Zranb2,0.02696239420765189,0.02696239420765189,0.26710140881949473
Cd47,-0.008579162791435613,0.008579162791435613,0.7240452918098553
Ppp2r5a,-0.07390435278375654,0.07390435278375654,0.0023230233422543065
Slc4a4,-0.10660577910978417,0.10660577910978417,1.0845046243247011e-05
Atp1a1,-0.1915989348922542,0.1915989348922542,1.740657896500446e-15
Txnl4a,-0.09341322142833518,0.09341322142833518,0.00011687884088946567
Rbp4,0.1277284646735966,0.1277284646735966,1.306491438552282e-07
Dctpp1,0.009659709435523554,0.009659709435523554,0.6909787630564675
Atg4b,-0.026508004329673047,0.026508004329673047,0.2752494372084451
Hadhb,-0.04905960514752569,0.04905960514752569,0.04337041828142541
Cyp2c69,-0.2973935041379786,0.2973935041379786,5.6031682269419254e-36
Aebp2,-0.059605057080202486,0.059605057080202486,0.014086121875638355
Atf1,-0.033321826622031,0.033321826622031,0.1701736813595743
Klhdc2,-0.021259930510906883,0.021259930510906883,0.3815788576025138
Trappc3,-0.018124775873156123,0.018124775873156123,0.45570673970385206
Thoc2,-0.06715335080805471,0.06715335080805471,0.005663923750724735
Med28,0.08265926063636439,0.08265926063636439,0.0006557551000608703
Mlycd,-0.043017985924144145,0.043017985924144145,0.07654360915603335
Cwc15,-0.02353360061668058,0.02353360061668058,0.332748507765682
Pex5,-0.08661699429363191,0.08661699429363191,0.0003553637122543824
Clptm1l,-0.10704969084353727,0.10704969084353727,9.960635724941674e-06
Ugt3a2,-0.09362585705474694,0.09362585705474694,0.00011274366745596889
Acox1,0.09261427409799555,0.09261427409799555,0.0001337286858045108
Papd5,-0.06796115971092774,0.06796115971092774,0.0051104828245567115
Slc35b1,-0.04975775544209411,0.04975775544209411,0.040471096111999574
Tmem223,-0.07442471230067671,0.07442471230067671,0.0021622491500447533
Btf3l4,-0.014890712551930625,0.014890712551930625,0.5399960766203878
Tsta3,0.006709836934589215,0.006709836934589215,0.7824502354948675
Gm15421,-0.011749898467219584,0.011749898467219584,0.6287050080544319
Rab5c,-0.05299067141558922,0.05299067141558922,0.029093763726470857
Capza2,0.008058456514025088,0.008058456514025088,0.7401699802561251
Sc5d,-0.014281632147674805,0.014281632147674805,0.5567001428380436
Ncaph2,-0.04506809399462273,0.04506809399462273,0.06351171345864831
Gtl3,0.02884861879834234,0.02884861879834234,0.23505803807967104
Hist2h2aa1,0.07562447327398751,0.07562447327398751,0.0018296582495915326
Ciapin1,-0.038443763966204234,0.038443763966204234,0.11350608046878234
Vps28,-0.01677750848612968,0.01677750848612968,0.48989284229620217
Coro1c,-0.08854276784106971,0.08854276784106971,0.00026132469206056284
Fndc3a,-0.05613416954261582,0.05613416954261582,0.020785115491151005
Pim3,-0.06543855293054379,0.06543855293054379,0.007021403472122728
Cd82,-0.012647549904206782,0.012647549904206782,0.6027187628766039
Akap8,-0.04266370021823941,0.04266370021823941,0.0790025474291046
Slc25a10,0.0798824760755426,0.0798824760755426,0.0009926594164399822
Ubac2,-0.028994458970741786,0.028994458970741786,0.23269888128957375
Ift20,0.061055135232712485,0.061055135232712485,0.011906718765626366
Scamp3,-0.07806521065673985,0.07806521065673985,0.001293298056273364
0610011F06Rik,0.06446702729520398,0.06446702729520398,0.007913928314562751
Morf4l1,0.08246632238332144,0.08246632238332144,0.0006751941187245988
Pros1,-0.02467734288287387,0.02467734288287387,0.309781524341661
Mea1,-0.019415329904100834,0.019415329904100834,0.42425676428908216
1300001I01Rik,-0.07016800974555679,0.07016800974555679,0.0038386058349562423
Ccdc101,-0.03339033901644815,0.03339033901644815,0.1692965187244558
Pex3,-0.06408662310562085,0.06408662310562085,0.00829018927797814
Adipor1,0.022318383457034904,0.022318383457034904,0.3583236472499968
Ccdc124,-0.01763275565456334,0.01763275565456334,0.468033522221706
0610005C13Rik,0.07778751088152425,0.07778751088152425,0.0013460217452605447
Rps27l,0.07202361275550341,0.07202361275550341,0.002999571258416644
Vti1b,0.027330367497263308,0.027330367497263308,0.2606256019385507
Slc15a4,-0.06923161136833414,0.06923161136833414,0.004338321330631807
Slc25a44,-0.08912080585099066,0.08912080585099066,0.0002380100475274698
Itfg1,-0.0986449981234681,0.0986449981234681,4.713783131003037e-05
Mir703,0.1056363142018582,0.1056363142018582,1.3044084595518683e-05
Tspan4,-0.17817932796329933,0.17817932796329933,1.4497752382595002e-13
Naa15,-0.06189855649329462,0.06189855649329462,0.010781433324031106
Srsf1,-0.07499167957996969,0.07499167957996969,0.001998724830490926
Cdv3,-0.11418252587615432,0.11418252587615432,2.425637164360175e-06
Zc3h18,-0.08099866144071252,0.08099866144071252,0.0008415424205168098
Txlna,-0.03833809429279969,0.03833809429279969,0.11450232812545823
Mkks,0.008926587206454301,0.008926587206454301,0.7133537545383517
Cpsf3,-0.0010427512488187934,0.0010427512488187934,0.9657721011492569
Acss2,0.032984027332065846,0.032984027332065846,0.17454832276614396
Usp15,-0.029439475596108846,0.029439475596108846,0.22560404536607206
Gys2,-0.08931790603019377,0.08931790603019377,0.00023051646455291656
Ngly1,-0.04904361176898343,0.04904361176898343,0.0434388393032209
Btg2,-0.009325574994857137,0.009325574994857137,0.7011445694132316
Hmg20b,-0.03057263235043198,0.03057263235043198,0.2082384796567527
D230025D16Rik,-0.09176280647964585,0.09176280647964585,0.0001541890941662265
Raph1,-0.15127213748821103,0.15127213748821103,3.8193298731163827e-10
Setd2,-0.05258247119216876,0.05258247119216876,0.030358581320578327
Mrpl33,0.03205282243284075,0.03205282243284075,0.1870415045744356
Sarnp,0.025848085785261328,0.025848085785261328,0.2873820475974567
Tfr2,-0.0755476205661201,0.0755476205661201,0.0018494667149180995
5830473C10Rik,-0.06297545184327752,0.06297545184327752,0.009482486701578856
Aldh1a1,0.08788313012770946,0.08788313012770946,0.00029053839151507293
Dcxr,0.227743907464962,0.227743907464962,2.1555851478153242e-21
Mup1,0.3460433792253996,0.3460433792253996,6.751494921690227e-49
Tulp4,-0.031634375871371606,0.031634375871371606,0.19286555516302922
Adipor2,-0.12383783777721655,0.12383783777721655,3.1225218325929207e-07
Fnta,0.02600944653935532,0.02600944653935532,0.28438264032248517
Ero1l,-0.04696664331471178,0.04696664331471178,0.053132077747299736
Arhgap29,-0.06767886283992777,0.06767886283992777,0.005298077486951959
Qk,-0.027122245063050603,0.027122245063050603,0.26427480419523663
Cyp27a1,-0.0036687006968326424,0.0036687006968326424,0.879995076243359
Rpn1,-0.13020749922273483,0.13020749922273483,7.397331306965027e-08
Wapal,-0.034999905727250036,0.034999905727250036,0.14965163653458854
Cdc40,-0.038854641067868116,0.038854641067868116,0.10969704646217851
Bloc1s2,-0.02202959912576731,0.02202959912576731,0.36457839194248337
Pdcd5,0.048618432138742604,0.048618432138742604,0.04529147790012896
Tnrc6a,-0.06475438303415956,0.06475438303415956,0.007639912493928406
Dlst,-0.07367216826338957,0.07367216826338957,0.0023982300945382643
Ctsa,-0.04792224410049822,0.04792224410049822,0.048468514220117706
Cox17,0.012403321145276815,0.012403321145276815,0.6097410961449486
Thoc7,0.00792167461619509,0.00792167461619509,0.7444250233299701
Dr1,-0.033864831605175935,0.033864831605175935,0.16331436977799405
Aars,-0.08399040323254756,0.08399040323254756,0.0005351706049526315
Mrps12,0.009906252871972727,0.009906252871972727,0.6835132618883346
Serhl,0.013454738686962318,0.013454738686962318,0.5797728202908494
Got1,0.1700523605212453,0.1700523605212453,1.7965971472990659e-12
Adh6-ps1,0.14392172053227575,0.14392172053227575,2.6213162280993997e-09
Scarb1,-0.08335200068462989,0.08335200068462989,0.0005901635200414
Lap3,0.11036039192639938,0.11036039192639938,5.226377070665927e-06
C77080,-0.14561089613443645,0.14561089613443645,1.6980457739232e-09
Fads2,0.05981194426743498,0.05981194426743498,0.013755092891288618
Abcb6,-0.0880932576199702,0.0880932576199702,0.00028091606257910106
Zfp260,-0.037100579831229816,0.037100579831229816,0.1266877450582185
Sympk,-0.09282836008271571,0.09282836008271571,0.0001290021403574954
Ppa2,0.10291995639501421,0.10291995639501421,2.1698136425867102e-05
Vma21,-0.09204416848658575,0.09204416848658575,0.00014712286695858038
Mrpl36,0.014351239618730315,0.014351239618730315,0.5547784870757154
Hrsp12,0.06637937518187424,0.06637937518187424,0.00624426662063994
Zfr,-0.017819487926164636,0.017819487926164636,0.46333364461800686
Dcaf8,-0.0673048262753903,0.0673048262753903,0.005556202863358906
Lsm4,-0.028542613589298903,0.028542613589298903,0.24006294390323213
Larp4,-0.15898358797905104,0.15898358797905104,4.5661112469714985e-11
Pdzd8,-0.035708085807679216,0.035708085807679216,0.14157975525462235
Zfp445,0.0020179136669452495,0.0020179136669452495,0.9338184731360717
Abcb4,-0.18654242314331632,0.18654242314331632,9.580887036301012e-15
G3bp2,0.018764593913500292,0.018764593913500292,0.4399536313734791
Plin5,-0.09370790013229174,0.09370790013229174,0.00011118533419354393
Mif,0.025831069330163686,0.025831069330163686,0.2876995916969202
Sbno1,-0.01248214081753694,0.01248214081753694,0.6074708168952807
Edem1,-0.06328546018589173,0.06328546018589173,0.009135359200041333
1300010F03Rik,-0.04377273887348092,0.04377273887348092,0.07151292965304355
Nus1,-0.08859626946665791,0.08859626946665791,0.0002590800749135032
0610040J01Rik,-0.03983431733971957,0.03983431733971957,0.10102201340448529
D19Bwg1357e,-0.009914576788854162,0.009914576788854162,0.6832617418063854
Eif3i,-0.03266917652217014,0.03266917652217014,0.1787008008023529
Ddx58,-0.08715511560711357,0.08715511560711357,0.00032631505730339595
Psma1,-0.02055706751727009,0.02055706751727009,0.3975209014504204
2900092E17Rik,-0.03050089322662662,0.03050089322662662,0.20930831882210116
Sh3pxd2a,0.0016857920744685166,0.0016857920744685166,0.9446918998487112
Mrpl23,0.07438149911579567,0.07438149911579567,0.002175201992125264
Ndufa13,0.03344991773412007,0.03344991773412007,0.1685364917214488
Fam165b,-0.021158153226825266,0.021158153226825266,0.38386274782596036
Cdc123,-0.08248764639938864,0.08248764639938864,0.0006730196567963107
Spg7,-0.0598565998101698,0.0598565998101698,0.013684549296276617
Mcm10,0.12402322931357894,0.12402322931357894,2.9973088199636546e-07
Dcaf12,-0.05390791305141883,0.05390791305141883,0.026415965826679304
Hspa13,-0.056952631234029744,0.056952631234029744,0.018995074381984948
Esrra,-0.09404867752201486,0.09404867752201486,0.0001049272731092184
Ube2n,0.05116831385198234,0.05116831385198234,0.03511178825847507
Puf60,0.003907701659797751,0.003907701659797751,0.8722422861181316
Rpl31-ps12,0.10218556141606208,0.10218556141606208,2.4845690752833872e-05
Ftsj3,-0.11114960245352948,0.11114960245352948,4.469360742678712e-06
Arpp19,-0.04094041519231455,0.04094041519231455,0.09189348091824436
Rela,-0.08582901903124304,0.08582901903124304,0.0004022845389964325
G0s2,0.1441472262155714,0.1441472262155714,2.4744095294804835e-09
Srp14,0.024242721063808058,0.024242721063808058,0.3183826979646967
Nrn1,0.0723758922413329,0.0723758922413329,0.002860579849490782
Kat2b,-0.10999472274529348,0.10999472274529348,5.617351816065306e-06
Psma6,0.0877173742793127,0.0877173742793127,0.00029834554924395256
Nfe2l2,-0.07093267141516954,0.07093267141516954,0.003469946002096967
Tmem128,-0.033613051969910226,0.033613051969910226,0.16646853567894576
Spint2,0.04641528494589631,0.04641528494589631,0.05598927236914098
Rpl34,0.03314470797126072,0.03314470797126072,0.17245709239744744
Timm50,-0.05147621555610613,0.05147621555610613,0.03402606003704723
Mrrf,-0.028561536641754544,0.028561536641754544,0.23975128551842365
Prelid1,-0.02602760314727296,0.02602760314727296,0.28404647119107396
Ociad2,0.04963045753033321,0.04963045753033321,0.04098716191553439
Fam50a,0.024156068092077772,0.024156068092077772,0.32011607103496603
Tfpi2,0.005992419723942977,0.005992419723942977,0.8052153163691291
C1ra,-0.07540798457808259,0.07540798457808259,0.0018859618510227174
Skiv2l,-0.026162273790489386,0.026162273790489386,0.2815614389076725
Ufm1,-0.019604068257302088,0.019604068257302088,0.41976602373603067
Ces3b,0.010351405653745517,0.010351405653745517,0.6701121531441685
Eif4g2,-0.047115822353955866,0.047115822353955866,0.05238027975575403
Slc6a12,-0.05916789702456167,0.05916789702456167,0.014808785942220558
Noc2l,-0.07894530760108928,0.07894530760108928,0.0011385276942918517
Mrpl34,-0.03517417711740178,0.03517417711740178,0.1476334623889243
Snrpf,-0.04186183817546758,0.04186183817546758,0.08480529343820514
Ptbp1,-0.04742569647866707,0.04742569647866707,0.05084702669770466
Prodh2,-0.04121844161313887,0.04121844161313887,0.08970631058725395
Gpt,0.07436177782262543,0.07436177782262543,0.00218113689243022
AW112010,0.17787075956555887,0.17787075956555887,1.5986900330393992e-13
Hist1h2bc,0.11156321419590207,0.11156321419590207,4.115742531606378e-06
Timd2,-0.10832210441995865,0.10832210441995865,7.790969297816538e-06
Ubxn2a,0.049643175264905304,0.049643175264905304,0.04093535496956726
Col4a3bp,-0.09647524292732423,0.09647524292732423,6.907495067880682e-05
Las1l,-0.08082681639596699,0.08082681639596699,0.0008633277401991201
Nop10,0.024277892960546606,0.024277892960546606,0.3176808885196295
Cul3,-0.12083207056623979,0.12083207056623979,6.013085625268569e-07
Asl,0.10634646734230149,0.10634646734230149,1.1395825912964337e-05
Rab18,0.025897916716217124,0.025897916716217124,0.28645351213719267
Gga1,-0.07403397468936945,0.07403397468936945,0.002281982355197833
Isca2,-0.011246840523122732,0.011246840523122732,0.6434744758054826
Sdr42e1,-0.03726841109039111,0.03726841109039111,0.12497836791887078
Map1lc3a,-0.06649495875427597,0.06649495875427597,0.006154333834549063
Wac,-0.09766586204223907,0.09766586204223907,5.6063342023964924e-05
Hmgn5,0.058981417623358526,0.058981417623358526,0.015126855670170535
Grn,-0.11766057739430008,0.11766057739430008,1.1805616385343056e-06
H47,-0.03769082758757193,0.03769082758757193,0.12075552448334918
Ing4,0.0011722579202751993,0.0011722579202751993,0.9615242074183677
Spop,0.042131890323477375,0.042131890323477375,0.08281373699919967
Cfhr1,0.005769947683011826,0.005769947683011826,0.8123094319539964
Fkbp4,-0.036704120499398,0.036704120499398,0.13079791232770624
Alkbh3,0.016994921890707806,0.016994921890707806,0.4842844607428464
Kpna2,-0.07790512647606726,0.07790512647606726,0.001323454113621269
Haao,0.1032691797465289,0.1032691797465289,2.033809133948671e-05
Nol7,0.012658832709476143,0.012658832709476143,0.6023952280660073
Atp6v0e,-0.0633020088062258,0.0633020088062258,0.00911715189108203
Sap18,0.032114031380389096,0.032114031380389096,0.18620057902633622
l7Rn6,-4.1919828944088355e-05,4.1919828944088355e-05,0.9986235768827876
Tsku,-0.3166148856086407,0.3166148856086407,8.469945148014558e-41
Timm17a,0.03655526895689161,0.03655526895689161,0.13236749780655568
Xpa,0.007269717110547837,0.007269717110547837,0.7648114848482994
Pisd,-0.03755526623183508,0.03755526623183508,0.12209838213140503
Dnajb4,0.0008149412676191278,0.0008149412676191278,0.9732466820221305
Zc3h7b,-0.027800549644036707,0.027800549644036707,0.2525101241860668
Txndc5,-0.1342881965195033,0.1342881965195033,2.8337333442673118e-08
Sgpp1,-0.014614697048725814,0.014614697048725814,0.5475346875722304
Dpp9,-0.043306162560318086,0.043306162560318086,0.07458980568099655
Ptpn2,-0.02960655487462622,0.02960655487462622,0.222980578141845
Ccdc97,-0.059660566029362226,0.059660566029362226,0.013996622518890478
Maea,-0.04065434648367504,0.04065434648367504,0.0941883928554054
Atp6v1a,-0.13496569231230923,0.13496569231230923,2.409663105653653e-08
Api5,-0.042979909406602346,0.042979909406602346,0.07680485391578007
Supt16h,-0.06973880130800801,0.06973880130800801,0.004060783535760707
Plg,-0.11310800861004718,0.11310800861004718,3.01741845905879e-06
Pdcd6ip,-0.10212888186046817,0.10212888186046817,2.5105858333973817e-05
Gemin7,0.00023211127237253784,0.00023211127237253784,0.9923788184827598
Psph,-0.08230731896613339,0.08230731896613339,0.0006916149901968439
2900010M23Rik,0.007623715385714658,0.007623715385714658,0.7537208756955296
Tuba1b,-0.008493765704575357,0.008493765704575357,0.7266816275186956
Dlc1,-0.06774496107237768,0.06774496107237768,0.00525360450504125
Parp12,-0.061435315695702854,0.061435315695702854,0.011387205497028877
Hyou1,-0.03907401774269886,0.03907401774269886,0.10770505266476965
Hbxip,0.03549538698615091,0.03549538698615091,0.14396819249675272
A730098P11Rik,0.12039867981984673,0.12039867981984673,6.600491776789079e-07
Snx15,0.009253561431675474,0.009253561431675474,0.7033426274519469
Xylb,-0.09846457573953805,0.09846457573953805,4.867419338179283e-05
Topors,-0.05671587681592623,0.05671587681592623,0.019498487481320007
Mapkapk2,-0.021323637507693387,0.021323637507693387,0.3801535161518724
Acot7,-0.02975676465659748,0.02975676465659748,0.2206406784148592
Nme6,-0.0019499214238317061,0.0019499214238317061,0.9360435539303888
Cse1l,-0.056717648484186874,0.056717648484186874,0.01949467753615242
Mrpl38,-0.08208026028003254,0.08208026028003254,0.0007157078477038297
Uspl1,-0.0778768762466108,0.0778768762466108,0.0013288426023955417
Mrpl46,0.0543675501580165,0.0543675501580165,0.02515604457517269
Sphk2,-0.03669089755071141,0.03669089755071141,0.13093675712770286
Ghr,0.10361008544720776,0.10361008544720776,1.90889407848945e-05
Deb1,-0.048446359244258864,0.048446359244258864,0.04605994378220037
Elovl3,0.3155777367530649,0.3155777367530649,1.5748991893807686e-40
Apol7a,0.030133668508863592,0.030133668508863592,0.21484702570789238
Gnaq,-0.06659060001168471,0.06659060001168471,0.006080800647145622
Srf,-0.05050559325183236,0.05050559325183236,0.0375492545023041
Baz1b,-0.0690578559828546,0.0690578559828546,0.004437282525022443
Entpd8,-0.13189963564633783,0.13189963564633783,4.986557005410722e-08
Ftl1,-0.15603697825752594,0.15603697825752594,1.0410285529860974e-10
Mtmr4,0.0020318011690459168,0.0020318011690459168,0.9333640605111858
Agxt2l1,-0.1220328103679936,0.1220328103679936,4.636786617522733e-07
Map2k3,-0.07243359883595149,0.07243359883595149,0.002838380082081521
Pnp,0.05551310459533857,0.05551310459533857,0.02223980757474096
Xpot,-0.18249090039358293,0.18249090039358293,3.630863334235386e-14
Trappc4,0.013069179827337464,0.013069179827337464,0.5906820482039431
Coq2,-0.05531870037899246,0.05531870037899246,0.02271296979513355
Akr1c19,-0.10939024390254835,0.10939024390254835,6.325699434872176e-06
Slc37a4,-0.23804031025481473,0.23804031025481473,2.814294450068555e-23
Ptk2b,-0.04516529666268694,0.04516529666268694,0.0629423704458289
Xrn2,0.025663191708848905,0.025663191708848905,0.2908450304947442
Gm15417,0.0029633427429919257,0.0029633427429919257,0.9029400302899435
Eci2,-0.05007815827687242,0.05007815827687242,0.03919649088235771
Scp2,0.27881573626989997,0.27881573626989997,1.1766147477134412e-31
Arf4,0.005120744104914993,0.005120744104914993,0.8330971443259149
Rbm17,-0.02282617783819276,0.02282617783819276,0.3474900699563555
U2af1,0.03462592718953199,0.03462592718953199,0.15405344812846555
Poldip3,-0.012099344349141339,0.012099344349141339,0.6185317245761671
Tmem126a,0.03063657093864413,0.03063657093864413,0.2072883123517363
Wdr74,-0.04887513840804447,0.04887513840804447,0.044165133524026096
Ndufs7,0.0532577115502489,0.0532577115502489,0.028291077747008408
Kbtbd2,-0.04425787384808458,0.04425787384808458,0.06842466492563189
Rbm39,-0.07795998630518342,0.07795998630518342,0.00131304757102375
Fez2,-0.02533640227463434,0.02533640227463434,0.2970339767590302
Gck,-0.04313036849183186,0.04313036849183186,0.07577676599538669
Hyi,0.11294878564899324,0.11294878564899324,3.1161048823913854e-06
Tex264,-0.1032456604856223,0.1032456604856223,2.0427078948900324e-05
Slc35e2,-0.0023962663464426187,0.0023962663464426187,0.9214466023833522
Rpl3,0.00840953013391383,0.00840953013391383,0.729285277595568
Pdia3,-0.04042425786557939,0.04042425786557939,0.0960673392030633
Atf4,-0.04381925374913302,0.04381925374913302,0.07121196412394504
Rab11b,0.032087992884466066,0.032087992884466066,0.18655796979732472
Slc38a10,-0.056007426645718957,0.056007426645718957,0.021075060758156107
Rbm42,-0.0402427684873676,0.0402427684873676,0.0975704607795006
Pef1,-0.029161076878988088,0.029161076878988088,0.2300242161802962
Sssca1,0.048924996383612564,0.048924996383612564,0.04394913485657471
Eps8l2,0.08253900473449413,0.08253900473449413,0.0006678091931104691
1810026J23Rik,-0.05328945644503224,0.05328945644503224,0.02819693686831129
Ccnc,-0.031202341964861564,0.031202341964861564,0.1990172790545625
Jund,-0.008617067930283148,0.008617067930283148,0.7228761484857318
Ttc33,0.001973012672394376,0.001973012672394376,0.9352878242121535
Tmed10,-0.057398160228126924,0.057398160228126924,0.01807846176205048
Brap,0.01950861434948252,0.01950861434948252,0.42203370534458445
Calr,-0.10522118789747623,0.10522118789747623,1.4110347681574874e-05
6330578E17Rik,-0.043053053020097674,0.043053053020097674,0.07630365295972553
Jhdm1d,-0.05431283108234353,0.05431283108234353,0.02530325841527867
Dnaja2,-0.04497438146742408,0.04497438146742408,0.06406463204776708
Actr3,-0.03752706666177288,0.03752706666177288,0.12237918416145585
D030016E14Rik,-0.0375327824654032,0.0375327824654032,0.1223222273674021
Tada1,0.016506511715846026,0.016506511715846026,0.49693205423774556
Prdx6,0.12388502784483915,0.12388502784483915,3.09017930509213e-07
Nrbp2,-0.025758308689266013,0.025758308689266013,0.2890600450129182
Tpp2,-0.020960949879945925,0.020960949879945925,0.38831173398576
Mvd,-0.015808137071077373,0.015808137071077373,0.5153179043157105
Akr1d1,0.019076682700120293,0.019076682700120293,0.43238433205964916
Atxn1,-0.032129597312604154,0.032129597312604154,0.18598717077755994
Ldhd,0.029718768701313437,0.029718768701313437,0.22123089322497258
4833420G17Rik,-0.03082967531420356,0.03082967531420356,0.20443774937283454
Ip6k2,-0.05111150011764455,0.05111150011764455,0.035315321676556766
Rfwd2,-0.08926336580776806,0.08926336580776806,0.00023256759331697705
Polr2b,-0.036735000250003785,0.036735000250003785,0.13047411035000317
Tpm3,0.05711915273735362,0.05711915273735362,0.018647834627014814
Slc4a2,-0.08087768455953157,0.08087768455953157,0.0008568251955483786
Raf1,-0.06716567001239504,0.06716567001239504,0.00565509322249442
Zfp395,0.08996803187844386,0.08996803187844386,0.00020733783991500016
Ppp6r1,-0.04389220661468139,0.04389220661468139,0.07074202665658662
Prps2,-0.0515807622820916,0.0515807622820916,0.0336639863588573
Gaa,-0.16870904558567168,0.16870904558567168,2.6921798195507904e-12
1700123O20Rik,-0.012102713258035242,0.012102713258035242,0.6184339972777041
Dhrs4,0.02698077062553143,0.02698077062553143,0.2667754103133971
Zbtb7b,-0.018619402037630687,0.018619402037630687,0.4435007975020212
Snap23,0.004901930409858932,0.004901930409858932,0.8401307597979355
Pzp,-0.0672103569809486,0.0672103569809486,0.005623165203195477
Itgb1bp1,0.007868883312642815,0.007868883312642815,0.7460693625355287
Phb,-0.0014844067198555924,0.0014844067198555924,0.9512902624488585
Clybl,0.05337472424987843,0.05337472424987843,0.02794540556094164
Cpne1,-0.07484250626691032,0.07484250626691032,0.002040612747283753
Ranbp2,-0.060501768618128365,0.060501768618128365,0.012700408257099413
Nags,0.011193150069871044,0.011193150069871044,0.6450592731984663
Tars2,-0.0856607759969254,0.0856607759969254,0.00041302469191949046
Lrrc28,-0.07185913162950075,0.07185913162950075,0.003066551738220411
Trp53bp2,-0.02379772891697071,0.02379772891697071,0.32734948578011924
Kdm5a,-0.08130150293437449,0.08130150293437449,0.000804385805778126
March6,-0.11821940010069569,0.11821940010069569,1.0495552089296966e-06
D6Wsu116e,-0.038771873049915764,0.038771873049915764,0.11045611633618983
Sdf4,-0.009947682478959434,0.009947682478959434,0.6822617498113708
Cnpy3,-0.004732403135345701,0.004732403135345701,0.8455889095893122
Birc6,-0.06870969766923665,0.06870969766923665,0.0046417482397806565
Fbxl4,-0.02245948941806632,0.02245948941806632,0.3552921260181038
Senp5,-0.03125623107326719,0.03125623107326719,0.1982422241159672
Gnmt,0.2654686365964167,0.2654686365964167,9.501175323246961e-29
Lemd2,-0.06755914097644142,0.06755914097644142,0.005379495949497683
Txn1,0.063370912658995,0.063370912658995,0.009041689178940314
Tpst1,-0.061473040593391606,0.061473040593391606,0.011336767727634816
Mif4gd,0.02165649287766367,0.02165649287766367,0.37275970244953155
Gne,-0.12711220793680808,0.12711220793680808,1.502446759709584e-07
Exoc7,0.008066436471169287,0.008066436471169287,0.7399219815124903
Pnkp,0.010648687620848477,0.010648687620848477,0.661220364218963
St7l,-0.09390547374592395,0.09390547374592395,0.00010751550437742214
Rpl6,-0.05099233493398691,0.05099233493398691,0.03574549678833621
1810063B07Rik,-0.11273015640140639,0.11273015640140639,3.2566627998725027e-06
Parl,0.005078539367922238,0.005078539367922238,0.8344527663634965
Ttc9c,-0.024162465856174882,0.024162465856174882,0.31998788220102325
Ddost,-0.034499369426841384,0.034499369426841384,0.15556511623335645
Ddx50,0.03739144481853655,0.03739144481853655,0.12373671111678818
Mdm2,-0.042526799708849164,0.042526799708849164,0.07996974563720774
Cda,-0.02100131955945879,0.02100131955945879,0.387398432539084
Dnajc7,-0.019870412333708076,0.019870412333708076,0.4134764947787094
Tm9sf1,-0.08149020646276589,0.08149020646276589,0.0007820085043805904
Erf,-0.02111790123973111,0.02111790123973111,0.3847683076772671
Fam98a,-0.0202819490885584,0.0202819490885584,0.4038687198819167
Ywhab,-0.028452922258684496,0.028452922258684496,0.2415440201940966
Ing1,0.01156514863496477,0.01156514863496477,0.6341123255385464
Rnf20,-0.033951053734127254,0.033951053734127254,0.16224463559965735
Nxt1,-0.0047411796540750666,0.0047411796540750666,0.8453061540371773
D130020L05Rik,0.02897762027191032,0.02897762027191032,0.23297040916999667
Lactb,0.024547555125744244,0.024547555125744244,0.3123338150898483
Steap4,0.09583667346560859,0.09583667346560859,7.718147326261736e-05
Sumf1,-0.05589891156124559,0.05589891156124559,0.021326098296022174
Zbtb43,-0.02062557340234594,0.02062557340234594,0.3959496582971513
Pex6,-0.12517753959646044,0.12517753959646044,2.3199924655063394e-07
Fam193b,-0.044398122338339,0.044398122338339,0.06755256604888399
Brox,-0.04043264781813233,0.04043264781813233,0.09599830268379742
Rbm4,-0.02095296666478815,0.02095296666478815,0.388492496918844
Plcb1,-0.06103839341755753,0.06103839341755753,0.01193007142115086
Casp7,-0.035089613748495056,0.035089613748495056,0.14861014940958517
Camk1,-0.05606855719336552,0.05606855719336552,0.020934777903651003
Acnat2,0.0009519572181543173,0.0009519572181543173,0.9687507838565746
Lrit1,-0.034475291149555665,0.034475291149555665,0.15585398838609413
Hiatl1,-0.07940434325650764,0.07940434325650764,0.0010647700325807754
Ctdnep1,-0.07091403642870829,0.07091403642870829,0.0034785334693716186
Ap1b1,-0.11306835261375714,0.11306835261375714,3.041713306534642e-06
Bphl,0.11578801335193259,0.11578801335193259,1.7441227429058933e-06
Ythdc1,-0.06067977476037897,0.06067977476037897,0.01244013575058266
Zcchc2,-0.08593057670297603,0.08593057670297603,0.00039592815403078507
Trip4,-0.015047012847696007,0.015047012847696007,0.5357502947458556
Cyp4f15,-0.005991140860343289,0.005991140860343289,0.8052560512080794
5730455O13Rik,-0.0022475204450780207,0.0022475204450780207,0.9263083925285177
1110065P20Rik,-0.01110257303746961,0.01110257303746961,0.6477365145445988
Lonp1,-0.0756155841570292,0.0756155841570292,0.0018319393793914188
Brwd1,-0.0842291282041991,0.0842291282041991,0.000515861355695104
Ubl3,-0.10139867321468819,0.10139867321468819,2.8697847457807895e-05
Rrbp1,-0.13987312881074396,0.13987312881074396,7.271167406295806e-09
Prps1l3,-0.009097724176079234,0.009097724176079234,0.7081076901756381
Tardbp,-0.00761314463471508,0.00761314463471508,0.7540513312524713
Cdk9,-0.06145138131670116,0.06145138131670116,0.011365701658932872
Galt,0.11894670374640522,0.11894670374640522,8.998570660735467e-07
Epb4.1,-0.05996667132209237,0.05996667132209237,0.013512027971900022
Vps29,0.029852144304079294,0.029852144304079294,0.21916405969452124
Tnpo2,-0.10092613802436126,0.10092613802436126,3.127692333794308e-05
Atpif1,-0.0038333306656264995,0.0038333306656264995,0.8746534785649472
Timm9,-0.04316240362273807,0.04316240362273807,0.07555932491008316
Plekha8,-0.028694591977439957,0.028694591977439957,0.23756794044812754
Cherp,-0.05776761776269738,0.05776761776269738,0.017347948857516574
Csnk1g3,-0.04911127844450182,0.04911127844450182,0.04314997702780134
5730494N06Rik,-0.0040811930406693155,0.0040811930406693155,0.8666221435688424
Aph1a,-0.07397844563477549,0.07397844563477549,0.0022994820688067804
Umps,-0.05875494935524757,0.05875494935524757,0.015521203785446714
Itpk1,-0.08223415330659284,0.08223415330659284,0.0006992949912880659
Mtmr3,-0.00019001564242614177,0.00019001564242614177,0.9937609623870685
Dhrs1,0.03099457639010187,0.03099457639010187,0.20202615807206617
Ruvbl1,0.04460872274753849,0.04460872274753849,0.06626018151983207
Carkd,-0.021957149768566064,0.021957149768566064,0.3661581963470906
Tmem131,-0.036038430907436775,0.036038430907436775,0.13793070826931647
Spcs1,0.004145230583514474,0.004145230583514474,0.864549373765626
Map1lc3b,0.05973989936894657,0.05973989936894657,0.013869580749330862
Nme3,-0.004201436027995972,0.004201436027995972,0.8627308801520559
Map2k5,-0.03986350835375112,0.03986350835375112,0.1007721574537615
Prrc2c,0.015037482149024629,0.015037482149024629,0.5360087073679228
Arid1b,-0.06174677091729782,0.06174677091729782,0.010976691076573005
Apoa2,0.20834902005318623,0.20834902005318623,4.34714870476751e-18
Slc35d1,-0.11935557345979446,0.11935557345979446,8.249546738978187e-07
Cln5,-0.006464043864447474,0.006464043864447474,0.7902298666015073
Itih2,-0.013930209608724955,0.013930209608724955,0.5664510660237818
D17Wsu92e,-0.12713439075489585,0.12713439075489585,1.4949247862784392e-07
Yipf2,0.006346079998509797,0.006346079998509797,0.7939710405856618
Dhrs11,0.02601713509456851,0.02601713509456851,0.2842402540959923
Usp32,-0.023760603631259924,0.023760603631259924,0.3281049091560199
Nek9,-0.07056413884824628,0.07056413884824628,0.003643404477712532
Plcxd2,-0.042193415909842116,0.042193415909842116,0.08236534171947398
Pigyl,0.016432113759735432,0.016432113759735432,0.49887393950657305
Gm5480,0.02905801103679594,0.02905801103679594,0.23167611087196865
Spata2l,-0.08598182373797,0.08598182373797,0.0003927563675716166
Acsl4,-0.052753049145278584,0.052753049145278584,0.029824413120491885
Grb2,-0.050196143784079154,0.050196143784079154,0.038735787804498927
1810022K09Rik,0.04646601148374516,0.04646601148374516,0.05572117037819083
2510049J12Rik,-0.024659322693118456,0.024659322693118456,0.31013506819993136
Xpnpep1,-0.06498213863643817,0.06498213863643817,0.00742879943352568
Psmb5,0.01082269456626372,0.01082269456626372,0.6560377385231182
Taldo1,0.07022220090288883,0.07022220090288883,0.003811352932968135
Lsm7,0.029420672222094005,0.029420672222094005,0.22590066733147754
Hspb8,-0.009371774476954647,0.009371774476954647,0.6997357437642557
Mrps18c,0.07122674732553719,0.07122674732553719,0.003336956741719818
Mon1a,-0.05542888774335721,0.05542888774335721,0.02244372198231518
Ddrgk1,-0.0077160769695834705,0.0077160769695834705,0.7508354543049305
Rbbp5,-0.07158142133378737,0.07158142133378737,0.003182741190125754
Gapvd1,-0.0858783282616353,0.0858783282616353,0.0003991865242772771
Lmf1,-0.009186625111422798,0.009186625111422798,0.7053879378475858
BC003266,-0.01241295493628794,0.01241295493628794,0.609463407631856
D11Wsu99e,-0.09761630671414939,0.09761630671414939,5.655513598267913e-05
Serinc3,-0.06942475169230462,0.06942475169230462,0.004230669101500352
Gm5617,0.05103439589776598,0.05103439589776598,0.03559315351134581
Aspdh,0.0349382690935708,0.0349382690935708,0.1503704403640947
Sik1,-0.06356007809100603,0.06356007809100603,0.00883737409422221
Atg2b,-0.041378312520638366,0.041378312520638366,0.08846772807873163
Obfc2b,0.0001547058720278785,0.0001547058720278785,0.9949203178469948
Tbcd,-0.020130424318279057,0.020130424318279057,0.40739059826539653
Pdlim5,-0.05313043593816716,0.05313043593816716,0.028671241240993087
Eea1,-0.039685442926011075,0.039685442926011075,0.10230396005882768
Rpl34-ps1,0.08475686374060173,0.08475686374060173,0.00047545493230368384
Adck4,0.04020521784907426,0.04020521784907426,0.09788379321303119
Jkamp,-0.009344704600962227,0.009344704600962227,0.70056109859837
Ccdc117,-0.03897944468495403,0.03897944468495403,0.10856026161284522
Blmh,-0.006846090806358427,0.006846090806358427,0.7781469381031961
Crcp,0.03751732679931981,0.03751732679931981,0.12247628756646285
Nqo1,-0.09537454043256217,0.09537454043256217,8.360005074891814e-05
Immp1l,-0.04133607185969752,0.04133607185969752,0.0887936365389464
Chmp3,0.014052544848211224,0.014052544848211224,0.5630473555843111
Srp54a,-0.06402999281276689,0.06402999281276689,0.008347549741474681
Mrps2,-0.054882143143999584,0.054882143143999584,0.023807466191152687
Hagh,0.05817937278448597,0.05817937278448597,0.01656439677614546
2400003C14Rik,-0.06842747426181275,0.06842747426181275,0.004813705611476694
Fam158a,0.04390722764116484,0.04390722764116484,0.07064558248420727
Nfyb,-0.022231768617151607,0.022231768617151607,0.3601925083059108
Maz,-0.0857107331906766,0.0857107331906766,0.00040980795919245093
Hnrnph2,-0.05398865037722,0.05398865037722,0.026190789235359325
Tbl3,-0.07581724846234496,0.07581724846234496,0.0017808252415274417
Ostf1,0.010942475185538938,0.010942475185538938,0.6524797600185511
Idh1,-0.09439112302898225,0.09439112302898225,9.897418888005365e-05
Eif4e,-0.02091651057890502,0.02091651057890502,0.38931861802759987
Lss,-0.05198447766559195,0.05198447766559195,0.032296552609577235
Bclaf1,-0.016433418974376904,0.016433418974376904,0.4988398369838203
Setdb1,-0.058884477829579604,0.058884477829579604,0.015294564282410003
Ethe1,0.15188192938540962,0.15188192938540962,3.2413090483041737e-10
Stim2,-0.07576907710805561,0.07576907710805561,0.0017929143329442248
Ppil3,-0.020162624217530865,0.020162624217530865,0.40664065162517693
Wbp11,0.006212624325446074,0.006212624325446074,0.7982092432496009
Cdc14b,-0.0431456807541014,0.0431456807541014,0.07567276919456743
Bhmt,0.38993898963399876,0.38993898963399876,1.0557359288941153e-62
Atp6v1f,-0.00028344599876765735,0.00028344599876765735,0.9906933546882046
Letmd1,-0.05675792041676423,0.05675792041676423,0.019408248454782277
Eif2s3y,-0.0012532272485766601,0.0012532272485766601,0.9588689132818762
Ube2j2,-0.05777181625915273,0.05777181625915273,0.017339798189748387
1810009A15Rik,-0.046202483842909876,0.046202483842909876,0.05712570052367354
Ptplad1,-0.12353274640362821,0.12353274640362821,3.339639020535441e-07
Fcf1,0.018548562031611773,0.018548562031611773,0.44523738979184957
Slc39a1,-0.09524397935976162,0.09524397935976162,8.550277193669308e-05
Bach1,-0.0978154853404683,0.0978154853404683,5.460290275589751e-05
Akap11,-0.050976669811614916,0.050976669811614916,0.03580237712774239
Hsd17b7,-0.0762069644975617,0.0762069644975617,0.0016857403946140752
Mrto4,-0.06727036912441614,0.06727036912441614,0.005580543261157663
Eif4enif1,-0.05189069912597592,0.05189069912597592,0.032609878444495984
1810049H13Rik,0.012573817344883347,0.012573817344883347,0.6048349679135518
Commd1,0.1269149359006875,0.1269149359006875,1.570968169659116e-07
Nt5dc1,-0.01998309304193396,0.01998309304193396,0.41083248902338804
Pls3,-0.04956624068763872,0.04956624068763872,0.041249604048781426
Junb,-0.006994048001662621,0.006994048001662621,0.7734817057457615
Dkc1,-0.03074151369703121,0.03074151369703121,0.20573561703614643
Gtf3c6,0.005804755702124326,0.005804755702124326,0.8111984530571174
4933424B01Rik,-0.03705309023594548,0.03705309023594548,0.1271747170320489
Taf4a,-0.054017111978318336,0.054017111978318336,0.02611180587077163
Fbp1,-0.0190212241919056,0.0190212241919056,0.4337238734260759
Arsa,0.02053884424034306,0.02053884424034306,0.39793950004623535
Ddx54,-0.09137771433681804,0.09137771433681804,0.0001643789635208023
Gnptg,-0.02697918105510797,0.02697918105510797,0.2668035985574475
Slc9a3r1,0.01634049807547818,0.01634049807547818,0.5012707551912344
Scamp1,-0.010751474210538198,0.010751474210538198,0.6581569854816293
Hint1,0.01973822677684657,0.01973822677684657,0.41659096892835845
Anp32b,-0.09826920973414013,0.09826920973414013,5.0391240904287525e-05
Tmem183a,-0.016027686996927887,0.016027686996927887,0.5095001119842466
Nup50,-0.014949291300504226,0.014949291300504226,0.5384028591680545
Qrich1,-0.06554342492513843,0.06554342492513843,0.006930674783013697
Stard3,-0.02798724321107428,0.02798724321107428,0.24933706513807855
Med13,-0.04170629446905004,0.04170629446905004,0.0859698386154976
Aqp8,0.048513597438501935,0.048513597438501935,0.045758366505548806
D930014E17Rik,-0.01896982787583996,0.01896982787583996,0.43496743422526274
Cand1,-0.04874803286698934,0.04874803286698934,0.044719843953345925
Tgfbr1,-0.05612026183922121,0.05612026183922121,0.020816761041848816
Ube2g1,0.007126922669889006,0.007126922669889006,0.7692989914387112
Tcea3,0.08755784298674923,0.08755784298674923,0.0003060445467964805
Mesdc2,-0.06104915296407785,0.06104915296407785,0.011915058598702758
Ccdc86,-0.05482056892480365,0.05482056892480365,0.023965460141897963
Ap2a2,-0.025300881271944888,0.025300881271944888,0.29771195881438506
Slk,-0.07339720763363736,0.07339720763363736,0.002490169100352343
Stx17,0.016436366563299987,0.016436366563299987,0.498762827218351
Frmd4b,-0.02998016057281088,0.02998016057281088,0.21719333998167228
Dst,-0.03930361769464081,0.03930361769464081,0.10565099009793637
Ripk1,-0.019637937783277687,0.019637937783277687,0.41896311449891066
Thap4,-0.04597360949133368,0.04597360949133368,0.058369294914929
Slc47a1,-0.031344411091695515,0.031344411091695515,0.1969787445727355
Btbd1,-0.005128191633655127,0.005128191633655127,0.8328579800004676
Zmynd11,-0.045548275083847296,0.045548275083847296,0.06074003569360676
Hnrnpr,-0.0778819060967518,0.0778819060967518,0.0013278817241572918
Sgk3,-0.0668574269457047,0.0668574269457047,0.005879814192755465
Zdhhc3,0.007254212326581335,0.007254212326581335,0.765298364838191
Mpdu1,0.038069815901387236,0.038069815901387236,0.11706253417872034
Wwc2,-0.04695129480873196,0.04695129480873196,0.05320993606804468
Irf2,0.08361129102959758,0.08361129102959758,0.0005672227941911967
Gcn1l1,-0.07685212475318902,0.07685212475318902,0.0015385314304608847
Frrs1,-0.10483620092306711,0.10483620092306711,1.517301355434634e-05
Thnsl2,-0.1006340004235497,0.1006340004235497,3.297989305164503e-05
Thrb,-0.04035074178369863,0.04035074178369863,0.0966739638101086
Ptcd2,-0.0785138206996015,0.0785138206996015,0.001212133948928982
Srsf7,-0.05683046302030425,0.05683046302030425,0.019253405826726015
Slc3a1,0.08090259545813078,0.08090259545813078,0.0008536573820301142
Aacs,-0.12875026158923522,0.12875026158923522,1.0347748302616516e-07
Smcr7l,-0.016067288380723632,0.016067288380723632,0.5084543956120352
Dad1,-0.05755273048088145,0.05755273048088145,0.017769623979654914
Braf,-0.02640894210519211,0.02640894210519211,0.2770480715152934
Copb1,-0.11034978533175,0.11034978533175,5.2373416673679455e-06
Tmx4,-0.03898695213842838,0.03898695213842838,0.10849217736287821
Npc2,0.02860530578495346,0.02860530578495346,0.23903150991776795
Pnpt1,-0.026021980396499653,0.026021980396499653,0.2841505475369499
Carm1,-0.03728638484988345,0.03728638484988345,0.12479637368003445
Rap1gds1,-0.07662138299624854,0.07662138299624854,0.0015897651060265117
1110057K04Rik,0.011432443577043764,0.011432443577043764,0.6380084812284106
Plscr2,0.06723261801362282,0.06723261801362282,0.005607320813744709
Zfp281,-0.016811581254942982,0.016811581254942982,0.4890116024775014
Cfb,-0.1791349963551361,0.1791349963551361,1.0698053275930911e-13
Sema4a,-0.0823354418437908,0.0823354418437908,0.0006886839028616636
Zfp511,-0.03204743985501361,0.03204743985501361,0.18711558751988364
Rae1,-0.028099737733039757,0.028099737733039757,0.24743859800732024
Mdp1,-0.0017159491527326265,0.0017159491527326265,0.943704122657876
Dcun1d5,-0.112006186767227,0.112006186767227,3.766779632676706e-06
AI317395,-0.03226615651168678,0.03226615651168678,0.18412268923014974
Sf3b4,-0.03218017700617007,0.03218017700617007,0.18529497259346608
Atxn10,-0.022211699742915224,0.022211699742915224,0.360626398920608
Fnip1,-0.07542107243156171,0.07542107243156171,0.0018825133618487998
Ccdc109a,-0.03359149472878445,0.03359149472878445,0.16674070590896967
Slc35c2,-0.10279626769697311,0.10279626769697311,2.2200256652287036e-05
Ppp1r10,-0.03324319184527437,0.03324319184527437,0.17118462988832336
Rab4a,-0.028902749695229265,0.028902749695229265,0.2341804328881196
Zyg11b,-0.08494190209061875,0.08494190209061875,0.0004620001116710823
Gdi1,-0.00789918902903277,0.00789918902903277,0.7451252607564848
Tada2b,-0.0810444314093624,0.0810444314093624,0.0008358265477496794
Arl8a,-0.06370390547056373,0.06370390547056373,0.00868479638775808
Mrps25,0.1119748835210112,0.1119748835210112,3.7904786617247243e-06
Snhg1,-0.15642417086475907,0.15642417086475907,9.350105332736039e-11
Ccnl1,-0.0445406440921252,0.0445406440921252,0.06667571282491762
Msl1,-0.06296745193392506,0.06296745193392506,0.009491597994259469
Gapdh,0.07266380805717981,0.07266380805717981,0.0027513738280891447
Rgn,0.09064936251129208,0.09064936251129208,0.00018540512240844488
Exosc4,-0.008154934740773584,0.008154934740773584,0.7371734746660776
Chpf2,-0.05942703297624567,0.05942703297624567,0.014376570948474476
Rc3h1,-0.08439367490705363,0.08439367490705363,0.0005029319007158182
Ralbp1,-0.06951660369578988,0.06951660369578988,0.004180327111844016
Phc2,-0.059853368058474354,0.059853368058474354,0.01368964384599157
Itgav,-0.11441112479007662,0.11441112479007662,2.314970845934371e-06
Mrpl51,-0.016875195940993994,0.016875195940993994,0.4873685925147193
Rbfox2,-0.09130919183501279,0.09130919183501279,0.00016625719608117636
Imp4,0.012137512336076888,0.012137512336076888,0.6174249198744868
Fam122a,0.003335190769328547,0.003335190769328547,0.8908326547948627
Prkab1,-0.05946051741126591,0.05946051741126591,0.014321540962955532
Eef1d,-0.02279502514020639,0.02279502514020639,0.3481486444063995
Cryzl1,0.0013118455254157203,0.0013118455254157203,0.9569468784407141
Fbrs,-0.043311112287183116,0.043311112287183116,0.07455660608827692
Ppp1r2,-0.019199195949008943,0.019199195949008943,0.4294336534736139
Tenc1,-0.06952927329455463,0.06952927329455463,0.0041734259698985796
Tmem33,-0.12055778932119454,0.12055778932119454,6.378691955264256e-07
Ggt6,0.03894028737569752,0.03894028737569752,0.1089159225046344
Pcna,-0.023707268483862023,0.023707268483862023,0.32919214594500884
Zfp874a,0.02362612400290092,0.02362612400290092,0.33085074456829877
Ppp1r16a,-0.022639429963990536,0.022639429963990536,0.3514498150576228
Mapk3,-0.0686362528037624,0.0686362528037624,0.004685954583370464
Phf12,-0.04664513898266712,0.04664513898266712,0.05478297311776271
Gpr89,-0.03200702392033772,0.03200702392033772,0.18767254270841774
Snx13,-0.02958981907520697,0.02958981907520697,0.2232423752292486
Lepr,-0.16321602257645837,0.16321602257645837,1.3602146798899587e-11
Fitm1,0.2701710084303881,0.2701710084303881,9.378817501926542e-30
Snhg4,-0.09136943048729017,0.09136943048729017,0.00016460496301084451
Arhgef19,0.0014968820448270463,0.0014968820448270463,0.9508814085593378
Gpr180,-0.029061600610266608,0.029061600610266608,0.231618437649301
Ppm1f,0.02859505678218435,0.02859505678218435,0.23919991618411798
Svip,0.04604821611874557,0.04604821611874557,0.05796147264901872
Prdm2,-0.04608405618600311,0.04608405618600311,0.05776640295161729
Tnfrsf1b,-0.052906073821583445,0.052906073821583445,0.02935210340372209
Zfp131,-0.09625885661436781,0.09625885661436781,7.172723619799428e-05
2410003K15Rik,-0.030972337237494176,0.030972337237494176,0.202350179879164
Bcat2,0.037911617765609106,0.037911617765609106,0.11859315182538803
Cpsf7,-0.06761122204203787,0.06761122204203787,0.005343939806761896
Fam149a,-0.004882957053233359,0.004882957053233359,0.8407412550949099
Phax,0.03442417379434008,0.03442417379434008,0.15646860193422385
Rgp1,-0.05264562939482623,0.05264562939482623,0.030159850413850418
Tor1b,-0.12737319919639675,0.12737319919639675,1.4162174745099878e-07
Tnks2,-0.07541610868430627,0.07541610868430627,0.0018838205667410233
Slco2b1,-0.004966367611223271,0.004966367611223271,0.8380581185627445
Phldb2,-0.008586515315984086,0.008586515315984086,0.72381846069802
Klhdc10,-0.060423039440707774,0.060423039440707774,0.01281705033866122
Kdm1a,-0.030209183275230207,0.030209183275230207,0.21369953108105427
Mtor,-0.07666395534515835,0.07666395534515835,0.0015801958970693003
2310061I04Rik,-0.04927982316100603,0.04927982316100603,0.04243752002023458
1810063B05Rik,0.05607842036345335,0.05607842036345335,0.02091222016405784
Taf11,-0.03461540579384903,0.03461540579384903,0.15417869416580315
Rnaset2b,0.03888154384538255,0.03888154384538255,0.10945120869690012
Shoc2,-0.030681910197518952,0.030681910197518952,0.20661644986942523
Sdccag3,-0.04209136631257264,0.04209136631257264,0.0831101520674172
Vprbp,-0.03182392286771375,0.03182392286771375,0.1902111027918772
Orai3,-0.01870284624059284,0.01870284624059284,0.44146019027235134
Atp5e,0.13235787445930686,0.13235787445930686,4.477621983702364e-08
Amdhd2,-0.006682184947784817,0.006682184947784817,0.7833243837189529
Rhpn2,-0.032644629031516784,0.032644629031516784,0.17902761010092758
Nr2c2ap,-0.012801041796260884,0.012801041796260884,0.5983240980898269
BC089597,0.000974281584619637,0.000974281584619637,0.9680183456559058
Cyp4a31,-0.11017592508620522,0.11017592508620522,5.420237496605146e-06
Pa2g4,-0.057399555704233135,0.057399555704233135,0.01807565266523159
Tmem203,-0.015624746586184932,0.015624746586184932,0.5202038002469542
Creld1,-0.09437193462092741,0.09437193462092741,9.92991549107467e-05
Mtmr14,0.019569644729884525,0.019569644729884525,0.4205829912595074
Cops7a,-0.05588717651628286,0.05588717651628286,0.021353401290977708
Serpina12,0.27174283766635055,0.27174283766635055,4.28065070420769e-30
Decr2,0.10036236920127932,0.10036236920127932,3.464197476861872e-05
Slc17a8,-0.05043798374207916,0.05043798374207916,0.037805819872916445
Pip4k2c,-0.03429427438466848,0.03429427438466848,0.1580387197768556
Zkscan3,-0.008378629193142213,0.008378629193142213,0.7302411838326093
Ttc14,-0.045749638014105004,0.045749638014105004,0.059607919442332
Cp,-0.15484466261108026,0.15484466261108026,1.4466838114004697e-10
Rybp,-0.02236214935841577,0.02236214935841577,0.3573816460353854
Pdk1,-0.02285406559210786,0.02285406559210786,0.34690118920328544
Spg20,-0.03545841317061638,0.03545841317061638,0.14438650970638567
Myc,-0.12492216787733712,0.12492216787733712,2.455746227705256e-07
Chmp1b,-0.0034354629875736013,0.0034354629875736013,0.8875720192949165
Arid4a,0.0068777833015673025,0.0068777833015673025,0.7771469643793302
Mri1,0.021524196813189116,0.021524196813189116,0.375687712054631
B4galt3,-0.03730471659417308,0.03730471659417308,0.12461096739835413
Cnih4,0.02972037472442198,0.02972037472442198,0.22120592300713832
Hsd17b10,0.1643981812495809,0.1643981812495809,9.642856251345906e-12
Trak2,-0.07679554118143812,0.07679554118143812,0.00155095263288688
Sash1,-0.05149611083211818,0.05149611083211818,0.0339569021686393
Nt5e,-0.10513354174090322,0.10513354174090322,1.4345850163682133e-05
Mpv17,-0.021739136258686606,0.021739136258686606,0.3709378061613664
Zfhx3,-0.0510405473651028,0.0510405473651028,0.03557091957300217
Cdk12,-0.057360692355802115,0.057360692355802115,0.01815402763331314
Polr2k,-0.04944335892497518,0.04944335892497518,0.04175576400632872
Setd6,-0.06069408159173958,0.06069408159173958,0.012419423310958431
Mrps35,-0.006021636784723641,0.006021636784723641,0.8042848277758529
Parp10,-0.047054938465839455,0.047054938465839455,0.05268602802747707
Rbm8a,0.049231780309614975,0.049231780309614975,0.04263958223196442
Tnrc18,-0.049656165198383,0.049656165198383,0.0408824964364535
Vamp7,0.05285279303373202,0.05285279303373202,0.02951581946838079
Commd5,0.0028801195269608417,0.0028801195269608417,0.9056529723366328
Dync1li2,-0.001885530050403806,0.001885530050403806,0.9381512549529614
Ipo8,-0.09271159688008972,0.09271159688008972,0.0001315601541704159
Fah,0.14277135432430837,0.14277135432430837,3.513096701408855e-09
Hspa4l,-0.05462663073706394,0.05462663073706394,0.0244690395548022
Prrc1,-0.05218028392153416,0.05218028392153416,0.03165063987990023
Tfpt,-0.017875745284915888,0.017875745284915888,0.46192286722820913
Lsm14a,-0.0444032167095086,0.0444032167095086,0.06752106079763565
Tdrd7,-0.004754615192553204,0.004754615192553204,0.8448733361224625
Wdr26,-0.09527638723514513,0.09527638723514513,8.502670002747821e-05
Lasp1,-0.010620357171302986,0.010620357171302986,0.6620657051346103
Golim4,-0.03559683228394579,0.03559683228394579,0.14282522098511571
Wdr36,-0.061656199789026526,0.061656199789026526,0.011094692085075587
Prps1,-0.0447710833302747,0.0447710833302747,0.06527778102717921
Klf13,-0.0650123589995943,0.0650123589995943,0.007401183771395607
Dcaf7,-0.032818394114194,0.032818394114194,0.17672374955052447
Chpt1,0.0968208403569158,0.0968208403569158,6.503030570357804e-05
Zfyve19,-0.04023184294812121,0.04023184294812121,0.09766154363760271
Pdxdc1,-0.019477531244779647,0.019477531244779647,0.4227736869443144
Cyp2c40,-0.37597179969521943,0.37597179969521943,4.476802678879343e-58
Spsb3,-0.0491343280709501,0.0491343280709501,0.04305195153888546
Nol11,-0.031154838873887272,0.031154838873887272,0.19970232060479484
Rrp15,-0.02798645831822981,0.02798645831822981,0.2493503466912881
Ccdc56,0.036902927989144796,0.036902927989144796,0.1287241032631048
Pole3,-0.004038839332682649,0.004038839332682649,0.8679935546892664
Celf1,-0.07257738045349194,0.07257738045349194,0.0027837491686351764
Slc39a11,-0.043736322088727006,0.043736322088727006,0.07174928358675808
Rnf19a,-0.018238790989108564,0.018238790989108564,0.4528765442650061
Ralgapa2,-0.10072076069247646,0.10072076069247646,3.246516273596926e-05
Dnajb6,0.02867926329108962,0.02867926329108962,0.2378187558702955
Dut,0.04956198908485011,0.04956198908485011,0.04126702962883571
Capza1,-0.06704435324920202,0.06704435324920202,0.005742597330329719
Asb13,-0.04810837062412017,0.04810837062412017,0.04760134025717351
Larp7,-0.01883454574422295,0.01883454574422295,0.4382504684685182
Ptov1,-0.03591078732456339,0.03591078732456339,0.13933199925321793
Srpk1,-0.0482505311112211,0.0482505311112211,0.0469478173950734
Tpr,-0.03878814684739853,0.03878814684739853,0.11030654200902573
Xylt2,-0.06446078349411213,0.06446078349411213,0.007919978661647164
Ss18,-0.08311291801934176,0.08311291801934176,0.0006120782239422734
Psmg3,-0.02228865962464812,0.02228865962464812,0.35896430105499155
Agpat5,-0.09910627740768234,0.09910627740768234,4.341604405594553e-05
Clp1,-0.03784736464327746,0.03784736464327746,0.11921928054807959
Tgs1,-0.03507711350902369,0.03507711350902369,0.14875494149008203
Cyb5r4,0.0007497217914886668,0.0007497217914886668,0.9753870328984554
Pdlim7,-0.08877629258900138,0.08877629258900138,0.0002516592802820636
Ddx10,-0.04635328750660091,0.04635328750660091,0.05631840053700936
Wdr1,-0.027853630630838608,0.027853630630838608,0.2516051082217534
Spns1,-0.09610569488649277,0.09610569488649277,7.366242856925291e-05
Tmem110,-0.048932893903168295,0.048932893903168295,0.04391500248592833
Ash1l,-0.03460169637146112,0.03460169637146112,0.15434200625478142
Pde3b,-0.09955235430927846,0.09955235430927846,4.0083118166312776e-05
Bap1,-0.015213794508907887,0.015213794508907887,0.5312383969645437
Minpp1,-0.08069814263253927,0.08069814263253927,0.0008799809215516327
Mapre1,-0.05241884829298947,0.05241884829298947,0.030878665488211013
Acot4,-0.08375844558674354,0.08375844558674354,0.0005545751472113914
Tmem50a,-0.037350787581644916,0.037350787581644916,0.1241459554259924
Xpo1,-0.06134825853707952,0.06134825853707952,0.01150436027539763
Ppp2r3c,-0.05000051853600501,0.05000051853600501,0.0395021834614832
Fbl,-0.008668330797533944,0.008668330797533944,0.7212960284288465
Acsm5,-0.07724743138355653,0.07724743138355653,0.0014542755264772636
Wdr18,-0.004386858445899172,0.004386858445899172,0.8567368511362867
Dtnbp1,-0.052295575372626954,0.052295575372626954,0.03127552578032062
Bcap29,-0.06814967186726664,0.06814967186726664,0.0049885731615178465
Rbbp6,-0.040839628227366545,0.040839628227366545,0.0926968423285733
Twistnb,-0.06265977936786646,0.06265977936786646,0.009847986465114117
Glce,-0.06809922334335314,0.06809922334335314,0.005020937760077565
2010012O05Rik,0.05495278437777213,0.05495278437777213,0.023627319719417065
Bdp1,-0.04790519535327428,0.04790519535327428,0.048548603823759154
Fam98c,-0.016841074585338636,0.016841074585338636,0.4882494922540656
Slc46a3,0.0032951887441536615,0.0032951887441536615,0.8921339521052946
Mrpl24,-0.021883081695108192,0.021883081695108192,0.3677777016899855
Tspan14,-0.024532089750930262,0.024532089750930262,0.3126388638230649
Ahsa1,-0.07391435443989006,0.07391435443989006,0.0023198327262049147
Lrfn3,0.033309988324372784,0.033309988324372784,0.17032559100389436
Hdac3,0.030596225235265857,0.030596225235265857,0.20788750806272718
Rnf181,0.0693428999231187,0.0693428999231187,0.004275992430945909
Gale,-0.0037904273362397364,0.0037904273362397364,0.8760449839957241
Palmd,0.0038832233972415746,0.0038832233972415746,0.8730357695121763
Phkg2,-0.03942265364203201,0.03942265364203201,0.10459835132921029
Snapc5,0.03187151724938643,0.03187151724938643,0.1895488245253991
Abhd14a,-0.028467065484944987,0.028467065484944987,0.2413100467852654
Socs2,-0.09693838203609267,0.09693838203609267,6.370647702346298e-05
Map3k2,-0.05427895691606072,0.05427895691606072,0.02539476483812771
2810055F11Rik,-0.015225997417070182,0.015225997417070182,0.5309090325675576
Kcnq1ot1,-0.0906703178544229,0.0906703178544229,0.00018476641141337773
Scpep1,-0.07720267855582841,0.07720267855582841,0.0014635962345333111
Tubg1,-0.013572993254111161,0.013572993254111161,0.5764458761893794
Iws1,0.00871190649926349,0.00871190649926349,0.7199537902180891
Cnot6l,0.005174036433784623,0.005174036433784623,0.8313860958350814
Ext1,-0.051340608715327515,0.051340608715327515,0.0345006541153653
Gas5,0.010709060123142327,0.010709060123142327,0.6594203738452575
Dnajb2,0.011168269385505396,0.011168269385505396,0.6457942310390137
Chtf8,-0.03832505371824645,0.03832505371824645,0.11462574904817632
Rbm33,-0.06337671585300123,0.06337671585300123,0.009035359099657296
Whsc1l1,-0.014037872867515518,0.014037872867515518,0.5634550506452852
Srsf4,-0.018806615171500656,0.018806615171500656,0.4389300576894248
Klc1,-0.05147212669146937,0.05147212669146937,0.034040288211329574
Znrd1,-0.002880740599340216,0.002880740599340216,0.9056327222683155
1110004E09Rik,0.00865715975798709,0.00865715975798709,0.7216402621264829
Rapgef6,-0.06991000495455386,0.06991000495455386,0.003970798985851627
1810008I18Rik,0.07066142115080978,0.07066142115080978,0.003596866899577116
Itch,-0.012182870633746557,0.012182870633746557,0.6161107367698068
Crp,-0.0909717887983044,0.0909717887983044,0.0001758034228326082
Med17,-0.0104789128668689,0.0104789128668689,0.6662926267284143
Pelo,-0.08831489931946482,0.08831489931946482,0.0002710903040758811
Pofut2,-0.04122630098619921,0.04122630098619921,0.0896450966527259
Ube2w,-0.006511322289035139,0.006511322289035139,0.7887318009423728
Rbbp4,-0.010026291055137184,0.010026291055137184,0.679889530342803
H2-Q10,0.036874047660593025,0.036874047660593025,0.12902376622815162
0610007C21Rik,-0.0910548638649783,0.0910548638649783,0.0001734062919931201
Ypel2,0.09559297105772133,0.09559297105772133,8.050587972639735e-05
Nudt6,0.06457390353015438,0.06457390353015438,0.007811002836480998
Sco1,0.01897475439451655,0.01897475439451655,0.4348481454890018
Hrg,0.04186021637153488,0.04186021637153488,0.08481736967065812
4931408D14Rik,-0.08383810312790856,0.08383810312790856,0.0005478387143453904
Rpl32,-0.03340358586019983,0.03340358586019983,0.169127311251343
Psmg2,-0.07466857574096547,0.07466857574096547,0.0020904678424637367
Scrn2,-0.009618435454179258,0.009618435454179258,0.6922315303884611
Pla1a,-0.009864021573842722,0.009864021573842722,0.6847898864155715
Rai12,-0.011558065589101267,0.011558065589101267,0.6343200258028786
Cnot2,0.06314966762640417,0.06314966762640417,0.009285991445537857
Gzf1,-0.01914814359574251,0.01914814359574251,0.430661804075571
Lamp2,-0.09054779402635577,0.09054779402635577,0.00018853038260138518
Jagn1,-0.09811489095347929,0.09811489095347929,5.1787915233892665e-05
Rhot1,-0.0004421669613273137,0.0004421669613273137,0.9854823936403837
Ugt2b35,-0.22421173417178708,0.22421173417178708,9.09985218797904e-21
Arpc4,0.019154156151982564,0.019154156151982564,0.43051705617905117
Fh1,0.10515323177659625,0.10515323177659625,1.429261972141726e-05
Sec61a1,-0.1552670125905874,0.1552670125905874,1.2878842303926376e-10
Crbn,-0.046749239226424606,0.046749239226424606,0.05424381105793362
Osbpl11,-0.05364451291721658,0.05364451291721658,0.027162247175469896
Dym,-0.08371580732915754,0.08371580732915754,0.0005582125512767571
Prmt7,-0.062092481727583144,0.062092481727583144,0.010536458903665828
Ccdc59,0.009649411179050786,0.009649411179050786,0.6912912616028732
Ei24,0.002164223000845707,0.002164223000845707,0.929032199632564
Dyrk1a,-0.04567472132498794,0.04567472132498794,0.06002706098060201
Rbpms2,-0.029191608831268406,0.029191608831268406,0.22953647397983282
Bckdk,-0.03048395350869222,0.03048395350869222,0.20956151879761342
Tcp11l2,0.029540857075695072,0.029540857075695072,0.22400954627154654
Slc22a27,-0.18944240664743828,0.18944240664743828,3.6235666759346736e-15
Cdk11b,-0.00548105074901158,0.00548105074901158,0.8215446202945996
Mpv17l2,-0.041152919352976006,0.041152919352976006,0.0902179503748865
Adrbk1,-0.06435418126546676,0.06435418126546676,0.008023918570380918
Mark2,-0.04056915481405737,0.04056915481405737,0.09488062250282847
Eif4a3,0.003641468697053618,0.003641468697053618,0.880879180827953
B4galt5,-0.17806626449933954,0.17806626449933954,1.5026875846995356e-13
Otud4,-0.06648672419810041,0.06648672419810041,0.0061607021770124755
Tbcc,0.059598599531358695,0.059598599531358695,0.014096566343195402
Ddx39,-0.027615941185558275,0.027615941185558275,0.255675286315104
Nudt18,0.004222145080810574,0.004222145080810574,0.8620610337499347
Cr1l,-0.014115687163737678,0.014115687163737678,0.5612944240958726
Tm7sf3,-0.07724739223084176,0.07724739223084176,0.0014542836569024036
Cldn2,-0.04029030429878416,0.04029030429878416,0.09717495867238424
Ndufv1,-0.008564277124715206,0.008564277124715206,0.7245046003407102
Nudt16l1,0.06068614107518869,0.06068614107518869,0.012430915269501717
Mdn1,-0.05329175107264189,0.05329175107264189,0.028190142514168588
Stap2,-0.036490276896877796,0.036490276896877796,0.13305737031897358
Pcmtd2,-0.023242771312037665,0.023242771312037665,0.3387593870976405
Arfip1,-0.06398552351778103,0.06398552351778103,0.008392840769916171
Atf6,-0.06808845953170585,0.06808845953170585,0.005027867648858633
Lmf2,-0.08948604621406592,0.08948604621406592,0.00022429935331756527
Gm3219,0.02820356494273269,0.02820356494273269,0.24569539514168307
Spty2d1,-0.062179339374188694,0.062179339374188694,0.010428349937924694
Grwd1,-0.058052840564466995,0.058052840564466995,0.016801809831433666
Atg5,0.030412132599417996,0.030412132599417996,0.21063749603027995
Rbms2,-0.005726277848382096,0.005726277848382096,0.8137037901029472
Casd1,-0.07294424682734424,0.07294424682734424,0.0026486752621706425
Med19,0.004770956298444854,0.004770956298444854,0.8443469801359182
Dapk2,-0.07059082499274007,0.07059082499274007,0.00363058430064937
Nab1,-0.12482585055094776,0.12482585055094776,2.508913162288942e-07
Nup210,-0.05072139549466244,0.05072139549466244,0.03674020690708093
Stag1,-0.060924545207064376,0.060924545207064376,0.012089953738309435
Plxna2,-0.05362659844452007,0.05362659844452007,0.027213657385531536
Il6st,0.0007447587008205612,0.0007447587008205612,0.9755499173868377
Serpinc1,-0.11104184752336442,0.11104184752336442,4.566155522417104e-06
Ppap2c,-0.13553217801831732,0.13553217801831732,2.102919668013712e-08
Bcl7b,-0.000753942244780606,0.000753942244780606,0.9752485219547178
Icmt,-0.02346765924259707,0.02346765924259707,0.3341053202215057
Ptrh2,-0.031748206739744135,0.031748206739744135,0.19126820319758206
Prpf31,0.014751099434356344,0.014751099434356344,0.5438027355057283
Isoc2b,0.007008610677111168,0.007008610677111168,0.7730229692287753
Gxylt1,-0.024477665099059177,0.024477665099059177,0.3137139283037511
Gcsh,-0.028687215619626505,0.028687215619626505,0.2376886126897091
Chid1,-0.04593745711001334,0.04593745711001334,0.05856776968926847
Cdk8,-0.059042279564857095,0.059042279564857095,0.015022391547065198
Srrt,-0.05471974104300885,0.05471974104300885,0.024226137509440887
Xrcc6,-0.048992109991717596,0.048992109991717596,0.04365978762390456
Manea,-0.045953325658599234,0.045953325658599234,0.05848058329788056
Mup12,0.3639221299959574,0.3639221299959574,2.915630515090113e-54
Mrpl50,0.03226602083159635,0.03226602083159635,0.18412453482152757
Ado,-0.01992175049354313,0.01992175049354313,0.4122706201168829
Cstf1,0.0049768114888226744,0.0049768114888226744,0.8377222935126523
Gm4788,-0.06105708716937851,0.06105708716937851,0.011903998705418155
Nisch,-0.055155994420035055,0.055155994420035055,0.02311567558929166
Nelf,-0.0862648806381155,0.0862648806381155,0.00037566055043620675
Nras,-0.04525467249716751,0.04525467249716751,0.06242259773395788
Scrn3,-0.026573267954601305,0.026573267954601305,0.27406883141228033
C8b,-0.019479923025814416,0.019479923025814416,0.4227167199313794
Actn1,-0.10630538341745838,0.10630538341745838,1.1485500248492057e-05
Uros,-0.014012140007182844,0.014012140007182844,0.5641704411194958
Fbxo4,0.01819431176748522,0.01819431176748522,0.45397946984001253
Sp1,-0.0533324283670654,0.0533324283670654,0.0280699314964245
Pcbp2,-0.03725965346902786,0.03725965346902786,0.12506711854599434
Dcaf5,-0.09219949139578021,0.09219949139578021,0.00014335369428333745
Pdrg1,0.06316223749315569,0.06316223749315569,0.009271955503615648
A330069E16Rik,-0.06016772815711531,0.06016772815711531,0.0132018515068736
Ftsj1,-0.014888831113840942,0.014888831113840942,0.5400472867802809
Pdilt,-0.05125116755774393,0.05125116755774393,0.034816761268449056
Diablo,-0.02523362733314117,0.02523362733314117,0.2989984487995849
Cdadc1,-0.042671969458432546,0.042671969458432546,0.0789444312773625
Tnrc6b,-0.1157182598027755,0.1157182598027755,1.7694584732235318e-06
Pxn,-0.05481430274776311,0.05481430274776311,0.02398158940879297
Gng12,-0.07829064650701759,0.07829064650701759,0.0012519048810529444
Rras2,-0.028469276919137303,0.028469276919137303,0.24127347713101752
Fubp3,-0.05674150668094038,0.05674150668094038,0.01944343411204997
Uchl5,-0.02729801659314878,0.02729801659314878,0.26119054240974415
Zzz3,-0.01345438897192655,0.01345438897192655,0.579782672415269
Snrk,-0.08282273772619364,0.08282273772619364,0.0006396926551062359
Acd,-0.04233417403458398,0.04233417403458398,0.0813468985943004
Itih1,-0.13726997737393742,0.13726997737393742,1.3800726733963931e-08
Sms,-0.019331472619845483,0.019331472619845483,0.4262609908638815
Pskh1,-0.016712028404551025,0.016712028404551025,0.4915887780806771
Stxbp2,-0.01951549644137575,0.01951549644137575,0.4218699690855268
Jmjd8,-0.03832087063650332,0.03832087063650332,0.11466536146190613
Gabarapl1,0.1079447700261411,0.1079447700261411,8.38215707165316e-06
Faf2,-0.02842751781324173,0.02842751781324173,0.24196469011689872
Hipk3,-0.05395734407351806,0.05395734407351806,0.026277905075950996
Man1b1,-0.05178694636165593,0.05178694636165593,0.03295955668717325
Itgb1,-0.11063819449246176,0.11063819449246176,4.946894615697958e-06
Ccdc32,-0.027534833661927716,0.027534833661927716,0.25707457047769605
Pex11a,-0.0074234475460783775,0.0074234475460783775,0.7599891072321702
Spsb2,0.029508070284688853,0.029508070284688853,0.2245243244427128
D16H22S680E,-0.019209126281281477,0.019209126281281477,0.4291949990069728
Gjb1,-0.08949937723159064,0.08949937723159064,0.00022381321765047062
Cyp4v3,-0.04024278945888496,0.04024278945888496,0.0975702860116627
Rras,-0.03180598587489215,0.03180598587489215,0.19046113824300004
Myo1b,-0.009622529210739188,0.009622529210739188,0.6921072371015565
Tgds,0.015348006273887601,0.015348006273887601,0.5276216363317171
Rfwd3,-0.044492916296749715,0.044492916296749715,0.06696830527612475
Stat5a,0.003479364076984997,0.003479364076984997,0.8861450457048774
Lars2,-0.014451281376689905,0.014451281376689905,0.5520223186155482
Pldn,0.013848069854501977,0.013848069854501977,0.5687419446862119
Fkbp15,-0.05324951045453351,0.05324951045453351,0.02831544239174004
Lman2,-0.112415799535623,0.112415799535623,3.46945581635187e-06
Fam20b,-0.04092622755950081,0.04092622755950081,0.09200622975797622
C80913,-0.046489612125717304,0.046489612125717304,0.055596799992810315
Ccnf,-0.006207792966119108,0.006207792966119108,0.7983627868879994
Gsta2,0.021168418558005667,0.021168418558005667,0.3836320146393934
Paxip1,-0.04137045069306377,0.04137045069306377,0.08852831305573375
Eaf1,-0.10046774703678675,0.10046774703678675,3.398795741089562e-05
Amfr,-0.13061468792912606,0.13061468792912606,6.730656575882203e-08
Stt3b,-0.14961680236501695,0.14961680236501695,5.942936115436016e-10
Fam63a,-0.15463888448658636,0.15463888448658636,1.530828984801006e-10
Lgals3bp,-0.12213555406840026,0.12213555406840026,4.534280504762018e-07
Map3k4,-0.03137298590152454,0.03137298590152454,0.19657057937880823
Arfgap2,-0.08582993842496933,0.08582993842496933,0.0004022265703132652
Ube3a,-0.11380401971179469,0.11380401971179469,2.620115473486716e-06
Gfm1,-0.014166719290405957,0.014166719290405957,0.5598796210006141
Plekha3,-0.06841131303167697,0.06841131303167697,0.004823724730766697
Csda,-0.1998259606910665,0.1998259606910665,9.799667953320103e-17
4933421E11Rik,0.035855465632283534,0.035855465632283534,0.1399427200553123
Sepx1,0.14111813458968078,0.14111813458968078,5.329422263890193e-09
0610031J06Rik,-0.0868344390651593,0.0868344390651593,0.00034334629018965677
Mepce,-0.042384582866492035,0.042384582866492035,0.08098466252563694
Slc30a9,-0.0405518319140068,0.0405518319140068,0.09502187771757382
Prr14,-0.012578463575828095,0.012578463575828095,0.6047015177651248
Angel2,-0.016131371285238325,0.016131371285238325,0.5067646037445774
Hipk1,-0.06861962222456824,0.06861962222456824,0.0046960172286810995
Ube2m,-0.11523041647720009,0.11523041647720009,1.9567904571081204e-06
Ivns1abp,-0.03353085430731579,0.03353085430731579,0.16750811169787294
Dnajc5,-0.0019150880184959128,0.0019150880184959128,0.9371836893393682
Banf1,-0.044996859703065155,0.044996859703065155,0.06393164621357078
Osbpl2,0.005499202938882935,0.005499202938882935,0.8209636055679825
Tceb2,0.06869253145989143,0.06869253145989143,0.004652046632527737
Rnd3,0.006044034689237831,0.006044034689237831,0.8035716993267347
Rtn4ip1,-0.029604429977719917,0.029604429977719917,0.2230138056030418
Ceacam1,0.053261777037763754,0.053261777037763754,0.0282790062780234
Wdr81,-0.03345773516436994,0.03345773516436994,0.1684369573931342
Grlf1,-0.0353558296223271,0.0353558296223271,0.14555200111149622
Drap1,-0.04838757651007993,0.04838757651007993,0.04632496508486329
Sat1,0.046969383421043204,0.046969383421043204,0.05311818802659746
Fastkd2,-0.0831812092716128,0.0831812092716128,0.0006057425656120242
Sbf1,-0.040263518265143794,0.040263518265143794,0.0973976630211493
Ubp1,-0.067230001163323,0.067230001163323,0.005609181279021705
Akt1,-0.08161473564607254,0.08161473564607254,0.0007675589880564853
Dhdh,0.046592535420270004,0.046592535420270004,0.0550571142886278
Ogfr,-0.07111819741598192,0.07111819741598192,0.0033854963455280393
Zfp935,0.007116367367656465,0.007116367367656465,0.7696310146707986
Fcgrt,-0.1162002836319574,0.1162002836319574,1.6013447073162835e-06
Nol6,-0.036903143027897684,0.036903143027897684,0.128721874044352
Dnajc12,-0.08618165600547567,0.08618165600547567,0.0003806135408890004
Zfp598,-0.08647288201037118,0.08647288201037118,0.00036354363858895144
Dnm2,-0.03859627110474662,0.03859627110474662,0.11208029398944402
Nudt3,-0.03297255974409806,0.03297255974409806,0.1746982914571844
Eif3l,-0.07118030696578578,0.07118030696578578,0.00335764516101246
Abca3,-0.1296554257220671,0.1296554257220671,8.404041251124843e-08
Tmem41a,-0.09633069471974925,0.09633069471974925,7.083621057397086e-05
Itm2c,0.024191073773146447,0.024191073773146447,0.319415089874536
Ccnd3,-0.02213835437949666,0.02213835437949666,0.362214916933253
Gstp1,-0.04435988876472667,0.04435988876472667,0.06778940078895922
Foxk2,-0.011417256967276398,0.011417256967276398,0.6384549930490957
Nedd4l,-0.04584939371134725,0.04584939371134725,0.059053577745024906
Nav2,0.016183350963075178,0.016183350963075178,0.5053961292822711
Lsm5,0.045216266113880174,0.045216266113880174,0.06264551703420083
Afmid,0.13503946409455453,0.13503946409455453,2.3673871572783875e-08
Gnai2,-0.06403428203012723,0.06403428203012723,0.008343192837096877
Stra13,0.057655340956541234,0.057655340956541234,0.017567163973005038
Colec12,-0.00836812472657187,0.00836812472657187,0.7305662300896565
Klhl12,-0.011255955480403024,0.011255955480403024,0.6432055873970921
C730027H18Rik,-0.0479389517537345,0.0479389517537345,0.048390134555670816
Cetn2,0.06185011001502676,0.06185011001502676,0.010843417269763175
Mrpl40,0.027167258208651738,0.027167258208651738,0.26348257932390284
Acy3,0.015483354674883293,0.015483354674883293,0.5239869925400052
Mff,-0.016174382167438335,0.016174382167438335,0.5056321128263676
Rraga,-0.0006041321210708203,0.0006041321210708203,0.9801655618989829
B3galt1,0.003961749109383015,0.003961749109383015,0.870490748650629
Tns1,-0.0909215306799171,0.0909215306799171,0.00017726869956374717
Dhx40,-0.036514692756455774,0.036514692756455774,0.13279787741737822
Tgfbr2,-0.028254376107701158,0.028254376107701158,0.24484544612367068
Pitrm1,0.0004088938542956347,0.0004088938542956347,0.9865747377341887
Aven,-0.055627482699729155,0.055627482699729155,0.02196544244225099
Vps26b,-0.06019594303419086,0.06019594303419086,0.013158830673533949
Larp4b,-0.04399695383322108,0.04399695383322108,0.07007172720380157
Trip10,-0.05535374200182268,0.05535374200182268,0.022627041495917138
Heatr1,0.02074163696936395,0.02074163696936395,0.393296206104513
Sec13,-0.004785125059974197,0.004785125059974197,0.8438906527438024
Vps13a,-0.06713489543100105,0.06713489543100105,0.005677176003449227
1700066M21Rik,-0.04310090301250524,0.04310090301250524,0.07597721551244851
Caprin1,-0.010813365150352774,0.010813365150352774,0.6563151895479824
Ino80d,-0.0005441213785433701,0.0005441213785433701,0.982135444999224
Ap1s1,-0.017062366921166895,0.017062366921166895,0.4825517479503719
Mrpl44,-0.0353903700221755,0.0353903700221755,0.1451587732707825
5031439G07Rik,-0.030725062051147542,0.030725062051147542,0.20597847003829026
1110008P14Rik,-0.039507230724121295,0.039507230724121295,0.1038555025325554
Bcas3,-0.03796455654821215,0.03796455654821215,0.11807921627187534
6430527G18Rik,-0.0520463959954047,0.0520463959954047,0.03209109129778967
Pts,0.08956714104528216,0.08956714104528216,0.0002213573489662788
Aldh5a1,-0.013862376503207697,0.013862376503207697,0.5683426141362417
Phb2,-0.06752117494004899,0.06752117494004899,0.005405550003030453
Ahctf1,-0.07351405911312989,0.07351405911312989,0.002450710606543796
Ppp1ca,-0.009651988475739962,0.009651988475739962,0.6912130491148586
Efhd2,0.007573639102693935,0.007573639102693935,0.755286723973443
Gtpbp6,-0.030111740421169614,0.030111740421169614,0.21518106668931128
Dpyd,0.0072847990168975005,0.0072847990168975005,0.7643379731130389
Irgm2,-0.023171472246453502,0.023171472246453502,0.34024356279683626
Tecr,-0.024669732775559162,0.024669732775559162,0.30993079701104803
Ndufs4,0.09266553872932054,0.09266553872932054,0.00013258225549472264
Snapin,0.0019154498955858941,0.0019154498955858941,0.937171844041314
1500011K16Rik,-0.09805012163600002,0.09805012163600002,5.238496808231225e-05
Ufsp2,-0.050747276366717164,0.050747276366717164,0.03664418263733504
Shmt2,-0.11087213171033597,0.11087213171033597,4.722689194085706e-06
AI314976,0.025303409763427348,0.025303409763427348,0.2976636638910853
Pdia5,-0.029820556361499367,0.029820556361499367,0.21965230077981304
Arl3,0.024426418938640525,0.024426418938640525,0.3147284261444796
Tmem161a,-0.043261291792282434,0.043261291792282434,0.07489132085240606
Tug1,-0.09812127606261073,0.09812127606261073,5.1729406562741954e-05
Cdkn2c,-0.07621093023807496,0.07621093023807496,0.0016847972614589845
Mdfic,-0.04480439917938804,0.04480439917938804,0.06507768700966145
Acox2,-0.04010986912910401,0.04010986912910401,0.09868301801227383
Pex11c,0.0136505546129281,0.0136505546129281,0.5742686818399589
Coq4,0.0015099643791630212,0.0015099643791630212,0.9504526750269924
9930021J03Rik,-0.014344688687628088,0.014344688687628088,0.554959200639801
Actr1a,-0.06545328891718787,0.06545328891718787,0.0070085908001666685
Bet1,-0.042185393275166315,0.042185393275166315,0.08242369852320691
Osbpl8,-0.051287530096837966,0.051287530096837966,0.034687950211560264
Ap1g1,-0.05956671245532528,0.05956671245532528,0.014148240809483336
Crtc2,-0.008511761364032332,0.008511761364032332,0.7261258044009434
Tcn2,-0.09819569348939863,0.09819569348939863,5.1052096810100076e-05
Cblb,-0.011651127090423178,0.011651127090423178,0.6315934291865706
Ilkap,-0.06830065996963373,0.06830065996963373,0.0048928318041114305
Cst3,0.14272703635124318,0.14272703635124318,3.5527867024296374e-09
Sec31a,-0.12491205067908052,0.12491205067908052,2.461279370193159e-07
Ssrp1,-0.07305738275680368,0.07305738275680368,0.0026082444633872097
Pes1,-0.08147203752062059,0.08147203752062059,0.0007841376699455623
Zcchc24,-0.06067597115364763,0.06067597115364763,0.012445647489632158
Clint1,-0.013512046056323952,0.013512046056323952,0.5781594256579475
4732418C07Rik,-0.02696210598676651,0.02696210598676651,0.2671065240506147
D19Ertd737e,0.055502745893039385,0.055502745893039385,0.022264801986375295
Zdhhc6,-0.0999635261414677,0.0999635261414677,3.722711350522208e-05
Cln8,-0.03061617465892731,0.03061617465892731,0.2075910717871754
Dtwd1,0.031528695496528494,0.031528695496528494,0.19435728078337922
Hmgn1,0.06508149232494147,0.06508149232494147,0.007338354745028872
Tsfm,-0.009887472970953751,0.009887472970953751,0.6840808546595765
Mob3c,-0.03162045557432648,0.03162045557432648,0.1930615642931351
Igf2r,-0.07028499846750183,0.07028499846750183,0.0037799916418759117
Ndel1,-0.015241280340088665,0.015241280340088665,0.53049668263542
Mccc2,0.0674157065958017,0.0674157065958017,0.00547852564294505
Wipi1,-0.006210946049627279,0.006210946049627279,0.7982625790271455
Cryz,0.11643882127099363,0.11643882127099363,1.523933400728691e-06
Cep164,-0.036852238351317845,0.036852238351317845,0.12925041874781207
Cinp,0.02625951315372174,0.02625951315372174,0.2797763031944254
Rpl30,0.061229440164135146,0.061229440164135146,0.011665981198836725
Zbtb7a,-0.05756292839701351,0.05756292839701351,0.017749411523850518
Hcfc1r1,0.1357557953391893,0.1357557953391893,1.9925676310091547e-08
H2afj,-0.015270531812608335,0.015270531812608335,0.5297078993071289
Frat1,-0.01961134358936619,0.01961134358936619,0.41959347892840426
Tk1,0.09810136453218699,0.09810136453218699,5.191206892506298e-05
Sh3bp5,-0.03840413047459366,0.03840413047459366,0.11387894030379092
Ddx39b,-0.04104886155473056,0.04104886155473056,0.09103531956162135
Nup54,0.03217689693576399,0.03217689693576399,0.1853398035268272
Alg1,-0.0732637520257824,0.0732637520257824,0.0025359443131423966
Arsk,-0.0024647429061704293,0.0024647429061704293,0.9192094064711042
Fam54b,0.041001963747746714,0.041001963747746714,0.09140563942407519
Sft2d2,-0.05515289996552329,0.05515289996552329,0.023123394176027844
Slc9a8,-0.10773233967680679,0.10773233967680679,8.733582760748618e-06
Nck1,0.040880869180960844,0.040880869180960844,0.09236743702653526
Fam178a,-0.06755389872738174,0.06755389872738174,0.005383086669427554
H2-D1,-0.007216297226313888,0.007216297226313888,0.7664893618150822
Trappc1,0.047217528160564994,0.047217528160564994,0.05187283766942568
Pdik1l,-0.020539450502491,0.020539450502491,0.3979255696080419
Ppil1,0.001527650398245801,0.001527650398245801,0.9498730925982571
Rad51l3,-0.014635467344207584,0.014635467344207584,0.5469655990528256
Fam3a,-0.05345907091662071,0.05345907091662071,0.027698495293797698
Daglb,-0.0011146859905984343,0.0011146859905984343,0.9634124724608655
Wdr6,-0.008925069064852242,0.008925069064852242,0.7134003530271639
Arhgef10l,-0.06622650060636098,0.06622650060636098,0.006365029804253496
Yars,-0.13718362659834119,0.13718362659834119,1.4094358720843921e-08
Ttr,0.16480490798699932,0.16480490798699932,8.561506181197903e-12
Stard3nl,-0.0016094828224890003,0.0016094828224890003,0.9471917401727336
C130074G19Rik,-0.06450724649770873,0.06450724649770873,0.007875054271202598
Ctdsp2,-0.0073530102443451865,0.0073530102443451865,0.7621975142114884
Akr1c13,-0.01796047796425996,0.01796047796425996,0.45980253761539114
6820431F20Rik,-0.016619932822847835,0.016619932822847835,0.49397937498384675
Ormdl3,-0.018911340765615892,0.018911340765615892,0.43638505886138285
Dnajb12,0.0038079670965717877,0.0038079670965717877,0.8754760615419149
0610009O20Rik,0.0012502872039261703,0.0012502872039261703,0.9589653207990845
Cdc16,-0.04449776216461511,0.04449776216461511,0.06693854987906928
Rtf1,-0.05979881489738806,0.05979881489738806,0.013775894667172979
Slc17a5,-0.03451127305535166,0.03451127305535166,0.1554224559687564
N6amt2,0.05103487589363935,0.05103487589363935,0.03559141818244514
Stat1,0.011813408795208636,0.011813408795208636,0.6268507347542247
Nsdhl,0.03215854264550181,0.03215854264550181,0.18559081190584997
Pgm2,-0.030153191771910587,0.030153191771910587,0.214549932954293
Aqp11,-0.02275021617065372,0.02275021617065372,0.349097304418765
Rexo1,-0.033960879582588484,0.033960879582588484,0.16212306511043464
Mtpap,0.03926700001626807,0.03926700001626807,0.10597648470595279
Smad4,-0.10371143527205062,0.10371143527205062,1.8731882920796347e-05
Spen,-0.0781536152228686,0.0781536152228686,0.0012769175813773055
Siva1,-0.05574455607081871,0.05574455607081871,0.021687663685608143
Mll3,-0.05789752577564798,0.05789752577564798,0.01709730380882337
Ppip5k2,-0.09558633046451644,0.09558633046451644,8.059833115342441e-05
Rap1b,-0.04604845107573173,0.04604845107573173,0.05796019205034894
Cant1,-0.05944448876574781,0.05944448876574781,0.014347860030142824
Slain2,-0.043202919477121335,0.043202919477121335,0.07528504916896475
Saa1,0.14508025604147573,0.14508025604147573,1.9472533722155857e-09
Fuca1,0.009883444326870702,0.009883444326870702,0.6842026372937404
Tnfaip2,0.009144834038959365,0.009144834038959365,0.7066659890349573
Trim37,-0.018556753443126194,0.018556753443126194,0.4450363853577704
Alg5,-0.014634243736715267,0.014634243736715267,0.5469991167516829
Fam133b,-0.0006746686503260211,0.0006746686503260211,0.9778503198839624
Fbxl14,-0.004315528961040652,0.004315528961040652,0.8590417153831819
Birc3,-0.06607459941417634,0.06607459941417634,0.006487099830342591
Nipa2,-0.023874267832976977,0.023874267832976977,0.3257956393030789
Mcoln1,-0.016841579611134846,0.016841579611134846,0.48823644791869947
Ppm1b,-0.060840028666242454,0.060840028666242454,0.012209868420216232
Mrps23,-0.05264064170439819,0.05264064170439819,0.030175503744463386
Fam69a,-0.03989738235579917,0.03989738235579917,0.10048283518024351
Safb,-0.0591238541587496,0.0591238541587496,0.01488337202750858
Stk3,-0.03618659561819919,0.03618659561819919,0.1363177724365647
Dennd1b,-0.02068825041844026,0.02068825041844026,0.39451539341277575
Dirc2,0.0221113287589206,0.0221113287589206,0.3628013418513829
Tbc1d16,-0.04737459646333726,0.04737459646333726,0.051097251846629194
Tatdn2,-0.07293857735552531,0.07293857735552531,0.0026507163114809057
Rilp,-0.005772938272832081,0.005772938272832081,0.8122139654650439
Egln3,-0.0003779171085892298,0.0003779171085892298,0.9875917157595573
Chchd1,0.02121737964311158,0.02121737964311158,0.3825326872148725
Sipa1l1,-0.04826198371075219,0.04826198371075219,0.046895498758401946
Mrpl19,-0.06589412136702089,0.06589412136702089,0.006634866892786081
Rps19bp1,-0.0029379442777864584,0.0029379442777864584,0.9037678605622721
Bak1,-0.0007205552681657686,0.0007205552681657686,0.9763442682931097
Mast3,-0.04390380033853396,0.04390380033853396,0.07066757836947848
Zfp110,-0.08647041268136174,0.08647041268136174,0.0003636853203494546
Ubn2,-0.043253449435099955,0.043253449435099955,0.07494412059057
Nfat5,-0.023759390634452628,0.023759390634452628,0.32812961019846043
Pank3,-0.056847696974513716,0.056847696974513716,0.01921677881583651
B3gnt2,-0.0847486763481442,0.0847486763481442,0.00047605862213381475
1110018G07Rik,-0.012271128654983858,0.012271128654983858,0.6135571272646604
Fbxw7,-0.0449289448419967,0.0449289448419967,0.06433414132207195
Srek1,-0.04432844386857642,0.04432844386857642,0.06798469464302523
Raver1,-0.08742061274147866,0.08742061274147866,0.00031281560910848097
Ctbp1,-0.017943416125751895,0.017943416125751895,0.4602290506399299
2200002D01Rik,0.14279226198308048,0.14279226198308048,3.494522400800281e-09
Cpd,0.007052411958608814,0.007052411958608814,0.7716436701170207
Xpr1,-0.03625463476078188,0.03625463476078188,0.13558198255561407
Snhg6,-0.14570457954013644,0.14570457954013644,1.6573992336079362e-09
Laptm4a,-0.037055544854406375,0.037055544854406375,0.12714951105416544
Unc119b,-0.0453705985944674,0.0453705985944674,0.06175370896846965
Igbp1,-0.06504525584878554,0.06504525584878554,0.007371226927229627
Mxi1,0.01027948143873909,0.01027948143873909,0.672270442939987
Slbp,-0.026900496939811464,0.026900496939811464,0.2682014823898169
Uckl1,-0.02725259184152278,0.02725259184152278,0.26198521710739286
1810048J11Rik,0.02514451100230052,0.02514451100230052,0.3007088434638105
Appl2,-0.024332977871312545,0.024332977871312545,0.3165837781063943
Col15a1,-0.1186927682742775,0.1186927682742775,9.496251884737402e-07
Calm3,-0.0071575099047093155,0.0071575099047093155,0.7683370908732736
Jak2,0.04385616814609007,0.04385616814609007,0.07097385561607292
Steap2,-0.07516526443293287,0.07516526443293287,0.0019509754655613555
Cic,-0.03593078650395103,0.03593078650395103,0.13911172460944965
2310035K24Rik,0.0022694005945554582,0.0022694005945554582,0.9255930584864651
Ap1m1,-0.002405599437836403,0.002405599437836403,0.9211416442391064
Ddx18,-0.07243428315189739,0.07243428315189739,0.0028381177707923855
1110001A16Rik,0.058306301441033506,0.058306301441033506,0.01632920245925542
Pycrl,-0.00040183362405721984,0.00040183362405721984,0.9868065258475559
Fkbp3,0.06752067153104724,0.06752067153104724,0.005405896228953068
Sult2a1,-0.1563566510611898,0.1563566510611898,9.527065994995384e-11
Gltpd1,-0.007866005885660216,0.007866005885660216,0.7461590216870164
Trim26,-0.014635038156586852,0.014635038156586852,0.5469773554698035
Zzef1,-0.03772825670495871,0.03772825670495871,0.12038679700666804
Zc3h4,-0.10896509218401637,0.10896509218401637,6.8742254300976835e-06
Gtf3c1,-0.06341543697635399,0.06341543697635399,0.008993223499440225
Pigk,-0.0703879715231441,0.0703879715231441,0.0037290733789376532
Pbx1,-0.08118270999519957,0.08118270999519957,0.0008187757770619597
Nudt8,-0.040083689554671544,0.040083689554671544,0.09890336688430836
Zfand1,0.008000680746451898,0.008000680746451898,0.741966321976308
Thap3,-0.01062783108754256,0.01062783108754256,0.66184265210311
Zfp148,-0.0025455541845305976,0.0025455541845305976,0.9165700463938502
Supt6h,-0.018804970967918007,0.018804970967918007,0.4389700822654315
Ablim3,-0.00711551274161942,0.00711551274161942,0.7696578992824454
Idh3a,-0.013638279302847351,0.013638279302847351,0.5746129980165601
Dctn5,-0.04290490059424826,0.04290490059424826,0.07732161716492295
4833442J19Rik,-0.05170344297229245,0.05170344297229245,0.03324331298816295
Hamp2,0.03056978197317707,0.03056978197317707,0.20828091137458601
Hook2,-0.06272843775102613,0.06272843775102613,0.009767440213017474
Asna1,-0.011680779134370755,0.011680779134370755,0.6307257064235615
Ddx28,-0.0675485281540346,0.0675485281540346,0.005386767528194001
Ppif,0.0015595835798960667,0.0015595835798960667,0.948826688635017
Ppie,0.01371319263955988,0.01371319263955988,0.5725132385370472
Cyb561d2,-0.04875610192230434,0.04875610192230434,0.044684455496028654
Triobp,0.021102807410660195,0.021102807410660195,0.38510821382551663
Xrcc4,0.018554616658331885,0.018554616658331885,0.44508881373191755
Reep5,-0.10943310766194675,0.10943310766194675,6.272780014459475e-06
Prnp,0.03365086397989162,0.03365086397989162,0.16599194767069875
4921524J17Rik,0.01534637428044763,0.01534637428044763,0.5276655400978125
Ggnbp1,-0.04825012102830714,0.04825012102830714,0.04694969167653648
Cyp4f14,-0.035015946761863016,0.035015946761863016,0.14946499687147827
Vps26a,-0.0026787297650353314,0.0026787297650353314,0.9122224445939826
Vps36,0.026152270811828714,0.026152270811828714,0.281745512228627
Exosc7,0.05646259544875501,0.05646259544875501,0.020049897086773266
Pwwp2a,-0.018263235745193958,0.018263235745193958,0.4522710460635701
Zfp672,-0.07376468522173693,0.07376468522173693,0.0023680000492888233
4930453N24Rik,0.042287189236922394,0.042287189236922394,0.08168571155988089
Zfp524,-0.02690492417933466,0.02690492417933466,0.2681226958520083
Gpr137,-0.01497918856435227,0.01497918856435227,0.5375906261826753
Casp6,0.0370257973964348,0.0370257973964348,0.12745524345268183
Flnb,-0.05465907149608227,0.05465907149608227,0.024384171256419007
Slc38a3,-0.11223949520023199,0.11223949520023199,3.594563937852337e-06
Crat,-0.06972491067804502,0.06972491067804502,0.004068164938682228
Ssu72,0.04160630980575019,0.04160630980575019,0.08672520931772895
Cyld,-0.021991469174034918,0.021991469174034918,0.36540930865595245
Ktn1,-0.060645486822938986,0.060645486822938986,0.0124898999047853
Tank,-0.025314784864628483,0.025314784864628483,0.29744646084976467
Yod1,-0.044843487697845824,0.044843487697845824,0.0648435672218773
Tmem201,-0.044914526064811056,0.044914526064811056,0.06441986211323042
Atxn3,-0.005508733762058911,0.005508733762058911,0.8206585825448389
Pcmt1,-0.005697557237523,0.005697557237523,0.8146211482095538
Prg4,0.018281249023690285,0.018281249023690285,0.4518251486567391
Prkra,0.017522999606181866,0.017522999606181866,0.47080824405493793
Prlr,-0.0611796013995758,0.0611796013995758,0.011734370612931212
Crebzf,-0.07558053188985454,0.07558053188985454,0.0018409599809144153
Rptor,-0.05310636917284245,0.05310636917284245,0.028743619020672052
Ddx46,-0.02551208520301597,0.02551208520301597,0.2936959288918072
Rin3,-0.06848814719824746,0.06848814719824746,0.004776259237206645
Sike1,0.012050185419691595,0.012050185419691595,0.6199585219836301
Znrf2,-0.051222097762567614,0.051222097762567614,0.03492003176528392
Commd8,0.04133825420528416,0.04133825420528416,0.08877677497171642
Tmco4,-0.08878958622705659,0.08878958622705659,0.000251119271206413
Ptpn9,-0.059927337488313207,0.059927337488313207,0.013573456386013016
Caml,-0.05181877713620325,0.05181877713620325,0.03285193788991062
Tmc6,-0.027130882589869804,0.027130882589869804,0.2641226578811591
Pcyox1,-0.10291373013569383,0.10291373013569383,2.1723151914701056e-05
Men1,-0.04682618046236428,0.04682618046236428,0.05384816179986271
Lrrc8a,-0.059408602527243254,0.059408602527243254,0.014406939902370039
Wash,-0.028477732509649127,0.028477732509649127,0.24113368616565814
Nfkb1,-0.06921423291408582,0.06921423291408582,0.004348128353398282
Ube2l3,0.03181093614235658,0.03181093614235658,0.19039210908816137
Dnajb14,-0.01571806273350126,0.01571806273350126,0.5177146897978238
Fam92a,0.08344125547679346,0.08344125547679346,0.0005821710362355914
Cstf3,-0.018112511435586107,0.018112511435586107,0.45601177085424427
Elmod2,-0.06649414107870039,0.06649414107870039,0.00615496593372485
Vps54,-0.030833274348640458,0.030833274348640458,0.20438489303679186
Tbc1d9b,-0.039316456892701114,0.039316456892701114,0.10553705024710666
Sh3yl1,-0.057205457058564224,0.057205457058564224,0.018470060939935425
Htra2,-0.03685329813150045,0.03685329813150045,0.12923939788009078
Tfip11,-0.0417613883197523,0.0417613883197523,0.08555588695527593
Mgat1,-0.040508568419724084,0.040508568419724084,0.0953753941489091
Ubxn8,-0.008690546592308127,0.008690546592308127,0.7206116201356239
Mid1ip1,-0.05785813961197615,0.05785813961197615,0.01717295817702626
Nr1h2,-0.04878972953052188,0.04878972953052188,0.04453722892433901
Kctd2,-0.10767387442699737,0.10767387442699737,8.83274421558365e-06
Tbc1d13,-0.03941862344747338,0.03941862344747338,0.10463385387205033
Pex16,-0.03498441377852964,0.03498441377852964,0.14983205609116168
Myl12b,0.08447239303003301,0.08447239303003301,0.0004968538617703142
Gtf2f2,-0.017219069236786254,0.017219069236786254,0.4785389774785428
Tgfbrap1,-0.07708049551372789,0.07708049551372789,0.0014893241945222934
Cyp2c38,-0.01728310316570352,0.01728310316570352,0.47690447965577903
Mn1,-0.025266874930147905,0.025266874930147905,0.29836199815205783
Prmt3,-0.08231291121470159,0.08231291121470159,0.0006910312208535188
1200016B10Rik,-0.03185831875221784,0.03185831875221784,0.18973231193049594
Srp68,-0.011518854437922672,0.011518854437922672,0.63547035736155
Fip1l1,-0.04455833827527536,0.04455833827527536,0.0665675072706044
2310001H17Rik,-0.015404548070708821,0.015404548070708821,0.5261017031443876
Snrpa1,0.00620963527877263,0.00620963527877263,0.7983042361135596
E430025E21Rik,-0.07525718008343316,0.07525718008343316,0.0019261173825066578
Cdk10,-0.050169771683310056,0.050169771683310056,0.03883836320208886
Igf2bp3,-0.10554544116218237,0.10554544116218237,1.3270714058201107e-05
Mtif2,0.0023246899727025743,0.0023246899727025743,0.9237857359918962
Snx30,-0.04106135016774409,0.04106135016774409,0.09093690902921318
Rnf170,-0.023049112200598826,0.023049112200598826,0.34280032167235586
Rbm22,-0.06092396625787182,0.06092396625787182,0.012090771609107898
Sf3a3,-0.027411374562597193,0.027411374562597193,0.25921469112160617
Fam116a,-0.035010794673507206,0.035010794673507206,0.149524922779069
Scfd1,0.07763331909358517,0.07763331909358517,0.0013761448548073917
Sirt7,0.0041817208870289085,0.0041817208870289085,0.8633686695378386
Psen1,-0.043257158283374376,0.043257158283374376,0.07491914647994828
Rnf220,-0.051342751780305534,0.051342751780305534,0.03449311014447217
Ncoa1,-0.06535343273106349,0.06535343273106349,0.007095826097233913
Nab2,0.04739087160636335,0.04739087160636335,0.0510174446084706
Gdap10,-0.045896082943715895,0.045896082943715895,0.05879559864512972
Rc3h2,-0.06776035557114135,0.06776035557114135,0.0052432950966983735
Ankhd1,-0.011110594824819185,0.011110594824819185,0.6474992251495846
Parg,-0.0482216674074268,0.0482216674074268,0.04707989244745789
Hes1,-0.006607538793191328,0.006607538793191328,0.7856854966860791
Rai14,-0.050838360423709004,0.050838360423709004,0.036307935891416225
Them4,0.004676388389079968,0.004676388389079968,0.8473940189457123
Pex19,-0.032347664788661606,0.032347664788661606,0.1830164430450912
Aldoa,-0.10612166047489585,0.10612166047489585,1.1894813312044933e-05
Cenpv,-0.0761470489029443,0.0761470489029443,0.0017000487040423468
Mycbp2,-0.06999319378453517,0.06999319378453517,0.003927731387711175
Inpp5f,-0.02100730915739865,0.02100730915739865,0.38726303873196605
Mtap4,-0.07213239672672989,0.07213239672672989,0.002956007442742301
Utp14a,-0.04316424243667834,0.04316424243667834,0.07554685926584596
Serpinf2,-0.091920571169576,0.091920571169576,0.0001501885685671765
0610031O16Rik,0.0623297610320395,0.0623297610320395,0.010243455686320825
Chordc1,-0.028006660779337608,0.028006660779337608,0.24900864830863653
Polr2h,-0.019634465141850688,0.019634465141850688,0.41904539520101286
Nob1,-0.055438888849254034,0.055438888849254034,0.02241942161932305
Akap1,-0.03221022907289289,0.03221022907289289,0.18488460374141652
BC029722,-0.02086678549492596,0.02086678549492596,0.390447144324815
Rab3d,-0.030690955286248513,0.030690955286248513,0.2064826038986182
Snrpd3,0.04073771156102141,0.04073771156102141,0.09351492736425104
Pmf1,0.013800315813099994,0.013800315813099994,0.5700758356907191
A230050P20Rik,-0.025326597783173456,0.025326597783173456,0.29722100991952094
Zfp422,-0.018024896507172417,0.018024896507172417,0.458194193019215
Mtdh,-0.11417154480705262,0.11417154480705262,2.431078932193292e-06
Gpbp1,-0.027820124733966826,0.027820124733966826,0.25217611091498227
Kdm1b,-0.024895637898968852,0.024895637898968852,0.30551985710737944
Foxk1,-0.03210200348992061,0.03210200348992061,0.18636560467834304
Patl1,-0.05229747885918392,0.05229747885918392,0.03126936468566672
Cnot10,-0.0167749352495635,0.0167749352495635,0.4899594297616547
Terf1,-0.056282272258441554,0.056282272258441554,0.020450713220002328
Nf1,-0.029271639506784037,0.029271639506784037,0.22826148927673698
Pitpna,-0.10036549115331982,0.10036549115331982,3.4622428191795865e-05
Pcdh1,0.00042086740310197726,0.00042086740310197726,0.986181647445661
Senp3,-0.04708481068852725,0.04708481068852725,0.05253582920424645
Pdcl,0.0011179173029910597,0.0011179173029910597,0.9633064851745295
Scaf8,-0.04409824103283757,0.04409824103283757,0.06942853031901561
Stard10,-0.011523666665923162,0.011523666665923162,0.635329134367586
Cyp2r1,-0.015302608298290896,0.015302608298290896,0.528843623046019
Adck2,-0.0387727046603905,0.0387727046603905,0.110448469030985
Zfp207,-0.019294675378643503,0.019294675378643503,0.4271422003294539
Clpb,-0.08712812172606782,0.08712812172606782,0.0003277176775614437
Gda,-0.009344703484069117,0.009344703484069117,0.7005611326595077
Mfap1a,-0.025905202738722474,0.025905202738722474,0.2863179162961334
Commd9,-0.02705891957895022,0.02705891957895022,0.26539209919778234
Ambra1,-0.013133293183100867,0.013133293183100867,0.5888614588147911
2810432D09Rik,0.03844725164377744,0.03844725164377744,0.11347331550496374
Hook3,-0.0390316558268287,0.0390316558268287,0.10808746333997944
6330409N04Rik,0.007023717471106255,0.007023717471106255,0.7725471762347195
Ift46,-0.00816277179877458,0.00816277179877458,0.7369302389374438
Rps6kb1,-0.0338229032172646,0.0338229032172646,0.1638364797420914
Wbscr16,-0.03332105657359003,0.03332105657359003,0.17018355957489853
Hars2,-0.02294859365846087,0.02294859365846087,0.34490984942346115
A130040M12Rik,0.14085358696224673,0.14085358696224673,5.694407815459791e-09
Mpi,-0.0409114472026715,0.0409114472026715,0.09212380702935524
Snx27,-0.0662544911571989,0.0662544911571989,0.0063427628676300946
Rnf2,-0.0429752306068586,0.0429752306068586,0.07683700541862117
Zfp358,0.004981050340683087,0.004981050340683087,0.837586000774624
Dnajc2,-0.050461794602371324,0.050461794602371324,0.037715292685153785
Psmc2,0.071367810191693,0.071367810191693,0.0032748247837226787
Gm10658,-0.023233153947014768,0.023233153947014768,0.33895934152426277
Tbc1d7,-0.0005856551311028812,0.0005856551311028812,0.9807720661609532
Eif2b2,-0.03998146795396056,0.03998146795396056,0.09976750782334434
Irak4,-0.03934410074826414,0.03934410074826414,0.10529205896011809
Odc1,-0.11301684564425098,0.11301684564425098,3.0735485454704833e-06
Wdr8,-0.011257679691648988,0.011257679691648988,0.6431547289502009
Polr2m,-0.061963625685202736,0.061963625685202736,0.01069867703205638
1190002N15Rik,-0.13521528804810204,0.13521528804810204,2.26950826249058e-08
F9,-0.10919530215254633,0.10919530215254633,6.5718050399107956e-06
Tyk2,-0.017757359651804333,0.017757359651804333,0.4648944318354087
Snai2,-0.04101096405791113,0.04101096405791113,0.09133447648155507
Ylpm1,-0.03625480256622424,0.03625480256622424,0.13558017166785866
Cdc27,-0.06919123568217161,0.06919123568217161,0.004361137036586522
AK010878,0.0031840767868354172,0.0031840767868354172,0.8957500234973846
Stx16,-0.005720125876411684,0.005720125876411684,0.813900267316197
Dopey2,-0.020747021693829436,0.020747021693829436,0.39317336201553954
Ap2a1,-0.052060270398207195,0.052060270398207195,0.03204520618820352
Wdr3,-0.06577333240162994,0.06577333240162994,0.006735445179866635
Wdr33,-0.03726766899090392,0.03726766899090392,0.12498588652774416
Dnajc1,-0.033136992900143825,0.033136992900143825,0.17255707285737004
Map4k4,-0.0775597640706835,0.0775597640706835,0.0013907324225964734
Dexi,0.06075945056713276,0.06075945056713276,0.012325174380523461
2310003H01Rik,-0.011789468409385186,0.011789468409385186,0.627549432207462
BC002230,-0.025370306005118172,0.025370306005118172,0.2963878260951265
Aprt,-0.055037956399215174,0.055037956399215174,0.023411689779374426
Fga,-0.16374764527666974,0.16374764527666974,1.1656178183027948e-11
Nudt1,0.04323631104938451,0.04323631104938451,0.07505961282729724
Anp32e,-0.05425777574753556,0.05425777574753556,0.0254521281291839
Tbc1d24,-0.07707648862595508,0.07707648862595508,0.0014901749287586285
0610007P22Rik,0.040803093160074355,0.040803093160074355,0.09298944668733779
Sh3glb2,-0.0035569910571810357,0.0035569910571810357,0.8836227414561347
Cops5,-0.041062982065841004,0.041062982065841004,0.09092405595467987
Capn7,-0.06468481682949657,0.06468481682949657,0.0077054580697108795
Ypel5,-0.040599791780365886,0.040599791780365886,0.09463121266833756
Maf1,-0.07468954578708184,0.07468954578708184,0.002084398411334586
Rab33b,-0.005314015494107422,0.005314015494107422,0.8268956315814828
Anxa11,-0.020317474211108008,0.020317474211108008,0.40304565501331746
Zdhhc9,-0.06540321402565002,0.06540321402565002,0.007052215679004355
Car5a,0.06936979394786451,0.06936979394786451,0.004261052254622733
Wdr75,-0.04597500178672052,0.04597500178672052,0.058361662459314276
Rufy1,0.0027117166567323797,0.0027117166567323797,0.9111459668615727
D0H4S114,-0.10410936879781366,0.10410936879781366,1.7390477537118052e-05
Tbl2,-0.07843831036583646,0.07843831036583646,0.0012254579111472793
Pter,-0.02007844664576918,0.02007844664576918,0.40860291292042483
Bptf,-0.028523306851902953,0.028523306851902953,0.24038121540302682
Txndc12,-0.05572427851125285,0.05572427851125285,0.021735556174156248
Apoh,0.05287993939592193,0.05287993939592193,0.029432308951387882
Laptm4b,-0.05114444827120693,0.05114444827120693,0.03519716376929583
Nol9,-0.04568703614125308,0.04568703614125308,0.05995799520517422
1700040I03Rik,0.015234170103973878,0.015234170103973878,0.5306885043500067
Rfx5,-0.01747641948426,0.01747641948426,0.47198856330935834
Eif6,-0.07341671308051996,0.07341671308051996,0.002483542367656661
Gatad2a,-0.08996450968570824,0.08996450968570824,0.0002074573018108757
Extl3,-0.06390190858730038,0.06390190858730038,0.008478595828109042
Naa38,0.0792430285810182,0.0792430285810182,0.0010901713396318721
Tubgcp2,-0.032286976259766384,0.032286976259766384,0.18383965029413477
Smap2,-0.01522627671354956,0.01522627671354956,0.530901495386597
8430410A17Rik,0.002302411352753925,0.002302411352753925,0.924513942156511
Aldh16a1,-0.04496013877166141,0.04496013877166141,0.0641490127971753
Yaf2,-0.009336988391459626,0.009336988391459626,0.700796428962578
Rint1,-0.025561660040682346,0.025561660040682346,0.29275855250351784
Stx12,0.010649586443750381,0.010649586443750381,0.6611935516593163
Kdm4b,-0.010052240555022034,0.010052240555022034,0.6791071293996758
Rgs3,0.03989003923903171,0.03989003923903171,0.10054549747664587
Arid2,-0.03398978987583447,0.03398978987583447,0.16176577034157277
Bola2,-0.06844231717984467,0.06844231717984467,0.004804520355368337
BC002163,0.2105233137562998,0.2105233137562998,1.920536746764028e-18
Abt1,-0.02512581149322312,0.02512581149322312,0.3010685651339859
Zfhx4,0.0028349073905168413,0.0028349073905168413,0.9071272780821761
Mrpl35,0.005058440710130785,0.005058440710130785,0.8350985111387289
Dmtf1,-0.040627110828592716,0.040627110828592716,0.09440925638903945
Dgcr2,-0.031585766374328514,0.031585766374328514,0.1935506526342853
Orm2,0.08755307850620231,0.08755307850620231,0.0003062773146381511
Rictor,-0.021907288794262122,0.021907288794262122,0.36724792158467523
Abcd3,-0.21851119466972987,0.21851119466972987,8.834167832542298e-20
Plekhf2,0.03140066120267665,0.03140066120267665,0.19617585317959763
Inhbe,-0.03285682850227911,0.03285682850227911,0.17621716243599922
Cox16,0.07959337240099801,0.07959337240099801,0.0010357012296722575
Ctns,-0.052347779987119106,0.052347779987119106,0.031106929545457306
Arhgap5,-0.01918052518876359,0.01918052518876359,0.42988257413121345
Pitpnm2,-0.06972293093097164,0.06972293093097164,0.004069217955255168
Rapgef4,-0.18752525018429256,0.18752525018429256,6.903284091069664e-15
Map3k1,-0.016161510527183533,0.016161510527183533,0.505970887784031
Tcta,-0.009768252642748963,0.009768252642748963,0.6876882489674024
Mmab,0.08442885766118065,0.08442885766118065,0.0005002068352248317
Wbp5,-0.09037025785349212,0.09037025785349212,0.00019411229041213474
Pank2,-0.01243138557767209,0.01243138557767209,0.6089323115442493
Slc30a4,-0.05787040263266905,0.05787040263266905,0.0171493715286258
Camsap1,-0.024618375465356595,0.024618375465356595,0.3109394141831534
Ncbp1,-0.07069375353160129,0.07069375353160129,0.0035815198626253666
Naga,-0.048289889196899256,0.048289889196899256,0.046768223963763955
Heatr7a,-0.06617057156269616,0.06617057156269616,0.006409732903616503
Cpne2,-0.060415849912606776,0.060415849912606776,0.012827749110473786
Bin1,-0.02718874574798628,0.02718874574798628,0.26310497961370344
Sugt1,0.06502725570790562,0.06502725570790562,0.007387604897020742
Srgap2,-0.06626518975357536,0.06626518975357536,0.006334270480034539
Metrn,-0.05759625162688341,0.05759625162688341,0.017683504563740654
Arnt,-0.018240010166322436,0.018240010166322436,0.4528463343335662
Ap2m1,-0.1573737094570774,0.1573737094570774,7.176789239766763e-11
Riok3,-0.020887801039989343,0.020887801039989343,0.38996994785300204
Mapk8ip3,-0.06381072006554554,0.06381072006554554,0.008573009988467493
Wdr37,-0.010996461383465982,0.010996461383465982,0.650878720167529
Dlg3,-0.0015398051349443023,0.0015398051349443023,0.9494747892587125
Zfp292,-0.05108351092063845,0.05108351092063845,0.0354159614118996
Oma1,0.006079613746038888,0.006079613746038888,0.8024392312711448
Gm3776,0.07220454370713322,0.07220454370713322,0.002927434300382435
Nup153,-0.08369536569167127,0.08369536569167127,0.0005599642578658787
Pik3r2,-0.01034170291215988,0.01034170291215988,0.6704031531630985
Ccrn4l,0.11726632323203556,0.11726632323203556,1.2822983441978899e-06
Marveld1,-0.05423408803181351,0.05423408803181351,0.025516412357207873
Arl4d,-0.08492714240931998,0.08492714240931998,0.0004630601747796551
1500031L02Rik,0.006991380959340925,0.006991380959340925,0.7735657283912707
Akap13,-0.08198306940855553,0.08198306940855553,0.0007262568361670454
Hexa,-0.06706383479792899,0.06706383479792899,0.0057284638427623725
Vps4a,-0.0009604647785401415,0.0009604647785401415,0.9684716569072117
Bcl7a,-0.058470904949384846,0.058470904949384846,0.01602856701349649
Lims1,0.021414425508822096,0.021414425508822096,0.37812793862987365
2010320M18Rik,-0.018824054596243717,0.018824054596243717,0.4385056616103312
3200002M19Rik,-0.01840569862344922,0.01840569862344922,0.4487513396236005
Chd8,-0.05204075685565333,0.05204075685565333,0.03210975700679657
Acot2,-0.0886559513545982,0.0886559513545982,0.0002565974870900368
Crnkl1,-0.0515720114738581,0.0515720114738581,0.03369416600950804
Pacs2,-0.05554824886872879,0.05554824886872879,0.022155189874489632
Ugt3a1,0.17876058691091307,0.17876058691091307,1.2053262398296457e-13
Tnk2,-0.07384586362052264,0.07384586362052264,0.0023417624343087876
Ehd3,-0.005508009521349333,0.005508009521349333,0.820681760084228
Tada3,0.011639626150135151,0.011639626150135151,0.6319301236546049
Glb1,-0.07172687874276981,0.07172687874276981,0.003121393444160734
Fam203a,-0.030691328469908366,0.030691328469908366,0.20647708301244558
Fam89b,-0.033590456211547305,0.033590456211547305,0.16675382610641656
Hamp,0.3618538640155801,0.3618538640155801,1.2679566373402957e-53
Mrps5,-0.04618793137996088,0.04618793137996088,0.05720411076898198
Clk2,0.00575852206223294,0.00575852206223294,0.812674189641224
Cdc37l1,-0.0202551592201924,0.0202551592201924,0.4044900661126562
Cdk7,-0.04957376224567316,0.04957376224567316,0.04121879151314961
Ccdc51,-0.0156161553287055,0.0156161553287055,0.5204332725200487
Gltpd2,-0.05779875596177009,0.05779875596177009,0.017287579126517377
Rpusd3,-0.06941801048371121,0.06941801048371121,0.004234385356317296
Smndc1,0.008624861692507108,0.008624861692507108,0.722635838242469
Nsmce2,0.016673891854213203,0.016673891854213203,0.49257796487705097
Rrp12,-0.06343083112153165,0.06343083112153165,0.008976520643041394
Lyrm2,0.062046013897479865,0.062046013897479865,0.010594703955172537
Sfrs18,0.012519263220507271,0.012519263220507271,0.6064028704257235
Tyw1,-0.021077630750275106,0.021077630750275106,0.385675588632657
0610007P08Rik,-0.0076181923821857876,0.0076181923821857876,0.753893526420802
Chn2,-0.03156656790252788,0.03156656790252788,0.1938217253069565
Ttf1,-0.016302432829712152,0.016302432829712152,0.5022683931751414
Drg2,-0.020117854993559683,0.020117854993559683,0.4076835655608434
Tnrc6c,-0.08043764473636482,0.08043764473636482,0.0009146096762713974
Orai1,-0.01228030579223879,0.01228030579223879,0.6132918689220423
A730011L01Rik,-0.049112839155727415,0.049112839155727415,0.043143333689560845
Tssc1,-0.057250442888786286,0.057250442888786286,0.018377985902304276
Cep110,0.08437738593780282,0.08437738593780282,0.000504198233708221
Polr1d,-0.1114009361493603,0.1114009361493603,4.251165614490615e-06
Trip11,-0.027273610615460908,0.027273610615460908,0.2616173009188889
Zfp800,-0.04013328981762631,0.04013328981762631,0.09848622223227264
Dgkd,-0.061808554912353014,0.061808554912353014,0.010896836105381951
Tox,-0.03924087751065236,0.03924087751065236,0.10620917293589006
Tbrg4,-0.09310511287122551,0.09310511287122551,0.00012312492463634132
Ddx56,-0.05577887640405248,0.05577887640405248,0.021606813406546483
Smug1,-0.03855857167609275,0.03855857167609275,0.11243142533402802
Pdcd2,-0.03896583862150292,0.03896583862150292,0.10868373954076341
Pus10,-0.01612212856147622,0.01612212856147622,0.5070081415143638
Aimp2,0.03550252075305987,0.03550252075305987,0.14388758888563843
Tcf7l1,-0.024697598500046436,0.024697598500046436,0.3093844405501552
Zbtb48,-0.038372970856563715,0.038372970856563715,0.11417275654652463
Nf2,-0.027483955039948278,0.027483955039948278,0.2579550448527863
Igfals,-0.06272037741869715,0.06272037741869715,0.00977686566530977
Aagab,0.009462975091989371,0.009462975091989371,0.6969576683706092
Ttc4,-0.0077196657846651685,0.0077196657846651685,0.7507234078966476
Hprt,0.02395792677221833,0.02395792677221833,0.3241027364499534
Amigo1,-0.06608557797028802,0.06608557797028802,0.006478207270127763
Hoga1,0.09117215657395716,0.09117215657395716,0.00017007406248484015
Camkk2,0.013453245468195395,0.013453245468195395,0.5798148875944575
Lin7a,0.0013610326711967005,0.0013610326711967005,0.9553342734713056
Cobl,-0.05349519438049485,0.05349519438049485,0.027593326361799272
Rab4b,0.02671505475094954,0.02671505475094954,0.271515864353473
Tpra1,-0.014254536630403276,0.014254536630403276,0.5574490451523892
Acot1,-0.1010275071016207,0.1010275071016207,3.07057707722655e-05
Med6,0.0337736742013775,0.0337736742013775,0.1644511030657898
Lhx6,-0.08093268212797841,0.08093268212797841,0.0008498458564285616
Crls1,-0.12920636359249976,0.12920636359249976,9.319500589975567e-08
Dnajc8,-0.02080331016905318,0.02080331016905318,0.39189061909173156
Mettl16,-0.023431564167220288,0.023431564167220288,0.3348495213851636
Dpf2,-0.02345490614374414,0.02345490614374414,0.3343681392781055
Elf2,-0.01084066152080666,0.01084066152080666,0.6555035460476568
Fos,-0.09386832711188939,0.09386832711188939,0.00010819664910799218
Dennd1a,-0.016260346529059944,0.016260346529059944,0.5033726377382887
Enox2,-0.00035665514231821016,0.00035665514231821016,0.9882897657392041
Med14,-0.04807353814460047,0.04807353814460047,0.04776262825188627
Cd320,-0.013562380896713747,0.013562380896713747,0.5767440737715803
Dnase2a,-0.042095476064409686,0.042095476064409686,0.08308005198773624
Nfatc3,-0.0368506383854804,0.0368506383854804,0.12926705849667017
Cnot3,-0.005129197229733554,0.005129197229733554,0.832825688229645
Gm10033,-0.011896238388837268,0.011896238388837268,0.6244359449589896
Traf4,-0.058211663373403756,0.058211663373403756,0.0165042832580983
Atm,-0.06352445262648788,0.06352445262648788,0.008875534771745363
Leng8,-0.06406860447664364,0.06406860447664364,0.008308401897585123
Ppp4c,-0.043048264214109004,0.043048264214109004,0.07633638549187972
Smagp,-0.013881670506195586,0.013881670506195586,0.567804287614008
2810422J05Rik,0.044256624253423416,0.044256624253423416,0.06843247657086603
Tmem64,-0.062426384531215295,0.062426384531215295,0.010126232054034755
Spin1,0.04812432097157492,0.04812432097157492,0.047527636759001776
Ccdc75,0.02564299803868336,0.02564299803868336,0.29122494041636376
Trib1,-0.08610407145256138,0.08610407145256138,0.0003852857323165173
Tnfaip8l1,0.07204182562806016,0.07204182562806016,0.0029922371557987424
Tns3,-0.05709469467668022,0.05709469467668022,0.01869848571061862
Grpel2,-0.01036179414593103,0.01036179414593103,0.6698006412395535
Kank1,-0.016720808676305727,0.016720808676305727,0.49136118615453844
Lcmt1,-0.00689806028364893,0.00689806028364893,0.7765073706295709
Ptpn23,-0.06502348176650792,0.06502348176650792,0.007391042864120022
Cpsf3l,-0.019092991861289967,0.019092991861289967,0.4319908574999336
Wwtr1,-0.022125222653931,0.022125222653931,0.3624997861527494
Phf2,-0.04662287319933076,0.04662287319933076,0.05489887114543535
Arhgap32,-0.06632192330253538,0.06632192330253538,0.006289406862213682
5730455P16Rik,-0.023919278488179187,0.023919278488179187,0.32488410149679053
P4ha1,-0.06003797665664311,0.06003797665664311,0.013401294526089274
Ubxn1,0.0034787141159939097,0.0034787141159939097,0.8861661695450865
Rabgap1l,-0.007493261082038237,0.007493261082038237,0.7578021842204617
Dhx8,-0.032827239654620206,0.032827239654620206,0.17660706434447354
Apip,0.05248941762739866,0.05248941762739866,0.030653427197406838
Fbrsl1,-0.059475189694041954,0.059475189694041954,0.01429748635603242
Zfp703,-0.051422328687849295,0.051422328687849295,0.034213980365470596
Jmjd6,-0.006258044877658773,0.006258044877658773,0.7967661315638005
Fxc1,0.015038712722104405,0.015038712722104405,0.535975338438585
Zdhhc12,-0.007670828449417152,0.007670828449417152,0.7522486081907869
Hat1,0.006905214724591522,0.006905214724591522,0.7762817352938896
Tgif1,0.00575140003436997,0.00575140003436997,0.8129015776556989
Slc39a3,-0.03032658726715646,0.03032658726715646,0.21192428801328753
Msl2,-0.05117452630196011,0.05117452630196011,0.035089593150760025
Pomgnt1,-0.0545790751353684,0.0545790751353684,0.024593911990424388
Hspa14,-0.03566545696695671,0.03566545696695671,0.14205598953255794
Casp8,-0.053827876837666544,0.053827876837666544,0.026640834546491948
Amy1,-0.009071993037790788,0.009071993037790788,0.708895581076542
Acnat1,-0.000358654314598918,0.000358654314598918,0.9882241306780093
Spryd4,-0.05821627029412199,0.05821627029412199,0.016495722444783603
Gm5069,0.15449480540680702,0.15449480540680702,1.5925694925903212e-10
Slc25a22,-0.15960183382339094,0.15960183382339094,3.833474415264019e-11
Trak1,-0.07770475352241933,0.07770475352241933,0.0013621129254304785
Glul,-0.09237821329800222,0.09237821329800222,0.00013912916840988452
Exosc3,0.04068636027075015,0.04068636027075015,0.09392931114123054
Loh12cr1,-0.03232659768941419,0.03232659768941419,0.1833018970544226
Appbp2,-0.0492114424808311,0.0492114424808311,0.0427253651491046
Exosc2,-0.08199458867644815,0.08199458867644815,0.0007249990519958403
Ubr1,-0.017372689030259722,0.017372689030259722,0.4746228902929337
Eri1,-0.03285746332373461,0.03285746332373461,0.1762088042177185
Maob,-0.010625130044803616,0.010625130044803616,0.6619232590972063
Cyp2c37,-0.05105053464520898,0.05105053464520898,0.03553484663910685
Chd7,-0.0579747687168367,0.0579747687168367,0.016949780704807262
Ppapdc1b,-0.07906043550296607,0.07906043550296607,0.0011195982097239982
Zfp946,0.03394215124412236,0.03394215124412236,0.1623548411547357
AW209491,-0.024700758123616107,0.024700758123616107,0.30932253074228405
Myst2,-0.06606512430157098,0.06606512430157098,0.006494783429317206
Sdhaf2,0.03700856516348894,0.03700856516348894,0.1276326105950446
Agfg1,-0.061660121465179574,0.061660121465179574,0.011089559484814427
Pip4k2b,-0.052170732359069764,0.052170732359069764,0.03168188919095625
Slc1a2,0.0981218251668142,0.0981218251668142,5.172437787988467e-05
Rnf169,-0.058715311186374616,0.058715311186374616,0.015591147321939927
Aplp2,-0.10030037173387896,0.10030037173387896,3.5032317111578234e-05
Gm17066,-0.03874832923281045,0.03874832923281045,0.11067279346929866
Rabif,-0.023302868202281054,0.023302868202281054,0.33751162747000524
Lats2,-0.037574607853178885,0.037574607853178885,0.12190607573052548
Ufd1l,0.07419600297852721,0.07419600297852721,0.002231614334026963
Scnn1a,-0.00044278518643467695,0.00044278518643467695,0.9854620977842348
Polr2c,-0.004512415764077369,0.004512415764077369,0.8526827026423068
Rhbdd2,-0.04141326620748291,0.04141326620748291,0.0881987713918221
Tmem55b,-0.013729826284185682,0.013729826284185682,0.5720475054503996
1110038F14Rik,0.009707363366358962,0.009707363366358962,0.689533399580519
Pomt1,-0.05076758428422812,0.05076758428422812,0.03656898502142523
Brd1,-0.0704712350228623,0.0704712350228623,0.003688357499495349
Vps25,-0.04042263174504014,0.04042263174504014,0.09608072428783322
Itih5,-0.0638929892217274,0.0638929892217274,0.008487789536475788
Fam114a2,-0.04770719299855482,0.04770719299855482,0.04948691670371033
Gm15800,-0.047686100439834095,0.047686100439834095,0.049587762051828965
Esyt2,-0.025383825895754986,0.025383825895754986,0.2961304209435442
Zfp942,0.006646975649200446,0.006646975649200446,0.7844378328841604
2310030N02Rik,0.005862781948153454,0.005862781948153454,0.8093472557179773
Uck1,0.01034949734728555,0.01034949734728555,0.6701693822599727
Fgfr3,-0.08932117494419745,0.08932117494419745,0.0002303940688164478
Tceb1,0.043240728456039705,0.043240728456039705,0.07502983090497732
Sult1b1,0.13374069468446148,0.13374069468446148,3.228490504126916e-08
A230051G13Rik,0.011548245568518505,0.011548245568518505,0.6346080315657875
Ccdc132,-0.011762686817319155,0.011762686817319155,0.6283314454855414
Luc7l3,0.00947087652065286,0.00947087652065286,0.6967171721440523
Prr12,0.007385713494340477,0.007385713494340477,0.7611719337756476
Cox7a1,0.03289323886899268,0.03289323886899268,0.17573825153057038
Tnks1bp1,-0.03989275164420944,0.03989275164420944,0.1005223476141723
Serpina3k,-0.030921609116233085,0.030921609116233085,0.2030906981355683
Pik3c2a,-0.05497868112283135,0.05497868112283135,0.023561575514200243
Pacsin3,-0.03891470147624848,0.03891470147624848,0.10914881296456024
Tsen15,-0.011877207926107218,0.011877207926107218,0.6249903982985239
Heatr6,-0.063314441185032,0.063314441185032,0.009103494698230625
Asah1,0.0009954994460343609,0.0009954994460343609,0.9673222356572994
Mup5,0.13410538652275084,0.13410538652275084,2.9600317674250894e-08
Bco2,0.064032292397426,0.064032292397426,0.008345213614873776
Rnf130,-0.08484218589403657,0.08484218589403657,0.00046920610025893907
Phrf1,-0.0418000811652682,0.0418000811652682,0.08526612879645484
Sorbs2,-0.04346265052326573,0.04346265052326573,0.0735460084353467
Atg13,-0.03886355694238587,0.03886355694238587,0.10961552487629996
BC016495,-0.047600231341822744,0.047600231341822744,0.05000008903877603
Psmd10,0.006302109113596327,0.006302109113596327,0.7953667761484786
Nenf,-0.04288364879899368,0.04288364879899368,0.07746854203959873
Aspa,-0.014674214803118769,0.014674214803118769,0.5459047339940375
Rbms1,0.02155039254368498,0.02155039254368498,0.3751068176398594
1700020I14Rik,0.006530618375370863,0.006530618375370863,0.7881206084177687
Prox1,-0.015071901179414012,0.015071901179414012,0.5350757754402524
1200014J11Rik,0.007250794579001747,0.007250794579001747,0.765405701146717
Itsn1,-0.010452713354427184,0.010452713354427184,0.6670767416298246
Ttc13,-0.08107244098642577,0.08107244098642577,0.0008323464074028289
Narg2,-0.03141004031557564,0.03141004031557564,0.19604221286467213
Ubxn4,-0.07966728143523365,0.07966728143523365,0.001024536419120677
Smad9,-0.056613436598165964,0.056613436598165964,0.01971989168590432
Ap4b1,-0.005303122905640608,0.005303122905640608,0.8272448600043453
Ppm1l,-0.04335726893951858,0.04335726893951858,0.07424759719218554
Zfp574,-0.02115818890071345,0.02115818890071345,0.38386194583935274
Pik3c3,0.014699520332479447,0.014699520332479447,0.545212445640163
Tmcc3,0.004100705529680603,0.004100705529680603,0.8659904647665594
Ttyh3,-0.05898816296513466,0.05898816296513466,0.0151152464796425
Dnmt1,-0.06629776050207617,0.06629776050207617,0.006308479209858515
Tmem199,-0.03535411601527923,0.03535411601527923,0.14557153099903627
Slc1a4,-0.06790631376438505,0.06790631376438505,0.005146453141951848
Atad2,-0.04119250270841801,0.04119250270841801,0.08990857837395666
Abhd6,-0.08977147901616343,0.08977147901616343,0.0002141039649156056
AI597479,-0.03147879609313442,0.03147879609313442,0.1950645660497792
Rpap3,-0.060836899147824,0.060836899147824,0.012214328823533113
Exoc2,-0.07906466233547507,0.07906466233547507,0.001118908793100374
Morn2,0.020285152504518886,0.020285152504518886,0.4037944602319777
Fam135a,-0.07493506830699206,0.07493506830699206,0.002014527575822548
Blvra,-0.02212235724597899,0.02212235724597899,0.36256196466284224
Ptdss2,-0.04896065916043538,0.04896065916043538,0.043795180989075255
Zfp64,-0.04797499068806935,0.04797499068806935,0.04822142926714833
Mta1,-0.05453278313852877,0.05453278313852877,0.02471599588279299
2410016O06Rik,-0.009663279003691842,0.009663279003691842,0.6908704574929797
0610012H03Rik,0.19391015731340666,0.19391015731340666,7.857078111849506e-16
Cd99l2,-0.04447117202312707,0.04447117202312707,0.06710195701578658
Stxbp6,-0.008391266954552765,0.008391266954552765,0.72985018985705
Atp11b,-0.06472430678317566,0.06472430678317566,0.007668188945872411
Cdc42se1,-0.05475623449115995,0.05475623449115995,0.024131506253066384
Usp40,-0.0511111093638735,0.0511111093638735,0.03531672501552729
Rnf34,-0.026475696767725126,0.026475696767725126,0.2758351559675935
Pqlc2,-0.06694652485737555,0.06694652485737555,0.0058140460634185445
Usp6nl,-0.029797011988376428,0.029797011988376428,0.22001672290875027
Uqcrb,0.17704814750388614,0.17704814750388614,2.0729897982950607e-13
Setx,-0.08261763382795093,0.08261763382795093,0.0006599045820464948
Sap30,0.007388975548786413,0.007388975548786413,0.761069658055919
Znrf3,-0.026828684345514754,0.026828684345514754,0.2694816688950595
Mto1,-0.050544926059385396,0.050544926059385396,0.03740067611860907
Cd3eap,-0.047859931338883,0.047859931338883,0.04876177870189019
Rnf38,-0.05372800913232392,0.05372800913232392,0.026923736527137365
Glcci1,-0.03386855983622679,0.03386855983622679,0.16326800501787772
Crem,0.04295580451746983,0.04295580451746983,0.07697061373941895
Med16,-0.023043815919289057,0.023043815919289057,0.3429112657804118
Prpf40b,-0.046671701319439644,0.046671701319439644,0.05464497737120355
Ccdc93,-0.02963910617413264,0.02963910617413264,0.22247200899219544
D030056L22Rik,0.029878401245218362,0.029878401245218362,0.21875881053379678
Tpk1,0.0368395987426142,0.0368395987426142,0.12938191681170946
Hdac6,-0.011534901133977338,0.011534901133977338,0.6349994914339111
2310008H09Rik,-0.022949696626186216,0.022949696626186216,0.34488665724715895
Fbxw4,-0.03897332081568308,0.03897332081568308,0.10861582330179635
Pold2,-0.007207587812698018,0.007207587812698018,0.7667630217090051
Lpar6,-0.009350458250793284,0.009350458250793284,0.7003856414222156
Poglut1,-0.03710259898621304,0.03710259898621304,0.12666707225006443
2410022L05Rik,-0.016147772936105056,0.016147772936105056,0.506332585723122
Tmem120a,-0.09168185548350556,0.09168185548350556,0.00015628050907814893
Pan3,-0.06229478100365231,0.06229478100365231,0.010286190075826224
Mknk1,-0.014469619691434878,0.014469619691434878,0.5515178243121578
Zfc3h1,-0.031240885489205235,0.031240885489205235,0.1984627055577432
Vbp1,-0.023426660377559805,0.023426660377559805,0.3349507090331933
Ost4,-0.007246894322621929,0.007246894322621929,0.7655281964176652
Arhgef3,0.03805057748590749,0.03805057748590749,0.11724784011790569
Usp36,-0.05229153997689097,0.05229153997689097,0.03128859075646313
Ndufb8,0.05248120301886887,0.05248120301886887,0.03067957330982646
Anapc10,0.013100022532331914,0.013100022532331914,0.5898059029693788
Stk4,-0.05427626178866963,0.05427626178866963,0.025402057627590634
Zfp654,-0.010843719073172893,0.010843719073172893,0.6554126565951865
Rps29,0.031134924097955596,0.031134924097955596,0.19999002272657665
2010003K11Rik,-0.09468931749897168,0.09468931749897168,9.405126352732519e-05
Trmt2a,-0.020549107116015347,0.020549107116015347,0.3977037235664235
Gpatch1,-0.04781822405010795,0.04781822405010795,0.04895889737246142
Ahdc1,0.044795967958481495,0.044795967958481495,0.06512827684172763
Edc4,-0.07870965507132516,0.07870965507132516,0.0011781990622505443
Rbm19,0.008369814723337119,0.008369814723337119,0.7305139322011618
Cct5,-0.02974151259553059,0.02974151259553059,0.22087746248619763
Mier3,-0.03457291641576024,0.03457291641576024,0.1546852716932917
Fbxl6,-0.0639961368688718,0.0639961368688718,0.008382011392318827
9630033F20Rik,-0.04174360211891287,0.04174360211891287,0.08568934856069721
Tmem184b,-0.05790627451812824,0.05790627451812824,0.017080538618003824
Rfx7,-0.05131527291468983,0.05131527291468983,0.034589947444747776
Gga2,-0.03257261622722544,0.03257261622722544,0.1799889038110656
Fam102a,-0.014541839516293037,0.014541839516293037,0.5495332325110377
Lysmd3,0.040086931457513394,0.040086931457513394,0.09887605908993335
Depdc5,-0.011835619245158004,0.011835619245158004,0.6262028242217806
Golt1a,-0.07159913164496362,0.07159913164496362,0.003175213478174897
Nup62,0.013708207222840718,0.013708207222840718,0.5726528625493367
Tep1,-0.029069374704717734,0.029069374704717734,0.23149356718044173
Kdelr1,-0.08769172427354588,0.08769172427354588,0.0002995710698070446
Unc119,-0.0625401598886686,0.0625401598886686,0.00998973091636466
Fam195b,-0.013302217618579052,0.013302217618579052,0.58407704735611
Tmem25,-0.0022023618959481185,0.0022023618959481185,0.9277849615643597
Pde6d,0.0050482260194638084,0.0050482260194638084,0.8354267389983997
Rapgef1,-0.04534489796917951,0.04534489796917951,0.06190148685364787
Rdm1,0.0653125765127281,0.0653125765127281,0.007131798367439064
Smc1a,-0.024640446464693398,0.024640446464693398,0.31050569229419156
Tlk2,-0.0506847826638198,0.0506847826638198,0.03687641504052115
Arl15,-0.03426895895920266,0.03426895895920266,0.15834609534019847
Serpina3n,-0.05570440131810475,0.05570440131810475,0.02178259229070662
Fam114a1,-0.05349362826385411,0.05349362826385411,0.02759787876770649
Zfp84,-0.019619370551635457,0.019619370551635457,0.41940315649050036
Tmem51,0.06010850888666644,0.06010850888666644,0.013292550770852956
Capn1,-0.01605385190883456,0.01605385190883456,0.508809073770726
Zfp36l2,0.017001433460082226,0.017001433460082226,0.48411702685134406
Gprc5c,-0.06784914251927676,0.06784914251927676,0.005184191687046741
Smarca4,-0.0787885918282559,0.0787885918282559,0.001164770338581722
Cog1,-0.006328076102524961,0.006328076102524961,0.794542445642461
Def8,-0.00986312005746805,0.00986312005746805,0.6848171484911574
Ampd2,-0.045633715301858245,0.045633715301858245,0.060257512331916036
Napg,0.021264416414949004,0.021264416414949004,0.3814783856232045
Ing3,0.014414924619207459,0.014414924619207459,0.5530231763426994
Stradb,-0.0367943778617823,0.0367943778617823,0.1298532292204869
Lcorl,-0.05279087004303527,0.05279087004303527,0.029707075874121233
Fam20a,0.005405492279842812,0.005405492279842812,0.8239641409589518
Cnnm3,-0.023976911407817412,0.023976911407817412,0.32371936609074786
St7,-0.030666362578377522,0.030666362578377522,0.20684666499037146
Mkl2,-0.03851122350201703,0.03851122350201703,0.11287365175487303
Pdk4,0.03675014189465292,0.03675014189465292,0.13031556379333287
Cox18,0.03148010592454968,0.03148010592454968,0.19504597613627714
Scaper,-0.05097954644752771,0.05097954644752771,0.03579192623408796
Hnrnpd,-0.10411923538426575,0.10411923538426575,1.735840921360477e-05
Itsn2,-0.009385767748159309,0.009385767748159309,0.6993092306963723
Slc45a3,-0.03088613597510331,0.03088613597510331,0.203609697713369
Edc3,-0.0028782280896982246,0.0028782280896982246,0.9057146430363722
Dctn6,0.002989217639827636,0.002989217639827636,0.9020967797486116
Cecr5,-0.020641939717924832,0.020641939717924832,0.3955748377081745
Mphosph10,-0.048254079968710235,0.048254079968710235,0.04693159999064068
Psmg1,0.045911114804944045,0.045911114804944045,0.058712740046227466
Cirh1a,-0.057732999669293183,0.057732999669293183,0.017415282053574958
Trio,-0.0184920992920034,0.0184920992920034,0.44662430299250994
Cdh1,-0.10629120105162862,0.10629120105162862,1.1516612216645041e-05
Eftud2,-0.04676819320329552,0.04676819320329552,0.05414612113140688
Fam187b,0.04441442990745947,0.04441442990745947,0.0674517572801358
Agfg2,0.02020293495748452,0.02020293495748452,0.4057029618435254
Snx24,-0.04169431336272854,0.04169431336272854,0.08606007322168424
Pak4,-0.056468270986582456,0.056468270986582456,0.020037393679829957
9030619P08Rik,-0.09616267581016222,0.09616267581016222,7.293678408436109e-05
Snhg9,0.08050355042209506,0.08050355042209506,0.0009057313678609342
Pde12,-0.03559852982018769,0.03559852982018769,0.14280615442096306
Ears2,-0.02463267818848599,0.02463267818848599,0.31065830281562745
Galnt4,-0.060672788865317476,0.060672788865317476,0.012450260547255648
Rpl11,-0.02399276656829648,0.02399276656829648,0.3233994177787853
Rab12,-0.008127305668315335,0.008127305668315335,0.7380311971625138
Uap1,0.01745291604363864,0.01745291604363864,0.47258474774579295
Fbxl15,0.049574527329414544,0.049574527329414544,0.041215658391224805
Ppargc1a,-0.038104087244356585,0.038104087244356585,0.11673299915577488
Map3k5,-0.042125507783742314,0.042125507783742314,0.08286036555742246
Usp18,-0.05524217074678206,0.05524217074678206,0.022901619626834492
1110021J02Rik,0.011218511324202882,0.011218511324202882,0.644310476043486
Dguok,0.010097283015589991,0.010097283015589991,0.6777498786248746
Rnaseh2a,0.008135995128434739,0.008135995128434739,0.7377614046263227
Fastk,-0.07320050614398095,0.07320050614398095,0.0025579050556715616
Zfp187,-0.03463193124377011,0.03463193124377011,0.15398201087279506
Trove2,-0.019406348995824996,0.019406348995824996,0.4244711484385684
Tet3,-0.05209767173265013,0.05209767173265013,0.03192179312128313
Paip2b,0.01123878333902937,0.01123878333902937,0.6437121990779279
Nom1,-0.01774452293391033,0.01774452293391033,0.46521727979450983
C330019G07Rik,-0.05212924052801539,0.05212924052801539,0.031817942697117144
Nt5dc2,-0.07287596358337944,0.07287596358337944,0.002673353424801166
Dnajc13,-0.06433876990672618,0.06433876990672618,0.008039045573692841
Sall1,-0.07105069157720251,0.07105069157720251,0.003416005541255043
Sult1c2,-5.8572697093018516e-05,5.8572697093018516e-05,0.9980767866114905
Mll2,-0.0330755624953552,0.0330755624953552,0.17335470215532703
Leo1,0.0811475517758884,0.0811475517758884,0.0008230802082978024
Gpbp1l1,-0.06401508293008944,0.06401508293008944,0.008362710737883448
Noc4l,-0.06928901071364213,0.06928901071364213,0.00430607189619305
BC031781,0.01698328766768618,0.01698328766768618,0.48458369300236803
Tmod3,0.02926901858617643,0.02926901858617643,0.22830316370207415
Xrcc6bp1,-0.05144251086199585,0.05144251086199585,0.0341434952832434
Zfp513,-0.01767139450565408,0.01767139450565408,0.46705885885754894
Mta3,-0.027245495182078645,0.027245495182078645,0.262109518857626
Krr1,0.0005174699985572816,0.0005174699985572816,0.9830103256962662
Sun1,0.0025122582765568398,0.0025122582765568398,0.9176574073911055
B230208H17Rik,-0.05718488650375801,0.05718488650375801,0.018512298078180188
Atp8b1,-0.09910718226870703,0.09910718226870703,4.340902481760279e-05
Smad2,-0.03784513920146159,0.03784513920146159,0.1192410131430281
Fam193a,-0.03974855979554466,0.03974855979554466,0.10175889482553502
Hdhd2,0.019976871746629928,0.019976871746629928,0.4109782069534427
Tsen2,-0.0505798773412105,0.0505798773412105,0.03726906858996099
Ube2s,-0.04174784303651876,0.04174784303651876,0.08565751090323111
Sult2a5,-0.14907403755823417,0.14907403755823417,6.862787241452721e-10
Sirt5,-0.02974023831665254,0.02974023831665254,0.2208972535528119
Cxadr,-0.10748425665288339,0.10748425665288339,9.161799932883651e-06
Bivm,-0.03391795758136486,0.03391795758136486,0.16265462401125896
Phgdh,-0.1465919480724891,0.1465919480724891,1.316517331221567e-09
Tmem106c,-0.0016179983119966445,0.0016179983119966445,0.9469127521980871
Tbc1d2b,-0.021194482454658336,0.021194482454658336,0.3830465593858158
Trappc9,-0.027797985700471463,0.027797985700471463,0.2525538960216123
Snrnp48,-0.050474921161943284,0.050474921161943284,0.03766546527984644
Vac14,-0.06967338739502135,0.06967338739502135,0.004095650509976441
Polr3d,-0.02119646039223127,0.02119646039223127,0.3830021526811226
Prr24,0.01290903995228233,0.01290903995228233,0.5952407116764943
Nrd1,-0.09092642814110377,0.09092642814110377,0.00017712541097894934
Hibch,-0.04196690293025061,0.04196690293025061,0.08402591922458348
Uty,-0.029154924738740123,0.029154924738740123,0.23012258454005852
Rnf25,-0.029434984795199896,0.029434984795199896,0.22567486218360125
Mecp2,0.023368682645399708,0.023368682645399708,0.33614854710308445
Tm2d2,-0.07277498649039031,0.07277498649039031,0.0027102323816326794
Eml3,-0.02553125505007013,0.02553125505007013,0.2933332212307839
Elac2,-0.036768548365664074,0.036768548365664074,0.13012303278092455
Ddit4,-0.08148098024600552,0.08148098024600552,0.0007830890269692438
Clcc1,0.00019430876885477696,0.00019430876885477696,0.9936200033962149
Zbtb17,-0.007447368791325367,0.007447368791325367,0.7592395525275276
Gcc1,-0.035909900224696895,0.035909900224696895,0.13934177614479987
Plekhf1,0.04048312297419272,0.04048312297419272,0.09558380600370799
Sntg2,-0.013416032132736892,0.013416032132736892,0.5808637319249316
Arhgap42,0.0029140964138783393,0.0029140964138783393,0.9045452461467905
Zfp945,0.01565140032163851,0.01565140032163851,0.519492211430483
Ndnl2,-0.02524842372693617,0.02524842372693617,0.2987150933270858
Fam76b,-0.026854185653681056,0.026854185653681056,0.2690265841252817
Wfs1,-0.04535168796919246,0.04535168796919246,0.06186241614857982
Ccni,-0.07614786739264945,0.07614786739264945,0.0016998524927246
Zfp740,-0.027656913176143404,0.027656913176143404,0.2549704429281456
Nxt2,0.07533258147631158,0.07533258147631158,0.0019059428109806983
2210016L21Rik,0.017702869742701445,0.017702869742701445,0.4662657293117053
Daxx,-0.058446206554348915,0.058446206554348915,0.016073364382397547
Zfp830,-0.0016354725385440277,0.0016354725385440277,0.9463402747946545
Zfp715,-0.0073838722845670605,0.0073838722845670605,0.7612296633639507
Efna5,-0.03208577995761328,0.03208577995761328,0.18658836660386804
Bag1,0.010506679856579864,0.010506679856579864,0.6654619969653393
Rsrc2,0.025293086716393333,0.025293086716393333,0.29786087001344497
Igsf11,-0.10528922212446158,0.10528922212446158,1.393008628153948e-05
Dph5,0.005944661687278998,0.005944661687278998,0.8067368806467864
Golgb1,-0.051714311537672655,0.051714311537672655,0.03320626223586027
Stxbp3a,-0.00691993887273247,0.00691993887273247,0.775817427409283
Lin37,-0.00830803459044623,0.00830803459044623,0.7324265644187821
Csnk1d,-0.05173847494942338,0.05173847494942338,0.03312401607029552
Gpsm2,-0.00035308241869737647,0.00035308241869737647,0.9884070624471369
Pcsk4,-0.049811017333684995,0.049811017333684995,0.04025681139565374
Ptges2,-0.07273101528019571,0.07273101528019571,0.0027264362702548333
Coro7,-0.03409295182092682,0.03409295182092682,0.16049565897341359
2210018M11Rik,-0.030943527979168314,0.030943527979168314,0.20277048969110334
Scamp5,-0.049053453046081955,0.049053453046081955,0.04339672671607158
Araf,-0.05970131121208603,0.05970131121208603,0.01393124692365443
9430008C03Rik,-0.00948396671317993,0.00948396671317993,0.6963188122458508
Gm7120,-0.009555690447665851,0.009555690447665851,0.6941376080554058
Zbed3,-0.004550563032788276,0.004550563032788276,0.8514517215204394
Fgb,0.06724621003918863,0.06724621003918863,0.005597666427259821
Smarcal1,-0.024621421721384863,0.024621421721384863,0.3108795278153309
Nod1,-0.007534053877982692,0.007534053877982692,0.7565252362960985
Cybasc3,-0.014659400966561107,0.014659400966561107,0.5463102010229555
Fastkd3,-0.050133627756104436,0.050133627756104436,0.038979320995865194
Med9,-0.024712613922614753,0.024712613922614753,0.30909030060797316
Exoc6,0.03379385488905494,0.03379385488905494,0.16419893804602445
Casp8ap2,0.03186623371825627,0.03186623371825627,0.18962226124647413
Phf20,-0.03436221765083646,0.03436221765083646,0.15721599642669498
Rabl3,-0.05108147546677877,0.05108147546677877,0.035423289746645666
Tmed7,-0.12945871439681658,0.12945871439681658,8.793812661934837e-08
Phldb3,-0.015629913245584288,0.015629913245584288,0.5200658240022561
Ercc2,-0.02616849027413331,0.02616849027413331,0.2814470851890275
Arhgap17,-0.010063411521961108,0.010063411521961108,0.6787704208903468
2610528J11Rik,0.06512234380497042,0.06512234380497042,0.007301453649825909
Bfar,-0.08691794803448658,0.08691794803448658,0.0003388328263015164
Snrpb2,0.06620847540854516,0.06620847540854516,0.0063794063194941315
Sdr39u1,0.023581305052703935,0.023581305052703935,0.33176915850221855
Fig4,-0.05227544380924552,0.05227544380924552,0.03134075018465213
Slc16a5,-0.03427165311295251,0.03427165311295251,0.15831336189789919
Chmp2b,0.00624373311493644,0.00624373311493644,0.7972207733547649
Abhd15,-0.05120093673040542,0.05120093673040542,0.034995370609098284
Sulf2,-0.0214716782642502,0.0214716782642502,0.3768539897858283
Prkar2a,-0.04972349146131915,0.04972349146131915,0.04060945800886103
Dcp2,0.017622483596036062,0.017622483596036062,0.4682928237274499
Zfp2,0.0034398664745816515,0.0034398664745816515,0.8874288705826356
Utrn,-0.04898893180103467,0.04898893180103467,0.04367345342391387
Rnmtl1,0.023891930862817958,0.023891930862817958,0.32543773680005483
BC017612,0.09153403925649997,0.09153403925649997,0.00016016842015987743
Cela1,0.11910093713783221,0.11910093713783221,8.708644835420875e-07
Prpf4,-0.009567090978800166,0.009567090978800166,0.6937911367770931
Snrnp40,0.041747107814345596,0.041747107814345596,0.08566302972032923
Slc38a9,0.008471902732092014,0.008471902732092014,0.7273570918590142
Atp5sl,-0.01778415935531824,0.01778415935531824,0.4642208113313687
Sumf2,-0.042600985423769014,0.042600985423769014,0.07944443913792007
Mzt1,0.01074074587110626,0.01074074587110626,0.6584764585602866
4930481A15Rik,0.004009648859850799,0.004009648859850799,0.8689389721976685
Zc3h7a,-0.04696099665258975,0.04696099665258975,0.0531607104894069
Eef2k,-0.03345242795843165,0.03345242795843165,0.16850452583824257
4930528F23Rik,0.05510985475907339,0.05510985475907339,0.023230995190839626
Pigu,-0.020540635344946087,0.020540635344946087,0.397898345641078
Steap3,-0.030615092508913092,0.030615092508913092,0.20760714401428368
Csrp2bp,-0.0721909975066086,0.0721909975066086,0.002932779868156142
Rab13,0.03003558353950901,0.03003558353950901,0.21634410463364964
Fam199x,-0.030103389677276,0.030103389677276,0.21530837579862622
Leprotl1,-0.03432589840364105,0.03432589840364105,0.15765538090942766
2310035C23Rik,-0.04699272147121437,0.04699272147121437,0.053000009211531154
Rin2,-0.04405874945476497,0.04405874945476497,0.06967873237290341
Nmi,0.09804748194602506,0.09804748194602506,5.240943880259804e-05
Manba,0.003191798663366871,0.003191798663366871,0.8954986488330237
Tfeb,-0.044825423335446035,0.044825423335446035,0.0649516768759667
Fam173a,0.047492224510603365,0.047492224510603365,0.05052279137681636
Alg8,-0.07747888332023428,0.07747888332023428,0.0014069372140169214
Arhgef5,-0.0532336659229706,0.0532336659229706,0.028362566092668934
Zfp53,0.019325058226591283,0.019325058226591283,0.4264145245697551
Apom,-0.13111159115799095,0.13111159115799095,5.995609450561465e-08
Gorasp1,-0.04867031316653353,0.04867031316653353,0.045061910222721616
Ptprg,-0.01529362728459055,0.01529362728459055,0.52908553725938
Abca8b,-0.08692292082163683,0.08692292082163683,0.00033856581621053
Aff4,-0.09883067795964942,0.09883067795964942,4.560473472270886e-05
Ttc5,-0.017315860385502216,0.017315860385502216,0.47606951759006677
Trmt61a,-0.05249575736442438,0.05249575736442438,0.03063326164910378
Mrpl1,0.02931592597532689,0.02931592597532689,0.22755812267878556
Ces1b,-0.17693595444724486,0.17693595444724486,2.1475548716670693e-13
Abtb2,-0.02048926384332457,0.02048926384332457,0.39907973134187613
Magohb,-0.03400990047885953,0.03400990047885953,0.1615175791375671
Trim2,0.044749625383494515,0.044749625383494515,0.0654069250183213
Rbbp9,-0.02217366009295554,0.02217366009295554,0.36144971785910207
Rarres1,0.11064833015164109,0.11064833015164109,4.936973045548717e-06
Ube4a,-0.06722064545747967,0.06722064545747967,0.005615837325357179
Ezh1,-0.008019711675052561,0.008019711675052561,0.741374464051674
Gemin5,-0.0011155812022675717,0.0011155812022675717,0.9633831093868961
Kin,-0.013897408259607166,0.013897408259607166,0.5673653654832919
F5,-0.05060248515755886,0.05060248515755886,0.0371841497934681
Zcchc10,0.020903894443495774,0.020903894443495774,0.3896047572708134
Kat2a,-0.025014080182371272,0.025014080182371272,0.30322390139963407
Mrpl10,-0.05689191047968714,0.05689191047968714,0.01912309081433168
Abcc2,-0.12540490801939078,0.12540490801939078,2.2052446902257955e-07
Hist1h4h,0.04865194709389904,0.04865194709389904,0.04514306567941531
C2cd3,-0.005371438033729225,0.005371438033729225,0.8250551684865272
Spg11,0.016068707661846468,0.016068707661846468,0.5084169388767155
Mkrn2,0.03638591278873014,0.03638591278873014,0.13417097982568782
Ndufa10,-0.011449852486399854,0.011449852486399854,0.637496791440433
Bre,0.029977788587739234,0.029977788587739234,0.2172297388321583
Chd1,-0.06874981574142702,0.06874981574142702,0.00461776088986298
Invs,0.0037877473861722306,0.0037877473861722306,0.8761319169258777
Psmd5,-0.1208216065043949,0.1208216065043949,6.02665573471175e-07
Fam58b,-0.013771112929151948,0.013771112929151948,0.5708922796752169
Qtrt1,-0.050722013629350256,0.050722013629350256,0.036737910984607845
Ncstn,-0.07309695449648922,0.07309695449648922,0.0025942365267463685
Unc50,-0.04432870779997511,0.04432870779997511,0.06798305353060988
Ndufab1,0.06109356643820994,0.06109356643820994,0.011853265342138724
Mipep,-0.023022056553075418,0.023022056553075418,0.3433673117151508
Kmo,0.050684250554728486,0.050684250554728486,0.03687839777199932
Tbp,-0.003073262338930318,0.003073262338930318,0.899358569289291
Tm9sf4,-0.07522632418939512,0.07522632418939512,0.0019344296032560212
Grem2,-0.0030654664231435447,0.0030654664231435447,0.899612513545433
Aldh1b1,0.09019259419672551,0.09019259419672551,0.00019985326005842014
Muted,0.06923469880648224,0.06923469880648224,0.00433658112256452
Gm19619,-0.07085918675705849,0.07085918675705849,0.003503921833328476
Cyp2d13,-0.0394542169940529,0.0394542169940529,0.10432063579581026
Inpp5k,-0.04330581324555196,0.04330581324555196,0.07459214911614558
Magi1,-0.01784310543141522,0.01784310543141522,0.4627410916004497
Usp19,-0.0684614592117448,0.0684614592117448,0.004792698070877509
Raver1-fdx1l,0.07677498299239385,0.07677498299239385,0.001555488362361668
Kif3b,-0.04656459498415502,0.04656459498415502,0.05520318869053613
Zfp560,0.02231242403263353,0.02231242403263353,0.3584520363150782
Zfp266,-0.014858565291967022,0.014858565291967022,0.5408714143937127
Agap1,-0.02263260315846566,0.02263260315846566,0.3515951076316295
Vezt,-0.02773235983615407,0.02773235983615407,0.25367606423369754
Morc3,-0.05733402116831023,0.05733402116831023,0.01820798679314763
D9Ertd402e,0.009812707120824132,0.009812707120824132,0.6863422999331547
Rab2a,-0.0329582831958338,0.0329582831958338,0.1748851289159822
Traf6,-0.003412076542705665,0.003412076542705665,0.8883323279713538
Mrpl48,0.016590033924199617,0.016590033924199617,0.4947568182738752
Kif5b,-0.08979679424644395,0.08979679424644395,0.0002132210375207516
Ttc39b,-0.0032948831383365256,0.0032948831383365256,0.8921438948242966
Kdm5c,-0.015199698503268765,0.015199698503268765,0.53161898611766
Thpo,-0.0006466076276910437,0.0006466076276910437,0.9787713541471816
Exosc6,-0.03976418054759415,0.03976418054759415,0.10162435421058959
Pgm3,-0.015627238412274664,0.015627238412274664,0.5201372533854308
Ccdc115,-0.037225609243257546,0.037225609243257546,0.12541259259602094
Mum1,-0.007754052440629485,0.007754052440629485,0.7496500885796289
Vars2,-0.06590701087303703,0.06590701087303703,0.00662421415464489
Utp15,-0.05278543486087264,0.05278543486087264,0.029723913785597415
Aptx,0.010504976376173298,0.010504976376173298,0.6655129435761107
Ficd,-0.04927243354455887,0.04927243354455887,0.042468547060988196
Gtf2e1,0.002675871322517458,0.002675871322517458,0.9123157331842467
Cab39,-0.06556130390625772,0.06556130390625772,0.006915312420038075
Gm10319,0.028998882463760024,0.028998882463760024,0.23262758867019692
Msrb3,-0.029989820586342468,0.029989820586342468,0.21704514933539137
Nanp,-0.05060274748338359,0.05060274748338359,0.037183165419857396
Mageh1,-0.055910380632425274,0.055910380632425274,0.021299443478177013
Med20,-0.04207451751525952,0.04207451751525952,0.08323364600610265
Chic2,-0.0569326688950948,0.0569326688950948,0.01903707775688916
Pycr2,-0.024755263032267147,0.024755263032267147,0.30825584666833555
Rft1,-0.04575310026989721,0.04575310026989721,0.05958860771492017
Arfip2,-0.0434082256234042,0.0434082256234042,0.07390766844457793
Ankle2,-0.0567035565205653,0.0567035565205653,0.019525000064541286
Csgalnact2,0.013574280609537371,0.013574280609537371,0.5764097076161406
Dusp28,-0.050827526615647683,0.050827526615647683,0.03634779191053263
Prhoxnb,-0.022922055782754865,0.022922055782754865,0.34546816271586195
Mrps27,-0.011301302810027615,0.011301302810027615,0.6418685496452251
Mug-ps1,-0.04465961855214246,0.04465961855214246,0.06595092351846962
Ccdc12,0.01971155332307136,0.01971155332307136,0.41722110479673946
Prss53,-0.03127229278228572,0.03127229278228572,0.19801164533582158
Scaf1,-0.024677898143965916,0.024677898143965916,0.3097706347226018
Zbtb11,-0.005456572212201267,0.005456572212201267,0.8223282833794451
Agrn,-0.05593180982544275,0.05593180982544275,0.021249718411023397
D1Bwg0212e,-0.0009313318391485099,0.0009313318391485099,0.9694275035463679
Sgsh,-0.043765337335721834,0.043765337335721834,0.0715609157785922
Nagpa,-0.036483120404979204,0.036483120404979204,0.13313350412339223
Usp45,-0.04097789030031871,0.04097789030031871,0.09159620031523456
2310003L22Rik,0.022310256805512366,0.022310256805512366,0.35849873394143095
Dmxl2,-0.04490388332991731,0.04490388332991731,0.06448319443238187
Rrp9,-0.07356235318670454,0.07356235318670454,0.0024345702354686056
1190005I06Rik,-0.029123168345423726,0.029123168345423726,0.2306308220520064
Fam179b,-0.026126044344843072,0.026126044344843072,0.28222851497447166
Mtcp1,-0.02126099854954404,0.02126099854954404,0.38155493498734644
Mmaa,0.010258592320669724,0.010258592320669724,0.6728977871030108
Tppp,-0.004124275655076879,0.004124275655076879,0.8652275419703815
Eml4,-0.04470040574450213,0.04470040574450213,0.06570394715009521
A930005H10Rik,-0.025666317520929138,0.025666317520929138,0.29078625338135966
Bcl2l2,-0.03096088135625149,0.03096088135625149,0.2025172382876873
Add3,-0.04514087297425799,0.04514087297425799,0.06308502874027519
Arhgef1,-0.05615050334654152,0.05615050334654152,0.02074800310373531
Zfp219,-0.03685328470213361,0.03685328470213361,0.12923953753022074
Ubr7,-0.049982611767135005,0.049982611767135005,0.03957297440106917
Dock9,-0.0087599093055335,0.0087599093055335,0.7184761842562553
Rasgrp2,0.050076363494837406,0.050076363494837406,0.03920353478723512
Cenpw,-0.012528716464573734,0.012528716464573734,0.6061310512117237
Zbtb10,-0.03275604215396148,0.03275604215396148,0.1775478889946317
Gm11837,-0.027078913220243604,0.027078913220243604,0.2650389870553814
Tagap1,0.010893306428160663,0.010893306428160663,0.653939325098954
Frk,-0.06540497153676876,0.06540497153676876,0.0070506804325510385
Gpam,-0.0394407363075691,0.0394407363075691,0.10443917624286428
Il11ra1,-0.015790497432143016,0.015790497432143016,0.5157868233060658
Gripap1,-0.03360412025655878,0.03360412025655878,0.16658126220988298
Smarcd1,-0.0389082515541113,0.0389082515541113,0.10920758412207765
Abcd2,-0.08712993995090149,0.08712993995090149,0.0003276230245900651
Bbc3,0.048336465116667074,0.048336465116667074,0.046556441651086876
1810030O07Rik,0.010169756164774469,0.010169756164774469,0.6755682604944516
B230120H23Rik,-0.037709388478091355,0.037709388478091355,0.12057256436308038
Supt3h,0.08694307706833315,0.08694307706833315,0.00033748555463941637
Pold4,0.060976906685816706,0.060976906685816706,0.012016185929062
Zfyve27,-0.022063577798866432,0.022063577798866432,0.3638389335272633
2310067B10Rik,-0.07068951788619628,0.07068951788619628,0.0035835269804290492
Cc2d1a,-0.05719577315745322,0.05719577315745322,0.018489934205824156
Mgrn1,-0.045952487721889985,0.045952487721889985,0.058485184469215426
Nubp1,-0.032760399232022,0.032760399232022,0.17749020638406623
Morf4l2,-0.04203149271281095,0.04203149271281095,0.08354967198373739
Cpsf4,0.04832013065177261,0.04832013065177261,0.04663062301814579
Nufip1,0.05516742572435207,0.05516742572435207,0.023087181537246704
Vta1,-0.005580683110005341,0.005580683110005341,0.8183568040023758
Wrnip1,-0.04034849031802074,0.04034849031802074,0.09669259018429564
Ccdc85b,-0.06813808375947007,0.06813808375947007,0.0049959906423442755
Ncoa2,-0.0887290981988388,0.0887290981988388,0.00025358519399775825
Papss2,0.039326312993871085,0.039326312993871085,0.1054496496189608
B4galt1,-0.1013634118940144,0.1013634118940144,2.8883105240841576e-05
D19Ertd386e,-0.039480795948243864,0.039480795948243864,0.10408723044447638
Phf7,-0.023379825407891807,0.023379825407891807,0.335918120610165
Cstf2,-0.06929173670577793,0.06929173670577793,0.004304545731824846
Rab3a,0.024104357276044326,0.024104357276044326,0.32115340632322986
Hnf1b,0.01688289097088531,0.01688289097088531,0.4871700510178595
Adsl,-0.03638050399340584,0.03638050399340584,0.1342288896650127
Aqr,0.02330951060614872,0.02330951060614872,0.33737389611267354
Tspan7,-0.03229844883997227,0.03229844883997227,0.18368382126550503
Slc25a5,0.02878519499667289,0.02878519499667289,0.2360892624934094
Pglyrp2,-0.03964134848129389,0.03964134848129389,0.10268612663478914
0610010F05Rik,-0.04389697889132398,0.04389697889132398,0.07071137403732188
Thtpa,0.020182918748555618,0.020182918748555618,0.4061684082254184
Gm14326,0.014015876738142396,0.014015876738142396,0.5640665304227384
Parp14,-0.02558820987699232,0.02558820987699232,0.29225736607080094
Arhgap21,-0.06588202173514118,0.06588202173514118,0.006644880827785339
Nudt16,0.009835909776236003,0.009835909776236003,0.6856401869403811
Cars,-0.12901078580270295,0.12901078580270295,9.747702243200984e-08
Pank4,-0.03598418495693437,0.03598418495693437,0.1385248968320713
Usp46,-0.0333381055419819,0.0333381055419819,0.1699649551182502
Dclre1c,0.0008272047994214438,0.0008272047994214438,0.972844242585064
Agmo,0.017489712631291947,0.017489712631291947,0.4716515549332829
Fndc4,-0.03795264238005455,0.03795264238005455,0.11819472784583811
Pknox1,-0.05738844580377335,0.05738844580377335,0.018098027509691885
Cdc42bpa,-0.06640579292071828,0.06640579292071828,0.006223608039684342
Gstt1,0.14210413203693972,0.14210413203693972,4.158980330755304e-09
Serf1,-0.03517691694501329,0.03517691694501329,0.1476019001980635
Akt2,-0.08326100752539484,0.08326100752539484,0.0005984166308925906
Ocel1,0.02320811884249663,0.02320811884249663,0.3394802006054322
Smoc1,-0.08260380126882191,0.08260380126882191,0.0006612888430115618
Zfp691,-0.03954802953452989,0.03954802953452989,0.103498663196608
Shprh,-0.011541622767866262,0.011541622767866262,0.6348022991075317
Atxn2l,-0.04455231823241598,0.04455231823241598,0.06660430551702527
Bcar3,-0.014911172557760132,0.014911172557760132,0.5394393401796108
Gmeb2,0.030519619981088687,0.030519619981088687,0.20902866553381688
Osgepl1,0.06285883013364403,0.06285883013364403,0.00961608433193329
Gca,-0.0396171119853586,0.0396171119853586,0.10289666706184711
Glrx3,0.041448675388319006,0.041448675388319006,0.0879269818327034
Polr3h,-0.08218879839098461,0.08218879839098461,0.0007040954522598594
Thoc1,-0.02887403891834265,0.02887403891834265,0.23464562131771602
Pdgfa,-0.01135333753802708,0.01135333753802708,0.6403357663470172
Sdsl,0.03406677666965821,0.03406677666965821,0.16081720758003037
Ino80e,0.012552923220955473,0.012552923220955473,0.6054352569293544
Pds5a,0.006876005401601833,0.006876005401601833,0.777203051610278
2210015D19Rik,0.04937510839340863,0.04937510839340863,0.0420391556168947
Eif3g,-0.0009857451367511084,0.0009857451367511084,0.9676422494048526
Lhpp,0.0047394920162885,0.0047394920162885,0.845360523589656
Slc35e1,-0.0709868138147155,0.0709868138147155,0.003445105087226705
Ncoa4,0.002251721660987834,0.002251721660987834,0.9261710363292329
Fam45a,0.028733677355648475,0.028733677355648475,0.23692925155079828
Dhx33,-0.09504417480990508,0.09504417480990508,8.849394433967678e-05
Prss36,0.032974641794046494,0.032974641794046494,0.1746710560734673
Taf12,-0.01664025758871173,0.01664025758871173,0.4934512552905342
Gusb,-0.09845276004724121,0.09845276004724121,4.877644554561761e-05
Wdr89,0.11179873879420818,0.11179873879420818,3.926519712752261e-06
2010305A19Rik,0.014890328889525541,0.014890328889525541,0.5400065191868714
Hivep1,-0.03801555566671385,0.03801555566671385,0.11758576360112638
Lrrfip1,-0.008404990113839307,0.008404990113839307,0.729425694703155
Abtb1,-0.06594266741265546,0.06594266741265546,0.006594825235796168
Fxn,-0.03197420212296137,0.03197420212296137,0.18812574507622884
Reps1,-0.05254117863738651,0.05254117863738651,0.030489117497074107
Nqo2,0.03863957809747965,0.03863957809747965,0.11167800106893301
Alg14,0.018031915291473296,0.018031915291473296,0.4580191449666982
Mob1b,0.0012489039648902467,0.0012489039648902467,0.9590106790392133
Heca,-0.04557631291263034,0.04557631291263034,0.06058134074510978
Foxp2,-0.016845538141771903,0.016845538141771903,0.4881342093466082
Arl6,-0.03383755175148975,0.03383755175148975,0.16365392737057885
Tmsb4x,0.108428787355049,0.108428787355049,7.631183815524717e-06
Creb1,-0.03813393914529421,0.03813393914529421,0.116446552713016
1110008L16Rik,-0.006932280852983681,0.006932280852983681,0.77542829991545
Rwdd3,0.08153155921983204,0.08153155921983204,0.000777182468532358
Kdm2a,-0.07171647806494627,0.07171647806494627,0.0031257439900978117
Serpinb9,0.04032144453625379,0.04032144453625379,0.09691656414553157
Pikfyve,-0.03210666148282998,0.03210666148282998,0.18630168304851985
Ubqln2,-0.0673584177695305,0.0673584177695305,0.00551853620202203
Xk,-0.03830394381993568,0.03830394381993568,0.11482576276277132
Riok1,-0.05851742840588573,0.05851742840588573,0.015944481626591317
Usp38,-0.0723190814684261,0.0723190814684261,0.0028825895900663695
Gab1,-0.06688410748587886,0.06688410748587886,0.0058600498711754555
Tcof1,-0.003569582553178182,0.003569582553178182,0.883213721102786
Dom3z,-0.03023587804110465,0.03023587804110465,0.2132949460733812
Zfp617,0.00525609377413163,0.00525609377413163,0.8287530569332956
Ssh2,-0.04855158485498041,0.04855158485498041,0.04558872101761459
Tjp2,-0.026969803675028308,0.026969803675028308,0.2669699316071533
Pcgf6,-0.049697428146262546,0.049697428146262546,0.040714972764028474
Gosr1,-0.03450523359964073,0.03450523359964073,0.15549482404397
Tmem2,-0.057767599189871954,0.057767599189871954,0.01734798492095897
Ctnnbl1,-0.007248445225583212,0.007248445225583212,0.765479486538837
Tbc1d5,-0.03587560922268399,0.03587560922268399,0.13972010818839564
Zfp865,-0.027312097863039057,0.027312097863039057,0.26094453876936957
C2,-0.028616853289455072,0.028616853289455072,0.2388418674898484
Tarsl2,-0.029432507273338165,0.029432507273338165,0.22571393777205048
1600002H07Rik,-0.003536296359105486,0.003536296359105486,0.8842950523545748
4930444A02Rik,-0.019318946715421746,0.019318946715421746,0.4265608385185411
Pvrl1,-0.06696967052846711,0.06696967052846711,0.005797069740002357
Ep300,-0.024648659867428344,0.024648659867428344,0.31034439088499133
Sec14l1,0.004494738919676795,0.004494738919676795,0.8532532416938771
Lrrk1,0.03723277520731197,0.03723277520731197,0.12533981213873113
Asb7,0.025093909888475492,0.025093909888475492,0.3016829157355368
Sowahc,-0.003961411556435188,0.003961411556435188,0.870501685904826
Rps6ka4,-0.03803062725758546,0.03803062725758546,0.11744024521412383
Tex261,-0.010868447995704234,0.010868447995704234,0.6546777468785351
Maf,0.00644468204462329,0.00644468204462329,0.7908435897801904
Lztr1,-0.07287611232845634,0.07287611232845634,0.0026732994396103174
Itfg2,0.0438360740347367,0.0438360740347367,0.07110338741863069
Lgmn,-0.049199770177628284,0.049199770177628284,0.042774663564687
1810011O10Rik,-0.058178609428395034,0.058178609428395034,0.016565820193497477
Gramd4,-0.04560852817694502,0.04560852817694502,0.060399425389314816
Sipa1l3,0.005671111787938726,0.005671111787938726,0.8154660606141136
Tmem20,-0.11883260086664926,0.11883260086664926,9.219012287262184e-07
Ppa1,0.11518174947051785,0.11518174947051785,1.976489677398526e-06
Net1,-0.0319272094170415,0.0319272094170415,0.18877602266083823
Wipf2,-0.055625026245836345,0.055625026245836345,0.021971303818055746
Rprd1a,0.02353422756601599,0.02353422756601599,0.3327356247131187
Fbxo38,-0.035672924696610424,0.035672924696610424,0.14197247401959784
Cdk5,-0.016320200114538753,0.016320200114538753,0.5018026064175446
Tasp1,0.010526883582692506,0.010526883582692506,0.6648578744767236
1700034H14Rik,-0.03725894204642736,0.03725894204642736,0.12507433033041754
Nup37,-0.028573841763626758,0.028573841763626758,0.23954877593235016
Hps3,-0.0011518179889145243,0.0011518179889145243,0.962194579565268
Pan2,-0.011012960759390794,0.011012960759390794,0.6503897274279028
Lace1,-0.026841244035921887,0.026841244035921887,0.26925746844588744
Litaf,0.13276374946800767,0.13276374946800767,4.069155794201477e-08
Metap1d,0.0006345410808305104,0.0006345410808305104,0.9791674177266295
G6pdx,-0.040593424745510184,0.040593424745510184,0.0946830022551825
Cnot6,0.01954613579891746,0.01954613579891746,0.42114146025781773
Naa16,-0.06651870560244844,0.06651870560244844,0.006136001936625319
Tmx3,-0.034188699160524944,0.034188699160524944,0.15932358609645542
Zmym4,-0.01921182704942573,0.01921182704942573,0.42913010510039123
Mynn,0.00437734274749998,0.00437734274749998,0.8570442610766298
Coq10a,0.006886752210477285,0.006886752210477285,0.7768640408133227
Tmem143,-0.03882070597978598,0.03882070597978598,0.11000776721294797
Fam172a,-0.024730895058763032,0.024730895058763032,0.3087324373525404
Cdc42bpb,-0.03552516528335442,0.03552516528335442,0.14363195998445757
Alkbh4,-0.045935508219091994,0.045935508219091994,0.058578484891987206
Bcl9l,-0.006080675582849946,0.006080675582849946,0.8024054397602604
Taz,-0.02005743173327307,0.02005743173327307,0.4090936682582987
Atat1,0.005806843633584653,0.005806843633584653,0.8111318239194594
Nt5dc3,-0.034508168421921656,0.034508168421921656,0.1554596542003981
Parp2,0.0015856042880623509,0.0015856042880623509,0.9479740929508268
Wdr12,-0.07797212934831677,0.07797212934831677,0.0013107543386459497
N4bp3,-0.053928683755417386,0.053928683755417386,0.026357877199258258
Alg11,-0.016932506052732194,0.016932506052732194,0.4858909676901701
Unc45a,-0.027584427120698467,0.027584427120698467,0.25621834415115163
Slc12a2,-0.020594866707268813,0.020594866707268813,0.3966534795912216
Pmpca,-0.04413195383742364,0.04413195383742364,0.06921552380424595
Aak1,-0.04527929458111919,0.04527929458111919,0.06228003075507257
Mob3b,-0.08481818563275212,0.08481818563275212,0.0004709560514092052
Pdk2,0.014915369749069608,0.014915369749069608,0.5393251660816738
Epn2,-0.060317510317554,0.060317510317554,0.01297488332173545
Med27,-0.003848314515095633,0.003848314515095633,0.8741675907839156
Lrrc45,-0.028130515493290972,0.028130515493290972,0.24692095620883384
Cdc5l,-0.0235103194707624,0.0235103194707624,0.33322713507145485
Stard13,0.022503614641397492,0.022503614641397492,0.35434746798090827
Senp7,0.016950907404320467,0.016950907404320467,0.48541704029762067
Optn,0.019092470823403745,0.019092470823403745,0.432003424845876
Akap8l,-0.015559384659529675,0.015559384659529675,0.5219509247368276
Nfix,-0.04126892884091221,0.04126892884091221,0.08931366821427482
Fchsd2,-0.04872896359731075,0.04872896359731075,0.04480356993001185
Cep350,-0.023073930414896256,0.023073930414896256,0.342280746355272
Clstn3,0.21296511348608738,0.21296511348608738,7.591039180179407e-19
Prr5,-0.012101705305459096,0.012101705305459096,0.6184632358543718
A130010J15Rik,-0.012081586120298356,0.012081586120298356,0.6190469771547807
Snx33,-0.001960950248011819,0.001960950248011819,0.9356825956657713
Pphln1,-0.035068585166196015,0.035068585166196015,0.14885378825867612
Samm50,-0.11394224373062713,0.11394224373062713,2.5474228259523607e-06
Tcf12,-0.09878967864970276,0.09878967864970276,4.593913232196542e-05
E4f1,-0.011164419912694417,0.011164419912694417,0.6459079726400867
Cyp4a32,-0.007643122828088867,0.007643122828088867,0.7531142909076319
Epha1,-0.08219597460773102,0.08219597460773102,0.0007033338742448543
Nmt1,-0.05864324462272506,0.05864324462272506,0.015719022466406798
Sec61a2,-0.025171327319856468,0.025171327319856468,0.30019347867586305
Fbxl20,-0.09059231163525654,0.09059231163525654,0.00018715453553290362
Tbl1x,0.0013077521133192903,0.0013077521133192903,0.9570810893488367
Llgl1,-0.008711281162843528,0.008711281162843528,0.719973046022578
Nat2,0.06309325966206786,0.06309325966206786,0.009349212014891315
Pkd2,-0.029224735428603484,0.029224735428603484,0.22900811483360992
Pink1,-0.030452358136123577,0.030452358136123577,0.21003437056988775
Zbtb44,0.002365909368203389,0.002365909368203389,0.9224385942216801
Plcl2,-0.05450416465966415,0.05450416465966415,0.02479173222815236
Myadm,-0.02913060677424846,0.02913060677424846,0.2305117040885715
Ppp2r5b,-0.05593260275447386,0.05593260275447386,0.02124788040994095
Ddx51,0.016922830606076147,0.016922830606076147,0.4861402594132028
BC031181,0.06832566736102956,0.06832566736102956,0.004877135934814015
Atg14,-0.0374528003650216,0.0374528003650216,0.12312111611224986
Cdk20,-0.03047417537395239,0.03047417537395239,0.20970777457825557
Fmnl2,-0.011543949012906826,0.011543949012906826,0.6347340601712106
Mme,0.07742071371791039,0.07742071371791039,0.0014186990733974253
Slc26a1,-0.07002312952620399,0.07002312952620399,0.00391233739118839
Nme7,-0.009832868704595332,0.009832868704595332,0.6857321944265642
Cno,0.0033165146636087717,0.0033165146636087717,0.8914401668449519
Mios,0.02383613909498237,0.02383613909498237,0.3265691058350759
Mblac2,-0.0038072369179847423,0.0038072369179847423,0.8754997444501081
Nfxl1,-0.0729706733934147,0.0729706733934147,0.0026391804378052323
Gfm2,-0.05705596130678728,0.05705596130678728,0.01877894607056801
C030006K11Rik,-0.05433436900066164,0.05433436900066164,0.025245225066100066
Nid2,-0.021366345258988912,0.021366345258988912,0.37919983189215534
Brd9,-0.020166896922181585,0.020166896922181585,0.40654120076852684
Smurf1,-0.027811372957775443,0.027811372957775443,0.25232540598576264
Tef,-0.10555158904472525,0.10555158904472525,1.3255264160370897e-05
Polr1a,-0.08890803600056249,0.08890803600056249,0.0002463553615516856
Pcp4l1,-0.04913166023760364,0.04913166023760364,0.043063287673290936
Dnase1l3,0.0302313871874249,0.0302313871874249,0.21336297063260282
2700023E23Rik,0.007240617053229056,0.007240617053229056,0.765725358788145
Gpr125,-0.020532556942074835,0.020532556942074835,0.39808398426904285
Prkce,-0.03554952935866251,0.03554952935866251,0.14335730833342328
Skiv2l2,-0.05104825139885559,0.05104825139885559,0.03554309071778327
Hipk2,-0.06250746971197935,0.06250746971197935,0.010028782071414345
Sel1l3,-0.039636742817831666,0.039636742817831666,0.10272610928015251
Arhgap26,0.0983472282064596,0.0983472282064596,4.969877786412816e-05
F2r,0.05308438896511508,0.05308438896511508,0.028809859021891503
Sfmbt1,-0.06114361318693441,0.06114361318693441,0.0117839747947174
Zfp523,-0.02262022273605559,0.02262022273605559,0.35185869290285127
Gimap9,-0.008968939665985505,0.008968939665985505,0.7120542012890487
Parp3,0.024186727313660027,0.024186727313660027,0.31950207217697824
Zc3h13,0.0016962741513508184,0.0016962741513508184,0.9443485559333633
Prepl,0.0035329598182878685,0.0035329598182878685,0.8844034547236213
Nars2,0.009134035736116966,0.009134035736116966,0.7069963563997094
Vps52,-0.045624711157202694,0.045624711157202694,0.06030821307628041
Camk1d,0.13193487710159546,0.13193487710159546,4.9455065667516496e-08
Alg3,-0.04240367137153962,0.04240367137153962,0.08084783520128455
Chchd8,0.018220938680818685,0.018220938680818685,0.4533190359263095
Cox11,-0.002063191483789209,0.002063191483789209,0.9323370189368244
Cxcl1,-0.029826639362837762,0.029826639362837762,0.21955821788735927
Asap3,-0.045560260581954365,0.045560260581954365,0.06067215535256703
Ints2,-0.02454271177980311,0.02454271177980311,0.3124293271971109
Opa1,-0.07240309360519057,0.07240309360519057,0.002850095807996859
Acsm3,0.004647635061080236,0.004647635061080236,0.8483209238755037
Dll1,-0.05406299142612836,0.05406299142612836,0.025984919554957457
Ywhae,0.020554874230949195,0.020554874230949195,0.3975712683862569
Kbtbd4,-0.009066876165723508,0.009066876165723508,0.7090522975138837
Pigx,-0.044343880905767435,0.044343880905767435,0.06788876261878363
Rtn4rl1,-0.03498139237642885,0.03498139237642885,0.14986726271321746
4430402I18Rik,-0.03402732646944036,0.03402732646944036,0.16130275197847405
Ppapdc2,-0.07346691330186925,0.07346691330186925,0.0024665615315818696
Eif2s2,-0.05647565778312267,0.05647565778312267,0.02002113049461272
E2f1,0.027338929177627966,0.027338929177627966,0.26047623164824213
Zfp426,0.028207734592928427,0.028207734592928427,0.24562556912688285
Ttpal,-0.036025126870217486,0.036025126870217486,0.13807625342435642
Rpusd4,-0.031723656867426966,0.031723656867426966,0.19161187839861074
Zfp943,0.020212216395356815,0.020212216395356815,0.40548724424991117
Nhp2l1,-0.008689906832884616,0.008689906832884616,0.7206313262618775
Cyp2b10,-0.045463094146272316,0.045463094146272316,0.061224274619727334
Acp2,-0.04710938816562897,0.04710938816562897,0.05241252092287774
Slc9a3r2,-0.06661033347889521,0.06661033347889521,0.006065727455812923
Pcca,0.022564147454189977,0.022564147454189977,0.35305412820845483
Mup4,0.09910050381604071,0.09910050381604071,4.346085661836909e-05
Gm20300,-0.03763382389738096,0.03763382389738096,0.12131878378283738
Phf13,-0.009743897972337413,0.009743897972337413,0.6884260555017969
Fxyd1,0.08880591608169616,0.08880591608169616,0.00025045741219953036
Azi1,-0.02026624431803025,0.02026624431803025,0.40423289652865674
Ccdc123,-0.01084361460652829,0.01084361460652829,0.6554157619087734
BC017158,-0.041964915182775904,0.041964915182775904,0.08404061046190231
Alg9,-0.010414914589340272,0.010414914589340272,0.6682086462494927
Farp1,-0.07273744636040722,0.07273744636040722,0.0027240608362857415
Tap1,0.046963777196993566,0.046963777196993566,0.05314660946914731
Smchd1,-0.02385905618966871,0.02385905618966871,0.3261040746947005
Bud13,0.00381676597590103,0.00381676597590103,0.8751906838910836
Uevld,-0.05552382236214315,0.05552382236214315,0.022213972444210688
Pltp,0.1850544996441797,0.1850544996441797,1.5683088444752333e-14
Zfp710,-0.03310691126150474,0.03310691126150474,0.17294731782397293
Ghdc,-0.04384346302813645,0.04384346302813645,0.0710557335774324
Chac1,-0.14419082357576865,0.14419082357576865,2.4469469528917365e-09
Smpd4,-0.06715779541408207,0.06715779541408207,0.005660736380944689
1810032O08Rik,-0.059352648917578146,0.059352648917578146,0.014499484604552169
Uhrf2,-0.07329297284203386,0.07329297284203386,0.0025258563342905127
Gm12191,0.018585982071825848,0.018585982071825848,0.4443195819951462
Trib3,-0.10185317692331455,0.10185317692331455,2.640874256386341e-05
Slc27a1,-0.014226316332290056,0.014226316332290056,0.5582295562477312
Zfp961,-0.03209464149726447,0.03209464149726447,0.1864666663116095
AI597468,-0.03808575182970658,0.03808575182970658,0.11690921209866263
Cry1,0.028174591369769433,0.028174591369769433,0.24618097798874483
Prdm4,-0.017214218863908386,0.017214218863908386,0.4786629101145413
Snx9,0.031972500014386625,0.031972500014386625,0.18814926972443805
Ccnt2,-0.0025856591559746313,0.0025856591559746313,0.9152605256301766
Hsp90b1,-0.12324943033130063,0.12324943033130063,3.5542473526104874e-07
Zc3h10,0.04794571951568904,0.04794571951568904,0.04835841562131724
4930402H24Rik,-0.05793833108771348,0.05793833108771348,0.017019231784245064
Apc,-0.051441513197774784,0.051441513197774784,0.03414697665251129
Tln1,-0.029536201193406757,0.029536201193406757,0.22408259584639564
Mars,-0.0801422067729256,0.0801422067729256,0.0009554077803384553
Cyp4a10,-0.20934990263892053,0.20934990263892053,2.987977182799909e-18
Cyp4a12a,0.13908569037513918,0.13908569037513918,8.837536293606723e-09
Ercc3,-0.00708800804709551,0.00708800804709551,0.770523282616867
Zfp612,-0.02140900391731978,0.02140900391731978,0.3782487133537485
Slc35a3,-0.04016387795886245,0.04016387795886245,0.09822967252536073
Tradd,0.02413598207749766,0.02413598207749766,0.32051874254401824
Cyp17a1,-0.07384213316849644,0.07384213316849644,0.0023429622967005505
Igsf5,-0.013368740934602783,0.013368740934602783,0.5821978960994145
Wwp2,-0.003659492105212046,0.003659492105212046,0.8802940224910407
Rspry1,-0.06027645732989033,0.06027645732989033,0.01303674616962325
Zfp277,-0.019511071919165505,0.019511071919165505,0.4219752314571493
Ppcs,-0.0939750542846772,0.0939750542846772,0.00010625049476688178
Asb3,-0.008527622677396467,0.008527622677396467,0.7256360232087119
Slc39a8,-0.00837122857242077,0.00837122857242077,0.7304701808176738
Tmem42,-0.016163036356842297,0.016163036356842297,0.5059307224979063
Dcun1d2,-0.05274524046464769,0.05274524046464769,0.02984868864140382
2610019F03Rik,-0.0008417798053137679,0.0008417798053137679,0.9723659589232034
Chrna2,-0.02242256502061215,0.02242256502061215,0.3560838436782506
Dtymk,0.02871060343626064,0.02871060343626064,0.23730615258037963
Eif2c1,-0.01128345424661862,0.01128345424661862,0.6423946652990713
P4ha2,-0.043848608323832736,0.043848608323832736,0.07102256547131999
Vps37b,0.051231833975888125,0.051231833975888125,0.034885414785518834
Kif3a,0.022104899631763403,0.022104899631763403,0.36294093391970267
Banp,-0.03962967689661667,0.03962967689661667,0.10278747394338637
Naa20,-0.0034463466161328386,0.0034463466161328386,0.8872182205839871
Hnrnpab,-0.053065814989657054,0.053065814989657054,0.02886593625839961
6430573F11Rik,-0.004158354986619137,0.004158354986619137,0.8641246770214145
Cyp2c54,-0.03536862654298686,0.03536862654298686,0.14540621866295536
Sorbs1,-0.006660300693553577,0.006660300693553577,0.784016393363549
Suds3,-0.04185976260402007,0.04185976260402007,0.0848207487508221
F11,-0.006588480404835704,0.006588480404835704,0.7862886443096719
Pttg1,0.10323767438162526,0.10323767438162526,2.04573793663978e-05
Acsf3,-0.05365833873994513,0.05365833873994513,0.027122627680747184
Phlpp1,-0.040220059807926145,0.040220059807926145,0.09775985212861153
Nup188,-0.012341251266858321,0.012341251266858321,0.6115315699525827
Creb3l3,-0.10813038140236565,0.10813038140236565,8.086189720851273e-06
Dido1,-0.04934399829677699,0.04934399829677699,0.0421688703211439
Srsf3,-0.11952727283319681,0.11952727283319681,7.953223677009898e-07
Sdccag8,0.00278887246309408,0.00278887246309408,0.9086287424292706
Ppara,-0.03489364022411209,0.03489364022411209,0.150892539815765
Col12a1,0.06416621900350408,0.06416621900350408,0.008210162751005006
Hspd1,-0.05011454993610111,0.05011454993610111,0.03905389753556088
Mapk6,-0.07896945773863301,0.07896945773863301,0.001134532566750654
Nup43,0.012833295964834474,0.012833295964834474,0.5974024715362212
Orc5,-0.03237248713890753,0.03237248713890753,0.1826805288721014
Zfp324,-0.03254508257534036,0.03254508257534036,0.18035745947701654
Rnmt,0.008456120274809704,0.008456120274809704,0.7278448281313671
Cd59b,0.045432629316922796,0.045432629316922796,0.06139823560027222
Galnt11,-0.015184897720543997,0.015184897720543997,0.5320187526529085
Rnf113a2,0.0019907773505232246,0.0019907773505232246,0.9347064619498784
Ulk1,-0.12594023903510618,0.12594023903510618,1.9563005918880207e-07
4933433P14Rik,0.049359292803455225,0.049359292803455225,0.042105057087666084
Haus4,-0.011850178919386771,0.011850178919386771,0.6257782540751359
Opa3,0.035796763660913715,0.035796763660913715,0.14059300541315398
Sh3bgrl2,-0.02666488733934998,0.02666488733934998,0.2724172957858438
Zfp606,0.04033391237805389,0.04033391237805389,0.09681326288634812
Als2,-0.042542790994849825,0.042542790994849825,0.07985627409430948
Rbm14,-0.002884967329424573,0.002884967329424573,0.9054949113397744
Mapre2,-0.05818081546728708,0.05818081546728708,0.01656170692269707
Smad7,0.02436350176193344,0.02436350176193344,0.31597691330163624
Tmco6,0.007424354900288057,0.007424354900288057,0.7599606718381222
Mbtps2,-0.05532468407957028,0.05532468407957028,0.022698276668371025
Ints1,-0.06852658261906713,0.06852658261906713,0.004752673987800832
Akr1e1,-0.04900825360915555,0.04900825360915555,0.04359042790372686
Lmbr1,-0.05560202457034791,0.05560202457034791,0.022026254407329554
Pms1,-0.018195960873470172,0.018195960873470172,0.4539385509153884
Mcm7,-0.02793411823063127,0.02793411823063127,0.2502371338741744
Smek1,-0.04547697220665368,0.04547697220665368,0.06114516311310538
Slc30a1,-0.07232965062401796,0.07232965062401796,0.002878483209500249
Aox3,0.12187523073886364,0.12187523073886364,4.798353574154346e-07
Ppp2r5e,0.003506594963769193,0.003506594963769193,0.8852601101727655
Setd5,0.0300442661516983,0.0300442661516983,0.21621127931965245
Vps13c,-0.006950316330547501,0.006950316330547501,0.7748597647656378
Zfyve21,0.0693855645560947,0.0693855645560947,0.004252313377391108
Gstp2,0.09166636515202545,0.09166636515202545,0.00015668373912321515
Ppp2r5d,-0.024439177570004786,0.024439177570004786,0.3144756478807203
Brpf1,-0.018823255501716527,0.018823255501716527,0.43852510277446966
Gm5918,0.07667988225396451,0.07667988225396451,0.0015766295621775783
Ptp4a1,-0.11867522434717764,0.11867522434717764,9.531596462770051e-07
Ctdp1,-0.023483524672939057,0.023483524672939057,0.3337785472856663
Slc25a29,-0.0036041031639197346,0.0036041031639197346,0.8820925183798688
Ebag9,-0.07135279825414542,0.07135279825414542,0.003281386449964638
Ppp1r13b,0.01671821200930592,0.01671821200930592,0.4914284880290603
Cog2,-0.05289040403604672,0.05289040403604672,0.029400170789665586
Gtpbp8,-0.018499788787435873,0.018499788787435873,0.44643527897170926
Mak16,-0.03439455982897743,0.03439455982897743,0.1568255070036729
Zbtb42,-0.051580845445451745,0.051580845445451745,0.033663699657199106
Tnip1,-0.01343369204109053,0.01343369204109053,0.5803658831937799
Enox,0.053241589969229425,0.053241589969229425,0.028338990515176278
Sh3bp2,-0.07350981606961526,0.07350981606961526,0.0024521333399656143
Dicer1,-0.03708330763552131,0.03708330763552131,0.12686469103063638
Zfp563,-0.0019998458035948227,0.0019998458035948227,0.9344097034919285
Smyd4,-0.016176945154214705,0.016176945154214705,0.5055646705777033
Ttc8,-0.009135069035688923,0.009135069035688923,0.7069647408547104
Rhbg,-0.030743763633579467,0.030743763633579467,0.20570242048375423
Tmem219,-0.003129411178427053,0.003129411178427053,0.8975298819500869
Fance,-0.02497464001814564,0.02497464001814564,0.303987157093694
Med18,-0.050014714570294425,0.050014714570294425,0.03944613854147047
E430018J23Rik,-0.02477028760536952,0.02477028760536952,0.3079622373742651
Dnajc10,-0.06856173501095852,0.06856173501095852,0.004731195575168196
6720401G13Rik,-0.015533803860028044,0.015533803860028044,0.5226355194450817
Akr1b7,-0.08628844487679813,0.08628844487679813,0.00037426913348111656
Rhoq,-0.03811348252296978,0.03811348252296978,0.11664278639969333
Armc5,-0.05662974947072699,0.05662974947072699,0.019684488477562722
Vmo1,0.07376211813507297,0.07376211813507297,0.0023688341249396986
Prr3,-0.02988330063835464,0.02988330063835464,0.21868325296020372
Polrmt,-0.03172096922756652,0.03172096922756652,0.19164953038256488
Ndufaf3,0.028575355302315232,0.028575355302315232,0.2395238754355021
Dhx29,-0.004337761192159021,0.004337761192159021,0.8583231972721728
Alkbh7,0.09390171215886475,0.09390171215886475,0.00010758429488066865
Sat2,0.057646816552607234,0.057646816552607234,0.01758390612757778
2210408F21Rik,-0.11722172047627175,0.11722172047627175,1.2943249136634192e-06
Stx2,0.02555823338773129,0.02555823338773129,0.29282328008129715
Nudt2,0.13324426512984858,0.13324426512984858,3.6321234911898876e-08
Sox12,-0.05301242189138926,0.05301242189138926,0.029027660091537698
Camsap3,0.00715872135946928,0.00715872135946928,0.7682990006386247
Ddx55,-0.028059554863173644,0.028059554863173644,0.24811556331471074
Kbtbd3,0.045413880456880745,0.045413880456880745,0.061505498905258756
Bcl10,-0.030061514396236468,0.030061514396236468,0.21594759225172228
Akirin1,-0.008185952605820366,0.008185952605820366,0.7362109394173574
Abhd10,-0.008578832227027182,0.008578832227027182,0.7240554905483401
Pon3,-0.05490642738329968,0.05490642738329968,0.023745403668156854
Pxmp2,0.15416636119540506,0.15416636119540506,1.742541437773684e-10
N6amt1,0.006694322094232621,0.006694322094232621,0.7829406645479402
Tgfbr3,-0.05565272378058919,0.05565272378058919,0.02190529307328136
Tob2,-0.08472647197877425,0.08472647197877425,0.00047769943850214057
Atp2b2,-0.11335917921637445,0.11335917921637445,2.8678067399046344e-06
Rrnad1,0.003913548248445673,0.003913548248445673,0.872052783016737
Gngt1,0.027816972743692034,0.027816972743692034,0.25222987309342154
Ifnar2,0.0022918407871283866,0.0022918407871283866,0.924859477223249
Rb1,-0.01092390668399941,0.01092390668399941,0.6530308065723068
Tesk1,-0.041216415616449745,0.041216415616449745,0.0897220958234568
Cyp7a1,0.04234011128176539,0.04234011128176539,0.08130416561017809
Rab11fip3,-0.04883036364511702,0.04883036364511702,0.04435987261993896
Mbd6,-0.03296863051238296,0.03296863051238296,0.1747496985326552
Pds5b,-0.03840543769533202,0.03840543769533202,0.11386662702082438
N4bp2l2,-0.0012669248016325043,0.0012669248016325043,0.9584197623748197
Atp5o,0.0814280439689661,0.0814280439689661,0.0007893154354053498
Sf3b3,-0.07346294450789806,0.07346294450789806,0.002467900150358849
1810053B23Rik,0.028780851508658025,0.028780851508658025,0.23616000120858432
Tmem170b,-0.027996630070998247,0.027996630070998247,0.24917826380285124
Lrig1,-0.01666115966353613,0.01666115966353613,0.49290844998728695
Nr2c2,-0.016800047334850576,0.016800047334850576,0.48930981403978135
Hsf4,-0.0067878517233077515,0.0067878517233077515,0.7799854761271652
Fam65a,-0.017038630228398445,0.017038630228398445,0.48316117703840783
Cdc25a,-0.08521959180160994,0.08521959180160994,0.0004424728724874924
Pik3cb,-0.07186769756533098,0.07186769756533098,0.0030630301312509624
Acpl2,-0.027812446094292675,0.027812446094292675,0.25230709622082226
Dand5,-0.03859702074434789,0.03859702074434789,0.11207332064101105
Iqsec2,-0.023211549033529347,0.023211549033529347,0.33940880466462503
Tbc1d25,-0.041412595303556655,0.041412595303556655,0.08820392756143255
A230046K03Rik,-0.07439290825575601,0.07439290825575601,0.0021717752974058134
Macrod2,0.0011834473585714891,0.0011834473585714891,0.961157236856185
Fam175a,-0.050155182785693975,0.050155182785693975,0.038895206320570766
BC088983,0.0012623857288067506,0.0012623857288067506,0.9585685998169496
Tia1,-0.04337005017071047,0.04337005017071047,0.07416221471117673
Tusc1,-0.02450351212068643,0.02450351212068643,0.3132030626159231
Trappc2l,-0.0014550500195449137,0.0014550500195449137,0.952252420091669
Macf1,-0.05508011111679631,0.05508011111679631,0.023305599517002805
Kctd18,-0.05267439387566981,0.05267439387566981,0.03006971215759936
Zfp930,0.03520297834988598,0.03520297834988598,0.14730193630194907
Exosc1,0.005883760556616427,0.005883760556616427,0.8086782419030822
Gna11,-0.04101288555870443,0.04101288555870443,0.09131928947622205
Fastkd1,-0.07079826600719002,0.07079826600719002,0.003532317708983128
Zcchc8,-0.06431808273262672,0.06431808273262672,0.008059391151863807
Narfl,-0.03819183863093098,0.03819183863093098,0.11589254633636131
Zfp189,0.004048182303230237,0.004048182303230237,0.867690995462031
Klhl26,-0.00324798630960375,0.00324798630960375,0.8936698574606818
Phyhd1,0.020067463924782966,0.020067463924782966,0.4088593456121719
Bbip1,-0.011457816126567676,0.011457816126567676,0.6372627783834717
Arid4b,-0.06716980770123614,0.06716980770123614,0.005652130070826934
Limd1,-0.04130563523195312,0.04130563523195312,0.08902906944356251
Tmem185b,-0.035007866236831095,0.035007866236831095,0.14955899270795922
Etaa1,-0.036864133987531626,0.036864133987531626,0.1291267554722854
Zdhhc7,-0.035698663203325154,0.035698663203325154,0.14168491559274043
Slc2a1,0.005066164873237206,0.005066164873237206,0.8348503302577382
2610001J05Rik,0.0389749511376952,0.0389749511376952,0.1086010292421963
Zscan12,0.00637725683727328,0.00637725683727328,0.7929818159871564
Tigd5,-0.0348089873245431,0.0348089873245431,0.1518866587419667
Rhobtb2,0.01331281652652867,0.01331281652652867,0.5837774604471263
Crtc1,-0.05030434193583407,0.05030434193583407,0.038317350589558624
Nln,-0.05387118902640596,0.05387118902640596,0.026518940941474993
Dbndd2,-0.07333036319055576,0.07333036319055576,0.0025130014559108017
Fgf21,-0.2503611017388434,0.2503611017388434,1.185425546317404e-25
Spast,-0.03390490328874611,0.03390490328874611,0.1628165524973364
Clk3,-0.012158274942065301,0.012158274942065301,0.6168232048133586
Pkhd1,-0.05839386844478855,0.05839386844478855,0.016168657572683064
2410002F23Rik,0.009961508531690392,0.009961508531690392,0.6818442842590585
Rhoc,-0.043221873488245605,0.043221873488245605,0.07515701738082903
Uchl4,0.007712879711188246,0.007712879711188246,0.7509352803428726
Gpr98,0.01901717874488602,0.01901717874488602,0.43382168061667564
Psmb9,0.1252773887938431,0.1252773887938431,2.268908190108763e-07
D630039A03Rik,0.009759997283598247,0.009759997283598247,0.6879383056634599
Rb1cc1,-0.05936184851665925,0.05936184851665925,0.014484233006979904
Diexf,-0.007935294093035557,0.007935294093035557,0.7440009934519373
Mbnl1,-0.13830146673122867,0.13830146673122867,1.0721204888648554e-08
Zfp71-rs1,-0.02042499768789103,0.02042499768789103,0.4005606203423341
Ntan1,0.07314088869795093,0.07314088869795093,0.0025787648611050166
Ccdc45,-0.003288855939703012,0.003288855939703012,0.8923399899125332
Dbp,-0.10854437579407436,0.10854437579407436,7.461594872153626e-06
Notch1,0.05015454056610277,0.05015454056610277,0.03889771023999542
Atg10,-0.04522780369287302,0.04522780369287302,0.06257848131754976
Dnajc17,-0.010818788890731271,0.010818788890731271,0.6561538851171312
Zfp738,-0.0003058291289580236,0.0003058291289580236,0.989958465968328
Mtap7,-0.08447475183171409,0.08447475183171409,0.0004966727927203283
Taf6l,0.0035990542069541907,0.0035990542069541907,0.8822564899130597
Pld3,-0.0272132241084693,0.0272132241084693,0.26267527722682354
Dcakd,-0.03858049352203589,0.03858049352203589,0.1122271406307319
4933421O10Rik,0.024960300476467738,0.024960300476467738,0.3042649751841271
Socs5,-0.04687987381716632,0.04687987381716632,0.05357348668304437
Dffa,-0.06557371117295152,0.06557371117295152,0.006904669552171204
Fdxacb1,-0.03588993220762034,0.03588993220762034,0.1395619869958533
Ctdspl,-0.06054286422372052,0.06054286422372052,0.012639896293957328
Atad2b,-0.026540675578312457,0.026540675578312457,0.27465798810221237
1700012B15Rik,0.010488696699581664,0.010488696699581664,0.6659999036047024
Zfp750,0.0014445676125049642,0.0014445676125049642,0.9525959949725094
1110014N23Rik,-0.0014516567199418292,0.0014516567199418292,0.9523636390474745
P2ry1,-0.02196213943958667,0.02196213943958667,0.3660492567689603
Avl9,-0.03628294604508804,0.03628294604508804,0.1352767227371658
Ttc32,-0.03451456753778708,0.03451456753778708,0.15538299044012174
Tpd52l1,0.006858079063621439,0.006858079063621439,0.7777686367649186
Ercc1,-0.025953628970448055,0.025953628970448055,0.2854177853040945
Gprin3,-0.018495731787876397,0.018495731787876397,0.446535002909686
Arl5b,-0.06269255508749971,0.06269255508749971,0.00980946231621494
Aspscr1,-0.029325455904081036,0.029325455904081036,0.22740696843946498
Wbp7,-0.028353735386342782,0.028353735386342782,0.24318936581452985
Aqp1,-0.004687944404565325,0.004687944404565325,0.8470215534791035
Anapc11,0.04528371623234895,0.04528371623234895,0.06225445700233735
Hyal1,-0.06092990736979961,0.06092990736979961,0.012082381038211555
Trim56,-0.037362648728088095,0.037362648728088095,0.12402645560390725
E2f6,-0.009155795148276975,0.009155795148276975,0.7063306971608823
Tgm1,-0.07967141451299985,0.07967141451299985,0.0010239153680296565
Kctd15,-0.06203856486416802,0.06203856486416802,0.010604067499303385
2810008D09Rik,-0.005228639861347962,0.005228639861347962,0.8296337799820296
Mocs3,-0.05716098458567942,0.05716098458567942,0.018561481494728162
Zfp609,-0.04154990048730176,0.04154990048730176,0.0871537309177905
Smc6,-0.0534303344867046,0.0534303344867046,0.02778240428051424
Brd2,-0.050090687635195114,0.050090687635195114,0.039147347348639394
Tab1,0.0054049927960190605,0.0054049927960190605,0.8239801409361066
Zfp758,0.011128385443777623,0.011128385443777623,0.6469730954368312
Ipmk,-0.027154881941658153,0.027154881941658153,0.2637002364689678
Fcho2,-0.03085965683367069,0.03085965683367069,0.20399773637850213
Fzd5,0.004813913536531506,0.004813913536531506,0.8429636356771106
Nup214,-0.05978885293551494,0.05978885293551494,0.013791696612399151
Rgl2,-0.0010963469292875165,0.0010963469292875165,0.9640140072138288
Cdk2ap2,0.013284153297577754,0.013284153297577754,0.5845878150769908
Slc35c1,-0.06631566384726297,0.06631566384726297,0.0062943426352575155
Tmem41b,-0.07998143677966758,0.07998143677966758,0.000978310419290649
Mib2,-0.05190601968552042,0.05190601968552042,0.03255851346880362
Hnrnpul1,-0.0019639866759474734,0.0019639866759474734,0.9355832198664134
Tada2a,0.012419932566591964,0.012419932566591964,0.6092623165161647
Suv420h2,-0.01705852393291452,0.01705852393291452,0.4826503866498924
3110003A17Rik,0.03528417007839316,0.03528417007839316,0.14637041311955418
Eri2,0.005376788093130594,0.005376788093130594,0.824883741248036
Zkscan1,0.02316388339217642,0.02316388339217642,0.34040177870238814
Pcnt,0.015709436290807788,0.015709436290807788,0.5179445325704158
Gpr107,-0.039947718703297705,0.039947718703297705,0.10005412814487209
Usp31,-0.053097491164508154,0.053097491164508154,0.028770358177311904
Slc46a1,-0.07128518117868253,0.07128518117868253,0.003311090226588827
Aldoc,0.09219336539616702,0.09219336539616702,0.0001435006147552454
Fam120b,-0.027944261712724707,0.027944261712724707,0.250065103290396
Alkbh1,-0.03325961130082005,0.03325961130082005,0.1709731669498467
Pigc,-0.04293343710392161,0.04293343710392161,0.0771246860918051
Fam53c,-0.05248463633260089,0.05248463633260089,0.030668643158098124
1810035L17Rik,0.078499326106729,0.078499326106729,0.0012146811363197578
Emd,0.0025666441499073173,0.0025666441499073173,0.9158813814584498
Rpn2,-0.11857563212566202,0.11857563212566202,9.734648716840892e-07
Tceb3,0.02653021873791213,0.02653021873791213,0.27484719433342875
Fmo2,-0.06558566407529985,0.06558566407529985,0.0068944303412832786
Golga2,-0.04691186234926001,0.04691186234926001,0.053410401672132755
Gm16548,0.08064977373372198,0.08064977373372198,0.0008863174875055612
1700052N19Rik,-0.05487516790968441,0.05487516790968441,0.02382531856362969
Rdh11,-0.03420361274773748,0.03420361274773748,0.15914160809284286
Mtbp,-0.016672232288834264,0.016672232288834264,0.4926210349190134
Cramp1l,-0.05371147786134327,0.05371147786134327,0.026970814885442486
Trim39,-0.02258966451572888,0.02258966451572888,0.3525098273975104
Crtc3,-0.014436559665661099,0.014436559665661099,0.5524274824925902
Mrps28,0.026900354272875612,0.026900354272875612,0.2682040215349934
Atxn7l1,-0.04110697789076946,0.04110697789076946,0.09057808803106336
Ranbp1,-0.08518547435463744,0.08518547435463744,0.00044482985282737534
Celf2,-0.047842400008797914,0.047842400008797914,0.04884455472940369
Nhsl1,-0.026840555781740782,0.026840555781740782,0.2692697510161535
Rps6kb2,-0.017198457224672524,0.017198457224672524,0.4790657591452995
Gcnt4,-0.03341076129035539,0.03341076129035539,0.16903570942032925
Zdhhc20,-0.05015916034575781,0.05015916034575781,0.03887970144805296
Phospho1,-0.030585063323793977,0.030585063323793977,0.20805350101647363
E130012A19Rik,-0.010949350015922794,0.010949350015922794,0.6522757877387177
Chd1l,-0.03802440893432289,0.03802440893432289,0.11750026690069049
Fpgt,-0.023866547101455287,0.023866547101455287,0.32595216325103216
Vps37c,0.009101338660137355,0.009101338660137355,0.7079970391670296
Zfyve1,-0.0353900248200328,0.0353900248200328,0.14516269922522776
Lancl1,-0.03806416660205376,0.03806416660205376,0.11711692483395193
Ngdn,0.014781744024712893,0.014781744024712893,0.5429660459852474
Enoph1,0.006982774847927724,0.006982774847927724,0.7738368738651075
Uba6,-0.025083846104630235,0.025083846104630235,0.30187689365557796
Tmem165,-0.028775456060928455,0.028775456060928455,0.23624789315819972
AW549877,-0.021073280197326315,0.021073280197326315,0.3857736832579549
Lcp1,-0.17244771313818535,0.17244771313818535,8.663552126747831e-13
Zfp687,-0.037424381154427436,0.037424381154427436,0.1234059551796051
C6,0.27351749101285616,0.27351749101285616,1.754680302398443e-30
1500011H22Rik,0.02418714791546598,0.02418714791546598,0.31949365432458626
Vcpip1,-0.044979811616470376,0.044979811616470376,0.06403248528853017
Etf1,-0.06370507599876092,0.06370507599876092,0.008683564355765554
Wbscr27,-0.012749505125830445,0.012749505125830445,0.5997980369054666
Oasl1,0.16026552516932357,0.16026552516932357,3.1748553994943244e-11
Ankrd28,-0.07801672586667185,0.07801672586667185,0.0013023638660581368
Zrsr2,-0.03131691751104074,0.03131691751104074,0.1973720502955504
Ang,0.0574345010640751,0.0574345010640751,0.018005431999775227
Brd8,0.0012178812237002984,0.0012178812237002984,0.9600279903694222
2210013O21Rik,-0.051725748706892706,0.051725748706892706,0.033167311255009005
Cryl1,-0.07189199989333728,0.07189199989333728,0.003053059064470076
Osgep,0.06258317518419222,0.06258317518419222,0.009938551751678402
Cyp3a11,-0.28174328131277643,0.28174328131277643,2.576543281174114e-32
Mdc1,-0.021303781051796818,0.021303781051796818,0.3805974212924838
Exoc1,-0.026925462888456896,0.026925462888456896,0.2677573996686377
Lrwd1,-0.015164411143951844,0.015164411143951844,0.5325723424033342
Rnf125,0.20559100739285838,0.20559100739285838,1.2094590649604138e-17
Heatr2,-0.021508563940656335,0.021508563940656335,0.37603463774621454
Rassf6,-0.04962415466287098,0.04962415466287098,0.04101285783151788
Rest,-0.03642896566309177,0.03642896566309177,0.1337107178058905
Noa1,-0.04412748283206975,0.04412748283206975,0.06924374192883483
Crlf2,-0.009894594655439355,0.009894594655439355,0.6838655920121077
Ppp1r42,-0.06342761754656125,0.06342761754656125,0.00898000512778346
Plod3,-0.0269489016551858,0.0269489016551858,0.2673409415222903
Tinf2,-0.0825859027550849,0.0825859027550849,0.0006630839985443827
Kdm2b,-0.01613507002061089,0.01613507002061089,0.5066671624831945
Ugt2b5,-0.19594844643928133,0.19594844643928133,3.8636457860454923e-16
Slc7a1,-0.06432480660538119,0.06432480660538119,0.008052773260112896
Drosha,-0.007267423600651451,0.007267423600651451,0.7648834996160025
Zfp113,-0.04707145335058292,0.04707145335058292,0.052602946210441884
Fbxo42,0.009721001740122484,0.009721001740122484,0.689119950002663
Nupr1,-0.10794297626862565,0.10794297626862565,8.385067159953483e-06
Qprt,-0.01673448095828138,0.01673448095828138,0.4910069018491612
Kctd13,-0.018290735057856593,0.018290735057856593,0.4515904329655266
Ovca2,-0.03744544255469372,0.03744544255469372,0.12319481245654036
Ypel3,0.023073278931518088,0.023073278931518088,0.3422943788830982
Fam101b,-0.04765877661630717,0.04765877661630717,0.04971865561355437
Glt8d1,-0.05386839493269582,0.05386839493269582,0.026526789816222723
Rcc1,0.07776028000925225,0.07776028000925225,0.001351297019443027
D430042O09Rik,-0.01076610036268166,0.01076610036268166,0.6577215421253229
Zfp760,-0.04768626249956863,0.04768626249956863,0.04958698657419475
Taf8,0.03973803717763444,0.03973803717763444,0.10184960535076525
Git1,-0.059061412218300774,0.059061412218300774,0.014989683471930046
Il4ra,0.032772009813809344,0.032772009813809344,0.1773365639644719
Acap2,-0.03575358244262179,0.03575358244262179,0.1410728360526273
Crym,-0.03075141113776466,0.03075141113776466,0.20558961491809088
Ankrd13b,-0.03622033771496065,0.03622033771496065,0.13595249417402683
6330416G13Rik,0.01850622011698342,0.01850622011698342,0.4462772182697554
Phf6,-0.01744335251657871,0.01744335251657871,0.4728274531443356
Cbfa2t2,0.01044511648565483,0.01044511648565483,0.6673041733330719
Nrtn,-0.04015713365420507,0.04015713365420507,0.09828619266492095
Zfp955b,0.018066008879650257,0.018066008879650257,0.4571693864696794
Fam167b,-0.037657886167669366,0.037657886167669366,0.12108077210576623
AI464131,-0.0882747890301181,0.0882747890301181,0.0002728442664450775
1500010J02Rik,-0.02356845848750988,0.02356845848750988,0.3320327090232412
Zfp414,-0.034355029297486475,0.034355029297486475,0.15730288629847508
Prss8,-0.036981761972251725,0.036981761972251725,0.12790887039006663
Chd3,-0.023950597232324754,0.023950597232324754,0.3242508261215982
Rhobtb1,-0.008211330098947367,0.008211330098947367,0.7354237416209606
Id1,0.042018039389433014,0.042018039389433014,0.08364868841352159
Dcaf12l1,-0.01683668666844169,0.01683668666844169,0.4883628358716997
Ocrl,-0.04723139832458971,0.04723139832458971,0.051803954538703706
Sirt1,0.047493634048616395,0.047493634048616395,0.05051594052890661
Cdk5rap1,-0.05193165019262583,0.05193165019262583,0.03247273731270809
Rnh1,-0.023282703886576675,0.023282703886576675,0.3379299590411949
Tmc7,-0.018035048739885675,0.018035048739885675,0.45794100905955104
5430407P10Rik,0.1321530122388072,0.1321530122388072,4.6986031735753036e-08
Nle1,-0.06502015418106141,0.06502015418106141,0.00739407540147554
Med15,0.01383102664316492,0.01383102664316492,0.5692178335916861
Tut1,-0.05606890012927038,0.05606890012927038,0.020933993230579897
Hmbs,-0.05674345487880436,0.05674345487880436,0.019439254905601853
Ccdc84,-0.022903549629264823,0.022903549629264823,0.3458578422169615
Dcbld1,-0.06583172190455537,0.06583172190455537,0.006686655821983924
Hexim1,0.006088418303028512,0.006088418303028512,0.8021590493962678
Thoc6,-0.026686578873401,0.026686578873401,0.2720272814026935
Pramef8,-0.031122090302555742,0.031122090302555742,0.2001755884484617
Tbc1d22b,-0.0058710289869186374,0.0058710289869186374,0.8090842386604813
2610044O15Rik,-0.022121562559647708,0.022121562559647708,0.3625792103044866
Rtn3,-0.08248125984591712,0.08248125984591712,0.0006736702259263795
Recql5,-0.009034729593966265,0.009034729593966265,0.7100371443240276
Emp2,0.03712671517981604,0.03712671517981604,0.1264203650732522
Acaa1a,0.07440353136523292,0.07440353136523292,0.002168589129897525
1810010H24Rik,-0.022269890377372075,0.022269890377372075,0.35936921508768493
Dgcr14,-0.03040415290869096,0.03040415290869096,0.21075728894322643
Rara,0.02034031928037391,0.02034031928037391,0.4025168992352881
Ppp1r1b,0.12440787592070413,0.12440787592070413,2.7527859247198035e-07
Masp1,-0.022672478225709926,0.022672478225709926,0.35074699757583133
Fbxl17,-0.028867746884206395,0.028867746884206395,0.23474765574629314
Tmem218,0.13129425808734793,0.13129425808734793,5.745444773950914e-08
Clic4,-0.036068970351908175,0.036068970351908175,0.13759705598191807
Slc29a3,0.026373562442076115,0.026373562442076115,0.2776923811544836
Mtm1,-0.06979960125111401,0.06979960125111401,0.004028617506415579
1110049F12Rik,-0.053383561729306514,0.053383561729306514,0.027919446769284352
Vps8,-0.02502608748626249,0.02502608748626249,0.30299178605912785
Luzp1,-0.030095357812069824,0.030095357812069824,0.21543087467047367
Pgm2l1,-0.020022002224397022,0.020022002224397022,0.40992183659528686
Csf1,-0.019973966580957694,0.019973966580957694,0.4110462635296511
Vps18,-0.01206423567837678,0.01206423567837678,0.619550578563146
C2cd2l,-0.049819449888581384,0.049819449888581384,0.040222973614320486
Tmem126b,0.016100188902923786,0.016100188902923786,0.5075864784488506
Cisd3,0.07768955198869906,0.07768955198869906,0.0013650878852191186
Zfp362,-0.04597265399735182,0.04597265399735182,0.05837453333836344
Gm16515,-0.044500886883928836,0.044500886883928836,0.0669193687298526
Prpf38b,-0.06716367395353391,0.06716367395353391,0.005656523174454272
Adprh,-0.024689496557755267,0.024689496557755267,0.30954322775509463
Sntb2,-0.023012559218401944,0.023012559218401944,0.34356648388477357
Kti12,-0.039608694657789635,0.039608694657789635,0.10296986788589259
Zdhhc17,-0.026844988354572497,0.026844988354572497,0.2691906541410376
Ddx31,-0.034823784170912114,0.034823784170912114,0.1517125339636744
Spna2,-0.07738060558117393,0.07738060558117393,0.001426861596870123
Rcan1,-0.11227333666396158,0.11227333666396158,3.5702191910606933e-06
Plxnc1,-0.01192160003500763,0.01192160003500763,0.6236973624745209
Slc5a3,-0.07194449937394637,0.07194449937394637,0.0030316197999205115
Hiat1,-0.02942685997705473,0.02942685997705473,0.22580302522449702
Snrpb,-0.03737808965644858,0.03737808965644858,0.12387102423212377
Wdr34,-0.02947684337694135,0.02947684337694135,0.22501539604141052
Fam113a,-0.025637973729116935,0.025637973729116935,0.29131951611334705
Lrrc41,-0.07051041113526144,0.07051041113526144,0.003669340424004353
Zfp119b,-0.005108915836031414,0.005108915836031414,0.8334770201513091
Kifc3,0.016364301950098914,0.016364301950098914,0.5006474215816233
Ddx19b,-0.007069547793798779,0.007069547793798779,0.7711042598529787
Glg1,-0.040937797905142535,0.040937797905142535,0.09191427210076256
Zfp1,-0.018060694953601325,0.018060694953601325,0.4573017740785996
0610043K17Rik,-0.033459299210740076,0.033459299210740076,0.1684170486863813
Brp44l,0.10631624052492109,0.10631624052492109,1.1461737113833024e-05
Vti1a,0.00194717441417024,0.00194717441417024,0.9361334618289566
Gba2,-0.027939359551509984,0.027939359551509984,0.25014823224846283
Zfp276,-0.0683813635662021,0.0683813635662021,0.004842341689539385
Tjp3,-0.022555078881449954,0.022555078881449954,0.3532476964877852
Alg6,-0.035726592024217185,0.035726592024217185,0.14137339228936344
Gm10778,0.004350921677384351,0.004350921677384351,0.8578979219290608
C85492,-0.043421326964466156,0.043421326964466156,0.07382047597543906
2210012G02Rik,0.028214413155197324,0.028214413155197324,0.24551375721024998
Cdyl2,-0.012805479603924768,0.012805479603924768,0.598197254486997
Zdhhc14,-0.003917668295281878,0.003917668295281878,0.8719192460192671
Stab2,0.00944623877394752,0.00944623877394752,0.6974671730844121
Mon1b,-0.04223923586151656,0.04223923586151656,0.08203268762999524
Cyp2j9,-0.05922556509067946,0.05922556509067946,0.014711623405416978
Tet2,-0.010424230046751562,0.010424230046751562,0.6679296196746861
Spata2,-0.052530943206669484,0.052530943206669484,0.03052154867258792
Mast2,-0.06671089034869904,0.06671089034869904,0.005989439221388995
Gpt2,-0.0045232629650881545,0.0045232629650881545,0.8523326357356018
Mcm3ap,-0.02467535489312884,0.02467535489312884,0.3098205142897767
Zscan29,0.04329136164908356,0.04329136164908356,0.07468915269501297
Tm6sf2,-0.11409930000019872,0.11409930000019872,2.467173527781656e-06
Cbr4,0.07676956184781605,0.07676956184781605,0.0015566864549447757
Bbx,-0.02548724803343006,0.02548724803343006,0.2941663133117424
Ttbk2,-0.05629221525080946,0.05629221525080946,0.020428431751174026
Cpox,-0.05304361680366797,0.05304361680366797,0.02893307858837705
Zfp354a,-0.038964072890797806,0.038964072890797806,0.10869977205831903
Cyp2c55,-0.03373312981000592,0.03373312981000592,0.16495860064860007
Tbc1d12,-0.06109754652140372,0.06109754652140372,0.011847741668516093
Ganc,-0.011693304053666427,0.011693304053666427,0.6303593360557005
Sh3bp5l,-0.0617206928467175,0.0617206928467175,0.01101055225811804
Erich1,0.005041274924456376,0.005041274924456376,0.8356501143722305
Stk25,-0.008085933541321016,0.008085933541321016,0.7393161710088616
Shroom1,-0.007395894907735557,0.007395894907735557,0.7608527280874671
Trp53bp1,0.005557299486094765,0.005557299486094765,0.8191047142242578
Grb10,-0.07927657692522244,0.07927657692522244,0.0010848430039429617
Robo1,-0.03063241611966609,0.03063241611966609,0.20734995990911595
Myl6b,-0.03937906011607103,0.03937906011607103,0.10498288051507687
Rwdd2b,-0.038724514537779975,0.038724514537779975,0.11089230456077098
Ltn1,-0.03951605721385932,0.03951605721385932,0.10377822057253111
Btbd19,-0.046295161166884265,0.046295161166884265,0.05662843822545239
Samd1,-0.05346365365729,0.05346365365729,0.027685134120117402
Cwf19l1,0.023985956957872874,0.023985956957872874,0.32353680669006707
Gipc1,-0.04324112133488396,0.04324112133488396,0.07502718260349106
Dnajb1,-0.05743072585984575,0.05743072585984575,0.018013006533108007
Rrp1,-0.08242204231094914,0.08242204231094914,0.0006797303254802935
Zmat5,0.06413384864473198,0.06413384864473198,0.0082426245322715
Tmem184c,-0.0033571495321002166,0.0033571495321002166,0.8901184436392252
Prmt10,-0.004029038688720374,0.004029038688720374,0.8683109557998039
Trappc10,0.013202755559780767,0.013202755559780767,0.5868919025305662
Large,0.043963063292678094,0.043963063292678094,0.07028802767271185
D2Wsu81e,0.0006671098359419224,0.0006671098359419224,0.97809841657997
2610039C10Rik,0.01725168857799566,0.01725168857799566,0.477705970745906
Zfp719,-0.0009131601665673629,0.0009131601665673629,0.9700237352504864
Rpf2,-0.010504542647738396,0.010504542647738396,0.6655259154972718
Wdr43,-0.08163572402209998,0.08163572402209998,0.0007651481678044314
Cidec,0.11969667546140794,0.11969667546140794,7.670918045287945e-07
Slc35b3,0.011182541742544301,0.011182541742544301,0.6453725933828043
D17H6S53E,0.018288713681871707,0.018288713681871707,0.45164044267931513
Nmnat3,-0.009783413811474215,0.009783413811474215,0.687229102625104
Dbr1,-0.006309107054248534,0.006309107054248534,0.795144601739385
Bicd2,-0.025839573826883434,0.025839573826883434,0.28754085971810217
Cep76,-0.03698515102701494,0.03698515102701494,0.12787391385480068
Nol8,-0.08737642795021311,0.08737642795021311,0.00031502537836283377
Zmat1,0.057635693138938404,0.057635693138938404,0.017605773819642442
4732471D19Rik,-0.03988652383373228,0.03988652383373228,0.10057550710897319
Srbd1,-0.015877839768450107,0.015877839768450107,0.5134671456339888
L3mbtl2,-0.03127420902579684,0.03127420902579684,0.19798414920832752
Topbp1,0.01968419013370243,0.01968419013370243,0.41786811802610485
Npm3-ps1,0.05546509010047784,0.05546509010047784,0.02235586700176852
Chchd6,-0.022294925173923973,0.022294925173923973,0.35882919648589645
Qsox2,-0.03377596557043458,0.03377596557043458,0.16442245692052976
Vgll4,-0.004351672684364314,0.004351672684364314,0.8578736547074077
Slc17a2,-0.147626862529449,0.147626862529449,1.0046972254178706e-09
Pqlc1,-0.11669659894906234,0.11669659894906234,1.4443222531898718e-06
Gm6222,0.15188494601864788,0.15188494601864788,3.238673534273514e-10
Snhg5,-0.04068951760184267,0.04068951760184267,0.09390379040261795
Exosc10,-0.03607263792839365,0.03607263792839365,0.1375570284976897
Tbc1d22a,-0.0010820898927950094,0.0010820898927950094,0.9644816626945503
BC016423,-0.02587570562614327,0.02587570562614327,0.2868671369234956
Lrrc16a,0.0400744981513151,0.0400744981513151,0.09898082231165886
D6Wsu163e,-0.05866618922188223,0.05866618922188223,0.015678209835999005
Lipg,-0.09267294132855557,0.09267294132855557,0.00013241747776973446
Zfp384,-0.05976330664524474,0.05976330664524474,0.013832291969829016
Ggps1,-0.0021537599740483263,0.0021537599740483263,0.9293743975793265
Hist1h4i,0.040574295173007466,0.040574295173007466,0.09483873909931881
Pex26,-0.04305825192576332,0.04305825192576332,0.07626813025579901
Rad52,0.03302346093808556,0.03302346093808556,0.17403335815154838
Atrx,-0.0074165192692960055,0.0074165192692960055,0.7602062418099875
Siah2,-0.050833314315035925,0.050833314315035925,0.036326495165818595
Hmgxb3,-0.032822817100357435,0.032822817100357435,0.17666539692591224
Snapc4,-0.047855893987406695,0.047855893987406695,0.04878083104728041
Exoc4,-0.05404901830864865,0.05404901830864865,0.026023507729433744
Cyc1,0.004219548165779472,0.004219548165779472,0.8621450270582314
Apex2,-0.0284652005750922,0.0284652005750922,0.24134088912717835
Kcp,-0.020601868327415195,0.020601868327415195,0.3964929306633825
3830406C13Rik,0.029203934640071202,0.029203934640071202,0.22933977994529872
Fryl,-0.05025533473118919,0.05025533473118919,0.03850639922477401
Bpgm,0.028957902665604215,0.028957902665604215,0.23328864539631447
Maged2,-0.04101187528097487,0.04101187528097487,0.0913272741762109
Tcf19,0.04739684890121215,0.04739684890121215,0.050988160377983364
Arhgap1,-0.04631021266436973,0.04631021266436973,0.05654801980946574
1110019D14Rik,-0.03090572415117532,0.03090572415117532,0.20332298836396284
Zc3h3,-0.048756016439583175,0.048756016439583175,0.044684830273884035
Sgce,-0.0638740037334519,0.0638740037334519,0.008507388644651535
Brca2,-0.006135542072969746,0.006135542072969746,0.8006598921695514
Dag1,-0.013345592064800422,0.013345592064800422,0.5828514854921829
Als2cl,-0.06504056752670556,0.06504056752670556,0.007375489600912152
Ipo11,-0.02358429798313232,0.02358429798313232,0.33170777718850575
Inpp4a,-0.02283502347815685,0.02283502347815685,0.3473032157276944
Zbtb9,-0.03760316235936553,0.03760316235936553,0.1216226016632349
Lancl2,-0.0014452878855575925,0.0014452878855575925,0.9525723867795355
Herc6,0.010669770993387328,0.010669770993387328,0.6605915458835528
Polr3g,0.02594389841740151,0.02594389841740151,0.2855985000211592
Nos1ap,-0.0361848968919454,0.0361848968919454,0.13633618215057527
AI413582,-0.037720775583032634,0.037720775583032634,0.12046042568208294
Agpat2,-0.04490937813893227,0.04490937813893227,0.06445048975611224
Srfbp1,0.04973628938543141,0.04973628938543141,0.040557731716342096
Dtwd2,-0.023780187435496994,0.023780187435496994,0.32770627822869525
Enc1,-5.276290261030728e-05,5.276290261030728e-05,0.9982675488023783
Ip6k1,-0.06147047725377377,0.06147047725377377,0.011340188598463544
Gtf2h2,-0.019095161372759843,0.019095161372759843,0.431938531524161
Pdgfc,-0.0024690175654391126,0.0024690175654391126,0.9190697701895685
Mast4,-0.016671604433243763,0.016671604433243763,0.4926373299319707
Zc3hav1,-0.015778299089738775,0.015778299089738775,0.5161112242578134
Bag5,-0.01951290687879495,0.01951290687879495,0.42193157466135167
Etv6,-0.0330779865749874,0.0330779865749874,0.17332317515107068
Zfp949,-0.009604804212900874,0.009604804212900874,0.6926454573254226
Megf8,-0.043617164562045424,0.043617164562045424,0.07252711802623622
Slc2a4rg-ps,0.0020191672025319856,0.0020191672025319856,0.9337774553411625
Dip2b,0.021226784363726447,0.021226784363726447,0.3823217433213825
Nr4a1,0.08064561896173017,0.08064561896173017,0.0008868637495315113
Dusp16,-0.011470755136221892,0.011470755136221892,0.6368826402133556
Tnfaip3,-0.012597886740321062,0.012597886740321062,0.6041437839689756
B9d2,0.036868562057349855,0.036868562057349855,0.1290807461175514
Akap2,-0.028147672235708156,0.028147672235708156,0.2466327313805223
Snx32,-0.036589355266386986,0.036589355266386986,0.13200678945728128
Fam110c,0.0004444184393668782,0.0004444184393668782,0.9854084793882938
2610002J02Rik,-0.0053822046446957705,0.0053822046446957705,0.8247101919597525
Rnaseh1,-0.018214334177410786,0.018214334177410786,0.4534827985145666
Lgals4,-0.03485909767520249,0.03485909767520249,0.15129758924585562
Gm14322,0.03822820705202945,0.03822820705202945,0.11554561791139738
Hpcal1,-0.02645884126154509,0.02645884126154509,0.27614107421513656
Frmd6,0.034932887653838535,0.034932887653838535,0.15043332311368693
Gm14295,0.06920085062958117,0.06920085062958117,0.004355693934644992
Rcn2,-0.0036468318743168443,0.0036468318743168443,0.8807050500239649
Rdh14,-0.05334857559550999,0.05334857559550999,0.02802233516106619
Pola2,-0.008667521370159895,0.008667521370159895,0.7213209689022273
Camsap2,-0.06134420398970947,0.06134420398970947,0.01150984252464206
Zfpl1,0.01914475850306778,0.01914475850306778,0.43074331011954947
Vasn,-0.03998494160268923,0.03998494160268923,0.09973804454161085
Tmem149,0.026544372300347462,0.026544372300347462,0.27459112082401227
Ehd1,-0.051871078002813174,0.051871078002813174,0.03267576310301614
Cdc42bpg,-0.00580360161738851,0.00580360161738851,0.8112352822809527
Lsr,-0.25597926061179593,0.25597926061179593,8.837247299173535e-27
Dnaja4,0.08398178764756004,0.08398178764756004,0.0005358798972190766
Ppl,-0.09413481547528396,0.09413481547528396,0.00010339885154516223
Fundc2,-0.028520940011667946,0.028520940011667946,0.2404202531868401
Zc3h12c,-0.05376288544623647,0.05376288544623647,0.02682464696131188
Akap7,0.05590731382516277,0.05590731382516277,0.02130656808343142
Mnat1,0.02342666192751043,0.02342666192751043,0.33495067704750153
Mdm4,0.039733870896452445,0.039733870896452445,0.10188553866396512
Map2k1,-0.01853147877034136,0.01853147877034136,0.44565675264551974
Ston2,-0.04224170073476729,0.04224170073476729,0.0820148234859482
Lrrcc1,-0.0001772068469603691,0.0001772068469603691,0.9941815229744381
Dmpk,0.049858313171681476,0.049858313171681476,0.040067336086045506
E2f5,-0.014076809086250478,0.014076809086250478,0.5623734295274773
C8g,0.07277184480154673,0.07277184480154673,0.0027113872066260327
Lyrm5,-0.011985697398315776,0.011985697398315776,0.621832402862559
2310044G17Rik,-0.05216507735816872,0.05216507735816872,0.0317004027954792
Nos3,0.005406157957729543,0.005406157957729543,0.8239428173970577
Zbtb41,-0.04956808196693713,0.04956808196693713,0.04124205933101632
Foxo4,-0.08812744148309976,0.08812744148309976,0.0002793791931785935
Dennd5b,-0.06041417817058729,0.06041417817058729,0.012830237969018513
Zmym3,-9.391165196279833e-05,9.391165196279833e-05,0.996916449456848
Coq6,0.003518580915558246,0.003518580915558246,0.8848706420459672
Unc93b1,-0.051359427071781524,0.051359427071781524,0.0344344582323884
Lyplal1,0.009177106178575874,0.009177106178575874,0.7056789721995298
Slc2a8,-0.033655903697340915,0.033655903697340915,0.16592850386654556
Pfkm,-0.04721737956800183,0.04721737956800183,0.051873576036124934
Acbd3,-0.07210584843953928,0.07210584843953928,0.002966585478398933
Snapc1,-0.010540123008441956,0.010540123008441956,0.6644621131594758
Hdac8,-0.02382393350245326,0.02382393350245326,0.32681695596363247
Acot3,-0.06469187163657253,0.06469187163657253,0.007698788133940098
Mrpl41,0.0175826463819182,0.0175826463819182,0.4692992011855744
Ift140,-0.024823749730944013,0.024823749730944013,0.306918983598602
Gbp6,-0.005559051232460956,0.005559051232460956,0.8190486800324622
Acat2,0.015325574480526065,0.015325574480526065,0.5282252577293244
Zbtb5,-0.016295584002109165,0.016295584002109165,0.5024480028883447
Kctd20,-0.0026412241439213602,0.0026412241439213602,0.9134465797154667
Tnfrsf12a,-0.05918917421603609,0.05918917421603609,0.01477287130595329
Atg4c,0.03089240439993948,0.03089240439993948,0.20351791569573188
Wdr90,-0.03308826575099232,0.03308826575099232,0.17318953419831423
Slc22a1,-0.09098026211988712,0.09098026211988712,0.00017555750675595544
Zfp960,0.08701735107140242,0.08701735107140242,0.0003335326346090933
Hook1,0.06582238137578372,0.06582238137578372,0.0066944392320985565
BC026590,-0.03960303443082036,0.03960303443082036,0.10301911499917657
D930016D06Rik,-0.026445963953133,0.026445963953133,0.27637494605694973
Ctnnal1,-0.05788365669736944,0.05788365669736944,0.01712391064431975
Slc44a1,0.024275241504204716,0.024275241504204716,0.3177337595481824
Telo2,-0.04335099036205434,0.04335099036205434,0.07428956937296796
Kdm4c,-0.028900131866900314,0.028900131866900314,0.23422282137058653
1600012H06Rik,-0.005623334638226528,0.005623334638226528,0.8169930479511938
Ugcg,-0.04717806773245256,0.04717806773245256,0.05206922810243057
Rpusd1,0.007848366897236026,0.007848366897236026,0.7467087185384094
Nthl1,-0.026247904255536744,0.026247904255536744,0.279989016279182
Mllt3,-0.01011524309302049,0.01011524309302049,0.6772089840311649
Uhrf1bp1,-0.06073615412969601,0.06073615412969601,0.012358690313185053
Ptcra,-0.022481424095802328,0.022481424095802328,0.35482233759130793
Cdkn1a,0.020257084164451634,0.020257084164451634,0.4044454012050548
Mysm1,0.0044691681906812025,0.0044691681906812025,0.8540786999704422
Cyp2u1,0.006004453901108528,0.006004453901108528,0.8048320251688911
Zdhhc21,-0.017174694224839953,0.017174694224839953,0.4796734630109764
Srd5a3,-0.03294740813110171,0.03294740813110171,0.1750275510503881
Rsph3a,-0.02543421333039419,0.02543421333039419,0.2951724117274858
Ttf2,-0.03179893753991496,0.03179893753991496,0.19055945573300467
Pion,-0.02238493648737008,0.02238493648737008,0.3568918015225825
Senp1,-0.02996824533894398,0.02996824533894398,0.21737622725788744
Ccnt1,-0.04495512065981744,0.04495512065981744,0.06417876439763938
Rundc3b,-0.04385459137792201,0.04385459137792201,0.07098401287460297
Lmbr1l,-0.031578034595382984,0.031578034595382984,0.19365978795379446
Vangl1,-0.037753432916010146,0.037753432916010146,0.12013927303756257
Klhl17,-0.04138532831763402,0.04138532831763402,0.08841369099839479
Isg15,0.18121681235691411,0.18121681235691411,5.4858185207777567e-14
Pou6f1,-0.0494702251805926,0.0494702251805926,0.04164465329193105
Osgin2,-0.0035458633549775194,0.0035458633549775194,0.8839842379466121
Ttpa,0.05075571454884244,0.05075571454884244,0.03661292116290763
Trmt12,0.011279827407456509,0.011279827407456509,0.6425015942561447
Calcoco1,0.006126758644578456,0.006126758644578456,0.8009392655647959
Tmem65,-0.025569468739478737,0.025569468739478737,0.2926110863635137
Magi3,-0.06567693258546731,0.06567693258546731,0.006816695300721994
Itga5,-0.02754804746139449,0.02754804746139449,0.2568462418319184
Fam46c,0.05696517873878028,0.05696517873878028,0.018968714246836955
Rbm12b,-0.012932248339471318,0.012932248339471318,0.5945790508343495
Fam116b,-0.006322593445192193,0.006322593445192193,0.7947164753265259
Ube3c,-0.05783317723070151,0.05783317723070151,0.01722105858921028
Scfd2,-0.01845348230058437,0.01845348230058437,0.44757427796573906
4930572J05Rik,-0.049879664993132726,0.049879664993132726,0.03998204493872015
Cchcr1,-0.021463756205631457,0.021463756205631457,0.3770301081395155
Zfp707,0.06358985165610555,0.06358985165610555,0.00880559416670023
Bambi,-0.016716533893013925,0.016716533893013925,0.4914719850207122
Aasdh,0.006444331180955389,0.006444331180955389,0.7908547125122215
Pgm1,-0.042590536550473214,0.042590536550473214,0.07951825720579056
Csf2rb,0.00153534382444738,0.00153534382444738,0.9496209822342602
Dffb,-0.013145092368255899,0.013145092368255899,0.5885266864512788
H2-Q4,0.003650201805515337,0.003650201805515337,0.8805956385702053
Msh6,-0.02008149738195278,0.02008149738195278,0.4085316990586565
Lrrc40,-0.01297382584440685,0.01297382584440685,0.5933945349739341
Mfsd10,-0.035048513844459984,0.035048513844459984,0.14908662029151604
Cenpc1,0.006180957658073374,0.006180957658073374,0.7992157715433404
Cyp2d22,-0.01253574836966537,0.01253574836966537,0.6059288906712396
Cyp2d11,0.05177245179935618,0.05177245179935618,0.03300866215259158
Pnpla3,-0.09294218506794663,0.09294218506794663,0.00012655363307422957
Lamtor3,-0.026805992292722184,0.026805992292722184,0.26988706449714506
Card10,-0.03877517179609344,0.03877517179609344,0.11042578425751087
Pop1,0.00854139023009202,0.00854139023009202,0.7252109860744619
Adcy9,0.0029477764503135495,0.0029477764503135495,0.9034473811092611
Lclat1,-0.07081877069525158,0.07081877069525158,0.003522736962584679
5730409E04Rik,-0.046361473176231016,0.046361473176231016,0.05627485296089604
Rnpc3,-0.016885046479028748,0.016885046479028748,0.4871144440090732
Plin3,-0.03819107788837779,0.03819107788837779,0.115899811994737
Ccl27a,0.052733283124099306,0.052733283124099306,0.029885894353167877
Lrp12,-0.03346551722111145,0.03346551722111145,0.16833791724261093
AA415398,-0.017849110229276675,0.017849110229276675,0.4625905011675357
Dpys,-0.08079753791157536,0.08079753791157536,0.000867091147739426
Cyp4f16,-0.028793270392188403,0.028793270392188403,0.2359577851601142
Ensa,-0.01156682090722962,0.01156682090722962,0.6340632927288865
E330011O21Rik,-0.03699622263454643,0.03699622263454643,0.12775976706604103
Ttc39a,-0.032141769137344796,0.032141769137344796,0.18582042149039146
Lin54,-0.04622731647321164,0.04622731647321164,0.0569921058878282
Ncald,-0.034575030209734695,0.034575030209734695,0.15466004026724828
Tmem48,-0.036419333626882114,0.036419333626882114,0.13381358414262667
5730437N04Rik,0.0402050476107421,0.0402050476107421,0.0978852155534477
Tff3,-0.012950615754538057,0.012950615754538057,0.5940556421118809
Dynlt1a,0.05137308050392598,0.05137308050392598,0.03438649849951155
Zfp101,0.032825822197041284,0.032825822197041284,0.17662575875663056
Kalrn,-0.03157793927577422,0.03157793927577422,0.19366113368726082
Tinagl1,0.017471737045524946,0.017471737045524946,0.4721073042444384
Eya3,-0.04160479853308666,0.04160479853308666,0.08673666772177595
Fam86,-0.05037630938071647,0.05037630938071647,0.03804116046864637
Ubiad1,-0.03623577396765033,0.03623577396765033,0.13578563950112926
Zhx2,-0.01651659702911073,0.01651659702911073,0.4966691242999577
Gm13157,-0.002871752583646716,0.002871752583646716,0.9059257825381541
Rrn3,-0.060253255347409274,0.060253255347409274,0.01307182445541191
Casp9,-0.05122208280493206,0.05122208280493206,0.03492008496949856
Necap2,-0.01970709764963952,0.01970709764963952,0.4173264206873884
Iffo2,-0.05439899174117044,0.05439899174117044,0.02507179105749726
Plekhg5,-0.05455869330726789,0.05455869330726789,0.024647599641309706
Car15,-0.03791389114802016,0.03791389114802016,0.11857104562569087
Eif4g3,-0.06545974708692609,0.06545974708692609,0.007002982153940585
Fert2,0.04402343096635877,0.04402343096635877,0.06990312152615574
Taf2,-0.06487738478804138,0.06487738478804138,0.007525240710052316
Pigv,0.006407044628608806,0.006407044628608806,0.7920369759411509
Gpr108,-0.02112544779559951,0.02112544779559951,0.38459843143086003
Slc9a1,0.00810362078651301,0.00810362078651301,0.7387667349330485
Prpf3,0.006806417209555441,0.006806417209555441,0.7793992519439747
Cdkl2,0.011051568371620595,0.011051568371620595,0.6492460996712587
Gnb1l,-0.040044310350226944,0.040044310350226944,0.09923555356017259
Acvr2a,-0.04936302490002689,0.04936302490002689,0.04208949806708915
Ralgapa1,-0.007249396786071068,0.007249396786071068,0.7654496009264293
Ppp1r11,0.05584028481965128,0.05584028481965128,0.021462804271207288
Neo1,-0.03338857919476716,0.03338857919476716,0.1693190072048065
Gm20199,-0.02184210793322338,0.02184210793322338,0.36867550859713594
Parp6,0.013479467503370162,0.013479467503370162,0.5790763624262144
Myo9a,-0.02089660618886537,0.02089660618886537,0.38977011616912394
Cbx2,-0.026309760725091932,0.026309760725091932,0.2788568685521692
Smad6,-0.00891429572227317,0.00891429572227317,0.7137310653038753
Ptcd3,-0.04036387558756968,0.04036387558756968,0.09656536500469826
Synpo,-0.04199926342076047,0.04199926342076047,0.08378703819045887
B430010I23Rik,0.004256532001961234,0.004256532001961234,0.8609489878218658
C1qtnf1,0.007575912352469252,0.007575912352469252,0.7552156193114091
Smyd1,-0.045403787011824154,0.045403787011824154,0.06156330824135086
Eif2ak3,-0.02628736532839722,0.02628736532839722,0.27926640758628807
Zfp874b,-0.032838572928183166,0.032838572928183166,0.1764576462643348
Pop4,0.010668892821284092,0.010668892821284092,0.660617732873693
Zfp748,-0.048939461815212824,0.048939461815212824,0.04388663359359858
Ube2o,0.04206892611647561,0.04206892611647561,0.08327466119574094
AI987944,-0.008078172157766371,0.008078172157766371,0.7395573123995626
Rcor3,-0.01151668415327263,0.01151668415327263,0.635534052381026
Dpy19l3,0.1397291669950385,0.1397291669950385,7.535801462212661e-09
Ndor1,-0.011595966517471207,0.011595966517471207,0.6332089701972913
Cd276,-0.001660625459824169,0.001660625459824169,0.9455162824738815
Lrp2bp,-0.049199014141728045,0.049199014141728045,0.042777858367270716
Pik3ap1,0.006064834974127468,0.006064834974127468,0.802909583859675
Sik2,-0.04111406528987713,0.04111406528987713,0.0905224542601538
Marcks,-0.046390689026959336,0.046390689026959336,0.056119653631878916
Txnrd3,-0.053797899234709394,0.053797899234709394,0.02672548344980551
Plxna1,-0.03142381592817762,0.03142381592817762,0.19584604893163488
Mcm2,0.0019838879331436857,0.0019838879331436857,0.9349319191288217
Nfil3,0.08925149599985302,0.08925149599985302,0.00023301625025678844
Kdelc2,-0.03506189429023783,0.03506189429023783,0.14893137314754235
Med12l,-0.03726735063772212,0.03726735063772212,0.12498911204297475
Cib2,-0.0014192769216656723,0.0014192769216656723,0.9534249672353505
Zfp346,0.012962427582264596,0.012962427582264596,0.5937191565620156
Aatk,0.022749909274965598,0.022749909274965598,0.3491038074212983
Zfp770,-0.045487560044904535,0.045487560044904535,0.06108486433133483
1110021L09Rik,-0.017764520814464998,0.017764520814464998,0.46471438019362094
Casp3,0.02742531906713325,0.02742531906713325,0.25897235213847813
Exoc6b,-0.021598111341691345,0.021598111341691345,0.3740500718980074
Adrb2,-0.06908104749225151,0.06908104749225151,0.004423956811722881
Tm4sf1,0.06287146543403527,0.06287146543403527,0.009601529241117243
Nrg4,-0.005664512322407793,0.005664512322407793,0.8156769420896502
Trim47,-0.04043914144581992,0.04043914144581992,0.09594489726774079
Lysmd2,-0.03565871385000862,0.03565871385000862,0.1421314337075281
Ppp1r3b,-0.07006813961335893,0.07006813961335893,0.0038892946733435213
Poc1a,-0.03247742080239111,0.03247742080239111,0.18126553484199784
Dmgdh,-0.014474554418542718,0.014474554418542718,0.5513821066821343
AI846148,-0.029874213905328312,0.029874213905328312,0.21882340179564913
Acy1,-0.013589043356093148,0.013589043356093148,0.5759950210311263
Anxa6,-0.06381063737955062,0.06381063737955062,0.008573096023785838
D11Wsu47e,-0.01999409490425016,0.01999409490425016,0.4105748735941379
Fcgr2b,-0.029004238608990797,0.029004238608990797,0.23254128539380137
Galnt10,-0.027873005722484027,0.027873005722484027,0.2512753321478475
Copa,-0.14868709423516513,0.14868709423516513,7.60183935317402e-10
Casp2,-0.011666867309614502,0.011666867309614502,0.6311327519366086
3110045C21Rik,-0.0372189287666194,0.0372189287666194,0.12548047187922873
Trp53rk,-0.00980230847295692,0.00980230847295692,0.6866570511348988
Zfp39,-0.019593803297158187,0.019593803297158187,0.4200095426644228
Dcaf6,-0.07419970369376153,0.07419970369376153,0.0022304759139415626
Sec16a,-0.04100956675431838,0.04100956675431838,0.09134552165258054
Ccdc125,-0.003027521594646641,0.003027521594646641,0.900848675004263
Egfl7,-0.01092730777128598,0.01092730777128598,0.6529298603357541
Vamp4,-0.008089370209984561,0.008089370209984561,0.7392094040153181
Flt3l,0.018093296476535462,0.018093296476535462,0.4564899003685614
Mras,-0.03176988624000978,0.03176988624000978,0.1909650874930568
Cep70,-0.032351565550598,0.032351565550598,0.18296362481687475
Zbtb38,-0.005729121772675681,0.005729121772675681,0.8136129668716543
Entpd2,-0.01218788575446727,0.01218788575446727,0.6159655071349539
Trpt1,0.00144717625198882,0.00144717625198882,0.9525104925066336
Ube2cbp,-0.018018592410430963,0.018018592410430963,0.4583514487633734
Dopey1,0.007187270642637081,0.007187270642637081,0.7674015237426391
Cyp2c39,-0.0022386042334682985,0.0022386042334682985,0.9265999099106345
Ephx1,-0.3717537200603199,0.3717537200603199,1.0104731236242828e-56
Mir682,0.038356849845441465,0.038356849845441465,0.11432500173147313
Ssr3,-0.1187406455373951,0.1187406455373951,9.400437039504418e-07
Caskin2,-0.012105950951143246,0.012105950951143246,0.6183400827181449
Lmnb1,0.04306625310447933,0.04306625310447933,0.07621348671494839
Smyd3,-0.017239677597320778,0.017239677597320778,0.4780126053950553
Efcab2,0.04587714505517215,0.04587714505517215,0.05890012610989127
Cep120,-0.0273426928066533,0.0273426928066533,0.2604105886918088
Cep170,-0.04144300199961464,0.04144300199961464,0.08797048349483896
Kcnc3,-0.028998341733222775,0.028998341733222775,0.2326363026935492
Dmwd,-0.03587038918874792,0.03587038918874792,0.13977776993777108
Lyrm7,-0.02014001425645417,0.02014001425645417,0.40716715922915664
Tfdp2,0.0171800801429256,0.0171800801429256,0.4795356892440316
Gimap4,-0.013498816742703658,0.013498816742703658,0.5785316878523576
Ippk,-0.059668399619214676,0.059668399619214676,0.013984032565627382
Ccdc71,-0.00027608284507324096,0.00027608284507324096,0.990935105409674
Zxdc,-0.007115170772585069,0.007115170772585069,0.7696686569361004
Dek,-0.005481826917164728,0.005481826917164728,0.8215197747244699
Numb,0.001625655899108883,0.001625655899108883,0.9466618767280855
Ap4e1,-0.03834854198912407,0.03834854198912407,0.11440352259244312
Arf6,-0.1041349872277526,0.1041349872277526,1.7307329315991603e-05
Nudt7,0.05330966169251386,0.05330966169251386,0.028137157891947234
Wwox,-0.02112841751870341,0.02112841751870341,0.38453159424347366
Pvr,-0.02936308008906549,0.02936308008906549,0.22681090954395117
Nlrc5,-0.0371381096053102,0.0371381096053102,0.1263039309131783
Nup93,-0.06412862109622919,0.06412862109622919,0.008247877592911007
Arl1,-0.028091328239053175,0.028091328239053175,0.24758016667940413
Coro1b,-0.01795401187443098,0.01795401187443098,0.4599641513580993
Fam164c,-0.00803885068023957,0.00803885068023957,0.7407793991025525
Zfp704,-0.052018188483535746,0.052018188483535746,0.03218455202651646
Zfp93,0.05021675787772287,0.05021675787772287,0.03865576864547928
Ankrd24,0.044726056947454434,0.044726056947454434,0.0655490134085426
Gpr182,-0.027961562688819365,0.027961562688819365,0.2497718741067866
Leng9,0.04116892444650265,0.04116892444650265,0.09009275630060445
Eml5,-0.032568284784975594,0.032568284784975594,0.1800468458646856
Clec14a,-0.03427199820588518,0.03427199820588518,0.15830916945599366
Acyp1,0.04720738100808075,0.04720738100808075,0.051923279757887665
Sult5a1,0.1333885759945901,0.1333885759945901,3.5100022922525226e-08
Ikbip,-0.031147559512321777,0.031147559512321777,0.19980744806742473
Phlpp2,-0.023602466861030513,0.023602466861030513,0.3313353133104557
Trmt5,0.04185542475532448,0.04185542475532448,0.08485305699198399
Hif1a,-0.08827528523317407,0.08827528523317407,0.0002728225034652421
Spnb3,-0.0845278456530334,0.0845278456530334,0.0004926133723973171
Zbtb25,0.005481410359133836,0.005481410359133836,0.8215331089542626
Lemd3,-0.004149554218757026,0.004149554218757026,0.8644094595501983
Cct2,-0.08936045550683011,0.08936045550683011,0.00022892807095660465
4930404H11Rik,-0.023705346210564374,0.023705346210564374,0.32923137497966026
Samd10,0.017640550479840665,0.017640550479840665,0.4678368075011509
Nedd1,-0.05486425052143938,0.05486425052143938,0.023853283751015086
Bloc1s3,-0.00911493997818321,0.00911493997818321,0.7075807141911945
Slc7a6os,-0.010996016508508458,0.010996016508508458,0.6508919070261866
Tmtc3,-0.04794033996933912,0.04794033996933912,0.048383626887411414
Kptn,0.007268937850656916,0.007268937850656916,0.7648359528907229
Atp6v1d,0.007789338036501985,0.007789338036501985,0.7485492137392569
Atp5s,-0.022017797915553583,0.022017797915553583,0.3648354343063374
Sult2a4,-0.04120883347857142,0.04120883347857142,0.08978119069286827
Fam19a2,-0.036401380186718194,0.036401380186718194,0.13400548302418866
Exd2,-0.036778655309470984,0.036778655309470984,0.13001740836736123
Fntb,-0.013198406510823645,0.013198406510823645,0.5870151272076131
Ntpcr,0.00842586667361825,0.00842586667361825,0.728780084060023
Serpina3f,-0.02950793960550694,0.02950793960550694,0.22452637789630167
4632415L05Rik,-0.02024438868218,0.02024438868218,0.40474003167887496
Foxj2,0.002062789661212077,0.002062789661212077,0.9323501652301527
Tuba8,-0.07069727194054751,0.07069727194054751,0.0035798533938922236
Armc6,-0.02077320791098831,0.02077320791098831,0.39257629549811607
Zfp383,-0.026840157903788214,0.026840157903788214,0.26927685171333987
Larp1b,-0.08426343144027824,0.08426343144027824,0.0005131406653150868
Anubl1,0.09658150104411382,0.09658150104411382,6.780672748272385e-05
Ubtd2,-0.01682246135464301,0.01682246135464301,0.4887303852447581
Atp6v1b2,-0.03692101750773828,0.03692101750773828,0.12853668139432958
Zrsr1,-0.03064457359871607,0.03064457359871607,0.20716960949890545
X99384,-0.005863161911332732,0.005863161911332732,0.8093351373441133
Hinfp,0.023169885415495903,0.023169885415495903,0.3402766418806094
Thumpd3,-0.04500992320508038,0.04500992320508038,0.06385446457379677
Rbm38,-0.03460671269387903,0.03460671269387903,0.154282234600203
Ints10,-0.022733385211738608,0.022733385211738608,0.3494540594948069
Palld,0.04311698231641198,0.04311698231641198,0.07586777675850864
Cep57l1,0.015334007890669644,0.015334007890669644,0.5279982802642557
A130022J15Rik,0.002535029038308604,0.002535029038308604,0.9169137545607564
Zbtb16,-0.004047398728560216,0.004047398728560216,0.8677163697047867
Asxl2,-0.07804419318335801,0.07804419318335801,0.001297220787606424
Tmem17,-0.007557245005767191,0.007557245005767191,0.7557995739433739
Zfp809,0.010547236871928697,0.010547236871928697,0.6642494996248376
Ano8,-0.04241097872633162,0.04241097872633162,0.08079550539330398
Gatm,-0.012328064712677639,0.012328064712677639,0.6119122499982076
Hif1an,-0.0582849196702825,0.0582849196702825,0.01636861561277187
Trub1,-0.034654849029144494,0.034654849029144494,0.1537095624338351
Ankrd9,-0.04329236158539831,0.04329236158539831,0.0746824374998517
Ss18l1,-0.011253677404271188,0.011253677404271188,0.6432727855611463
Sertad1,-0.014123870129641142,0.014123870129641142,0.5610674451196714
Tbc1d10a,0.022264980723061482,0.022264980723061482,0.3594751796774351
Zfp846,-0.01426666798321061,0.01426666798321061,0.5571136819461728
Pstpip2,0.05647354402163059,0.05647354402163059,0.0200257830942831
Dbnl,0.015793822684233183,0.015793822684233183,0.5156984103715471
Wdr60,-0.015220865559490784,0.015220865559490784,0.5310475321141028
Tmem38a,0.01725187804286815,0.01725187804286815,0.4777011346587243
1700030K09Rik,-0.017911023465805833,0.017911023465805833,0.46103941278144345
Klf6,-0.0008643873227427469,0.0008643873227427469,0.9716241054324851
Grk5,-0.0002991900526745552,0.0002991900526745552,0.9901764409782513
Gm14327,0.10602811476756753,0.10602811476756753,1.2108529913579905e-05
Hps1,-0.0029084922647270566,0.0029084922647270566,0.9047279418288346
Meig1,-0.027715424125676007,0.027715424125676007,0.25396621823623217
Gm14403,-0.0073034182658094655,0.0073034182658094655,0.7637535243501848
Usp28,-0.04963157186313416,0.04963157186313416,0.040982620353431164
Trim24,-0.06281270423594736,0.06281270423594736,0.009669385512002018
Ttc17,-0.0910461673331263,0.0910461673331263,0.00017365578357285974
Cacybp,-0.019299396042074195,0.019299396042074195,0.4270290920103526
Dnajc30,0.020867496940081505,0.020867496940081505,0.3904309838629042
Mvp,-0.10293538223574392,0.10293538223574392,2.1636277382788235e-05
Dpm2,0.015035570658959961,0.015035570658959961,0.5360605425073062
Il6ra,-0.0337755345783944,0.0337755345783944,0.16442784479269007
Casc3,-0.002279163658067856,0.002279163658067856,0.925273891189545
Nek8,-0.012769276227781396,0.012769276227781396,0.599232393071133
Sfswap,-0.04965684208092677,0.04965684208092677,0.040879743656259626
Tmbim1,-0.08356051716365383,0.08356051716365383,0.0005716486245193194
Ola1,0.005037257547411262,0.005037257547411262,0.835779219943029
Pgap3,0.0062470138293406925,0.0062470138293406925,0.7971165488160129
2810408I11Rik,0.051441095216079036,0.051441095216079036,0.034148435298104775
Adam23,0.0010609534384822218,0.0010609534384822218,0.9651749974071323
Nrp2,0.10307474500640165,0.10307474500640165,2.108497140110308e-05
Arhgap23,-0.02216615094686183,0.02216615094686183,0.3616123826450862
Fam117b,-0.012032255922710013,0.012032255922710013,0.6204792672267893
Vps33a,-0.092816346059957,0.092816346059957,0.0001292631624381853
1700011J10Rik,0.024837090572015108,0.024837090572015108,0.3066590170068841
Itga6,-0.035527403900695434,0.035527403900695434,0.14360670766157188
Zfp688,-0.04293432401300972,0.04293432401300972,0.07711857206229446
Ubl4,-0.0489661244829164,0.0489661244829164,0.04377162780555471
Cxx1b,0.008810698475766057,0.008810698475766057,0.7169139537806402
Neu2,-0.010986791223820964,0.010986791223820964,0.6511653849236165
3110082I17Rik,-0.019005918633537497,0.019005918633537497,0.4340939845542439
Kctd11,-0.018529485428970226,0.018529485428970226,0.44570570017968564
BC037034,-0.022533560023147325,0.022533560023147325,0.35370728381608196
Neurl4,-0.04619549072444852,0.04619549072444852,0.05716336904739993
Slc9a6,-0.05238969613250943,0.05238969613250943,0.030972124832762956
Nhej1,-0.015596665779502528,0.015596665779502528,0.520954031056917
Mtmr1,-0.03708724478389945,0.03708724478389945,0.1268243397923122
Serpine2,0.13814361570855427,0.13814361570855427,1.1144926957283127e-08
Rec8,-0.019448762596584096,0.019448762596584096,0.42345924537935714
F8a,0.008537368185589837,0.008537368185589837,0.725335147426663
2610027L16Rik,-0.03491863407637819,0.03491863407637819,0.15059997461547145
Dnase1l1,-0.015694830895536475,0.015694830895536475,0.5183337986254991
Gm9895,0.04752436658157925,0.04752436658157925,0.05036676288491545
Ctf1,-0.004537308981906931,0.004537308981906931,0.8518793780548565
Sestd1,-0.03223176132362823,0.03223176132362823,0.18459098863434412
Mad1l1,-0.018452234510432805,0.018452234510432805,0.4476049926330534
2610301G19Rik,-0.05943900741778988,0.05943900741778988,0.014356870189781159
Fam109a,-0.04196858253009379,0.04196858253009379,0.08401350709382668
C2cd4d,0.027108372780121924,0.027108372780121924,0.2645192848113799
Dennd5a,-0.06717891823431796,0.06717891823431796,0.0056456106139913045
Elp2,-0.017271133268867152,0.017271133268867152,0.4772097849398174
Acot9,-0.031627756186476404,0.031627756186476404,0.1929587474966383
Prim2,-0.02744336641366929,0.02744336641366929,0.25865894352088264
Phf3,-0.03055123364608567,0.03055123364608567,0.2085571812685182
Rpl27a,0.020618627463862345,0.020618627463862345,0.3961087986110537
Pold3,0.021715215912797348,0.021715215912797348,0.3714645681005554
Tmem14a,0.026445583346828987,0.026445583346828987,0.27638186050856833
Mospd2,0.10066195019786633,0.10066195019786633,3.281323315035522e-05
Fam59a,-0.053166702132365254,0.053166702132365254,0.02856247141081844
A330040F15Rik,0.02673788832158747,0.02673788832158747,0.27110625680171985
Gemin8,-0.04300964070809691,0.04300964070809691,0.07660080404258351
2410089E03Rik,0.04181325451459071,0.04181325451459071,0.08516765893992054
Tom1l1,-0.034404231164608716,0.034404231164608716,0.15670888111402898
Trim30d,0.10095018408589898,0.10095018408589898,3.114053307839481e-05
Rsad1,-0.029166896018186672,0.029166896018186672,0.22993119976951215
Mettl5,-0.044579189760552085,0.044579189760552085,0.06644017932544626
Wee1,-0.028006671502034054,0.028006671502034054,0.2490084670350502
Phf8,-0.02469128390948241,0.02469128390948241,0.3095081934341011
2610029G23Rik,0.011964393480471007,0.011964393480471007,0.622451987568422
Acsm2,-0.03398504927190655,0.03398504927190655,0.16182431748318424
Nfe2l1,-0.08307514168879457,0.08307514168879457,0.0006156093007328297
D730039F16Rik,-0.0641670366653157,0.0641670366653157,0.008209344262104457
Gla,-0.024361797504153543,0.024361797504153543,0.3160107766034929
Sox6,0.00038563284158004904,0.00038563284158004904,0.9873384034418811
Sft2d3,0.002046580730368952,0.002046580730368952,0.9328804826706855
Gm4980,-0.03851323854776148,0.03851323854776148,0.11285480359929805
Cobll1,-0.0319084198623308,0.0319084198623308,0.18903649247064458
Pcsk5,-0.04629407808684477,0.04629407808684477,0.05663422866308891
Obfc2a,-0.061113190266865944,0.061113190266865944,0.011826052922168599
4833417C18Rik,-0.009005623769109416,0.009005623769109416,0.7109292520367586
Tdrd3,-0.013906505562203133,0.013906505562203133,0.5671117179944402
Rev1,-0.047521644728965806,0.047521644728965806,0.05037996002401486
Klf12,0.014485038248605624,0.014485038248605624,0.5510938289651721
Sbf2,-0.059637971918574895,0.059637971918574895,0.014032991231698596
Pak1,-0.054439383094567945,0.054439383094567945,0.024963913257112783
Ndufa2,0.05424736898339328,0.05424736898339328,0.025480352964144134
Nol3,-0.03558554947336616,0.03558554947336616,0.14295199803921882
Mbnl3,-0.025957510119513062,0.025957510119513062,0.2853457266007314
1700113A16Rik,0.1118986896209446,0.1118986896209446,3.848761766439813e-06
Maoa,-0.0812308626229809,0.0812308626229809,0.000812914291662329
Herc2,-0.05236722921366989,0.05236722921366989,0.031044317290505895
Ralb,-0.025874896057630555,0.025874896057630555,0.28688222067398755
1700084E18Rik,-0.027193252975086867,0.027193252975086867,0.2630258216563326
Tmem177,0.051098971065808116,0.051098971065808116,0.035360341745752345
Ppp1r9a,0.029688652790729287,0.029688652790729287,0.22169950494985127
E2f8,-0.03909948352162618,0.03909948352162618,0.10747568289186496
Akap10,-0.016434830282987964,0.016434830282987964,0.4988029638410107
Heatr7b1,0.006827822490891533,0.006827822490891533,0.7787235139062418
Dyrk3,-0.04020137930034032,0.04020137930034032,0.09791586827684333
Top3a,-0.0012593493635041407,0.0012593493635041407,0.9586681638733269
Lztfl1,-0.03190834978604748,0.03190834978604748,0.18903746439690777
Cyb561,-0.01676034286165136,0.01676034286165136,0.4903371279843967
D2hgdh,0.019947462994049918,0.019947462994049918,0.41166744670465644
Saa3,0.00911103047393368,0.00911103047393368,0.7077003719099811
Plekha6,-0.04232367751372799,0.04232367751372799,0.08142249123799526
Col4a2,-0.03465972077134929,0.03465972077134929,0.15365169399774925
Tubgcp3,-0.00912280257858945,0.00912280257858945,0.7073400863908925
Sec22c,-0.022737240850780327,0.022737240850780327,0.3493723135666558
Wdr48,-0.04548681645909866,0.04548681645909866,0.061089097518467514
Myd88,-0.02160255809039087,0.02160255809039087,0.37395169125183303
Polg2,0.00665743047163583,0.00665743047163583,0.7841071663257188
Tmppe,-0.037665888804820295,0.037665888804820295,0.12100169504204497
2610002I17Rik,0.03744572048527331,0.03744572048527331,0.1231920280590448
Pld6,-0.025967062410672204,0.025967062410672204,0.28516842793721897
Shisa5,0.04271899409552811,0.04271899409552811,0.07861460280611972
Abl2,-0.015229133520184311,0.015229133520184311,0.5308244038366542
3110062M04Rik,0.02141446614867473,0.02141446614867473,0.37812703340101034
BC026585,0.02516989044202614,0.02516989044202614,0.3002210781397496
4930452B06Rik,-0.040704484649552744,0.040704484649552744,0.0937828871897749
Usp12,-0.05134567168335181,0.05134567168335181,0.03448283383118292
Myst4,-0.021464375411461765,0.021464375411461765,0.37701634050825034
Plscr3,-0.0230832107409413,0.0230832107409413,0.3420865898098992
BC020535,-0.027338018250094596,0.027338018250094596,0.26049212121819315
Zswim1,0.023021249044697545,0.023021249044697545,0.343384243409289
Gpc1,0.09711652707283475,0.09711652707283475,6.174858343782203e-05
5730469M10Rik,-0.008759956725729415,0.008759956725729415,0.7184747251028148
Tecpr1,-0.026729772185520695,0.026729772185520695,0.2712518023068381
0610040B10Rik,0.013087804673044968,0.013087804673044968,0.5901529027453541
Rbmx2,-0.019131544288967486,0.019131544288967486,0.4310615666886051
Cd300lg,-0.03612668123358946,0.03612668123358946,0.13696824587270942
Mcts2,-0.024343350784212202,0.024343350784212202,0.3163774620009609
Bmp4,0.03455328984423934,0.03455328984423934,0.15491969460063382
Tmem102,-0.011044035639687186,0.011044035639687186,0.6494691681622047
Zkscan14,-0.007696062965455783,0.007696062965455783,0.751460407819267
Il10rb,-0.05590272476831581,0.05590272476831581,0.021317232952170664
S1pr1,0.034869362099088905,0.034869362099088905,0.15117714124035317
Dusp14,0.016884357792089567,0.016884357792089567,0.48713221012987773
Faah,-0.05752183401066442,0.05752183401066442,0.017830984411789912
Lyve1,-0.010007364329291822,0.010007364329291822,0.680460405616231
Nudt12,-0.015488407105826456,0.015488407105826456,0.5238515633670234
Man1c1,-0.018923122855517612,0.018923122855517612,0.43609926796077336
Iqcg,-0.015813701017192705,0.015813701017192705,0.5151700424188914
2310047M10Rik,0.0030223865672111792,0.0030223865672111792,0.9010159817553761
Ubox5,-0.027007078401605843,0.027007078401605843,0.26630918529242814
Btbd10,-0.0013565212185394047,0.0013565212185394047,0.9554821743413827
Zbtb39,0.006049830182245005,0.006049830182245005,0.8033872027952662
Dhdds,-0.04822103908374607,0.04822103908374607,0.04708277101151733
Sass6,-0.026328489207171298,0.026328489207171298,0.278514699021966
Dnmt3b,0.06853621727764761,0.06853621727764761,0.004746778374412218
Irx3,0.029335167515313537,0.029335167515313537,0.22725300611150717
Cpeb3,-0.0186236071808799,0.0186236071808799,0.44339783311592057
Btaf1,-0.043411593294217315,0.043411593294217315,0.07388524778453408
Atp5b,0.06643308373324054,0.06643308373324054,0.006202331298525687
Ccdc94,0.0003492855718932285,0.0003492855718932285,0.9885317176564778
Star,-0.023706964662595323,0.023706964662595323,0.32919834601444153
Cep78,-0.00531289346506,0.00531289346506,0.8269316034936474
Dntt,0.16739392236190462,0.16739392236190462,3.987434424043906e-12
3930402G23Rik,-0.0011117190468374095,0.0011117190468374095,0.9635097890053227
Igf2bp2,-0.008173445159746648,0.008173445159746648,0.736599016323552
1700007L15Rik,-0.026336742366780384,0.026336742366780384,0.2783640043712531
A930013F10Rik,-0.0016147802363149256,0.0016147802363149256,0.9470181833563835
Psd,-0.01519109004989046,0.01519109004989046,0.5318514804184041
Qtrtd1,-0.03113075222680741,0.03113075222680741,0.20005033064767738
Zfp867,-0.006711777906958018,0.006711777906958018,0.7823888868145882
Ankrd37,-0.05639880266207913,0.05639880266207913,0.02019090348680638
Pdzk1ip1,0.021265788046144034,0.021265788046144034,0.3814476680749225
Hmgcl,0.030640574766994822,0.030640574766994822,0.20722891770616197
Ces2b,-0.020410204351424897,0.020410204351424897,0.4009019706194696
Zmym1,-0.033379697076079136,0.033379697076079136,0.16943254454272969
Dtx3,-0.028213191281262068,0.028213191281262068,0.24553421105266712
Pdp2,-0.0548876100456724,0.0548876100456724,0.023793482341241762
Gm16062,-0.026107869921040777,0.026107869921040777,0.28256355522865106
D630032N06Rik,-0.018633167560734774,0.018633167560734774,0.4431637946967039
Dzip3,0.012672258016369472,0.012672258016369472,0.6020103588259631
4930503E24Rik,-0.028173912090278697,0.028173912090278697,0.24619237043673844
9130011E15Rik,0.0022867748493841343,0.0022867748493841343,0.9250250797379771
4932416H05Rik,-0.02011376246868722,0.02011376246868722,0.4077789816791405
Napb,-0.03449455523096135,0.03449455523096135,0.15562284065417165
Pcid2,-0.006860210335923987,0.006860210335923987,0.7777013878622936
Rpgrip1l,-0.00457231435669871,0.00457231435669871,0.8507499857572424
Maml1,-0.03358704958977896,0.03358704958977896,0.16679686940047808
Ranbp6,-0.03711937543376928,0.03711937543376928,0.12649541061928105
4933431E20Rik,-0.02444972985048594,0.02444972985048594,0.3142666833731558
Tmem88,0.003292888887011531,0.003292888887011531,0.8922087771221323
Ccdc17,0.02577207657169874,0.02577207657169874,0.2888022862721726
Dcdc2b,0.06976195474323109,0.06976195474323109,0.004048506920850538
S100pbp,-0.02632072168586623,0.02632072168586623,0.2786565770450484
Zbtb8a,0.012559402352769287,0.012559402352769287,0.605249082691374
Tmem125,-0.025778703082815237,0.025778703082815237,0.28867828162714837
Wwc1,-0.00919498222550635,0.00919498222550635,0.7051324607451285
Fam176b,-0.004196180885344139,0.004196180885344139,0.8629008765159911
Ifit3,0.053754535346968696,0.053754535346968696,0.02684834232936271
Ushbp1,-0.0052515810279186725,0.0052515810279186725,0.8288978113445774
Cep68,0.001884630971159866,0.001884630971159866,0.9381806873089513
Stk40,-0.08405200032541334,0.08405200032541334,0.0005301249274920075
Nxn,-0.03278479637014773,0.03278479637014773,0.1771674744520258
Cbwd1,-0.013297297947823188,0.013297297947823188,0.5842161302184161
Usp34,-0.04479536811264478,0.04479536811264478,0.06513187732964262
Jak3,-0.012940209025969545,0.012940209025969545,0.5943521725530823
Mtmr7,-0.004410831938765897,0.004410831938765897,0.8559624704464737
Rfxank,-0.0023928206954450353,0.0023928206954450353,0.9215591917209418
Myh10,0.006843075918219918,0.006843075918219918,0.7782420841574476
Sema6b,0.029942287700838233,0.029942287700838233,0.21777503486751784
Hirip3,0.0681316546945473,0.0681316546945473,0.005000110145757072
Lpar2,-0.004599861960631158,0.004599861960631158,0.849861421397221
D830031N03Rik,0.02261257205987774,0.02261257205987774,0.35202164204133285
Nprl3,-0.015568858704883429,0.015568858704883429,0.5216974967939977
Kif22,0.0299544833983931,0.0299544833983931,0.21758759736784053
9930104L06Rik,-5.251430902618835e-05,5.251430902618835e-05,0.9982757112718396
Thsd1,-0.01726757499450588,0.01726757499450588,0.47730056321451364
Slc18a1,-0.008641601085555242,0.008641601085555242,0.7221197938498137
Cyb5d2,-0.005432074263454462,0.005432074263454462,0.8231127452663243
Zcchc3,-0.03005930907451361,0.03005930907451361,0.2159812937810225
Hus1,-0.0486429580531164,0.0486429580531164,0.045182831039743666
Zfp882,-0.0010212376209913047,0.0010212376209913047,0.9664778578477583
Lcor,0.051154005354811335,0.051154005354811335,0.03516295351796013
Neto2,-0.024061923222628408,0.024061923222628408,0.322006283742029
Slc22a4,-0.014806807770885116,0.014806807770885116,0.542282206916556
Gm14378,0.005468544220618477,0.005468544220618477,0.8219449857992284
Esyt1,-0.03165491122389929,0.03165491122389929,0.19257666745064572
Gdf9,-0.0235949048089809,0.0235949048089809,0.331490303321861
Orc6,0.04764662705390714,0.04764662705390714,0.049776950468131326
Fam83g,0.011058980851443183,0.011058980851443183,0.649026622906954
Prdx2,0.05915662174250354,0.05915662174250354,0.0148278490943
Cd63,-0.13512555048057712,0.13512555048057712,2.3189631736050035e-08
Toe1,-0.033031044809730674,0.033031044809730674,0.17393445027675916
Dcun1d3,-0.01574248862259299,0.01574248862259299,0.5170641730102215
Prpsap2,-0.03522871572077338,0.03522871572077338,0.14700615920220853
Adc,-0.014933791619170298,0.014933791619170298,0.5388241882351156
Klf1,0.06754413527418913,0.06754413527418913,0.005389779987905749
Tmem53,0.008710837976973208,0.008710837976973208,0.7199866930250697
Wasf2,0.02543833162119581,0.02543833162119581,0.29509420304031336
Odz3,-0.057131566403395964,0.057131566403395964,0.018622172631488357
Gatsl3,-0.0009460347798139652,0.0009460347798139652,0.9689450970674679
Tmem159,0.05352756143993236,0.05352756143993236,0.027499386204936638
Ascc2,-0.05336600544619793,0.05336600544619793,0.027971036128794452
Chst15,-0.01909337866065112,0.01909337866065112,0.43198152810143053
1700003F12Rik,-0.01834270840294462,0.01834270840294462,0.45030566507675024
Tfrc,-0.13546726765215358,0.13546726765215358,2.136046969662573e-08
Med26,-0.029665530146502493,0.029665530146502493,0.2220597814338848
Vamp2,-0.012027529432123853,0.012027529432123853,0.6206165753433361
Cib3,0.17844792587553204,0.17844792587553204,1.3312996587319204e-13
Palb2,-0.019841436656219534,0.019841436656219534,0.4141580204657167
C530005A16Rik,-0.025511405614915543,0.025511405614915543,0.2937087927148943
Cd2bp2,-0.014949305734673662,0.014949305734673662,0.5384024668798542
Usp53,0.046293298993980644,0.046293298993980644,0.05663839420784417
Tmem180,-0.030895058767419062,0.030895058767419062,0.20347905962730894
Prickle3,-0.0049336404976365565,0.0049336404976365565,0.8391106563065205
Cd55,-0.03204971231685612,0.03204971231685612,0.18708430792047895
Ccdc120,-0.011375302276289462,0.011375302276289462,0.6396892119902555
2900009J06Rik,-0.04467413381214725,0.04467413381214725,0.06586294262213291
Pigo,-0.029514779314582493,0.029514779314582493,0.2244189187687257
Endog,-0.008470283447799822,0.008470283447799822,0.7274071286530611
Clasp1,-0.03113094772372797,0.03113094772372797,0.2000475042783003
Serpinb8,-0.027784163116443602,0.027784163116443602,0.2527899672236005
Pign,-0.020477600226652112,0.020477600226652112,0.3993482519789495
Fam73b,-0.02762871686323839,0.02762871686323839,0.25545536063249946
Ints12,-0.012449861723887186,0.012449861723887186,0.6084001108369086
D1Ertd622e,-0.06861661924413301,0.06861661924413301,0.004697836320406981
Zfp952,0.004272629594621848,0.004272629594621848,0.860428498861115
Tfpi,-0.03310090377771401,0.03310090377771401,0.1730253309987269
Cfp,-0.006774540095497628,0.006774540095497628,0.7804058813393904
A230072C01Rik,0.03044009952560187,0.03044009952560187,0.21021803877015172
Lonrf3,0.012903746338140166,0.012903746338140166,0.5953916772837466
Zfp81,-0.021440768592916683,0.021440768592916683,0.37754144165462983
C330007P06Rik,-0.03309420477172416,0.03309420477172416,0.1731123552733276
Rnf113a1,0.009419814697037902,0.009419814697037902,0.6982718802536336
Nckap1,-0.019002733084589087,0.019002733084589087,0.4341710387766112
Bcorl1,-0.03085277851284677,0.03085277851284677,0.20409862266925327
2700094K13Rik,-0.026999258716356004,0.026999258716356004,0.2664477067906248
Npnt,-0.020113762468687207,0.020113762468687207,0.4077789816791405
Mfsd4,-0.015128473266409145,0.015128473266409145,0.5335441614890096
Cdcp1,0.008802183132011449,0.008802183132011449,0.717175795962836
Atr,-0.036764649151348514,0.036764649151348514,0.1301637999955049
Cul9,-0.03992751442992179,0.03992751442992179,0.10022602948733154
Kifc5b,0.04153790209226785,0.04153790209226785,0.08724509831210575
Tstd2,-0.04730381160440669,0.04730381160440669,0.05144557038259557
1700009P17Rik,0.037502873984293736,0.037502873984293736,0.12262048848426688
Gm7694,-0.063912726387413,0.063912726387413,0.00846745723299712
Uhmk1,-0.01761088037480411,0.01761088037480411,0.46858582385115377
Hyal2,-0.044225188774835764,0.044225188774835764,0.0686292316370108
Hyal3,-0.02433672626259488,0.02433672626259488,0.3165092128375997
Amigo3,-0.026374163932939856,0.026374163932939856,0.27768141871235574
Snhg7,-0.03235051753503699,0.03235051753503699,0.18297781435209418
Klhl20,-0.03401502827800568,0.03401502827800568,0.16145434136188025
Rasal2,-0.029425046430008973,0.029425046430008973,0.22583163968289005
Rg9mtd3,-0.02419562054095965,0.02419562054095965,0.3193241155269253
Gyltl1b,-0.02376566253159476,0.02376566253159476,0.32800190447512323
Gpd1l,-0.06016867888920799,0.06016867888920799,0.013200399851049947
Nek7,0.020524919616647527,0.020524919616647527,0.39825953504265926
Reck,-0.03385890463160095,0.03385890463160095,0.1633880987976511
Sgms2,-0.0820522058334627,0.0820522058334627,0.0007187381500011459
Ppp1r12b,0.030637458511087,0.030637458511087,0.20727514462618787
Fam198a,0.06201775583280392,0.06201775583280392,0.010630263731780236
Papss1,0.030956608040289647,0.030956608040289647,0.2025795807495544
Zfp167,0.06514301336579686,0.06514301336579686,0.007282846308781294
Ugt1a1,-0.0090699569251537,0.0090699569251537,0.7089579404185186
Ngef,0.013079913862678278,0.013079913862678278,0.590377059795852
Zfp449,-0.018580245466457587,0.018580245466457587,0.44446021465098295
Hmgb3,-0.05286745918449075,0.05286745918449075,0.02947067664723939
Ifih1,-0.07549243843884526,0.07549243843884526,0.0018638108889345868
Slc39a10,-0.018301734883920222,0.018301734883920222,0.4513183473779085
Serpina7,0.06492788292470385,0.06492788292470385,0.007478610619919733
Nck2,-0.060368285500385525,0.060368285500385525,0.012898729058660493
Tbc1d8b,-0.06343530255981152,0.06343530255981152,0.008971674262111314
Mid2,-0.02357596860214306,0.02357596860214306,0.3318786207224103
Pdcl3,0.032680788272824515,0.032680788272824515,0.17854636408979824
H2-Q8,0.04741957494725953,0.04741957494725953,0.05087694827721906
Col4a5,-0.032632113367252975,0.032632113367252975,0.17919440633784017
Fam120c,-0.019389419218335483,0.019389419218335483,0.4248754528288132
Lman2l,-0.05217910187506983,0.05217910187506983,0.03165450568253158
Gtf2h4,-0.007379994961717885,0.007379994961717885,0.7613512379128397
Neb,0.06789466548254788,0.06789466548254788,0.005154121951675543
Rab23,0.0008274663415645377,0.0008274663415645377,0.9728356599062427
Fam73a,-0.0491977257425494,0.0491977257425494,0.04278330325705993
Gm4956,0.19447186769504243,0.19447186769504243,6.466179099934405e-16
Cdkl5,-0.01861621537405731,0.01861621537405731,0.44357883315010455
Nr6a1,-0.027021658860157317,0.027021658860157317,0.26605103260895746
Scai,0.04115149252682705,0.04115149252682705,0.09022911799534375
Prex2,-0.022233959139963212,0.022233959139963212,0.3601451688618439
Sep15,0.009226126693821099,0.009226126693821099,0.7041806666542149
H2-T10,-0.013841524340540399,0.013841524340540399,0.5689246892682955
Tceanc,0.008258903132187214,0.008258903132187214,0.7339487970554714
Gpank1,-0.031105006090062618,0.031105006090062618,0.2004228064170345
Chml,0.00706633502407761,0.00706633502407761,0.7712053845877224
Impad1,-0.05381544057410402,0.05381544057410402,0.026675923175966138
Brwd3,-0.031380082737704526,0.031380082737704526,0.19646930353564923
Fkbp7,0.06720612658032919,0.06720612658032919,0.0056261807688770295
Wdfy1,-0.1059479319011708,0.1059479319011708,1.2294627018559655e-05
Zfp275,-0.04386722692411729,0.04386722692411729,0.07090265040012776
Stk11ip,-0.00459290514688674,0.00459290514688674,0.8500857996292706
Rxrb,-0.06463412126788981,0.06463412126788981,0.007753540338451803
Glb1l,-0.025164759401758444,0.025164759401758444,0.3003196486488666
Aars2,-0.033774423371321735,0.033774423371321735,0.16444173671000498
Zfp142,-0.015879597427751108,0.015879597427751108,0.5134205206759818
BC024582,-0.027282016135614054,0.027282016135614054,0.2614702691872269
Tab3,-0.054327840279151954,0.054327840279151954,0.025262804363851508
Rufy4,-0.006447326223604586,0.006447326223604586,0.790759768009468
Atp5g3,0.1599680397170233,0.1599680397170233,3.455113164450279e-11
Apoo,0.07522598165038262,0.07522598165038262,0.0019345220637090208
Zxda,-0.011358391890136346,0.011358391890136346,0.6401869621759037
Spin4,-0.019811019454154335,0.019811019454154335,0.4148741655728032
St6galnac4,-0.04330370535471688,0.04330370535471688,0.07460629152149292
Atp6v0d2,0.13961410048366524,0.13961410048366524,7.75402586464109e-09
Stk19,-0.006850968488109819,0.006850968488109819,0.7779930116773371
Pard3b,0.05333897405328471,0.05333897405328471,0.02805062873767317
Abi2,-0.04847074600397551,0.04847074600397551,0.0459503713708411
Als2cr4,-0.017216247226989355,0.017216247226989355,0.47861108096133514
Rcan2,-0.03531246813938826,0.03531246813938826,0.1460468062617081
Slc25a27,-0.028228778610780082,0.028228778610780082,0.2452733728659725
Car8,0.03899444108197177,0.03899444108197177,0.10842429461337429
Zc3h8,0.005947887063121899,0.005947887063121899,0.8066340975470245
Mamdc4,-0.024061923222628408,0.024061923222628408,0.322006283742029
9330159M07Rik,0.03004147490118521,0.03004147490118521,0.2162539730573178
Arv1,0.041260440551366406,0.041260440551366406,0.08937958530129529
Mob3a,-0.020727697404291638,0.020727697404291638,0.39361432342398545
Scamp4,-0.06956993448904028,0.06956993448904028,0.004151347477300787
E130102H24Rik,-0.02568938059124677,0.02568938059124677,0.2903528270044322
Alkbh8,-0.025116682906667694,0.025116682906667694,0.30124427535162823
Shf,-0.0821268736364519,0.0821268736364519,0.0007106991146652294
Dync2h1,0.0069809503033119065,0.0069809503033119065,0.7738943617927428
Efna2,-0.01315198394838271,0.01315198394838271,0.5883311957445619
Ccdc82,0.029329388075321407,0.029329388075321407,0.22734462109887119
Airn,-0.023701404308598496,0.023701404308598496,0.3293118293072923
Cep152,-0.03624476948729911,0.03624476948729911,0.13568847736378706
Polr2e,-0.05662282621915285,0.05662282621915285,0.0196995069681683
Cfd,0.17154426903211867,0.17154426903211867,1.1420830347183645e-12
Mfap1b,0.004636647559936858,0.004636647559936858,0.8486751772169818
Hcn2,-0.018616215374057304,0.018616215374057304,0.44357883315010455
Ell3,0.031141975311700727,0.031141975311700727,0.19988812163429104
Ilvbl,-0.07936422498880685,0.07936422498880685,0.0010710356100389945
Tek,0.027119536944174086,0.027119536944174086,0.2643225189724196
Col5a3,0.04199659337775848,0.04199659337775848,0.08380672729196308
Phf10,-0.08871155852755594,0.08871155852755594,0.00025430446811728464
LOC106740,0.009250657531451096,0.009250657531451096,0.7034313148450106
Gm12657,0.11882566211059897,0.11882566211059897,9.232583884379902e-07
Ankrd49,-0.016952915295914757,0.016952915295914757,0.48536534211925675
4732415M23Rik,0.04551767665923035,0.04551767665923035,0.06091361626266355
9330133O14Rik,-0.024258292513009375,0.024258292513009375,0.318071864886029
BC025920,0.0036880358429161684,0.0036880358429161684,0.8793674388064897
Mertk,-0.02742196776299994,0.02742196776299994,0.259030579515783
Thap11,-0.01737733758198751,0.01737733758198751,0.47450466379010175
Psmb10,0.01563202199274598,0.01563202199274598,0.5200095150805
Ttc3,-0.040472733195129076,0.040472733195129076,0.0956690085514542
Rab3b,-0.018616215374057284,0.018616215374057284,0.44357883315010455
Pawr,-0.01280081957046197,0.01280081957046197,0.598330450177638
Poc1b,0.013632077796870415,0.013632077796870415,0.574786984190309
Cyb5b,0.001922130187112247,0.001922130187112247,0.9369531810133418
5730420D15Rik,-0.012956476002515017,0.012956476002515017,0.593888689336304
4932415G12Rik,0.0010520694639308374,0.0010520694639308374,0.9654664244584102
Zfp821,-0.0368515926486577,0.0368515926486577,0.12925713389745366
1700102H20Rik,-0.022520163119904554,0.022520163119904554,0.3539935977518195
Adat1,-0.040564532973848814,0.040564532973848814,0.09491829368052405
D10Wsu52e,-0.024716198381437265,0.024716198381437265,0.3090201112817103
Mphosph6,-0.027796666486864595,0.027796666486864595,0.2525764197929869
Polr3b,-0.04462373239393612,0.04462373239393612,0.06616885460040094
Hsdl1,-0.05371764795231686,0.05371764795231686,0.026953235176177096
Cotl1,-0.0029668902548603123,0.0029668902548603123,0.9028244120780148
Acot11,-0.0014785824235253146,0.0014785824235253146,0.9514811465356562
Galk2,-0.03153402458405785,0.03153402458405785,0.1942818563804962
6430548M08Rik,0.000810585740015194,0.000810585740015194,0.9733896144378561
Nfya,-0.017803235017843807,0.017803235017843807,0.4637416683551724
Rsph3b,-0.031353965435250715,0.031353965435250715,0.19684220052080448
Gm10941,0.029601036169642225,0.029601036169642225,0.2230668826379712
Kri1,-0.061185433582369844,0.061185433582369844,0.011726349299783913
Nmt2,-0.014748824795884182,0.014748824795884182,0.5438648655189695
Ybey,-0.02645030850947537,0.02645030850947537,0.27629602711530377
D330041H03Rik,-0.01661925800035544,0.01661925800035544,0.4939969147852714
Exph5,-0.023785039019001458,0.023785039019001458,0.32760757215918973
Fam98b,-0.026406213930526792,0.026406213930526792,0.27709771887720075
AI118078,0.029386875924955792,0.029386875924955792,0.22643450062117904
Otud1,-0.03215550982365617,0.03215550982365617,0.1856323121361057
Raet1e,0.17422299957295279,0.17422299957295279,5.011955698676748e-13
Stoml1,0.032808038254052714,0.032808038254052714,0.1768604309380009
2410076I21Rik,0.06680541505945772,0.06680541505945772,0.005918516051069948
Thnsl1,0.014042211180139614,0.014042211180139614,0.5633344857485676
Hivep2,-0.016636424379644917,0.016636424379644917,0.49355083446145614
Lgr4,-0.08340004800384616,0.08340004800384616,0.0005858484404038264
Dpp8,-0.04071868540501946,0.04071868540501946,0.09366828940842112
Fbxo5,-0.00562362413809654,0.00562362413809654,0.8169837932593202
Esr1,-0.059892214393893216,0.059892214393893216,0.013628517004354438
Zmynd19,-0.056889819748246334,0.056889819748246334,0.01912751205184837
Cobra1,-0.036541339475814616,0.036541339475814616,0.13251512180324443
Fam71a,-0.025807734429638334,0.025807734429638334,0.2881354287041831
Tatdn3,0.016213558838151943,0.016213558838151943,0.5046017376289622
Rps6kc1,0.01654379183542934,0.01654379183542934,0.4959605094421932
C920006O11Rik,-0.007244193282435643,0.007244193282435643,0.7656130313642885
Iars2,-0.06858680604790363,0.06858680604790363,0.004715930628144906
Tlr5,-0.017431608259729163,0.017431608259729163,0.47312559536554344
Rhbdl1,-0.011109314362622658,0.011109314362622658,0.6475370996078635
Nsun6,-0.02271935707851263,0.02271935707851263,0.34975158148914476
Sec24b,-0.03602570164854431,0.03602570164854431,0.13806996294994187
Cdk19,-0.03686319707722629,0.03686319707722629,0.12913649196321506
Ccdc162,0.03904857420914748,0.03904857420914748,0.10793460865626976
Prdm9,-0.007132022244126932,0.007132022244126932,0.7691385964727252
Dip2a,-0.0418730663917871,0.0418730663917871,0.0847217243056713
Spc24,0.09202505527898856,0.09202505527898856,0.00014759307059219732
Zfp97,0.06397034630087294,0.06397034630087294,0.00840834863177044
Trim34a,0.025237573115317283,0.025237573115317283,0.29892286834315335
Ccdc159,-0.03596239365037564,0.03596239365037564,0.13876414408996718
4930473A06Rik,0.011279171582542352,0.011279171582542352,0.6425209305259892
Cdan1,-0.013113795530966513,0.013113795530966513,0.5894148483174126
Haus2,0.00206588658076904,0.00206588658076904,0.9322488448374533
Ank3,0.01426069120193617,0.01426069120193617,0.5572788938316918
1700040L02Rik,0.046955959825854744,0.046955959825854744,0.05318626178303331
Reep3,-0.1472063714113428,0.1472063714113428,1.1215822462064828e-09
Dna2,-0.020137996599076675,0.020137996599076675,0.4072141632072681
Zfp948,-0.023484009016364556,0.023484009016364556,0.3337685747290683
Megf9,-0.03283971813142959,0.03283971813142959,0.17644255312297877
Supv3l1,-0.03758401658425102,0.03758401658425102,0.12181261386158747
Lrrc20,-0.022871960450839817,0.022871960450839817,0.3465236539523748
Vmn2r-ps129,-0.018302075213542643,0.018302075213542643,0.4513099306516176
Zfp213,-0.026944269815228187,0.026944269815228187,0.2674232043899764
Hsf2,-0.05737999564215988,0.05737999564215988,0.018115061981102954
Gm9766,0.011839091546893369,0.011839091546893369,0.6261015582587238
Amica1,0.018219467972362693,0.018219467972362693,0.4533555001304145
9530082P21Rik,-0.02090163498562099,0.02090163498562099,0.38965601621383733
Nnmt,0.2884447494843252,0.2884447494843252,7.430526224295774e-34
Src,-0.02233856571377536,0.02233856571377536,0.3578890580377161
Synrg,0.10769410776063768,0.10769410776063768,8.798305949302176e-06
Tti1,-0.03054439135949644,0.03054439135949644,0.20865916135403206
Zfp128,0.00708522949288687,0.00708522949288687,0.7706107204796377
Zscan22,-0.006803614128864415,0.006803614128864415,0.7794877540534172
Hdac7,0.003794109557097341,0.003794109557097341,0.8759255415772917
Dhx57,-0.012208100684419215,0.012208100684419215,0.6153802684120258
Dcaf4,-0.024812076312291688,0.024812076312291688,0.30714657753115077
Vdac2,-0.04628046224352225,0.04628046224352225,0.05670706463695143
Peg10,-0.02562133093909716,0.02562133093909716,0.2916329410194175
Lrtm1,0.07757227023004902,0.07757227023004902,0.0013882421682143231
Rad9,-0.020949538526372394,0.020949538526372394,0.3885701355352264
Adam4,0.03274543854869287,0.03274543854869287,0.17768832658125774
Gpihbp1,-0.008415217142491455,0.008415217142491455,0.7291093983758642
2310015A10Rik,-0.015578146253736035,0.015578146253736035,0.5214491189778484
Slc25a40,-0.029288089465230507,0.029288089465230507,0.22800004733536094
Gm15408,0.006169525094627698,0.006169525094627698,0.7995792387498352
Fut8,-0.00012664392893555268,0.00012664392893555268,0.9958417070440546
Nek4,-0.04147121200183145,0.04147121200183145,0.08775434971077854
Pbrm1,-0.09525839825136487,0.09525839825136487,8.52906484078916e-05
Mef2d,-0.04031627253077916,0.04031627253077916,0.09695944219949859
Pclo,0.06883613721615663,0.06883613721615663,0.00456652753334071
Camk2g,-0.014040648652136362,0.014040648652136362,0.5633779081183254
Thumpd2,-0.0033463158827157606,0.0033463158827157606,0.8904707981702382
Zfp28,-0.02924500999152179,0.02924500999152179,0.22868516871634229
Tecpr2,-0.007690771872332736,0.007690771872332736,0.7516256537361146
Zfp839,0.02331981322272295,0.02331981322272295,0.33716034104520526
Ppp6r2,-0.017184303503801877,0.017184303503801877,0.47942766921017127
Zeb1,0.02335202700377488,0.02335202700377488,0.33649316648242517
Tnik,0.010696008919877719,0.010696008919877719,0.6598093256137653
Fhit,-0.000186767486707708,0.000186767486707708,0.993867611309684
Ect2,-0.002424996529289302,0.002424996529289302,0.9205078826671118
Rarb,0.05346022073130825,0.05346022073130825,0.027695142438579717
Serpina9,0.0019305855171829304,0.0019305855171829304,0.936676423247627
Cyp7b1,0.18070696703928102,0.18070696703928102,6.465461281229133e-14
Mtl5,0.009541463163507355,0.009541463163507355,0.6945700762120439
Fam149b,-0.04538201242707739,0.04538201242707739,0.061688173365422136
Asb2,-0.0004913536939094038,0.0004913536939094038,0.9838676613701566
Nupl2,-0.009444877061234872,0.009444877061234872,0.6975086337842799
Hist2h2ac,0.022639998676268872,0.022639998676268872,0.35143771306321386
Cdc42ep5,0.09859379397947995,0.09859379397947995,4.756911928724835e-05
Gm16381,0.045517676659230386,0.045517676659230386,0.06091361626266355
Dnajc9,0.0458325589351882,0.0458325589351882,0.059146827461615106
Zfp628,-0.04187907497283661,0.04187907497283661,0.08467703111083795
Ptp4a3,-0.05914236500004929,0.05914236500004929,0.014851983938060366
Kctd6,-0.03600343899161065,0.03600343899161065,0.13831377065329173
Ercc6,-0.03080288726226627,0.03080288726226627,0.2048314777004275
Hspa2,0.008505992631787588,0.008505992631787588,0.7263039647338575
Dedd2,-0.03625608858623008,0.03625608858623008,0.13556629408514873
Sart1,-0.07547381426653799,0.07547381426653799,0.0018686751011063553
Brms1l,-0.006029517320279277,0.006029517320279277,0.8040339002646717
Cnpy4,-0.02119195382676899,0.02119195382676899,0.3831033342362122
Baz1a,-0.06266729616516555,0.06266729616516555,0.009839139437620137
Nubpl,0.03382621510307919,0.03382621510307919,0.16379519308515092
Tgfb1,-0.03214613572535459,0.03214613572535459,0.18576062784751585
Lama5,-0.025721199281414076,0.025721199281414076,0.2897555688062548
Sall2,-0.045600517652782765,0.045600517652782765,0.0604446174518002
Ispd,-0.028354431253961802,0.028354431253961802,0.24317779517866042
Rasgrp3,-0.015915083179114407,0.015915083179114407,0.5124796709168717
Gjc3,-0.02494655755974455,0.02494655755974455,0.3045313921421669
0610010O12Rik,-0.025434442387024518,0.025434442387024518,0.295168061447363
Slc12a9,-0.02879133120266461,0.02879133120266461,0.23598935281912764
Sertad3,0.028035689765681614,0.028035689765681614,0.24851823359763237
Cog5,-0.005864578344877094,0.005864578344877094,0.8092899626555786
Ufsp1,0.009434103937651272,0.009434103937651272,0.6978366798842939
Zfp607,0.002665425443842205,0.002665425443842205,0.9126566568208768
Fibp,-0.07684395861748086,0.07684395861748086,0.001540318387182867
Klc2,-0.029147539623647165,0.029147539623647165,0.23024070676052033
Gm527,0.004292256602808412,0.004292256602808412,0.859793974069339
Zfp111,-0.036168079659176455,0.036168079659176455,0.13651854007976624
Mmrn2,-0.015281157534702623,0.015281157534702623,0.5294215179533557
Krit1,-0.03727036245089537,0.03727036245089537,0.12495859931771547
Akap5,-0.020113762468687228,0.020113762468687228,0.4077789816791405
Mtmr11,-0.017130943695455106,0.017130943695455106,0.4807934166665532
2210039B01Rik,-0.01400565413282127,0.01400565413282127,0.5643508216226404
Cyth3,0.03759262062160725,0.03759262062160725,0.12172719444393734
Fbxo46,0.03328922470937045,0.03328922470937045,0.17059227593853882
Zfp316,-0.02472701538020832,0.02472701538020832,0.3088083612965515
Rtel1,-0.03610388065964965,0.03610388065964965,0.13721641271563026
Relb,-0.04872991952977843,0.04872991952977843,0.04479936964809247
AB099516,-0.014933791619170297,0.014933791619170297,0.5388241882351156
Rpph1,-0.04506580324353526,0.04506580324353526,0.06352518212827506
Srms,-0.01642209252643925,0.01642209252643925,0.49913581456240286
Pvt1,0.006651996501236395,0.006651996501236395,0.7842790278306285
A1bg,-0.07827225653640538,0.07827225653640538,0.0012552351898532895
Csrnp2,-0.01933117041584819,0.01933117041584819,0.4262682236384732
Chsy3,-0.04570226002705797,0.04570226002705797,0.05987270537690156
Chrna4,-0.0645301484190726,0.0645301484190726,0.007852994764103387
Syt11,0.043827816060644946,0.043827816060644946,0.071156676550445
Rnf6,-0.07130451131581407,0.07130451131581407,0.003302573733962339
Tmem18,-0.030331146680806092,0.030331146680806092,0.21185556142614997
E130304F04Rik,-0.00624436491561991,0.00624436491561991,0.7972007014898334
Amn,-0.006028558327223059,0.006028558327223059,0.8040644348961035
1810013D10Rik,-0.014574364226599325,0.014574364226599325,0.5486406077923078
Alms1,0.0009798059992353544,0.0009798059992353544,0.967837099753019
Lrrc61,-0.017083469873040318,0.017083469873040318,0.482010289653288
2310040G24Rik,-0.006204177367604297,0.006204177367604297,0.7984776979811095
Zfp746,-0.030559165917434357,0.030559165917434357,0.20843900080909794
Nop16,-0.01818585649004017,0.01818585649004017,0.45418930152486353
Tbc1d19,-0.034527270020102974,0.034527270020102974,0.15523089499203432
1700106N22Rik,-0.030338123553430497,0.030338123553430497,0.2117504262865656
Pfn2,-0.01733980303060199,0.01733980303060199,0.4754597405683905
Pmm1,0.086900796038977,0.086900796038977,0.00033975530099448125
Chst13,0.00724410470290008,0.00724410470290008,0.7656158135400943
Zfp398,-0.024871705849725537,0.024871705849725537,0.3059851655599121
Uroc1,-0.06379475261877914,0.06379475261877914,0.00858963853350823
Xpc,-0.024625720128992265,0.024625720128992265,0.3107950383259799
Ptpdc1,-0.010609047921849833,0.010609047921849833,0.6624032775725448
Nhlrc1,-0.010373242625089478,0.010373242625089478,0.6694574100209142
Foxp1,-0.06401617703879754,0.06401617703879754,0.008361597365980333
Impa2,0.00871029466403559,0.00871029466403559,0.7200034233574509
Omd,0.08241182912035223,0.08241182912035223,0.0006807806101552027
Fam151b,-0.03715345541339484,0.03715345541339484,0.1261472513458343
Lix1l,0.009731909601835023,0.009731909601835023,0.688789343099364
Dapk1,-0.05955469977405832,0.05955469977405832,0.014167751174571882
Zfp518b,-0.03306151153316356,0.03306151153316356,0.1735375299858558
Gm7854,0.008764436604593702,0.008764436604593702,0.7183368806432506
Slc33a1,-0.06862851767055012,0.06862851767055012,0.004690632442888504
Zfp85-rs1,-0.002372079568392879,0.002372079568392879,0.9222369573516999
E230016M11Rik,-0.017698162018171374,0.017698162018171374,0.466384309492148
A530054K11Rik,0.015518195926091185,0.015518195926091185,0.5230534460525568
AA987161,0.010404948958854583,0.010404948958854583,0.668507198225763
Cc2d2a,-0.0240619232226284,0.0240619232226284,0.322006283742029
Fam188b,-0.024682902764144428,0.024682902764144428,0.309672496966661
Itga10,-0.028017896632668952,0.028017896632668952,0.24881875005374254
Gm4832,0.04005554842840994,0.04005554842840994,0.09914066320413265
Zfp953,-0.01725212595698071,0.01725212595698071,0.4776948066962363
Zfp708,0.010779008473578915,0.010779008473578915,0.6573373439055864
Ccnh,0.007516800441796228,0.007516800441796228,0.7570652444476039
Gm10767,0.02433218839548742,0.02433218839548742,0.316599484305526
4930414L22Rik,-0.004086145333388958,0.004086145333388958,0.8664618146680155
4833422C13Rik,-0.019366322730324514,0.019366322730324514,0.42542738839485283
Ccdc149,-0.022146994182934747,0.022146994182934747,0.36202756834516236
Sepsecs,-0.024553862785473998,0.024553862785473998,0.3122094551338358
Setmar,-0.004696182128194603,0.004696182128194603,0.846756061729407
Hist2h3c2,0.014646406040519727,0.014646406040519727,0.5466660056778473
Ezh2,-0.03251596403581447,0.03251596403581447,0.18074783896826155
Rad18,-0.023127385719038537,0.023127385719038537,0.3411633567088332
Ptpn6,0.029021512907244626,0.029021512907244626,0.23226310022878893
Cxxc1,-0.10826682144975333,0.10826682144975333,7.875022101956748e-06
Podxl,-0.031198866916655424,0.031198866916655424,0.19906733443934252
Fst,0.06204510652887835,0.06204510652887835,0.010595844137707814
Lyst,0.0012276476092532781,0.0012276476092532781,0.9597077196801158
Ccdc164,-0.022507925522744755,0.022507925522744755,0.35425526323310375
Mest,-0.023162729604473693,0.023162729604473693,0.34042583752028993
Acrbp,0.010763417817185802,0.010763417817185802,0.657801397003738
Slc35b4,-0.01350924162813388,0.01350924162813388,0.5782383305990505
Sp4,-0.014627184904869852,0.014627184904869852,0.5471924958098837
3110070M22Rik,0.09648177171982386,0.09648177171982386,6.89963854152016e-05
Mccc1,0.054945776757850895,0.054945776757850895,0.02364513731837015
8030462N17Rik,-0.026254501612371098,0.026254501612371098,0.27986811760178953
Clec2h,0.02165807368639556,0.02165807368639556,0.3727248012077508
Pld4,0.017782683907862803,0.017782683907862803,0.46425788312577576
5430411K18Rik,-0.03009169231124426,0.03009169231124426,0.21548679612555885
Smo,0.02727529578271757,0.02727529578271757,0.2615878189224907
9430020K01Rik,0.0014690732031668804,0.0014690732031668804,0.9517928054088177
Dnahc11,-0.0347428738725325,0.0347428738725325,0.15266651944270615
Spata5,-0.028664039672869318,0.028664039672869318,0.23806803698740975
Lrat,0.012923388272852637,0.012923388272852637,0.5948316077846784
Hbb-b1,0.34621702172033647,0.34621702172033647,6.0110202678546875e-49
Tmem111,-0.06742534258820278,0.06742534258820278,0.005471821619475243
Serpinb6b,0.1253774164958341,0.1253774164958341,2.2188222012105494e-07
Serpinb1a,0.2931283571236181,0.2931283571236181,5.882989039153417e-35
Smn1,0.0175750955948617,0.0175750955948617,0.469490085635985
Mkrn1,-8.336935626845725e-05,8.336935626845725e-05,0.997262599965819
Gmds,-0.02551183685651981,0.02551183685651981,0.29370062976228084
Cdkal1,-0.008443475167866272,0.008443475167866272,0.7282356881758254
D630045J12Rik,-0.046452305655262836,0.046452305655262836,0.05579350342230341
Tonsl,0.013006690285958484,0.013006690285958484,0.5924590132407713
N4bp2,-0.007958804525912147,0.007958804525912147,0.7432692002766691
Plxnd1,-0.006405391537547961,0.006405391537547961,0.7920894024140207
Ift172,-0.029323932033536643,0.029323932033536643,0.22743113375240426
Cul2,-0.03968848824235173,0.03968848824235173,0.10227760810084943
Zfp9,-0.04092949214730395,0.04092949214730395,0.09198027631224721
Creb3l2,-0.02717441721116139,0.02717441721116139,0.2633567329679808
Hist2h3c1,0.04877597269063068,0.04877597269063068,0.04459740887807411
Slc30a3,-0.04855022861754456,0.04855022861754456,0.04559476862091074
Zfp322a,-0.027348854119987928,0.027348854119987928,0.2603031514536176
Agbl3,0.0006570725894874049,0.0006570725894874049,0.9784278640640556
Arhgap39,-0.01721985528054415,0.01721985528054415,0.47851889480092924
Zfp780b,-0.008425240181936518,0.008425240181936518,0.7287994556119296
Klhdc1,-0.019537602702055908,0.019537602702055908,0.42134427667741875
Bod1l,-0.005963751642034915,0.005963751642034915,0.8061285893723756
Gm11517,0.046167410131180975,0.046167410131180975,0.057314833443664503
Loxl2,-0.006292980061609402,0.006292980061609402,0.7956566351541348
Strada,-0.02477075387122071,0.02477075387122071,0.307953128594114
Smarca5-ps,0.04695377099368846,0.04695377099368846,0.05319736869367641
Uggt2,-0.011556290085002367,0.011556290085002367,0.6343720944511858
Saal1,-0.05754746426887514,0.05754746426887514,0.01778006959593255
2810408M09Rik,-0.00948651587219193,0.00948651587219193,0.696241246133641
Cdc45,-0.0009250127995799537,0.0009250127995799537,0.9696348359664945
Mcm4,0.033329902811946206,0.033329902811946206,0.17007010550204046
Ocstamp,0.04482036524836769,0.04482036524836769,0.06498197458067956
Lrrc46,0.0552579524517232,0.0552579524517232,0.02286260591500436
4632434I11Rik,-0.02235175231201351,0.02235175231201351,0.35760528704382943
Gtf2h1,-0.058576194139544555,0.058576194139544555,0.015838823894606783
Gatad2b,0.02300643136256242,0.02300643136256242,0.34369503257014206
1700052K11Rik,-0.023783992435594828,0.023783992435594828,0.32762886339765906
Slc3a2,-0.17864827989599763,0.17864827989599763,1.2491671940716853e-13
Fras1,-0.006852968747652504,0.006852968747652504,0.7779298914195169
Hira,-0.04908404670691088,0.04908404670691088,0.04326603098578269
Pold1,-0.007208463989131773,0.007208463989131773,0.7667354899119256
Clcn6,0.027414081562030373,0.027414081562030373,0.25916763440344975
Sybu,-0.041316658117929755,0.041316658117929755,0.08894374742890475
2700081O15Rik,-0.02595574774946599,0.02595574774946599,0.28537844582535254
Zfp933,0.028141650209955085,0.028141650209955085,0.24673387161194854
Slc22a26,-0.04273986040480508,0.04273986040480508,0.07846860684283473
Tuft1,-0.050573035602298,0.050573035602298,0.037294799810800486
Abcb9,-0.03049339107111931,0.03049339107111931,0.20942042710589562
Ank,-0.09591604012964593,0.09591604012964593,7.612710528861712e-05
Incenp,-0.030166784167979625,0.030166784167979625,0.2143432672190554
Fut1,-0.038181253616018124,0.038181253616018124,0.11599367325873192
Lpin3,-0.029123150302718146,0.029123150302718146,0.23063111103851686
Rap1a,0.039315770100807175,0.039315770100807175,0.1055431426287071
Hoxb1,-0.014933791619170293,0.014933791619170293,0.5388241882351156
Helz,-0.01916714243039751,0.01916714243039751,0.43020451729851067
Dlgap1,0.04054235437800326,0.04054235437800326,0.09509923109944943
2310044H10Rik,-0.111549116217694,0.111549116217694,4.127341661435189e-06
2310008H04Rik,-0.020227982997146503,0.020227982997146503,0.4051209565805544
1700081L11Rik,-0.02854459494525814,0.02854459494525814,0.24003029805423476
Fam174b,-0.024425638435543323,0.024425638435543323,0.31474389406256026
2900076A07Rik,0.08623790059121308,0.08623790059121308,0.0003772595952256333
Wnk4,-0.034364986967356376,0.034364986967356376,0.15718253176238597
Lor,-0.020494665804428103,0.020494665804428103,0.3989554037933562
Tspyl5,0.020815321918198255,0.020815321918198255,0.39161721536661204
Pde8a,0.022673070994821687,0.022673070994821687,0.35073439964484815
Zdhhc8,-0.028331313987589007,0.028331313987589007,0.24356238767085042
Kbtbd7,-0.05624205206471601,0.05624205206471601,0.020541059764117933
Triap1,0.010050215258473444,0.010050215258473444,0.6791681815135165
Rplp0,-0.02560500849688819,0.02560500849688819,0.29194055285196613
Ttll13,0.049550376842799004,0.049550376842799004,0.0413146552034301
Rccd1,-0.015126962391618851,0.015126962391618851,0.5335850376235332
Hddc3,0.016168421858391468,0.016168421858391468,0.5057889702642043
Klhl11,0.014796604677849707,0.014796604677849707,0.5425605362422765
Wdr93,-0.0035552227781172896,0.0035552227781172896,0.8836801844647854
1810026B05Rik,-0.011008711827989839,0.011008711827989839,0.6505156388320544
Lysmd4,0.007744740396309722,0.007744740396309722,0.7499407000332512
Meox1,-0.009315909953391264,0.009315909953391264,0.7014394291900691
Mvk,0.025418336190549354,0.025418336190549354,0.2954740574773172
Ints3,0.0006917909432592115,0.0006917909432592115,0.9772883370167857
Ski,-0.07647076205496817,0.07647076205496817,0.0016240504435111255
A830052D11Rik,-0.01565848962103207,0.01565848962103207,0.5193030292035097
1500011B03Rik,0.019866076075554632,0.019866076075554632,0.41357844399429466
Spp1,0.0008537352487149874,0.0008537352487149874,0.971973644479605
Tubgcp5,-0.012950810333414851,0.012950810333414851,0.5940500984043625
Cog3,-0.060943398110281405,0.060943398110281405,0.012063347350300239
Slc25a30,-0.02250723775939814,0.02250723775939814,0.35426997267741045
D7Ertd715e,0.005365672046072606,0.005365672046072606,0.8252399322805057
Snora31,0.013471641415039322,0.013471641415039322,0.5792967324901913
1110008J03Rik,-0.006530809453420191,0.006530809453420191,0.7881145567805674
Spag1,0.009165619325709393,0.009165619325709393,0.7060302315362791
Ddx11,0.02873424037267923,0.02873424037267923,0.23692006023299217
9030625A04Rik,-0.016505663161657518,0.016505663161657518,0.49695417991470586
Kctd10,0.020467720804170406,0.020467720804170406,0.39957578170548746
Aqp4,-0.028843151749511218,0.028843151749511218,0.23514680259184836
Kctd9,-0.04476024280368425,0.04476024280368425,0.06534299811826833
Nupl1,-0.031048738742231796,0.031048738742231796,0.20123860022939116
Zfp174,-0.022260341392433224,0.022260341392433224,0.35957532791820734
Cdc42ep2,-0.0112566379769444,0.0112566379769444,0.6431854558392155
Syvn1,-0.013661808659753706,0.013661808659753706,0.5739530973540087
A830093I24Rik,0.014387092420074056,0.014387092420074056,0.5537899634776006
C920021L13Rik,0.018794512207654247,0.018794512207654247,0.43922472717454913
Zfp566,-0.026183022017324857,0.026183022017324857,0.28117989311427855
Lrig2,-0.05662874522567492,0.05662874522567492,0.019686666349418607
1110017F19Rik,0.03401416162067149,0.03401416162067149,0.1614650279650455
Rfc2,-0.0051764057317639535,0.0051764057317639535,0.8313100436266971
Dnmt3a,-0.0026184352067576654,0.0026184352067576654,0.9141904816483141
AI428936,0.03189639864589449,0.03189639864589449,0.18920327513847532
Clip2,-0.023142559370065083,0.023142559370065083,0.3408466037312828
Hexdc,-0.06082574411796508,0.06082574411796508,0.012230239470575024
Sectm1a,-0.015035563956618234,0.015035563956618234,0.5360607242635756
Chfr,-0.06397456517914232,0.06397456517914232,0.008404035275051914
Chrnb2,0.020399693384406496,0.020399693384406496,0.4011446129923403
Zfp932,0.024077081007438383,0.024077081007438383,0.32170145967023533
Zfp30,0.019324492720563944,0.019324492720563944,0.42642806196068683
Fam83a,0.006078500849236185,0.006078500849236185,0.8024746480929078
Ecscr,-0.009812881744104425,0.009812881744104425,0.6863370148167618
Id2,0.24697037919500528,0.24697037919500528,5.506563610106034e-25
Cux1,-0.010896592718279181,0.010896592718279181,0.653841730884681
Khnyn,0.02957981646918164,0.02957981646918164,0.22339895024791603
Folr2,0.004229153944764356,0.004229153944764356,0.8618343503745178
Stxbp4,0.07666164142019169,0.07666164142019169,0.001580714645372425
Atg16l2,0.007787813713846098,0.007787813713846098,0.7485967604979515
1700030C10Rik,-0.03886080614072177,0.03886080614072177,0.10964067150616896
Arhgef16,-0.044016223844079744,0.044016223844079744,0.06994898329988843
Zmym2,0.019168066181985854,0.019168066181985854,0.4301822905178282
Ccl24,0.013612840903645456,0.013612840903645456,0.5753268426388575
Agxt2,0.052837838339401866,0.052837838339401866,0.02956191161183839
Idua,0.03864676378937931,0.03864676378937931,0.11161136104608801
Gm14393,0.0901775460376926,0.0901775460376926,0.00020034677346661225
She,-0.02898736027762675,0.02898736027762675,0.23281332198098134
4930579G22Rik,-0.029084372463124838,0.029084372463124838,0.2312528024595637
Hap1,-0.018875589322775055,0.018875589322775055,0.43725291934481714
Zfp652,0.011354467149190431,0.011354467149190431,0.6403025084362621
Gm5595,0.010393161082640394,0.010393161082640394,0.6688604089678524
Scn1b,-0.017371232712753676,0.017371232712753676,0.4746599321051908
4931406P16Rik,-0.01093978095149235,0.01093978095149235,0.6525597034826568
Tshz2,-0.012959000034405217,0.012959000034405217,0.5938167887268095
A530013C23Rik,-0.022207808256963883,0.022207808256963883,0.3607105710633901
Serpinh1,-0.03518577323778632,0.03518577323778632,0.14749991296598064
0610009L18Rik,-0.03144312715527728,0.03144312715527728,0.19557130018809277
Hgs,-0.06506308144486986,0.06506308144486986,0.007355039851296211
Lzic,-0.0011145362382897032,0.0011145362382897032,0.9634173843633836
Neu3,0.009994210756096796,0.009994210756096796,0.6808572566122488
Slc26a11,-0.042072560404296216,0.042072560404296216,0.08324800035261157
Vegfb,-0.04487972708904295,0.04487972708904295,0.06462713286639307
Cxcl9,0.03677319359098826,0.03677319359098826,0.1300744787676785
Glt1d1,-0.011330374903084469,0.011330374903084469,0.6410119865768479
Hspg2,0.02200642299391445,0.02200642299391445,0.3650832987045386
Mllt11,-0.029989768200530995,0.029989768200530995,0.21704595277045372
C1qa,-0.011442157169074728,0.011442157169074728,0.6377229540873172
Abcc5,-0.03550612020231693,0.03550612020231693,0.14384693224790535
Pdcd2l,0.03245525060363813,0.03245525060363813,0.18156381299717467
Dnajc11,-0.08698480356078789,0.08698480356078789,0.0003352594802949466
Hist2h4,-0.007588820326836345,0.007588820326836345,0.7548119118878337
Tnfaip6,-0.006176363414266183,0.006176363414266183,0.7993618277895156
Nr4a2,-0.011981251308837013,0.011981251308837013,0.6219616869908156
Cd44,0.031137117110382848,0.031137117110382848,0.19995832619919635
2810002D19Rik,0.016782436549209034,0.016782436549209034,0.4897653327284782
6330549D23Rik,0.011787246057675543,0.011787246057675543,0.6276143082297692
Pdhx,-0.0433658283333964,0.0433658283333964,0.07419040898599814
Mfsd1,-0.05908007806867719,0.05908007806867719,0.014957833836569883
Gm13889,0.00700579081732856,0.00700579081732856,0.7731117910022403
BC021767,0.011397874272091171,0.011397874272091171,0.6390250671464754
Ctso,0.022347395950480346,0.022347395950480346,0.3576990187674376
Trp53i11,-0.02668098245610607,0.02668098245610607,0.2721278685656672
Gm13498,0.06252663869558267,0.06252663869558267,0.010005866674063089
Accn5,0.016405731293769536,0.016405731293769536,0.49956352336586163
Tspan18,-0.016861563026917825,0.016861563026917825,0.48772044606619824
Fam198b,-0.00758882032683634,0.00758882032683634,0.7548119118878337
Terc,-0.01315198394838272,0.01315198394838272,0.5883311957445619
Tmem144,-0.023072351042471455,0.023072351042471455,0.3423137958994858
4931440P22Rik,-0.0111518034871341,0.0111518034871341,0.6462808121636797
Tspan5,-0.018611355798385163,0.018611355798385163,0.4436978504867441
Smc4,-0.00016790298879240488,0.00016790298879240488,0.9944870044011052
Lekr1,-0.01684970520830365,0.01684970520830365,0.4880265972994422
Gm10804,0.025924896481934193,0.025924896481934193,0.2859516245447485
Accs,0.005795770533206585,0.005795770533206585,0.811485199347446
Tmod4,-0.0075888203268363414,0.0075888203268363414,0.7548119118878337
Oaz3,-0.00798306822565276,0.00798306822565276,0.7425142036005015
Gbp3,0.05444813570088984,0.05444813570088984,0.024940589681112443
Gbp1,-0.007588820326836338,0.007588820326836338,0.7548119118878337
Tchh,0.0014179251415432441,0.0014179251415432441,0.9534692769888349
Prr5l,-0.017984784798060816,0.017984784798060816,0.459195295682213
Pdcd10,0.0009588260082665813,0.0009588260082665813,0.9685254234845121
Cacnb4,0.052094204126050384,0.052094204126050384,0.03193321802471107
Ccdc109b,-0.007588820326836342,0.007588820326836342,0.7548119118878337
Fcgr1,-0.009800259636755796,0.009800259636755796,0.6867190726841453
Anxa9,0.03494946531430559,0.03494946531430559,0.15023967539218935
Serpini1,0.12300898896466782,0.12300898896466782,3.7467569346324116e-07
A730090N16Rik,-0.010735379874562969,0.010735379874562969,0.6586362728762185
Riiad1,-0.007588820326836343,0.007588820326836343,0.7548119118878337
Bnipl,-0.01315198394838272,0.01315198394838272,0.5883311957445619
S100a11,0.09419160874894818,0.09419160874894818,0.00010240262889134655
Ift80,-0.002283461882766853,0.002283461882766853,0.9251333804172333
Gbp5,-0.007588820326836344,0.007588820326836344,0.7548119118878337
Efna4,-0.010735379874562965,0.010735379874562965,0.6586362728762253
Mapk8ip1,-0.019649552741841797,0.019649552741841797,0.41868797889324005
Rprd2,-0.022771724517620964,0.022771724517620964,0.3486417422161137
Bglap-rs1,0.04115095142276146,0.04115095142276146,0.09023335345147153
Paqr6,-0.007588820326836344,0.007588820326836344,0.7548119118878337
Ddit4l,-0.033517302034207226,0.033517302034207226,0.16767997782425417
Atp8b2,-0.010735379874562972,0.010735379874562972,0.6586362728762185
Wipf1,0.038504909592954356,0.038504909592954356,0.11293272628757638
Ecm1,-0.01739347869616551,0.01739347869616551,0.47409427273700305
Hist2h2ab,-0.01073537987456297,0.01073537987456297,0.6586362728762185
Iqgap3,-0.007588820326836341,0.007588820326836341,0.7548119118878337
Nes,-0.023677372518788427,0.023677372518788427,0.3298025940924689
Gm19710,0.06252663869558268,0.06252663869558268,0.010005866674063089
Adamtsl4,-0.013151983948382715,0.013151983948382715,0.5883311957445619
4930539J05Rik,-0.012537132937521048,0.012537132937521048,0.6058890892235335
1700094D03Rik,0.003294641615481063,0.003294641615481063,0.8921517526509943
Pear1,-0.018525297356961193,0.018525297356961193,0.4458085504349477
Lmna,-0.03353742285667985,0.03353742285667985,0.16742485878076496
Mex3a,-0.010734174924949602,0.010734174924949602,0.6586721617725011
Plekho1,-0.00018215591772038214,0.00018215591772038214,0.9940190263020728
Frzb,-0.010735379874562995,0.010735379874562995,0.6586362728762185
Bank1,0.03075855110317288,0.03075855110317288,0.20548433642049174
Emcn,-0.03232378670705804,0.03232378670705804,0.1833400100827287
Trim46,-0.0147714061265949,0.0147714061265949,0.5432482300855374
Thbs3,0.0959887525595291,0.0959887525595291,7.517309463664659e-05
Fam189b,0.03543196350815423,0.03543196350815423,0.14468632856622804
Adam15,0.030715684235787487,0.030715684235787487,0.20611699488356347
Itga4,-0.007588820326836347,0.007588820326836347,0.7548119118878337
Mab21l2,0.03432311373953881,0.03432311373953881,0.15768910766197722
BC028528,-0.010054398029706823,0.010054398029706823,0.679042095118961
Cerkl,0.036497378041572735,0.036497378041572735,0.13298185860933404
Hcn3,-0.015191090049890464,0.015191090049890464,0.5318514804184041
5830417I10Rik,-0.05278040430469331,0.05278040430469331,0.029739505492466914
Gm129,-0.028478734601852275,0.028478734601852275,0.24111712298216545
Pde1a,0.0714855787649907,0.0714855787649907,0.00322376144314779
Prdx6b,0.1532670881309403,0.1532670881309403,2.2272496038610563e-10
Arhgef2,-0.033639755154662235,0.033639755154662235,0.16613185840581932
Rbm45,-0.011033670867426458,0.011033670867426458,0.6497761538348235
Gucy1b3,-0.007588820326836339,0.007588820326836339,0.7548119118878337
Glt28d2,-0.006680851737732875,0.006680851737732875,0.7833665367273587
Tmem154,-0.010735379874562967,0.010735379874562967,0.6586362728762253
Fign,0.025138080359946028,0.025138080359946028,0.30083251716659587
Sfpi1,-0.021104875435994756,0.021104875435994756,0.38506163199942733
Zfp408,-0.005994331203789777,0.005994331203789777,0.805154432187027
Fap,-0.015191090049890485,0.015191090049890485,0.5318514804184041
S100a8,0.01516738849243584,0.01516738849243584,0.5324918701910176
Mdk,-0.012486845131719174,0.012486845131719174,0.6073354356285275
Creb3l1,-0.012724604145369531,0.012724604145369531,0.6005107880057029
Ly75,-0.01859727087278412,0.01859727087278412,0.44404291158930265
Mtap9,0.04115095142276149,0.04115095142276149,0.09023335345147153
S100a9,0.00947074424763,0.00947074424763,0.6967211978948873
Gucy1a3,-0.010735379874562976,0.010735379874562976,0.6586362728762185
Cytip,-0.010225262496743305,0.010225262496743305,0.6738992228221501
1700029I15Rik,0.003877139698572757,0.003877139698572757,0.8732329975353201
Sprr1a,0.0014179251415432446,0.0014179251415432446,0.9534692769888349
Gm4349,-0.007588820326836342,0.007588820326836342,0.7548119118878337
Tlr2,-0.007465368340130967,0.007465368340130967,0.7586756987599166
S100a6,0.09804483457940547,0.09804483457940547,5.243399155745324e-05
Ctsk,-0.004364769564115518,0.004364769564115518,0.8574504779937526
Stk39,-0.021139975524965965,0.021139975524965965,0.3842715350004406
Slc43a3,0.025624423986327416,0.025624423986327416,0.29157467416381777
P2rx3,-0.023765662531594747,0.023765662531594747,0.32800190447512323
Olfr1033,-0.026970510676354115,0.026970510676354115,0.2669573885545167
Nup160,-0.03554014335351656,0.03554014335351656,0.14346306730433486
Creb3l4,-0.007588820326836346,0.007588820326836346,0.7548119118878337
Gstcd,-0.02328248627635179,0.02328248627635179,0.33793447542600585
Tbck,-0.018235909194510378,0.018235909194510378,0.4529479566298605
Cenpe,-0.01072163539909413,0.01072163539909413,0.6590456926650452
C1qtnf4,0.017104864625657017,0.017104864625657017,0.48146168151024993
Ctss,0.11526457002961774,0.11526457002961774,1.943078608275267e-06
Dapp1,-0.001189734157797321,0.001189734157797321,0.9609510576116082
Gm6525,-0.02138996840321269,0.02138996840321269,0.3786729481681777
Hist2h2be,-0.025345014214149322,0.025345014214149322,0.296869757924491
Slc27a3,-0.01857446219368277,0.01857446219368277,0.44460201704051894
Dhrs9,0.00623210358387402,0.00623210358387402,0.7975902593232008
Lass6,-0.03297245816431685,0.03297245816431685,0.17469962030764039
Fhdc1,-0.0075888203268363414,0.0075888203268363414,0.7548119118878337
4930578N16Rik,0.05910426416804244,0.05910426416804244,0.014916653575623724
Gm5148,-0.02410619392915948,0.02410619392915948,0.32111652494833065
Lmo2,0.004697784590313479,0.004697784590313479,0.8467044183548342
Slc30a7,-0.03241871001290943,0.03241871001290943,0.18205622451455838
Fermt1,0.0722129851556403,0.0722129851556403,0.0029241076517378633
Plcb4,-0.010735379874562972,0.010735379874562972,0.6586362728762185
2210009G21Rik,-0.03048318380397673,0.03048318380397673,0.2095730289265071
Slc16a1,-0.06578405129165905,0.06578405129165905,0.006726464756408499
Th1l,-0.032128701499357565,0.032128701499357565,0.18599944743694743
Bmp7,-0.014349116271578626,0.014349116271578626,0.5548370584449747
Jag1,0.0021781958135866017,0.0021781958135866017,0.9285752330313225
Btbd3,-0.00012705197232999385,0.00012705197232999385,0.9958283092557513
1700029J11Rik,-0.012956476002515066,0.012956476002515066,0.5938886893362973
Aurka,-0.011830461664188129,0.011830461664188129,0.6263532525489052
Ppm1j,-0.007588820326836332,0.007588820326836332,0.7548119118878337
Gm20571,0.008635593537584033,0.008635593537584033,0.7223049808754016
Zfp133-ps,-0.008923775818946432,0.008923775818946432,0.7134400493138312
6330439K17Rik,-0.01073537987456297,0.01073537987456297,0.6586362728762185
Snai1,-0.007588820326836338,0.007588820326836338,0.7548119118878337
Vav3,0.02650980644435382,0.02650980644435382,0.27521679082920303
Ddx27,0.03594904770182586,0.03594904770182586,0.1389108264986786
Prex1,0.12827232595724938,0.12827232595724938,1.1542694087160938e-07
Ncoa3,-0.050364202347264915,0.050364202347264915,0.03808750505234979
6530418L21Rik,-0.013151983948382722,0.013151983948382722,0.5883311957445619
Cd93,-0.04196618932622989,0.04196618932622989,0.08403119315956488
Slc25a24,-0.010726074598453315,0.010726074598453315,0.6589134468344924
Chi3l3,-0.012715802699708404,0.012715802699708404,0.6007628069067611
Fam102b,-0.017493038909857758,0.017493038909857758,0.47156724772794095
Gm14391,-0.010683726732078324,0.010683726732078324,0.6601754431243614
Gm6710,-0.010683726732078343,0.010683726732078343,0.6601754431243614
Gm14306,0.13423708069774065,0.13423708069774065,2.8685118163076417e-08
Mcm8,-0.023403300901997555,0.023403300901997555,0.3354329922066472
Il1b,0.13079029909453224,0.13079029909453224,6.461434205372462e-08
Sirpa,-0.03278969870710034,0.03278969870710034,0.17710267774417254
Olfml3,-0.010113727942087328,0.010113727942087328,0.6772546086498471
Cpxm1,0.09598875255952907,0.09598875255952907,7.517309463664659e-05
Ptk6,-0.01068372673207834,0.01068372673207834,0.6601754431243614
Col20a1,-0.012388549868609607,0.012388549868609607,0.610166978794163
Gm14057,-0.001246702683129007,0.001246702683129007,0.9590828622571403
Col9a3,-0.007588820326836344,0.007588820326836344,0.7548119118878337
Dclre1b,-0.007743763600562824,0.007743763600562824,0.7499711860540501
Bcl2l15,-0.010683726732078349,0.010683726732078349,0.6601754431243614
1600027N09Rik,0.05016567805838568,0.05016567805838568,0.0388543061827106
Siglec1,-0.010717897111309443,0.010717897111309443,0.6591570662729532
Zfp937,-0.031062481945538442,0.031062481945538442,0.20103912098208382
Lrrc39,-0.025967062410672172,0.025967062410672172,0.28516842793721897
1700037H04Rik,0.012797847977371608,0.012797847977371608,0.5984153929397438
Spef1,-0.014222978830653946,0.014222978830653946,0.5583218992612307
Cdc25b,-0.010506814423855728,0.010506814423855728,0.6654579724784149
Cdc14a,-0.029769859538519648,0.029769859538519648,0.2204375291069514
Vcam1,-0.04456527004605076,0.04456527004605076,0.06652515669937531
Lsm14b,-0.046259945849359344,0.046259945849359344,0.05681696118459713
Cdh4,-0.007588820326836343,0.007588820326836343,0.7548119118878337
Smox,0.02337981062721059,0.02337981062721059,0.3359184261996174
Ppp1r3d,-0.007588820326836344,0.007588820326836344,0.7548119118878337
Phtf1,-0.01406188562207638,0.01406188562207638,0.562787874579282
Zfp931,0.10104519617667453,0.10104519617667453,3.06071240227168e-05
AU019990,0.1230089889646678,0.1230089889646678,3.7467569346324116e-07
Ptpn22,0.060347776532549705,0.060347776532549705,0.012929441378515424
3300002I08Rik,-0.011285567543464572,0.011285567543464572,0.6423323630477377
Zfp442,0.023091407342688046,0.023091407342688046,0.3419151647399334
Cst7,-0.010735379874562993,0.010735379874562993,0.6586362728762185
Cym,-0.015191090049890443,0.015191090049890443,0.5318514804184041
Mmp24,-0.01073537987456297,0.01073537987456297,0.6586362728762185
Cep250,-0.015805547617041168,0.015805547617041168,0.5153867265764629
Gnat2,-0.025066342405175246,0.025066342405175246,0.3022144723683677
Ada,-0.02094591027392575,0.02094591027392575,0.38865231650707677
6430550D23Rik,-0.016989176186083706,0.016989176186083706,0.48443222777636336
0610039K10Rik,-0.01073537987456297,0.01073537987456297,0.6586362728762185
Mybl2,-0.014759195351385191,0.014759195351385191,0.5435816303397151
4921517L17Rik,-0.007588820326836349,0.007588820326836349,0.7548119118878337
Dlgap4,0.011474366198450808,0.011474366198450808,0.6367765670126075
4930405A21Rik,0.03664358810494926,0.03664358810494926,0.1314344554506914
Myl9,0.041546804563703355,0.041546804563703355,0.08717729888808654
Gss,-0.20456753796927363,0.20456753796927363,1.7615614824067542e-17
Gstm7,0.16119364581140688,0.16119364581140688,2.4359078006380488e-11
Tgif2,-0.003525521088539514,0.003525521088539514,0.8846451427269818
Sla2,0.014550982607093567,0.014550982607093567,0.5492822326015456
Gabpb2,-0.008956880046817366,0.008956880046817366,0.7124241567135362
Top1,-0.028156107973031412,0.028156107973031412,0.2464911015480229
Gm826,0.07632849528585361,0.07632849528585361,0.0016570572535560685
Dsn1,-0.02141305999110214,0.02141305999110214,0.3781583555107301
Fam83d,-0.008924937377724092,0.008924937377724092,0.7134043951386562
9830001H06Rik,-0.007588820326836345,0.007588820326836345,0.7548119118878337
Ppp1r16b,0.039049344011187634,0.039049344011187634,0.10792765769566681
Rbl1,-0.015937083704363263,0.015937083704363263,0.5118968123607736
Snhg11,0.034806018593847174,0.034806018593847174,0.1519216121649015
D630003M21Rik,-0.012956476002515024,0.012956476002515024,0.593888689336304
Plcg1,-0.015191090049890471,0.015191090049890471,0.5318514804184041
Il1a,-0.027488797416739656,0.027488797416739656,0.2578711557792241
Pabpc1l,-0.004364769564115519,0.004364769564115519,0.8574504779937526
Atxn7l2,-0.021042130723415185,0.021042130723415185,0.38647647453098516
Dennd2d,-0.014420551468016138,0.014420551468016138,0.5528682178511765
Zfp334,-0.02237721631139883,0.02237721631139883,0.35705771126953206
Acss1,-0.007588820326836342,0.007588820326836342,0.7548119118878337
Entpd6,-0.0247558818566176,0.0247558818566176,0.30824374998869075
Pygb,-0.03231756479934741,0.03231756479934741,0.1834243913977049
Gins1,0.032369880518473906,0.032369880518473906,0.1827157820890118
Ninl,-0.018581680423979223,0.018581680423979223,0.4444250343437753
Fkbp1a,-0.03677024703267639,0.03677024703267639,0.13010527590904625
Sdcbp2,0.08371588476354262,0.08371588476354262,0.0005582059253924545
Cd40,-0.010421888086141255,0.010421888086141255,0.6679997642786817
Slc12a5,0.02419652734656729,0.02419652734656729,0.31930597366479074
Rem1,-0.007588820326836338,0.007588820326836338,0.7548119118878337
Wfdc15b,0.1230089889646678,0.1230089889646678,3.7467569346324116e-07
Cd53,0.06138908945564319,0.06138908945564319,0.01144928075875068
Wdr47,0.0038950109255999794,0.0038950109255999794,0.8726536509218953
Tpx2,-0.007588820326836344,0.007588820326836344,0.7548119118878337
Neurl2,-0.013559589853485876,0.013559589853485876,0.576822511611731
Hck,0.006774465426431028,0.006774465426431028,0.7804082397042233
Zswim3,-0.01623394056331882,0.01623394056331882,0.504066121007416
Ube2c,0.13520442284185297,0.13520442284185297,2.2754412713669842e-08
Plagl2,-0.02832590466206557,0.02832590466206557,0.24365244201406888
Wfdc3,-0.015191090049890455,0.015191090049890455,0.5318514804184041
Celsr2,-0.01861621537405729,0.01861621537405729,0.44357883315010455
Psrc1,-0.007588820326836322,0.007588820326836322,0.7548119118878337
Wfdc2,0.07308763921638847,0.07308763921638847,0.0025975278289282148
Slpi,0.16433410407879223,0.16433410407879223,9.824984199424936e-12
Kcna3,0.1230089889646678,0.1230089889646678,3.7467569346324116e-07
Gm14023,0.0184702927965866,0.0184702927965866,0.4471606001015936
Ckap2l,-0.0075888203268363475,0.0075888203268363475,0.7548119118878337
A730036I17Rik,0.025924896481934197,0.025924896481934197,0.2859516245447485
A430105I19Rik,0.012395911117109254,0.012395911117109254,0.6099547241773524
D2Ertd750e,-0.008459750471777421,0.008459750471777421,0.7277326318640898
Chst14,-0.02865563576372364,0.02865563576372364,0.2382057268284604
Slc7a11,-0.027459254357753645,0.027459254357753645,0.258383252351249
Pabpc4l,-0.010735379874562974,0.010735379874562974,0.6586362728762185
Ap1ar,-0.047433146720981104,0.047433146720981104,0.05081063034938713
Rad51,0.04404577366602722,0.04404577366602722,0.06976110277009084
D3Ertd751e,-0.004736429236154549,0.004736429236154549,0.8454591971072491
Alpk1,-0.007588820326836343,0.007588820326836343,0.7548119118878337
Rhov,0.0014179251415432444,0.0014179251415432444,0.9534692769888349
Gm14207,-0.010131988395980274,0.010131988395980274,0.6767048239504082
Dll4,-0.013484001779931594,0.013484001779931594,0.5789487024860658
Plcb2,0.17167639926827138,0.17167639926827138,1.096951787822673e-12
4930422G04Rik,-0.016737752835939118,0.016737752835939118,0.490922139346221
Nusap1,0.0014179251415432428,0.0014179251415432428,0.9534692769888349
Ank2,-0.0005252446736477654,0.0005252446736477654,0.9827551054929414
Ndufaf1,-0.0048933897282124415,0.0048933897282124415,0.8404055567626706
C430002E04Rik,-0.012956476002515049,0.012956476002515049,0.5938886893362973
Tyro3,-0.01670349143530787,0.01670349143530787,0.4918101176049105
3110057O12Rik,0.08317177672355608,0.08317177672355608,0.0006066140171570811
Gm2011,0.023731657807143404,0.023731657807143404,0.3286946805556223
Mapkbp1,-0.02821200230932992,0.02821200230932992,0.24555411527058682
Plk4,0.026445995651026538,0.026445995651026538,0.2763743702085564
Slc25a31,0.0014179251415432435,0.0014179251415432435,0.9534692769888349
Mettl14,-0.036977414393132936,0.036977414393132936,0.12795372453211765
AV039307,-0.007588820326836334,0.007588820326836334,0.7548119118878337
Oip5,0.06663413450784905,0.06663413450784905,0.006047592045955109
Gm5544,-0.01861621537405729,0.01861621537405729,0.44357883315010455
Bub1b,-0.011983236471016148,0.011983236471016148,0.6219039606749067
2810046L04Rik,-0.03869988985573254,0.03869988985573254,0.11111964269954445
A930018P22Rik,-0.010683726732078336,0.010683726732078336,0.6601754431243614
Prrg4,-0.01698917618608367,0.01698917618608367,0.48443222777636336
Nudt17,-0.013151983948382732,0.013151983948382732,0.5883311957445619
Rcn1,0.004870181327769028,0.004870181327769028,0.8411523865531161
Cd160,0.12300898896466782,0.12300898896466782,3.7467569346324116e-07
Arhgef26,-0.07354119759170406,0.07354119759170406,0.0024416286496284443
Mpped2,-0.028922679283332222,0.028922679283332222,0.23385790641996163
Mettl15,-0.016826158535606726,0.016826158535606726,0.4886348442738939
Kif18a,-0.013087498578491133,0.013087498578491133,0.5901615973517843
Rap2b,-0.013539739725967207,0.013539739725967207,0.5773805128200759
Fibin,-0.015494598844970352,0.015494598844970352,0.5236856197744166
Lpcat4,-0.010306453404882112,0.010306453404882112,0.6714607552303665
Lhfp,6.660388525105143e-05,6.660388525105143e-05,0.9978130860642483
Bcl9,-0.007588820326836343,0.007588820326836343,0.7548119118878337
Slc12a6,-0.0014106416837601308,0.0014106416837601308,0.9537080225894284
P2ry13,-0.00758882032683634,0.00758882032683634,0.7548119118878337
F630111L10Rik,-0.007588820326836339,0.007588820326836339,0.7548119118878337
P2ry14,-0.018878708492156792,0.018878708492156792,0.43717716250993177
Gm8234,-0.01519109004989047,0.01519109004989047,0.5318514804184041
Prkab2,-0.012403246462877486,0.012403246462877486,0.6097432490417701
Fmn1,0.05660327349870151,0.05660327349870151,0.019741976351674323
Fam48a,0.004486464372339369,0.004486464372339369,0.8535203379305024
Spred1,-0.04364412616050699,0.04364412616050699,0.07235051751721575
Egf,-0.016337392210054237,0.016337392210054237,0.5013521163614224
Postn,-0.010735379874562995,0.010735379874562995,0.6586362728762185
Rasgrp1,-0.010276613868778246,0.010276613868778246,0.6723565486115095
P2ry12,-0.007588820326836345,0.007588820326836345,0.7548119118878337
Kcnab1,-0.020113702087489874,0.020113702087489874,0.4077803895500661
Bbs12,0.06252663869558267,0.06252663869558267,0.010005866674063089
Trpc3,-0.007588820326836338,0.007588820326836338,0.7548119118878337
Hey1,0.0014179251415432454,0.0014179251415432454,0.9534692769888349
Trim45,-0.023966386685150214,0.023966386685150214,0.3239318628838741
Hdc,-0.01831184767970518,0.01831184767970518,0.4510682846617755
Il7,0.029508497549503663,0.029508497549503663,0.2245176106247704
Igsf3,-0.007588820326836335,0.007588820326836335,0.7548119118878337
Ncaph,-0.01296341661544234,0.01296341661544234,0.593690985759742
Itpripl1,-0.056220626393886475,0.056220626393886475,0.020589330026961263
Fam164a,-0.024345920098477022,0.024345920098477022,0.31632637224683624
Pkia,-0.0075888203268363345,0.0075888203268363345,0.7548119118878337
1700061I17Rik,0.016422087227794046,0.016422087227794046,0.49913595304599806
Hnf4g,-0.01698917618608371,0.01698917618608371,0.48443222777636336
Dusp2,-0.012155175877436813,0.012155175877436813,0.6169130015976996
Vtcn1,-0.016801660833980082,0.016801660833980082,0.489268090846393
Adra2b,0.09598875255952909,0.09598875255952909,7.517309463664659e-05
Zfp661,-0.03170095314159636,0.03170095314159636,0.19193011301984952
Mal,-0.007588820326836347,0.007588820326836347,0.7548119118878337
Rgs19,-0.01639643187914238,0.01639643187914238,0.49980671157577494
Sox18,0.02251195277400101,0.02251195277400101,0.35416913868586103
Slc22a15,0.004413117727161233,0.004413117727161233,0.8558886431887941
Tspan2,-0.016213243962765043,0.016213243962765043,0.5046100146715102
Gm14005,-0.0145886367380429,0.0145886367380429,0.5482491316285942
Dennd2c,-0.010683726732078347,0.010683726732078347,0.6601754431243614
Zc3h6,0.06420795139490916,0.06420795139490916,0.008168481193695601
Atg4a,-0.007267918367914034,0.007267918367914034,0.7648679640634155
Zbtb46,-0.018616215374057284,0.018616215374057284,0.44357883315010455
Zgpat,-0.026729760370678764,0.026729760370678764,0.27125201421967854
Mab21l3,-0.007948866435796507,0.007948866435796507,0.7435785081847164
Cetn4,-0.018494761102442758,0.018494761102442758,0.4465588649267099
Atp8b4,0.06501458669277804,0.06501458669277804,0.007399151729241688
Gm9833,-0.015126962391618854,0.015126962391618854,0.5335850376235332
Bbs7,-0.016505449430184938,0.016505449430184938,0.49695975295147093
Ccna2,-0.009644331936701162,0.009644331936701162,0.6914454095572784
Tubgcp4,0.0069097881119204695,0.0069097881119204695,0.7761375105944912
Ppip5k1,0.01297172159043913,0.01297172159043913,0.5934544578454262
Pde5a,-0.007948866435796497,0.007948866435796497,0.7435785081847164
A330050B17Rik,-0.007588820326836334,0.007588820326836334,0.7548119118878337
Strc,0.09598875255952907,0.09598875255952907,7.517309463664659e-05
Gnb4,-0.018447288666835454,0.018447288666835454,0.4477267475875798
Slc7a14,-0.01829499195207087,0.01829499195207087,0.45148512580128086
Zfp697,0.011787246057675537,0.011787246057675537,0.6276143082297692
Hsd3b1,-0.02637416393293989,0.02637416393293989,0.27768141871235574
Trim69,-0.004364769564115517,0.004364769564115517,0.8574504779937526
Pag1,-0.026676830830627208,0.026676830830627208,0.27220250420657754
Mecom,-0.00758882032683634,0.00758882032683634,0.7548119118878337
Bambi-ps1,-0.00758882032683634,0.00758882032683634,0.7548119118878337
Nceh1,-0.041577360608733946,0.041577360608733946,0.08694491331704299
Mtfr1,-0.020454825774030377,0.020454825774030377,0.3998728800827604
Sema6d,-0.02273277086302208,0.02273277086302208,0.34946708582467745
Slc24a5,-0.0003782928880608563,0.0003782928880608563,0.9875793786563896
Gm5150,-0.007588820326836341,0.007588820326836341,0.7548119118878337
Fbn1,-0.010735379874562974,0.010735379874562974,0.6586362728762185
Car13,-0.01278190588867369,0.01278190588867369,0.5988711896441979
Snx16,-0.05712001359951244,0.05712001359951244,0.0186460540235153
Chmp4c,-0.019742539128372566,0.019742539128372566,0.4164891462831821
Fabp12,-0.010723155524869176,0.010723155524869176,0.6590004062059793
Shc4,-0.010735379874562967,0.010735379874562967,0.6586362728762253
Egfem1,-0.007588820326836339,0.007588820326836339,0.7548119118878337
Tnfaip8l2,0.030705494334163808,0.030705494334163808,0.20626759212720563
Sox17,-0.01616334865588053,0.01616334865588053,0.5059225018785231
Clca1,-0.013151983948382726,0.013151983948382726,0.5883311957445619
Kbtbd11,-0.008421714505355152,0.008421714505355152,0.7289084751729995
Arhgef10,0.023857563475725013,0.023857563475725013,0.32613435158026627
Gas6,0.010679720072460798,0.010679720072460798,0.6602948945062389
Tfdp1,0.049550376842799004,0.049550376842799004,0.0413146552034301
Cars2,-0.02714531687654387,0.02714531687654387,0.2638685388523136
Rab20,-0.0075888203268363414,0.0075888203268363414,0.7548119118878337
B930025P03Rik,-0.034983347456440265,0.034983347456440265,0.14984448059563535
Tnfsf13b,-0.01217097119555653,0.01217097119555653,0.6164553849750705
Lig4,-0.027429263387138716,0.027429263387138716,0.2589038329896113
Efnb2,-0.016383353458379525,0.016383353458379525,0.5001488304598187
Lass4,-0.014537393796281,0.014537393796281,0.5496552986662108
Ctxn1,-0.013151983948382722,0.013151983948382722,0.5883311957445619
Lrrc8e,0.029386875924955803,0.029386875924955803,0.22643450062117904
BC068157,-0.0166323223383311,0.0166323223383311,0.49365740926638396
Evi5l,-0.016162136246219417,0.016162136246219417,0.505954416421482
Cd209f,-0.012599687699843775,0.012599687699843775,0.6040920813296121
Cd209b,-0.007588820326836344,0.007588820326836344,0.7548119118878337
Angpt2,-0.008106997191376364,0.008106997191376364,0.738661865526623
2400009B08Rik,0.008391822553005295,0.008391822553005295,0.7298330020574484
Ckap2,-0.018224333251046207,0.018224333251046207,0.4532348785157545
Ap3m2,-0.019873059726282425,0.019873059726282425,0.41341425957701217
Efha2,-0.03705251859213199,0.03705251859213199,0.12718058768379517
Msr1,-0.007858017410827554,0.007858017410827554,0.7464079564693703
Tusc3,-0.010905254517502096,0.010905254517502096,0.6535845264598173
AI429214,-0.013151983948382726,0.013151983948382726,0.5883311957445619
D8Ertd82e,-0.016767584875998137,0.016767584875998137,0.4901496616664396
Gm16793,0.011366949000167912,0.011366949000167912,0.6399350669645927
Tnks,-0.030303161467112174,0.030303161467112174,0.2122776519986338
Dusp4,-0.026420040485436367,0.026420040485436367,0.2768461654606563
Rnf122,0.06273714494938845,0.06273714494938845,0.009757267431468628
Adrb3,-0.013156588752141271,0.013156588752141271,0.5882005898212254
Brf2,0.006935568812736385,0.006935568812736385,0.7753246440771965
Gpr124,-0.009578597455160008,0.009578597455160008,0.6934415105726618
Fgfr1,0.081173865972095,0.081173865972095,0.000819856584736193
Plekha2,-0.01563205263912918,0.01563205263912918,0.5200086967671488
Htra4,0.0014179251415432446,0.0014179251415432446,0.9534692769888349
Sfrp1,0.03846135282669138,0.03846135282669138,0.11334091791705309
Gins4,0.006225893932792492,0.006225893932792492,0.7977875669195383
1810012K16Rik,-0.010683726732078347,0.010683726732078347,0.6601754431243614
Zdhhc2,-0.02985984618362252,0.02985984618362252,0.2190451332436407
Tpcn2,-0.028205215383983566,0.028205215383983566,0.24566775477306607
Mrgpre,-0.009092219858147026,0.009092219858147026,0.7082762069181974
Mapk1ip1,0.006240659172647578,0.006240659172647578,0.7973184322584447
Mki67,-0.007588820326836339,0.007588820326836339,0.7548119118878337
Ptpre,0.006999712756112425,0.006999712756112425,0.7733032518147579
Dhx32,-0.0013630002816545175,0.0013630002816545175,0.9552697689422516
Ctbp2,-0.01906513243924981,0.01906513243924981,0.4326631188416723
Gm10584,0.0014179251415432435,0.0014179251415432435,0.9534692769888349
Htra1,0.0018186149520936657,0.0018186149520936657,0.9403420228229132
Rgs10,0.11008311706332248,0.11008311706332248,5.520353894029186e-06
Tgfb1i1,-0.019539282227507095,0.019539282227507095,0.4213043528426882
9130023H24Rik,-0.006413604870774862,0.006413604870774862,0.7918289323249205
Cox6a2,-0.024804820531325128,0.024804820531325128,0.30728809806578866
Pycard,-0.018952751877881795,0.018952751877881795,0.435381051604126
Stx1b,0.022514625448554877,0.022514625448554877,0.35411198965612695
Rnf40,-0.013767837889307598,0.013767837889307598,0.5709838767687361
Gm166,-0.005687467036446495,0.005687467036446495,0.814943497253317
9130019O22Rik,-0.007081221988758206,0.007081221988758206,0.7707368370939911
Zfp747,-0.038084867849345325,0.038084867849345325,0.11691771288367254
Lrrc27,-0.02769042723158499,0.02769042723158499,0.2543949034417324
1810010D01Rik,-0.007588820326836342,0.007588820326836342,0.7548119118878337
Adam8,0.12300898896466783,0.12300898896466783,3.746756934632096e-07
Zfp941,0.039388249512262996,0.039388249512262996,0.10490172969566569
Tnfrsf23,-0.01362714076353991,0.01362714076353991,0.5749255127856088
Tnfrsf22,-0.013151983948382719,0.013151983948382719,0.5883311957445619
Cdkn1c,0.0033355093818164053,0.0033355093818164053,0.8908222912547459
Kcnq1,-0.0105144329592864,0.0105144329592864,0.6652301415860379
R74862,-0.028035637425049525,0.028035637425049525,0.2485191172306551
Ins2,0.21483739560962933,0.21483739560962933,3.6968461055014383e-19
Lsp1,0.05536742748929657,0.05536742748929657,0.022593558971331897
Tnni2,0.12300898896466782,0.12300898896466782,3.7467569346324116e-07
Efcab4a,-0.026776890395314532,0.026776890395314532,0.2704075839966363
Cend1,-0.016989176186083678,0.016989176186083678,0.48443222777636336
1600016N20Rik,-0.016703491435307905,0.016703491435307905,0.4918101176049105
Lrrc56,-0.03289528640774766,0.03289528640774766,0.17571134878467698
Pkp3,-0.028992749792095693,0.028992749792095693,0.23272643195362017
Ifitm6,-0.007588820326836341,0.007588820326836341,0.7548119118878337
Ifitm1,0.0164536909165425,0.0164536909165425,0.49831033258828417
Ifitm5,0.03800791216389486,0.03800791216389486,0.1176596167376184
Cox8b,0.16851503225807418,0.16851503225807418,2.853355571308512e-12
Caly,0.08163846962692503,0.08163846962692503,0.0007648333152125696
Pdgfrl,-0.007588505577064503,0.007588505577064503,0.7548217551481373
Mtnr1a,0.1422626149880017,0.1422626149880017,3.995836681195692e-09
Tlr3,0.01692687274241538,0.01692687274241538,0.4860361037619321
Gpr56,-0.0223613466288458,0.0223613466288458,0.35739890965521803
Ccdc102a,-0.007588820326836337,0.007588820326836337,0.7548119118878337
Dok4,0.0034584709978742953,0.0034584709978742953,0.8868241146271684
Cx3cl1,0.1230089889646678,0.1230089889646678,3.7467569346324116e-07
9330175E14Rik,-0.007588820326836341,0.007588820326836341,0.7548119118878337
Nudt21,-0.042490170811307584,0.042490170811307584,0.08023015168135969
Ces1a,-0.024061923222628415,0.024061923222628415,0.322006283742029
Lpcat2,0.17333928320184988,0.17333928320184988,6.586247593153481e-13
Mmp2,-0.010735379874562993,0.010735379874562993,0.6586362728762185
Tox3,-0.010735379874562969,0.010735379874562969,0.6586362728762185
Gm10638,-0.018469388315537655,0.018469388315537655,0.4471828523181297
Gm6531,-0.02107418496613156,0.02107418496613156,0.3857532816186315
Zfp791,-0.020113762468687187,0.020113762468687187,0.4077789816791405
Wdr83,0.027472929044223673,0.027472929044223673,0.2581461291457788
Cacna1a,0.03835655811045875,0.03835655811045875,0.11432775831687858
4930432K21Rik,-0.013125699331954266,0.013125699331954266,0.5890769617876775
Podnl1,-0.007588820326836338,0.007588820326836338,0.7548119118878337
Gpr97,-0.026000608160612948,0.026000608160612948,0.2845463799851034
Asf1b,-0.01944530946772069,0.01944530946772069,0.4235415772964756
AA960436,-0.00015487181406713055,0.00015487181406713055,0.9949148693051437
Gins3,-0.009389224382908989,0.009389224382908989,0.6992038875165641
Cenpt,-0.011987166195443348,0.011987166195443348,0.6217896954974237
E130303B06Rik,-0.02400413807183556,0.02400413807183556,0.32317007401526887
Pard6a,-0.00934327067056277,0.00934327067056277,0.7006048286976952
Rltpr,-0.010735379874562965,0.010735379874562965,0.6586362728762253
Zdhhc1,-0.014859035885874387,0.014859035885874387,0.540858595483925
Tppp3,0.039025750652913554,0.039025750652913554,0.1081408558608071
Slc9a5,-0.012974049234348027,0.012974049234348027,0.5933881736577983
Fhod1,-0.039232140333400986,0.039232140333400986,0.10628709027728775
Lrrc29,0.022107604975435992,0.022107604975435992,0.3628821902015532
Fbxl8,-0.01597394370118791,0.01597394370118791,0.5109210578233757
B3gnt9-ps,-0.013151983948382712,0.013151983948382712,0.5883311957445619
Ces4a,-0.017729777507631286,0.017729777507631286,0.46558828606965336
Car7,-0.016703491435307898,0.016703491435307898,0.4918101176049105
Cmtm3,-0.028693309768227086,0.028693309768227086,0.2375889134212305
Cklf,-0.029456880119135977,0.029456880119135977,0.22532973787191893
Slc38a7,-0.039682752944630854,0.039682752944630854,0.10232724169555056
4930513N10Rik,-0.00758882032683634,0.00758882032683634,0.7548119118878337
Csnk2a2,-0.04989840706041976,0.04989840706041976,0.039907305486852895
Lphn1,0.03726043607961867,0.03726043607961867,0.12505918549368894
Cd97,0.011761752996530475,0.011761752996530475,0.6283587202590698
Tbc1d9,-0.007588820326836339,0.007588820326836339,0.7548119118878337
Tssk6,-0.010724432330089377,0.010724432330089377,0.6589623695375532
Pbx4,-0.048352410128750425,0.048352410128750425,0.04648412469047178
Gmip,0.0072031203173823985,0.0072031203173823985,0.7669034068838472
D130040H23Rik,0.17401231912841308,0.17401231912841308,5.349896325574418e-13
Csgalnact1,-0.010470807675726317,0.010470807675726317,0.6665351649334644
March1,-0.007588820326836345,0.007588820326836345,0.7548119118878337
2700029M09Rik,0.04507489373842938,0.04507489373842938,0.06347174765816549
Mfap3l,0.014491036476832652,0.014491036476832652,0.5509289267992382
Hmgb2,-0.020543000012069712,0.020543000012069712,0.39784401635282435
Hand2,-0.010735379874562967,0.010735379874562967,0.6586362728762253
Dctd,-0.01676535977347012,0.01676535977347012,0.4902072564280267
Stox2,-0.01840152427958698,0.01840152427958698,0.4488542501002816
Enpp6,-0.0075888203268363414,0.0075888203268363414,0.7548119118878337
Gm16675,-0.013129813046594253,0.013129813046594253,0.5889602157529498
Mlf1ip,-0.01060561491490871,0.01060561491490871,0.6625057637658005
Slc25a4,-0.04949807128768735,0.04949807128768735,0.0415297542533669
1700029J07Rik,0.03281029760913759,0.03281029760913759,0.17683060422459668
Homer3,-0.022554341997890068,0.022554341997890068,0.3532634281793608
Comp,-0.013151983948382727,0.013151983948382727,0.5883311957445619
Crlf1,-0.01493379161917031,0.01493379161917031,0.5388241882351156
Ssbp4,-0.020735542482018435,0.020735542482018435,0.39343527034719544
Rnf150,-0.007588820326836337,0.007588820326836337,0.7548119118878337
Arhgap10,0.08398847604102525,0.08398847604102525,0.0005353291882517078
Nr3c2,-0.02120614843007572,0.02120614843007572,0.3827846919268855
Mcm5,0.02010398951368858,0.02010398951368858,0.4080068892836235
Klf2,0.022991009272058213,0.022991009272058213,0.34401868925650286
Tpm4,-0.030510683578221245,0.030510683578221245,0.20916208226286245
Cyp4f18,-0.007588820326836332,0.007588820326836332,0.7548119118878337
Zfp709,0.018962393526093378,0.018962393526093378,0.4351474822962531
Itgal,0.06910573222264234,0.06910573222264234,0.004409812922048529
B3gnt3,-0.007588820326836334,0.007588820326836334,0.7548119118878337
Fam129c,-0.007588820326836347,0.007588820326836347,0.7548119118878337
Tmem221,-0.010409225086139014,0.010409225086139014,0.6683790868907942
Plvap,-0.03662088155765598,0.03662088155765598,0.131673849541562
Ankle1,-0.003666671949514663,0.003666671949514663,0.8800609357061052
Myo9b,-0.011667473652094685,0.011667473652094685,0.6311150086554611
Kcnn1,-0.02298299761793774,0.02298299761793774,0.34418690304744304
Il12rb1,-0.0027153262370850652,0.0027153262370850652,0.911028183474442
Lrrc25,0.08516403273046425,0.08516403273046425,0.0004463171184740655
Unc13a,-0.00846452577553564,0.00846452577553564,0.7275850533640749
Nutf2,0.00877000108966135,0.00877000108966135,0.7181656759455496
Zfp553,-0.008363638115641298,0.008363638115641298,0.73070507682766
Mylpf,0.009247176556547086,0.009247176556547086,0.7035376318646244
Saa2,0.06438458683674826,0.06438458683674826,0.007994148670340793
Ccdc114,0.0014179251415432446,0.0014179251415432446,0.9534692769888349
Emp3,0.013750497433521948,0.013750497433521948,0.5714689752153621
Car11,0.015332315053070426,0.015332315053070426,0.5280438374448205
Sec1,-0.007588820326836343,0.007588820326836343,0.7548119118878337
Mamstr,-0.007588820326836343,0.007588820326836343,0.7548119118878337
Rasip1,-0.034311838811675585,0.034311838811675585,0.15782572096313421
Plekha4,0.03664358810494926,0.03664358810494926,0.1314344554506914
Tulp2,0.10650771953103774,0.10650771953103774,1.105027102187764e-05
Gys1,-0.032846380987487045,0.032846380987487045,0.17635475945672882
Ppfia3,-0.007588820326836342,0.007588820326836342,0.7548119118878337
Trpm4,-0.02117780508062646,0.02117780508062646,0.38342110864680573
Cd37,0.045640551621646284,0.045640551621646284,0.060219041808061466
Tead2,-0.007588820326836338,0.007588820326836338,0.7548119118878337
Rcn3,-0.01474528808032552,0.01474528808032552,0.5439614752106398
Bcl2l12,-0.0013513989787102484,0.0013513989787102484,0.9556501007632047
Gm15545,-0.0027457489232102865,0.0027457489232102865,0.9100355456540841
Zdhhc13,0.0007253417339039454,0.0007253417339039454,0.9761871757410553
Cpt1c,-0.007588820326836348,0.007588820326836348,0.7548119118878337
Siglech,0.17401231912841306,0.17401231912841306,5.349896325574418e-13
Mkrn3,0.03274543854869286,0.03274543854869286,0.17768832658125774
Prc1,-0.010730373269573728,0.010730373269573728,0.6587853975605783
Sema4b,0.0069510554626916535,0.0069510554626916535,0.7748364675587437
Mesp2,-0.010683726732078357,0.010683726732078357,0.6601754431243614
Kif7,-0.010734293759837461,0.010734293759837461,0.6586686222925258
5730590G19Rik,0.1230089889646678,0.1230089889646678,3.7467569346324116e-07
Fanci,-0.00758882032683634,0.00758882032683634,0.7548119118878337
Abhd2,0.040711252539300365,0.040711252539300365,0.09372825741786736
Mfge8,-0.026469133606703533,0.026469133606703533,0.2759542462909983
Isg20,0.07123027186827621,0.07123027186827621,0.003335391360994487
Slco3a1,-0.009341428100436446,0.009341428100436446,0.7006610224025333
B130024G19Rik,-0.007588820326836338,0.007588820326836338,0.7548119118878337
Fam169b,-0.026098481462933074,0.026098481462933074,0.28273673422015083
Pgpep1l,-0.007948866435796492,0.007948866435796492,0.7435785081847164
Igf1r,-0.01595911179327873,0.01595911179327873,0.5113135699820094
Chsy1,-0.00728652008840798,0.00728652008840798,0.7642839439209498
Tm2d3,-0.027277278224358194,0.027277278224358194,0.26155313904884653
Fan1,-0.007948866435796498,0.007948866435796498,0.7435785081847164
A230056P14Rik,-0.01519109004989045,0.01519109004989045,0.5318514804184041
Fes,-0.008869950728014463,0.008869950728014463,0.7150929011782496
Fuz,-0.03268195904983685,0.03268195904983685,0.17853079821997353
Zfp473,0.0014179251415432446,0.0014179251415432446,0.9534692769888349
Fxyd5,-0.009843243762870725,0.009843243762870725,0.6854183166634655
Dmkn,-0.004364769564115519,0.004364769564115519,0.8574504779937526
Sbsn,0.004952592646203683,0.004952592646203683,0.8385011004848206
Gapdhs,0.0918937287702698,0.0918937287702698,0.0001508622608602762
Atp4a,0.041811732439977614,0.041811732439977614,0.08517903164391795
Upk1a,0.02938687592495577,0.02938687592495577,0.22643450062117904
Zbtb32,0.015010629710456346,0.015010629710456346,0.5367371136907012
Hspb6,0.015564659759463985,0.015564659759463985,0.521809809552552
Nphs1,-0.00758882032683634,0.00758882032683634,0.7548119118878337
Aplp1,-0.007396120898314686,0.007396120898314686,0.760845643336067
Hcst,0.008830006162333145,0.008830006162333145,0.7163203761077512
Tyrobp,-0.014309282438912036,0.014309282438912036,0.5559364123834678
Wdr62,-0.01686596433867376,0.01686596433867376,0.48760683710239733
Gm5113,-0.025243845402679804,0.025243845402679804,0.2988027504959513
Zfp146,0.041484976475661725,0.041484976475661725,0.08764904725441958
Zfp382,-0.013023290320842469,0.013023290320842469,0.5919867324365391
Zfp14,-0.02150888483345605,0.02150888483345605,0.37602751448727045
Fxyd7,-0.022520163119904516,0.022520163119904516,0.3539935977518195
Il4i1,0.09598875255952907,0.09598875255952907,7.517309463664659e-05
Lgi4,-0.0075888203268363345,0.0075888203268363345,0.7548119118878337
C230052I12Rik,-0.020990508834645538,0.020990508834645538,0.38764288005323644
Napsa,0.030407019877976466,0.030407019877976466,0.2107142436890154
1700008O03Rik,0.0014179251415432448,0.0014179251415432448,0.9534692769888349
Clec11a,-0.028471794860741605,0.028471794860741605,0.24123184362562683
1700028J19Rik,-0.014933791619170297,0.014933791619170297,0.5388241882351156
Klk1,0.0014179251415432435,0.0014179251415432435,0.9534692769888349
Ctu1,-0.018577618983899966,0.018577618983899966,0.44452461123622317
Siglece,0.044387353464476406,0.044387353464476406,0.06761920404535067
Zfp658,-0.01506013062502071,0.01506013062502071,0.5353947256645589
Cd33,-0.0075888203268363414,0.0075888203268363414,0.7548119118878337
Nkg7,0.10248554164827339,0.10248554164827339,2.351086476889714e-05
Siglecg,-0.007588820326836338,0.007588820326836338,0.7548119118878337
9830147E19Rik,-0.0026248266616699673,0.0026248266616699673,0.9139818370337025
Zfp788,-3.2132895840794595e-05,3.2132895840794595e-05,0.9989449272382144
Zfp619,0.017161447358675037,0.017161447358675037,0.4800124144899229
Ccne1,-0.04081793401166717,0.04081793401166717,0.0928704991333445
Tshz3,0.029183439995567974,0.029183439995567974,0.22966689750370112
Zfp507,-0.05944448349231962,0.05944448349231962,0.014347868696131394
Gramd1a,-0.027694159260831963,0.027694159260831963,0.25433086893833784
Blm,0.04063977950300305,0.04063977950300305,0.09430647009994975
Gm15880,0.0014179251415432444,0.0014179251415432444,0.9534692769888349
Iqgap1,-0.06200660646467527,0.06200660646467527,0.010644323178254068
Abca14,-0.0033125601095875916,0.0033125601095875916,0.8915688120793586
Lyrm1,0.002422348993479262,0.002422348993479262,0.9205943826961948
2610020H08Rik,-0.005037122438142479,0.005037122438142479,0.835783561997025
Gprc5b,0.1403129444146285,0.1403129444146285,6.517413308047772e-09
Iqck,-0.007588820326836342,0.007588820326836342,0.7548119118878337
Gde1,-0.09601033647606624,0.09601033647606624,7.489208801225414e-05
Itpripl2,0.04217440721264324,0.04217440721264324,0.08250366568739996
Nucb2,-0.024699035982915334,0.024699035982915334,0.30935627343128985
1700003G18Rik,-0.010735379874562976,0.010735379874562976,0.6586362728762185
Far1,0.067243093839457,0.067243093839457,0.005599878532377736
Rassf10,-0.0075888203268363345,0.0075888203268363345,0.7548119118878337
Micalcl,-0.013293220401928516,0.013293220401928516,0.584331417235958
Galntl4,-0.010373208794552424,0.010373208794552424,0.66945842417602
1700012D14Rik,-0.021254969313675272,0.021254969313675272,0.38168999373957985
Mrvi1,-0.010683726732078354,0.010683726732078354,0.6601754431243614
Ampd3,-0.007588820326836335,0.007588820326836335,0.7548119118878337
Adm,-0.010433766471101296,0.010433766471101296,0.6676440219519315
E130201H02Rik,-0.007588820326836344,0.007588820326836344,0.7548119118878337
1600010M07Rik,-0.012113954009757733,0.012113954009757733,0.6181079677047446
Cdr2,-0.010384252632131566,0.010384252632131566,0.6691273894753781
Plk1,-0.007588820326836343,0.007588820326836343,0.7548119118878337
Spn,0.09030724154402502,0.09030724154402502,0.00019613062534031637
Prrt2,0.12300898896466782,0.12300898896466782,3.7467569346324116e-07
Sez6l2,-0.02011376246868723,0.02011376246868723,0.4077789816791405
Doc2a,0.0014179251415432441,0.0014179251415432441,0.9534692769888349
Tbx6,-0.01698917618608368,0.01698917618608368,0.48443222777636336
Gdpd3,-0.010735027868266423,0.010735027868266423,0.6586467571483055
Coro1a,0.11753953339981635,0.11753953339981635,1.210941268353252e-06
Apobr,0.05628827528159947,0.05628827528159947,0.020437258382414513
Cd19,-0.007588820326836339,0.007588820326836339,0.7548119118878337
Lat,-0.0013702418651320956,0.0013702418651320956,0.9550323693272629
Il21r,0.0014179251415432454,0.0014179251415432454,0.9534692769888349
Nsmce1,0.01804088830636474,0.01804088830636474,0.45779541312899785
Jmjd5,-0.027597358990753558,0.027597358990753558,0.2559954023360406
Slc5a11,0.0014179251415432457,0.0014179251415432457,0.9534692769888349
4930413G21Rik,0.06553082082072492,0.06553082082072492,0.006941523152753087
Prkcb,0.011255908206072897,0.011255908206072897,0.6432069818547522
2010110P09Rik,-0.007588820326836341,0.007588820326836341,0.7548119118878337
4933427G17Rik,-0.007588820326836338,0.007588820326836338,0.7548119118878337
Ascl3,-0.01073537987456297,0.01073537987456297,0.6586362728762185
Ric3,-0.010735351593678576,0.010735351593678576,0.6586371152009701
Gm18853,-0.007588820326836335,0.007588820326836335,0.7548119118878337
Kctd14,-0.0075888203268363276,0.0075888203268363276,0.7548119118878337
Usp35,0.013297400301736439,0.013297400301736439,0.5842132364379863
Gab2,-0.0019580870294076164,0.0019580870294076164,0.9357763036109248
4632427E13Rik,0.01331280352658622,0.01331280352658622,0.583777827857462
Ankrd42,-0.004364769564115518,0.004364769564115518,0.8574504779937526
Ccdc89,-0.007948866435796495,0.007948866435796495,0.7435785081847164
E230029C05Rik,-0.0075888203268363345,0.0075888203268363345,0.7548119118878337
Eed,-0.012942803184947609,0.012942803184947609,0.594278247983288
Prss23,-0.010714939206812789,0.010714939206812789,0.659245195523572
Rab38,-0.0006554997999181928,0.0006554997999181928,0.9784794872783864
Il16,-0.01673482929125017,0.01673482929125017,0.49099787742958617
Mex3b,0.10278310819979172,0.10278310819979172,2.2254323894127723e-05
Fam154b,-0.021508884833456053,0.021508884833456053,0.37602751448727045
Hdgfrp3,-0.012704676965493034,0.012704676965493034,0.6010814473451059
Tm6sf1,0.07053620681237409,0.07053620681237409,0.003656867231955
Nmb,-0.011035001534628662,0.011035001534628662,0.649736738571184
Zscan2,0.029651375641202862,0.029651375641202862,0.2222805309703176
Myo7a,-0.005794256260822568,0.005794256260822568,0.8115335272483577
Omp,0.0014179251415432444,0.0014179251415432444,0.9534692769888349
LOC330599,-0.012795726145799897,0.012795726145799897,0.5984760486790449
Lrrc32,0.013744539421879384,0.013744539421879384,0.5716356955147914
Gvin1,0.12300898896466782,0.12300898896466782,3.7467569346324116e-07
Dchs1,0.007703783508139234,0.007703783508139234,0.7512193082901908
Trim3,-0.004787141635489234,0.004787141635489234,0.8438257099892325
Apbb1,-0.016989176186083706,0.016989176186083706,0.48443222777636336
Trim6,-0.01073537987456297,0.01073537987456297,0.6586362728762185
Beta-s,0.2785767801130298,0.2785767801130298,1.3308270214809998e-31
Trim68,0.025095489599032204,0.025095489599032204,0.3016524745817834
Trim21,0.0031207791210105616,0.0031207791210105616,0.8978109805838048
Sept1,0.11119497223008344,0.11119497223008344,4.429196010032298e-06
Pgap2,0.0648737057533943,0.0648737057533943,0.007528648096603538
Tomt,-0.0075888203268363414,0.0075888203268363414,0.7548119118878337
Pde2a,-0.02132512655399417,0.02132512655399417,0.38012024028557956
P2ry6,-0.014700814557405795,0.014700814557405795,0.5451770509806212
Arhgef17,-0.01068372673207834,0.01068372673207834,0.6601754431243614
Ucp2,-0.10332746372933184,0.10332746372933184,2.011915438883982e-05
Gpx2-ps1,0.0014179251415432454,0.0014179251415432454,0.9534692769888349
Gdpd5,-0.009891284921789534,0.009891284921789534,0.6839656300439854
Mogat2,-0.021508884833456053,0.021508884833456053,0.37602751448727045
Trpc2,-0.013151983948382727,0.013151983948382727,0.5883311957445619
Ctrl,-0.013111066364542883,0.013111066364542883,0.5894923276323669
Dpep2,-0.0075888203268363475,0.0075888203268363475,0.7548119118878337
Dus2l,0.023269561758120897,0.023269561758120897,0.33820278642183116
Was,-0.007588820326836332,0.007588820326836332,0.7548119118878337
Gpkow,-0.019841503490867492,0.019841503490867492,0.41415644771023236
Syp,-0.015804232170621456,0.015804232170621456,0.5154216902111577
Cacna1f,-0.007588820326836341,0.007588820326836341,0.7548119118878337
4930524L23Rik,-0.007588820326836329,0.007588820326836329,0.7548119118878337
Ppp1r3f,-0.00652071406965024,0.00652071406965024,0.788434305395602
Usp27x,0.03402092788230479,0.03402092788230479,0.1613816085316328
Clcn5,-0.012253450712865963,0.012253450712865963,0.6140682375285345
Nudt10,0.02938687592495578,0.02938687592495578,0.22643450062117904
Nudt11,-0.016703491435307864,0.016703491435307864,0.4918101176049105
2010315B03Rik,-0.020119285821638327,0.020119285821638327,0.4076502093254413
Ccr5,-0.010720950290370164,0.010720950290370164,0.6590661033240768
Ccr2,-0.007588820326836341,0.007588820326836341,0.7548119118878337
Xcr1,0.05842996847453828,0.05842996847453828,0.01610287650907343
Cxcr6,-0.007588820326836337,0.007588820326836337,0.7548119118878337
Tmem158,-0.03506593992076178,0.03506593992076178,0.14888445784715781
Zfp105,-0.01517320325959988,0.01517320325959988,0.5323347255443555
Gm6787,-0.004364769564115519,0.004364769564115519,0.8574504779937526
1700048O20Rik,-0.0014261065469840534,0.0014261065469840534,0.9532011023977153
2900002K06Rik,-0.007588820326836337,0.007588820326836337,0.7548119118878337
B630019K06Rik,0.009800498533811701,0.009800498533811701,0.6867118407795709
Gpc3,-0.022816894192840897,0.022816894192840897,0.34768624526100855
Elf4,-0.011627177469961725,0.011627177469961725,0.6322946495409882
Gria3,-0.025226456624026204,0.025226456624026204,0.2991358345322986
Zbtb33,-0.05302766271876626,0.05302766271876626,0.028981417454626544
Sept6,0.020519921192011098,0.020519921192011098,0.39837445353800355
Timp1,-0.01315198394838271,0.01315198394838271,0.5883311957445619
Usp11,-0.010735173335142578,0.010735173335142578,0.6586424245065752
Ndufb11,0.06984948832006219,0.06984948832006219,0.0040023976919118616
Slc9a7,-0.01668578033415482,0.01668578033415482,0.49226948685907657
Chst7,-0.017868482216340572,0.017868482216340572,0.46210486989028293
2010308F09Rik,0.0856046395660729,0.0856046395660729,0.000416667410869006
5730405O15Rik,-0.013151983948382743,0.013151983948382743,0.5883311957445619
Gm14634,-0.007588820326836346,0.007588820326836346,0.7548119118878337
Rpgr,0.0122305996890383,0.0122305996890383,0.6147291912099111
Sytl5,-0.015191090049890471,0.015191090049890471,0.5318514804184041
Cybb,0.13537556421181673,0.13537556421181673,2.1837122332082693e-08
1700012L04Rik,-0.01068372673207833,0.01068372673207833,0.6601754431243614
Slc38a5,-0.025243845402679797,0.025243845402679797,0.2988027504959513
C430049B03Rik,-0.01062863582950972,0.01062863582950972,0.6618186370124595
Ccbp2,-0.015161549195532802,0.015161549195532802,0.5326497013620508
Cx3cr1,0.026015414363076188,0.026015414363076188,0.2842721165535375
6230427J02Rik,-0.012726354175390947,0.012726354175390947,0.6004606836743459
Uba7,0.016304303023730097,0.016304303023730097,0.5022193534514187
Traip,-0.01071831038373183,0.01071831038373183,0.6591447534090419
Sema3f,0.03331700570531461,0.03331700570531461,0.17023553136177963
Gnat1,-0.04642955697970807,0.04642955697970807,0.05591373293430651
Sema3b,-0.010683726732078345,0.010683726732078345,0.6601754431243614
Rassf1,-0.00204173460523315,0.00204173460523315,0.933039042082601
6430571L13Rik,-0.004480758509647737,0.004480758509647737,0.8537045287119307
Twf2,-0.015096037897410399,0.015096037897410399,0.5344220351151652
Ccrl1,-0.013151983948382712,0.013151983948382712,0.5883311957445619
Nphp3,-0.01069515276683299,0.01069515276683299,0.6598348438869427
Tmem22,-0.01698917618608365,0.01698917618608365,0.48443222777636336
Il20rb,-0.028035924833945486,0.028035924833945486,0.24851426511933228
1600029I14Rik,0.0014179251415432437,0.0014179251415432437,0.9534692769888349
Faim,0.012811837461193097,0.012811837461193097,0.5980155523379027
4930579K19Rik,-0.013121132550510275,0.013121132550510275,0.5892065782228888
Pcolce2,-0.019228352830548523,0.019228352830548523,0.42873314868823936
1700102P08Rik,-0.004364769564115518,0.004364769564115518,0.8574504779937526
Zfp651,-0.02282037807432859,0.02282037807432859,0.34761261813973104
Ccdc36,-0.013151983948382729,0.013151983948382729,0.5883311957445619
Nckipsd,-0.02582112237729853,0.02582112237729853,0.28788532128848116
Slc22a13b,-0.015191090049890502,0.015191090049890502,0.5318514804183968
Vill,0.005753610311994329,0.005753610311994329,0.8128310074938714
Itga9,-0.0075294285052546345,0.0075294285052546345,0.7566699922795623
Eomes,0.09598875255952909,0.09598875255952909,7.517309463664659e-05
Rbms3,-0.019461998019662814,0.019461998019662814,0.4231437638357338
Mlh1,-0.03743269600023201,0.03743269600023201,0.12332256428966397
Ccrl2,0.010549666004081469,0.010549666004081469,0.6641769058227203
Pth1r,-0.018954745829564995,0.018954745829564995,0.43533274211936235
Nbeal2,-0.04184642474940127,0.04184642474940127,0.08492012064129031
Nradd,-0.013707834201379884,0.013707834201379884,0.5726633102197272
Kif9,-0.009786608422851072,0.009786608422851072,0.6871323705463899
Ngp,-0.0020937992611300875,0.0020937992611300875,0.9313356891034005
Camp,-0.008026461817502382,0.008026461817502382,0.7411645727249742
3000002C10Rik,0.03026351604966594,0.03026351604966594,0.2128766476052013
Pfkfb4,-0.007199195803908562,0.007199195803908562,0.7670267358745071
Col7a1,-0.016989176186083716,0.016989176186083716,0.48443222777636336
Slc26a6,-0.010735379874562967,0.010735379874562967,0.6586362728762253
Lamb2,-0.019387208784168594,0.019387208784168594,0.42492825736420725
Fam122b,-0.027148047316850422,0.027148047316850422,0.26382048776223677
Cxx1c,-0.015411894823072637,0.015411894823072637,0.5259043750345728
Cxx1a,0.06873473016683553,0.06873473016683553,0.004626767649823584
4930513O06Rik,-0.018616215374057294,0.018616215374057294,0.44357883315010455
Tmsb15b1,0.025240731114074433,0.025240731114074433,0.29886238685810274
Tmsb15l,0.053583077026367686,0.053583077026367686,0.027338902962636462
Plp1,0.03417270850318375,0.03417270850318375,0.15951888137644493
Tceal1,0.07108742701570703,0.07108742701570703,0.0033993721219515898
Ngfrap1,-0.037116979294636865,0.037116979294636865,0.12651991754786346
Bex1,-0.016781779068078206,0.016781779068078206,0.4897823434788368
Armcx2,-0.012832040671875294,0.012832040671875294,0.5974383280573652
Armcx6,-0.0105442936766148,0.0105442936766148,0.6643374602495083
Armcx1,-0.02235979481645941,0.02235979481645941,0.35743228464722737
Armcx4,-0.022438070018763988,0.022438070018763988,0.35575125666135266
Btk,-0.007588820326836347,0.007588820326836347,0.7548119118878337
Xkrx,-0.007588820326836347,0.007588820326836347,0.7548119118878337
Sytl4,-0.01746605048265319,0.01746605048265319,0.4722515306524416
Tspan6,-0.010735379874562967,0.010735379874562967,0.6586362728762253
3110007F17Rik,-0.015191090049890506,0.015191090049890506,0.5318514804183968
Nap1l3,-0.02655026160543159,0.02655026160543159,0.27448461647445577
Mum1l1,-0.0240619232226284,0.0240619232226284,0.322006283742029
Klhl4,-0.00758882032683634,0.00758882032683634,0.7548119118878337
D330045A20Rik,-0.03143796266362778,0.03143796266362778,0.19564474985905655
Amot,-0.08014699421364108,0.08014699421364108,0.0009547334509626072
Zf12,0.014962775873561329,0.014962775873561329,0.538036441314907
Tmlhe,-0.044500376984716344,0.044500376984716344,0.06692249844719143
Tlr7,-0.007588820326836338,0.007588820326836338,0.7548119118878337
Fancb,0.014078355905806434,0.014078355905806434,0.5623304806528114
Piga,0.039758676310739226,0.039758676310739226,0.10167174572174029
Ap1s2,-0.01417983562677901,0.01417983562677901,0.5595162659589538
S100g,0.014057607787909245,0.014057607787909245,0.5629067030486073
Ctps2,-0.06541158410000919,0.06541158410000919,0.007044906817005498
Map3k15,0.026483680676982462,0.026483680676982462,0.2756903330143169
Sh3kbp1,-0.01554695797553163,0.01554695797553163,0.5222834307602815
Rps6ka3,0.03959318693388244,0.03959318693388244,0.10310483828043657
Yy2,-0.02678003468818197,0.02678003468818197,0.2703513117416238
Spin2,-0.015191090049890466,0.015191090049890466,0.5318514804184041
Kctd12b,-0.009482751670495917,0.009482751670495917,0.6963557848252596
2900056M20Rik,-0.022986562062341433,0.022986562062341433,0.34411205700697506
A230072E10Rik,-0.013151983948382726,0.013151983948382726,0.5883311957445619
Fgd1,-0.026374119495780026,0.026374119495780026,0.27768222858955044
Ammecr1,-0.021474393284824818,0.021474393284824818,0.3767936427779669
Gm6377,-0.01616689751971872,0.01616689751971872,0.5058290903897775
Itm2a,-0.021508884833456046,0.021508884833456046,0.37602751448727045
P2ry10,0.1230089889646678,0.1230089889646678,3.7467569346324116e-07
Tmem47,-0.020677269258747383,0.020677269258747383,0.39476645283647654
4933407K13Rik,-0.013117723903930286,0.013117723903930286,0.5893033325230641
Gab3,-0.007588820326836338,0.007588820326836338,0.7548119118878337
Plxna3,0.02391232365295499,0.02391232365295499,0.3250248396164479
Flna,-0.04019866899205981,0.04019866899205981,0.09793852077215445
Arhgap4,-0.008643389913723236,0.008643389913723236,0.7220646550660855
Abcd1,-0.032748168104698376,0.032748168104698376,0.17765216756077357
Bgn,-0.002635385290909861,0.002635385290909861,0.9136371708823519
Xlr4b,0.03673251804980889,0.03673251804980889,0.13050011546454046
Xlr3b,-0.004364769564115518,0.004364769564115518,0.8574504779937526
Prrg3,-0.013089866581452642,0.013089866581452642,0.5900943358360579
Fmr1nb,0.06252663869558268,0.06252663869558268,0.010005866674063089
Arhgef6,-0.0070031826787370615,0.0070031826787370615,0.7731939464873819
Fhl1,-0.01297710055068008,0.01297710055068008,0.5933012866212567
Ddx26b,-0.016716825190030853,0.016716825190030853,0.4914644344161662
3830403N18Rik,0.001992873416844418,0.001992873416844418,0.9346378689139563
Xlr,-0.007588820326836341,0.007588820326836341,0.7548119118878337
5430427O19Rik,-0.007588820326836342,0.007588820326836342,0.7548119118878337
Pola1,-0.009081365929680315,0.009081365929680315,0.7086085457891774
Pcyt1b,-0.010426382690162826,0.010426382690162826,0.6678651479097277
Gspt2,-0.014933791619170292,0.014933791619170292,0.5388241882351156
Magee1,-0.004009996695369687,0.004009996695369687,0.8689277054379185
5530601H04Rik,0.04554464745526595,0.04554464745526595,0.06076059330131484
Gm9159,-0.015191090049890502,0.015191090049890502,0.5318514804183968
Rgag4,-0.007588820326836338,0.007588820326836338,0.7548119118878337
Nhsl2,-0.0028392559818550675,0.0028392559818550675,0.9069854625055388
Itgb1bp2,-0.015191090049890485,0.015191090049890485,0.5318514804184041
Il2rg,0.07670987930545614,0.07670987930545614,0.0015699327543066766
Slc7a3,-0.015191090049890485,0.015191090049890485,0.5318514804184041
Chst2,-0.02081619360876384,0.02081619360876384,0.3915973790075629
Awat2,0.008840604985219127,0.008840604985219127,0.71599460846118
Ophn1,0.050853117495487266,0.050853117495487266,0.03625370662498184
Ar,0.07144463861750182,0.07144463861750182,0.0032414299247983825
Eda2r,-0.00892377581894643,0.00892377581894643,0.7134400493138312
Heph,-0.013074805295704085,0.013074805295704085,0.5905222015523974
Vsig4,0.028240363308653746,0.028240363308653746,0.24507964052161904
Msn,0.005811936957055369,0.005811936957055369,0.8109692937873078
Zc4h2,-0.019999837731265888,0.019999837731265888,0.4104404398323802
Arhgef9,-0.0007844818174825661,0.0007844818174825661,0.9742462670147592
Eda,-0.024569685788663382,0.024569685788663382,0.31189763695635603
Slc9a9,-0.019935961926096795,0.019935961926096795,0.41193717835109794
B430319G15Rik,-0.0075888203268363414,0.0075888203268363414,0.7548119118878337
Plscr4,-0.01966206176245698,0.01966206176245698,0.4183917835628507
Slc44a2,-0.0194733676328131,0.0194733676328131,0.42287286582599437
Cdkn2d,-0.005155533983203226,0.005155533983203226,0.8319800610833936
S1pr5,0.08358116091117597,0.08358116091117597,0.0005698452991905984
Fdx1l,-0.010735379874562967,0.010735379874562967,0.6586362728762253
Zglp1,-0.013151983948382717,0.013151983948382717,0.5883311957445619
Icam4,-0.040694231709980835,0.040694231709980835,0.09386569656017904
Angptl6,-0.04268305451265085,0.04268305451265085,0.07886658012106249
Olfm2,-0.013151983948382719,0.013151983948382719,0.5883311957445619
Pin1,0.034931678258358974,0.034931678258358974,0.1504474577969276
5730577I03Rik,-0.007588820326836344,0.007588820326836344,0.7548119118878337
Zfp558,-0.007588820326836341,0.007588820326836341,0.7548119118878337
Slc36a4,0.06822219997857817,0.06822219997857817,0.00494237391813753
5830418K08Rik,-0.004930439033551605,0.004930439033551605,0.839213634167406
Panx1,-0.01735061453166127,0.01735061453166127,0.4751845310248878
Fut4,-0.007588820326836342,0.007588820326836342,0.7548119118878337
Amotl1,-0.030490585133751757,0.030490585133751757,0.20946236872718516
Endod1,-0.03487335313928433,0.03487335313928433,0.1511303280450287
Tmed1,-0.03842912760720145,0.03842912760720145,0.11364366283813788
Cep57,0.0007488316776694259,0.0007488316776694259,0.9754162456149218
AB124611,0.06152211830061493,0.06152211830061493,0.011271448028035817
Ccdc151,0.04761265179130646,0.04761265179130646,0.049940271344813054
Pknox2,0.041150951422761456,0.041150951422761456,0.09023335345147153
Chek1,-0.016382933059698363,0.016382933059698363,0.5001598297429725
Cdon,-0.018616215374057297,0.018616215374057297,0.44357883315010455
Ets1,-0.0024876440813154403,0.0024876440813154403,0.9184613444425133
Fli1,-0.021242784131294122,0.021242784131294122,0.38196303909206375
Tmem45b,0.13578865726572847,0.13578865726572847,1.9768316838268747e-08
Prdm10,-0.007297620742297454,0.007297620742297454,0.7639354912661652
Adamts15,-0.022820378074328563,0.022820378074328563,0.34761261813973104
Ncapd3,-0.04839156160765638,0.04839156160765638,0.046306957873704646
Bmper,0.04668386744635881,0.04668386744635881,0.05458186911026631
Bbs9,0.03647243776705065,0.03647243776705065,0.1332472132424107
9530077C05Rik,-0.007588820326836338,0.007588820326836338,0.7548119118878337
Anln,-0.010729376234502002,0.010729376234502002,0.6588150964575525
Zfp810,0.02698088285290356,0.02698088285290356,0.2667734202351115
1810064F22Rik,0.1523081820591996,0.1523081820591996,2.8889069262769694e-10
Zfp872,-0.008745039949781663,0.008745039949781663,0.7189337755556646
Gm16845,0.013435468589276156,0.013435468589276156,0.5803158117590828
Dock6,-0.004524699473409513,0.004524699473409513,0.8522862781174124
Maml2,-0.01788559183630725,0.01788559183630725,0.46167618984388176
Casp12,0.09087128911781209,0.09087128911781209,0.00017874495603302198
Casp4,-0.007588820326836342,0.007588820326836342,0.7548119118878337
Cdh13,-0.0043647695641155166,0.0043647695641155166,0.8574504779937526
Gan,-0.015170173571331748,0.015170173571331748,0.5324166002364015
1700030J22Rik,-0.004891075635377787,0.004891075635377787,0.8404800161913472
Cenpn,-0.020053474362008758,0.020053474362008758,0.4091861228296087
Tmem231,-0.0075888203268363414,0.0075888203268363414,0.7548119118878337
Tmem170,-0.02092858936223704,0.02092858936223704,0.3890447858933332
Ctrb1,0.08163846962692504,0.08163846962692504,0.0007648333152125696
9430091E24Rik,-0.013151983948382726,0.013151983948382726,0.5883311957445619
Pdpr,-0.019825103505227974,0.019825103505227974,0.4145424786381945
Il34,-0.010735379874562969,0.010735379874562969,0.6586362728762185
Mtss1l,-0.010653464922101475,0.010653464922101475,0.6610778587289919
Ftsjd1,-0.004649505380798178,0.004649505380798178,0.8482606250390013
Marveld3,-0.016703491435307916,0.016703491435307916,0.4918101176049105
Cog8,0.011535794472017767,0.011535794472017767,0.6349732821175109
Zfp90,0.043977520160955706,0.043977520160955706,0.07019569238160105
1810019D21Rik,0.03304427235338166,0.03304427235338166,0.17376203876977145
Esrp2,-0.012294611914054834,0.012294611914054834,0.6128784619864595
Taf1c,-0.020197245242111094,0.020197245242111094,0.4058352350938645
Wfdc1,-0.01073537987456297,0.01073537987456297,0.6586362728762185
4632415K11Rik,-0.006176363414266177,0.006176363414266177,0.7993618277895156
Klhl36,-0.01896599363361954,0.01896599363361954,0.43506028807890623
Casp1,0.11831473467338113,0.11831473467338113,1.0286494084111653e-06
Gucy1a2,-0.004364769564115519,0.004364769564115519,0.8574504779937526
Gm17296,-0.020113762468687242,0.020113762468687242,0.40777898167913346
BC021891,-0.03199477509785895,0.03199477509785895,0.18784157980832814
4933403G14Rik,-0.02376566253159477,0.02376566253159477,0.32800190447512323
Gm505,-0.007588820326836332,0.007588820326836332,0.7548119118878337
Exoc8,-0.03748713181272334,0.03748713181272334,0.12277770452817266
Fam89a,0.13246650969993318,0.13246650969993318,4.3645584541916326e-08
Slc37a2,-0.0030248165177260405,0.0030248165177260405,0.900936809843356
Urb2,-0.0672748650941452,0.0672748650941452,0.0055773618819345335
Gas8,0.018566571517125784,0.018566571517125784,0.44479553330021304
Spire2,-0.0075888203268363414,0.0075888203268363414,0.7548119118878337
Fanca,0.04919938237743247,0.04919938237743247,0.04277630227791751
4933417D19Rik,-0.016989176186083702,0.016989176186083702,0.48443222777636336
Cyba,0.06075267677403263,0.06075267677403263,0.012334911342513214
Fbxo31,-0.033633373438113554,0.033633373438113554,0.16621227336441322
Irf8,-0.006892372014909959,0.006892372014909959,0.7766867795650899
Gins2,-0.014230973896586212,0.014230973896586212,0.5581007017402054
Nup133,-0.017521462975704016,0.017521462975704016,0.47084715559838936
Zfp568,-0.0317268908316867,0.0317268908316867,0.1915665799928874
Ccdc15,-0.013007418364840161,0.013007418364840161,0.5924382953460814
BC024479,-0.015926570397806553,0.015926570397806553,0.5121752976220428
Prtg,-0.013151983948382719,0.013151983948382719,0.5883311957445619
4930509E16Rik,-0.016989176186083674,0.016989176186083674,0.48443222777636336
Tex9,-0.0065410443256443,0.0065410443256443,0.7877904265940188
Mns1,-0.010229544541380971,0.010229544541380971,0.6737705311282378
Myzap,-0.018880926001213764,0.018880926001213764,0.43712330934455695
Aldh1a2,-0.010735379874562972,0.010735379874562972,0.6586362728762185
Lipc,-0.059980434034923334,0.059980434034923334,0.013490592506712227
Ccnb2,-0.0007571615317048929,0.0007571615317048929,0.9751428687643746
Fam81a,-0.022820378074328598,0.022820378074328598,0.34761261813973104
Bnip2,0.05694739322854059,0.05694739322854059,0.01900608798916474
Anxa2,-0.0028328992200645393,0.0028328992200645393,0.9071927692197878
Rab8b,0.014640356980909597,0.014640356980909597,0.5468316696977408
Fbxl22,-0.02896613416439129,0.02896613416439129,0.23315575405710223
Snx22,0.005744382430088004,0.005744382430088004,0.8131256471098832
Csnk1g1,0.005584171631251772,0.005584171631251772,0.8182452400253463
2810417H13Rik,0.01663745478787958,0.01663745478787958,0.4935240654423118
Zwilch,-0.00941790439936928,0.00941790439936928,0.6983300687649321
Dyx1c1,-0.012638824052417653,0.012638824052417653,0.6029690305482182
Calml4,-0.020136090675239367,0.020136090675239367,0.40725856717513514
Pigb,-0.016801660833980075,0.016801660833980075,0.489268090846393
BC031353,-0.01236843360437729,0.01236843360437729,0.6107471792251845
Bcl2a1b,0.05412320346363298,0.05412320346363298,0.025819202787608683
Bcl2a1a,0.06776478128603021,0.06776478128603021,0.0052403346593459165
4922501C03Rik,0.0004154083147345864,0.0004154083147345864,0.9863608683055275
A330041J22Rik,-0.020464039020096435,0.020464039020096435,0.3996605955861261
Fam46a,-0.10894857351790244,0.10894857351790244,6.896429462320928e-06
Ttk,0.07337612580462,0.07337612580462,0.0024973495607949763
Lca5,-0.007588820326836344,0.007588820326836344,0.7548119118878337
Irak1bp1,-0.016706601094662286,0.016706601094662286,0.4917294867255103
Mei4,-0.0228203780743286,0.0228203780743286,0.34761261813973104
4930429F24Rik,-0.012956476002515038,0.012956476002515038,0.5938886893362973
E330016A19Rik,-0.010487704968072008,0.010487704968072008,0.6660295729696003
Gm10639,0.0710289905731831,0.0710289905731831,0.0034258662750014197
Gsta1,-0.02692910168975391,0.02692910168975391,0.267692716541192
Lrrc1,-0.012956476002515073,0.012956476002515073,0.5938886893362973
Gnb5,-0.010693408358223322,0.010693408358223322,0.6598868384961324
Myo5c,-0.007588820326836333,0.007588820326836333,0.7548119118878337
Myo5a,-0.010672719175217022,0.010672719175217022,0.660503634480712
Rab27a,0.03887450869108258,0.03887450869108258,0.10951545392658167
Gm10653,0.11086632940609781,0.11086632940609781,4.728130581854435e-06
Coro2b,-0.01768996704549386,0.01768996704549386,0.4665907678630653
Paqr5,-0.007588820326836345,0.007588820326836345,0.7548119118878337
Il10ra,0.07780245694660053,0.07780245694660053,0.0013431344081587192
Tmprss4,0.001417925141543245,0.001417925141543245,0.9534692769888349
Cd3e,0.05965340855740042,0.05965340855740042,0.014008134570356956
Cd3g,0.11683727691523206,0.11683727691523206,1.402577018118066e-06
Treh,-0.004891075635377785,0.004891075635377785,0.8404800161913472
Cxcr5,0.12300898896466782,0.12300898896466782,3.7467569346324116e-07
Cbl,-0.024428210888891366,0.024428210888891366,0.31469291537523847
Mcam,-0.0217183859668368,0.0217183859668368,0.37139473211174695
Rnf26,0.006870120146368007,0.006870120146368007,0.7773887214390053
Sorl1,-0.01789774808599111,0.01789774808599111,0.46137175093721744
Ubash3b,-0.010683726124364773,0.010683726124364773,0.6601754612415949
9030425E11Rik,-0.01749421739006593,0.01749421739006593,0.4715373801910625
Gramd1b,-0.007588820326836343,0.007588820326836343,0.7548119118878337
Zfp202,-0.02186013024008967,0.02186013024008967,0.36828044056350184
Olfr920,-0.013293220401928521,0.013293220401928521,0.584331417235958
Spa17,0.0020454099395690786,0.0020454099395690786,0.9329187893002784
Vsig2,-0.013151983948382712,0.013151983948382712,0.5883311957445619
Fxyd2,-0.007031296151669629,0.007031296151669629,0.7723085155878371
Bace1,0.002712338756772982,0.002712338756772982,0.9111256671188874
Tagln,-0.015685343581214976,0.015685343581214976,0.5185867374444012
Fam55d,0.09598875255952914,0.09598875255952914,7.517309463664659e-05
Pkm2,-0.008654540051751237,0.008654540051751237,0.7217209960890159
Tmem202,0.014491156558443095,0.014491156558443095,0.5509256257857463
Bbs4,-0.009385756854935336,0.009385756854935336,0.699309562683556
Pml,0.007930537599452496,0.007930537599452496,0.7441490736975637
1600029O15Rik,-0.007588820326836342,0.007588820326836342,0.7548119118878337
Arid3b,-0.03354046137632151,0.03354046137632151,0.1673863576460402
Cyp1a1,-0.02354443107659188,0.02354443107659188,0.3325260001159223
Scamp2,-0.005600217425564173,0.005600217425564173,0.8177321380027317
Robo4,0.012445818891985394,0.012445818891985394,0.6085165458902589
Neil1,-0.007588820326836345,0.007588820326836345,0.7548119118878337
Agphd1,-0.0037978451378021735,0.0037978451378021735,0.8758043711784401
Tnfaip8l3,-0.00756894410939629,0.00756894410939629,0.7554335845692034
Gm6981,-0.013151983948382722,0.013151983948382722,0.5883311957445619
Cryab,-0.02416992579573289,0.02416992579573289,0.3198384534429893
Hspb2,-0.0075888203268363345,0.0075888203268363345,0.7548119118878337
Pih1d2,0.08506528704972022,0.08506528704972022,0.00045322650569429686
Tex12,-0.00476244570769957,0.00476244570769957,0.8446211022840079
1600029D21Rik,-0.0038853029958989104,0.0038853029958989104,0.8729683526070013
AY074887,-0.013293220401928544,0.013293220401928544,0.584331417235958
Zfp74,-0.015458692414502926,0.015458692414502926,0.5246483157052274
Zfp27,-0.009927594700954029,0.009927594700954029,0.6828684557913917
Zfp940,-0.015191090049890483,0.015191090049890483,0.5318514804184041
Cad,-0.04963460083560228,0.04963460083560228,0.04097027766040571
Slc5a6,-0.054220306247467966,0.054220306247467966,0.025553878201251122
Cgref1,-0.03627900188862086,0.03627900188862086,0.13531921784998727
Cenpa,-0.05918100454441165,0.05918100454441165,0.014786652146213967
Gm5129,-0.0021852778304166714,0.0021852778304166714,0.9283436318646802
Xrcc2,-0.0038621171729582467,0.0038621171729582467,0.8737200479568688
4831440E17Rik,-0.020973570405271924,0.020973570405271924,0.3880260734656151
2900005J15Rik,0.0006566218294870203,0.0006566218294870203,0.978442659219155
Crygn,0.21036843003417977,0.21036843003417977,2.0362221601049164e-18
Smarcd3,-0.03596905319133276,0.03596905319133276,0.13869099512043404
Tmub1,0.012514488327595552,0.012514488327595552,0.6065401887139931
Atg9b,-0.010735379874562969,0.010735379874562969,0.6586362728762185
2700038G22Rik,0.015561740349452964,0.015561740349452964,0.5218879048127235
Srpk2,-0.04797137196925645,0.04797137196925645,0.04823834686984502
Napepld,0.007908567524904401,0.007908567524904401,0.7448331736606266
Fam185a,-0.0103917106860426,0.0103917106860426,0.6689038735673192
Fgl2,-0.007588820326836338,0.007588820326836338,0.7548119118878337
Krtcap3,-0.0358672161365261,0.0358672161365261,0.13981282917520169
Ccdc146,-0.016847139842628048,0.016847139842628048,0.4880928448493431
Tacc3,-0.021852031923760784,0.021852031923760784,0.36845793164192736
Poln,-0.007588820326836348,0.007588820326836348,0.7548119118878337
Sod3,-0.02526827338224126,0.02526827338224126,0.2983352477492997
Fam184b,-0.01861621537405731,0.01861621537405731,0.44357883315010455
Ldb2,-0.012490200284384072,0.012490200284384072,0.6072388889003755
Prom1,-0.04610733024997394,0.04610733024997394,0.057640019508291764
Zbtb49,-0.01909479216273171,0.01909479216273171,0.43194743616155074
Evc2,-0.02376566253159476,0.02376566253159476,0.32800190447512323
Evc,0.033419576108524425,0.033419576108524425,0.16892323000212214
Sorcs2,-0.02282037807432859,0.02282037807432859,0.34761261813973104
Afap1,-0.005853255322192978,0.005853255322192978,0.8096511085419791
Ablim2,0.006384137622055364,0.006384137622055364,0.7927635370956054
Sh3tc1,-0.019373253365200245,0.019373253365200245,0.4252617234679715
Htra3,0.06229321998411755,0.06229321998411755,0.010288100831663241
Rgs12,0.03104660425765083,0.03104660425765083,0.20126959469036154
A930005I04Rik,-0.013151983948382729,0.013151983948382729,0.5883311957445619
Tnip2,-0.01727192879831485,0.01727192879831485,0.4771894907780132
Rnf4,-0.07855361085116178,0.07855361085116178,0.0012051668002954971
Haus3,0.0017428880312360525,0.0017428880312360525,0.9428218287763843
Gm1673,-0.015722523788680692,0.015722523788680692,0.5175958502167568
Zcchc4,-0.015191090049890495,0.015191090049890495,0.5318514804184041
Rsbn1l,-0.0036813257599216474,0.0036813257599216474,0.879585245993822
Hgf,-0.010728637030822054,0.010728637030822054,0.6588371156227522
Gm16023,-0.015191090049890476,0.015191090049890476,0.5318514804184041
Tmem52,-0.010735379874562969,0.010735379874562969,0.6586362728762185
Morn1,-0.041076725467587547,0.041076725467587547,0.09081586875860723
Tnfrsf14,-0.007588820326836344,0.007588820326836344,0.7548119118878337
Prdm16,-0.007588820326836321,0.007588820326836321,0.7548119118878337
BC046331,-0.00013794610387152934,0.00013794610387152934,0.9954706093445163
Chd5,-0.015191090049890476,0.015191090049890476,0.5318514804184041
Tnfrsf25,-0.015191090049890455,0.015191090049890455,0.5318514804184041
Per3,-0.04395101583099416,0.04395101583099416,0.07036505024118817
Slc2a5,-0.02326368441571217,0.02326368441571217,0.3383248443369999
Gpr157,-0.005940619673254002,0.005940619673254002,0.8068656922753901
Pik3cd,-0.014416483396700298,0.014416483396700298,0.552980246844352
Apitd1,0.027456634578601043,0.027456634578601043,0.2584286973288263
Fbxo2,-0.012956476002515049,0.012956476002515049,0.5938886893362973
Agtrap,-0.016496785938973788,0.016496785938973788,0.4971856810305292
2510039O18Rik,-0.06303731728478384,0.06303731728478384,0.009412289406072949
2610305D13Rik,-0.007588820326836339,0.007588820326836339,0.7548119118878337
Mmp23,-0.007568944109396294,0.007568944109396294,0.7554335845692034
Gnai1,0.09298562957760124,0.09298562957760124,0.00012563068388252532
B930041F14Rik,-0.004356593530348367,0.004356593530348367,0.8577146511707047
Tmem88b,-0.01698917618608368,0.01698917618608368,0.48443222777636336
Sema3d,-0.007588820326836342,0.007588820326836342,0.7548119118878337
Abcb1b,0.07476124387154331,0.07476124387154331,0.0020637683894900827
Steap1,-0.016989176186083713,0.016989176186083713,0.48443222777636336
A330021E22Rik,-0.013151983948382719,0.013151983948382719,0.5883311957445619
Gm9897,0.12141248541655632,0.12141248541655632,5.304779260156226e-07
Mterf,0.06145610691042727,0.06145610691042727,0.011359383309744809
C030048B08Rik,0.014995917770945628,0.014995917770945628,0.5371364044368708
1700109H08Rik,0.036643588104949255,0.036643588104949255,0.1314344554506914
Cdk6,-0.005857518550585767,0.005857518550585767,0.8095151288381202
AW011738,-0.000430530404361331,0.000430530404361331,0.985864414618036
9430015G10Rik,-0.01989333423980686,0.01989333423980686,0.4129378277972052
Tnfrsf18,-0.0075888203268363414,0.0075888203268363414,0.7548119118878337
Tnfrsf4,-0.016068819305228806,0.016068819305228806,0.5084139925192234
B3galt6,-0.01978747260863787,0.01978747260863787,0.41542905632622007
Fam132a,-0.020980844673732128,0.020980844673732128,0.3878614814554256
Tas1r3,-0.010735379874562967,0.010735379874562967,0.6586362728762253
Mxra8,-0.023684869478147855,0.023684869478147855,0.32964944430294274
Vwa1,-0.008420796580261035,0.008420796580261035,0.7289368597844024
Rbpj,-0.033524847053504364,0.033524847053504364,0.16758427768551803
Arap2,-0.05923631027897349,0.05923631027897349,0.014693581459838158
Tlr6,0.09598875255952909,0.09598875255952909,7.517309463664659e-05
Crybb3,0.008927977244209934,0.008927977244209934,0.7133110890610087
Hps4,-0.006731337544967077,0.006731337544967077,0.7817707371805084
Ttc28,-0.022819696153439595,0.022819696153439595,0.34762702883509516
Chek2,0.01955757986434819,0.01955757986434819,0.4208695452104394
Hscb,-0.0034249246243246226,0.0034249246243246226,0.8879146156512319
Pole,0.10504674803586964,0.10504674803586964,1.4582749716137794e-05
Gm15787,-0.014907428223832845,0.014907428223832845,0.5395412056313235
LOC100642166,-0.018935538513475143,0.018935538513475143,0.4357982256734138
Pigg,-0.01698917618608367,0.01698917618608367,0.48443222777636336
Ccdc18,-0.0075888203268363414,0.0075888203268363414,0.7548119118878337
Rpap2,-0.02441046755875116,0.02441046755875116,0.31504464786768915
Btbd8,0.0020058407463319065,0.0020058407463319065,0.9342135283965625
Brdt,0.04249272366933378,0.04249272366933378,0.08021198034560767
Lrrc8c,0.04535264358629758,0.04535264358629758,0.06185691901792457
Lrrc8b,-0.010735379874562967,0.010735379874562967,0.6586362728762253
Gbp10,0.09933593967884755,0.09933593967884755,4.16685883013434e-05
Gbp4,-0.007588820326836343,0.007588820326836343,0.7548119118878337
Cmklr1,0.07712282866892627,0.07712282866892627,0.0014803633799388002
Gbp9,-0.01478682756154134,0.01478682756154134,0.5428273121146843
Tmem119,-0.007588820326836339,0.007588820326836339,0.7548119118878337
Ssh1,-0.016753549918280104,0.016753549918280104,0.49051300468695275
Oas1g,0.1230089889646678,0.1230089889646678,3.7467569346324116e-07
Oas1b,-0.010677181779283448,0.010677181779283448,0.6603705736478486
Oas1c,0.012939526973835387,0.012939526973835387,0.5943716093801307
Oas3,0.08276728981344758,0.08276728981344758,0.0006450992566021548
Oas2,-0.007588820326836343,0.007588820326836343,0.7548119118878337
Rasal1,-0.018616215374057284,0.018616215374057284,0.44357883315010455
Iqcd,-0.003164035166302172,0.003164035166302172,0.8964024985691442
Vsig10,0.04878529605216957,0.04878529605216957,0.04455661590734698
2410137F16Rik,0.07476618156843756,0.07476618156843756,0.0020623545541966397
1110006O24Rik,0.010307159711238875,0.010307159711238875,0.6714395573068811
Sirt4,0.027520684406252275,0.027520684406252275,0.2573192194040088
Sppl3,-0.03563072809931685,0.03563072809931685,0.1424448759455193
Oasl2,-0.016651624512447512,0.016651624512447512,0.49315602835665656
4930515G01Rik,-0.01073537987456297,0.01073537987456297,0.6586362728762185
Tchp,-0.025237593764167465,0.025237593764167465,0.2989224728531843
Gltp,0.021074406680232263,0.021074406680232263,0.3857482822859834
BC057022,0.009405825961395383,0.009405825961395383,0.6986980243219768
Selplg,0.1697501967665336,0.1697501967665336,1.9682762219658543e-12
Abcg3,-0.00758882032683634,0.00758882032683634,0.7548119118878337
Sparcl1,-0.010735379874562995,0.010735379874562995,0.6586362728762185
Nudt9,-0.013288018411040763,0.013288018411040763,0.5844785117454662
Stap1,-0.01061329746750526,0.01061329746750526,0.6622764238459592
Igfbp7,-0.02216849175512491,0.02216849175512491,0.3615616706202522
Cep135,-0.027057666605164978,0.027057666605164978,0.2654142390214985
Kit,-0.032450068648209325,0.032450068648209325,0.1816335835350358
Pdgfra,-0.01073537987456297,0.01073537987456297,0.6586362728762185
Lnx1,-0.015191090049890481,0.015191090049890481,0.5318514804184041
Sgcb,-0.024156927996755954,0.024156927996755954,0.32009883959907637
Tec,0.020894528840691415,0.020894528840691415,0.38981725570127856
Txk,-0.00758882032683634,0.00758882032683634,0.7548119118878337
Corin,0.03664358810494919,0.03664358810494919,0.1314344554506914
Atp10d,0.008781520531527885,0.008781520531527885,0.7178112976876166
Atp8a1,0.017290482194935987,0.017290482194935987,0.47671632271182196
Bend4,-0.010642688539324801,0.010642688539324801,0.6613993324298438
Limch1,-0.010696097981748358,0.010696097981748358,0.6598066710817098
9130230L23Rik,-0.007588820326836343,0.007588820326836343,0.7548119118878337
Rhoh,0.12300898896466782,0.12300898896466782,3.7467569346324116e-07
Wdr19,0.025190827812021442,0.025190827812021442,0.2998190814835947
Ugt2b38,0.039668149678204784,0.039668149678204784,0.10245370565276729
Sult1e1,0.10777140128303896,0.10777140128303896,8.66792461864052e-06
Igj,0.34440567379850834,0.34440567379850834,2.012169516939166e-48
Rufy3,0.016222039329648018,0.016222039329648018,0.5043788401891349
Ptpn13,-0.010735379874562965,0.010735379874562965,0.6586362728762253
Arhgap24,0.03782428609554034,0.03782428609554034,0.11944480528438742
Hpse,-0.010695148728096288,0.010695148728096288,0.6598349642654099
Plac8,0.025130332410055106,0.025130332410055106,0.3009815702092866
Paqr3,-0.007588820326836343,0.007588820326836343,0.7548119118878337
Bmp2k,0.0007490294714709994,0.0007490294714709994,0.9754097542015159
Anxa3,-0.00713276122549583,0.00713276122549583,0.7691153543918846
Cxcl13,0.04943414063958135,0.04943414063958135,0.04179394577725133
4933438K21Rik,0.04115095142276144,0.04115095142276144,0.09023335345147153
Sowahb,-0.03074920467542782,0.03074920467542782,0.205622157034423
Art3,-0.010723435371616657,0.010723435371616657,0.6589920693554895
Btc,0.021157427940927474,0.021157427940927474,0.3838790532395561
Areg,-0.03047540780592145,0.03047540780592145,0.20968933649562238
Mthfd2l,-0.02528065424038075,0.02528065424038075,0.2980984893155537
Cxcl2,0.20196010766939831,0.20196010766939831,4.550301529379044e-17
Ppbp,0.17104578031348358,0.17104578031348358,1.3293337976604349e-12
Afp,-0.012765441130782585,0.012765441130782585,0.5993420948828893
Gm9958,-0.022803405525248368,0.022803405525248368,0.3479714034463145
Cxcl10,-0.021272562255740108,0.021272562255740108,0.3812959825474022
Gm13251,0.07128175013247891,0.07128175013247891,0.0033126039674716626
Gm13034,0.1230089889646678,0.1230089889646678,3.7467569346324116e-07
Gm13238,0.09598875255952907,0.09598875255952907,7.517309463664659e-05
Mup15,0.0248549476356488,0.0248549476356488,0.3063112731296635
Mup7,0.07082167685293436,0.07082167685293436,0.003521380983218834
Susd1,0.007601290064642487,0.007601290064642487,0.7544219742096527
Ptgr1,-0.023051642132633103,0.023051642132633103,0.3427473338901143
Lpar1,-0.013101867243576301,0.013101867243576301,0.5897535194358394
Zfp462,-0.007588820326836339,0.007588820326836339,0.7548119118878337
Fsd1l,-0.02120614843007574,0.02120614843007574,0.3827846919268778
AI427809,-0.007588820326836347,0.007588820326836347,0.7548119118878337
2700081L22Rik,0.045517676659230365,0.045517676659230365,0.06091361626266355
2810432L12Rik,0.026720565067544198,0.026720565067544198,0.27141697697227596
E130309F12Rik,-0.015191090049890497,0.015191090049890497,0.5318514804184041
5730528L13Rik,-0.007588820326836338,0.007588820326836338,0.7548119118878337
Galnt12,0.09598875255952909,0.09598875255952909,7.517309463664659e-05
Gabbr2,-0.028228778610780107,0.028228778610780107,0.24527337286596965
Tbc1d2,-0.016989176186083713,0.016989176186083713,0.48443222777636336
Trim14,0.016475294124424625,0.016475294124424625,0.49774638436422775
Tmod1,0.038245073779008765,0.038245073779008765,0.1153849986995315
Mup8,0.1479013720932396,0.1479013720932396,9.348873036734459e-10
E230008N13Rik,-0.007588820326836342,0.007588820326836342,0.7548119118878337
Zfp37,-0.013148181055313728,0.013148181055313728,0.5884390671896068
4933430I17Rik,-0.007588820326836344,0.007588820326836344,0.7548119118878337
Wdr78,0.0014179251415432426,0.0014179251415432426,0.9534692769888349
Sgip1,-0.0027457489232102874,0.0027457489232102874,0.9100355456540841
Efcab7,-0.01698917618608367,0.01698917618608367,0.48443222777636336
L1td1,0.0466838674463588,0.0466838674463588,0.05458186911026631
Ift74,-0.012524045562246766,0.012524045562246766,0.6062653518440777
Dmrta1,0.047332446591188466,0.047332446591188466,0.05130442475155622
Cdkn2b,0.018420487391094323,0.018420487391094323,0.448386858491333
Acer2,0.024471660509809944,0.024471660509809944,0.31383268721758406
Haus6,-0.0041883286953193245,0.0041883286953193245,0.8631548954727527
Adamtsl1,0.03341957610852441,0.03341957610852441,0.16892323000212423
Cntln,-0.022775917428153516,0.022775917428153516,0.3485529773414708
Snapc3,-0.022987915738609106,0.022987915738609106,0.3440836352944375
Trim32,-0.02937624591368986,0.02937624591368986,0.22660259393109894
Whrn,-0.018616215374057287,0.018616215374057287,0.44357883315010455
Orm3,0.050868271786690206,0.050868271786690206,0.036198089459348576
Kif12,-0.0075888203268363475,0.0075888203268363475,0.7548119118878337
Zfp618,-0.010735379874562967,0.010735379874562967,0.6586362728762253
Bspry,-0.010718911913638579,0.010718911913638579,0.6591268318461214
Fbxo10,-0.016984500105495293,0.016984500105495293,0.48455250442521886
Gm12504,0.0931042935052253,0.0931042935052253,0.00012314194663759408
Tmem8b,-0.016989176186083713,0.016989176186083713,0.48443222777636336
A530072M11Rik,0.033419576108524425,0.033419576108524425,0.16892323000212214
1700123M08Rik,-0.005892693587370759,0.005892693587370759,0.808393407386377
Pdp1,0.00782882196221954,0.00782882196221954,0.7473179622095819
Rad54b,-0.02160254125875105,0.02160254125875105,0.3739520636078174
Dpy19l4,-0.017405090923390085,0.017405090923390085,0.47379915011586055
Ccne2,-0.0211246077110663,0.0211246077110663,0.38461733983090085
Penk,0.1230089889646678,0.1230089889646678,3.7467569346324116e-07
6330407A03Rik,0.06666969824324648,0.06666969824324648,0.006020584866949862
Wls,0.03919489383945386,0.03919489383945386,0.10661975915274237
Lrriq3,0.10453408339282835,0.10453408339282835,1.6059884336932974e-05
St6galnac3,-0.010654436882415474,0.010654436882415474,0.6610488669412747
Ak5,-0.01315198394838272,0.01315198394838272,0.5883311957445619
Nexn,-0.015221490400440928,0.015221490400440928,0.5310306678088755
Gipc2,-0.013151983948382722,0.013151983948382722,0.5883311957445619
Ifi44,-0.00738440827585133,0.00738440827585133,0.7612128576697004
Ttll7,0.010032584973392718,0.010032584973392718,0.6796997313253963
Cyr61,-0.08672299034724423,0.08672299034724423,0.000349457407240895
4930480G23Rik,0.07789568026732008,0.07789568026732008,0.0013252536510472
Mms22l,0.03334806671920784,0.03334806671920784,0.1698373287609229
Epha7,0.051886984958945004,0.051886984958945004,0.03262234130602742
Ankrd6,-0.010735379874562965,0.010735379874562965,0.6586362728762253
Msmp,0.09598875255952907,0.09598875255952907,7.517309463664659e-05
Tpm2,0.04539284937084342,0.04539284937084342,0.06162600336833324
E130306D19Rik,0.06746085960559536,0.06746085960559536,0.005447175303275768
Ccdc107,-0.09639237806845197,0.09639237806845197,7.007949483656847e-05
Rmrp,-0.025243845402679797,0.025243845402679797,0.2988027504959513
Cd72,-0.008385601336906946,0.008385601336906946,0.7300254671648378
Atp8b5,0.03477892907180438,0.03477892907180438,0.15224084316964723
Unc13b,-0.02387218214157205,0.02387218214157205,0.3258379181313049
LOC622167,0.11794161406360114,0.11794161406360114,1.1128262505756481e-06
Fancg,-0.02982148506579165,0.02982148506579165,0.2196379350819743
Ccl19,-0.010667176183209757,0.010667176183209757,0.6606689240207432
Cntfr,-0.012552118776673315,0.012552118776673315,0.6054583739755773
Enho,-0.018004170120923924,0.018004170120923924,0.4587113265983708
Dnaic1,-0.012900655115723974,0.012900655115723974,0.5954798421903299
Kif24,-0.010735379874562972,0.010735379874562972,0.6586362728762185
Spaca1,-0.004364769564115517,0.004364769564115517,0.8574504779937526
Gabrr2,-0.016989176186083723,0.016989176186083723,0.48443222777636336
Rragd,0.022046873968632134,0.022046873968632134,0.3642023322423956
Dnajb5,0.013442860824393096,0.013442860824393096,0.5801074857274972
Oas1a,0.047254120030890814,0.047254120030890814,0.05169127740113413
Dab1,-0.01073537987456297,0.01073537987456297,0.6586362728762185
Cyb5rl,0.013962114381269757,0.013962114381269757,0.5655624356031611
Sh3bgrl3,0.08488199623461899,0.08488199623461899,0.00046631673417799475
Ubxn11,-0.010735362283527918,0.010735362283527918,0.6586367968118375
Cd52,0.08304912243305873,0.08304912243305873,0.0006180524097237717
Aim1l,0.029386875924955792,0.029386875924955792,0.22643450062117904
Sfn,-0.015537466348579072,0.015537466348579072,0.5225374754735037
Fgr,-0.011710804038946034,0.011710804038946034,0.6298475905259312
Fam76a,-0.03917769397336272,0.03917769397336272,0.10677365863457164
Smpdl3b,0.026020189044470184,0.026020189044470184,0.2841837106336465
Sesn2,-0.029606266624627856,0.029606266624627856,0.2229850853603501
Ptpru,0.06252663869558266,0.06252663869558266,0.010005866674063089
Laptm5,0.09258148313699206,0.09258148313699206,0.00013446687625412362
Sdc3,-0.003980831561279624,0.003980831561279624,0.8698724870631227
Nkain1,0.09598875255952909,0.09598875255952909,7.517309463664659e-05
Fabp3,-0.014857741215811805,0.014857741215811805,0.5408938624740708
Kpna6,-0.03042576592399774,0.03042576592399774,0.2104329433813505
Lck,0.06804145578075893,0.06804145578075893,0.005058230658484528
Fndc5,-0.02370232969666298,0.02370232969666298,0.32929294096829276
Sepn1,-0.014655135217843604,0.014655135217843604,0.546426985756211
Tmem54,-0.016989176186083685,0.016989176186083685,0.48443222777636336
Runx3,0.1230089889646678,0.1230089889646678,3.7467569346324116e-07
Cnr2,-0.017620377242464805,0.017620377242464805,0.4683460050348091
Kazn,-0.02498753308274288,0.02498753308274288,0.30373750720842047
Gm10565,-0.003515792820890978,0.003515792820890978,0.8849612351283827
Fhad1,0.0022471714972486893,0.0022471714972486893,0.9263198012643529
Cela2a,-0.01978149462637994,0.01978149462637994,0.41556999953770735
Ddi2,0.05289059022338277,0.05289059022338277,0.0293995992592923
Slc25a34,0.022693255322319295,0.022693255322319295,0.35030559968653574
Tmem82,-0.054677555940897404,0.054677555940897404,0.024335928167403154
B330016D10Rik,-0.03735434778309258,0.03735434778309258,0.12411007734184826
6330545A04Rik,-0.007588820326836342,0.007588820326836342,0.7548119118878337
Crocc,-0.025968240316638712,0.025968240316638712,0.2851465701548318
Gm16287,0.07292144310848653,0.07292144310848653,0.002656893492619391
Otud3,-0.0228588800471689,0.0228588800471689,0.34679959093820917
Sh2d5,-0.004364769564115516,0.004364769564115516,0.8574504779937526
Wnt4,-0.013027219611175775,0.013027219611175775,0.5918749670833631
Zbtb40,-0.03956624930539582,0.03956624930539582,0.10333962213057367
C1qb,0.003588704025103605,0.003588704025103605,0.8825926414660392
E2f2,-0.006317714195831069,0.006317714195831069,0.7948713603104259
A330049M08Rik,0.05016567805838581,0.05016567805838581,0.03885430618270961
Trim62,-0.02502513307960388,0.02502513307960388,0.3030102315459181
Tlr12,0.03439015168644868,0.03439015168644868,0.15687868626253546
Zscan20,-0.027713109909578516,0.027713109909578516,0.25400588486133513
Kif2c,-0.012792715578809979,0.012792715578809979,0.5985621150361543
Zswim5,0.01424954769756219,0.01424954769756219,0.5575869893805718
Hpdl,-0.02011376246868717,0.02011376246868717,0.4077789816791405
AV051173,-0.008367252004798752,0.008367252004798752,0.7305932374396465
Tmem69,0.04144543102752064,0.04144543102752064,0.08795185639242167
Pik3r3,-0.015239769706029301,0.015239769706029301,0.5305374339533828
1520402A15Rik,-0.01073537987456297,0.01073537987456297,0.6586362728762185
Cyp4b1,0.015571651348831365,0.015571651348831365,0.521622806454905
Tal1,-0.010415310102443677,0.010415310102443677,0.6681967984851741
Stil,-0.007588820326836341,0.007588820326836341,0.7548119118878337
Spata6,0.020354412240569074,0.020354412240569074,0.40219092089682074
Dmrta2,-0.007588820326836339,0.007588820326836339,0.7548119118878337
Zfyve9,0.011787246057675524,0.011787246057675524,0.6276143082297692
Prpf38a,-0.029856938659173694,0.029856938659173694,0.21909002353976953
Zyg11a,0.0090172144276292,0.0090172144276292,0.7105739452228068
Podn,-0.011251367864283303,0.011251367864283303,0.6433409148147411
Lrp8,0.0014179251415432446,0.0014179251415432446,0.9534692769888349
Artn,-0.0186162153740573,0.0186162153740573,0.44357883315010455
Cdc20,-0.019478980462912143,0.019478980462912143,0.42273916918967436
Zmynd12,-0.007588820326836341,0.007588820326836341,0.7548119118878337
Cited4,-0.011102664513401143,0.011102664513401143,0.6477338084287457
Gja4,-0.03269706601833209,0.03269706601833209,0.1783300365279906
Dlgap3,-0.02120614843007571,0.02120614843007571,0.3827846919268855
Gm12942,0.012653451148767897,0.012653451148767897,0.6025495347457027
Psmb2,0.036949706573122736,0.036949706573122736,0.12823987435362252
Clspn,-0.010567590777811482,0.010567590777811482,0.6636413273113028
Tekt2,-0.007588820326836343,0.007588820326836343,0.7548119118878337
1700029G01Rik,0.0017994192898542873,0.0017994192898542873,0.9409705634907098
Zc3h12a,0.011378976924053291,0.011378976924053291,0.6395810716807738
Pars2,-0.04304553784227007,0.04304553784227007,0.07635502594789793
Rspo1,-0.00758882032683634,0.00758882032683634,0.7548119118878337
Fhl3,-0.022456683930195454,0.022456683930195454,0.35535224114295333
Pou3f1,-0.007588820326836333,0.007588820326836333,0.7548119118878337
Rragc,-0.07246622716935497,0.07246622716935497,0.002825897605460204
Heyl,-0.01519109004989051,0.01519109004989051,0.5318514804183968
Mycl1,-0.043740230336833795,0.043740230336833795,0.07172388750109553
Rlf,-0.050594612268983395,0.050594612268983395,0.03721370300342094
Zfp69,-0.020027517782491365,0.020027517782491365,0.40979284446245007
Dem1,0.028617040641690464,0.028617040641690464,0.23883879151504947
Cdca8,0.044380072199479155,0.044380072199479155,0.06766429126255694
Gbp2,0.047910453895466616,0.047910453895466616,0.04852388902757707
Naa25,-0.07796517751284797,0.07796517751284797,0.0013120667511686008
Aldh2,0.18925173437544418,0.18925173437544418,3.864638508245115e-15
2810454H06Rik,0.053966214477108934,0.053966214477108934,0.026253196098422766
Gpr19,-0.0033706126854685355,0.0033706126854685355,0.8896805971212337
Crebl2,0.014367616997352985,0.014367616997352985,0.5543268275630823
Mansc1,-0.029195974940237603,0.029195974940237603,0.22946678633513187
Bcl2l14,0.12300898896466779,0.12300898896466779,3.7467569346324116e-07
Klri2,0.1230089889646678,0.1230089889646678,3.7467569346324116e-07
Klrk1,0.08260800861218162,0.08260800861218162,0.0006608675177664352
Klre1,-0.0075888203268363345,0.0075888203268363345,0.7548119118878337
1700101I11Rik,-0.010735379874562967,0.010735379874562967,0.6586362728762253
Clec7a,0.040450749414435404,0.040450749414435404,0.09584948927739534
Clec1a,0.08812106155706442,0.08812106155706442,0.0002796654289003485
Clec12a,-0.01228914320032681,0.01228914320032681,0.6130364780080111
Cd69,0.20223565571182187,0.20223565571182187,4.1186069375161164e-17
BC064078,-0.007588820326836338,0.007588820326836338,0.7548119118878337
BC035044,-0.007588820326836339,0.007588820326836339,0.7548119118878337
Klrb1c,-0.010735379874562993,0.010735379874562993,0.6586362728762185
Gm10069,-0.015126962391618851,0.015126962391618851,0.5335850376235332
1190002F15Rik,-0.013047738974846228,0.013047738974846228,0.5912914684041227
Nrip2,-0.0075888203268363414,0.0075888203268363414,0.7548119118878337
Apold1,-0.02051491614969434,0.02051491614969434,0.3984895441732314
Gsg1,-0.00758882032683634,0.00758882032683634,0.7548119118878337
Rep15,-0.018616215374057294,0.018616215374057294,0.44357883315010455
Sspn,-0.007588820326836333,0.007588820326836333,0.7548119118878337
Bhlhe41,0.0024573685893759236,0.0024573685893759236,0.9194503022041624
Rassf8,0.03947356021373305,0.03947356021373305,0.10415073056437195
Lrmp,-0.010734259163381093,0.010734259163381093,0.6586696527421964
Sox5,-0.00728098249302331,0.00728098249302331,0.7644577884358719
Abcc9,0.002783559281191157,0.002783559281191157,0.9088020570162412
Kcnj8,-0.0036595978356875236,0.0036595978356875236,0.8802905899769539
Ldhb,-0.025901430028937574,0.025901430028937574,0.2863881225501203
Pik3c2g,-0.0345144246070305,0.0345144246070305,0.1553847024899814
Slc15a5,-0.00555407872886305,0.00555407872886305,0.8192077409813528
Ptpro,0.12300898896466782,0.12300898896466782,3.7467569346324116e-07
Rerg,-0.010735379874562967,0.010735379874562967,0.6586362728762253
Arhgdib,-0.009405127620283676,0.009405127620283676,0.6987193006353369
BC049715,-0.007588820326836345,0.007588820326836345,0.7548119118878337
Gucy2c,-0.024061923222628376,0.024061923222628376,0.322006283742029
Gm8994,0.02522631581491625,0.02522631581491625,0.2991385327568968
Gprc5a,0.12300898896466782,0.12300898896466782,3.7467569346324116e-07
Tmtc1,-0.00477438808207741,0.00477438808207741,0.8442364493161165
Foxm1,-0.007588820326836319,0.007588820326836319,0.7548119118878337
Tead4,-0.013151983948382726,0.013151983948382726,0.5883311957445619
Mical3,-0.029134832114805363,0.029134832114805363,0.23044405953637917
3110021A11Rik,-0.015191089249322203,0.015191089249322203,0.531851502042285
Dcp1b,-0.00522659345536234,0.00522659345536234,0.8296994373810334
Zfp248,-0.013151983948382726,0.013151983948382726,0.5883311957445619
Rassf4,-0.00687150329030323,0.00687150329030323,0.7773450844496236
Ift122,0.029251445987637355,0.029251445987637355,0.22858271985904527
Mbd4,-0.01308996735034925,0.01308996735034925,0.5900914736422549
BC060267,0.0014179251415432446,0.0014179251415432446,0.9534692769888349
Cand2,-0.018616215374057294,0.018616215374057294,0.44357883315010455
Il17re,-0.007588820326836345,0.007588820326836345,0.7548119118878337
Srgap3,0.15141542925092405,0.15141542925092405,3.675076449314027e-10
Lmcd1,-0.012593784406492298,0.012593784406492298,0.6042615627586906
0610040F04Rik,-0.02150888483345605,0.02150888483345605,0.37602751448727045
Shq1,-0.006143056370017254,0.006143056370017254,0.8004209060918792
Adamts9,-0.007588820326836342,0.007588820326836342,0.7548119118878337
Prickle2,-0.004364769564115544,0.004364769564115544,0.8574504779937526
Zfyve20,-0.028145481308537026,0.028145481308537026,0.24666952475550005
C3ar1,-0.01842430792545078,0.01842430792545078,0.44829272564133915
Tulp3,-0.007588820326836342,0.007588820326836342,0.7548119118878337
Clec4a1,0.03034448345421464,0.03034448345421464,0.21165462118278502
Clec4b1,0.1230089889646678,0.1230089889646678,3.7467569346324116e-07
Parp11,-0.016216293526845255,0.016216293526845255,0.5045298546285297
Ccnd2,-0.027485769861211207,0.027485769861211207,0.25792360277232884
Ntf3,-0.015191090049890502,0.015191090049890502,0.5318514804183968
Vwf,-0.009676015391041076,0.009676015391041076,0.690484069672023
Plekhg6,-0.01572636242971988,0.01572636242971988,0.5174936026307834
Cd27,-0.012565995470506224,0.012565995470506224,0.6050596594476574
Vamp1,-0.017276200007594406,0.017276200007594406,0.47708053919489507
Cd4,-0.005919123795847276,0.005919123795847276,0.8075508146020386
Gpr162,0.019352765022719355,0.019352765022719355,0.42575157095013677
Leprel2,0.00855057849968146,0.00855057849968146,0.7249273693589062
Cdca3,0.019940385109269404,0.019940385109269404,0.4118334301597578
Gm5077,-0.012956476002515049,0.012956476002515049,0.5938886893362973
C1rb,-0.013151983948382715,0.013151983948382715,0.5883311957445619
Cd163,0.0722219766458947,0.0722219766458947,0.002920568031397022
Clec4e,0.0959887525595291,0.0959887525595291,7.517309463664659e-05
Clec4n,0.055403972329991336,0.055403972329991336,0.02250436015813083
Clec4a2,-0.012329508045650367,0.012329508045650367,0.6118705775955349
Clec4a3,0.08319865989544135,0.08319865989544135,0.0006041334105282868
Caprin2,-0.03251421200347828,0.03251421200347828,0.18077134767695582
Lilrb3,-0.007588820326836341,0.007588820326836341,0.7548119118878337
Lair1,-0.01442565663104321,0.01442565663104321,0.5527276445393497
Numbl,-0.016708813276054245,0.016708813276054245,0.4916721310183222
Itpkc,-0.037308633534017026,0.037308633534017026,0.12457137952239944
BC024978,-0.03665611745341279,0.03665611745341279,0.13130250350413772
Mia1,0.01794043903528587,0.01794043903528587,0.46030349480866295
Axl,-0.01811695908841953,0.01811695908841953,0.45590113917967173
Ceacam2,0.07961792248416953,0.07961792248416953,0.001031980240324831
Lipe,0.11824975223859253,0.11824975223859253,1.0428553885138531e-06
9130221H12Rik,-0.020684213057318414,0.020684213057318414,0.3946076873395473
Zfp526,-0.01966873328014317,0.01966873328014317,0.4182338621805914
Pou2f2,-0.010726544656747833,0.010726544656747833,0.658899444201272
Grik5,-0.009428340295160698,0.009428340295160698,0.6980122083700786
Zfp575,0.04148497647566171,0.04148497647566171,0.08764904725441958
Cadm4,0.031436955282968304,0.031436955282968304,0.19565907923396858
Plaur,-0.007588820326836341,0.007588820326836341,0.7548119118878337
Zfp61,0.0014179251415432437,0.0014179251415432437,0.9534692769888349
Zfp108,0.06976195474323109,0.06976195474323109,0.004048506920850538
Zfp112,0.006078500849236135,0.006078500849236135,0.8024746480929078
Spnb4,-0.007588820326836343,0.007588820326836343,0.7548119118878337
Zfp180,0.010187992073894678,0.010187992073894678,0.675019742818661
C030039L03Rik,0.01656668851804812,0.01656668851804812,0.49536430897532263
Gm4636,-0.012956476002515066,0.012956476002515066,0.5938886893362973
Zfp790,-0.015535929686040575,0.015535929686040575,0.5225786104246855
Dpf1,-0.025243845402679824,0.025243845402679824,0.2988027504959513
Ppp1r14a,0.11731108251276418,0.11731108251276418,1.2703375693078297e-06
Kcnk6,0.027940166897946477,0.027940166897946477,0.2501345402529107
Ggn,-0.0075888203268363414,0.0075888203268363414,0.7548119118878337
Spred3,-0.010643460046747205,0.010643460046747205,0.6613763152723676
Rasgrp4,-0.00758882032683634,0.00758882032683634,0.7548119118878337
Map4k1,-0.014635202805467963,0.014635202805467963,0.5469728453508019
Actn4,-0.08598939914729131,0.08598939914729131,0.0003922895270627166
Capn12,-0.006176363414266183,0.006176363414266183,0.7993618277895156
Rinl,-0.014600287655000982,0.014600287655000982,0.5479296645887222
Nccrp1,-0.007588820326836343,0.007588820326836343,0.7548119118878337
Sycn,0.0959887525595291,0.0959887525595291,7.517309463664659e-05
Gmfg,0.010097493734402833,0.010097493734402833,0.6777435315497453
Plekhg2,-0.006200819695615507,0.006200819695615507,0.7985844155493925
Eid2,-0.022742712152542373,0.022742712152542373,0.34925633373617193
Fcgbp,-0.010735379874562969,0.010735379874562969,0.6586362728762185
1700049G17Rik,-0.019629457984966535,0.019629457984966535,0.41916405140247215
2210010C17Rik,-0.010612847134484064,0.010612847134484064,0.6622898663355674
Bcam,-0.02385448573048585,0.02385448573048585,0.32619678359680454
Clasrp,0.001794451819216383,0.001794451819216383,0.9411332238056389
Vmn2r29,-0.001291398984316839,0.001291398984316839,0.9576172723023822
Zfp418,-0.02821479463294594,0.02821479463294594,0.2455073716194968
Zfp773,-0.013151983948382724,0.013151983948382724,0.5883311957445619
Zfp954,-0.05682177553940619,0.05682177553940619,0.01927189227141073
Peg3,-0.03611588385764876,0.03611588385764876,0.13708572391211238
Zfp78,-0.01849783548208183,0.01849783548208183,0.4464832910269779
Zfp667,-0.03926918838202,0.03926918838202,0.10595701002078078
Ccdc106,-0.010248309119836993,0.010248309119836993,0.6732066968548815
Zfp580,-0.015614236381219617,0.015614236381219617,0.5204845346796175
Zfp579,-0.02310478562078789,0.02310478562078789,0.34163548721390913
Nat14,-0.014933791619170297,0.014933791619170297,0.5388241882351156
Cox6b2,-0.02888833668464298,0.02888833668464298,0.23441387905969588
6030429G01Rik,-0.0075888203268363414,0.0075888203268363414,0.7548119118878337
D630041G03Rik,-0.0075888203268363414,0.0075888203268363414,0.7548119118878337
Eps8l1,0.013312108217609663,0.013312108217609663,0.5837974791552893
Lilra5,-0.010537300411585342,0.010537300411585342,0.6645464801821648
Ttyh1,-0.01122758244081035,0.01122758244081035,0.6440427366168872
2810047C21Rik1,-0.007588820326836342,0.007588820326836342,0.7548119118878337
Zfp551,-0.01831792361253745,0.01831792361253745,0.450918080583937
Zfp446,-0.012856773765268803,0.012856773765268803,0.5967320255983319
Zbtb45,-0.027241795549848215,0.027241795549848215,0.26217433601660173
Zfp296,-0.014933791619170293,0.014933791619170293,0.5388241882351156
Mark4,-0.007588820326836331,0.007588820326836331,0.7548119118878337
Klc3,-0.007588820326836338,0.007588820326836338,0.7548119118878337
Fosb,-0.020636638657567107,0.020636638657567107,0.3956962188825219
Rtn2,-0.02087095858332847,0.02087095858332847,0.39035235850390576
Gpr4,-0.01206095843297482,0.01206095843297482,0.6196457215624438
Six5,0.016842437345017988,0.016842437345017988,0.4882142938996176
Mypop,0.033196920119901566,0.033196920119901566,0.17178160694148756
Lsm3,-0.00795748170522088,0.00795748170522088,0.7433103686673401
Nova2,-0.01218048655600244,0.01218048655600244,0.6161797810004196
Prkd2,0.008075453629170021,0.008075453629170021,0.7396417814542345
Slc1a5,-0.031051595301448503,0.031051595301448503,0.20119712609736728
C5ar1,-0.010613140126417224,0.010613140126417224,0.6622811204821794
Gltscr1,-0.013149466036269281,0.013149466036269281,0.5884026168783816
Sult2a7,0.14916438527014755,0.14916438527014755,6.700584865764268e-10
Sult2a2,-0.032359320700189126,0.032359320700189126,0.1828586498207792
6330408A02Rik,-0.019195372998120346,0.019195372998120346,0.4295255505227497
Mzf1,-0.01295647600251507,0.01295647600251507,0.5938886893362973
Dact3,-0.007588820326836343,0.007588820326836343,0.7548119118878337
Slc41a3,-0.017015571270387622,0.017015571270387622,0.4837536051912277
Gata2,-0.014329219440704758,0.014329219440704758,0.5553860483429759
Rab7,0.05116835680648699,0.05116835680648699,0.035111634754595125
Ptcd1,-0.05476913971134744,0.05476913971134744,0.02409811841583711
Gm15708,-0.016932047332827237,0.016932047332827237,0.48590278523004776
Bhlha15,-0.02282037807432862,0.02282037807432862,0.34761261813973104
Pms2,0.0014204236884604038,0.0014204236884604038,0.9533873776890255
D130017N08Rik,-0.010735379874562969,0.010735379874562969,0.6586362728762185
2810453I06Rik,0.006074719636226467,0.006074719636226467,0.802594984423253
Fbxl18,-0.023601067549714597,0.023601067549714597,0.33136398973009873
C330006K01Rik,-0.0363361177250585,0.0363361177250585,0.13470484567823768
Sdk1,-0.016989176186083692,0.016989176186083692,0.48443222777636336
Gna12,-0.010735379874562967,0.010735379874562967,0.6586362728762253
Lfng,0.05949722630969172,0.05949722630969172,0.01426142513064125
Chst12,-0.019674814750580076,0.019674814750580076,0.41808993835316005
Tmem184a,-0.022593743777613626,0.022593743777613626,0.35242286245749566
Micall2,-0.026313725001386505,0.026313725001386505,0.2787844173633259
C130050O18Rik,-0.0075888203268363414,0.0075888203268363414,0.7548119118878337
Adap1,0.010744436940912117,0.010744436940912117,0.6583665372729037
Get4,-0.024308426572915213,0.024308426572915213,0.31707245210934015
Zkscan5,0.005110702858928787,0.005110702858928787,0.8334196257604753
Zfp157,-0.007894104292197167,0.007894104292197167,0.7452836368570588
Gpr12,-0.024952342833247543,0.024952342833247543,0.3044192213356525
Gtf3a,-0.05535737037731002,0.05535737037731002,0.02261816022107657
Grm8,0.04551767665923042,0.04551767665923042,0.06091361626266355
Tmem229a,-0.010699328349951655,0.010699328349951655,0.659710391290219
Cav1,0.039848183739876045,0.039848183739876045,0.10090326469093323
Cav2,0.049614172756117285,0.049614172756117285,0.04105358058017998
Tes,0.03461775163828851,0.03461775163828851,0.15415076268512282
Tfec,-0.019442446397119624,0.019442446397119624,0.4236098477272818
Phf14,-0.029483923818429538,0.029483923818429538,0.22490398249845733
C1galt1,0.0035885736896500778,0.0035885736896500778,0.8825968746149039
Acn9,0.020320434260001727,0.020320434260001727,0.40297712038137323
Asb4,-0.018097020602855944,0.018097020602855944,0.456397210227482
Col1a2,-0.02076203185024958,0.02076203185024958,0.3928310513387473
Hepacam2,0.09598875255952909,0.09598875255952909,7.517309463664659e-05
Fry,-0.03490136726910499,0.03490136726910499,0.15080204481665294
Alox5ap,-0.010694969688376313,0.010694969688376313,0.6598403007267429
5730422E09Rik,-0.007588820326836346,0.007588820326836346,0.7548119118878337
Mtus2,0.03985776026368246,0.03985776026368246,0.10082131839768803
Flt1,-0.02117399609740518,0.02117399609740518,0.38350668422403017
Rasl11a,-0.00758882032683634,0.00758882032683634,0.7548119118878337
Gpc2,-0.007588820326836344,0.007588820326836344,0.7548119118878337
Mblac1,0.011284856299844458,0.011284856299844458,0.6423533309896884
Ap4m1,-0.021076651183940358,0.021076651183940358,0.38569767419641876
Phkg1,0.0014179251415432426,0.0014179251415432426,0.9534692769888349
Tctn2,-0.015811055368078895,0.015811055368078895,0.5152403478126003
Rilpl1,-0.01313871949865509,0.01313871949865509,0.5887074897766134
Mphosph9,0.00088722339887661,0.00088722339887661,0.9708747768151671
Ccdc62,0.014333333911946198,0.014333333911946198,0.555272500830269
Niacr1,-0.007588820326836339,0.007588820326836339,0.7548119118878337
Kntc1,0.0014179251415432444,0.0014179251415432444,0.9534692769888349
Clip1,-0.04618813802751189,0.04618813802751189,0.057202996703943104
Mlxip,-0.02863728732058407,0.02863728732058407,0.23850654331983354
Rhof,-0.010683726732078349,0.010683726732078349,0.6601754431243614
Tmem120b,-0.00641904936802661,0.00641904936802661,0.7916562833446013
A930024E05Rik,-0.004364769564115517,0.004364769564115517,0.8574504779937526
P2rx7,-0.010463026875248057,0.010463026875248057,0.6667680289045963
Rad9b,0.04115095142276144,0.04115095142276144,0.09023335345147153
Tctn1,-0.015191090049890481,0.015191090049890481,0.5318514804184041
Hvcn1,-0.0035817585392072765,0.0035817585392072765,0.8828182276968211
Acad12,0.008402196335397507,0.008402196335397507,0.7295121072613014
Caln1,-0.01463380894767147,0.01463380894767147,0.5470110269660428
Gatsl2,0.021088622437544863,0.021088622437544863,0.38542782004730775
Ncf1,-0.012611383866154994,0.012611383866154994,0.6037563516085211
Lat2,0.004824557290236635,0.004824557290236635,0.8426209513797014
Pilrb2,-0.014458195446771873,0.014458195446771873,0.5518320832205191
Pilrb1,-0.017914427101437064,0.017914427101437064,0.4609542271133991
Pilra,-0.018990121732079302,0.018990121732079302,0.4344761682365381
Sap25,-0.010683726732078335,0.010683726732078335,0.6601754431243614
Lrch4,-0.007588820326836344,0.007588820326836344,0.7548119118878337
Pcolce,-0.021960404720065337,0.021960404720065337,0.36608712864044923
Cldn15,0.09598875255952909,0.09598875255952909,7.517309463664659e-05
4933404O12Rik,-0.018618608036865072,0.018618608036865072,0.44352024041685406
Impdh1,-0.0433526813982943,0.0433526813982943,0.0742782629194822
Sh2b2,-0.03795274051333038,0.03795274051333038,0.11819377605157219
Rasa4,-0.012966128012315802,0.012966128012315802,0.5936137597105765
Srcrb4d,0.03120512530047817,0.03120512530047817,0.19897719388444396
Hspb1,0.06669758819294369,0.06669758819294369,0.005999481183054605
Styxl1,-0.004364769564115519,0.004364769564115519,0.8574504779937526
Hip1,-0.01761395957039142,0.01761395957039142,0.4685080592960814
Stx1a,-0.01861621537405731,0.01861621537405731,0.44357883315010455
2010001M06Rik,-0.01675024655169421,0.01675024655169421,0.49059854468988073
Limk1,-0.021268130614254508,0.021268130614254508,0.38139520999517235
Orai2,-0.010105640782288464,0.010105640782288464,0.6774981513139392
Adam1a,-0.0169891761860837,0.0169891761860837,0.48443222777636336
Irf5,0.00968575457393183,0.00968575457393183,0.690188663347397
Tsga14,-0.01680716827914569,0.01680716827914569,0.4891256891991131
Pcgf1,-0.01962987291032566,0.01962987291032566,0.4191542180330348
Loxl3,-0.009376135687394647,0.009376135687394647,0.699602804483822
Dok1,-0.019751252236219263,0.019751252236219263,0.41628345836435343
D6Mm5e,-0.007588820326836341,0.007588820326836341,0.7548119118878337
Hk2,-0.012570497403090656,0.012570497403090656,0.6049303321523704
Gm20594,-0.00988294936854918,0.00988294936854918,0.6842176000473057
Dnahc6,-0.007588820326836343,0.007588820326836343,0.7548119118878337
Tmsb10,0.10521921398917122,0.10521921398917122,1.4115610724607704e-05
Gm15401,0.2558040064475338,0.2558040064475338,9.592109005770918e-27
Capg,0.11701743826722599,0.11701743826722599,1.3508060068185754e-06
Vamp5,0.045817967778951044,0.045817967778951044,0.05922774826643387
Reep1,0.03105051394680688,0.03105051394680688,0.20121282545746882
Cd8a,0.15986582904227997,0.15986582904227997,3.556878086693226e-11
Cd8b1,0.13512168281349632,0.13512168281349632,2.321117993634025e-08
Rpia,-0.09004978158668747,0.09004978158668747,0.0002045832128875165
Mad2l1,-0.018669138047640536,0.018669138047640536,0.44228386822536264
A730020E08Rik,-0.007588820326836347,0.007588820326836347,0.7548119118878337
Lbx2,-0.007039818543028631,0.007039818543028631,0.7720401621979983
Snca,0.07878247387651782,0.07878247387651782,0.0011658060508938394
Ccdc142,-0.010735379874562974,0.010735379874562974,0.6586362728762185
Wdr54,-0.011936001170700256,0.011936001170700256,0.6232781403777999
H1fx,-0.01315198394838274,0.01315198394838274,0.5883311957445619
Gp9,-0.007588820326836339,0.007588820326836339,0.7548119118878337
Ccdc48,-0.0197778540095328,0.0197778540095328,0.41565584838202707
Arhgap25,-0.007588820326836343,0.007588820326836343,0.7548119118878337
Mxd1,0.05472752349020659,0.05472752349020659,0.0242059299061178
Asprv1,-0.007588820326836321,0.007588820326836321,0.7548119118878337
Tgfa,-0.04188909103801563,0.04188909103801563,0.08460257169687231
1700019G17Rik,0.04183984565363414,0.04183984565363414,0.08496917194377576
Smyd5,-0.06930114988348199,0.06930114988348199,0.004299279470082997
Rab11fip5,0.0360591351125515,0.0360591351125515,0.13770444088261294
Cyp26b1,-0.016398224827998235,0.016398224827998235,0.49975981943633596
Dysf,-0.016532387803650007,0.016532387803650007,0.4962575985707749
Cd207,-0.00758882032683634,0.00758882032683634,0.7548119118878337
Clec4f,0.04203898702747961,0.04203898702747961,0.08349455498712618
Mob1a,0.0009399870398093015,0.0009399870398093015,0.9691435232847411
Slc4a5,0.0652161417559891,0.0652161417559891,0.007217354799550752
1700003E16Rik,-0.022520163119904464,0.022520163119904464,0.3539935977518195
Ino80b,-0.017730171412635894,0.017730171412635894,0.4655783729816367
Vopp1,-0.014429287678709157,0.014429287678709157,0.5526276724198136
Fkbp9,-0.07233082244380701,0.07233082244380701,0.0028780282569955797
Pde1c,-0.007588820326836342,0.007588820326836342,0.7548119118878337
Rn4.5s,-0.010735379874562976,0.010735379874562976,0.6586362728762185
Fam115a,-0.020113762468687187,0.020113762468687187,0.4077789816791405
Zyx,-0.08860338665724218,0.08860338665724218,0.0002587828438157594
Tmem139,-0.01861621537405731,0.01861621537405731,0.44357883315010455
Agk,-0.011804234292080367,0.011804234292080367,0.627118452109282
Dennd2a,-0.014566936920984406,0.014566936920984406,0.5488443835224953
Rab19,-0.010723079182794013,0.010723079182794013,0.659002680502646
4930599N23Rik,-0.013102127749604404,0.013102127749604404,0.5897461221221244
Tbxas1,0.05021841667741033,0.05021841667741033,0.038649335672914245
Ttc26,0.05016567805838573,0.05016567805838573,0.0388543061827106
Zc3hav1l,-0.013151983948382712,0.013151983948382712,0.5883311957445619
Tmem140,-0.024622819297340108,0.024622819297340108,0.310852055404764
Akr1b10,-0.018872133677336804,0.018872133677336804,0.43733685715823295
Akr1b8,0.013868959292166118,0.013868959292166118,0.5681589187882308
B230378P21Rik,-0.010585061496610374,0.010585061496610374,0.6631194807900458
Plxna4,-0.007588820326836347,0.007588820326836347,0.7548119118878337
Copg2,-0.021189619232113436,0.021189619232113436,0.38315575706412597
Zfp786,-0.007948866435796505,0.007948866435796505,0.7435785081847164
Zfp212,-0.021893762259587612,0.021893762259587612,0.36754389552639494
Zfp783,-0.013151983948382724,0.013151983948382724,0.5883311957445619
Zfp956,-0.026968660462324066,0.026968660462324066,0.26699021443039117
2410066E13Rik,0.03433293653261929,0.03433293653261929,0.15757016221044923
Prr15,-0.010735379874562967,0.010735379874562967,0.6586362728762253
Hoxa3,-0.013151035574749696,0.013151035574749696,0.5883580961025251
Hoxa2,-0.010561918566020314,0.010561918566020314,0.6638107901026763
Hoxa1,-0.0075888203268363414,0.0075888203268363414,0.7548119118878337
4921507P07Rik,0.014057607787909081,0.014057607787909081,0.5629067030486141
5430402O13Rik,-0.025349568236981514,0.025349568236981514,0.2967829429740484
Osbpl3,0.1830443725324035,0.1830443725324035,3.032112039094387e-14
Ahcyl2,-0.00164305383931794,0.00164305383931794,0.9460919105414122
Dfna5,-0.02585485314108961,0.02585485314108961,0.28725582765878943
Gimap3,0.17094839977395773,0.17094839977395773,1.3692788056600289e-12
Gimap5,-0.022442018674498937,0.022442018674498937,0.3556665880555708
Gimap1,-0.018441461778619876,0.018441461778619876,0.4478702159000086
Gimap7,0.08842796581788878,0.08842796581788878,0.00026620274237911505
Gimap6,-0.0017606684766781587,0.0017606684766781587,0.9422395274138268
Zfp775,-0.009310469939155684,0.009310469939155684,0.7016054121712079
Atp6v0e2,0.0014179251415432435,0.0014179251415432435,0.9534692769888349
Zfp777,-0.014213645137525224,0.014213645137525224,0.558580186110694
D330028D13Rik,-0.020805389436618648,0.020805389436618648,0.39184328385889333
Hoxa5,0.0275456689361862,0.0275456689361862,0.2568873313179749
Mbd5,-0.03221001069602698,0.03221001069602698,0.184887583309433
Zeb2,-0.014781075321198465,0.014781075321198465,0.5429842967633328
Fut11,-0.008626657381501748,0.008626657381501748,0.7225804744453195
Usp54,-0.018689357329615037,0.018689357329615037,0.44178969372503113
1810062O18Rik,-0.007948866435796498,0.007948866435796498,0.7435785081847164
Zmynd17,-0.02534445472609589,0.02534445472609589,0.2968804248137289
Nudt13,-0.020401418381063335,0.020401418381063335,0.4011047859442111
Gng2,-0.014136173895083148,0.014136173895083148,0.5607262470291605
Il3ra,-0.02801684692927199,0.02801684692927199,0.24883648690749546
Fam107a,-0.010683726732078345,0.010683726732078345,0.6601754431243614
Nnt,-0.17555010974749877,0.17555010974749877,3.3165821043347034e-13
Itga1,0.013905078909057064,0.013905078909057064,0.5671514917988575
Esm1,0.0519914671476471,0.0519914671476471,0.032273303425114044
Gzma,0.11541846778908078,0.11541846778908078,1.8824281131820058e-06
Ccno,-0.018616215374057294,0.018616215374057294,0.44357883315010455
Ppap2a,-0.04151703445257232,0.04151703445257232,0.08740418866934077
Elovl7,-0.03007121570260332,0.03007121570260332,0.2157993826846513
Ercc8,0.05225474369816133,0.05225474369816133,0.031407938180286726
3830408C21Rik,-0.007588820326836345,0.007588820326836345,0.7548119118878337
6230400D17Rik,0.026906983428339568,0.026906983428339568,0.2680860551575231
Dusp13,-0.010735379874562969,0.010735379874562969,0.6586362728762185
Zfp503,-0.018180899755806616,0.018180899755806616,0.4543123364725224
1700112E06Rik,0.07200551648266014,0.07200551648266014,0.003006874631837565
Mapk8,-0.04974448382551312,0.04974448382551312,0.04052464097144875
Arhgap22,-0.017862703753173864,0.017862703753173864,0.46224969891079637
Wdfy4,-0.0075888203268363215,0.0075888203268363215,0.7548119118878337
E130203B14Rik,-0.010504811294208972,0.010504811294208972,0.6655178808247212
Dnahc1,0.004346823323870076,0.004346823323870076,0.8580303540244587
Stab1,0.0030874486396568323,0.0030874486396568323,0.8988964909845392
Mustn1,-0.004431159500325271,0.004431159500325271,0.8553059674545501
Dcp1a,0.0013522962432090408,0.0013522962432090408,0.9556206848922878
Kif2a,-0.02582700374928318,0.02582700374928318,0.28777549449759005
Cacna1d,-0.013151983948382706,0.013151983948382706,0.5883311957445619
Wnt5a,-0.0240619232226284,0.0240619232226284,0.322006283742029
Il17rd,-0.007588820326836329,0.007588820326836329,0.7548119118878337
Cphx,0.026630526399624505,0.026630526399624505,0.273035888594215
Plac9,-0.012593087830901654,0.012593087830901654,0.604281562600069
4931406H21Rik,-0.007588820326836344,0.007588820326836344,0.7548119118878337
Zmiz1,-0.05669148847080738,0.05669148847080738,0.01955100032830967
Polr3a,-0.006760719235654723,0.006760719235654723,0.7808424368995759
Dlg5,-0.011538837837568735,0.011538837837568735,0.6348839973652771
Il17rb,-0.033050633823107745,0.033050633823107745,0.17367916703503616
Gdf10,-0.007588820326836339,0.007588820326836339,0.7548119118878337
Adamts6,-0.020113762468687187,0.020113762468687187,0.4077789816791405
Trim23,-0.013151983948382722,0.013151983948382722,0.5883311957445619
Zfp72,-0.0043647695641155166,0.0043647695641155166,0.8574504779937526
Lrrc14b,-0.017400705968020555,0.017400705968020555,0.47391058109135537
Cep72,0.009833292080548412,0.009833292080548412,0.6857193849270918
Trip13,-0.037036463845406445,0.037036463845406445,0.12734555234209177
Mtrr,-0.010442259076516424,0.010442259076516424,0.667389725091199
BC048507,-0.007588820326836346,0.007588820326836346,0.7548119118878337
Zfp273,0.023058360854490614,0.023058360854490614,0.34260664002047175
4930525G20Rik,-0.013151983948382708,0.013151983948382708,0.5883311957445619
Zfp493,0.0013510534499351912,0.0013510534499351912,0.9556614285760147
4930441O14Rik,0.0183781304280263,0.0183781304280263,0.44943122841842426
Gm13476,-0.007588820326836339,0.007588820326836339,0.7548119118878337
Zfp459,-0.0169891761860837,0.0169891761860837,0.48443222777636336
Zfp429,-0.04071364170854051,0.04071364170854051,0.09370897835893345
Zfp458,-0.018317923612537455,0.018317923612537455,0.450918080583937
Zfp455,-0.021407289818012404,0.021407289818012404,0.3782869026273818
Rsl1,-0.01698223523831177,0.01698223523831177,0.484610766426619
Rslcan18,0.006682018875749651,0.006682018875749651,0.7833296344967228
Erap1,-0.0676832954997856,0.0676832954997856,0.005295084459181926
Cast,0.0665933916385274,0.0665933916385274,0.00607866624874033
Ttc37,-0.007897983870810903,0.007897983870810903,0.7451627972738101
Mctp1,0.1230089889646678,0.1230089889646678,3.7467569346324116e-07
Erbb2ip,-0.0630794033503811,0.0630794033503811,0.009364800384496446
Cenph,0.12300898896466783,0.12300898896466783,3.746756934632096e-07
Naip5,0.10780906667101409,0.10780906667101409,8.605059888790577e-06
Naip2,0.021181258434427537,0.021181258434427537,0.38334353301541546
Mtap1b,-0.010734663941215115,0.010734663941215115,0.6586575965425859
Tmem171,0.06279561937217784,0.06279561937217784,0.009689194757383465
Hexb,0.002184800433666279,0.002184800433666279,0.9283592438433776
F2rl1,-0.013151983948382712,0.013151983948382712,0.5883311957445619
Cenpk,0.023314615459827694,0.023314615459827694,0.33726807064682274
Lhfpl2,-0.01825358639429098,0.01825358639429098,0.4525100064929135
Msh3,-0.038364309720965405,0.038364309720965405,0.11425453159404242
Rasgrf2,-0.010598075329164172,0.010598075329164172,0.6627308665781476
Mef2c,-0.025538854824701588,0.025538854824701588,0.29318951104683155
A830082K12Rik,0.0014179251415432446,0.0014179251415432446,0.9534692769888349
Nr2f1,-0.0131281116533434,0.0131281116533434,0.5890084995087176
Pou5f2,-0.028557257469289856,0.028557257469289856,0.23982173756983866
2210408I21Rik,-0.027106275756630292,0.027106275756630292,0.26455625562225454
Ankrd32,0.03769209756408996,0.03769209756408996,0.12074299903954712
Zfyve16,-0.03138701858045968,0.03138701858045968,0.19637036206135514
Zfp712,0.06373372870356153,0.06373372870356153,0.008653454760798636
Gdf2,-0.007588820326836338,0.007588820326836338,0.7548119118878337
Ear2,-0.016719732819420248,0.016719732819420248,0.49138907021787553
Bnip3l,0.016378140144271445,0.016378140144271445,0.5002852403267362
Dpysl2,0.014059022734862732,0.014059022734862732,0.5628673977130926
Adra1a,0.029516148910187376,0.029516148910187376,0.22439740537440078
Trim35,-0.015001477867538674,0.015001477867538674,0.5369854825914756
Scara3,-0.007588820326836341,0.007588820326836341,0.7548119118878337
Esco2,0.030354660303368485,0.030354660303368485,0.21150138296227547
Scara5,0.130204380514172,0.130204380514172,7.402676099944441e-08
Fzd3,-0.015191090049890507,0.015191090049890507,0.5318514804183968
Hmbox1,0.043605607064374274,0.043605607064374274,0.07260292839489771
Kif13b,0.015210826668406499,0.015210826668406499,0.5313185165515619
Sox7,0.038228879942034694,0.038228879942034694,0.11553920672283034
Pinx1,-0.010693881059511356,0.010693881059511356,0.6598727487917968
Xkr6,-0.007588820326836343,0.007588820326836343,0.7548119118878337
Mtmr9,0.008974594997365384,0.008974594997365384,0.7118807348366806
Fam167a,-0.007588820326836329,0.007588820326836329,0.7548119118878337
Blk,0.1230089889646678,0.1230089889646678,3.7467569346324116e-07
Neil2,-0.010952725221790045,0.010952725221790045,0.6521756568216512
Cdca2,-0.014505440163634269,0.014505440163634269,0.550533042409435
Gnrh1,-0.021508884833456046,0.021508884833456046,0.37602751448727045
Adamdec1,-0.00758882032683634,0.00758882032683634,0.7548119118878337
Adam28,-0.01315198394838271,0.01315198394838271,0.5883311957445619
Dgkh,-0.02149232648239379,0.02149232648239379,0.37639518956822937
Epsti1,-0.010388171364542873,0.010388171364542873,0.6690099424454716
Gm4285,0.03723353953009085,0.03723353953009085,0.12533205130597289
Lrrc63,0.09598875255952909,0.09598875255952909,7.517309463664659e-05
5031414D18Rik,-0.007588820326836342,0.007588820326836342,0.7548119118878337
Nudt15,-0.01519109004989045,0.01519109004989045,0.5318514804184041
Gfra2,-0.007588820326836329,0.007588820326836329,0.7548119118878337
Dok2,0.08346868713526752,0.08346868713526752,0.000579734919093423
Wdfy2,-0.02386300980785021,0.02386300980785021,0.3260238918309246
Npm2,-0.0075888203268363414,0.0075888203268363414,0.7548119118878337
Reep4,-0.03429399310439604,0.03429399310439604,0.15804213255152644
Lgi3,-0.018616215374057256,0.018616215374057256,0.44357883315010455
Ppp3cc,0.05868840128515617,0.05868840128515617,0.015638788956406784
Sorbs3,0.05402558378896047,0.05402558378896047,0.026088335639225215
Pdlim2,-0.010731905126999147,0.010731905126999147,0.658739768843399
9930012K11Rik,0.04668386744635881,0.04668386744635881,0.05458186911026631
Tnfrsf10b,-0.016989176186083692,0.016989176186083692,0.48443222777636336
1700092C10Rik,-0.004891075635377791,0.004891075635377791,0.8404800161913472
Hr,0.1663555702358418,0.1663555702358418,5.425261317767966e-12
Sftpa1,-0.029843797303813716,0.029843797303813716,0.21929299989621429
Arl11,-0.00758882032683634,0.00758882032683634,0.7548119118878337
C1qtnf9,-0.019889596496285286,0.019889596496285286,0.41302563677110443
Slc22a17,-0.007588820326836334,0.007588820326836334,0.7548119118878337
Ppp1r3e,0.04176579450909153,0.04176579450909153,0.08552285036555968
Slc7a8,-0.010162793586033095,0.010162793586033095,0.6757777332399291
Cdh24,-0.007588820326836343,0.007588820326836343,0.7548119118878337
Jub,-0.05249106341730588,0.05249106341730588,0.030648191145301935
Rem2,-0.015191090049890506,0.015191090049890506,0.5318514804183968
Mettl3,-0.05387744350313166,0.05387744350313166,0.02650137878698701
Tox4,0.0495177393005182,0.0495177393005182,0.04144876150032258
Rpgrip1,-0.01766950954225183,0.01766950954225183,0.4671063808687237
Arhgef40,-0.0487416061579891,0.0487416061579891,0.044748046467193325
Slc39a2,-0.021206148430075716,0.021206148430075716,0.3827846919268855
Rnase6,0.06790687532482796,0.06790687532482796,0.005146083691211235
Pnp2,0.0742344364574963,0.0742344364574963,0.002219817248090443
Mudeng,0.017523710548941522,0.017523710548941522,0.47079024170597156
Lgals3,0.025156917409022664,0.025156917409022664,0.30047033989774047
Wdhd1,-0.03622706740386786,0.03622706740386786,0.13587973169092424
Cdkn3,-0.010653450847570651,0.010653450847570651,0.6610782785500844
Tssk4,-0.007588820326836342,0.007588820326836342,0.7548119118878337
Ltb4r2,-0.016849162250166718,0.016849162250166718,0.48804061815012
Ltb4r1,-0.020843307197931364,0.020843307197931364,0.3909806811713407
Adcy4,0.013617342970358402,0.013617342970358402,0.5752004765208797
Fam123a,-0.024061923222628397,0.024061923222628397,0.322006283742029
Mtmr6,-0.06057127704073265,0.06057127704073265,0.01259820856440987
Setdb2,-0.03993860126772587,0.03993860126772587,0.10013167170982172
Gm6907,-0.05110717306729161,0.05110717306729161,0.03533086434097646
D14Ertd668e,-0.019731348556938276,0.019731348556938276,0.4167534068633981
Gm4902,-0.00977599684802778,0.00977599684802778,0.6874537062533542
Phf11,-0.007588820326836346,0.007588820326836346,0.7548119118878337
Fgf9,-0.01041076139084795,0.01041076139084795,0.6683330620744371
Sacs,-0.00758882032683634,0.00758882032683634,0.7548119118878337
Xpo4,-0.011841728389249857,0.011841728389249857,0.6260246622799415
Pspc1,0.014710929216388394,0.014710929216388394,0.544900473015351
Gm16973,0.032020509803959415,0.032020509803959415,0.18748656360376226
Mphosph8,-0.02813821209074372,0.02813821209074372,0.246791628017797
Gzmb,0.17394726635819785,0.17394726635819785,5.458688986399829e-13
Gm5801,-0.016989176186083654,0.016989176186083654,0.48443222777636336
Cbln3,-0.01831792361253745,0.01831792361253745,0.450918080583937
Nynrin,-0.00758882032683634,0.00758882032683634,0.7548119118878337
Ripk3,-0.010421202681560488,0.010421202681560488,0.6680202935378843
Il17d,-0.007588820326836342,0.007588820326836342,0.7548119118878337
Zfp369,-0.010735379874562974,0.010735379874562974,0.6586362728762185
Ptch1,-0.017072798554353896,0.017072798554353896,0.4822840524536594
6720489N17Rik,-0.010733985568832871,0.010733985568832871,0.658677801732897
Serpina3h,-0.018616215374057308,0.018616215374057308,0.44357883315010455
Serpina3g,0.02048500076265372,0.02048500076265372,0.399177863705375
Serpina3c,-0.015191090049890487,0.015191090049890487,0.5318514804184041
Serpina3b,-0.0075888203268363414,0.0075888203268363414,0.7548119118878337
Ppp4r4,0.0003110079726807678,0.0003110079726807678,0.9897884340214922
Ifi27l2a,-0.03258346370459814,0.03258346370459814,0.1798438569772531
Fbln5,-0.010708659687277298,0.010708659687277298,0.6594323062617294
Rps6ka5,-0.024261403773093132,0.024261403773093132,0.31800978256836593
Gm10433,-0.013151983948382738,0.013151983948382738,0.5883311957445619
Kcnk13,-0.0075888203268363414,0.0075888203268363414,0.7548119118878337
Tdp1,0.004985191231114851,0.004985191231114851,0.8374528625135405
2610021K21Rik,-0.013144191804434295,0.013144191804434295,0.5885522346007273
Kcnk10,-0.016703491435307874,0.016703491435307874,0.4918101176049105
Gpr65,-0.00964628983764566,0.00964628983764566,0.6913859884677626
Galc,-0.008866496944001111,0.008866496944001111,0.7151990050811728
4930534B04Rik,-0.00225462172978851,0.00225462172978851,0.9260762216258039
4933437F05Rik,-0.0043647695641155166,0.0043647695641155166,0.8574504779937526
4831426I19Rik,-0.03314051355101316,0.03314051355101316,0.17251144298201604
Snhg10,0.0010432374382605414,0.0010432374382605414,0.9657561519637688
Ak7,-0.01519109004989047,0.01519109004989047,0.5318514804184041
Eml1,-0.01487550888680641,0.01487550888680641,0.5404099689446668
Pfkp,-0.036255123829067704,0.036255123829067704,0.13557670478261258
Akr1c21,0.0014179251415432444,0.0014179251415432444,0.9534692769888349
Akr1c18,-0.016703491435307877,0.016703491435307877,0.4918101176049105
Cdca7l,-0.016621456946581965,0.016621456946581965,0.4939397616022756
Rapgef5,-0.010723069480323127,0.010723069480323127,0.6590029695478955
D430020J02Rik,-0.013117503781473397,0.013117503781473397,0.5893095809420912
Zfp386,0.004180960053260142,0.004180960053260142,0.863393284472548
4930427A07Rik,-0.0075888203268363414,0.0075888203268363414,0.7548119118878337
Angel1,-0.014414850294561805,0.014414850294561805,0.5530252233207529
Crip1,0.07091217990873863,0.07091217990873863,0.0034793900577744746
Gpr132,0.10734512026945497,0.10734512026945497,9.410661370241557e-06
BC022687,-0.02280100468193276,0.02280100468193276,0.3480221742245749
Kif26a,-0.01693255715427586,0.01693255715427586,0.4858896512220791
Ckb,0.007734161693678684,0.007734161693678684,0.7502708845480718
1200009I06Rik,-0.02473962674746833,0.02473962674746833,0.30856160638842
Stk30,-0.0075888203268363414,0.0075888203268363414,0.7548119118878337
Meg3,-0.010683726732078342,0.010683726732078342,0.6601754431243614
Evl,0.06279702242194346,0.06279702242194346,0.009687566613787132
Jag2,-0.007588820326836343,0.007588820326836343,0.7548119118878337
Mtr,-0.021010514203190382,0.021010514203190382,0.387190601078725
Esrrb,-0.0075888203268363414,0.0075888203268363414,0.7548119118878337
Batf,-0.01073336412914482,0.01073336412914482,0.6586963114124169
F730035M05Rik,-0.010735379874562965,0.010735379874562965,0.6586362728762253
Nin,-0.020152415927803025,0.020152415927803025,0.4068783170209756
Atl1,-0.02511008418855072,0.02511008418855072,0.3013713322605307
Pole2,-0.013125205574373126,0.013125205574373126,0.5890909752025166
9330151L19Rik,0.0548098676918673,0.0548098676918673,0.02399301101628384
Gm17821,-0.007588820326836345,0.007588820326836345,0.7548119118878337
Fancm,-0.002770101456191304,0.002770101456191304,0.9092410670913963
Mipol1,0.0026871266000641075,0.0026871266000641075,0.9119484111286039
Mbip,0.0007376100970118617,0.0007376100970118617,0.9757845303788074
Heatr5a,-0.04924357615726201,0.04924357615726201,0.04258989523848261
Pnpla8,-0.04298798297082556,0.04298798297082556,0.07674940023560975
Immp2l,0.092994401167872,0.092994401167872,0.00012544510816139443
Twist1,-0.01843982367663492,0.01843982367663492,0.4479105535729536
Pik3cg,-0.007588820326836341,0.007588820326836341,0.7548119118878337
Prkar2b,0.12300898896466782,0.12300898896466782,3.7467569346324116e-07
Dus4l,-0.014801851131389812,0.014801851131389812,0.5424174097877899
Slc26a4,-0.02282037807432861,0.02282037807432861,0.34761261813973104
3110056K07Rik,0.04057245005987056,0.04057245005987056,0.09485377129138155
Slc38a6,-0.01020598562277912,0.01020598562277912,0.6744786840886553
Prkch,-0.022429905321247577,0.022429905321247577,0.3559263675472996
Gm10451,-0.007588820326836342,0.007588820326836342,0.7548119118878337
Jdp2,-0.01465161914150869,0.01465161914150869,0.5465232557647253
Mlh3,0.004822072482396635,0.004822072482396635,0.842700949124993
Rps6kl1,-0.021508884833456046,0.021508884833456046,0.37602751448727045
Prox2,-0.021840326187765734,0.021840326187765734,0.3687145806479727
Lin52,-0.0241309690992945,0.0241309690992945,0.3206192910644611
2900006K08Rik,-0.008745039949781647,0.008745039949781647,0.7189337755556646
Fam161b,0.0014179251415432435,0.0014179251415432435,0.9534692769888349
Dnalc1,0.06252663869558268,0.06252663869558268,0.010005866674063089
Ttll5,-0.011042072147442508,0.011042072147442508,0.64952731866189
Dpf3,-0.021206148430075705,0.021206148430075705,0.3827846919268855
Gm4787,-0.006176363414266193,0.006176363414266193,0.7993618277895156
Gm20337,-0.03937269940986679,0.03937269940986679,0.10503908055263028
Zfyve26,-0.04095910994148626,0.04095910994148626,0.0917450835053026
Pigh,-0.02608795309104156,0.02608795309104156,0.28293102547788357
Plekhh1,0.08163846962692504,0.08163846962692504,0.0007648333152125696
Tmem229b,0.09636929541867197,0.09636929541867197,7.036176787436267e-05
Plek2,-0.022489315756850883,0.022489315756850883,0.3546534129402233
Spnb1,-0.010735379874562967,0.010735379874562967,0.6586362728762253
Map3k9,-0.004364769564115517,0.004364769564115517,0.8574504779937526
Lgals8,0.01151883861925361,0.01151883861925361,0.6354708216090835
Edaradd,0.0014179251415432444,0.0014179251415432444,0.9534692769888349
Gpr137b-ps,-0.012429087562674052,0.012429087562674052,0.6089985197553882
9430083A17Rik,-0.01519109004989049,0.01519109004989049,0.5318514804184041
Fbxw17,0.06684024686042807,0.06684024686042807,0.0058925725513909784
Ecm2,-0.007588820326836339,0.007588820326836339,0.7548119118878337
Cenpp,0.03317631710082163,0.03317631710082163,0.17204791817826484
Wnk2,-0.00758882032683634,0.00758882032683634,0.7548119118878337
Zfp169,-0.021508884833456043,0.021508884833456043,0.37602751448727045
Id4,0.07299970197389237,0.07299970197389237,0.0026287865675651344
Kif13a,-0.03359552622255138,0.03359552622255138,0.1666897810296282
C78339,-0.0018083747290335937,0.0018083747290335937,0.940677322973295
Gmpr,-0.017954700928382625,0.017954700928382625,0.4599469276004057
Mylip,0.029124815168916775,0.029124815168916775,0.2306044462830403
Cd83,-0.00891507482010096,0.00891507482010096,0.7137071473188176
Phactr1,0.06252663869558267,0.06252663869558267,0.010005866674063089
Nedd9,-0.015337482790857573,0.015337482790857573,0.5279047709753608
Cage1,0.029386875924955806,0.029386875924955806,0.22643450062117904
Ly86,-0.013753274635310746,0.013753274635310746,0.5713912699525031
Ppp1r3g,-0.1168728562953062,0.1168728562953062,1.3922041916923256e-06
S1pr3,-0.007588820326836343,0.007588820326836343,0.7548119118878337
Secisbp2,0.01211414636495738,0.01211414636495738,0.6181023892400257
Syk,-0.00758882032683634,0.00758882032683634,0.7548119118878337
Cplx2,-0.015027086053293262,0.015027086053293262,0.536290655597483
Gm3604,-0.015191090049890511,0.015191090049890511,0.5318514804183968
Ctla2a,-0.040475857586024594,0.040475857586024594,0.09564338024837278
Ctla2b,-0.02197936859186024,0.02197936859186024,0.36567324772999144
4930486L24Rik,-0.0075888203268363414,0.0075888203268363414,0.7548119118878337
Etohd2,0.033707293194160215,0.033707293194160215,0.16528261373108669
Golm1,-0.02682559071128746,0.02682559071128746,0.2695369123625073
Ntrk2,0.09941210910146211,0.09941210910146211,4.11039043721985e-05
Tgfbi,-0.01839514493433991,0.01839514493433991,0.449011546524481
Eci3,-0.02524384540267983,0.02524384540267983,0.2988027504959513
Cxcl14,0.06737269018784457,0.06737269018784457,0.005508543766585417
Catsper3,-0.007948866435796497,0.007948866435796497,0.7435785081847164
Dok3,-0.0003124339902081212,0.0003124339902081212,0.9897416150538364
Prr7,-0.010476442191252489,0.010476442191252489,0.666366555065643
Slc34a1,-0.013151983948382726,0.013151983948382726,0.5883311957445619
Hk3,-0.012891174064623374,0.012891174064623374,0.5957502888219267
Unc5a,-0.0075888203268363414,0.0075888203268363414,0.7548119118878337
Cdhr2,-0.021508884833456046,0.021508884833456046,0.37602751448727045
Arl10,-0.02255722667480245,0.02255722667480245,0.35320184587630515
Tifab,0.030997488921143606,0.030997488921143606,0.20198375084214504
Tubb2b,-0.013149280601443283,0.013149280601443283,0.5884078769364391
4930447K03Rik,-0.0075888203268363414,0.0075888203268363414,0.7548119118878337
1110046J04Rik,-0.00758882032683634,0.00758882032683634,0.7548119118878337
Hist1h4f,-0.007588820326836341,0.007588820326836341,0.7548119118878337
Hist1h3f,0.0014179251415432446,0.0014179251415432446,0.9534692769888349
C230035I16Rik,0.0014179251415432446,0.0014179251415432446,0.9534692769888349
Prss16,-0.00758882032683634,0.00758882032683634,0.7548119118878337
Zfp184,-0.015191090049890485,0.015191090049890485,0.5318514804184041
Hist1h2ao,-0.03219940295013016,0.03219940295013016,0.1850323597945587
Hist1h3i,-0.014987803597000436,0.014987803597000436,0.5373566917258112
Hist1h1b,-0.007588820326836321,0.007588820326836321,0.7548119118878337
Hist1h3e,0.03746319744295659,0.03746319744295659,0.12301703690116582
Hist1h4j,-0.007588820326836336,0.007588820326836336,0.7548119118878337
Zkscan4,-0.007948866435796497,0.007948866435796497,0.7435785081847164
Pgbd1,-0.021508884833456064,0.021508884833456064,0.37602751448727045
Gpx6,0.30313645244369003,0.30313645244369003,2.217523088118635e-37
Trim27,-0.033427314896078066,0.033427314896078066,0.16882452727703684
Elmo1,-0.00465617101779439,0.00465617101779439,0.8480457330867409
Epdr1,-0.016635999100403247,0.016635999100403247,0.4935618830353048
Nid1,-0.036381904652746835,0.036381904652746835,0.13421389150501142
Gpr137b,0.033900247104255404,0.033900247104255404,0.16287433827691572
Zfp192,-0.014052645000606184,0.014052645000606184,0.5630445731060365
1190002H23Rik,-0.010682661857020014,0.010682661857020014,0.6602071896232913
Hist1h2ae,0.04057635396828553,0.04057635396828553,0.09482196828367523
Hist1h4d,0.13772636944167022,0.13772636944167022,1.2344749051653166e-08
Serpinb6a,-0.0347533230171404,0.0347533230171404,0.1525430613365788
Serpinb1c,0.001417925141543244,0.001417925141543244,0.9534692769888349
Foxc1,0.0014179251415432448,0.0014179251415432448,0.9534692769888349
Irf4,0.1230089889646678,0.1230089889646678,3.7467569346324116e-07
Mboat1,-0.007588820326836346,0.007588820326836346,0.7548119118878337
2610307P16Rik,0.0014179251415432444,0.0014179251415432444,0.9534692769888349
Dcdc2a,-0.004064718024651876,0.004064718024651876,0.8671555563947307
Mrs2,-0.06602921001910374,0.06602921001910374,0.006523981503257798
Hist1h2bg,0.0014179251415432437,0.0014179251415432437,0.9534692769888349
Fam65b,0.028941647696787077,0.028941647696787077,0.23355122720012472
Hist1h3a,0.027789730304383822,0.027789730304383822,0.25269486864912605
Hist1h4a,-0.007588820326836341,0.007588820326836341,0.7548119118878337
Hist1h4b,0.03636202913285233,0.03636202913285233,0.1344268383553566
Hist1h2ab,-0.004015291584381627,0.004015291584381627,0.8687562016761632
Hist1h2bb,-0.010657352858303442,0.010657352858303442,0.6609618917946384
Hist1h4c,0.06508082940083215,0.06508082940083215,0.0073389549395383715
Hist1h2ac,-0.009251962789402147,0.009251962789402147,0.7033914507434132
Hist1h2be,-0.0037733382779404807,0.0037733382779404807,0.8765993489657141
Hist1h1a,0.0014179251415432452,0.0014179251415432452,0.9534692769888349
Mtrf1,-0.006892206826804036,0.006892206826804036,0.7766919898031164
Gm5465,-0.007588820326836345,0.007588820326836345,0.7548119118878337
Lect1,0.11380854119117545,0.11380854119117545,2.6177064520361463e-06
Gm10785,-0.0079488664357965,0.0079488664357965,0.7435785081847164
Donson,0.026311083095009638,0.026311083095009638,0.2788326994721983
Tmem50b,-0.02042889352556224,0.02042889352556224,0.4004707544919813
4931408A02Rik,-0.021487016676220407,0.021487016676220407,0.3765131397368579
Hunk,-0.014075966024549094,0.014075966024549094,0.5623968385812153
Tiam1,-0.016786600140430544,0.016786600140430544,0.489657617148424
B130034C11Rik,-0.018548659728904533,0.018548659728904533,0.44523499214835405
Cyyr1,-0.007680469699938931,0.007680469699938931,0.7519474331081958
Jam2,0.0011791461165282409,0.0011791461165282409,0.9612983000919648
Ncam2,0.036739552133156515,0.036739552133156515,0.13042643235287404
Btg3,0.13773842391661784,0.13773842391661784,1.2308389606001533e-08
2810055G20Rik,-0.023765662531594768,0.023765662531594768,0.32800190447512323
Cldn25,-0.02858423807059423,0.02858423807059423,0.23937777430603005
St3gal6,0.0014084785223690017,0.0014084785223690017,0.9537789299949736
Filip1l,0.040641361803993935,0.040641361803993935,0.09429363852466403
Abi3bp,-0.012387264374357117,0.012387264374357117,0.6102040481616257
Rpl24,-0.03297392492301422,0.03297392492301422,0.17468043313635254
Runx1,-0.007588820326836342,0.007588820326836342,0.7548119118878337
Ripply3,0.00824134076401917,0.00824134076401917,0.734493183238141
Kcnj15,0.06252663869558267,0.06252663869558267,0.010005866674063089
Wrb,-0.050707919908720436,0.050707919908720436,0.036790289301878276
4732491K20Rik,0.06159361923933638,0.06159361923933638,0.011176881827901317
Agpat4,-0.011947874252407648,0.011947874252407648,0.6229326025116833
B930003M22Rik,-0.011235375778985125,0.011235375778985125,0.643812748431722
1700010I14Rik,0.045517676659230365,0.045517676659230365,0.06091361626266355
Pde10a,-0.007588820326836342,0.007588820326836342,0.7548119118878337
Prr18,-0.007588820326836345,0.007588820326836345,0.7548119118878337
Rps6ka2,-0.02760456666265046,0.02760456666265046,0.2558712025476707
Mir692-1,0.00641117422395959,0.00641117422395959,0.7919060132031221
5330426P16Rik,-0.013025731008768108,0.013025731008768108,0.5919173079857463
Ezr,0.008257758071428303,0.008257758071428303,0.733984286791089
Tmem181b-ps,-0.019870561164119005,0.019870561164119005,0.41347299590969167
Dynlt1b,-0.01592803883749468,0.01592803883749468,0.5121363956198983
Synj2,-0.009525443813336951,0.009525443813336951,0.6950571368821583
A630089N07Rik,-0.0008919640962953136,0.0008919640962953136,0.9707192217543061
Zfp295,-0.002301241740748748,0.002301241740748748,0.9245521742236228
Mx2,0.009495299754646573,0.009495299754646573,0.6959739934346352
Mx1,-0.007588820326836335,0.007588820326836335,0.7548119118878337
Bace2,0.0386474526449433,0.0386474526449433,0.1116049742546022
Dynlt1f,-0.014225515248521092,0.014225515248521092,0.5582517202011639
Slc22a3,0.04159187819855707,0.04159187819855707,0.08683467899811521
Ift57,-0.01971725657146661,0.01971725657146661,0.4170863236225857
Tmprss7,-0.00436476956411552,0.00436476956411552,0.8574504779937526
Ccdc14,-0.021050030553865007,0.021050030553865007,0.38629816550371404
Heg1,-0.02693324277206047,0.02693324277206047,0.26761911795013643
Slc12a8,-0.007588820326836343,0.007588820326836343,0.7548119118878337
Lmln,-0.0151910900498905,0.0151910900498905,0.5318514804183968
Gm10818,-0.010735379874562974,0.010735379874562974,0.6586362728762185
Tctex1d2,-0.01155060132377897,0.01155060132377897,0.6345389359272109
2310010M20Rik,-0.01073537987456297,0.01073537987456297,0.6586362728762185
Wdr53,0.006778199412794612,0.006778199412794612,0.7802903071010868
Lrrc33,-0.02444618165190841,0.02444618165190841,0.3143369373918079
AI480653,0.054806282604774346,0.054806282604774346,0.02400224714207459
Fam43a,-0.007538408150490214,0.007538408150490214,0.7563889724833806
Tmem44,-0.023776752489690633,0.023776752489690633,0.3277761742862111
Gp5,-0.010735379874562967,0.010735379874562967,0.6586362728762253
Cpn2,-0.10933942725062729,0.10933942725062729,6.388990440185904e-06
4632428C04Rik,-0.04074926923311725,0.04074926923311725,0.09342186401333516
Ccdc50,-0.03971219150490203,0.03971219150490203,0.1020726816985339
A230028O05Rik,-0.007588820326836333,0.007588820326836333,0.7548119118878337
1700119H24Rik,0.00901721442762922,0.00901721442762922,0.7105739452228068
Sema5b,0.08234160476694491,0.08234160476694491,0.0006880431193665933
Hspbap1,0.03049267102385919,0.03049267102385919,0.20943118939993324
Wdr5b,-0.028455789402545208,0.028455789402545208,0.24149657573620112
BC016579,-0.013151983948382712,0.013151983948382712,0.5883311957445619
Gm609,-0.00758882032683634,0.00758882032683634,0.7548119118878337
Cd200,-0.015144809971343279,0.015144809971343279,0.5331022792417149
Btla,-0.010735379874562974,0.010735379874562974,0.6586362728762185
Ccdc80,-0.021931900760401746,0.021931900760401746,0.3667097682091777
Cd200r4,-0.007588820326836339,0.007588820326836339,0.7548119118878337
Cd200r1,-0.007588820326836341,0.007588820326836341,0.7548119118878337
Spice1,0.0025687497956600348,0.0025687497956600348,0.9158126278348344
C330027C09Rik,0.0232985322527435,0.0232985322527435,0.3376015535819371
B4galt4,-0.019239266655404604,0.019239266655404604,0.42847111091783896
Nr1i2,-0.08207574229539455,0.08207574229539455,0.0007161950554804559
BC031361,-0.016542075342161865,0.016542075342161865,0.4960052201513503
Fstl1,-0.013151983948382708,0.013151983948382708,0.5883311957445619
Hcls1,0.04886814847533648,0.04886814847533648,0.04419548729875756
Eaf2,0.05467304137619795,0.05467304137619795,0.024347703226137885
Slc15a2,-0.049499011202687675,0.049499011202687675,0.04152588064520027
Ildr1,0.07009356291030977,0.07009356291030977,0.0038763338271801382
Cd86,-0.00758882032683634,0.00758882032683634,0.7548119118878337
Arhgap31,-0.0015484675835866699,0.0015484675835866699,0.9491909337696669
Pnldc1,0.011352409979508767,0.011352409979508767,0.6403630759815565
Mrpl18,0.04560202249783114,0.04560202249783114,0.060436125603314725
Unc93a,-0.018616215374057297,0.018616215374057297,0.44357883315010455
AA388235,-0.007532434361622606,0.007532434361622606,0.756575919820815
Kifc1,-0.007588820326836347,0.007588820326836347,0.7548119118878337
Pram1,-0.00758882032683634,0.00758882032683634,0.7548119118878337
Adamts10,-0.013951232169825216,0.013951232169825216,0.5658654581339334
Zfp763,0.011387101427128982,0.011387101427128982,0.639342004831678
Cyp4f41-ps,-0.013151983948382712,0.013151983948382712,0.5883311957445619
Zfp870,0.026725289851974112,0.026725289851974112,0.2713322062724999
Zfp799,-0.008516191523101457,0.008516191523101457,0.7259889943331437
Cyp4f17,-0.020113762468687214,0.020113762468687214,0.4077789816791405
Cyp4f39,-0.043378078000592096,0.043378078000592096,0.07410862739197026
Rasal3,0.12300898896466782,0.12300898896466782,3.7467569346324116e-07
Ephx3,-0.015191090049890492,0.015191090049890492,0.5318514804184041
Pdxk-ps,-0.010735379874562974,0.010735379874562974,0.6586362728762185
Rrp1b,-0.029656677614262737,0.029656677614262737,0.22219782456185858
Wdr4,-0.06154101761474705,0.06154101761474705,0.011246383275953693
Pde9a,-0.014900711426552254,0.014900711426552254,0.5397239617349048
Slc37a1,0.005263763482353377,0.005263763482353377,0.8285070506453731
H2-DMa,-0.012504070068928723,0.012504070068928723,0.6068398493798584
H2-DMb2,0.1230089889646678,0.1230089889646678,3.7467569346324116e-07
H2-DMb1,0.023962139401625428,0.023962139401625428,0.3240176423090936
H2-Ab1,0.29414515498712035,0.29414515498712035,3.370791136168455e-35
Lst1,-0.02648803853148611,0.02648803853148611,0.27561130622057434
Aif1,0.021071751241413594,0.021071751241413594,0.38580816119412337
Ly6g5b,-0.016801660833980044,0.016801660833980044,0.489268090846393
Ly6g6d,-0.007588820326836341,0.007588820326836341,0.7548119118878337
Ddah2,-0.030460447392295142,0.030460447392295142,0.2099132345100516
Clic1,0.003819547785228119,0.003819547785228119,0.875100463703823
Ng23,-0.015191090049890426,0.015191090049890426,0.5318514804184041
Hspa1l,-0.013144209374986157,0.013144209374986157,0.5885517361357915
Dnahc8,-0.01850023338969927,0.01850023338969927,0.44642435110165024
Hspa1a,0.01603183417960533,0.01603183417960533,0.5093905485297995
Slc44a4,-0.013151983948382726,0.013151983948382726,0.5883311957445619
Zbtb12,-0.004476273142710683,0.004476273142710683,0.8538493263010714
Tnxb,-0.007588820326836338,0.007588820326836338,0.7548119118878337
Egfl8,-0.017331709605368957,0.017331709605368957,0.47566581795415663
Ager,-0.00752927395995199,0.00752927395995199,0.7566748290873069
Gpsm3,0.042966221736862875,0.042966221736862875,0.0768989429172297
Notch4,0.0108200747206195,0.0108200747206195,0.6561156463175024
H2-Aa,0.13507153059558127,0.13507153059558127,2.349236089756041e-08
Hspa1b,-0.035690797940854585,0.035690797940854585,0.14177274122381997
Fgd2,-0.010716094143766557,0.010716094143766557,0.6592107842056021
Gm16197,-0.024366594320864132,0.024366594320864132,0.31591547077928667
Pnpla1,-0.010728138984270517,0.010728138984270517,0.658851951442386
Zfp40,-0.022820378074328587,0.022820378074328587,0.34761261813973104
Gm4944,-0.036868904331419,0.036868904331419,0.12907719028767514
Zfp947,0.016352884352386778,0.016352884352386778,0.5009463541150195
2210404O09Rik,0.014561895439756011,0.014561895439756011,0.5489827229804046
Zfp52,-0.014846828860742454,0.014846828860742454,0.5411911621380994
Zfp54,0.0045077285051662915,0.0045077285051662915,0.8528339814452414
Zfp677,0.050295161487213615,0.050295161487213615,0.03835270466921129
Zfp160,-0.015758200135513673,0.015758200135513673,0.5166459634456704
Zfp13,-0.028193698397621966,0.028193698397621966,0.2458606781836073
Fpr2,-0.014750771044978855,0.014750771044978855,0.5438117049929685
Ncrna00085,0.023086696363245302,0.023086696363245302,0.34201368422345313
Lnpep,-0.026442984492433045,0.026442984492433045,0.2764290768880571
Lix1,-0.024144198846275153,0.024144198846275153,0.32035397808299265
Rgmb,0.013082291231068473,0.013082291231068473,0.5903095209261803
9030025P20Rik,0.010923852206669384,0.010923852206669384,0.6530324235425972
Tcte3,0.04551767665923036,0.04551767665923036,0.06091361626266355
Smoc2,0.014172178472189153,0.014172178472189153,0.5597283742404527
Tcte2,-0.015191090049890499,0.015191090049890499,0.5318514804184041
Fpr1,-0.007588820326836341,0.007588820326836341,0.7548119118878337
2510009E07Rik,-0.042242705109054125,0.042242705109054125,0.0820075451974437
Pkmyt1,-0.04249264296442978,0.04249264296442978,0.08021255475488827
Flywch1,-0.0036161255508249737,0.0036161255508249737,0.8817020958527516
Mapk13,-0.01791733505426657,0.01791733505426657,0.4608814542817969
Ppard,0.008029094900231654,0.008029094900231654,0.7410827039313929
Hmga1,-0.010734905098740383,0.010734905098740383,0.658650413772289
Itpr3,-0.007588820326836341,0.007588820326836341,0.7548119118878337
Nme4,-0.029112991116398257,0.029112991116398257,0.2307938695893416
Solh,-0.0205057460799861,0.0205057460799861,0.39870046125492226
Gm10012,-0.015191090049890494,0.015191090049890494,0.5318514804184041
Wfikkn1,-0.016703491435307874,0.016703491435307874,0.4918101176049105
Paqr4,-0.0333214451839062,0.0333214451839062,0.1701785744109797
Ccdc78,0.0014179251415432444,0.0014179251415432444,0.9534692769888349
Clcn7,-0.052522813520489986,0.052522813520489986,0.030547328843134155
Tmem204,-0.010825842565694818,0.010825842565694818,0.6559441296726758
Rpl3l,-0.007588820326836348,0.007588820326836348,0.7548119118878337
Snora78,-0.016931902504547784,0.016931902504547784,0.48590651632771553
Noxo1,-0.010903334288400214,0.010903334288400214,0.653641542409668
Pkd1,-0.0099137250088307,0.0099137250088307,0.683287478050522
Dnase1l2,-0.017417054969814938,0.017417054969814938,0.4734951916456287
Atp6v0c,-0.00952523489005355,0.00952523489005355,0.6950634899258201
Chtf18,-0.0075888203268363414,0.0075888203268363414,0.7548119118878337
Lamb1,-0.015098496030839471,0.015098496030839471,0.5343554794491573
Fam131a,-0.007588820326836346,0.007588820326836346,0.7548119118878337
Klhl6,0.07551054070776185,0.07551054070776185,0.0018590941263034151
Zfp251,-0.02135301685972574,0.02135301685972574,0.3794973033661079
Lrrc24,0.022514625448554877,0.022514625448554877,0.35411198965612695
Recql4,-0.01709748744038632,0.01709748744038632,0.48165081027857276
Cpsf1,-0.057008003794799665,0.057008003794799665,0.01887898674572084
Slc52a2,-0.05812065422914525,0.05812065422914525,0.016674202170032418
Gm10345,-0.018403150360111687,0.018403150360111687,0.4488141605990527
Plec,-0.10534501686569481,0.10534501686569481,1.378389419029327e-05
Ly6c2,0.025214735925896497,0.025214735925896497,0.29936048545617483
Ly6e,0.14418390061796799,0.14418390061796799,2.4512879226257984e-09
Ly6d,-0.07014411589854026,0.07014411589854026,0.0038506782215264146
Lynx1,-0.014933791619170304,0.014933791619170304,0.5388241882351156
Khdrbs3,-0.03346291843089552,0.03346291843089552,0.168370986490831
Zfat,0.04834283137373627,0.04834283137373627,0.046527556809109506
Ndrg1,0.05404700035207566,0.05404700035207566,0.026029084608406344
Sla,0.06632403632340475,0.06632403632340475,0.006287741466256615
Tmem71,0.017712553672475522,0.017712553672475522,0.46602185893355735
H2afy3,-0.007588820326836344,0.007588820326836344,0.7548119118878337
Zfp7,0.006492265896189613,0.006492265896189613,0.7893355288540744
Zfp647,-0.02687473219593157,0.02687473219593157,0.26866030350227693
Apol7c,-0.007588820326836345,0.007588820326836345,0.7548119118878337
Csf2rb2,-0.007588820326836342,0.007588820326836342,0.7548119118878337
Cyp2d12,0.03984994262508699,0.03984994262508699,0.10088820994052378
Cenpm,0.019118459216786583,0.019118459216786583,0.4313768471741089
Srebf2,-0.03771960028493315,0.03771960028493315,0.12047199608366134
Chadl,0.0013778698197952138,0.0013778698197952138,0.9547823076813762
Fam83f,0.1401451273491502,0.1401451273491502,6.7956010526920174e-09
Syngr1,-0.007112864941409145,0.007112864941409145,0.7697411948738516
Pdgfb,-0.003948692453536705,0.003948692453536705,0.8709138231519982
Apobec3,-0.012671819966699093,0.012671819966699093,0.6020229148425483
9930014A18Rik,-0.01981101945415432,0.01981101945415432,0.4148741655728032
Cbx6,-0.016668644348044614,0.016668644348044614,0.49271415821695874
4933432B09Rik,0.04668386744635878,0.04668386744635878,0.05458186911026631
1700088E04Rik,-0.016989176186083654,0.016989176186083654,0.48443222777636336
Pdxp,-0.01945658512199879,0.01945658512199879,0.42327276986358053
Sh3bp1,-0.012730013772338226,0.012730013772338226,0.6003559134850214
Mfng,-0.01033678036790669,0.01033678036790669,0.6705508066702138
Cyth4,-0.014296209012320553,0.014296209012320553,0.5562974506585312
Rac2,-0.006749061222619467,0.006749061222619467,0.7812107289088475
C1qtnf6,-0.024462079115611098,0.024462079115611098,0.3140222494595886
Dnalc4,0.0071272828493564085,0.0071272828493564085,0.7692876625272923
Cyp2d34,0.025270978618754446,0.025270978618754446,0.2982835049584821
Fam84b,-0.10783936258456203,0.10783936258456203,8.554811194480103e-06
Col14a1,-0.019149455791415162,0.019149455791415162,0.43063021151732983
Dab2,0.013138828182919976,0.013138828182919976,0.5887044061037252
5430437J10Rik,0.09468329435015121,0.09468329435015121,9.414837262320441e-05
Oxct1,0.013011064273940172,0.013011064273940172,0.5923345539436227
Gpr18,0.1706803784341486,0.1706803784341486,1.4853949533502635e-12
Stk24,-0.028972181996520373,0.028972181996520373,0.23305815055655454
Dzip1,-0.00758882032683634,0.00758882032683634,0.7548119118878337
Gpc6,-0.0075888203268363475,0.0075888203268363475,0.7548119118878337
Mir17hg,-0.003037494368249941,0.003037494368249941,0.9005237599429904
Spry2,0.09360596856085124,0.09360596856085124,0.0001131245188500436
Rnf219,0.004502703015649621,0.004502703015649621,0.852996182469899
Pou4f1,-0.0169891761860837,0.0169891761860837,0.48443222777636336
Ednrb,-0.023564994875742727,0.023564994875742727,0.33210378901829385
Irg1,0.09359561417499833,0.09359561417499833,0.00011332327803637161
Kctd12,0.034562746977426506,0.034562746977426506,0.15480670346108172
Klf5,-0.004364769564115521,0.004364769564115521,0.8574504779937526
6720463M24Rik,-0.013115448873826001,0.013115448873826001,0.58936791323792
Gm5088,-0.007588820326836344,0.007588820326836344,0.7548119118878337
Fyb,0.03710841365757857,0.03710841365757857,0.12660755428774376
Slc1a3,0.12300898896466782,0.12300898896466782,3.7467569346324116e-07
Ranbp3l,-0.018616215374057297,0.018616215374057297,0.44357883315010455
Capsl,0.0014179251415432448,0.0014179251415432448,0.9534692769888349
Gm9920,-0.013151821947426569,0.013151821947426569,0.5883357908170367
Dscc1,-0.007588820326836345,0.007588820326836345,0.7548119118878337
Colec10,0.017250392723543957,0.017250392723543957,0.4777390481228049
Tnfrsf11b,-0.007588820326836339,0.007588820326836339,0.7548119118878337
Aard,-0.013138014553298025,0.013138014553298025,0.5887274912050928
Trps1,-0.01072798012021084,0.01072798012021084,0.6588566837160721
2310069G16Rik,-0.026374163932939898,0.026374163932939898,0.27768141871235574
Ttc35,0.04579779591884783,0.04579779591884783,0.05933977014891948
Sntb1,-0.016703491435307825,0.016703491435307825,0.4918101176049105
Rims2,-0.020113762468687242,0.020113762468687242,0.40777898167913346
Matn2,-0.010735379874562969,0.010735379874562969,0.6586362728762185
Fam105a,-0.007588820326836338,0.007588820326836338,0.7548119118878337
Fbxl7,-0.013117796723701274,0.013117796723701274,0.5893012654601648
Gm5803,-0.025110380794348762,0.025110380794348762,0.3013656204140334
Acot10,-0.010625693555152568,0.010625693555152568,0.6619064419814856
Sub1,0.01119151027156107,0.01119151027156107,0.6451077010297914
4930556M19Rik,-0.023231873403633935,0.023231873403633935,0.3389859709808491
Il7r,0.1230089889646678,0.1230089889646678,3.7467569346324116e-07
Rrm2b,-0.020788909091231315,0.020788909091231315,0.39221855965341107
Gm20324,-0.004399292505338562,0.004399292505338562,0.8563351946447958
Nfam1,0.12300898896466785,0.12300898896466785,3.746756934632096e-07
Mcat,-0.01749679695547942,0.01749679695547942,0.4714720070281761
Snx29,-0.016471086825829564,0.016471086825829564,0.49785618858704966
Snn,0.03862010415230238,0.03862010415230238,0.11185875989736872
A630055G03Rik,0.0411509514227615,0.0411509514227615,0.09023335345147153
Socs1,-0.00954981635929536,0.00954981635929536,0.6943161512475867
Rpl39l,-0.007588820326836329,0.007588820326836329,0.7548119118878337
AU021092,-0.010735379874562974,0.010735379874562974,0.6586362728762185
Gm16861,-0.011909808847774886,0.011909808847774886,0.6240406987640774
Nmral1,0.025084776883490402,0.025084776883490402,0.30185894955305154
Glis2,-0.010716415607553882,0.010716415607553882,0.6592012063282191
Srl,-0.016801660833980117,0.016801660833980117,0.489268090846393
Zfp597,-0.014046294324319534,0.014046294324319534,0.5632210235244961
Nckap1l,-0.010574759131749146,0.010574759131749146,0.663427190419585
Gpr84,-0.007588820326836339,0.007588820326836339,0.7548119118878337
Nfe2,-0.012128726641547771,0.012128726641547771,0.6176796128393605
Gm5643,-0.025822725759135738,0.025822725759135738,0.28785537746732265
Atf7,-0.024237036335880768,0.024237036335880768,0.31849622448909476
Npff,-0.019470985327270582,0.019470985327270582,0.4229296194075178
Ercc4,-0.021703903367949355,0.021703903367949355,0.3717138487266267
3110001I22Rik,-0.004282548699011122,0.004282548699011122,0.8601078112169321
Ifitm7,-0.011013236485057924,0.011013236485057924,0.6503815570106548
Abcc1,0.030076591078972953,0.030076591078972953,0.21571729307789367
Lamp3,-0.010735379874562967,0.010735379874562967,0.6586362728762253
Cldn5,-0.005434324137206473,0.005434324137206473,0.8230406934800771
Sept5,0.038461352826691435,0.038461352826691435,0.1133409179170503
Arvcf,-0.021381061943011596,0.021381061943011596,0.3788715423632039
Dgcr8,-0.010162952606330558,0.010162952606330558,0.6757729487529297
Scarf2,-0.010735379874562976,0.010735379874562976,0.6586362728762185
Slc7a4,0.03961311985687935,0.03961311985687935,0.10293137922991383
Crkl,0.007390940371215432,0.007390940371215432,0.7610080566738302
Itgb7,0.05673682656688945,0.05673682656688945,0.019453476935558472
Tmem191c,-0.01065942825357729,0.01065942825357729,0.6608999915282047
Ydjc,-0.007588820326836319,0.007588820326836319,0.7548119118878337
Ccdc116,-0.007588820326836342,0.007588820326836342,0.7548119118878337
Sdf2l1,-0.021789684715148867,0.021789684715148867,0.36982617796287465
Ypel1,-0.010735379874562977,0.010735379874562977,0.6586362728762185
Vpreb1,0.019252219948584497,0.019252219948584497,0.428160226945593
Yars2,-0.013759069548731833,0.013759069548731833,0.5712291462093869
Cebpd,-0.044936566196481814,0.044936566196481814,0.06428886977439846
Prkdc,-0.028698831858170598,0.028698831858170598,0.23749859842965235
Hic2,0.01685699021435151,0.01685699021435151,0.4878384970142812
Soat2,-0.11382087114734998,0.11382087114734998,2.6111479020313425e-06
Krt7,-0.007588820326836344,0.007588820326836344,0.7548119118878337
A330009N23Rik,-0.013119466106061734,0.013119466106061734,0.5892538792687178
Prickle1,-0.03457053200874603,0.03457053200874603,0.15471373705711225
Lrrk2,0.03807864042533862,0.03807864042533862,0.11697761256395439
Slc2a13,-0.013151983948382732,0.013151983948382732,0.5883311957445619
Alg10b,0.02096917524836726,0.02096917524836726,0.3881255415548744
Shank3,-0.01073537987456297,0.01073537987456297,0.6586362728762185
Cpt1b,-0.007588820326836341,0.007588820326836341,0.7548119118878337
Tymp,-0.014933791619170286,0.014933791619170286,0.5388241882351156
Mapk11,0.04430791742221674,0.04430791742221674,0.06811242681823355
Pus7l,-0.0070432496008746345,0.0070432496008746345,0.7719321326049766
Tubgcp6,-0.008171040897906368,0.008171040897906368,0.7366736226618189
Fam19a5,0.09361690052893515,0.09361690052893515,0.00011291502915152307
Cerk,-0.03811714501621913,0.03811714501621913,0.1166076342406141
Gtse1,-0.009869464161840768,0.009869464161840768,0.684625309939086
Phf21b,-0.010344718809960456,0.010344718809960456,0.6703126964936319
Ldoc1l,-0.0075888203268363414,0.0075888203268363414,0.7548119118878337
Parvg,-0.007588820326836344,0.007588820326836344,0.7548119118878337
Parvb,-0.021887182927338864,0.021887182927338864,0.36768791146807595
Pnpla5,-0.027178316626503857,0.027178316626503857,0.26328820353516164
1810021B22Rik,0.07649984354159514,0.07649984354159514,0.0016173782199103272
Dvl3,0.02920668351040889,0.02920668351040889,0.2292959300924677
Slc38a1,-0.007588820326836343,0.007588820326836343,0.7548119118878337
Fam113b,0.010870922832112329,0.010870922832112329,0.6546042165139814
Acvr1b,-0.01073537987456297,0.01073537987456297,0.6586362728762185
Acvrl1,-0.017611548975469727,0.017611548975469727,0.46856893784963743
Scn8a,-0.010683726732078342,0.010683726732078342,0.6601754431243614
Mettl7a2,0.07683754991992403,0.07683754991992403,0.0015417221093429266
2310068J16Rik,0.019817500041190213,0.019817500041190213,0.41472152481865143
Lass5,-0.003597875417505683,0.003597875417505683,0.8822947733805255
Racgap1,-0.013142333629999912,0.013142333629999912,0.588604950880905
Nckap5l,-0.010321685302611044,0.010321685302611044,0.671003667900775
Amigo2,-0.038380816932456235,0.038380816932456235,0.11409871671898372
Fmnl3,-0.016507383874622382,0.016507383874622382,0.49690931362813634
Mcrs1,0.01340563749560816,0.01340563749560816,0.5811568594675771
Spats2,-0.01998452198364107,0.01998452198364107,0.4107990240485933
Rhebl1,-0.017615307633471133,0.017615307633471133,0.46847401644141023
Ddx23,-0.015680971784757233,0.015680971784757233,0.5187033142171459
9330020H09Rik,0.006793912424151489,0.006793912424151489,0.7797940895504785
Vdr,-0.010626961753669853,0.010626961753669853,0.6618685951343984
Rapgef3,0.020747107852820947,0.020747107852820947,0.3931713966213528
Endou,-0.007588820326836344,0.007588820326836344,0.7548119118878337
1700120C14Rik,0.037897877264319424,0.037897877264319424,0.11872683216609911
Ltb,0.10199461035372409,0.10199461035372409,2.573255526398074e-05
Pxdn,-0.02795702931486575,0.02795702931486575,0.24984868571946084
Rnf144a,0.04666847236216006,0.04666847236216006,0.05466173685887532
Snora33,0.029386875924955792,0.029386875924955792,0.22643450062117904
Rps12,-0.1288111528605018,0.1288111528605018,1.0204382548644798e-07
Tcf21,-0.01073537987456297,0.01073537987456297,0.6586362728762185
Ahi1,0.011972259887572676,0.011972259887572676,0.6222231766461358
Pde7b,-0.016895537178820703,0.016895537178820703,0.486843857688414
Fam54a,-0.00758882032683634,0.00758882032683634,0.7548119118878337
Hebp2,-0.01568626543747544,0.01568626543747544,0.5185621572795623
Gpr126,-0.01073537987456297,0.01073537987456297,0.6586362728762185
Phactr2,-0.03328528120682296,0.03328528120682296,0.1706429610251876
Plagl1,-0.01515193416122385,0.01515193416122385,0.5329096389961292
Stx11,-0.00758882032683634,0.00758882032683634,0.7548119118878337
B230208H11Rik,0.05288519557836416,0.05288519557836416,0.029416162814085704
9130014G24Rik,0.12300898896466782,0.12300898896466782,3.7467569346324116e-07
Ust,0.12300898896466779,0.12300898896466779,3.7467569346324116e-07
BC020402,-0.00716369261143783,0.00716369261143783,0.7681427017255057
A630066F11Rik,-0.0009664533308705158,0.0009664533308705158,0.9682751791162416
Lrp11,-0.032287633599118355,0.032287633599118355,0.18383071918629024
Ctgf,-0.01066996464667864,0.01066996464667864,0.6605857712207681
Enpp3,0.003266594724552107,0.003266594724552107,0.8930643161307733
Epb4.1l2,0.002619199279199621,0.002619199279199621,0.9141655387219434
L3mbtl3,-0.006350714318525158,0.006350714318525158,0.7938239750684776
Mical1,-0.007588820326836341,0.007588820326836341,0.7548119118878337
Ddo,-0.0389881043450596,0.0389881043450596,0.10848173111929665
Amd1,-0.022852187275918603,0.022852187275918603,0.34694083198179365
BC021785,-0.010729102500746551,0.010729102500746551,0.6588232503175488
E130307A14Rik,-0.013185940678493654,0.013185940678493654,0.587368396763083
Fyn,-0.0048966878006663755,0.0048966878006663755,0.8402994387707416
Tube1,-0.02665272247894205,0.02665272247894205,0.2726361875603886
1700025K23Rik,0.007813574803647513,0.007813574803647513,0.7477933475804988
Cnksr3,-0.02267802983499874,0.02267802983499874,0.35062902224029724
Lama4,-0.01798790105441991,0.01798790105441991,0.45911747673774234
Dse,-0.0032627711755988578,0.0032627711755988578,0.8931887341717795
Fam26f,0.015233286697209497,0.015233286697209497,0.5307123395732719
A830082N09Rik,-0.007588820326836345,0.007588820326836345,0.7548119118878337
Rsph4a,-0.0169891761860837,0.0169891761860837,0.48443222777636336
Sult3a1,-0.018616215374057304,0.018616215374057304,0.44357883315010455
Hddc2,-0.0021495761420106067,0.0021495761420106067,0.92951123532306
Ncoa7,-0.036036130842334806,0.036036130842334806,0.13795586235564417
Ptprk,-0.0705704147766845,0.0705704147766845,0.003640385792074438
Tspyl4,0.0856481899479222,0.0856481899479222,0.0004138388124725511
Ppil6,0.02662508316231289,0.02662508316231289,0.2731339700579115
Mtrf1l,0.013995370376256155,0.013995370376256155,0.5646368829528735
Gm5512,0.07818186578787775,0.07818186578787775,0.0012717235177996113
Rab3gap2,-0.05141463225772053,0.05141463225772053,0.03424089241051995
Hlx,-0.019911647987926,0.019911647987926,0.412507751637642
1700056E22Rik,0.016422174337284684,0.016422174337284684,0.49913367638448936
Hhipl2,-0.03210471173665925,0.03210471173665925,0.1863284374422101
Taf1a,-0.03751602508661567,0.03751602508661567,0.12248926979347013
Disp1,-0.03569964681014829,0.03569964681014829,0.1416739353135194
Susd4,0.08660522000727475,0.08660522000727475,0.0003560255233679641
Capn8,-0.00489107563537779,0.00489107563537779,0.8404800161913472
Capn2,0.06731345429430234,0.06731345429430234,0.005550123067720269
1700047M11Rik,-0.012879821807318958,0.012879821807318958,0.5960741851331638
Lin9,-0.03068023113232357,0.03068023113232357,0.20664130299661695
Itpkb,0.1230089889646678,0.1230089889646678,3.7467569346324116e-07
Akt3,-0.007588820326836338,0.007588820326836338,0.7548119118878337
Exo1,-0.0075888203268363345,0.0075888203268363345,0.7548119118878337
Opn3,-0.023728284496401075,0.023728284496401075,0.3287634564387085
Mnda,-0.007588820326836342,0.007588820326836342,0.7548119118878337
Ifi204,-0.023682274651863768,0.023682274651863768,0.32970244686434774
Gm2061,-0.021157161130249652,0.021157161130249652,0.383885051613103
Tgfb2,-0.010726671056611327,0.010726671056611327,0.6588956788781916
Gpatch2,-0.01814495654732284,0.01814495654732284,0.4552050720879313
Esrrg,0.011409115994836364,0.011409115994836364,0.6386944052610115
Rmnd1,0.04148497647566172,0.04148497647566172,0.08764904725441958
Mthfd1l,-0.06914972362479262,0.06914972362479262,0.004384708145232385
Plekhg1,-0.02174624812624094,0.02174624812624094,0.37078128153897344
Cr2,-0.007588820326836335,0.007588820326836335,0.7548119118878337
A330023F24Rik,-0.007727558212243524,0.007727558212243524,0.7504770168675425
Gm16897,-0.007588820326836339,0.007588820326836339,0.7548119118878337
Lamb3,-0.0247074329956053,0.0247074329956053,0.3091917698898268
Hhat,-0.020109351994957923,0.020109351994957923,0.4078818255749069
Myct1,0.043921457001046146,0.043921457001046146,0.07055432069868685
Gm10516,0.007332666370635916,0.007332666370635916,0.7628357128338459
1700034H15Rik,-0.015183297943336992,0.015183297943336992,0.5320619714628049
Nek2,-0.02642284347768738,0.02642284347768738,0.2767951881859964
Ints7,-0.02491001227818997,0.02491001227818997,0.30524060299353845
Dtl,0.05726167248575108,0.05726167248575108,0.018355064357173913
Batf3,0.06239593192859336,0.06239593192859336,0.010163047707275608
Ptpn14,-0.012868350340985744,0.012868350340985744,0.5964015640709086
Cenpf,-0.010703969037198256,0.010703969037198256,0.6595720873770065
Kctd3,-0.06186180853151362,0.06186180853151362,0.010828420907690175
Traf5,0.12300898896466782,0.12300898896466782,3.7467569346324116e-07
AI607873,-0.01861185711843384,0.01861185711843384,0.4436855716629751
5730435O14Rik,0.01019552018919276,0.01019552018919276,0.6747933550013756
Pdss2,0.033222068207622496,0.033222068207622496,0.1714569647670549
Mfsd12,-0.0075888203268363414,0.0075888203268363414,0.7548119118878337
Tbxa2r,-0.018054271738513893,0.018054271738513893,0.4574618264840883
Pip5k1c,-0.003987094875826887,0.003987094875826887,0.869669576208916
Zfr2,0.0014179251415432428,0.0014179251415432428,0.9534692769888349
Gng7,0.018958036515684798,0.018958036515684798,0.43525302209600947
Izumo4,0.01741210705919245,0.01741210705919245,0.4736208852290011
Adat3,-0.00454425453286649,0.00454425453286649,0.851655266776312
Mex3d,-0.005739489248963078,0.005739489248963078,0.8132818935802734
Adamtsl5,-0.010735379874562969,0.010735379874562969,0.6586362728762185
1600002K03Rik,-0.06220111448369382,0.06220111448369382,0.01040140221641032
Dos,0.027335137274931604,0.027335137274931604,0.26054237930399093
Hmha1,0.01427236498437303,0.01427236498437303,0.5569562260131401
Cnn2,0.03680300013609657,0.03680300013609657,0.12976326139297664
Grin3b,-0.012956476002515063,0.012956476002515063,0.5938886893362973
Arid3a,0.008890417337336745,0.008890417337336745,0.7144642581919427
Kiss1r,-0.010735379874562967,0.010735379874562967,0.6586362728762253
Elane,-0.006116217345911678,0.006116217345911678,0.8012745849009741
2210404O07Rik,0.09370572999608573,0.09370572999608573,0.00011122629125371563
S1pr4,-0.018582095142526213,0.018582095142526213,0.4444148671427919
Gna15,0.1230089889646678,0.1230089889646678,3.7467569346324116e-07
Tle2,-0.03268830123110657,0.03268830123110657,0.17844649434343468
Dram1,0.042430896442097375,0.042430896442097375,0.08065300913114432
BC030307,-0.022507925522744755,0.022507925522744755,0.35425526323310375
Timp3,-0.036936851060690806,0.036936851060690806,0.12837280710032126
Btbd11,-0.00281041987831509,0.00281041987831509,0.9079259160787753
Mterfd3,0.02382468053837257,0.02382468053837257,0.3268017829399586
Rfx4,0.03752316802371804,0.03752316802371804,0.1224180451554503
Ckap4,0.07597945600940889,0.07597945600940889,0.0017406659661371126
Nuak1,-0.026945742373549984,0.026945742373549984,0.2673970494273003
Prtn3,0.07031406525935073,0.07031406525935073,0.0037655550802343355
D10Wsu102e,-0.02679078060759084,0.02679078060759084,0.2701590565261373
Eid3,-0.019696179646086096,0.019696179646086096,0.4175845486965795
Tdg,-0.029601665911559785,0.029601665911559785,0.2230570331860235
AU041133,0.010333076106111536,0.010333076106111536,0.6706619257352221
Zfp873,-0.03546320711076347,0.03546320711076347,0.14433221919779174
Zfp781,0.019750829877227816,0.019750829877227816,0.41629342749432285
Zfp433,0.05769450472394726,0.05769450472394726,0.017490424590842876
Sirt6,-0.023391888414253815,0.023391888414253815,0.33566877849267707
Tle6,0.007609139322811298,0.007609139322811298,0.7541765543214662
Chst11,-0.007588820326836337,0.007588820326836337,0.7548119118878337
Foxo3,-0.01728181531929724,0.01728181531929724,0.476937322453637
E130317F20Rik,0.010095310843529567,0.010095310843529567,0.6778092836561601
Palm,0.061646234473004005,0.061646234473004005,0.011107743950373873
Tspan15,0.02935103537446116,0.02935103537446116,0.22700160594055876
Col13a1,0.012665033557483713,0.012665033557483713,0.6022174518372533
H2afy2,-0.007588820326836344,0.007588820326836344,0.7548119118878337
Nodal,0.10650771953103771,0.10650771953103771,1.105027102187764e-05
Adamts14,-0.021508884833456053,0.021508884833456053,0.37602751448727045
Unc5b,-0.016582501610949273,0.016582501610949273,0.4949527795292871
4632428N05Rik,-0.022246269083575704,0.022246269083575704,0.35987921095330716
Oit3,-0.006603605892236511,0.006603605892236511,0.785809952095591
Ccdc138,0.05306001713841986,0.05306001713841986,0.02888345993856268
Pkib,-0.010684212168929334,0.010684212168929334,0.6601609712815066
Gja1,-0.029236688306319404,0.029236688306319404,0.22881768258504726
Msl3l2,0.06361046883642846,0.06361046883642846,0.008783647468338469
Gm16998,-0.00758882032683634,0.00758882032683634,0.7548119118878337
Mcm9,-0.009613676101236425,0.009613676101236425,0.692376042704237
Lilrb4,-0.01185074049528138,0.01185074049528138,0.6257618806163019
Qrsl1,-0.007627863068329162,0.007627863068329162,0.7535912259960184
Cd24a,0.09916759036832966,0.09916759036832966,4.294284876252167e-05
Hk1,-0.016246704274374323,0.016246704274374323,0.5037308528202867
4930507D05Rik,-0.004364769564115518,0.004364769564115518,0.8574504779937526
2510003E04Rik,0.017211089628711197,0.017211089628711197,0.47874287498759155
Egr2,-0.051584892425830246,0.051584892425830246,0.03364975040921743
Fstl3,-0.007588820326836338,0.007588820326836338,0.7548119118878337
Gzmm,-0.016989176186083647,0.016989176186083647,0.48443222777636336
Syde1,-0.012397760180810163,0.012397760180810163,0.6099014133292755
Icosl,-0.010705222399754313,0.010705222399754313,0.6595347360785879
Itgb2,0.0698957545226601,0.0698957545226601,0.0039782193954913305
Pcbp3,-0.03041158283326559,0.03041158283326559,0.21064574766455782
Col6a1,-0.010735379874562995,0.010735379874562995,0.6586362728762185
Col6a2,-0.010735379874562969,0.010735379874562969,0.6586362728762185
9130017N09Rik,-0.0107159637604398,0.0107159637604398,0.659214668937516
Prmt2,-0.014494237534403334,0.014494237534403334,0.5508409338503248
Vpreb3,-0.007929793831145011,0.007929793831145011,0.7441722297172374
Mmp11,-0.010735379874562967,0.010735379874562967,0.6586362728762253
Cabin1,-0.06601506188253295,0.06601506188253295,0.006535516194465522
Susd2,-0.010735379874562965,0.010735379874562965,0.6586362728762253
Adora2a,0.055856780791076366,0.055856780791076366,0.021424262063323478
Rab36,-0.007948866435796502,0.007948866435796502,0.7435785081847164
Bicc1,-0.012933177824028905,0.012933177824028905,0.5945525586357298
Cdk1,-0.0007382331614080957,0.0007382331614080957,0.9757640816865236
Zfp280b,-0.050825905696172805,0.050825905696172805,0.036353758242461426
Pydc3,-0.007588820326836338,0.007588820326836338,0.7548119118878337
Aim2,-0.016559998655386467,0.016559998655386467,0.4955384649293055
Darc,-0.012791297573296605,0.012791297573296605,0.5986026550473788
Mogat1,-0.010683726732078333,0.010683726732078333,0.6601754431243614
Sgpp2,-0.007588820326836342,0.007588820326836342,0.7548119118878337
Obsl1,-0.007588820326836344,0.007588820326836344,0.7548119118878337
Speg,-0.00758882032683634,0.00758882032683634,0.7548119118878337
Des,-0.013151983948382727,0.013151983948382727,0.5883311957445619
Ihh,-0.02199977316892142,0.02199977316892142,0.36522824988988695
Usp37,-0.03420903690185284,0.03420903690185284,0.15907546066978898
Vil1,-0.0075888203268363345,0.0075888203268363345,0.7548119118878337
Slc11a1,-0.016049641464221456,0.016049641464221456,0.5089202421538432
Cxcr2,0.041484976475661725,0.041484976475661725,0.08764904725441958
Igfbp5,0.02523755195443111,0.02523755195443111,0.29892327364058124
Bard1,-0.0075888203268363414,0.0075888203268363414,0.7548119118878337
Ikzf2,-0.0075888203268363414,0.0075888203268363414,0.7548119118878337
Plekhm3,-0.01309239125775297,0.01309239125775297,0.5900226280065943
Icos,-0.010704662884442854,0.010704662884442854,0.6595514100185667
Cyp20a1,-0.013099829260013943,0.013099829260013943,0.5898113913707189
Carf,-0.010683726732078347,0.010683726732078347,0.6601754431243614
Utp14b,-0.02256349898449405,0.02256349898449405,0.353067967539589
Dock10,0.17363389096125903,0.17363389096125903,6.013931318254689e-13
Gm7609,-0.010580723702469434,0.010580723702469434,0.6632490345165251
Sp110,-0.018048758112498536,0.018048758112498536,0.4575992389882558
Ramp1,0.007256449741976601,0.007256449741976601,0.7652280999725561
Mlph,0.09598875255952907,0.09598875255952907,7.517309463664659e-05
Col6a3,-0.007588820326836338,0.007588820326836338,0.7548119118878337
Cxcr7,-0.018582404202438382,0.018582404202438382,0.4444072903452256
Sh3bp4,0.02109778354010118,0.02109778354010118,0.3852213897641628
Arl4c,-0.011696582116412042,0.011696582116412042,0.630263463395011
Ugt1a5,-0.021157161130249638,0.021157161130249638,0.383885051613103
Ugt1a6a,-0.012956476002515066,0.012956476002515066,0.5938886893362973
Bmpr2,-0.02951851105233363,0.02951851105233363,0.22436030467406856
Ugt1a6b,0.07979562821956387,0.07979562821956387,0.0010054122260161151
Atg16l1,-0.03161205088202931,0.03161205088202931,0.19317997998359057
Inpp5d,0.04774616649257548,0.04774616649257548,0.04930103327027349
Efhd1,0.03274543854869286,0.03274543854869286,0.17768832658125774
Dis3l2,-0.041366805005032606,0.041366805005032606,0.08855641886867306
C130036L24Rik,-0.007641765326290923,0.007641765326290923,0.7531567150407784
Armc9,0.014378021089513096,0.014378021089513096,0.5540399942587834
Sp100,-0.012588066284966039,0.012588066284966039,0.604425748302535
Sp140,0.10638750644018799,0.10638750644018799,1.1306916336686907e-05
Ugt1a7c,-0.007588820326836341,0.007588820326836341,0.7548119118878337
Per2,-0.044354585617366604,0.044354585617366604,0.0678223045253961
Cdk15,-0.007588820326836343,0.007588820326836343,0.7548119118878337
Fam126b,-0.029396876306715555,0.029396876306715555,0.226276444855488
Creg2,-0.007588820326836336,0.007588820326836336,0.7548119118878337
Npas2,0.04279227554340687,0.04279227554340687,0.07810284447228852
Tsga10,0.04464118221992448,0.04464118221992448,0.0660628105761511
Sema4c,-0.023021825654146434,0.023021825654146434,0.3433721531090269
Ankrd39,-0.009297104443149046,0.009297104443149046,0.7020132738687497
Ankrd23,-0.010735379874562967,0.010735379874562967,0.6586362728762253
Arid5a,0.014903703015020522,0.014903703015020522,0.5396425603295959
Neurl3,0.019654721303403847,0.019654721303403847,0.4185655799633362
Ptpn18,-0.021200363230469754,0.021200363230469754,0.38291453924826113
Bend6,-0.00758882032683634,0.00758882032683634,0.7548119118878337
Gm15455,0.041484976475661725,0.041484976475661725,0.08764904725441958
1700001G17Rik,-0.010735379874562972,0.010735379874562972,0.6586362728762185
Tram2,0.03996026001527857,0.03996026001527857,0.0999475427672189
Paqr8,-0.013151983948382732,0.013151983948382732,0.5883311957445619
Gm5523,0.06566401654132997,0.06566401654132997,0.006827648113997198
Mybl1,-0.007588820326836321,0.007588820326836321,0.7548119118878337
2610203C22Rik,-0.007588820326836346,0.007588820326836346,0.7548119118878337
Mfsd9,0.00913175487905836,0.00913175487905836,0.7070661448596666
1500015O10Rik,-0.007588820326836336,0.007588820326836336,0.7548119118878337
Uxs1,-0.013138374135516703,0.013138374135516703,0.5887172887325628
1700029F09Rik,-0.04767537235537142,0.04767537235537142,0.049639119989108235
Orc2,-0.03572321170825816,0.03572321170825816,0.14141106896984515
Sgol2,0.03539732470629498,0.03539732470629498,0.1450796955504756
Spats2l,-0.0178696825464051,0.0178696825464051,0.46207478848643124
9130024F11Rik,-0.003236260938666211,0.003236260938666211,0.8940514476706473
Satb2,0.0677371454624938,0.0677371454624938,0.005258845471906359
Plcl1,-0.007376592365738285,0.007376592365738285,0.7614579321168786
Mars2,-0.03379414166844876,0.03379414166844876,0.164195356731798
Rftn2,-0.010678695792540814,0.010678695792540814,0.660325432966272
Cflar,0.01507213155605773,0.01507213155605773,0.5350695338107737
Coq10b,-0.0882990638255951,0.0882990638255951,0.000271781501069641
Pgap1,-0.03365121473159089,0.03365121473159089,0.1659875315508457
Gtf3c3,-0.037748472834107344,0.037748472834107344,0.12018800736165614
Hecw2,0.06334717164076539,0.06334717164076539,0.009067626917428295
Inpp1,-0.03610979776590384,0.03610979776590384,0.13715197626300207
Tmem194b,-0.012934344125692093,0.012934344125692093,0.5945193174307771
Stat4,-0.007588820326836338,0.007588820326836338,0.7548119118878337
Col5a2,0.03664358810494927,0.03664358810494927,0.1314344554506914
Col3a1,-0.01762264471030528,0.01762264471030528,0.4682887560448614
Ankrd44,0.028083018941112262,0.028083018941112262,0.24772010424631874
Asb1,-0.027525412392176252,0.027525412392176252,0.2572374518051744
Hdac4,-0.021478103725655673,0.021478103725655673,0.37671118010533006
Otos,-0.007588820326836346,0.007588820326836346,0.7548119118878337
BC055324,-0.003483272125398073,0.003483272125398073,0.886018035186701
Kifap3,-0.003806964694443419,0.003806964694443419,0.8755085738872717
Fmo4,-0.023765662531594754,0.023765662531594754,0.32800190447512323
Dnm3,-0.013151983948382732,0.013151983948382732,0.5883311957445619
Scarna3a,-0.004364769564115517,0.004364769564115517,0.8574504779937526
Tor3a,-0.004847149271167347,0.004847149271167347,0.8418936829467797
Soat1,-0.010705004952226487,0.010705004952226487,0.6595412161439579
Stx6,0.008325958263017467,0.008325958263017467,0.7318714993128044
Mr1,-0.017636617726550806,0.017636617726550806,0.46793605101758695
Ier5,0.059417673025823195,0.059417673025823195,0.014391986841931626
Rnasel,-0.01808050064411242,0.01808050064411242,0.45680845764052175
Npl,-0.016699792669285937,0.016699792669285937,0.4919060327601005
1700012A16Rik,-0.007588820326836342,0.007588820326836342,0.7548119118878337
Ncf2,0.05007938535977221,0.05007938535977221,0.03919167562024317
Rgl1,-0.020951187645801644,0.020951187645801644,0.3885327859961234
Glt25d2,0.014796604677849788,0.014796604677849788,0.54256053624227
1700025G04Rik,0.01123582319527358,0.01123582319527358,0.6437995458221705
2810422O20Rik,0.009983508142066597,0.009983508142066597,0.6811802258868918
Selp,0.03158016031824009,0.03158016031824009,0.19362977853052493
4930455F23Rik,-0.039790590807258386,0.039790590807258386,0.10139720612462705
Rcsd1,-0.016215609840599908,0.016215609840599908,0.5045478252427698
Slamf8,-0.00758882032683634,0.00758882032683634,0.7548119118878337
Vsig8,-0.007588820326836333,0.007588820326836333,0.7548119118878337
Tagln2,-0.019560285137102812,0.019560285137102812,0.4208052820221044
Igsf9,-0.007588820326836342,0.007588820326836342,0.7548119118878337
Slamf9,-0.007588820326836339,0.007588820326836339,0.7548119118878337
Igsf8,-0.06898877150891022,0.06898877150891022,0.004477193740086376
Vangl2,-0.02150888483345605,0.02150888483345605,0.37602751448727045
Cd84,0.05082281843061079,0.05082281843061079,0.03636512425441082
Fam129a,0.17105798975820596,0.17105798975820596,1.3244068516480877e-12
Cd48,-0.01173335688823054,0.01173335688823054,0.6291883477043849
Arhgap30,0.03650493827066622,0.03650493827066622,0.13290150155081412
Fcer1g,0.01522794906578094,0.01522794906578094,0.530856365908215
Mpz,-0.019811019454154345,0.019811019454154345,0.4148741655728032
Fcgr3,0.015695944292969385,0.015695944292969385,0.5183041188044237
Fcgr4,0.020521706327913003,0.020521706327913003,0.3983334092897857
Ddr2,-0.007588820326836348,0.007588820326836348,0.7548119118878337
Rgs5,-0.015915150565517094,0.015915150565517094,0.5124778851254332
Pou2f1,0.011225160823998891,0.011225160823998891,0.6441142075705817
Ly9,-0.007588820326836338,0.007588820326836338,0.7548119118878337
Hmcn1,-0.010735379874562976,0.010735379874562976,0.6586362728762185
Ptgs2,-0.0075888203268363215,0.0075888203268363215,0.7548119118878337
Pla2g4a,-0.00758882032683634,0.00758882032683634,0.7548119118878337
Rab7l1,0.0022872264152556925,0.0022872264152556925,0.9250103181842948
5430435G22Rik,0.05911912592854558,0.05911912592854558,0.014891398854616362
AA986860,-0.019775194410776624,0.019775194410776624,0.415718570598902
C4bp-ps1,-0.02244543130874141,0.02244543130874141,0.3555934232616463
Acmsd,0.04992935873762813,0.04992935873762813,0.039784135957689315
Tmem163,0.023731657807143418,0.023731657807143418,0.3286946805556223
Marco,-0.021164901906584748,0.021164901906584748,0.3837110486313533
3110009E18Rik,-0.009828553966403584,0.009828553966403584,0.6858627446257487
Elk4,0.021993086083773695,0.021993086083773695,0.36537404946653296
Inhbb,-0.02041585319217886,0.02041585319217886,0.40077160529851513
Dsel,-0.01315126314529369,0.01315126314529369,0.5883516410746902
Serpinb12,-0.00758882032683634,0.00758882032683634,0.7548119118878337
Bcl2,-0.011540318797333396,0.011540318797333396,0.6348405516197271
Tnfrsf11a,-0.007588820326836342,0.007588820326836342,0.7548119118878337
Pam,0.014874046618734586,0.014874046618734586,0.540449784906101
Pask,-0.0075888203268363414,0.0075888203268363414,0.7548119118878337
Gpr35,-0.007588820326836346,0.007588820326836346,0.7548119118878337
9430060I03Rik,-0.010664117491853538,0.010664117491853538,0.6607601399093088
2900060B14Rik,-0.008506535661068855,0.008506535661068855,0.7262871932990352
Spic,0.06555271516027801,0.06555271516027801,0.006922688408692751
Tmcc2,-0.02285858298247039,0.02285858298247039,0.3468058592738501
Cntn2,-0.007948866435796507,0.007948866435796507,0.7435785081847164
Rgs1,-0.021753732351712712,0.021753732351712712,0.3706166059630652
Rgs2,0.0945370957073616,0.0945370957073616,9.653470220284235e-05
Aspm,-0.0039597858610519515,0.0039597858610519515,0.8705543613761744
Ptprc,-0.007588820326836342,0.007588820326836342,0.7548119118878337
Gm16880,-0.010683726732078354,0.010683726732078354,0.6601754431243614
Gm19705,0.039479994228115683,0.039479994228115683,0.10409426475012769
Ddx59,-0.04046104954305543,0.04046104954305543,0.0957648942107263
Lad1,0.017452369961466,0.017452369961466,0.4725986044999773
Tmem81,-0.04415368686617602,0.04415368686617602,0.06907849322839915
Phlda3,0.08295255123459695,0.08295255123459695,0.0006271991061284635
Nav1,-0.025629655424095423,0.025629655424095423,0.2914761420800189
Shisa4,-0.007588820326836337,0.007588820326836337,0.7548119118878337
Elf3,-0.018551009579904208,0.018551009579904208,0.4451773253663595
Ube2t,-0.0212148329834714,0.0212148329834714,0.3825898199719408
Prelp,-0.02726904326167493,0.02726904326167493,0.26169721829742854
Zbed6,0.0042139365088023,0.0042139365088023,0.8623265329748766
Sox13,-0.017680600768590578,0.017680600768590578,0.46682679729036386
Nfasc,0.02373165780714338,0.02373165780714338,0.3286946805556223
Csrp1,-0.005688611086461412,0.005688611086461412,0.8149069470090647
Gm4925,-0.010735379874562965,0.010735379874562965,0.6586362728762253
Scyl2,-0.0008033435952791235,0.0008033435952791235,0.9736272769116463
Apaf1,-0.03685992825521755,0.03685992825521755,0.12917046643869984
Hoxb4,0.07377714644191037,0.07377714644191037,0.0023639550730141135
Hoxb5,-0.016587399465952158,0.016587399465952158,0.4948253518355969
Hoxb7,-0.002832742340781729,0.002832742340781729,0.9071978854468596
Gngt2,0.044406730383854676,0.044406730383854676,0.06749933812988808
Abi3,-0.029731078245815695,0.029731078245815695,0.2210395577333017
1110035M17Rik,-0.007588820326836344,0.007588820326836344,0.7548119118878337
Ppp1r9b,-0.02210404252423503,0.02210404252423503,0.3629595463569067
Col1a1,-0.01991906435937333,0.01991906435937333,0.4123336626407147
Eme1,-0.010701800493118767,0.010701800493118767,0.6596367138865594
Dgke,-0.021678338857092645,0.021678338857092645,0.3722775640701834
Coil,-0.018421675504161936,0.018421675504161936,0.4483575837750817
C030037D09Rik,-0.012956476002515056,0.012956476002515056,0.5938886893362973
Cuedc1,-0.01789764011380495,0.01789764011380495,0.46137445447970776
Mpo,0.0014179251415432452,0.0014179251415432452,0.9534692769888349
Bzrap1,-0.007588820326836341,0.007588820326836341,0.7548119118878337
Hsf5,-0.013151983948382719,0.013151983948382719,0.5883311957445619
Sept4,-0.012136884001040193,0.012136884001040193,0.6174431334727412
Hoxb3,-0.007588820326836346,0.007588820326836346,0.7548119118878337
Hoxb2,-0.016703491435307923,0.016703491435307923,0.4918101176049105
Copz2,-0.01695605496774866,0.01695605496774866,0.48528450940477513
D030028A08Rik,-0.020876653578119082,0.020876653578119082,0.3902230272713642
Ptrf,0.008405989068845841,0.008405989068845841,0.7293947975037373
Hspb9,-0.007588820326836346,0.007588820326836346,0.7548119118878337
Zfp385c,-0.010735379874562969,0.010735379874562969,0.6586362728762185
Ttc25,-0.030218904739434553,0.030218904739434553,0.213552128882832
Nt5c3l,-0.05111147407515334,0.05111147407515334,0.03531541520313978
Fkbp10,-0.007588820326836336,0.007588820326836336,0.7548119118878337
Leprel4,-0.010683620639218964,0.010683620639218964,0.6601786059814801
Top2a,-0.01665205732842705,0.01665205732842705,0.4931447889309937
Tex14,-0.010734904076759437,0.010734904076759437,0.6586504442114722
Cdc6,0.1303582082103836,0.1303582082103836,7.143452204490516e-08
Gm12359,0.1230089889646678,0.1230089889646678,3.7467569346324116e-07
Thra,0.013707260585828027,0.013707260585828027,0.5726793763517034
Erbb2,-0.007588820326836334,0.007588820326836334,0.7548119118878337
Fbxo47,-0.0151910900498905,0.0151910900498905,0.5318514804183968
B230217C12Rik,-0.009538510366167614,0.009538510366167614,0.6946598451374036
2410003L11Rik,-0.020113762468687242,0.020113762468687242,0.40777898167913346
Srcin1,-0.007163541360427428,0.007163541360427428,0.7681474570020907
Osbpl7,-0.02873638458005242,0.02873638458005242,0.23688505810641958
Rapgefl1,-0.010659015643069716,0.010659015643069716,0.6609122977706258
Psmc3ip,-0.012283662207509354,0.012283662207509354,0.6131948668609833
Fam33a,-0.016964865699700602,0.016964865699700602,0.4850577107799013
Brip1,-0.024591159407388326,0.024591159407388326,0.31147479230321096
Spag5,-0.00421121151741707,0.00421121151741707,0.8624146739223121
Tlcd1,-0.002091998190559094,0.002091998190559094,0.93139460792411
Slc6a4,0.06252663869558268,0.06252663869558268,0.010005866674063089
Abr,0.02324797180146743,0.02324797180146743,0.33865129534989924
Dbil5,-0.002745748923210286,0.002745748923210286,0.9100355456540841
Gemin4,-0.034462982716308654,0.034462982716308654,0.15600181223787576
Fam57a,-0.007588820326836343,0.007588820326836343,0.7548119118878337
Slc43a2,-0.0041371967900625875,0.0041371967900625875,0.8648093611474107
Dph1,-0.010683726732078354,0.010683726732078354,0.6601754431243614
Mnt,0.003506099922250124,0.003506099922250124,0.8852761965081009
E130309D14Rik,-0.007588820326836345,0.007588820326836345,0.7548119118878337
Rap1gap2,-0.0038241878984454163,0.0038241878984454163,0.8749499782490099
Gsg2,-0.009288502129043507,0.009288502129043507,0.7022758276011831
Itgae,-0.03309903254658536,0.03309903254658536,0.17304963617099525
Spns2,0.027113977693633155,0.027113977693633155,0.2644204868857909
Smtnl2,-0.007948866435796509,0.007948866435796509,0.7435785081847164
Slc13a5,0.03846135282669142,0.03846135282669142,0.1133409179170503
Pigs,-0.05508399808898055,0.05508399808898055,0.0232958382515508
Sarm1,-0.010683726732078347,0.010683726732078347,0.6601754431243614
Sebox,0.033419576108524425,0.033419576108524425,0.16892323000212214
Evi2b,0.13500127925507308,0.13500127925507308,2.3891789125900415e-08
Tbx2,-0.023340926189592496,0.023340926189592496,0.33672297782067045
9530048J24Rik,0.14698951816690062,0.14698951816690062,1.1869354170326346e-09
Gm11437,0.01810057722713799,0.01810057722713799,0.4563086989308834
Ccl4,0.17710905199655483,0.17710905199655483,2.033582169288785e-13
Ccl3,0.07205409198937548,0.07205409198937548,0.0029873068564047305
Ccl6,0.03302486114597924,0.03302486114597924,0.17401509366232373
AI450353,-0.013151983948382724,0.013151983948382724,0.5883311957445619
AA465934,-0.015494598844970325,0.015494598844970325,0.5236856197744166
Gdpd1,-0.00737189053269773,0.00737189053269773,0.7616053735731837
Slfn2,0.010493300915945532,0.010493300915945532,0.6658621673428132
Unc45b,0.03628882555525974,0.03628882555525974,0.13521339486935838
Cct6b,-0.010089010428461805,0.010089010428461805,0.6779990758175504
Tmem132e,-0.021000449970348244,0.021000449970348244,0.38741809184476855
Ccl8,0.1230089889646678,0.1230089889646678,3.7467569346324116e-07
Myo1d,-0.052808197489978635,0.052808197489978635,0.029653451039960463
Cdk5r1,-0.025665227274152574,0.025665227274152574,0.2908067532459318
Atad5,0.045663044988645915,0.045663044988645915,0.060092606800648395
Evi2a,-0.014690809258733666,0.014690809258733666,0.5454507070513052
Slfn9,0.0758446608991957,0.0758446608991957,0.0017739792789776341
Plekhh3,0.007954886763060375,0.007954886763060375,0.743391129734184
Cntnap1,-0.028381132067027796,0.028381132067027796,0.24273411565641578
Ramp2,-0.030449290631189823,0.030449290631189823,0.21008031946501388
Npb,-0.015191090049890514,0.015191090049890514,0.5318514804183968
Bahcc1,0.04792823710375638,0.04792823710375638,0.048440387340689214
2810410L24Rik,-0.021206148430075712,0.021206148430075712,0.3827846919268855
2410002I01Rik,-0.024222446078928497,0.024222446078928497,0.3187877195744217
Rbfox3,0.06501835807967285,0.06501835807967285,0.007395712710711825
Timp2,-0.019562359353696733,0.019562359353696733,0.42075601333917384
Socs3,-0.018048693695849816,0.018048693695849816,0.4576008445391688
Tha1,-0.051287566038987875,0.051287566038987875,0.03468782309115044
Birc5,-0.014973900995254984,0.014973900995254984,0.5377342312811255
Tmc8,-0.013078819393044748,0.013078819393044748,0.5904081538756377
Mxra7,-0.012223593433440351,0.012223593433440351,0.6149319060686813
St6galnac2,-0.004623545784652713,0.004623545784652713,0.8490976378065765
Gm11744,0.051886984958945004,0.051886984958945004,0.03262234130602742
Cygb,-0.012891636370217112,0.012891636370217112,0.5957371002743245
Qrich2,-0.007588820326836336,0.007588820326836336,0.7548119118878337
Rnf157,-0.012977657150775545,0.012977657150775545,0.593285437914723
Fbf1,-0.030698033780394828,0.030698033780394828,0.20637790276954757
Rac3,-0.01744060879803658,0.01744060879803658,0.47289709651989115
Ccdc57,-0.008749389900943125,0.008749389900943125,0.7187998992211766
Rab40b,-0.028450925259944467,0.028450925259944467,0.24157706967831966
Metrnl,0.0007514374012158234,0.0007514374012158234,0.9753307282590061
Cys1,-0.0429562084376204,0.0429562084376204,0.07696783374178785
9030624G23Rik,0.051886984958945,0.051886984958945,0.03262234130602742
5730507C01Rik,0.017485668640134594,0.017485668640134594,0.47175406432306227
Pqlc3,0.0014179251415432437,0.0014179251415432437,0.9534692769888349
Trib2,-0.01689000439015873,0.01689000439015873,0.48698655463576945
Fam84a,-0.015191090049890483,0.015191090049890483,0.5318514804184041
Mycn,0.002833122866973509,0.002833122866973509,0.9071854755395458
Fam49a,-0.0075888203268363414,0.0075888203268363414,0.7548119118878337
Unc13d,-0.007588820326836345,0.007588820326836345,0.7548119118878337
Gen1,-0.018616215374057297,0.018616215374057297,0.44357883315010455
BC068281,4.7089250804058236e-05,4.7089250804058236e-05,0.9984538409005642
Fkbp1b,0.06629694001256917,0.06629694001256917,0.006309127756333197
0610009D07Rik,0.0314820913733178,0.0314820913733178,0.19501779993118556
Cenpo,-0.02763076106640596,0.02763076106640596,0.25542018308820325
Dnajc27,0.02608614415292082,0.02608614415292082,0.28296441683708295
Efr3b,0.01910435441517553,0.01910435441517553,0.4317168472459232
Pomc,-0.011021786693731817,0.011021786693731817,0.6501282145249272
Kif3c,-0.0059996885749356325,0.0059996885749356325,0.8049837962606646
Rhob,-0.01635352045155161,0.01635352045155161,0.5009296974488937
Unk,0.03129718267394978,0.03129718267394978,0.19765471819309285
Itgb4,-0.00766206053026248,0.00766206053026248,0.7525225347205337
Hn1,-0.055529607275382774,0.055529607275382774,0.022200038774720317
Map3k3,-0.019132078396459373,0.019132078396459373,0.4310487003822229
Itgb3,-0.01510833658269193,0.01510833658269193,0.5340890815573676
Myl4,-0.025111372581030068,0.025111372581030068,0.30134652173768917
Mapt,-0.010735379874562974,0.010735379874562974,0.6586362728762185
Plekhm1,0.017975273844121186,0.017975273844121186,0.45943284823050096
Arhgap27,-0.014550321911267785,0.014550321911267785,0.5493003684027231
Fmnl1,0.1230089889646678,0.1230089889646678,3.7467569346324116e-07
Plcd3,-0.0169891761860837,0.0169891761860837,0.48443222777636336
Icam2,0.011010688421264875,0.011010688421264875,0.6504570638917141
Ccdc103,-0.004364769564115519,0.004364769564115519,0.8574504779937526
Ubtf,-0.0523789105869124,0.0523789105869124,0.031006763801424555
Mpp2,-0.01315198394838273,0.01315198394838273,0.5883311957445619
Mpp3,-0.007588820326836345,0.007588820326836345,0.7548119118878337
Sost,0.0014179251415432444,0.0014179251415432444,0.9534692769888349
Etv4,0.06252663869558266,0.06252663869558266,0.010005866674063089
1700113I22Rik,0.02837873186786247,0.02837873186786247,0.24277397577942317
Aoc2,-0.035763923122484706,0.035763923122484706,0.1409578158220362
Cntd1,-0.013151983948382727,0.013151983948382727,0.5883311957445619
Fam171a2,-0.024839028118755123,0.024839028118755123,0.30662127308496195
4930563E22Rik,-0.007588820326836343,0.007588820326836343,0.7548119118878337
Snord104,-0.024061923222628394,0.024061923222628394,0.322006283742029
Gm885,0.0014179251415432448,0.0014179251415432448,0.9534692769888349
Nt5c,0.00451393398763705,0.00451393398763705,0.8526337039402166
Cdr2l,-0.020945395144562614,0.020945395144562614,0.3886639851939022
C630004H02Rik,0.033969435832511434,0.033969435832511434,0.1620172587112191
Ush1g,0.09598875255952909,0.09598875255952909,7.517309463664659e-05
Nat9,-0.010855145276608687,0.010855145276608687,0.655073043983637
AF251705,-0.014844427630881245,0.014844427630881245,0.5412565929513588
Cd300ld,0.0526843240519756,0.0526843240519756,0.030038648069822323
Cd300lb,-0.009583758943398236,0.009583758943398236,0.6932846990703897
Pecam1,-0.03161078082341015,0.03161078082341015,0.1931978787741422
Cd300a,-0.014329262902547655,0.014329262902547655,0.5553848488625387
2610035D17Rik,0.02010045127866209,0.02010045127866209,0.40808942044673935
Kcnj2,-0.010707888924575651,0.010707888924575651,0.6594552741323725
Map2k6,0.006533196494885189,0.006533196494885189,0.7880389578136473
Abca9,0.03157219833590108,0.03157219833590108,0.19374219760304276
Gm11696,-0.01071083332191811,0.01071083332191811,0.6593675360967192
Axin2,0.009923708534334521,0.009923708534334521,0.6829858523300522
Ccdc46,0.08163846962692503,0.08163846962692503,0.0007648333152125696
Cacng1,-0.01861621537405729,0.01861621537405729,0.44357883315010455
Kif19a,-0.007588820326836344,0.007588820326836344,0.7548119118878337
Colec11,-0.023030469990854816,0.023030469990854816,0.34319093192536826
Wscd1,-0.007588820326836338,0.007588820326836338,0.7548119118878337
A430084P05Rik,-0.007588820326836335,0.007588820326836335,0.7548119118878337
Urgcp,-0.028037225876721777,0.028037225876721777,0.2484923014068148
Hormad2,-0.016989176186083713,0.016989176186083713,0.48443222777636336
Osm,0.12300898896466779,0.12300898896466779,3.7467569346324116e-07
Gal3st1,-0.03054006143695316,0.03054006143695316,0.20872371484553184
Slc35e4,-0.014472947978137016,0.014472947978137016,0.5514262861055559
Osbp2,-0.0186162153740573,0.0186162153740573,0.44357883315010455
Selm,-0.015534530815459625,0.015534530815459625,0.5226160582652913
8430429K09Rik,0.06909387326537926,0.06909387326537926,0.004416602764598701
Rnf185,-0.03875314671287049,0.03875314671287049,0.11062843023957263
Patz1,-0.029641117568031027,0.029641117568031027,0.22244061097817036
Pisd-ps1,0.010457398119395181,0.010457398119395181,0.6669365064361448
Itga7,-0.014961344796848425,0.014961344796848425,0.5380753221944538
Ormdl2,-0.05892159523847361,0.05892159523847361,0.015230157853394675
Tmem198b,-0.04210336819892061,0.04210336819892061,0.08302227424532574
Pmel,-0.020113762468687207,0.020113762468687207,0.4077789816791405
Ikzf4,-0.019796480837129236,0.019796480837129236,0.4152167221337245
Erbb3,-0.016703491435307874,0.016703491435307874,0.4918101176049105
Myl7,-0.013151983948382722,0.013151983948382722,0.5883311957445619
Camk2b,-0.04559001341262484,0.04559001341262484,0.060503920458948805
Myo1g,-0.007588820326836345,0.007588820326836345,0.7548119118878337
Ramp3,-0.007588820326836344,0.007588820326836344,0.7548119118878337
Ccdc88a,-0.02206716708996935,0.02206716708996935,0.3637608766014595
Ccdc104,0.03210111513705184,0.03210111513705184,0.1863777973818274
Papolg,0.024242590584569627,0.024242590584569627,0.31838530339567916
Fam161a,-0.00017589085254562237,0.00017589085254562237,0.994224732078906
1110067D22Rik,0.11877292236902093,0.11877292236902093,9.336368219874882e-07
Spred2,-0.0015810347551556848,0.0015810347551556848,0.9481238141891973
Meis1,1.5865136404346475e-05,1.5865136404346475e-05,0.9994790734999103
Wdr92,-0.004183221736103779,0.004183221736103779,0.8633201135879296
Slc39a5,-0.03738614162289127,0.03738614162289127,0.12379003185365187
Cnrip1,-0.015105142426647922,0.015105142426647922,0.534175544610179
Fignl1,-0.007588820326836321,0.007588820326836321,0.7548119118878337
Ikzf1,0.13557474560556054,0.13557474560556054,2.0814662336978733e-08
4930415F15Rik,-0.0075888203268363276,0.0075888203268363276,0.7548119118878337
Zpbp,0.0014179251415432452,0.0014179251415432452,0.9534692769888349
Upp1,0.016288262664151017,0.016288262664151017,0.5026400416519563
Gm11992,-0.019584130854158787,0.019584130854158787,0.4202390809965777
Igfbp3,-0.017526973561235663,0.017526973561235663,0.4707076212370633
Adcy1,-0.01861621537405731,0.01861621537405731,0.44357883315010455
Plek,-0.00758882032683634,0.00758882032683634,0.7548119118878337
Rps27a,-0.04024288658242957,0.04024288658242957,0.09756947662800138
Ankrd52,-0.031136235268164558,0.031136235268164558,0.19997107139359957
Timeless,-0.019609314410070404,0.019609314410070404,0.41964159960069286
Ptprb,-0.019591476027252124,0.019591476027252124,0.42006476476301535
Lgr5,0.05105230430482263,0.05105230430482263,0.035528458080589465
Rab21,-0.05538306188333855,0.05538306188333855,0.022555360964654086
Glipr1,-0.009505734847820038,0.009505734847820038,0.695656551091135
Bbs10,0.03715130068264395,0.03715130068264395,0.1261692418560879
Ppp1r12a,-0.029029973683654727,0.029029973683654727,0.23212693408222076
Acss3,-0.023765662531594747,0.023765662531594747,0.32800190447512323
Ppfia2,-0.010735379874562967,0.010735379874562967,0.6586362728762253
Tmtc2,-0.02386878776191654,0.02386878776191654,0.32590673285946886
4930430F08Rik,-0.007680239157634622,0.007680239157634622,0.7519546343891171
Cep290,-0.0247696225310114,0.0247696225310114,0.30797523030481644
Kitl,-0.01739014875320873,0.01739014875320873,0.47417892124339206
Csl,0.020815321918198324,0.020815321918198324,0.39161721536661204
Lum,-0.01900851526159395,0.01900851526159395,0.43403118139179203
Dcn,-0.025291197058376,0.025291197058376,0.2978969784992435
Gm8580,0.0041934078173269974,0.0041934078173269974,0.8629905838654062
Mir1931,0.030763676670761075,0.030763676670761075,0.20540878427665468
4933412E12Rik,-0.01804242320875793,0.01804242320875793,0.457757148236384
Lyz2,0.0005545948603696386,0.0005545948603696386,0.9817916394609756
Lyz1,0.054572573568103536,0.054572573568103536,0.024611026723970128
Nup107,-0.03797162841822586,0.03797162841822586,0.1180106941445382
Rdh18-ps,-0.01318076971957992,0.01318076971957992,0.5875149655495056
Ndufa4l2,0.0341328140121331,0.0341328140121331,0.16000690490674715
Stac3,-0.01679974646368182,0.01679974646368182,0.4893175944267684
Arhgap9,-0.010731620618815624,0.010731620618815624,0.6587482432589684
Kif5a,-0.004237301977828392,0.004237301977828392,0.861570837845334
Slc26a10,-0.02610538960590687,0.02610538960590687,0.282609300003368
Agap2,-0.00794886643579651,0.00794886643579651,0.7435785081847164
LOC100504703,0.04631482459694329,0.04631482459694329,0.056523397801705885
Il23a,0.04668386744635881,0.04668386744635881,0.05458186911026631
Avil,-0.007948866435796502,0.007948866435796502,0.7435785081847164
Ppm1h,-0.035075530654036874,0.035075530654036874,0.1487732836019113
A130077B15Rik,0.09598875255952907,0.09598875255952907,7.517309463664659e-05
Gm9079,-0.02011376246868723,0.02011376246868723,0.4077789816791405
Srgap1,-0.01458878087264033,0.01458878087264033,0.5482451789100095
Rassf3,-0.021542151002467716,0.021542151002467716,0.37528951528833004
Hmga2,-0.01073537987456297,0.01073537987456297,0.6586362728762185
Irak3,-0.016781130255048744,0.016781130255048744,0.4897991302742336
Mdm1,0.028258415469135663,0.028258415469135663,0.2447779658573379
Lrig3,-0.032753432945459085,0.032753432945459085,0.17758243853560032
Rtn4,-0.0522185727073461,0.0522185727073461,0.03152563759232508
Eml6,-0.007588820326836346,0.007588820326836346,0.7548119118878337
4931440F15Rik,-0.007588820326836333,0.007588820326836333,0.7548119118878337
Pik3r6,-0.012950817443678866,0.012950817443678866,0.5940498958277128
Ntn1,-0.013151983948382715,0.013151983948382715,0.5883311957445619
Gas7,0.08497068481318741,0.08497068481318741,0.0004599393964122873
Tmem220,0.03877439285781216,0.03877439285781216,0.11043294602751434
Zkscan6,-0.020380248135761142,0.020380248135761142,0.40159373264931364
Arhgap44,-0.032311182241615256,0.032311182241615256,0.18351098130932525
Pmp22,-0.017320333765951774,0.017320333765951774,0.47595555594143857
Zfp287,-0.0075888203268363414,0.0075888203268363414,0.7548119118878337
Mmgt2,-0.00579224180304821,0.00579224180304821,0.8115978196443442
BC046404,-0.0237728014732998,0.0237728014732998,0.32785658356761765
Grap,0.016598701342807817,0.016598701342807817,0.49453137730654767
B9d1,-0.018811823303131508,0.018811823303131508,0.4388032908290454
Gm16516,-0.04009936558512815,0.04009936558512815,0.09877137740893466
Shmt1,0.014583998851169136,0.014583998851169136,0.5483763276251615
Lrrc48,0.029386875924955803,0.029386875924955803,0.22643450062117904
Rai1,-0.02812699517603339,0.02812699517603339,0.24698012494095467
Nlrp3,0.12300898896466785,0.12300898896466785,3.746756934632096e-07
Arhgef15,-0.007878523515341768,0.007878523515341768,0.7457690037940906
Slc25a35,-0.007948866435796512,0.007948866435796512,0.7435785081847164
Aurkb,-0.007588820326836331,0.007588820326836331,0.7548119118878337
Per1,-0.045755968397311456,0.045755968397311456,0.059572613837102224
Zfp3,-0.013591630919818389,0.013591630919818389,0.5759223506801231
Chrne,0.09598875255952909,0.09598875255952909,7.517309463664659e-05
Tm4sf5,-0.007588820326836341,0.007588820326836341,0.7548119118878337
Alox12,-0.010735379874562993,0.010735379874562993,0.6586362728762185
Bcl6b,-0.02731979403764104,0.02731979403764104,0.2608101521778353
Dlg4,-0.007588820326836343,0.007588820326836343,0.7548119118878337
Slc2a4,-0.0240619232226284,0.0240619232226284,0.322006283742029
Ybx2,-0.016989176186083702,0.016989176186083702,0.48443222777636336
4933439C10Rik,0.0006794230539127633,0.0006794230539127633,0.9776942711330671
2810408A11Rik,-0.010735379874562969,0.010735379874562969,0.6586362728762185
G630025P09Rik,-0.007948866435796512,0.007948866435796512,0.7435785081847164
Polr2a,0.028278309755486387,0.028278309755486387,0.2444458086219535
Cd68,-0.022422560733066782,0.022422560733066782,0.35608393567450786
Efnb3,-0.007588820326836341,0.007588820326836341,0.7548119118878337
Kdm6b,-0.07943944878092066,0.07943944878092066,0.001059315145053318
Cyb5d1,0.1230089889646678,0.1230089889646678,3.7467569346324116e-07
A030009H04Rik,-0.022054027617656773,0.022054027617656773,0.36404667391194584
Hes7,-0.007588820326836343,0.007588820326836343,0.7548119118878337
Acap1,0.10135678187690277,0.10135678187690277,2.8918064994256047e-05
Jmjd4,0.000836182903177619,0.000836182903177619,0.972549621961829
Wnt9a,-0.020113762468687197,0.020113762468687197,0.4077789816791405
Hist3h2a,0.01848906855456039,0.01848906855456039,0.44669881741401357
Timd4,-0.010714473940442318,0.010714473940442318,0.6592590583272034
Havcr2,-0.007588820326836341,0.007588820326836341,0.7548119118878337
Cyfip2,-0.005434918577950622,0.005434918577950622,0.823021656875312
Adam19,-0.02094817415062152,0.02094817415062152,0.3886010378019182
Thg1l,0.0384613528266914,0.0384613528266914,0.1133409179170503
Ebf1,-0.007588820326836339,0.007588820326836339,0.7548119118878337
Ccnjl,-0.007588820326836342,0.007588820326836342,0.7548119118878337
C1qtnf2,-0.010735379874562976,0.010735379874562976,0.6586362728762185
Trim7,-0.018616215374057297,0.018616215374057297,0.44357883315010455
Hmmr,-0.01073462543492558,0.01073462543492558,0.6586587434383137
Ccdc99,-0.0185407883654164,0.0185407883654164,0.44542819122015265
Dock2,-0.007588820326836339,0.007588820326836339,0.7548119118878337
Lcp2,-0.010469770824287558,0.010469770824287558,0.6665661939931263
Stk10,-0.02342865719008542,0.02342865719008542,0.3349095032667265
Efcab9,-0.007588820326836348,0.007588820326836348,0.7548119118878337
Sh3pxd2b,-0.0147285764125782,0.0147285764125782,0.5444180900778139
Mpg,0.02384849947039834,0.02384849947039834,0.3263182370200778
Acyp2,-0.04829889800496909,0.04829889800496909,0.0467271975390853
Slit3,-0.004364769564115517,0.004364769564115517,0.8574504779937526
Derl2,-0.16117956079121298,0.16117956079121298,2.4457499373177734e-11
Gm5431,-0.0107347101574527,0.0107347101574527,0.6586562200099456
Btnl9,0.05196794856417599,0.05196794856417599,0.03235159057793828
Hist3h2ba,-0.007588820326836334,0.007588820326836334,0.7548119118878337
Zfp692,-0.020399309240145776,0.020399309240145776,0.40115348251045946
Gm12250,0.11839301238781468,0.11839301238781468,1.011783934328242e-06
Mfap3,-0.017895908663133276,0.017895908663133276,0.46141780991258946
Slc36a1,-0.04607965916107669,0.04607965916107669,0.05779030562158513
Gpx3,-0.020344587299900387,0.020344587299900387,0.40241816076659787
Pdlim4,-0.012774181325305181,0.012774181325305181,0.599092097461481
Gm12216,0.02292278320347626,0.02292278320347626,0.3454528513112245
Tgtp2,0.1230089889646678,0.1230089889646678,3.7467569346324116e-07
Tcf7,0.0062321035838739935,0.0062321035838739935,0.7975902593232008
D930048N14Rik,-0.014794009302066743,0.014794009302066743,0.542631346630141
Rmnd5b,-0.023002826748370148,0.023002826748370148,0.34377066363258907
Clk4,-0.10182895028806163,0.10182895028806163,2.6526249680041843e-05
Zfp354b,-0.013331656926214302,0.013331656926214302,0.5832450975572236
Zfp879,-0.014933791619170304,0.014933791619170304,0.5388241882351156
Zfp354c,-0.010735379874562972,0.010735379874562972,0.6586362728762185
Ltc4s,0.036902713399912426,0.036902713399912426,0.1287263278517444
Flt4,0.02372192474324926,0.02372192474324926,0.32889314598894226
Cdkl3,-0.007948866435796512,0.007948866435796512,0.7435785081847164
H2-Q1,0.09434213057338604,0.09434213057338604,9.980589871890988e-05
Zfp58,-0.011875394119644962,0.011875394119644962,0.6250432547027777
E030024N20Rik,0.05778346246725207,0.05778346246725207,0.01731720661501411
Stard6,-0.00294823834338304,0.00294823834338304,0.9034323261006435
Dhtkd1,0.0013136134098470087,0.0013136134098470087,0.9568889151018496
Syt12,-0.018616215374057277,0.018616215374057277,0.44357883315010455
Gata3,-5.832675756872567e-05,5.832675756872567e-05,0.9980848619315623
Lrfn4,-0.007588820326836341,0.007588820326836341,0.7548119118878337
Spink5,-0.021508884833456057,0.021508884833456057,0.37602751448727045
Prkcq,-0.01313397895946623,0.01313397895946623,0.5888419992220602
Ndufs8,0.08167613976173146,0.08167613976173146,0.0007605256064886393
Ptar1,-0.02246589706212078,0.02246589706212078,0.3551548490530724
Runx2,0.1230089889646678,0.1230089889646678,3.7467569346324116e-07
Spink3,-0.035857640466632985,0.035857640466632985,0.13991867229375624
Itga8,-0.012533730609692168,0.012533730609692168,0.6059868962546852
E030003E18Rik,0.027414081562030457,0.027414081562030457,0.2591676344034466
Trpm6,-0.024061923222628415,0.024061923222628415,0.322006283742029
Trdmt1,0.03976466239819344,0.03976466239819344,0.1016202063108199
Vim,-0.012535078046939546,0.012535078046939546,0.6059481605079159
4921530L18Rik,-0.02396097883665068,0.02396097883665068,0.3240410840023156
Gm960,-0.011251367864283289,0.011251367864283289,0.6433409148147411
Cdc42ep3,-0.011916606169531404,0.011916606169531404,0.6238427640956435
Trim36,-0.007588820326836342,0.007588820326836342,0.7548119118878337
Ebi3,0.09749725736781788,0.09749725736781788,5.7753336570978364e-05
Ccdc112,-0.01280740773768264,0.01280740773768264,0.5981421474199313
Pgm5,0.06889724900603013,0.06889724900603013,0.004530568171657162
4933411K16Rik,-0.014933791619170314,0.014933791619170314,0.5388241882351156
Pot1b,-0.013793967835017833,0.013793967835017833,0.5702532629136672
2700046G09Rik,-0.01648292048661079,0.01648292048661079,0.4975473805144801
Cdnf,-0.013293220401928527,0.013293220401928527,0.584331417235958
Emr4,-0.01262776217601464,0.01262776217601464,0.6032863652889477
Frmd4a,0.0018202896096264631,0.0018202896096264631,0.9402871897746415
Prpf18,-0.019426765869162484,0.019426765869162484,0.42398386680687533
Emilin2,-0.007588820326836339,0.007588820326836339,0.7548119118878337
2410091C18Rik,0.0373755838743341,0.0373755838743341,0.12389623759063655
Sema6a,-0.03156407823915874,0.03156407823915874,0.19385689847784723
Rsph9,-0.00774156603146856,0.00774156603146856,0.7500397741192408
Fam189a2,-0.018616215374057308,0.018616215374057308,0.44357883315010455
Arhgap19,-0.020836882247666933,0.020836882247666933,0.3911267631855607
Blnk,0.05884569166438402,0.05884569166438402,0.015362122207326339
Emr1,0.015320437815152696,0.015320437815152696,0.5283635306790584
Zfp119a,0.003745394343013202,0.003745394343013202,0.8775059737424372
Apba1,0.09598875255952909,0.09598875255952909,7.517309463664659e-05
Mospd4,-0.007588820326836341,0.007588820326836341,0.7548119118878337
A930004D18Rik,0.025924896481934044,0.025924896481934044,0.28595162454475104
Gm17762,0.032745438548692885,0.032745438548692885,0.17768832658125774
Gcnt1,-0.00758882032683634,0.00758882032683634,0.7548119118878337
Clic5,-0.015191090049890476,0.015191090049890476,0.5318514804184041
Rell2,-0.01674498938977309,0.01674498938977309,0.49073469434310013
Hnmt,0.06728407435383653,0.06728407435383653,0.00557085045026417
Diap1,-0.009774655025165637,0.009774655025165637,0.6874943428459978
Pcdhga6,-0.0075888203268363345,0.0075888203268363345,0.7548119118878337
Mpeg1,0.2388350483629898,0.2388350483629898,1.9958877537614908e-23
Peli3,-0.016989176186083716,0.016989176186083716,0.48443222777636336
Wdr85,-0.013998006798769537,0.013998006798769537,0.564563539437847
Ankrd12,-0.01903706947683331,0.01903706947683331,0.43334090300209527
Stx3,-0.012489591177400165,0.012489591177400165,0.6072564158464809
Slc25a2,-0.015126962391618853,0.015126962391618853,0.5335850376235332
Cdkl4,-0.018616215374057273,0.018616215374057273,0.44357883315010455
Nrarp,-0.014912693857374593,0.014912693857374593,0.5393979556289463
Pcdhb17,-0.010735379874562967,0.010735379874562967,0.6586362728762253
Lipo1,-0.03750016777876421,0.03750016777876421,0.12264750399206995
Gpr110,0.003097650320056655,0.003097650320056655,0.8985642214855196
Pcdhb16,-0.0075888203268363475,0.0075888203268363475,0.7548119118878337
Tnfrsf21,-0.010570960794927276,0.010570960794927276,0.6635406529426927
Pcdhb14,-0.0075888203268363345,0.0075888203268363345,0.7548119118878337
Entpd1,0.12300898896466782,0.12300898896466782,3.7467569346324116e-07
Mapk4,-0.02367140770729325,0.02367140770729325,0.32992447765722815
Tnfaip8,0.060916676107226585,0.060916676107226585,0.012101074463367103
Fchsd1,-0.006938852640279994,0.006938852640279994,0.7752211225025422
Rnls,0.039093812009926246,0.039093812009926246,0.10752673260266087
Gna14,-0.002526134957916014,0.002526134957916014,0.9172042108972576
Rbm4b,-0.004857008012863054,0.004857008012863054,0.8415763580337289
Me2,-0.006803765942301709,0.006803765942301709,0.7794829607506174
Pip4k2a,-0.019352983189211945,0.019352983189211945,0.4257463531633143
4930426L09Rik,-0.007588820326836341,0.007588820326836341,0.7548119118878337
Zdhhc24,0.008761819483423073,0.008761819483423073,0.718417407524129
Pcdh12,0.0030498809074755405,0.0030498809074755405,0.9001202270829731
Gm10190,-0.010735379874562969,0.010735379874562969,0.6586362728762185
Armc3,-0.007588820326836345,0.007588820326836345,0.7548119118878337
1700086O06Rik,0.04330752031934896,0.04330752031934896,0.07458069750356537
Chaf1a,0.01210251788966839,0.01210251788966839,0.6184396644544885
Kif20b,-0.012727767457569109,0.012727767457569109,0.6004202219990201
Gm3230,-0.00892377581894643,0.00892377581894643,0.7134400493138312
Bbs1,-0.01831792361253745,0.01831792361253745,0.450918080583937
Vav1,0.06964057744195691,0.06964057744195691,0.00411324092209605
Gm13375,-0.015025534555979035,0.015025534555979035,0.5363327395111495
Fam111a,-0.018759189278692988,0.018759189278692988,0.44008537926791563
Enkur,-0.0075888203268363414,0.0075888203268363414,0.7548119118878337
Pdss1,-0.014199481351996291,0.014199481351996291,0.5589722445810549
Gm14872,-0.012956476002515063,0.012956476002515063,0.5938886893362973
1700055N04Rik,-0.02524384540267985,0.02524384540267985,0.2988027504959513
Fam171a1,-0.027505295555951315,0.027505295555951315,0.25758548483834803
Csf2ra,-0.014290024243018054,0.014290024243018054,0.5564682902440463
Kazald1,0.04181833789686172,0.04181833789686172,0.08512968559037876
Dpcd,0.038408961770820677,0.038408961770820677,0.11383343743294821
Satb1,0.06229321998411756,0.06229321998411756,0.010288100831663241
Hps6,-0.020459435923871234,0.020459435923871234,0.3997666481057198
D18Ertd653e,-0.04850405360626263,0.04850405360626263,0.045801071097227294
Afap1l1,0.041839095871570135,0.041839095871570135,0.08497476349419197
Pprc1,-0.07092690567156834,0.07092690567156834,0.0034726009390145
Nfkb2,-0.005517357723973184,0.005517357723973184,0.8203826059226894
Lbh,-0.02830077830013901,0.02830077830013901,0.24407105158893308
1500015A07Rik,-0.022370597858433136,0.022370597858433136,0.35719998317117163
LOC545261,0.022502977204155006,0.022502977204155006,0.3543611033087471
2310034G01Rik,-0.014752758443662337,0.014752758443662337,0.5437574231580203
Sufu,-0.007588820326836339,0.007588820326836339,0.7548119118878337
Pitpnm1,-0.03339660339902696,0.03339660339902696,0.16921648534328979
Csnk1a1,0.03356570989748472,0.03356570989748472,0.1670666902029221
Arhgef37,0.08401185294185796,0.08401185294185796,0.0005334085170166058
Pde6a,-0.00758882032683634,0.00758882032683634,0.7548119118878337
Insl6,-0.012779158468635081,0.012779158468635081,0.5989497564024561
Pcyox1l,-0.029720890881419527,0.029720890881419527,0.22119789830045927
Sh3tc2,-0.007588820326836335,0.007588820326836335,0.7548119118878337
Usp49,-0.011841667135479756,0.011841667135479756,0.6260264485251634
Cd274,-0.019864471164586613,0.019864471164586613,0.41361618062205685
BC037704,-0.00427545176513437,0.00427545176513437,0.8603372548920958
Rftn1,-0.014715940064100621,0.014715940064100621,0.5447634808362416
Dnmbp,0.046683867446358794,0.046683867446358794,0.05458186911026631
Prkg1,-0.007588820326836343,0.007588820326836343,0.7548119118878337
Gnal,0.018531334999933098,0.018531334999933098,0.4456602829002714
Pmaip1,-0.006403244242826459,0.006403244242826459,0.7921575035667988
Scd2,-0.03372917630255386,0.03372917630255386,0.16500815000219235
4930549G23Rik,-0.007588820326836341,0.007588820326836341,0.7548119118878337
Doc2g,-0.03944710379303405,0.03944710379303405,0.10438317137734447
Cnnm1,0.02938687592495577,0.02938687592495577,0.22643450062117904
Il33,-0.008919867917327677,0.008919867917327677,0.7135600073771804
Zfp532,-0.0004827375442047026,0.0004827375442047026,0.9841505130419671
Cep192,-0.028616472085360056,0.028616472085360056,0.23884812623738688
A930007I19Rik,-0.01315198394838273,0.01315198394838273,0.5883311957445619
Trmt61b,-0.006460482417464178,0.006460482417464178,0.7903427461728694
Guca1b,-0.01315198394838272,0.01315198394838272,0.5883311957445619
St8sia3,-0.01680166083398006,0.01680166083398006,0.489268090846393
Spink10,-0.0195665260279378,0.0195665260279378,0.42065705292107725
Sfxn3,-0.010290054580976437,0.010290054580976437,0.6719529960841973
Slc26a2,-0.008846694236029443,0.008846694236029443,0.7158074713257134
Csf1r,-0.029892807054824968,0.029892807054824968,0.21853670012163517
Cul7,-0.0009001844916347208,0.0009001844916347208,0.9704494910666689
Pdgfrb,-0.007588820326836339,0.007588820326836339,0.7548119118878337
Ablim1,-0.011079854512850651,0.011079854512850651,0.6484087364615254
Gm4841,0.17401231912841308,0.17401231912841308,5.349896325574418e-13
B230217O12Rik,-0.010735379874562972,0.010735379874562972,0.6586362728762185
Smarca2,-0.06029060373296334,0.06029060373296334,0.013015399549256323
Sgms1,-0.06574783582983751,0.06574783582983751,0.006756849815040617
March3,-0.007588820326836343,0.007588820326836343,0.7548119118878337
Zfp608,-0.019792475637564366,0.019792475637564366,0.4153111213317478
Ppic,0.01569150920164735,0.01569150920164735,0.51842235019242
2610016A17Rik,-0.008923775818946425,0.008923775818946425,0.7134400493138312
Morn4,-0.013151983948382712,0.013151983948382712,0.5883311957445619
Hspa12a,-0.013121865784137697,0.013121865784137697,0.5891857663719756
Rab11fip2,0.03954283344613496,0.03954283344613496,0.10354405565318604
Gm88,0.0880090799373725,0.0880090799373725,0.0002847344095102495
Carns1,-0.03658648587515661,0.03658648587515661,0.13203712458417782
Nanos1,-0.010735379874562951,0.010735379874562951,0.6586362728762253
Sncaip,-0.010735379874562972,0.010735379874562972,0.6586362728762185
Polh,-0.013151983948382724,0.013151983948382724,0.5883311957445619
Prr16,0.0753402077064084,0.0753402077064084,0.0019039131536772338
Sfxn4,-0.015098044796112858,0.015098044796112858,0.5343676966288291
C030016D13Rik,-0.019811019454154363,0.019811019454154363,0.4148741655728032
Csprs,0.0014179251415432444,0.0014179251415432444,0.9534692769888349
Afap1l2,-0.007588820326836338,0.007588820326836338,0.7548119118878337
Strn,-0.019789814926941995,0.019789814926941995,0.41537383905470227
Ccdc68,0.012319131744928807,0.012319131744928807,0.6121701936068893
Cd74,0.2112851905949167,0.2112851905949167,1.4393825278780456e-18
Cabp4,0.0020042942938063553,0.0020042942938063553,0.9342641332476415
Ttbk1,0.045517676659230365,0.045517676659230365,0.06091361626266355
Calhm2,-0.017493515421932608,0.017493515421932608,0.4715551708260336
Neurl1a,-0.010721754697972288,0.010721754697972288,0.6590421385562295
Obfc1,0.022931579864346144,0.022931579864346144,0.3452677255095033
Rps14,-0.001296900875654653,0.001296900875654653,0.9574368752959282
Gsto2,0.04668386744635878,0.04668386744635878,0.05458186911026631
Itprip,0.03704424009728448,0.03704424009728448,0.12726562956087065
5830416P10Rik,-0.010735379874562974,0.010735379874562974,0.6586362728762185
Dusp5,-0.007588820326836343,0.007588820326836343,0.7548119118878337
Rbm20,0.007366956339797642,0.007366956339797642,0.7617601107372122
Adra2a,-0.012956476002515049,0.012956476002515049,0.5938886893362973
Ptprcap,0.05583983038137041,0.05583983038137041,0.02146386690211037
Crip3,0.019104354415175516,0.019104354415175516,0.4317168472459232
Rab31,0.02150593156911811,0.02150593156911811,0.3760930749321604
Map4k2,-0.016972683471867284,0.016972683471867284,0.484856520144474
Nrap,-0.007588820326836342,0.007588820326836342,0.7548119118878337
A630007B06Rik,0.02450826152310461,0.02450826152310461,0.31310925034828296
Vaultrc5,-0.016354140825981113,0.016354140825981113,0.5009134528275512
Npdc1,-0.026895559591482474,0.026895559591482474,0.26828936549379145
Plin4,0.003871379665469768,0.003871379665469768,0.873419739867548
4833418N02Rik,-0.02845638566249538,0.02845638566249538,0.24148670986583326
Ints5,-0.02352740336746138,0.02352740336746138,0.3328758710731978
Epcam,-0.0028829024567504176,0.0028829024567504176,0.9055622353738351
Mir5136,-0.01125136786428329,0.01125136786428329,0.6433409148147411
Treml4,-0.00758882032683634,0.00758882032683634,0.7548119118878337
Ifit2,-0.014621510657473174,0.014621510657473174,0.5473479682155271
Fam125b,-0.026405412016620014,0.026405412016620014,0.2771123132697506
Psma8,-0.022487354475557293,0.022487354475557293,0.3546953903340447
Taf4b,-0.009442925364909403,0.009442925364909403,0.6975680595628325
Cabyr,-0.016703491435307867,0.016703491435307867,0.4918101176049105
Lama3,-0.003062407301790528,0.003062407301790528,0.8997121642085039
Ankrd29,-0.007588820326836342,0.007588820326836342,0.7548119118878337
Pbx3,-0.013093824645627973,0.013093824645627973,0.5899819175889395
Gng3,-0.0075888203268363475,0.0075888203268363475,0.7548119118878337
Cables1,-0.015704163284020713,0.015704163284020713,0.5180850524248235
O3far1,-0.02150888483345605,0.02150888483345605,0.37602751448727045
Gm2518,-0.010735379874562967,0.010735379874562967,0.6586362728762253
Zfp407,-0.010048585469578108,0.010048585469578108,0.6792173126641525
Ehbp1l1,0.05004968505565603,0.05004968505565603,0.039308365220084455
Kctd1,-0.015191090049890478,0.015191090049890478,0.5318514804184041
Angptl2,-0.021500929228944927,0.021500929228944927,0.3762041395385272
B4galt6,-0.020162793228366085,0.020162793228366085,0.40663671747786817
Clic3,-0.016801660833980096,0.016801660833980096,0.489268090846393
Prr22,-0.007948866435796493,0.007948866435796493,0.7435785081847164
Lcn2,0.09507680939777875,0.09507680939777875,8.799873205888784e-05
Hells,-0.02364385209475431,0.02364385209475431,0.3304879208325353
Pigf,-0.03137309081869949,0.03137309081869949,0.19656908187356073
Rfx2,0.015874750170041807,0.015874750170041807,0.5135491079220567
Fen1,-0.004627917368153997,0.004627917368153997,0.8489566733303557
Naif1,-0.013151983948382729,0.013151983948382729,0.5883311957445619
Eng,-0.043760916962914814,0.043760916962914814,0.07158958679484889
Fads3,0.019203806140350332,0.019203806140350332,0.42932284772616836
Cfl1,0.06957923483824857,0.06957923483824857,0.00414631241247157
1700020D05Rik,-0.007588820326836343,0.007588820326836343,0.7548119118878337
Stxbp1,-0.025711916341390514,0.025711916341390514,0.28992973037892866
Fam129b,0.029344440011993177,0.029344440011993177,0.22710607455536674
Snora65,-0.007948866435796505,0.007948866435796505,0.7435785081847164
Garnl3,-0.007588820326836343,0.007588820326836343,0.7548119118878337
Ralgps1,-0.0169891761860837,0.0169891761860837,0.48443222777636336
Ahnak,0.007210412643045824,0.007210412643045824,0.766674259070998
Zfp161,0.04226883805617282,0.04226883805617282,0.0818183543548468
Myof,-0.007588820326836341,0.007588820326836341,0.7548119118878337
Tigd3,-0.007588820326836347,0.007588820326836347,0.7548119118878337
Phf19,-0.019848308873674708,0.019848308873674708,0.41399632166378464
Gm10814,-0.00758882032683634,0.00758882032683634,0.7548119118878337
Ppp1r3c,0.1380051673296226,0.1380051673296226,1.1529915526379729e-08
Zbtb26,-0.02671944276862149,0.02671944276862149,0.271437115594833
4833419F23Rik,-0.007588820326836344,0.007588820326836344,0.7548119118878337
Lhx2,-0.0131519839483827,0.0131519839483827,0.5883311957445619
Ddr1,-0.0214037197641292,0.0214037197641292,0.37836644925442786
Gm16523,0.009553430394032489,0.009553430394032489,0.6942063004852413
Map3k8,-0.01141814570291014,0.01141814570291014,0.6384288591185533
Hectd2,-0.020282742355555418,0.020282742355555418,0.40385033008567556
Ifit1,0.009943256402430982,0.009943256402430982,0.6823954118532919
Dennd1c,0.08884023433104823,0.08884023433104823,0.0002490717963328073
Cdca5,-0.010724345549617698,0.010724345549617698,0.658964954743448
Arl2,-0.03146091410605892,0.03146091410605892,0.19531848780292965
Pou5f1,-0.012935632573089065,0.012935632573089065,0.5944825958906145
H2-Q7,-0.013765696453242035,0.013765696453242035,0.5710437727415348
Rttn,-0.015035572204732877,0.015035572204732877,0.5360605005885439
Cd226,0.08163846962692504,0.08163846962692504,0.0007648333152125696
Pygm,-0.013151983948382722,0.013151983948382722,0.5883311957445619
Batf2,0.1230089889646678,0.1230089889646678,3.7467569346324116e-07
Nrxn1,-0.010735379874562969,0.010735379874562969,0.6586362728762185
Zfp438,0.000573719415650386,0.000573719415650386,0.9811638600512131
1810006K21Rik,-0.06539474874157478,0.06539474874157478,0.00705961459802364
Arhgap12,-0.019372645381604343,0.019372645381604343,0.4252762547656187
Fgfbp3,0.08540337955975273,0.08540337955975273,0.00042997512592308736
Gm8801,-0.010735379874562963,0.010735379874562963,0.6586362728762253
Slc22a29,-0.05296070452958962,0.05296070452958962,0.02918505051939192
Slc22a28,0.053943419225167794,0.053943419225167794,0.02631673397697423
Gsn,-0.012386707233077738,0.012386707233077738,0.6102201145685026
Ggta1,0.033344511889243235,0.033344511889243235,0.16988286634264077
Snrpd1,0.005688203824699779,0.005688203824699779,0.8149199582095284
Gm14446,-0.0102315871727407,0.0102315871727407,0.6737091456631847
Ppp1r18,-0.023346883605195642,0.023346883605195642,0.33659963364178885
Kif11,-0.008810842239488234,0.008810842239488234,0.7169095334097443
Tnfsf14,-0.007588820326836335,0.007588820326836335,0.7548119118878337
Greb1l,-0.022820378074328594,0.022820378074328594,0.34761261813973104
Nrm,-0.022335905405230415,0.022335905405230415,0.35794632410779736
Trem2,-0.007588820326836339,0.007588820326836339,0.7548119118878337
Ccny,-0.03289073879160751,0.03289073879160751,0.17577110437292512
Flrt1,-0.01855631384294927,0.01855631384294927,0.44504717114600273
I830012O16Rik,-0.013967233026011036,0.013967233026011036,0.565419930419741
Fermt3,0.019454858034604595,0.019454858034604595,0.4233139365170998
Rbm18,-0.022160036167308515,0.022160036167308515,0.36174487621701285
Ptgs1,-0.02539122249847482,0.02539122249847482,0.2959896603271963
Flot1,-0.011262657689959751,0.011262657689959751,0.6430079040760553
Slc39a6,-0.038303099708454,0.038303099708454,0.11483376631684869
Zfp516,-0.04150222568508492,0.04150222568508492,0.08751722930556795
Efemp2,-0.013615808512938463,0.013615808512938463,0.5752435449182179
Ms4a6b,0.05160050077856488,0.05160050077856488,0.03359599734208067
Rexo4,-0.013525970963952066,0.013525970963952066,0.5777677116433159
Gabbr1,-0.01313764977990449,0.01313764977990449,0.5887378410508369
Thada,-0.008514167720262365,0.008514167720262365,0.7260514913676693
Ms4a6c,0.014418372476847418,0.014418372476847418,0.5529282228367303
Uhrf1,0.09162041288333385,0.09162041288333385,0.0001578856897013268
Slc23a1,-0.05257643244405901,0.05257643244405901,0.030377641326912497
Zfp57,-0.007588820326836347,0.007588820326836347,0.7548119118878337
Col5a1,-0.016989176186083692,0.016989176186083692,0.48443222777636336
Ptprm,-0.019252897909943122,0.019252897909943122,0.42814395922745435
Ms4a7,0.12300898896466782,0.12300898896466782,3.7467569346324116e-07
Lama1,-0.007588820326836338,0.007588820326836338,0.7548119118878337
Olfm1,0.021376012377466395,0.021376012377466395,0.3789841648523245
Ppp1r26,-0.0075888203268363475,0.0075888203268363475,0.7548119118878337
Haus1,0.028298305967249082,0.028298305967249082,0.24411226833922547
1700007K13Rik,-0.014905613608564535,0.014905613608564535,0.5395905761123198
Ralgds,-0.018420795035566373,0.018420795035566373,0.4483792781284086
Rpp21,0.013007408359421503,0.013007408359421503,0.5924385800536485
Pard6g,0.02631863153452406,0.02631863153452406,0.27869476318931335
1700066B19Rik,-0.009766427777354546,0.009766427777354546,0.6877435216163422
Kif20a,0.040085551474204444,0.040085551474204444,0.09888768248489817
Ubd,0.23614892685710248,0.23614892685710248,6.343486804167018e-23
Tmem173,-0.007588820326836342,0.007588820326836342,0.7548119118878337
Slc8a1,-0.007588820326836348,0.007588820326836348,0.7548119118878337
Slc29a2,-0.028460249981916735,0.028460249981916735,0.2414227767151038
Zmat2,0.07548357733007588,0.07548357733007588,0.0018661237588153481
Stambpl1,-0.04006729560594988,0.04006729560594988,0.0990415515457721
Lcn12,-0.016989176186083692,0.016989176186083692,0.48443222777636336
Dnd1,-0.01852773498756658,0.01852773498756658,0.44574868570231463
Cd14,0.06361507919328413,0.06361507919328413,0.008778746493913967
Gm996,-0.007588820326836345,0.007588820326836345,0.7548119118878337
Zbtb7c,0.04940422880985381,0.04940422880985381,0.04191804279726748
Bmyc,-0.020725177948447294,0.020725177948447294,0.3936718369853207
Ms4a6d,0.12300898896466779,0.12300898896466779,3.7467569346324116e-07
Ms4a4d,-0.007588820326836337,0.007588820326836337,0.7548119118878337
Cenpq,0.02199364635947938,0.02199364635947938,0.3653618322931469
Slc4a9,-0.013151983948382715,0.013151983948382715,0.5883311957445619
Hbegf,-0.04048273527422722,0.04048273527422722,0.09558698429003727
Fam69b,-0.007588820326836344,0.007588820326836344,0.7548119118878337
H2-M3,0.048294215601127066,0.048294215601127066,0.04674851759061133
Acta2,-0.0075888203268363414,0.0075888203268363414,0.7548119118878337
Gm711,0.09598875255952907,0.09598875255952907,7.517309463664659e-05
Pdlim1,-0.0010338805520888426,0.0010338805520888426,0.9660631020227861
Ppapdc3,-0.019934623042078176,0.019934623042078176,0.4119685856647376
4933408B17Rik,-0.015191087136682106,0.015191087136682106,0.5318515591060948
6530402F18Rik,-0.010735379874562977,0.010735379874562977,0.6586362728762185
Ier5l,-0.007588820326836344,0.007588820326836344,0.7548119118878337
D330050I16Rik,-0.03266340588785672,0.03266340588785672,0.17877758737312122
A930015D03Rik,-0.004364769564115516,0.004364769564115516,0.8574504779937526
Asb6,-0.03384747150180226,0.03384747150180226,0.16353039286956772
Ptges,-0.021206148430075754,0.021206148430075754,0.3827846919268778
Cd5,0.12300898896466779,0.12300898896466779,3.7467569346324116e-07
1110020A21Rik,0.058632814396824516,0.058632814396824516,0.015737606046687357
Mbp,-0.012696542770695679,0.012696542770695679,0.6013144584947053
Tmem138,-0.020852680380403797,0.020852680380403797,0.3907676255442355
Sap130,-0.007351858967644175,0.007351858967644175,0.7622336260935122
Zfp236,-0.03867870951874746,0.03867870951874746,0.11131547612143027
Celf4,-0.01308634565800733,0.01308634565800733,0.590194346551963
D330023K18Rik,0.07262991604445625,0.07262991604445625,0.0027640284232091886
AW554918,-0.01877141202408003,0.01877141202408003,0.4397874596706221
Lamc3,0.1357886572657283,0.1357886572657283,1.9768316838269975e-08
Ctsw,0.16153808946552073,0.16153808946552073,2.2069251107823718e-11
Fhod3,0.006232103583874007,0.006232103583874007,0.7975902593232008
Syt7,-0.013151983948382738,0.013151983948382738,0.5883311957445619
Fam78a,-0.010635688323103302,0.010635688323103302,0.6616081915394934
Nme5,-0.0075888203268363414,0.0075888203268363414,0.7548119118878337
Tmem146,0.01152586541478683,0.01152586541478683,0.6352646127627868
Ranbp3,0.011650388218007141,0.011650388218007141,0.631615057667837
Tslp,-0.007588820326836332,0.007588820326836332,0.7548119118878337
Trub2,-0.029358255966860126,0.029358255966860126,0.22688727313046098
Dync2li1,0.11901662716765705,0.11901662716765705,8.865997153274572e-07
Adnp2,-0.0009647558222839175,0.0009647558222839175,0.9683308723041454
Fam13b,0.015524947490301394,0.015524947490301394,0.5228726414277688
Pkd2l2,-0.013151983948382727,0.013151983948382727,0.5883311957445619
Slc27a4,-0.0987372981519025,0.0987372981519025,4.6369737664658174e-05
Gm10548,-0.00758882032683634,0.00758882032683634,0.7548119118878337
H2-T24,0.06464719558904908,0.06464719558904908,0.0077411143458477405
Cercam,-0.0075888203268363414,0.0075888203268363414,0.7548119118878337
H2-Bl,-0.022520163119904492,0.022520163119904492,0.3539935977518195
Mdfi,0.0701518074800529,0.0701518074800529,0.0038467882872749554
Epb4.1l4a,0.03596518674622308,0.03596518674622308,0.13873346087144048
Tmem132a,-0.015058199073149614,0.015058199073149614,0.5354470746439082
Slc15a3,-0.0195448794012114,0.0195448794012114,0.4211713189856879
Camk4,-0.0075888203268363414,0.0075888203268363414,0.7548119118878337
Dolpp1,-0.01388884803152779,0.01388884803152779,0.567604088031814
Aldh3b1,-0.030983966677319834,0.030983966677319834,0.20218069315820864
Cyp46a1,-0.02044804587654077,0.02044804587654077,0.40002914050161303
Dio3os,-0.017204089356828375,0.017204089356828375,0.4789217872151657
Vrk1,0.04188316891667749,0.04188316891667749,0.08464659034049564
Car2,-0.047158899457299924,0.047158899457299924,0.052164850605149034
Hist4h4,0.02253514433647221,0.02253514433647221,0.353673434097398
Car1,0.09454941577561443,0.09454941577561443,9.633142674712133e-05
Ifi27l2b,0.1226436531738552,0.1226436531738552,4.058635265752963e-07
Atp6v1g2,-0.021925934546099236,0.021925934546099236,0.3668401774429866
Gm15706,-0.006734443982301328,0.006734443982301328,0.7816725760875126
Zfp428,-0.011046370587742372,0.011046370587742372,0.6494000194589996
Pacs1,0.003352796005576565,0.003352796005576565,0.8902600355028848
Srp54b,-0.020250098407831714,0.020250098407831714,0.40460750732459305
Dock4,-0.015721033323480363,0.015721033323480363,0.5176355536620996
Ltbp4,-0.024630598043415743,0.024630598043415743,0.3106991763913303
Blvrb,0.009308478059451028,0.009308478059451028,0.7016661909625103
2310022A10Rik,-0.03733397467869533,0.03733397467869533,0.12431549744013823
Zfp59,-0.015830129243359418,0.015830129243359418,0.5147335907135822
Cmpk2,0.08167610478081264,0.08167610478081264,0.0007605295962146556
Rsad2,0.05145193514173454,0.05145193514173454,0.03411062402263736
4921531C22Rik,-0.010619247855694361,0.010619247855694361,0.6620988143226176
Gm962,0.02673056969455976,0.02673056969455976,0.2712374983225425
Fbxo17,-0.013920426954156715,0.013920426954156715,0.5667236722366779
Wdr35,-0.005322346025195185,0.005322346025195185,0.8266285686270465
100043387,0.0764270037403845,0.0764270037403845,0.001634137706417401
0610010B08Rik,-0.030670391205035417,0.030670391205035417,0.20678699487190383
1110002L01Rik,-0.03167231279990773,0.03167231279990773,0.19233211397864347
1110031I02Rik,-0.05079243959297627,0.05079243959297627,0.0364771278107068
Rfng,-0.04435011912220157,0.04435011912220157,0.06785002737796579
Pde6g,0.039155990526774806,0.039155990526774806,0.1069681058112977
Nploc4,-0.11807884196938095,0.11807884196938095,1.0811248920192658e-06
Card14,-0.028188170635615198,0.028188170635615198,0.24595331254794145
Wtip,-0.03862467044892863,0.03862467044892863,0.11181635445877164
Ppp4r1l-ps,-0.006186443189470956,0.006186443189470956,0.7990413894413374
Pmepa1,-0.02651382351660865,0.02651382351660865,0.2751440286797487
Zfp939,-0.012956476002515064,0.012956476002515064,0.5938886893362973
AW146154,0.017150991147216244,0.017150991147216244,0.4802800527816652
Ctage5,-0.1071356856637227,0.1071356856637227,9.797460096576884e-06
Zfp94,-0.029209023254499606,0.029209023254499606,0.22925861129917258
Klhl28,-0.014040913710120641,0.014040913710120641,0.5633705420914729
Slc17a9,-0.023545075989691223,0.023545075989691223,0.33251275365284194
Itpr2,-0.04508898254069991,0.04508898254069991,0.06338900615709347
Gm6654,0.07661768349939635,0.07661768349939635,0.001590599173301314
Tc2n,-0.02802590522201475,0.02802590522201475,0.24868345787779794
9030617O03Rik,-0.0380480805106229,0.0380480805106229,0.11727190804059726
Fabp4,-0.04098017141983182,0.04098017141983182,0.09157812973071412
Cabp2,-0.011664146106434795,0.011664146106434795,0.6312123845874422
Tmc4,-0.01937943553708575,0.01937943553708575,0.42511398103096226
Tnnt1,0.028278573921514043,0.028278573921514043,0.2444414002042286
Vipar,-0.031984548054871935,0.031984548054871935,0.18798280177605942
Tmed8,-0.02623521501147963,0.02623521501147963,0.2802216504141785
Ssh3,-0.02657281480737691,0.02657281480737691,0.2740770168176978
Vash1,0.021138130875884883,0.021138130875884883,0.38431303304790077
Zfp784,-0.02978767012816895,0.02978767012816895,0.2201614371798555
Unc79,-0.03557983014713774,0.03557983014713774,0.14301629505425933
Rasl2-9-ps,0.03870170944553705,0.03870170944553705,0.11110283145216164
Zfp772,-0.013863045384857154,0.013863045384857154,0.5683239474323251
Tcea2,-0.004116482208560703,0.004116482208560703,0.865479788041919
2310014L17Rik,-0.03143824068267889,0.03143824068267889,0.19564079534310427
Rad51l1,-0.14953129053079045,0.14953129053079045,6.079429393318292e-10
Gpr77,-0.02311332080697056,0.02311332080697056,0.3414571326462681
Gpx2,-0.044740735058469504,0.044740735058469504,0.06546049279994948
AI463170,0.028012670507555747,0.028012670507555747,0.24890706471536841
Zbtb1,-0.01571084079541431,0.01571084079541431,0.5179071073832939
Rhoj,-0.03050200762114818,0.03050200762114818,0.20929166959934514
Dact1,-0.018625875422320314,0.018625875422320314,0.4433423001061612
Ppp1r13l,0.005927138534261184,0.005927138534261184,0.8072953494517229
Mettl21d,0.05951659320767824,0.05951659320767824,0.014229798906618685
Nemf,-0.07839109057405133,0.07839109057405133,0.0012338584910928034
A930001C03Rik,-0.01009491389174115,0.01009491389174115,0.6778212407318572
5033406O09Rik,0.04754042103938021,0.04754042103938021,0.05028898032462648
E130311K13Rik,-0.03450541889227253,0.03450541889227253,0.15549260338597098
Pde7a,-0.027451169375000965,0.027451169375000965,0.25852351934334
Ubap2l,-0.03480373879827247,0.03480373879827247,0.1519484583151232
Jtb,0.021490792050431147,0.021490792050431147,0.37642927256007847
Ift81,0.018086546584716687,0.018086546584716687,0.4566579260245965
Dennd4b,0.018056526109614213,0.018056526109614213,0.4574056489314382
Npr1,-0.02205400372852071,0.02205400372852071,0.3640471936534404
Lrch1,-0.01798226282528277,0.01798226282528277,0.45925827962174304
1700108F19Rik,-0.024843121074624316,0.024843121074624316,0.30654155133402855
2410131K14Rik,0.05221732343760006,0.05221732343760006,0.03152970942559414
Hrk,-0.0228203780743286,0.0228203780743286,0.34761261813973104
Polr2d,-0.04270313314398383,0.04270313314398383,0.07872572529464965
Pcdh17,0.000313080366024324,0.000313080366024324,0.989720393272697
Rnf10,-0.028323675201834,0.028323675201834,0.24368956482391987
2610524H06Rik,-0.01971649158638824,0.01971649158638824,0.4171044005297266
Tdrkh,-0.04246373470866028,0.04246373470866028,0.08041852135160947
Dct,0.10192055385801506,0.10192055385801506,2.60845373119434e-05
Adrbk2,-0.02446365549313088,0.02446365549313088,0.31399105658788407
Osmr,-0.021223119218360842,0.021223119218360842,0.3824039425018566
Setd8,-0.056624757488728396,0.056624757488728396,0.01969531649312888
Rilpl2,-0.013920882424916417,0.013920882424916417,0.5667109785651309
Dhx37,-0.0406756326510679,0.0406756326510679,0.09401606411759164
Zfp11,0.027278082352409243,0.027278082352409243,0.261539072927501
Mettl17,0.014355629697018722,0.014355629697018722,0.5546573987469711
Mafk,-0.029130362144577267,0.029130362144577267,0.23051562085905689
Tmem79,0.012019358475008457,0.012019358475008457,0.620853978966
Zfand2a,-0.05244047577483574,0.05244047577483574,0.030809486014322634
A430033K04Rik,0.017722140544258653,0.017722140544258653,0.46578050249474773
4931414P19Rik,0.018006204429198182,0.018006204429198182,0.4586605551386688
Acin1,-0.007812155548085979,0.007812155548085979,0.7478376028894782
Cebpe,0.02902530256081366,0.02902530256081366,0.23220210325431667
Zfp605,-0.011510641356999689,0.011510641356999689,0.6357114147505507
Homez,0.0030921238230465116,0.0030921238230465116,0.8987442177077934
Cenpj,-0.017712388297499777,0.017712388297499777,0.4660260229770691
Dtx2,-0.01018078541330293,0.01018078541330293,0.675236491278722
Vps37d,-0.021206148430075726,0.021206148430075726,0.3827846919268855
Gtf2ird2,-0.030360549848872605,0.030360549848872605,0.2114127375629697
Gata4,-0.040010368564550564,0.040010368564550564,0.09952258565670545
2410018M08Rik,0.051297164531723116,0.051297164531723116,0.034653889310551314
Spata24,0.04928853823150069,0.04928853823150069,0.0424009523694241
Lenep,-0.033735040081247974,0.033735040081247974,0.16493466320811942
Slc35a4,0.027699117272950706,0.027699117272950706,0.25424581623937287
Tmem175,0.011852927129677606,0.011852927129677606,0.6256981282687114
Gak,-0.11107293340456702,0.11107293340456702,4.538027489855562e-06
Mfsd7a,-0.04714862662824917,0.04714862662824917,0.05221615781426035
Zfp41,-0.010760430482807724,0.010760430482807724,0.6578903295276567
Rasl11b,0.02048780033953173,0.02048780033953173,0.39911341827526
BC024139,0.018285753565958164,0.018285753565958164,0.4517136828704335
Gnpda2,-0.0040532506702316284,0.0040532506702316284,0.8675268714784551
Mpp7,-0.05197626630093801,0.05197626630093801,0.03232388446959807
Apol9a,0.17521124728577916,0.17521124728577916,3.686465204838362e-13
Mkx,0.027073798558684543,0.027073798558684543,0.2651292874289396
9230114K14Rik,-0.04063999168082909,0.04063999168082909,0.09430474937536454
Ly6a,0.042399443543196504,0.042399443543196504,0.08087812429870808
5730480H06Rik,-0.007822496544350145,0.007822496544350145,0.7475151683692695
LOC100044193,0.022701354377873528,0.022701354377873528,0.35013363514017576
Lyar,-0.028334586255594898,0.028334586255594898,0.24350792236187674
Gm1976,-0.03412712292612011,0.03412712292612011,0.16007661496221198
Gtpbp1,-0.04177795070177283,0.04177795070177283,0.08543175945849996
Mettl4,-0.030848398927856575,0.030848398927856575,0.20416287818664008
Gm15441,0.0029031787394671153,0.0029031787394671153,0.9049011678039122
2310079F23Rik,0.018591922282441397,0.018591922282441397,0.4441739847085629
Lrpap1,-0.014665307284551739,0.014665307284551739,0.5461485223154903
Gm10865,-0.022820378074328594,0.022820378074328594,0.34761261813973104
Fscn1,0.008213619269642666,0.008213619269642666,0.735352746266803
Mib1,-0.018117508711577808,0.018117508711577808,0.45588746880693337
Slc45a4,-0.03589926211433434,0.03589926211433434,0.13945906183498144
Pi4kb,-0.027205765911516445,0.027205765911516445,0.2628061499175204
A830010M20Rik,0.03255950222942855,0.03255950222942855,0.1801643733233809
0610007N19Rik,0.0376990462005887,0.0376990462005887,0.12067448445244902
Klhl8,-0.0026273036122573075,0.0026273036122573075,0.9139009802905403
Helq,-0.016820730721433388,0.016820730721433388,0.48877511098467563
Fzd6,-0.01344003098418106,0.01344003098418106,0.5801872314046619
2010109A12Rik,-0.02150888483345606,0.02150888483345606,0.37602751448727045
Cxcl11,0.041656879879081704,0.041656879879081704,0.08634249274229948
Jrk,-0.03429291502301876,0.03429291502301876,0.15805521343367734
Utp23,-0.01269535078354181,0.01269535078354181,0.6013486074348066
Naaa,0.0012545988427840812,0.0012545988427840812,0.958823937302369
Pf4,0.03491448715864565,0.03491448715864565,0.15064848638773998
Ugt2b37,-0.03118227299503713,0.03118227299503713,0.19930648381872557
Wisp1,0.15370060299135957,0.15370060299135957,1.9790872552860408e-10
Rbbp8,-0.03348616048023816,0.03348616048023816,0.16807540761315173
Peg13,0.017352221946164238,0.017352221946164238,0.4751436213341015
Ptk2,-0.02150252275516357,0.02150252275516357,0.37616875703025904
Dennd3,-0.007634698206816545,0.007634698206816545,0.753377586014841
Sdad1,-0.049700715977436354,0.049700715977436354,0.04070164952113737
Clec1b,0.07106515650432686,0.07106515650432686,0.0034094471591178256
Samd4,-0.09496857450165905,0.09496857450165905,8.96512618837395e-05
Txndc16,-0.020831403520794725,0.020831403520794725,0.39125135737837247
Gfod1,-0.008531312980152092,0.008531312980152092,0.7255220864864091
Eif4e3,0.11305269830118816,0.11305269830118816,3.051355283284333e-06
Kbtbd8,-0.019412262185866766,0.019412262185866766,0.424329986980742
Slc25a26,0.004425804376067382,0.004425804376067382,0.8554789079294756
Cidea,0.4077269186770035,0.4077269186770035,6.266168303335002e-69
Fgd5,-0.02565989816277261,0.02565989816277261,0.2909069702806271
Aldh1l1,0.043672191904203725,0.043672191904203725,0.0721670586121527
Setd7,-0.019072875841203152,0.019072875841203152,0.4324762061150089
Maml3,0.0016382457443610949,0.0016382457443610949,0.946249423659199
Kbtbd12,-0.01769776724679236,0.01769776724679236,0.46639425392260137
Nhlrc3,-0.012498361424705463,0.012498361424705463,0.6070040752953754
Aplf,0.00389782521418606,0.00389782521418606,0.8725624239698714
Nat8,0.25008009263456066,0.25008009263456066,1.3475292637813622e-25
B4galt7,-0.02853212484495962,0.02853212484495962,0.2402358139832255
Slc25a48,0.00884060498521914,0.00884060498521914,0.71599460846118
Fbxl21,-0.021157161130249656,0.021157161130249656,0.383885051613103
Dqx1,-0.03282921882870926,0.03282921882870926,0.1765809640908276
Ttll3,-0.022608445573567545,0.022608445573567545,0.35210955047813736
4930503L19Rik,-0.012742590873221101,0.012742590873221101,0.5999959080595817
Intu,-0.04425692242553853,0.04425692242553853,0.0684306125280761
1500001M20Rik,-0.019870185341346762,0.019870185341346762,0.4134818311985659
Hltf,-0.0395825144751892,0.0395825144751892,0.1031978069010656
5930416I19Rik,0.031878713234539946,0.031878713234539946,0.1894488399561302
Ncapg2,-0.016069892982710495,0.016069892982710495,0.5083856577747756
Cd9,-0.054488176304793114,0.054488176304793114,0.024834131412053748
Tnfsf10,-0.017809489295903078,0.017809489295903078,0.4635846331680173
Gm10336,-0.03214921986075746,0.03214921986075746,0.18571840396720712
Pld1,-0.02577907704586427,0.02577907704586427,0.28867128457082036
Ncapd2,0.015516306743997392,0.015516306743997392,0.5231040434566393
2010111I01Rik,-0.0014004257370240566,0.0014004257370240566,0.9540428996921809
Nkapl,-0.019811019454154352,0.019811019454154352,0.4148741655728032
Phc1,-0.03560765035981842,0.03560765035981842,0.14270374680852213
Hist1h1d,0.03594147518416317,0.03594147518416317,0.13899410742368754
Wnt5b,-0.022594835832729823,0.022594835832729823,0.35239958346269123
1810062G17Rik,-0.019796480837129236,0.019796480837129236,0.4152167221337245
Ankrd26,0.0049101458126721955,0.0049101458126721955,0.8398664470672027
Zfp239,-0.015180804679331103,0.015180804679331103,0.532129331823547
Poli,-0.03310368625973939,0.03310368625973939,0.1729891944245477
Spry1,-0.03514037554322653,0.03514037554322653,0.1480232729393924
Apobec1,-0.011611427993570797,0.011611427993570797,0.6327559582487113
Zfp759,-0.027178316626503874,0.027178316626503874,0.26328820353516164
Zfp595,-0.026684060982452358,0.026684060982452358,0.2720725335488828
Aadac,0.056734398915404285,0.056734398915404285,0.019458688095207986
Ythdc2,-0.05249821261728763,0.05249821261728763,0.030625454995422664
Gm3833,0.09896120292055355,0.09896120292055355,4.4555442621164455e-05
Hilpda,-0.02348857350108155,0.02348857350108155,0.33367460212339584
A430107O13Rik,0.015565869511558535,0.015565869511558535,0.5217774500119374
Wnt2,-0.030630641971372625,0.030630641971372625,0.20737628806722938
Ica1,-0.022972233072136417,0.022972233072136417,0.34441299949907206
A430035B10Rik,-0.0336110678788621,0.0336110678788621,0.16649357180149443
Prelid2,0.04405145784176992,0.04405145784176992,0.06972500975828697
Kcnn2,-0.007640547968015984,0.007640547968015984,0.753194760094865
1700028E10Rik,-0.03344104846304522,0.03344104846304522,0.16864947186203438
Spry4,-0.015589697363934967,0.015589697363934967,0.5211402913727694
Tnnc1,-0.03104536317679742,0.03104536317679742,0.20128761779830862
Ntrk1,0.031906675345920524,0.031906675345920524,0.1890606892166992
Gnpda1,0.02386300370249785,0.02386300370249785,0.3260240156429841
Cyp3a44,-0.05053771422318558,0.05053771422318558,0.03742788110293842
Gcap14,-0.005022750547368438,0.005022750547368438,0.8362454650231906
Bud31,0.008474889704250858,0.008474889704250858,0.72726479578927
Lrit2,-0.027688477837523946,0.027688477837523946,0.2544283557810169
Ccdc66,0.07687944002150941,0.07687944002150941,0.001532568012954251
Arap3,-0.028255321550066863,0.028255321550066863,0.24482965070005872
Pggt1b,0.006698196435971693,0.006698196435971693,0.7828181872875873
Zswim6,-0.038776156491707,0.038776156491707,0.11041673122329529
2010002N04Rik,-0.027697810026098404,0.027697810026098404,0.25426823961229783
Nt5c3,0.017653661338158416,0.017653661338158416,0.4675060375507236
Ggct,0.018305986717698182,0.018305986717698182,0.45121320121769837
Isoc1,-0.01190122262046998,0.01190122262046998,0.624290764243589
Jazf1,-0.03150192819528476,0.03150192819528476,0.1947364523308515
Lxn,-0.01909110432850026,0.01909110432850026,0.4320363854777236
Ccdc126,-0.026032018170069712,0.026032018170069712,0.28396476779701263
Ssbp2,-0.018159782279022166,0.018159782279022166,0.4548367200313943
Fem1c,0.008400212511734392,0.008400212511734392,0.7295734697149346
Zfp862,0.006246309045170071,0.006246309045170071,0.7971389386970625
Wdr41,-0.005372059488683069,0.005372059488683069,0.8250352553250678
Fam115c,0.04668386744635879,0.04668386744635879,0.05458186911026631
Polk,-0.053210439056532916,0.053210439056532916,0.02843176782653864
Ephb6,-0.016177420996428795,0.016177420996428795,0.5055521498209463
Sgtb,-0.01673141734707488,0.01673141734707488,0.4910862760435443
4930579G24Rik,0.01577429877729502,0.01577429877729502,0.5162176310025539
Dimt1,-0.04504251087648814,0.04504251087648814,0.06366226553096968
Nup205,-0.003340405658632287,0.003340405658632287,0.8906630319158982
Gm9776,0.02672783506063115,0.02672783506063115,0.27128654839419664
Trim65,-0.003645133255250307,0.003645133255250307,0.8807601999000966
Spag4,-0.04719859851171851,0.04719859851171851,0.05196697115298428
Fam71e1,0.08706983679615632,0.08706983679615632,0.00033076545054625857
Aida,-0.0013073856619040015,0.0013073856619040015,0.957093104269149
AA543186,0.011787246057675529,0.011787246057675529,0.6276143082297692
Ick,0.06810144519493583,0.06810144519493583,0.005019508376510665
Ssna1,0.0432867812638138,0.0432867812638138,0.07471991913403855
A830007P12Rik,-0.028653783146653924,0.028653783146653924,0.23823608770395036
Mfsd7b,-0.03712264825854349,0.03712264825854349,0.1264619432029635
Tcp11l1,0.08722057173864955,0.08722057173864955,0.00032293718676107896
Atf3,-0.06705645521421566,0.06705645521421566,0.0057338138965531945
Tmem206,0.016901673574561665,0.016901673574561665,0.48668561942750377
Hmgn3,-0.03193142895134138,0.03193142895134138,0.18871756583000088
Arrdc1,-0.00601083451951912,0.00601083451951912,0.8046288200675704
Dnajc24,0.018319684138150362,0.018319684138150362,0.4508745636437208
Psd4,-0.03668532884100847,0.03668532884100847,0.1309952643607166
Akap12,-0.02720199534204237,0.02720199534204237,0.26287233109007563
Bdnf,-0.004214148853160715,0.004214148853160715,0.8623196646827158
9530091C08Rik,0.025442351120717174,0.025442351120717174,0.295017883831557
Tln2,0.04106000795524306,0.04106000795524306,0.09094748159056654
Ccdc34,0.025484219410652213,0.025484219410652213,0.2942237060808165
Zc3h12d,0.031152114263817553,0.031152114263817553,0.1997416642925059
Plekho2,0.009633728210603633,0.009633728210603633,0.6917672591016378
Zfp280d,-0.0460528885155575,0.0460528885155575,0.05793601084523482
Trim44,-0.05088852835600032,0.05088852835600032,0.0361238601215309
Nvl,0.0031511640203313795,0.0031511640203313795,0.8968215685912799
BC029214,0.04154858618428679,0.04154858618428679,0.0871637355287835
1110051M20Rik,-0.03672511811880887,0.03672511811880887,0.1305776657110576
Ckap5,-0.013630889153352152,0.013630889153352152,0.5748203349877493
Slc19a2,-0.030126656196950437,0.030126656196950437,0.21495380694787564
Ildr2,-0.03319441895818929,0.03319441895818929,0.17181392009877036
Zmynd10,0.025924896481933947,0.025924896481933947,0.2859516245447572
Nprl2,0.032582634337003084,0.032582634337003084,0.17985494378484632
Mapkapk3,-0.060216812219458335,0.060216812219458335,0.0131270899664021
Tomm40l,-0.014584666061301457,0.014584666061301457,0.5483580282101271
Atp2c1,-0.10055433170178725,0.10055433170178725,3.345936451197253e-05
Aste1,0.005428481202363132,0.005428481202363132,0.8232278154655638
Acpp,0.0438067333269254,0.0438067333269254,0.07129287288630791
Pea15a,-0.016530061900041214,0.016530061900041214,0.49631820287763145
Inpp5e,-0.014590600783106844,0.014590600783106844,0.5481952712567981
Nacc2,-0.0024342287880086966,0.0024342287880086966,0.9202062545780784
Atp1b3,-0.08365674589232885,0.08365674589232885,0.0005632876757449461
Xrn1,-0.00681378994802944,0.00681378994802944,0.779166484950451
Fcna,-0.04009275279993623,0.04009275279993623,0.09882703877788906
Mndal,0.011649783097146562,0.011649783097146562,0.631632771170619
Ifi203,-0.004379099785322782,0.004379099785322782,0.8569874973581456
9430037G07Rik,0.00340566031699315,0.00340566031699315,0.8885409416575247
Ptgds,-0.05215567397467324,0.05215567397467324,0.031731208550089804
Smad3,-0.031270949086822354,0.031270949086822354,0.1980309276510979
Zbtb37,-0.028988191304332105,0.028988191304332105,0.2327999226268681
Arhgap11a,-0.029980038566837005,0.029980038566837005,0.21719521209445133
Senp8,-0.004389198234768792,0.004389198234768792,0.8566612662767822
Ehd4,-0.023216748214436596,0.023216748214436596,0.339300607343465
Aifm2,-0.035071816841780054,0.035071816841780054,0.1488163260035841
Vps39,-0.027858859275857413,0.027858859275857413,0.2515160837411366
2010107G23Rik,0.12734220358729226,0.12734220358729226,1.426202253651765e-07
Hyls1,0.029589098170549985,0.029589098170549985,0.22325365723069618
Pus3,0.02295447783667904,0.02295447783667904,0.3447861339049577
Capn3,0.008073967556085911,0.008073967556085911,0.7396879574609951
Srgn,0.04644056038081789,0.04644056038081789,0.05585555172952125
Bcr,-0.05586876721759518,0.05586876721759518,0.021396294021759688
Pla2g4b,-0.02252016311990456,0.02252016311990456,0.3539935977518195
Rgl3,-0.006969836006613973,0.006969836006613973,0.7742445788750654
Suv39h2,0.10514175484647253,0.10514175484647253,1.4323623764565902e-05
Lcmt2,-0.039059236578600394,0.039059236578600394,0.10783836384037256
Adal,-0.0051715792030046955,0.0051715792030046955,0.8314649722690387
Icam1,-0.06529875073632707,0.06529875073632707,0.007144008401418988
Catsper2,0.050459679600226744,0.050459679600226744,0.03772332630864757
Zfp317,0.029373861150291475,0.029373861150291475,0.22664031661658338
Wdr76,-0.011996465623674422,0.011996465623674422,0.6215193309339753
Casc4,-0.022731935943239672,0.022731935943239672,0.3494847895221123
Mre11a,0.03518922142121472,0.03518922142121472,0.14746021895929814
2310047B19Rik,-0.017656686073435974,0.017656686073435974,0.46742974579286156
Esam,-0.019580309552441753,0.019580309552441753,0.4203297852203851
Vwa5a,-0.04787857082789501,0.04787857082789501,0.04867389947763928
Tmem136,-0.021206148430075733,0.021206148430075733,0.3827846919268855
Atpbd4,-0.008556587529428797,0.008556587529428797,0.7247419074580866
Arih1,-0.09133143054344678,0.09133143054344678,0.00016564542324676355
Meis2,-0.03630857129213788,0.03630857129213788,0.1350008821471959
Stx7,-0.0448545083427898,0.0448545083427898,0.06477768493248144
2310046O06Rik,-0.011660739061577101,0.011660739061577101,0.631312093578292
Man2c1,-0.03394685316403436,0.03394685316403436,0.1622966281967751
Tspan3,0.020288444514609403,0.020288444514609403,0.40371815535619804
Bmf,0.09521024969434386,0.09521024969434386,8.600093285917066e-05
Gm3258,0.02335030972362579,0.02335030972362579,0.33652871137668533
Zufsp,-0.017801660069223138,0.017801660069223138,0.46378121752880136
1810046K07Rik,0.00910351456059321,0.00910351456059321,0.7079304308097354
Traf3ip2,-0.008682105741323127,0.008682105741323127,0.7208716335204693
Slc16a10,-0.008090816346050807,0.008090816346050807,0.7391644784039381
2310014F07Rik,-0.002042045274502571,0.002042045274502571,0.9330288772763854
Wasf1,-0.01875262804281535,0.01875262804281535,0.44024535182287844
Exd1,-0.028088284636456726,0.028088284636456726,0.24763141782142203
Mpzl3,0.009371646749512061,0.009371646749512061,0.6997396373160616
D630037F22Rik,0.04358952071490538,0.04358952071490538,0.07270855322505393
Itpka,-0.01911220378794041,0.01911220378794041,0.4315276168407897
Fabp7,-0.022310054065059304,0.022310054065059304,0.35850310262137225
D630033O11Rik,0.2870358848210136,0.2870358848210136,1.578628060397977e-33
Uaca,0.03209950002928595,0.03209950002928595,0.18639996635437012
Gm9781,0.02021697552910285,0.02021697552910285,0.4053766598386298
Gtf3c5,-0.027142860906505868,0.027142860906505868,0.263911764885992
Cspg5,-0.020796410865838985,0.020796410865838985,0.3920477089048059
Dab2ip,-0.01644715458683021,0.01644715458683021,0.49848102929563276
Taf9b,-0.0209951163822837,0.0209951163822837,0.3875386846601299
Gm20257,0.007630612291906933,0.007630612291906933,0.7535052936380278
B230206F22Rik,-0.00010977163629976444,0.00010977163629976444,0.9963956966648123
Phka1,-0.005989015186482734,0.005989015186482734,0.8053237601307148
Ttc21b,-0.004159071219479029,0.004159071219479029,0.8641015013413382
Sumo1,0.03883208919716413,0.03883208919716413,0.10990346140295444
Ogt,-0.0006884746039231291,0.0006884746039231291,0.9773971840611209
Rabepk,0.03289485350042011,0.03289485350042011,0.17571703652657103
March7,-0.025515944793764525,0.025515944793764525,0.2936228784288369
Mapkap1,-0.05645978608912669,0.05645978608912669,0.020056088720577698
Stard8,0.0028416971492687543,0.0028416971492687543,0.9069058528359529
Zxdb,-0.050472612285320476,0.050472612285320476,0.037674225539033365
Xrcc5,-0.009072450484391481,0.009072450484391481,0.7088815712803458
Klhl15,-0.03280190155545108,0.03280190155545108,0.17694146302379166
Pdk3,-0.013874352686039374,0.013874352686039374,0.5680084351345326
Igfbp2,0.01461921312025659,0.01461921312025659,0.5474109261460727
Dmd,-0.10053142462931974,0.10053142462931974,3.3598446372659585e-05
Prrg1,-0.028935991990928674,0.028935991990928674,0.23364263820920234
Prkx,0.04768661000836286,0.04768661000836286,0.049585323732121
Klf7,-0.019606936292730578,0.019606936292730578,0.41969799923768353
Stk17b,0.025056396397950795,0.025056396397950795,0.3024064041774167
Gprasp1,0.008008486032348116,0.008008486032348116,0.741723560741026
Armcx5,-0.03951600024738054,0.03951600024738054,0.1037787192066214
G530011O06Rik,-0.025111918328011115,0.025111918328011115,0.30133601271948246
Mid1,-0.03209033019954934,0.03209033019954934,0.18652586836120977
Arhgap6,-0.015657657581762522,0.015657657581762522,0.5193252308323287
1700034P13Rik,0.0031132727792954704,0.0031132727792954704,0.8980554312653134
6030422M02Rik,-0.019811019454154324,0.019811019454154324,0.4148741655728032
Trappc2,-0.01989514964657413,0.01989514964657413,0.41289518332423897
Ofd1,0.04894233037788469,0.04894233037788469,0.04387424821436937
Stau2,-0.008888205903760946,0.008888205903760946,0.7145321742527733
Rai2,0.015277527523266249,0.015277527523266249,0.5295193441124414
Jph1,-0.0022190423095398513,0.0022190423095398513,0.9272395254995801
Gm13483,0.0518832232476715,0.0518832232476715,0.032634967856013615
Cnnm4,-0.02684530941097798,0.02684530941097798,0.2691849256812764
Pfkfb1,0.023904178822470108,0.023904178822470108,0.3251897088749097
Tmem164,-0.048695825154400324,0.048695825154400324,0.04494938257699267
Tbc1d8,-0.02169147067166924,0.02169147067166924,0.3719879322795554
Rbm41,0.0020770004651022678,0.0020770004651022678,0.931885246396916
BC065397,-0.020729849508574753,0.020729849508574753,0.39356519970603543
Acvr1,-0.04600284952056022,0.04600284952056022,0.05820917722586095
Sdpr,0.021207075154046323,0.021207075154046323,0.38276389435050223
Ccdc148,0.032064199123000944,0.032064199123000944,0.18688499306648337
Bex2,0.00920376860267889,0.00920376860267889,0.7048638968848436
Zbtb34,-0.02359326426578749,0.02359326426578749,0.33152393368406907
Slc39a13,-0.002972055776394353,0.002972055776394353,0.9026560644241843
Bcs1l,-0.06932473792240496,0.06932473792240496,0.004286108621981033
Ttll4,-0.006050045200793814,0.006050045200793814,0.8033803580011438
Magix,0.005587479936837541,0.005587479936837541,0.8181394427975229
2010204K13Rik,-0.025649036317913924,0.025649036317913924,0.2911113054320578
Fam72a,-0.053322545353359785,0.053322545353359785,0.02809909746733667
Slc41a1,-0.03187213823511631,0.03187213823511631,0.18954019471176475
Calcrl,-0.008747221946898592,0.008747221946898592,0.7188666202125586
Kiss1,0.032364339566799995,0.032364339566799995,0.1827907373844451
Gm13710,0.025919001562396238,0.025919001562396238,0.2860612333026755
Atp2b4,0.013632676911000388,0.013632676911000388,0.5747701746745391
Cyb5r1,-0.07256063353352757,0.07256063353352757,0.002790062542908775
Praf2,-0.04871078360146401,0.04871078360146401,0.04488351439986684
Vipr1,0.02827855707910092,0.02827855707910092,0.24444168126971613
Acvr2b,-0.016021553032880005,0.016021553032880005,0.5096621863511673
Pkn3,-0.02786432969293182,0.02786432969293182,0.2514229662788075
Cmtm7,0.0046786414402524325,0.0046786414402524325,0.847321397489419
Urm1,-0.012835850756849707,0.012835850756849707,0.597329498798483
BC003331,-0.07849797499827076,0.07849797499827076,0.0012149188230283331
Dclk3,0.020948458747995773,0.020948458747995773,0.38859459172404776
Epm2aip1,-0.09658901413167588,0.09658901413167588,6.771789481646202e-05
Lrrfip2,-0.029862168064972404,0.029862168064972404,0.21900928963755095
Lamc1,-0.044527097166347215,0.044527097166347215,0.0667586543584954
Exog,-0.028376635835181067,0.028376635835181067,0.24280878836843575
Mcm6,-0.03385947751042806,0.03385947751042806,0.1633809713354192
Zranb3,-0.012369978547226169,0.012369978547226169,0.6107026107693655
Gpr39,-0.04807912298018158,0.04807912298018158,0.04773673742978008
Lage3,0.01806116510417323,0.01806116510417323,0.45729006019359114
Chpf,-0.02446339964528716,0.02446339964528716,0.31399611908758696
Renbp,-0.04743372591636821,0.04743372591636821,0.050807801744677576
Mettl8,0.038993255349242875,0.038993255349242875,0.10843504032629192
Xlr4a,0.002913845209153342,0.002913845209153342,0.9045534353316395
Ugt1a9,-0.03022568381707267,0.03022568381707267,0.21344938416110987
Ptrh1,-0.027175010259814704,0.027175010259814704,0.26334630976962464
Mospd1,0.02495956820094465,0.02495956820094465,0.3042791670041051
Sh2d3c,-0.034965426071679906,0.034965426071679906,0.15005341336960826
Slc25a14,-0.026905037000459205,0.026905037000459205,0.2681206883106062
Lnp,-0.047280400052555016,0.047280400052555016,0.0515612101624873
Nkrf,-0.03299570113908738,0.03299570113908738,0.17439575588105535
Ttc30a1,-0.03910121941625992,0.03910121941625992,0.10746006180525279
Zfp182,0.018553283823580437,0.018553283823580437,0.4451215180859014
Elk1,-0.030134027774962994,0.030134027774962994,0.21484155594767532
Bok,0.04016270360565541,0.04016270360565541,0.09823951223896772
Kdm6a,-0.030688559767524323,0.030688559767524323,0.2065180457983816
Ccdc141,-0.0011472991976916088,0.0011472991976916088,0.9623427868040505
2900008C10Rik,0.008771758508292501,0.008771758508292501,0.7181116076933579
Tfcp2l1,-0.026302575608839016,0.026302575608839016,0.2789882164866408
Ptpn4,-0.026028926391315044,0.026028926391315044,0.2840219818735203
F8,-0.01624971785201506,0.01624971785201506,0.5036517114473174
Sesn3,0.009643410509314231,0.009643410509314231,0.6914733749688388
Jrkl,0.00850573777823813,0.00850573777823813,0.7263118359194198
Tmem123,-0.0012148601348228767,0.0012148601348228767,0.9601270627420578
Zfp764,-0.01746503704602147,0.01746503704602147,0.4722772366553709
4933427D14Rik,-0.03633748610658164,0.03633748610658164,0.13469015301394327
Med31,0.06107039536950393,0.06107039536950393,0.011885468146611436
Mir1192,-0.010089463285367873,0.010089463285367873,0.6779854333858569
Htt,-0.044659105740437986,0.044659105740437986,0.06595403357710579
Hic1,0.015170804334314043,0.015170804334314043,0.5323995538900947
C730002L08Rik,0.17128325292691188,0.17128325292691188,1.2366518203382938e-12
Trp53i13,-0.006164349366567056,0.006164349366567056,0.7997438011920064
Slc13a2,-0.004137907130130947,0.004137907130130947,0.8647863727306805
Zfp689,0.0011086823478022806,0.0011086823478022806,0.9636093941037354
1810012P15Rik,0.012538191659229042,0.012538191659229042,0.6058586554933452
Rab11fip4,0.0065340722129316325,0.0065340722129316325,0.7880112238229457
Adap2,0.010611998330037457,0.010611998330037457,0.6623152035360764
Lpxn,0.053722489350264774,0.053722489350264774,0.02693944807558125
Slfn5,0.006353761538393829,0.006353761538393829,0.793727278579985
AI662270,0.033274503407248766,0.033274503407248766,0.17078154352696404
Dtx4,-0.018511869231934125,0.018511869231934125,0.4461384080674144
Ccl5,0.17993342791325984,0.17993342791325984,8.288334522545465e-14
Mical2,-0.04140824658101996,0.04140824658101996,0.08823735515148674
Gm11428,0.012453892457304157,0.012453892457304157,0.6082840340969907
5430405H02Rik,-0.001997622368061522,0.001997622368061522,0.9344824629436269
1700008J07Rik,-0.005821015440265989,0.005821015440265989,0.8106796156930818
Fbxl19,-0.017317869972686712,0.017317869972686712,0.4760183204829758
Zmynd15,-0.024068649808034755,0.024068649808034755,0.3218709884198394
Col4a1,-0.026229488082001054,0.026229488082001054,0.2803266861724246
Smcr7,-0.006979371684346242,0.006979371684346242,0.7739441020710452
Slc10a2,0.061338110474458966,0.061338110474458966,0.011518086067293763
Zfp958,-0.009077321084732337,0.009077321084732337,0.7087324099860332
Mapk7,-0.028163069157058688,0.028163069157058688,0.24637427127164818
Specc1,-0.03860402133595195,0.03860402133595195,0.11200821576514966
Pigl,0.008729190917496132,0.008729190917496132,0.7194216263985033
Osbpl5,-0.03353067695284635,0.03353067695284635,0.16751036000342415
2810001G20Rik,-8.213627430084594e-05,8.213627430084594e-05,0.9973030875721984
Phlda2,0.011539851095674035,0.011539851095674035,0.6348542720777275
2500004C02Rik,-0.029353054419134272,0.029353054419134272,0.22696963170858087
Cntrob,-0.023525837472377527,0.023525837472377527,0.33290805767856557
Rassf7,-0.0019469074036123496,0.0019469074036123496,0.9361422009599937
Kcnab3,-0.03706155227206615,0.03706155227206615,0.12708783848885416
5033414D02Rik,0.01526953597520189,0.01526953597520189,0.5297347428572333
1700018L02Rik,-0.018220100820916796,0.018220100820916796,0.4533398093135956
Trp53,-0.026265886087804436,0.026265886087804436,0.27965957681146997
Nlgn2,-0.024625905405784625,0.024625905405784625,0.31079139686616347
Pwwp2b,-0.010377993937957422,0.010377993937957422,0.6693149834960482
Slc16a13,0.009204551505675545,0.009204551505675545,0.7048399685029777
Ikzf5,-0.06324052730606902,0.06324052730606902,0.009184959429174492
Rnf141,0.012651822127087884,0.012651822127087884,0.6025962475508151
Atp11a,0.1701233503364507,0.1701233503364507,1.758443409084968e-12
Mrm1,0.01802316443446151,0.01802316443446151,0.4582373965741713
Myo19,-0.028170732577760725,0.028170732577760725,0.24624570012766367
Lins,0.0003929720389186644,0.0003929720389186644,0.9870974542071622
Rundc3a,0.003901037255612066,0.003901037255612066,0.8724583056760971
Gabrb3,-0.020113762468687242,0.020113762468687242,0.40777898167913346
Nipa1,-0.013530338727537665,0.013530338727537665,0.577644870173075
Hexim2,0.061848222260016066,0.061848222260016066,0.010845838915860639
Map3k14,-0.0002650076863685213,0.0002650076863685213,0.991298732083395
Tanc2,-0.04437481206164837,0.04437481206164837,0.06769687858067257
Taco1,0.06592847404459751,0.06592847404459751,0.0066065096645692755
Limd2,0.14954191830336502,0.14954191830336502,6.062300562786703e-10
Tmem106a,-0.0336908798590683,0.0336908798590683,0.16548869931787819
Pitpnc1,-0.09868608945410212,0.09868608945410212,4.6794404570364974e-05
Ppp1r15a,0.007738503525982694,0.007738503525982694,0.7501353609033103
LOC100503496,0.012064763510396152,0.012064763510396152,0.6195352554594868
Abca5,-0.027154418306026783,0.027154418306026783,0.26370839267663965
Sox9,0.19401386782006905,0.19401386782006905,7.579803527552261e-16
Fkbp2,0.01153110230044754,0.01153110230044754,0.6351109491181386
Cpsf4l,0.023608821341304684,0.023608821341304684,0.3312051096074013
Plcb3,0.01483863511986838,0.01483863511986838,0.5414144486071221
Myh14,-0.030422034633416074,0.030422034633416074,0.2104889129065302
Armc7,-0.008823092865933899,0.008823092865933899,0.7165328924432761
Kcnb1,-0.019835593293985414,0.019835593293985414,0.41429554033558247
Brca1,0.07050586080906125,0.07050586080906125,0.0036715446859642096
Mctp2,0.010316507524734784,0.010316507524734784,0.6711590319296564
Vps33b,-0.021096502396013433,0.021096502396013433,0.3852502541644516
Ppm1d,0.026670510457579927,0.026670510457579927,0.272316155274755
Ralgapb,-0.04230554797591727,0.04230554797591727,0.08155318860211376
Rad51c,0.029596991851633808,0.029596991851633808,0.2231301450342176
Trim30a,0.036236315479459165,0.036236315479459165,0.1357797890219284
Mks1,-0.02818638068836847,0.02818638068836847,0.24598331376483495
Mafb,0.011603944814318463,0.011603944814318463,0.6329751937247206
Stim1,-0.010657720248377207,0.010657720248377207,0.660950933933251
Nup98,-0.0386736500207442,0.0386736500207442,0.11136229649233038
Il18bp,-0.037407180551164876,0.037407180551164876,0.12357860232861449
B130006D01Rik,0.033618134830216514,0.033618134830216514,0.1664044108427186
Arrb1,-0.02634704815631632,0.02634704815631632,0.27817590854961305
Capn5,-0.03379464657885202,0.03379464657885202,0.16418905153040372
Tmem216,-0.014703038665830339,0.014703038665830339,0.5451162283882793
Sp2,-0.015646284354718754,0.015646284354718754,0.5196287561626641
Pcgf2,-0.04715731562960655,0.04715731562960655,0.05217275821757989
Tomm34,-0.033383883917582555,0.033383883917582555,0.16937901835567873
Nox4,0.15256830687714318,0.15256830687714318,2.692524100789645e-10
Rab3il1,-0.024145743357573683,0.024145743357573683,0.320323013379202
Whamm,-0.029372112976929616,0.029372112976929616,0.22666797243061793
Cpeb1,0.012087924937473,0.012087924937473,0.61886303575774
Rom1,-0.028633080671381116,0.028633080671381116,0.23857554763609176
Zfp143,-0.0024579987009889035,0.0024579987009889035,0.9194297181509232
Rasd1,-0.03340922795024591,0.03340922795024591,0.16905528097726596
Nek3,0.004585557058084316,0.004585557058084316,0.8503228108357825
Tbc1d20,-0.01505299853526503,0.01505299853526503,0.5355880325931967
March9,-0.020102172210593867,0.020102172210593867,0.4080492775776927
Zfp319,0.02377135139406912,0.02377135139406912,0.3278860981257264
Cdk4,-0.06701148862137316,0.06701148862137316,0.005766511203544821
Oxt,0.003623602182528888,0.003623602182528888,0.8814593095063178
Prosapip1,-0.016585800548923404,0.016585800548923404,0.49486694899920797
Bbs2,0.020575998085019462,0.020575998085019462,0.3970863370064429
1700012D01Rik,0.05024112142263897,0.05024112142263897,0.038561375975726335
Tmem194,-0.0016308479782997203,0.0016308479782997203,0.9464917784607327
Prim1,0.031652145033648854,0.031652145033648854,0.19261556319727544
Dyrk2,-0.0034005165569024093,0.0034005165569024093,0.8887081886570307
Nkd1,0.007127547870945255,0.007127547870945255,0.7692793266973686
Abcc12,-0.028504284494529287,0.028504284494529287,0.24069508930634848
Smarcc2,-0.023693839280227988,0.023693839280227988,0.329466267392605
Sec31b,-0.027268937435085534,0.027268937435085534,0.2616990702004194
Dgka,-0.03624750135812019,0.03624750135812019,0.13565898058508574
Mast1,-0.013515812798186994,0.013515812798186994,0.5780534531761087
Bloc1s1,0.1543493698086331,0.1543493698086331,1.6573547346291274e-10
Limk2,-0.04396468074104955,0.04396468074104955,0.07027769216721874
Ccdc157,0.015258219130944847,0.015258219130944847,0.5300398454751973
Slc25a28,-0.05633817435642324,0.05633817435642324,0.020325715657959955
Lonp2,-0.15260123764718114,0.15260123764718114,2.668611355283991e-10
4931428F04Rik,0.008455347357255245,0.008455347357255245,0.7278687169719443
Exoc3l,-0.024314052955838675,0.024314052955838675,0.3169604198144012
Cpm,-0.006123409529616462,0.006123409529616462,0.8010457971418508
Plk5,0.020981601377721665,0.020981601377721665,0.38784436225334906
Klf16,-0.017679851338352138,0.017679851338352138,0.4668456857313776
Sipa1l2,-0.0067125896424665085,0.0067125896424665085,0.7823632305380673
Cbfa2t3,-0.029432612296253872,0.029432612296253872,0.22571228124786302
Cdt1,-0.014477946766629272,0.014477946766629272,0.5512888179389344
Ctu2,-0.027619118646488073,0.027619118646488073,0.25562057593950116
Necab2,-0.0323593207001891,0.0323593207001891,0.1828586498207792
Syn3,-0.0020916637340181055,0.0020916637340181055,0.9314055491164154
Gas2l3,-0.03804308663887919,0.03804308663887919,0.11732005475067724
St3gal2,-0.017303756110304255,0.017303756110304255,0.4763779550822917
Cdk17,0.03878697711931298,0.03878697711931298,0.11031728777810404
Elk3,-0.04492282625014429,0.04492282625014429,0.06437050534599935
Lta4h,-0.03390900022433087,0.03390900022433087,0.1627657200793413
Ccdc38,-0.019811019454154356,0.019811019454154356,0.4148741655728032
Gm1943,0.030277481237912345,0.030277481237912345,0.2126655110919014
Nphp1,-0.03006920795319401,0.03006920795319401,0.21583004962531366
BC067068,-0.03848411201933634,0.03848411201933634,0.11312748583014255
Smpd3,0.015471471359707466,0.015471471359707466,0.524305592568436
Syt1,0.0004474802417239179,0.0004474802417239179,0.9853079630275192
Ttl,-0.04552483282182021,0.04552483282182021,0.06087298361604914
Gfod2,-0.016661201347068923,0.016661201347068923,0.4929073678284594
Il15,-0.012114015375131713,0.012114015375131713,0.6181061880542087
Gm4890,0.038906495304252775,0.038906495304252775,0.10922359125549815
Slc10a7,-0.05174038514556867,0.05174038514556867,0.033117521679978675
Calr3,-0.04606144833118127,0.04606144833118127,0.057889388996930434
Ddx60,0.049431091295181064,0.049431091295181064,0.04180658253776476
Nek1,0.05330778148641247,0.05330778148641247,0.028142716035997023
Aadat,0.16927615880292723,0.16927615880292723,2.270498803434088e-12
Plk1s1,0.010998581378417055,0.010998581378417055,0.6508158813716811
Vegfc,-0.03152855815592623,0.03152855815592623,0.1943592248957491
Plce1,-0.05588323252727907,0.05588323252727907,0.021362584282398213
Thbd,0.00797328306822756,0.00797328306822756,0.7428186518091158
Ccdc111,0.003768044269851928,0.003768044269851928,0.8767710976080512
4933411K20Rik,0.036812409935362354,0.036812409935362354,0.12966513143849986
Tgtp1,0.23909138253656878,0.23909138253656878,1.7860173333774247e-23
Zfp454,-0.027048560017645863,0.027048560017645863,0.26557518899001886
BC049762,-0.020557139009359265,0.020557139009359265,0.39751925976071084
Rpp30,0.07389173029214124,0.07389173029214124,0.002327055759132503
Purg,-0.027911589247128846,0.027911589247128846,0.2506195143868253
Fut10,-0.015191090049890459,0.015191090049890459,0.5318514804184041
Sept8,-0.017936336501723018,0.017936336501723018,0.4604060924733373
Ccdc69,0.037311074095028075,0.037311074095028075,0.12454671812393041
Letm2,-0.03379470745210804,0.03379470745210804,0.16418829137192684
Sparc,-0.056951812656359235,0.056951812656359235,0.018996795183372522
Adam32,-0.0055587368985283575,0.0055587368985283575,0.8190587347579388
2810021J22Rik,0.01990644144107956,0.01990644144107956,0.4126299940794242
Nat1,0.091109415989562,0.091109415989562,0.00017184893307134566
Klk1b4,0.0038346060515306725,0.0038346060515306725,0.8746121192321886
Hba-a1,0.3684936233329307,0.3684936233329307,1.0888136592734213e-55
Zfp866,-0.04158153054023559,0.04158153054023559,0.08691323883118615
Pyroxd2,0.01734638875221818,0.01734638875221818,0.47529208893022
Loxl4,0.03521353375489918,0.03521353375489918,0.1471805773248979
Bmp2,-0.0011161849305555624,0.0011161849305555624,0.9633633070385693
Sun3,-0.008745039949781654,0.008745039949781654,0.7189337755556646
Sec61g,0.05293776986289086,0.05293776986289086,0.02925508163368359
Frat2,-0.04888336826593631,0.04888336826593631,0.04412941791285307
Zfp518a,-0.02004646782738353,0.02004646782738353,0.4093498443149418
Ifi30,0.061442254528169246,0.061442254528169246,0.011377913444797874
Wdpcp,-0.02654141430527744,0.02654141430527744,0.2746446249268534
Kif16b,-0.03415238427124667,0.03415238427124667,0.15976736401349134
Isyna1,-0.060495990056368174,0.060495990056368174,0.012708937516180192
Ell,-0.03528962285525899,0.03528962285525899,0.14630801444830058
Gm12060,-0.018284508273473294,0.018284508273473294,0.4517444963244067
Rel,0.018088757911729376,0.018088757911729376,0.4566028754403489
Ccnj,0.003969902079758373,0.003969902079758373,0.8702265869218734
Snx5,-0.05342369994938926,0.05342369994938926,0.027801807895167622
Tctn3,-0.01782624934109158,0.01782624934109158,0.4631639604865912
2310045N01Rik,0.02333909038445052,0.02333909038445052,0.33676099275230637
Psme4,-0.12745417123690284,0.12745417123690284,1.390451227054563e-07
Cpeb4,0.0741303858256863,0.0741303858256863,0.0022518881300042388
Snrnp25,0.021923050655999782,0.021923050655999782,0.3669032237326203
Zfp963,0.0028711249056615393,0.0028711249056615393,0.9059462488777259
Grk4,0.029909899510914235,0.029909899510914235,0.21827337671885388
Nol10,-0.0597222773524837,0.0597222773524837,0.013897711845895727
Eif2c3,0.06921532932404932,0.06921532932404932,0.004347509033515155
Gm13139,0.14738699157137944,0.14738699157137944,1.0698360591924868e-09
Vps13d,-0.00754047854340976,0.00754047854340976,0.7563241836871059
Ovgp1,-0.027459254357753614,0.027459254357753614,0.258383252351249
Tbrg3,-0.02280295548040385,0.02280295548040385,0.3479809202134219
Gng10,0.009191770145503392,0.009191770145503392,0.7052306501501805
Gm9320,0.09862450893525726,0.09862450893525726,4.730996345645077e-05
C030034I22Rik,0.03947156019975839,0.03947156019975839,0.10416828792016161
Atp6v0c-ps2,0.006626482030139016,0.006626482030139016,0.7850861206429862
Emilin1,-0.03037135440418104,0.03037135440418104,0.21125018458969153
Slc31a2,-0.027480238421421443,0.027480238421421443,0.2580194441756446
Szt2,-0.0016958096041835465,0.0016958096041835465,0.9443637721120971
Flywch2,-0.035389895368870425,0.035389895368870425,0.1451641714831719
Nfkbie,-0.013192070502091115,0.013192070502091115,0.587194671242379
Hdhd3,-0.01675989315685967,0.01675989315685967,0.4903487702839141
Fam131c,-0.011162005216207487,0.011162005216207487,0.6459793246696001
Sytl1,0.0635999564124314,0.0635999564124314,0.00879483168690961
Capn11,-0.024843121074624323,0.024843121074624323,0.30654155133402855
1700029I01Rik,0.10169793271100358,0.10169793271100358,2.7170384344212766e-05
Map3k6,0.012827516985964516,0.012827516985964516,0.5975675519294207
Xkr8,0.007023133490880032,0.007023133490880032,0.7725655672805085
Unkl,-0.09814070512808964,0.09814070512808964,5.155175694560591e-05
Fam118a,-0.03183759557479167,0.03183759557479167,0.19002067229436345
Clec16a,-0.04981137994448034,0.04981137994448034,0.04025535583104111
Chaf1b,0.0240134065385575,0.0240134065385575,0.322983223282542
Rpa2,0.0298824573078531,0.0298824573078531,0.21869625731919423
Cttnbp2nl,-0.020451418968210674,0.020451418968210674,0.39995139422309844
Ddx20,-0.055295367258910086,0.055295367258910086,0.02277034376412326
Ccdc30,0.03285275639889539,0.03285275639889539,0.17627078379172376
Ppih,-0.0003252698050597879,0.0003252698050597879,0.9893201915468993
Lepre1,-0.04608906672098138,0.04608906672098138,0.05773917518879529
Fahd1,0.12912450441662754,0.12912450441662754,9.49646337718676e-08
Myom1,-0.0248948977442782,0.0248948977442782,0.305534240831148
Gm13152,0.1694994378157551,0.1694994378157551,2.1228721086395087e-12
Mina,-0.0484986166113756,0.0484986166113756,0.045825414332971395
Tie1,-0.0004138159830563166,0.0004138159830563166,0.9864131443895127
5330417C22Rik,-0.016641752848143104,0.016641752848143104,0.4934124143297088
Dph2,0.0013361151444841613,0.0013361151444841613,0.9561511743964908
Polr3c,0.034208075813035387,0.034208075813035387,0.15908717960825142
Park2,0.004042475992052359,0.004042475992052359,0.8678757841879348
Ak4,-0.18106311699268338,0.18106311699268338,5.764671674741611e-14
Stmn1,-0.03332475756228494,0.03332475756228494,0.1701360870557769
C1qc,-0.003365406482536474,0.003365406482536474,0.8898499084401126
Pla2g12a,-0.055068432405616236,0.055068432405616236,0.023334949346100847
Tmem181c-ps,-0.030900189143515555,0.030900189143515555,0.20340397369832328
Chrd,-0.03439268037670475,0.03439268037670475,0.15684817880159357
Zfp46,-0.03774949762564981,0.03774949762564981,0.12017793720351908
Sult4a1,-0.022820378074328598,0.022820378074328598,0.34761261813973104
Tiam2,0.07593631468601678,0.07593631468601678,0.0017512648664253622
Guca1a,-0.03416987207437772,0.03416987207437772,0.15955354181015066
Prdm15,-0.042704154723370816,0.042704154723370816,0.07871856422167754
Zbed4,-0.011291343797327713,0.011291343797327713,0.6421620857355338
Cbr3,-0.08012750555687276,0.08012750555687276,0.0009574812588086811
Rcan3,0.00825884246695224,0.00825884246695224,0.7339506772848078
Ube2u,0.002691567465460551,0.002691567465460551,0.9118034862572748
F3,-0.04303112899738024,0.04303112899738024,0.07645360215669515
BC048355,-0.03142769448069947,0.03142769448069947,0.19579084450536116
Inadl,0.02523007930091523,0.02523007930091523,0.2990664213366674
Eif2b3,-0.010473697907660602,0.010473697907660602,0.666448674183144
Cyb561d1,-0.030652901919105073,0.030652901919105073,0.2070461284916097
Mapk12,-0.022618507954777423,0.022618507954777423,0.3518952112933735
Olfm3,0.06495972874205111,0.06495972874205111,0.00744933740011035
Cdk5rap2,-0.017029894107851155,0.017029894107851155,0.4833855781412575
Mutyh,-0.0133805672612947,0.0133805672612947,0.5818641214902259
Adamts1,0.020499625811943083,0.020499625811943083,0.3988412684383312
Abhd1,0.012898577419301647,0.012898577419301647,0.5955391036158758
Rnf186,-0.05510488083453602,0.05510488083453602,0.023243456565624057
1700096K18Rik,0.0008662228467184799,0.0008662228467184799,0.9715638747712239
Gm3435,-0.01530576074901497,0.01530576074901497,0.5287587214007385
Abcc10,-0.015034435837463429,0.015034435837463429,0.536091317404602
1600021P15Rik,-0.05151170503207685,0.05151170503207685,0.033902779217613074
2510002D24Rik,0.043197049797158826,0.043197049797158826,0.07532473412303761
Nasp,-0.04311787466247992,0.04311787466247992,0.07586170704971143
Camk2n2,-0.02916448549347611,0.02916448549347611,0.22996972771605387
Scmh1,-0.0021129282683403864,0.0021129282683403864,0.9307099409152724
Dcbld2,-0.02054999423769409,0.02054999423769409,0.39768334702853986
5830415F09Rik,0.008820267845102075,0.008820267845102075,0.7166197405533821
C330013E15Rik,0.010302521455099157,0.010302521455099157,0.6715787671110873
Odf3b,0.051919387265959654,0.051919387265959654,0.032513752788681294
Nfkbiz,0.04112503835836635,0.04112503835836635,0.09043637343625574
Spata1,-0.02884246796743545,0.02884246796743545,0.23515790633402264
Mllt1,0.007774847479495545,0.007774847479495545,0.7490012426131925
Phactr4,-0.0362182138559078,0.0362182138559078,0.13597546392005538
4932412H11Rik,0.014796604677849781,0.014796604677849781,0.54256053624227
Ptgfrn,-0.040791366917329,0.040791366917329,0.09308351741947701
Ggh,-0.05890925151758364,0.05890925151758364,0.015251550248395297
Tuba1a,0.017325513181045662,0.017325513181045662,0.4758236263677128
Marcksl1,-0.017217575772526045,0.017217575772526045,0.478577135351062
Eltd1,-0.02007482667435783,0.02007482667435783,0.408687424117745
Adprhl2,-0.020805452014966717,0.020805452014966717,0.39184185929525783
Tmem67,0.0033415194242414365,0.0033415194242414365,0.8906268054994378
Grasp,-0.02312730912508216,0.02312730912508216,0.34116495610037717
Phtf2,-0.015680228938360297,0.015680228938360297,0.5187231240400214
2610301B20Rik,0.0679301829144712,0.0679301829144712,0.005130770730471812
A630072M18Rik,0.017001340745163677,0.017001340745163677,0.48411941063708575
Msh5,-0.017867831770778844,0.017867831770778844,0.46212117112593804
Kpna1,-0.05900908498527173,0.05900908498527173,0.015079288118619163
Ier3,-0.04999685257693994,0.04999685257693994,0.03951666737044232
Ubxn2b,-0.007204174740108601,0.007204174740108601,0.7668702723446901
Fam110b,-0.019860559106260115,0.019860559106260115,0.4137081742495064
2610015P09Rik,0.028576542453430408,0.028576542453430408,0.23950434589103092
E330033B04Rik,0.02786732360999206,0.02786732360999206,0.25137201398538656
Ptprs,0.0019787539638186375,0.0019787539638186375,0.9350999324080322
Ano6,-0.03577457055794388,0.03577457055794388,0.1408394588034007
Reln,0.011869342029697668,0.011869342029697668,0.6252196334955604
Slc25a17,-0.11283756463841248,0.11283756463841248,3.1868667868317465e-06
4930471M23Rik,-0.04623800612819695,0.04623800612819695,0.056934677665795214
Trp53inp1,-0.004376003833173094,0.004376003833173094,0.85708751719005
Ssx2ip,0.012726372534491232,0.012726372534491232,0.6004601580531206
Nipal3,-0.014322487075443816,0.014322487075443816,0.5555718665986477
Rusc2,-0.04820345126100498,0.04820345126100498,0.04716340683736941
Ttc27,-0.04270245023546587,0.04270245023546587,0.07873051264597003
Hsf2bp,0.3370058982064346,0.3370058982064346,2.578792622124562e-46
Mfsd2a,-0.057702607060032274,0.057702607060032274,0.017474585190469964
Rsbn1,0.006397414430655555,0.006397414430655555,0.7923424032359315
B3galt4,-0.01838589212622671,0.01838589212622671,0.44923974985682175
Wiz,-0.06524703785912372,0.06524703785912372,0.0071898442632573195
Impg2,-0.012822666155329267,0.012822666155329267,0.5977061351364715
Map3k12,0.03324253020541891,0.03324253020541891,0.17119315511716537
Brpf3,-0.004665571793583918,0.004665571793583918,0.8477426828022064
Slx4,-0.03641429235748279,0.03641429235748279,0.13386744728428387
Znhit6,-0.004656014241330588,0.004656014241330588,0.8480507872379075
Amhr2,-0.018317923612537455,0.018317923612537455,0.450918080583937
Pias3,-0.02267683382135935,0.02267683382135935,0.3506544361891887
Tyms,0.0666881486674937,0.0666881486674937,0.006006616388309113
Slc5a1,-0.031194918722225826,0.031194918722225826,0.19912421628458513
Gm6548,-0.006605121072572983,0.006605121072572983,0.7857620040441928
Syde2,-0.04337725946128096,0.04337725946128096,0.07411408985232423
Atad3a,-0.10557122281686607,0.10557122281686607,1.3206038352338988e-05
Zbtb22,-0.029484190262414594,0.029484190262414594,0.2248997906660102
2310028H24Rik,0.009333366215841257,0.009333366215841257,0.7009069086316674
2610204G22Rik,0.022731464643124942,0.022731464643124942,0.34949478325386457
Tyw3,-0.03666755912940775,0.03666755912940775,0.13118209596363758
1110028F11Rik,0.01292860332690383,0.01292860332690383,0.5946829462994251
Paf1,-0.0269836500637312,0.0269836500637312,0.26672435373850945
Slc13a3,0.005120873051047036,0.005120873051047036,0.8330930033156492
Dhx35,-0.022101281434653078,0.022101281434653078,0.36301950859454113
Adam11,0.09412269266291685,0.09412269266291685,0.0001036126805963055
Trim12a,0.11084091512522554,0.11084091512522554,4.7520348096318e-06
Alkbh6,-0.020816048359305735,0.020816048359305735,0.3916006842900108
Taf1b,0.002750310167705024,0.002750310167705024,0.9098867324624735
Kat5,-0.016530880970950967,0.016530880970950967,0.4962968605180732
Fancf,0.015262058882795434,0.015262058882795434,0.5299363155994554
Zfp420,0.01621523412467804,0.01621523412467804,0.5045577010360845
Itga2b,-0.04400881026491657,0.04400881026491657,0.06999618458175097
Ern1,-0.02324739942024763,0.02324739942024763,0.33866319116339605
B3gntl1,-0.027966017371164456,0.027966017371164456,0.24969641187096744
Sipa1,-0.0061172110305317585,0.0061172110305317585,0.8012429741715998
Jup,-0.027274157651704465,0.027274157651704465,0.26160773026983464
Haus5,0.03034023798068467,0.03034023798068467,0.21171857122695656
4933422H20Rik,0.001504429739223656,0.001504429739223656,0.9506340541972502
Krt23,-0.049691578068092976,0.049691578068092976,0.04073868810496404
Llgl2,0.006819917856866152,0.006819917856866152,0.7789730339117217
Tmem189,-0.016299248171624474,0.016299248171624474,0.5023519062449738
Gpn2,-0.014634887069287866,0.014634887069287866,0.5469814941214501
Krt10,0.0024449786899417986,0.0024449786899417986,0.9198550578643325
Zfp217,-0.018950986048437733,0.018950986048437733,0.4354238367207412
Cnp,0.08148720508893004,0.08148720508893004,0.0007823598565591355
Tmem39b,0.00026190019274179716,0.00026190019274179716,0.9914007596236133
0610008F07Rik,-0.024023246904427385,0.024023246904427385,0.3227849202006119
Atp5g1,0.03894869229938784,0.03894869229938784,0.10883950413652
Fam117a,-0.04729157859719104,0.04729157859719104,0.05150596741074388
Itga3,-0.03170431551207789,0.03170431551207789,0.19188295870989627
D330012F22Rik,0.006427786343817625,0.006427786343817625,0.791379248807977
Hmgn2,0.11076159691840137,0.11076159691840137,4.827386146866902e-06
Spag9,-0.06858297875201702,0.06858297875201702,0.004718258060688102
Rnf121,-0.015617748018275776,0.015617748018275776,0.5203907278861146
5730408K05Rik,-0.024041327973542095,0.024041327973542095,0.32242075728866393
Arl16,0.013049497673907236,0.013049497673907236,0.5912414694694766
Zfp335,-0.04061017759223472,0.04061017759223472,0.09454678294719954
Med24,-0.027847706206632704,0.027847706206632704,0.2517060057819221
Fam60a,0.0023166093105692846,0.0023166093105692846,0.9240498557802257
Il22ra1,-0.07478470568946066,0.07478470568946066,0.0020570583595941835
Marveld2,-0.006961130596381237,0.006961130596381237,0.7745189227974986
Rarg,0.0451379244418291,0.0451379244418291,0.06310226911098495
Rps23,-0.05910786271508564,0.05910786271508564,0.014910535076038664
Rhobtb3,-0.025568070270592394,0.025568070270592394,0.29263749258090627
Heatr5b,-0.028704021402742592,0.028704021402742592,0.23741374437953613
Med10,0.057161035334943225,0.057161035334943225,0.018561376946128916
Zfp456,-0.0047367377836813815,0.0047367377836813815,0.8454492565288906
1810034E14Rik,-0.04923864077516947,0.04923864077516947,0.042610678318917405
Espn,-0.06475643186252056,0.06475643186252056,0.007637989671495983
AW146020,-0.00012095454280949824,0.00012095454280949824,0.9960285137441394
Tfap4,0.00468566047020454,0.00468566047020454,0.8470951649610559
Rmi1,0.010332280410626088,0.010332280410626088,0.6706857956510516
Cml5,0.05435696299580009,0.05435696299580009,0.025184469884866282
Tspan17,-0.002222435858285271,0.002222435858285271,0.927128563367293
Malt1,-0.026541183788663984,0.026541183788663984,0.27464879480137705
Eno1,-0.020060764691864703,0.020060764691864703,0.40901581124041947
C130022K22Rik,0.06236989584358307,0.06236989584358307,0.010194618379247069
Slc37a3,-0.05287408001230526,0.05287408001230526,0.029450317002312227
Mppe1,-0.027066466678713392,0.027066466678713392,0.2652587701715349
Mnd1,0.03585650918043276,0.03585650918043276,0.13993118085032913
Samd9l,-0.006664985964215428,0.006664985964215428,0.7838682244062681
Paip2,0.039819377111812354,0.039819377111812354,0.10115008259945794
Mll5,-0.025457615043838026,0.025457615043838026,0.29472818439325693
Kctd7,-0.012162059591659473,0.012162059591659473,0.6167135506635018
Ift88,-0.026025691782942784,0.026025691782942784,0.2840818473898571
Wars2,0.01721589747375259,0.01721589747375259,0.478620017709867
Rabl5,0.039500736579476295,0.039500736579476295,0.10391239238409747
Serpine1,-0.0226178862925901,0.0226178862925901,0.3519084509516038
2310037I24Rik,0.004715808475980583,0.004715808475980583,0.8461235986398098
Rnd1,0.006818378965746828,0.006818378965746828,0.7790216136497523
Rab2b,0.011249689496652397,0.011249689496652397,0.6433904269581937
Iqce,-0.01843464860324096,0.01843464860324096,0.4480380014453979
Baat1,-0.020144955402445142,0.020144955402445142,0.4070520623983902
Peli2,-0.06244175604179606,0.06244175604179606,0.010107693773815265
Rbak,0.015059173335737659,0.015059173335737659,0.5354206698266085
Fam35a,-0.05817613002758293,0.05817613002758293,0.01657044423125046
Katnal1,-0.007797017457666752,0.007797017457666752,0.748309691331186
B3galtl,0.022410253432531297,0.022410253432531297,0.35634807052134404
Fam160a1,0.02854129758482936,0.02854129758482936,0.24008462880374093
Zfp60,-0.026721019755489066,0.026721019755489066,0.27140881830610997
Fbxo44,0.017915689180621905,0.017915689180621905,0.46092264222420454
Bcl2l13,-0.06034142866581858,0.06034142866581858,0.012938960442694597
Mfsd7c,-0.013818015677724716,0.013818015677724716,0.569581259967547
Abcd4,-0.03581321671095877,0.03581321671095877,0.14041050902833158
Zik1,-0.021936614699474537,0.021936614699474537,0.3666067515746003
Sult2a6,-0.10978666641278563,0.10978666641278563,5.852133695717064e-06
Plekhg3,-0.022230949271852818,0.022230949271852818,0.3602102162008771
Eml2,-0.03198276605261245,0.03198276605261245,0.18800741688169373
2700049A03Rik,-0.03538290454788752,0.03538290454788752,0.14524369559543987
Ppdpf,0.0036167206199282202,0.0036167206199282202,0.8816827719508843
Map4k5,-0.01444757495272364,0.01444757495272364,0.5521243113061379
L2hgdh,0.0220207523894532,0.0220207523894532,0.36477107224692035
Zfp235,-0.03999189266188192,0.03999189266188192,0.09967910689221833
Map3k13,-0.021414650207296892,0.021414650207296892,0.3781229336199376
Mia2,-0.0033304000389132865,0.0033304000389132865,0.8909884856056517
Slc25a21,-0.010835493619459808,0.010835493619459808,0.655657179773057
Etv5,-0.008408188885376547,0.008408188885376547,0.7293267597810534
Cyp2a5,-0.2146162790611039,0.2146162790611039,4.0261202733587627e-19
Srsf10,-0.0031712043628647144,0.0031712043628647144,0.8961690901141478
1700020O03Rik,-0.00200411684843722,0.00200411684843722,0.93426993984214
Elac1,-0.0255779017459903,0.0255779017459903,0.2924518862428269
Adck1,-0.04217653067533543,0.04217653067533543,0.08248820417966106
Spata7,0.021070282825139376,0.021070282825139376,0.38584127573237814
Hist1h1e,0.012882696451514276,0.012882696451514276,0.5959921597982297
Slc6a13,-0.21202077085516463,0.21202077085516463,1.0884137089942815e-18
Prkci,-0.03766136469479258,0.03766136469479258,0.12104639451084086
Lag3,0.14961205847890424,0.14961205847890424,5.950429358795523e-10
Mpv17l,0.04597379872574422,0.04597379872574422,0.058368257497884074
Iffo1,0.013000853914571169,0.013000853914571169,0.5926251024733582
Cdca4,-0.03309568985478803,0.03309568985478803,0.1730930602965215
Xrcc3,0.057372816134906475,0.057372816134906475,0.01812954599323583
Wdr25,-0.014876908550936586,0.014876908550936586,0.5403718589930538
Lrp5,-0.03714644605302703,0.03714644605302703,0.12621879762353275
Plekhm2,-0.05748770565895696,0.05748770565895696,0.017898978895737352
Ppp4r1,-0.05137104270888454,0.05137104270888454,0.034393652938605475
Slc10a5,-0.017131852839704403,0.017131852839704403,0.4807701293488035
5730419I09Rik,-0.025716280056757617,0.025716280056757617,0.28984785190938667
Otub2,-0.06515046795184128,0.06515046795184128,0.007276145911387979
Btbd7,0.029909075567341233,0.029909075567341233,0.21828606502178924
Aifm3,-0.012199567754046074,0.012199567754046074,0.6156272739254014
Klhl22,-0.041409324154428814,0.041409324154428814,0.0882290711515411
Taf10,-0.08782639920904665,0.08782639920904665,0.0002931886568792691
Shank2,-0.022820016931251578,0.022820016931251578,0.3476202499496682
Pigw,-0.024425883627990003,0.024425883627990003,0.3147390348138618
Aph1c,-0.021881519302478634,0.021881519302478634,0.3678119114812425
Rad23b,-0.08192747011889717,0.08192747011889717,0.0007323562284482821
Eme2,-0.012253949012745647,0.012253949012745647,0.6140538279569626
Fktn,-0.06275661591635515,0.06275661591635515,0.009734553268424559
Rg9mtd2,-0.062309141327508685,0.062309141327508685,0.010268627214130644
Il1rn,0.021472330742753065,0.021472330742753065,0.37683948654348837
Gpr116,-0.002573170965548382,0.002573170965548382,0.9156682696790232
Elp4,-0.0033937846913399067,0.0033937846913399067,0.8889270796544096
Aph1b,-0.0378172902880667,0.0378172902880667,0.11951323458891025
Smc2,0.028582237963700893,0.028582237963700893,0.23941066599013985
2310009A05Rik,-0.046497028007908295,0.046497028007908295,0.05555776761099137
Wdr24,-0.037574021429808174,0.037574021429808174,0.12191190283577712
Tprn,0.016206807913938717,0.016206807913938717,0.5047792129830138
Traf2,-0.030575755503153126,0.030575755503153126,0.2081919944967775
Pls1,-0.030662486996928973,0.030662486996928973,0.20690408005905547
Usp21,0.014558451878573644,0.014558451878573644,0.549077225008015
Ppm1m,0.009226846987229437,0.009226846987229437,0.7041586595138453
Fmo3,-0.20104668204594134,0.20104668204594134,6.325530927868363e-17
Rd3,0.00609775131451034,0.00609775131451034,0.8018620785937577
Snx1,0.035006310786206855,0.035006310786206855,0.14957709149057524
D730040F13Rik,-0.025626509536454574,0.025626509536454574,0.2915353909621858
Oaz2,0.08404161039509042,0.08404161039509042,0.0005309728933710356
Zfp820,-0.006628037884259037,0.006628037884259037,0.7850368980831636
Tmem87a,-0.00977069509278441,0.00977069509278441,0.6876142731429166
Psap,-0.0717801222769876,0.0717801222769876,0.0030992082378674857
Gcc2,-0.005653084108376111,0.005653084108376111,0.816042154512986
Phldb1,-0.015742522006589894,0.015742522006589894,0.5170632842082319
Hace1,-0.029428176224697452,0.029428176224697452,0.2257822588614404
Zbtb24,-0.05798639278387452,0.05798639278387452,0.01692767727169218
Zw10,-0.06627454339759968,0.06627454339759968,0.006326854074320949
Ankrd16,-0.05418159145163107,0.05418159145163107,0.02565937905260378
2310030G06Rik,-0.004171790878831447,0.004171790878831447,0.8636899413264199
Cul5,0.014742556730126404,0.014742556730126404,0.544036091202376
BC052040,-0.01832578999180287,0.01832578999180287,0.45072365662988473
Ccdc28a,-0.026596063996776713,0.026596063996776713,0.2736572714424576
Anp32a,0.13747087999376942,0.13747087999376942,1.3140358626087656e-08
Adat2,-0.04908549016737015,0.04908549016737015,0.04325987275889896
Pias1,0.003976418783722841,0.003976418783722841,0.8700154517277131
Etl4,-0.03153194149351782,0.03153194149351782,0.1943113365197017
2010321M09Rik,-0.038140162851309264,0.038140162851309264,0.11638690217517124
Mtfmt,0.007092933839381739,0.007092933839381739,0.7703682808363327
Npr2,0.011236397521167627,0.011236397521167627,0.6437825984577636
Mettl13,-0.051793614277383715,0.051793614277383715,0.032936987751409706
Abcg1,-0.03372920315325677,0.03372920315325677,0.1650078134442769
Rtp3,0.021825258995375105,0.021825258995375105,0.36904509332848434
Mreg,0.044897371186282,0.044897371186282,0.06452197192443758
Yipf6,-0.02582620988555009,0.02582620988555009,0.2877903171970045
Ccnyl1,-0.04798612048581892,0.04798612048581892,0.04816942838767349
Mettl21a,-0.029099913120413354,0.029099913120413354,0.23100350992700414
Ripk2,-0.009625211641129394,0.009625211641129394,0.692025798527188
Mpp4,-0.027806621638505342,0.027806621638505342,0.252406483713694
2810403D21Rik,-0.017130621935075384,0.017130621935075384,0.4808016585598769
Wdsub1,-0.03500021691802717,0.03500021691802717,0.1496480140977377
4930412C18Rik,0.03314879681254278,0.03314879681254278,0.17240412220530726
Rnf128,-0.112582914938001,0.112582914938001,3.354727265066285e-06
Tsr2,0.0231407227371766,0.0231407227371766,0.3408849337939316
Ribc1,9.824930522680034e-06,9.824930522680034e-06,0.9996774016457024
Rbm43,0.005959415077090118,0.005959415077090118,0.8062667614398569
A830080D01Rik,-0.012884660611406685,0.012884660611406685,0.5959361172536238
Gpr64,0.010168221409144546,0.010168221409144546,0.6756144322473274
Ly96,0.022095276982760193,0.022095276982760193,0.36314992790942247
Siah1b,-0.015767367112879925,0.015767367112879925,0.5164020374679007
Tmem68,-0.0015280676531760282,0.0015280676531760282,0.9498594191996284
Gtdc1,-0.035909305294499025,0.035909305294499025,0.13934833327606624
Rqcd1,0.03503853748868453,0.03503853748868453,0.1492024516399607
Zfp229,-0.006709657450118896,0.006709657450118896,0.7824559085627181
Sp5,-0.024896942164892088,0.024896942164892088,0.3054945118752046
Haus7,0.009827643967798469,0.009827643967798469,0.685890279474022
Hs2st1,-0.012673998535080626,0.012673998535080626,0.6019604707133195
Nr5a2,0.0010595928557757027,0.0010595928557757027,0.9652196292253539
Serping1,0.003527778673943615,0.003527778673943615,0.8845717915276721
Zfp472,-0.037754157361463675,0.037754157361463675,0.12013215643310061
Ano10,-0.057574711012994675,0.057574711012994675,0.017726083231330594
Kank3,-0.0014693464302278046,0.0014693464302278046,0.9517838504562165
Pisd-ps3,0.059241015287712806,0.059241015287712806,0.014685687547088204
Pim2,-0.03335408665825407,0.03335408665825407,0.16976023383809816
Fnbp1,0.0313383008024164,0.0313383008024164,0.1970661049065622
Ing5,-0.030129767459282017,0.030129767459282017,0.21490642492612638
Farp2,-0.041334456436297316,0.041334456436297316,0.08880611952716087
Klhl13,-0.05036236758781695,0.05036236758781695,0.038094532522605896
Wdr44,-0.04483262040199,0.04483262040199,0.06490858685528987
Capn10,-0.03575025289271202,0.03575025289271202,0.14110988624627857
C1galt1c1,-0.07751725250189048,0.07751725250189048,0.0013992282269077213
Zfp280c,-0.050339932935890216,0.050339932935890216,0.03818055054261689
Rbmx,0.013314021872125438,0.013314021872125438,0.5837433948848528
Rhbdd1,-0.07275363682850737,0.07275363682850737,0.002718088961325737
Ap1s3,0.01557911265602118,0.01557911265602118,0.5214232778808274
Hcfc1,-0.04651669220427376,0.04651669220427376,0.055454378499702785
Rufy2,-0.014213224903701664,0.014213224903701664,0.5585918164059224
Jmjd1c,-0.0377118273975765,0.0377118273975765,0.12054853934390865
Lrrc57,0.030694246025034448,0.030694246025034448,0.20643392433766278
Cap1,0.029812351414401927,0.029812351414401927,0.21977924859073272
Tmem107,-0.04088846341484338,0.04088846341484338,0.09230688186407167
Rpl26,0.05889337792626778,0.05889337792626778,0.015279098965513827
Pofut1,-0.03495158767158388,0.03495158767158388,0.15021489733543503
Nadsyn1,-0.06662647237144487,0.06662647237144487,0.006053424946723337
Hsd3b2,0.03928600035087056,0.03928600035087056,0.10580749165541556
Cttn,-0.054721940032192044,0.054721940032192044,0.024220426218191617
Ppfia1,-0.07233271719790202,0.07233271719790202,0.0028772927680268735
Ccnd1,-0.15252607250036698,0.15252607250036698,2.7234988841652347e-10
C330021F23Rik,0.11886851104263402,0.11886851104263402,9.149081238693595e-07
Tmco3,0.010233250872128972,0.010233250872128972,0.6736591495229057
Rasa3,0.03948932119226886,0.03948932119226886,0.10401245314827413
Fbxo25,-0.011049536847770741,0.011049536847770741,0.6493062565518225
2610005L07Rik,-0.006937250783146373,0.006937250783146373,0.7752716200191261
Trim11,-0.07210377323568129,0.07210377323568129,0.002967413785638309
Vdac3,-0.04990899804460354,0.04990899804460354,0.039865123248740274
Ipo13,-0.030904107750717474,0.030904107750717474,0.20334663626401792
3010026O09Rik,0.029831054205058338,0.029831054205058338,0.21948995372082458
Ccdc163,-0.07400467321521814,0.07400467321521814,0.002291201325611058
Zfp341,-0.03555976963916748,0.03555976963916748,0.14324199179160638
Mmachc,0.008987255065626577,0.008987255065626577,0.7114924655184862
Trit1,9.015844556440993e-05,9.015844556440993e-05,0.9970396838715863
Dvl2,-0.04384668373609702,0.04384668373609702,0.0710349704511612
Ipo7,0.0025745088264777817,0.0025745088264777817,0.9156245869613063
Ggnbp2,-0.031420686955848244,0.031420686955848244,0.1958905926976488
Gm19522,0.0023722565279362656,0.0023722565279362656,0.922231174538622
Samhd1,0.024910938524821673,0.024910938524821673,0.30522261440784176
Tmem98,-0.05560355296007496,0.05560355296007496,0.022022599410467494
1110002N22Rik,-0.03780163129114204,0.03780163129114204,0.11966651386330052
2610507B11Rik,-0.06861150430760235,0.06861150430760235,0.0047009362224690555
Slc35a5,-0.02637010587881724,0.02637010587881724,0.27775538428608215
Nfatc2ip,-0.04585591710896302,0.04585591710896302,0.05901747670486085
Sgsm2,0.010592243024781768,0.010592243024781768,0.6629050174666631
Meaf6,0.029745742210020843,0.029745742210020843,0.2208117806472512
Mis12,-0.01680251885057578,0.01680251885057578,0.4892459043241107
Nup88,-0.07771826703444266,0.07771826703444266,0.0013594733314552037
Zfp629,0.005964981332460773,0.005964981332460773,0.80608940995279
Zfp646,-0.04367973487998668,0.04367973487998668,0.07211781697162664
Eno3,-0.05081806409440169,0.05081806409440169,0.03638263363631201
Ncoa6,-0.02026356760485168,0.02026356760485168,0.40429498618918386
2310057M21Rik,-0.035731874945648966,0.035731874945648966,0.1413145247850048
Cep97,-0.011481143471603766,0.011481143471603766,0.6365775079814151
Rfx3,0.0011275675115298561,0.0011275675115298561,0.9629899614816914
Tubd1,0.02908543907776934,0.02908543907776934,0.2312356864607462
Fbxo8,-0.013636310329537032,0.013636310329537032,0.5746682357934109
Galnt7,-0.05318887048315427,0.05318887048315427,0.028496158952427648
Katnb1,-0.031174823502654193,0.031174823502654193,0.1994139130945693
Slc16a7,-0.05009837553415865,0.05009837553415865,0.03911721921670186
Poll,-0.011805524305851776,0.011805524305851776,0.6270808057893484
BC048403,-0.039718198511684955,0.039718198511684955,0.10202080005184379
Cnnm2,-0.013721337246170903,0.013721337246170903,0.5722851714639571
Txnl4b,-0.04085105459582432,0.04085105459582432,0.09260548186731891
Tmem127,-0.019467150961991565,0.019467150961991565,0.42302097471530725
Aldh1l2,-0.03473541566941476,0.03473541566941476,0.15275468560645658
Hcfc2,-0.050707303478412194,0.050707303478412194,0.03679258167143728
Mllt4,-0.009229607468510728,0.009229607468510728,0.7040743207603802
Dclre1a,0.08139542011251374,0.08139542011251374,0.0007931755124350547
Pias4,-0.023822587428552946,0.023822587428552946,0.3268442971834521
Tjap1,-0.019640442361119555,0.019640442361119555,0.4189037769725018
Birc2,-0.0008212037590458569,0.0008212037590458569,0.973041171564678
Gfra1,-0.0007902051190206167,0.0007902051190206167,0.9740584428201897
Dennd4c,-0.08066806715386156,0.08066806715386156,0.0008839160059335463
Fbxl12,-0.01877450223830711,0.01877450223830711,0.4397121565002821
S1pr2,0.018621351930717484,0.018621351930717484,0.4434530519988837
Sept7,0.02003737024834311,0.02003737024834311,0.40956248526176897
Tmem181a,-0.045432175823112396,0.045432175823112396,0.06140082823687735
Noc3l,-0.03735650592979414,0.03735650592979414,0.1240883324604186
Serac1,-0.002774253845131077,0.002774253845131077,0.909105608321598
Peo1,-0.06331015455941409,0.06331015455941409,0.009108201571415396
Sh3rf1,0.0688040124095122,0.0688040124095122,0.0045855337842883315
Ipp,-0.04348219500495415,0.04348219500495415,0.07341648640645718
Polr3f,0.0033047127005780413,0.0033047127005780413,0.8918241038628062
Rhbdf1,-0.008891031566004345,0.008891031566004345,0.7144453948150699
Olig1,0.1492926293699562,0.1492926293699562,6.476746853942499e-10
Sugp2,-0.005972744877806278,0.005972744877806278,0.8058420652676642
Upf1,-0.09849336372549108,0.09849336372549108,4.8425913474081375e-05
Pde4c,-0.04503853546554609,0.04503853546554609,0.06368568653271274
Mtap1s,-0.03010602220913186,0.03010602220913186,0.21526823636335504
Abhd8,-0.05563639124396198,0.05563639124396198,0.021944197053027727
Eps15l1,-0.013409739337012401,0.013409739337012401,0.581041179763402
Polm,-0.03553378867074448,0.03553378867074448,0.14353470409263275
Camk2d,0.0109015289030958,0.0109015289030958,0.653695150229609
Gpx7,-0.046514971598237996,0.046514971598237996,0.055463418588780275
Entpd7,0.027158855561984642,0.027158855561984642,0.26363034027397214
Smtn,-0.03442829690841553,0.03442829690841553,0.15641895935393263
Cox15,-0.01640667736988936,0.01640667736988936,0.4995387861270998
Zswim4,-0.03671743730388344,0.03671743730388344,0.1306581973571999
Sfi1,-0.004995223221747048,0.004995223221747048,0.8371303323855569
Sdr9c7,0.004253546238792781,0.004253546238792781,0.8610455341633045
Atp6v0a2,-0.00511129649937745,0.00511129649937745,0.8334005598149394
Sgsm3,-0.030902048457548237,0.030902048457548237,0.20337676657200984
Ttll1,-0.007240488778061987,0.007240488778061987,0.7657293879331676
4933407H18Rik,-0.016227767682267833,0.016227767682267833,0.5042283080976353
6030446N20Rik,0.035214688818283504,0.035214688818283504,0.14716730181742838
Msh2,0.0417500219327681,0.0417500219327681,0.08564115708451578
Sgsm1,-0.054002043945511245,0.054002043945511245,0.02615359528162987
Pcgf3,0.01619602343704442,0.01619602343704442,0.5050627947726276
Elf1,-0.0012732293994978262,0.0012732293994978262,0.9582130352865158
1700001L05Rik,0.01613462347052029,0.01613462347052029,0.506678926090959
Dock5,-0.045548133779111405,0.045548133779111405,0.06074083635338508
Skp2,0.020497416235891127,0.020497416235891127,0.39889211084397436
Agbl5,-0.01057055808388509,0.01057055808388509,0.6635526830311681
Golph3,-0.05615375262898791,0.05615375262898791,0.02074062722575029
Thap6,-0.045777915628502384,0.045777915628502384,0.059450344654072104
Kdm3b,-0.03859245587218613,0.03859245587218613,0.1121157896032183
5730494M16Rik,0.024253658603730917,0.024253658603730917,0.31816434496722407
Usp30,-0.031436935240416436,0.031436935240416436,0.19565936433483228
5033403H07Rik,-0.04589807839195398,0.04589807839195398,0.05878459375801389
Prkaa1,-0.03582774960453562,0.03582774960453562,0.14024946237683933
Slc34a2,-0.08304146377681729,0.08304146377681729,0.000618773243560319
Gm10872,-0.042260549092437046,0.042260549092437046,0.08187832439845974
Mfsd3,-0.03568272686231997,0.03568272686231997,0.14186290848457622
Rell1,-0.003013924727776146,0.003013924727776146,0.9012916905193435
Kdr,-0.014682069195136045,0.014682069195136045,0.5456898132452819
Srrm4,0.03423972423638094,0.03423972423638094,0.15870162080699143
Pptc7,-0.046278647740451276,0.046278647740451276,0.05671677693580167
Tbc1d4,0.09025855117973154,0.09025855117973154,0.00019770359272341186
Csnk1e,-0.044692783246132906,0.044692783246132906,0.06575004526743572
Ubr5,-0.09256379434601467,0.09256379434601467,0.00013486667748378292
Tbc1d1,0.019646522324121115,0.019646522324121115,0.41875975330496235
Gbp11,-0.009027437930939127,0.009027437930939127,0.7102606001329469
Stx18,-0.014700049259459617,0.014700049259459617,0.5451979803272032
Alg12,-0.02472613667760594,0.02472613667760594,0.30882555891013547
Rad1,-0.03457927075050707,0.03457927075050707,0.15460943222163576
AW549542,-0.015542763482796356,0.015542763482796356,0.5223956891193755
Sucla2,0.01713308212285311,0.01713308212285311,0.48073864279446676
Gc,0.14665388172425964,0.14665388172425964,1.2954615181367165e-09
Kctd17,-0.04294876352560559,0.04294876352560559,0.07701908680246777
Mpst,-0.009188519691718407,0.009188519691718407,0.7053300175893095
Fbxo32,-0.015768607619149118,0.015768607619149118,0.5163690331652492
Ropn1l,0.10855428023104485,0.10855428023104485,7.447231979062854e-06
Evi5,-0.005216411403626143,0.005216411403626143,0.8300261385191756
2410075B13Rik,0.11729594465785449,0.11729594465785449,1.2743707245183223e-06
Sars2,-0.02760554672389641,0.02760554672389641,0.2558543177460608
Slc7a5,-0.03875298908387044,0.03875298908387044,0.11062988159206642
Klhl5,-0.03405372035723344,0.03405372035723344,0.16097777950436665
Dusp1,-0.02340915108768111,0.02340915108768111,0.33531216649554435
Dld,-0.05182024298078326,0.05182024298078326,0.03284698916630084
Cux2,-0.047152029648508634,0.047152029648508634,0.0521991569054939
Rfc4,0.024284357435730625,0.024284357435730625,0.3175520086209778
Bhlhb9,-0.054364477859999455,0.054364477859999455,0.025164290481899797
Gng11,-0.030231688514135477,0.030231688514135477,0.21335840584010599
Slc16a11,-0.013237644804955333,0.013237644804955333,0.5859037944364408
Zfp951,-0.011251049134022516,0.011251049134022516,0.643350317292398
4930581F22Rik,-0.013395196730897844,0.013395196730897844,0.5814513573960242
Adamts7,-0.05556767597181969,0.05556767597181969,0.02210853495340402
Dnajc28,0.030271941707950382,0.030271941707950382,0.21274924390137503
Foxred1,-0.046735108774256864,0.046735108774256864,0.05431673581812613
Sh2b3,0.04658839648851064,0.04658839648851064,0.0550787325554441
Zranb1,-0.038782352795599426,0.038782352795599426,0.11035977746274361
Eid2b,0.05223886858870492,0.05223886858870492,0.031459548894316076
Fam53b,0.04725560157985885,0.04725560157985885,0.051683937508188255
Rrm2,-0.05908952203213985,0.05908952203213985,0.014941742257776051
Arrb2,-0.0313719460733838,0.0313719460733838,0.19658542151935415
Lzts2,-0.03362345623796775,0.03362345623796775,0.16633729640185302
Jmjd7,-0.008857053399326659,0.008857053399326659,0.7154891488398576
Bag2,-0.047496395219719864,0.047496395219719864,0.05050252252510195
Gbp7,0.05846603810981792,0.05846603810981792,0.016037385687130798
BC053749,-0.00914202550257291,0.00914202550257291,0.706751909151254
Gypc,0.015838335577302673,0.015838335577302673,0.5145156434531872
Rbm15b,-0.053820167321092474,0.053820167321092474,0.026662582073503277
Pdcd11,-0.06682799665004972,0.06682799665004972,0.005901685082293864
Bbs5,-0.02062081196513091,0.02062081196513091,0.3960587447401504
Zfp768,-0.018511271906185976,0.018511271906185976,0.4461530844100656
Haghl,0.0024325383381650512,0.0024325383381650512,0.9202614825850084
Ccdc76,-0.02661997319517475,0.02661997319517475,0.27322606824596074
Tlcd2,0.00807392603530483,0.00807392603530483,0.7396892476289514
BC023829,-0.0072110497659595325,0.0072110497659595325,0.7666542396328823
Scarf1,-0.055006754101256175,0.055006754101256175,0.02349048571189921
Bend3,-0.008947447390145188,0.008947447390145188,0.7127135714056673
Mlkl,0.03795914005726117,0.03795914005726117,0.11813171986656514
Akap17b,0.019482661371257582,0.019482661371257582,0.42265150402535195
Rap2a,-0.027705318720270437,0.027705318720270437,0.25413946074858584
Zfp959,0.014565106240272394,0.014565106240272394,0.5488946158538989
Odf2l,0.0005986833352098642,0.0005986833352098642,0.9803444162545095
Rpap1,-0.02727035362887974,0.02727035362887974,0.26167428839275136
Adam17,-0.056025168021797536,0.056025168021797536,0.02103426367263949
Shroom2,-0.059511150446362834,0.059511150446362834,0.014238680706471343
Ppargc1b,-0.03886156438931779,0.03886156438931779,0.10963373947321221
Cd5l,-0.004552869929278033,0.004552869929278033,0.8513772914225414
Dock7,-0.03944823623987302,0.03944823623987302,0.10437321350044325
Eid1,-0.024294720914342025,0.024294720914342025,0.3173454671677163
Cxcl16,0.013255652032848899,0.013255652032848899,0.58539410864298
Pld2,-0.034617377464735095,0.034617377464735095,0.15415521763405488
Micu1,-0.08897893405482696,0.08897893405482696,0.00024354458399352162
Slc22a7,0.05944569172180741,0.05944569172180741,0.014345883295522287
Fgd4,0.03775778686170752,0.03775778686170752,0.12009650692964632
Sdc1,-0.08030490736272453,0.08030490736272453,0.0009327361072635973
Zfp622,0.0028215917277755647,0.0028215917277755647,0.9075615447588155
Ggcx,-0.03751608655286155,0.03751608655286155,0.12248865675480611
Stx4a,0.0035649841293980133,0.0035649841293980133,0.8833630920426899
Agpat1,-0.0032963414923565925,0.0032963414923565925,0.8920964482221121
Nlrx1,0.009094336117012788,0.009094336117012788,0.7082114151761035
Erc2,-0.029765616243612597,0.029765616243612597,0.2205033433794715
Supt7l,-0.02475172911223449,0.02475172911223449,0.3083249331849032
C630043F03Rik,-0.013070360235553155,0.013070360235553155,0.5906485054720358
Cd38,-0.05245204955743717,0.05245204955743717,0.0307725197853543
Mcph1,-0.021976831824831112,0.021976831824831112,0.36572859501000526
Zfp828,-0.01659489075422807,0.01659489075422807,0.49463048457519204
Fbxo28,-0.053593921672691565,0.053593921672691565,0.027307647936223253
Upf3a,-0.021669586813612376,0.021669586813612376,0.3724706743300665
Bckdhb,0.0692966115767445,0.0692966115767445,0.00430181772535279
Ccdc134,-0.022789706910948202,0.022789706910948202,0.3482611520342622
Hfe2,-0.011563899007822002,0.011563899007822002,0.6341489669892767
Ankrd54,-0.032741088587370654,0.032741088587370654,0.17774596277706958
Gtf3c4,-0.052754495593068995,0.052754495593068995,0.02981991828529254
Mrpl39,0.08738098323632851,0.08738098323632851,0.00031479688622107466
Tmie,-0.019440736369110343,0.019440736369110343,0.42365062671964643
1810058I24Rik,0.011243509917742088,0.011243509917742088,0.6435727392683988
Crybg3,-0.015476675346037081,0.015476675346037081,0.5241660578336763
5430416N02Rik,0.015027258665255361,0.015027258665255361,0.5362859736508275
Tlk1,-0.0271667804786569,0.0271667804786569,0.263490978698049
Eif2c2,-0.045385031104685565,0.045385031104685565,0.06167085043373823
Myg1,0.013501393021485482,0.013501393021485482,0.5784591846245548
Alg13,0.0020699584732000852,0.0020699584732000852,0.9321156284065382
Dhx34,0.006515625022246121,0.006515625022246121,0.7885955030524997
Slc25a32,-0.03388210208822203,0.03388210208822203,0.16309967525108637
Oxr1,-0.005075659660018114,0.005075659660018114,0.8345452809477464
Zfp329,0.015616113483892816,0.015616113483892816,0.5204343903214859
Krba1,-0.014093284443296439,0.014093284443296439,0.5619160573797161
Dnase2b,-0.047350760492089375,0.047350760492089375,0.05121432304534775
Ddb2,-0.001334923053138328,0.001334923053138328,0.9561902573056977
Rhod,-0.0009679355941181952,0.0009679355941181952,0.9682265479919995
Fam110a,0.0012911388261509608,0.0012911388261509608,0.9576258024690644
Aasdhppt,0.06246922894195206,0.06246922894195206,0.01007463622386288
4933426M11Rik,-0.09033033299475346,0.09033033299475346,0.0001953887583543028
Hdac10,-0.04011961115460941,0.04011961115460941,0.0986011211413066
Lig1,-0.018282668089673115,0.018282668089673115,0.45179003191284656
Rap1gap,-0.025596203641294238,0.025596203641294238,0.29210657907752313
Yeats2,-0.024754637097263513,0.024754637097263513,0.3082680826650611
Abca7,-0.04621157146708911,0.04621157146708911,0.05707678074179841
Mrpl20,-0.04698730534475845,0.04698730534475845,0.05302741572196022
Slc44a3,-0.031042285554213345,0.031042285554213345,0.20133231643491603
Atrnl1,-0.017382264861264006,0.017382264861264006,0.4743793660619359
Xpo5,-0.008707462727494862,0.008707462727494862,0.720090629854402
Timm44,-0.05520927838174599,0.05520927838174599,0.022983118092050336
Nudcd1,-0.02858706094866362,0.02858706094866362,0.2393313575986606
Pafah1b3,-0.006738475060400161,0.006738475060400161,0.7815452022191403
Pot1a,0.02139759949648471,0.02139759949648471,0.3785028427469511
BC018242,-0.03237813885631544,0.03237813885631544,0.18260410957016832
Zfp51,-0.01879635250902865,0.01879635250902865,0.439179914250154
Rangrf,-0.04679612098443874,0.04679612098443874,0.054002447020458255
Zfp653,0.012017404555678377,0.012017404555678377,0.620910755093282
Ino80,-0.04128426852469973,0.04128426852469973,0.08919464482604962
Zap70,0.29190970194575583,0.29190970194575583,1.1433639473959727e-34
Tmem80,0.06096250523774456,0.06096250523774456,0.01203643510475466
Plekha5,-0.005486536057046874,0.005486536057046874,0.8213690363985513
Irf7,0.08005115927253528,0.08005115927253528,0.0009683163635441901
Rbm15,-0.020522981766289028,0.020522981766289028,0.39830408568113135
Ppm1k,-0.0045101803266813754,0.0045101803266813754,0.8527548495273007
Rfc5,-0.008092444685314405,0.008092444685314405,0.7391138935391605
Odf2,-0.05848749858857331,0.05848749858857331,0.015998531484876018
Fxr2,-0.03990758647614861,0.03990758647614861,0.10039581022462091
Tle1,-0.0751524181222043,0.0751524181222043,0.001954473022455875
Fbxw11,-0.03312165139522235,0.03312165139522235,0.17275601379947597
2700097O09Rik,-0.03194993004478705,0.03194993004478705,0.18846141174369163
Tmem62,-0.0669376880158192,0.0669376880158192,0.005820539298065296
Klhdc8b,0.04249014691357583,0.04249014691357583,0.08023032180206448
Dot1l,-0.036470335958263156,0.036470335958263156,0.13326959434823846
Plk2,0.024222587523880942,0.024222587523880942,0.318784892843729
Aaas,0.00259018179559373,0.00259018179559373,0.9151128652583695
Cdca7,-0.04827698123541831,0.04827698123541831,0.04682706004798687
Pnpla6,-0.04063120420015773,0.04063120420015773,0.0943760353355455
Ttc7b,0.016288694283424113,0.016288694283424113,0.5026287191990214
Gorab,-0.008035510459979085,0.008035510459979085,0.7408832412096764
Pm20d2,-0.014746991857821379,0.014746991857821379,0.5439149333893692
Sccpdh,-0.04602959384909677,0.04602959384909677,0.05806304535163385
Rpp38,-0.0013784580100555492,0.0013784580100555492,0.9547630256556152
Lmnb2,-0.040908647207117704,0.040908647207117704,0.09214609448582728
Sh2d4a,-0.02021215416221651,0.02021215416221651,0.4054886904338676
Fkbp14,0.072715501928517,0.072715501928517,0.002732174186825651
Gadd45b,-0.11471291883377525,0.11471291883377525,2.176268791210695e-06
8430427H17Rik,-0.034671944739948016,0.034671944739948016,0.15350656583459055
Csde1,-0.132561084489293,0.132561084489293,4.268384379122522e-08
Fam38a,-0.021336343664069304,0.021336343664069304,0.3798696278955696
Tapbpl,-0.05901380505634432,0.05901380505634432,0.01507118621811877
Dolk,-0.032008891982622314,0.032008891982622314,0.18764677280012063
Slc16a6,-0.010945136347278749,0.010945136347278749,0.652400801792839
Shb,-0.04148856107641736,0.04148856107641736,0.087621640677673
Gm3414,-0.04378208456788377,0.04378208456788377,0.07145237668370186
Slc23a2,-0.07181565137688865,0.07181565137688865,0.0030844841889711328
Pop7,0.0638219794245559,0.0638219794245559,0.008561301751857634
Polg,-0.05937838826679755,0.05937838826679755,0.014456848052495416
3110043O21Rik,-0.03628631000087318,0.03628631000087318,0.13524048696012453
AU040320,-0.0392679115297708,0.0392679115297708,0.10596837262842232
Plcxd1,-0.061033725605184705,0.061033725605184705,0.011936589641495984
Rnf215,-0.02342405128802263,0.02342405128802263,0.33500455452568395
Rpp40,0.00970215196541036,0.00970215196541036,0.6896914085378117
Thap2,-0.0014412919007081772,0.0014412919007081772,0.9527033626067576
Ostb,-0.06791972568305671,0.06791972568305671,0.005137635978975788
Ptpn1,-0.02875187464941731,0.02875187464941731,0.23663230607729072
Trim13,-0.01568736805670963,0.01568736805670963,0.5185327580821075
2610034B18Rik,0.033110107703154874,0.033110107703154874,0.172905819548595
Scoc,0.018297099667711664,0.018297099667711664,0.4514329902123438
Car5b,-0.014943552732836745,0.014943552732836745,0.538558831856094
Mtmr12,-0.053031575826129454,0.053031575826129454,0.02896955480847512
Fgfr1op,-0.041334838258855346,0.041334838258855346,0.08880316891219886
Trmt112,-0.03393872574596488,0.03393872574596488,0.16239726105579144
Tle4,-0.06436518012269596,0.06436518012269596,0.00801313823006719
Ogg1,0.005819895498371114,0.005819895498371114,0.810715349627758
Pla2g15,0.0007344506978361896,0.0007344506978361896,0.9758882206783073
Ryk,-0.0821698733879932,0.0821698733879932,0.0007061075469899089
Tbc1d30,-0.008908370195291733,0.008908370195291733,0.7139129857588843
1810019J16Rik,-0.020052340219935898,0.020052340219935898,0.4092126216526683
Mlst8,-0.03656856549102635,0.03656856549102635,0.1322267005099187
Kifc2,-0.01756849766081762,0.01756849766081762,0.46965691699650675
Usp20,-0.006849261010652127,0.006849261010652127,0.7780468940517469
Chd6,-0.0265541157871014,0.0265541157871014,0.2744149313048979
Zmym6,0.02590067243888678,0.02590067243888678,0.2864022219233731
Aatf,0.016103752584391347,0.016103752584391347,0.5074925150486792
Tmem101,-0.04874129537320239,0.04874129537320239,0.04474941067296037
D130043K22Rik,-0.035644524336883046,0.035644524336883046,0.14229029098109547
Wbscr22,-0.07121551815159534,0.07121551815159534,0.0033419484947960817
Elmo2,-0.06708342084079306,0.06708342084079306,0.005714286149255869
Syce2,-0.014350895528305454,0.014350895528305454,0.5547879784167308
Gadd45g,-0.12853170799821656,0.12853170799821656,1.0878539279389616e-07
Msi2,-0.012722066405182985,0.012722066405182985,0.6005834482707636
Epb4.1l5,-0.012596294446107988,0.012596294446107988,0.6041894978177664
Porcn,0.003936967263120001,0.003936967263120001,0.8712937856697955
Anks1,-0.04775958406172587,0.04775958406172587,0.049237173990234126
Chd2,-0.0354830845551055,0.0354830845551055,0.14410727750294663
Cdc23,-0.020348128488398558,0.020348128488398558,0.402336248180314
Fuca2,-0.0261607016281901,0.0261607016281901,0.28159036420260714
Card6,-0.016408798999948515,0.016408798999948515,0.4994833138105602
Ccdc130,-0.03235609729972564,0.03235609729972564,0.182902276888057
Bik,-0.0195285852439454,0.0195285852439454,0.42155866770279504
Slc22a30,0.0020560099947609933,0.0020560099947609933,0.9325719760609658
Trim12c,0.027014255111517678,0.027014255111517678,0.2661820973389674
Rfx1,0.023215971164626814,0.023215971164626814,0.339316776698545
Adm2,-0.06642057838567897,0.06642057838567897,0.006212072709345593
Arfgef2,-0.12415886723904247,0.12415886723904247,2.908782470054985e-07
Il17ra,-0.04149076915425072,0.04149076915425072,0.08760476194143955
2610306M01Rik,0.0025867482604418346,0.0025867482604418346,0.91522496701997
Aqp9,-0.07358555865441659,0.07358555865441659,0.0024268493567679676
Ankrd50,-0.0021432920272945223,0.0021432920272945223,0.9297167694926202
Ulk3,-0.04743207510761444,0.04743207510761444,0.05081586411322724
Slc50a1,-0.019960120436003093,0.019960120436003093,0.4113707159588117
Macrod1,0.07638393823824757,0.07638393823824757,0.0016441214776184954
Swap70,-0.03396588711023342,0.03396588711023342,0.16206113581162215
Tmco7,-0.026228248233112886,0.026228248233112886,0.28034942935746154
Gga3,-0.03478194603482705,0.03478194603482705,0.15220526515329383
Tmem87b,-0.09742576443177295,0.09742576443177295,5.8484397031881646e-05
Wdr67,-0.05208919419264617,0.05208919419264617,0.03194973069740306
1110032A03Rik,0.11655114471418816,0.11655114471418816,1.4887388745623194e-06
Cbx8,0.0024858150933913907,0.0024858150933913907,0.9185210853044469
Nbea,-0.047366835310065684,0.047366835310065684,0.0511353464141446
Fam49b,-0.042760333369328773,0.042760333369328773,0.07832557735092681
Fam188a,0.025926884922416793,0.025926884922416793,0.28591465834268487
Golph3l,0.035389629403194164,0.035389629403194164,0.14516719636695563
Pik3c2b,0.007937159118255904,0.007937159118255904,0.7439429336411919
Zfand6,0.02615532633501489,0.02615532633501489,0.2816892762964458
Rps19-ps3,-0.045577723436771606,0.045577723436771606,0.06057336621485843
Suv39h1,-0.034207075827092134,0.034207075827092134,0.1590993735276947
Rab34,-0.02429215650655097,0.02429215650655097,0.3173965669574159
Ntn3,-0.014589718940354409,0.014589718940354409,0.5482194538709485
Mapk15,0.031552204538274425,0.031552204538274425,0.19402471075323757
Eif2b1,-0.008998781134812912,0.008998781134812912,0.7111390396114736
6030458C11Rik,-0.04112308191363796,0.04112308191363796,0.09045171640645504
Nr2c1,-0.010417937638130561,0.010417937638130561,0.6681180916258621
Rdh9,-0.10491514121175256,0.10491514121175256,1.4949087934835707e-05
Socs4,-0.019320549155218025,0.019320549155218025,0.42652247213494665
Cog7,-0.03266492518554616,0.03266492518554616,0.17875736855931043
Serinc2,-0.017913692032131383,0.017913692032131383,0.4609726235704728
Atn1,-0.036432613570454464,0.036432613570454464,0.13367177556028645
Lgals1,0.1828960248158835,0.1828960248158835,3.18234091085176e-14
Dbf4,-0.024049626156549632,0.024049626156549632,0.32225371689917465
Phf17,-0.058795879791489036,0.058795879791489036,0.015449269638684574
2310004N24Rik,-0.028224769644035485,0.028224769644035485,0.24534044030850705
5031425E22Rik,0.01926986113890608,0.01926986113890608,0.42773704267520085
Smarca5,-0.06427064832330963,0.06427064832330963,0.008106216284910648
Cdh5,0.03274485993808704,0.03274485993808704,0.1776959922647138
6330418K02Rik,0.07897652173293548,0.07897652173293548,0.0011333664288001946
Usp42,0.02931227681839571,0.02931227681839571,0.2276160209104319
Pogz,-0.03977835960709972,0.03977835960709972,0.10150235336655854
Sfxn5,-0.01795906471363236,0.01795906471363236,0.4598378577533658
C430048L16Rik,-0.03244846327183759,0.03244846327183759,0.1816552025685093
Stxbp5,-0.034752028557545334,0.034752028557545334,0.15255835143709962
Txlng,-0.04332316188012866,0.04332316188012866,0.07447583556906283
2810006K23Rik,0.003212111660590041,0.003212111660590041,0.8948374383360702
Hsf1,-0.037274066949675395,0.037274066949675395,0.12492107694203329
Harbi1,-0.00980969648035446,0.00980969648035446,0.6864334218387349
Snrnp35,0.0011580853889195126,0.0011580853889195126,0.9619890236465616
Rabl2,-0.028812564977714658,0.028812564977714658,0.23564385522819908
Gm16551,-0.009448142690094188,0.009448142690094188,0.697409205177574
Cadm1,-0.05659150067036382,0.05659150067036382,0.019767585971488134
Pfdn4,0.009318773334455717,0.009318773334455717,0.7013520688628124
Rpusd2,-0.030109970069898028,0.030109970069898028,0.21520805159468262
Abcb1a,-0.09057836333421321,0.09057836333421321,0.00018758459962636082
Ciz1,-0.045648207987910715,0.045648207987910715,0.06017598073015774
Mup9,0.04259542359260989,0.04259542359260989,0.07948372482761924
Ogfod1,-0.05762118529743834,0.05762118529743834,0.017634330797640776
Zfp467,-0.030245835593649795,0.030245835593649795,0.2131441712678525
Thap1,0.02864596928296799,0.02864596928296799,0.2383641721238471
Zfp62,0.00965895563005078,0.00965895563005078,0.6910016353501713
Irf1,0.030474464053675862,0.030474464053675862,0.20970345561351011
4930523C07Rik,0.0032608628571632534,0.0032608628571632534,0.8932508317156022
Fastkd5,-0.04637948300362903,0.04637948300362903,0.056179139691430846
Wdyhv1,0.05546528581748731,0.05546528581748731,0.02235539285365035
Chic1,-0.054508702178207524,0.054508702178207524,0.0247797106950332
Acsl3,-0.0110325341609584,0.0110325341609584,0.6498098246257455
Mettl22,-0.049592818854709605,0.049592818854709605,0.041140812099566784
Lyrm4,-0.07135655743757664,0.07135655743757664,0.0032797422017218037
Tifa,0.06796982817345382,0.06796982817345382,0.005104818499554054
Fzd7,-0.0029260395696503114,0.0029260395696503114,0.9041559152292202
Zfp318,-0.05014320641042616,0.05014320641042616,0.03894192295904307
Tpmt,0.20146024900246018,0.20146024900246018,5.450180037864698e-17
Mtx3,0.017927017570451786,0.017927017570451786,0.4606391912051095
Nmnat1,-0.023911502431204625,0.023911502431204625,0.32504146048459365
Tubb6,-0.013653641239781644,0.013653641239781644,0.5741821188913777
Kdelc1,-0.013304762664367462,0.013304762664367462,0.5840051030060683
BC024659,-0.030817577204181993,0.030817577204181993,0.2046154981194184
Tfb1m,-0.03061469445957598,0.03061469445957598,0.2076130561195994
Slc25a33,-0.08843737505333057,0.08843737505333057,0.00026579974847898034
Alyref2,0.004868556270723176,0.004868556270723176,0.8412046850897779
Pcsk9,-0.1035312437259667,0.1035312437259667,1.9371171198189588e-05
Arl2bp,-0.027273800839188848,0.027273800839188848,0.26161397284042553
Rnf41,-0.02726125387441064,0.02726125387441064,0.2618335521676597
Siah1a,-0.02140333595207052,0.02140333595207052,0.3783750018261047
Mob4,-0.028230948813213835,0.028230948813213835,0.24523707213251106
Slc17a1,-0.0788581990657423,0.0788581990657423,0.001153046153255029
Ewsr1,-0.012509885425348567,0.012509885425348567,0.606672573970995
Cc2d1b,-0.0508205199836299,0.0508205199836299,0.036373588133246794
Frs3,-0.04100631783416067,0.04100631783416067,0.09137120731866304
Rasa2,-0.03255109225989487,0.03255109225989487,0.1802769682317883
Cyp4a12b,0.1054511365320342,0.1054511365320342,1.3509867412054262e-05
Kremen1,-0.04753594882605236,0.04753594882605236,0.05031063772569474
Hmox2,0.025081463267021677,0.025081463267021677,0.30192283463339586
Prkag2,-0.027657432407750638,0.027657432407750638,0.25496151922962407
Mfn1,-0.06647753557593013,0.06647753557593013,0.006167815362175177
Hsbp1l1,0.0014530459487209473,0.0014530459487209473,0.9523181055040344
Aftph,-0.07054123817606718,0.07054123817606718,0.0036544388701385206
1810014B01Rik,-0.0508037601977093,0.0508037601977093,0.036435355657807804
Cuta,0.019854019419118702,0.019854019419118702,0.4138619846450577
Fancc,-0.0289699194855424,0.0289699194855424,0.2330946609098929
Apool,0.05124497910632081,0.05124497910632081,0.034838723894734386
Ccdc53,0.04842289213366412,0.04842289213366412,0.04616559160091863
Vps45,0.005156597966044352,0.005156597966044352,0.8319459025290963
Fam123b,-0.009541572598045351,0.009541572598045351,0.6945667493402944
Gnptab,-0.034349485749447545,0.034349485749447545,0.1573699192672709
Hmgxb4,0.06388272609699953,0.06388272609699953,0.008498379355184472
Atxn1l,-0.0192342748392062,0.0192342748392062,0.428590951423956
Gas1,0.022116337533595418,0.022116337533595418,0.362692612385065
Zdhhc16,-0.04842049111401622,0.04842049111401622,0.04617641236519175
Dusp7,0.018505096179407723,0.018505096179407723,0.4463048386235952
B3galnt2,0.0008444148640192484,0.0008444148640192484,0.9722794896508846
Hlcs,-0.020352521468719284,0.020352521468719284,0.40223464635534856
Fkbpl,0.009919631895190573,0.009919631895190573,0.6831090110542374
Fancl,0.03721969429859644,0.03721969429859644,0.12547269197709043
Wdr20a,0.0031171111188615496,0.0031171111188615496,0.8979304311208824
Dnajc16,-0.016445880044096,0.016445880044096,0.49851431768722737
Spc25,-0.05298249079117253,0.05298249079117253,0.02911865960222551
Abcb10,-0.0023847988386421996,0.0023847988386421996,0.921821318238591
1700024P16Rik,-0.042168832773553044,0.042168832773553044,0.08254426585959451
Slc10a3,-0.018471203765067303,0.018471203765067303,0.4471381889159926
Mthfr,0.002403390548633125,0.002403390548633125,0.9212138185030071
Rps10,-0.011851232204971682,0.011851232204971682,0.6257475443468542
1700067K01Rik,-0.038661504024640934,0.038661504024640934,0.11147475838688649
Golt1b,-0.046074329375250724,0.046074329375250724,0.057819289885320015
Gmcl1,-0.032353123396468605,0.032353123396468605,0.1829425339747938
Snrnp27,-0.015976352173266505,0.015976352173266505,0.5108573347779861
Recql,-0.012451940061043389,0.012451940061043389,0.6083402578178395
Gcfc1,-0.006507453803318991,0.006507453803318991,0.7888543486694842
Gls,-0.04103511688225482,0.04103511688225482,0.09114372675046876
Nde1,0.009353943205598663,0.009353943205598663,0.7002793757192817
Pim1,0.05557723030198297,0.05557723030198297,0.022085621205934127
2500003M10Rik,-0.0095373110470462,0.0095373110470462,0.6946963072389938
Bex4,-0.055964117108420766,0.055964117108420766,0.021174942404752397
Atf7ip,-0.00020927766806004946,0.00020927766806004946,0.9931285214522706
Tcf7l2,-0.0791802390334417,0.0791802390334417,0.0011002089656802403
1600020E01Rik,0.045660522571498455,0.045660522571498455,0.06010677432702388
8430419L09Rik,-0.014312124305053691,0.014312124305053691,0.5558579459779227
Cbx5,0.043522406466455624,0.043522406466455624,0.07315058977006623
Smarcad1,-0.03470758970252962,0.03470758970252962,0.15308396822556058
Gadd45a,-0.10386770959952044,0.10386770959952044,1.8193754361104514e-05
1200011I18Rik,-0.039659588611282104,0.039659588611282104,0.10252790204687018
2310039H08Rik,0.04754966903557486,0.04754966903557486,0.05024422020111676
Dnlz,0.015343798055664656,0.015343798055664656,0.5277348492927044
Dusp11,-0.019928473212169534,0.019928473212169534,0.41211286555568005
Fnbp1l,-0.0706816011888555,0.0706816011888555,0.0035872811555310506
Ttll12,-0.04578745363338899,0.04578745363338899,0.05939727281430573
Dis3,-0.03885299213971673,0.03885299213971673,0.1097121285496781
Rab30,-0.0325666096253136,0.0325666096253136,0.1800692583240066
Rbm12,-0.024005220698961213,0.024005220698961213,0.3231482448032758
Ogfrl1,0.10259659298543092,0.10259659298543092,2.3034235031102707e-05
Zdhhc4,-0.018443379173741527,0.018443379173741527,0.4478230033538052
Gnai3,-0.09604759578351361,0.09604759578351361,7.440933345474834e-05
Mcm3,-0.035314017672633605,0.035314017672633605,0.14602910214559986
Zfp955a,0.01664474352142014,0.01664474352142014,0.49333473330474015
Lpgat1,-0.0801736630025569,0.0801736630025569,0.0009509851036181618
Rps6ka1,-0.0430802386659505,0.0430802386659505,0.0761180498377209
Onecut1,-0.04161851785204169,0.04161851785204169,0.08663269320400963
Ppp1r7,-0.04927118637702092,0.04927118637702092,0.04247378547708282
Sap30bp,0.019338029853548367,0.019338029853548367,0.426104071461475
Adcy6,-0.008581160900883972,0.008581160900883972,0.7239836461796718
Zfp68,-0.017666099091062145,0.017666099091062145,0.46719236892175275
Mmp14,0.015708740741759753,0.015708740741759753,0.517963067062847
Mrc1,0.0012410776053608762,0.0012410776053608762,0.9592673182273699
5430417L22Rik,-0.030460671989208047,0.030460671989208047,0.20990987190771754
2410004B18Rik,-0.02000643094444236,0.02000643094444236,0.4102861316166939
BC027231,-0.02255075279265082,0.02255075279265082,0.3533400602773141
Lmtk2,-0.028883670844860182,0.028883670844860182,0.23448948650399584
Fzd1,-0.035217506666113486,0.035217506666113486,0.1471349192421423
Aim1,-0.005593502170200444,0.005593502170200444,0.8179468646113146
Pon2,-0.016410489311248055,0.016410489311248055,0.4994391211295051
Traf3ip1,-0.03934839780089175,0.03934839780089175,0.10525401722742526
Rfc3,0.027124225396863346,0.027124225396863346,0.2642399161349857
Cul4b,-0.012657396320524848,0.012657396320524848,0.6024364122238333
2210417A02Rik,0.021748219332830308,0.021748219332830308,0.3707379046356356
Etohi1,0.11131886058914325,0.11131886058914325,4.321272946171538e-06
Zfp668,-0.03548567619061329,0.03548567619061329,0.14407796924107913
Smpdl3a,-0.007428716416039295,0.007428716416039295,0.7598239916832678
Bcl6,0.1412200207793618,0.1412200207793618,5.195007841133795e-09
Mtif3,-0.0564698180965094,0.0564698180965094,0.020033986522515815
Zer1,-0.02843789199186123,0.02843789199186123,0.24179284285364616
Upf3b,0.047608725375363654,0.047608725375363654,0.04995917473639399
Xaf1,0.14547075807001403,0.14547075807001403,1.760665088326386e-09
Vps11,-0.030565370774220668,0.030565370774220668,0.20834659037766842
Orc3,-0.03871770499875091,0.03871770499875091,0.11095513434300759
Zfp282,-0.03239393786320801,0.03239393786320801,0.18239061002582344
Zfp326,0.0012251325151850165,0.0012251325151850165,0.9597901969548813
Foxn2,0.0017823994311232227,0.0017823994311232227,0.9415278906238068
Bend7,-0.0718773935402981,0.0718773935402981,0.003059048391738186
Zscan21,0.010659275115387442,0.010659275115387442,0.6609045589137765
6330503K22Rik,-0.009109140454581797,0.009109140454581797,0.7077582220876864
Nop14,-0.027871986109888787,0.027871986109888787,0.25129267907191444
Dnajc18,-0.015489044859179596,0.015489044859179596,0.523834469819453
Acot8,-0.020640774294596577,0.020640774294596577,0.39560152109284324
Snx11,0.017604977753944272,0.017604977753944272,0.4687349134808319
Zcrb1,-0.04052770359000016,0.04052770359000016,0.09521890648754157
Dhx58,0.016651303127170232,0.016651303127170232,0.49316437422301496
Ngrn,-0.011777077210155362,0.011777077210155362,0.627911199083086
Iqcc,-0.01263061598171964,0.01263061598171964,0.6032044902873973
Wdr13,-0.10650378685163876,0.10650378685163876,1.1058578338155598e-05
Zbtb2,0.00914154609945603,0.00914154609945603,0.7067665756584752
Prcp,-0.056803137258904485,0.056803137258904485,0.01931160573067434
Ikbkap,-0.04687294963877915,0.04687294963877915,0.05360884240517376
Fzd4,-0.025009449988893942,0.025009449988893942,0.3033134400397633
Slc35a2,-0.03131120404608502,0.03131120404608502,0.1974538555208089
Eftud1,0.017466853121948237,0.017466853121948237,0.4722311721084713
Sil1,-0.1181118370815524,0.1181118370815524,1.0736331153585083e-06
Pygo2,-0.013739095136134093,0.013739095136134093,0.5717880606627012
Rnaseh2b,0.02402107913681748,0.02402107913681748,0.3228285982453054
Tipin,-0.019837802642456194,0.019837802642456194,0.41424354153076837
Eif2d,-0.0690550778786387,0.0690550778786387,0.004438881243503877
2610019E17Rik,-0.03775170609701717,0.03775170609701717,0.1201562378086612
Ppp1r35,0.03520632681136179,0.03520632681136179,0.14726342965986478
Zfhx2,0.028727414158342332,0.028727414158342332,0.2370315159487363
1110054O05Rik,-0.011936368276506976,0.011936368276506976,0.6232674553925558
Arntl,0.1387784631997131,0.1387784631997131,9.533676457658655e-09
Klhdc8a,-0.03173485543828712,0.03173485543828712,0.19145505265008528
Wdr55,-0.03760353552367375,0.03760353552367375,0.121618900496994
Tsc2,-0.061652020718775596,0.061652020718775596,0.011100163877266164
Actr5,-0.002720563154038196,0.002720563154038196,0.9108573023139974
Arf2,-0.00029175834504756304,0.00029175834504756304,0.9904204406310544
Apbb3,-0.05542652674705548,0.05542652674705548,0.02244946199130194
Rnf168,0.0025065189204249577,0.0025065189204249577,0.9178448560014622
Dgkq,-0.03398255958021751,0.03398255958021751,0.16185507193435406
Mef2a,-0.0258302715041465,0.0258302715041465,0.2877144857314927
Cln6,-0.04779954071277678,0.04779954071277678,0.04904741580207306
Hs3st6,0.025741399678643948,0.025741399678643948,0.2893768229732107
Rundc1,-0.029787484768344356,0.029787484768344356,0.22016430926939787
Glmn,0.006606484895599955,0.006606484895599955,0.7857188464061418
Mus81,0.04924721919180823,0.04924721919180823,0.04257455977724089
Fadd,0.007815780949529593,0.007815780949529593,0.7477245570607733
Slc19a1,-0.08509486016407437,0.08509486016407437,0.0004511468382082714
Defb1,-0.041497903906327224,0.041497903906327224,0.08755024119872658
Alg2,-0.05586161109964233,0.05586161109964233,0.02141298763524781
C030046E11Rik,-0.02984647281297855,0.02984647281297855,0.21925166407130017
Hmgcs1,0.019966165707345693,0.019966165707345693,0.4112290403125683
Anapc5,-0.06865194023889618,0.06865194023889618,0.004676480485193725
Dpy19l1,-0.008342736832406897,0.008342736832406897,0.731352023066176
Sip1,0.004737976003699754,0.004737976003699754,0.8454093646297641
Gsta4,0.02860127217283686,0.02860127217283686,0.23909777815220806
Cyp2g1,-0.04006891015672934,0.04006891015672934,0.09902793565976577
Klhl18,-0.04051008168489319,0.04051008168489319,0.09536301115887587
Hnf1a,-0.04643712680042742,0.04643712680042742,0.055873701600602725
Ifrd1,-0.059043364654632925,0.059043364654632925,0.015020534861737246
Snapc2,-0.0192986554946063,0.0192986554946063,0.4270468345662165
Grtp1,-0.039896555808800915,0.039896555808800915,0.10048988694392628
1810043G02Rik,-0.011636095033271097,0.011636095033271097,0.632033513772652
3110052M02Rik,-0.012546392718882245,0.012546392718882245,0.6056229331945833
Zwint,-0.01285776166282276,0.01285776166282276,0.5967038221155889
Gstm4,-0.20142699424052757,0.20142699424052757,5.515913311331345e-17
Tmem30b,-0.03197132094054045,0.03197132094054045,0.1881655668407297
Cfl2,0.08621126564875603,0.08621126564875603,0.00037884441981931704
G2e3,-0.02053099425836066,0.02053099425836066,0.3981199001643598
Ccl25,-0.05386889316559509,0.05386889316559509,0.026525390085793344
Vasp,-0.05240092777447389,0.05240092777447389,0.030936088456161873
2610507I01Rik,0.011170085224640101,0.011170085224640101,0.6457405807329288
Polb,0.1010514616648457,0.1010514616648457,3.057225546680148e-05
Uap1l1,-0.04119590154519351,0.04119590154519351,0.08988205387821278
Lime1,-0.0010779374133041602,0.0010779374133041602,0.9646178735138838
Oraov1,0.0029286863693437255,0.0029286863693437255,0.9040696362092283
Rab17,0.005263753105269296,0.005263753105269296,0.8285073834795351
2010109K11Rik,-0.03071197107352877,0.03071197107352877,0.2061718627161461
Cdc42se2,-0.002659623521820833,0.002659623521820833,0.9128460219217668
Tmem29,0.047361841195599955,0.047361841195599955,0.05115987190799989
1110034A24Rik,-0.00014698297465275297,0.00014698297465275297,0.9951738917604751
Ankmy2,-0.08021641573133781,0.08021641573133781,0.0009450045354826494
Poc5,-0.02661376689447701,0.02661376689447701,0.27333795445229037
Snx19,-0.043947413275829995,0.043947413275829995,0.07038809574963661
Ilf3,-0.07006807198709283,0.07006807198709283,0.0038893292017299587
Tbc1d23,-0.02429349507963992,0.02429349507963992,0.31736989314685315
Cbll1,-0.050139554490740895,0.050139554490740895,0.038956177592567864
1500002O20Rik,-0.015711943176822212,0.015711943176822212,0.5178777337128192
Trappc6a,-0.001462266606324241,0.001462266606324241,0.9520158919779743
Plxnb1,0.005370780176488777,0.005370780176488777,0.8250762482020063
Tacc1,0.007738671455063063,0.007738671455063063,0.7501301194090279
Ddhd2,-0.05889018909482411,0.05889018909482411,0.015284638479292052
Tnfsf12,-0.04328807293367351,0.04328807293367351,0.0747112419431364
Cwc22,-0.006307395560044931,0.006307395560044931,0.7951989376515461
Olfml1,0.04608801723273984,0.04608801723273984,0.05774487733331147
Snx25,-0.0626234480184133,0.0626234480184133,0.009890847200830015
Zmynd8,-0.01378640231745789,0.01378640231745789,0.5704647549439946
Myo5b,-0.029562154626205997,0.029562154626205997,0.22367561015863247
Tmprss2,-0.04187047947155115,0.04187047947155115,0.08474097227808414
D3Ertd254e,-0.022839661615558553,0.022839661615558553,0.3472052658041766
Tpst2,0.030499867161392507,0.030499867161392507,0.20932364923943395
Pcm1,-0.025812811270435047,0.025812811270435047,0.28804056829788643
Tmem86a,-0.06911599160093787,0.06911599160093787,0.004403946545283541
Sergef,-0.05666627042864779,0.05666627042864779,0.019605429433309018
Rnf114,0.013651222182885404,0.013651222182885404,0.5742499596420931
Fam160a2,-0.012524303164434352,0.012524303164434352,0.6062579447624263
Ttc19,-0.023742826939761423,0.023742826939761423,0.32846702807264955
Miip,-0.05751823685885247,0.05751823685885247,0.017838140401082826
Ppp1r14b,-0.14852539342513607,0.14852539342513607,7.933166767519778e-10
Slc43a1,-0.001995877760360385,0.001995877760360385,0.934539553670645
Prmt6,-0.02260581468781814,0.02260581468781814,0.3521656046961189
Trex1,0.02912003480929952,0.02912003480929952,0.23068101514698477
Celsr1,-0.015894073865548485,0.015894073865548485,0.5130365918654644
Fads1,-0.05329930679654741,0.05329930679654741,0.028167780103113205
Pibf1,-0.03845808021335888,0.03845808021335888,0.11337163401073277
C130039O16Rik,-0.00670438191049,0.00670438191049,0.7826226607098946
Tfe3,-0.060856787232697204,0.060856787232697204,0.012186007494735283
Itpa,-0.04040140248779123,0.04040140248779123,0.09625560550709356
Atrip,0.010424212091734133,0.010424212091734133,0.6679301574385469
Znf512b,-0.08155095777226845,0.08155095777226845,0.0007749281095813736
Kctd21,0.009055940115959064,0.009055940115959064,0.7093872814177669
Tti2,-0.055363169948359645,0.055363169948359645,0.022603970736671683
Cep63,-0.052935356066726946,0.052935356066726946,0.02926246056721924
1700021K19Rik,-0.05963627319859557,0.05963627319859557,0.014035728949241126
Rbl2,0.02726404459756987,0.02726404459756987,0.26178470185666536
Stx5a,-0.009751085101867915,0.009751085101867915,0.6882082959357042
Dars2,-0.028347814731426377,0.028347814731426377,0.2432878279675778
Fitm2,0.033282914617972476,0.033282914617972476,0.17067338375194846
Decr1,0.016365065044935786,0.016365065044935786,0.5006274458028604
N4bp1,-0.04190206294769239,0.04190206294769239,0.08450621720512344
Vhl,-0.011081021402351938,0.011081021402351938,0.6483742022073542
Rdh13,-0.05073515425828563,0.05073515425828563,0.0366891319514017
Lipt2,-0.013241210304277266,0.013241210304277266,0.5858028583844964
Det1,-0.035278693879630944,0.035278693879630944,0.14643310029136122
Cgn,-0.05351131058439527,0.05351131058439527,0.027546517175310318
Maff,-0.08301037769778562,0.08301037769778562,0.0006217071014960568
Klf3,-0.00787908842766091,0.00787908842766091,0.7457514040795213
Hlf,-0.04718816557716103,0.04718816557716103,0.05201891311888452
Cops7b,-0.024687323515929404,0.024687323515929404,0.309585825608385
Tmub2,-0.0015227481043182667,0.0015227481043182667,0.9500337413398695
Slc17a3,-0.022263089542039382,0.022263089542039382,0.3595160020846999
C4a,0.14333270061353465,0.14333270061353465,3.0462165760753716e-09
Ccdc61,-0.014498605420162639,0.014498605420162639,0.5507208774433787
1810029B16Rik,0.01653497800163245,0.01653497800163245,0.49619011238752164
Lsm11,-0.014996699749938789,0.014996699749938789,0.5371151773111427
Adssl1,-0.02594200276543519,0.02594200276543519,0.28563371484403904
Nbas,-0.042622858317467746,0.042622858317467746,0.0792900941194116
Inca1,0.07487851747407429,0.07487851747407429,0.002030427747415517
Wrap53,-0.042524920312712454,0.042524920312712454,0.07998309011674963
Arrdc2,0.03266683952513362,0.03266683952513362,0.17873189494769162
Btbd6,-0.008064155009507551,0.008064155009507551,0.739992881345785
Pogk,0.044194541113803915,0.044194541113803915,0.06882150270741337
Cdc73,-0.06603724978407034,0.06603724978407034,0.006517434999334861
Haus8,0.013245115815538734,0.013245115815538734,0.5856923061572002
Zdhhc5,-0.08430116851271854,0.08430116851271854,0.0005101630676482547
Gyg,-0.06764863770677515,0.06764863770677515,0.005318526880602053
Chka,0.0594989001254686,0.0594989001254686,0.014258689338748597
Notum,-0.08137392861119593,0.08137392861119593,0.0007957279577587491
Gtpbp3,-0.028832832334601287,0.028832832334601287,0.2353144160629576
Spnb2,-0.052201111164501234,0.052201111164501234,0.03158259212321424
Bod1,-0.07438709885929043,0.07438709885929043,0.002173519510724971
Atpaf1,0.008337100844895612,0.008337100844895612,0.7315265034711059
Phospho2,0.008093904519436042,0.008093904519436042,0.7390685442977768
8430406I07Rik,0.005694398137425264,0.005694398137425264,0.8147220677940196
Wars,-0.04082566375578362,0.04082566375578362,0.09280859455644905
Adi1,0.02362042563710202,0.02362042563710202,0.33096742217617875
Samd4b,-0.026483157115511982,0.026483157115511982,0.2756998284926687
Pelp1,-0.01354598434777262,0.01354598434777262,0.5772049446772679
Xiap,-0.08023855937363039,0.08023855937363039,0.0009419206210011414
Coq3,-0.006231272658973627,0.006231272658973627,0.7976166606692556
Grhl1,-0.04668993459688947,0.04668993459688947,0.05455042022790123
Vrk2,0.015975219108849414,0.015975219108849414,0.5108873127341558
Ddx47,-0.04629583685243361,0.04629583685243361,0.056624826077858195
Cyp2e1,0.0454510250551991,0.0454510250551991,0.0612931429827409
Agps,-0.05570442616028563,0.05570442616028563,0.021782533450569137
Ung,-0.03411929778051582,0.03411929778051582,0.1601725025467605
Ttc30b,-0.020569821520046355,0.020569821520046355,0.39722809290432176
Gm12070,0.0712273177751197,0.0712273177751197,0.0033367033384775046
Pard6b,-0.03710201577737013,0.03710201577737013,0.1266730430747283
Smg6,-0.0064811031361518105,0.0064811031361518105,0.7896892363480881
Brp44,-0.012429475122045489,0.012429475122045489,0.6089873535409365
Creld2,-0.0483198342518404,0.0483198342518404,0.04663197000689169
Nlk,-0.03809727240484398,0.03809727240484398,0.11679846898274321
Rtcd1,0.00014291230294468174,0.00014291230294468174,0.9953075485516572
2610528E23Rik,-0.05282132247672579,0.05282132247672579,0.02961288732224316
Ptbp2,-0.02744320350394916,0.02744320350394916,0.25866177142145136
Crlf3,0.01733999146419795,0.01733999146419795,0.47545494319478465
2700062C07Rik,0.04364282901359167,0.04364282901359167,0.07235900586516252
Mrpl47,0.04873116765979853,0.04873116765979853,0.04479388597568778
1300002E11Rik,-0.0009848120944966291,0.0009848120944966291,0.9676728603901105
Pdzrn3,-0.01689941379868317,0.01689941379868317,0.48674388867817586
Ttc1,-0.009758988661807511,0.009758988661807511,0.6879688593834676
Klhdc5,-0.011026160438732585,0.011026160438732585,0.6499986361777361
Fads6,-0.03077614976633564,0.03077614976633564,0.2052250120140719
Tmem104,-0.00417889874713441,0.00417889874713441,0.8634599737077194
Slc25a19,-0.019891548346719454,0.019891548346719454,0.41297978152830395
Dhrs3,0.025732008657933386,0.025732008657933386,0.2895528577526234
Fam134a,-0.10035651784608593,0.10035651784608593,3.467863837721443e-05
Mrps24,-0.04414288439254229,0.04414288439254229,0.0691465768708143
Mms19,-0.036795478780596684,0.036795478780596684,0.1298417391547725
Rabep2,-0.04516188308759575,0.04516188308759575,0.06296229303989408
Sbk1,-0.08667131523386125,0.08667131523386125,0.0003523252897146811
Ccdc55,-0.03156563076010996,0.03156563076010996,0.19383496440701958
Rad54l2,-0.03373237612382814,0.03373237612382814,0.16496804574248478
Zfp868,0.0026779896118495974,0.0026779896118495974,0.9122466002366159
1300015D01Rik,0.09199566000060841,0.09199566000060841,0.00014831898310113382
Cldn1,-0.07827160366425906,0.07827160366425906,0.0012553535710044064
Cyp2c68,-0.2493931592235074,0.2493931592235074,1.8421140748070258e-25
Engase,-0.021768510591009545,0.021768510591009545,0.3702915733139168
Polr1e,-0.022078098604555802,0.022078098604555802,0.36352321156281336
Proca1,0.004200071929119805,0.004200071929119805,0.8627750061937
Zbp1,0.17674663781958594,0.17674663781958594,2.279389464122148e-13
Sh3gl1,-0.011576539222586434,0.011576539222586434,0.6337783731093618
Dgkz,-0.08538430543186905,0.08538430543186905,0.0004312567032366978
Gatc,0.004771814790784554,0.004771814790784554,0.8443193295442313
Abce1,-0.05326846940492109,0.05326846940492109,0.028259144591141757
Il18,0.06102788755213434,0.06102788755213434,0.011944746447908907
E030030I06Rik,0.042703717804201485,0.042703717804201485,0.07872162687533515
Gon4l,-0.055503542640385595,0.055503542640385595,0.022262878656481647
Mpdz,-0.0159088048798492,0.0159088048798492,0.5126460648886189
Cnst,-0.018044257662489703,0.018044257662489703,0.4577114179253424
Terf2,-0.01637184443713134,0.01637184443713134,0.500449998012703
Camta1,0.010848336722697978,0.010848336722697978,0.6552754010286643
Msto1,-0.019913709345768926,0.019913709345768926,0.41245935976409576
Bcl2l11,-0.060425966821526664,0.060425966821526664,0.01281269634954882
Dnajc22,-0.034264970984252595,0.034264970984252595,0.15839455785606946
Klraq1,-0.013415280860455917,0.013415280860455917,0.5808849153962361
1110034B05Rik,0.05997852470468437,0.05997852470468437,0.013493564499426045
Grk6,-0.06035586437890415,0.06035586437890415,0.012917322062731575
Sesn1,0.0017948579531830728,0.0017948579531830728,0.9411199248167476
Ifngr1,-0.0476505107018943,0.0476505107018943,0.04975831010025892
Fgfr4,-0.018472074710633606,0.018472074710633606,0.4471167629507167
Ppwd1,0.018671865463087446,0.018671865463087446,0.4422171897034218
Atp7a,-0.0425629041674474,0.0425629041674474,0.07971373999308858
Erp29,-0.09642729777205963,0.09642729777205963,6.96545025309388e-05
Pom121,-0.04022027432000122,0.04022027432000122,0.09775806171666947
Cyp3a59,-0.08031302668544461,0.08031302668544461,0.0009316178651155707
Armc10,-0.024426816463262595,0.024426816463262595,0.31472054824042145
Slc35e3,-0.008973479825611488,0.008973479825611488,0.7119149394142471
Zfp451,-0.00042408727613969105,0.00042408727613969105,0.9860759399363511
Rbm27,-0.009291357375041463,0.009291357375041463,0.7021886778695193
2210404J11Rik,-0.0313988278132229,0.0313988278132229,0.19620198441535397
Elmo3,-0.013223494688334189,0.013223494688334189,0.5863044508799076
Midn,-0.03559651839785232,0.03559651839785232,0.14282874673742585
Smad5,-0.05708650829469092,0.05708650829469092,0.018715466025403086
Gtpbp10,-0.0735103138043405,0.0735103138043405,0.0024519664056231517
Nmd3,-0.051928740115668795,0.051928740115668795,0.03248246655811247
Prmt5,-0.06571008718557064,0.06571008718557064,0.006788652361861327
Reps2,-0.040910306089538426,0.040910306089538426,0.0921328895604443
Tfcp2,-0.004900432461474013,0.004900432461474013,0.8401789549739437
Bche,-0.0659805093316454,0.0659805093316454,0.006563763260364634
Cd36,0.12222890485823283,0.12222890485823283,4.4430419277211234e-07
Gse1,0.0066634538059518016,0.0066634538059518016,0.7839166771582221
Cpne8,-0.04488337458191542,0.04488337458191542,0.06460538179049476
Derl3,-0.0503622972002252,0.0503622972002252,0.038094802142126086
Zfp938,-0.0017830187292555326,0.0017830187292555326,0.9415076107717744
Zcwpw1,-0.04680421214628859,0.04680421214628859,0.05396088158544567
2610008E11Rik,-0.025630637992415183,0.025630637992415183,0.29145763828494237
Wdr59,-0.061441635145812815,0.061441635145812815,0.011378742609616202
Sf3b1,-0.08828654005403115,0.08828654005403115,0.0002723293144129628
Ap1g2,-0.05070069672535757,0.05070069672535757,0.036817158375633145
Dctn4,-0.056997291757596436,0.056997291757596436,0.018901395866175657
Agtpbp1,-0.05575295193349776,0.05575295193349776,0.021667860824891184
Nfic,-0.0986320722127314,0.0986320722127314,4.724635423081883e-05
Actr6,-0.021124402848550303,0.021124402848550303,0.38462195090827
Hadh,0.07247835995509701,0.07247835995509701,0.002821268807743006
Gnb2,0.00043831617751989224,0.00043831617751989224,0.9856088121303798
Srd5a1,0.13763083977128499,0.13763083977128499,1.2636602291121816e-08
Rnf216,0.009343242695645428,0.009343242695645428,0.7006056818493201
Fuk,-0.012821589514187784,0.012821589514187784,0.5977368956371321
Xpnpep3,-0.02694679529039835,0.02694679529039835,0.26737834903770413
E130308A19Rik,-0.014019544306521279,0.014019544306521279,0.5639645519485837
Slc4a7,-0.02586955519729054,0.02586955519729054,0.2869817441327147
Dusp10,0.00747633384068175,0.00747633384068175,0.7583322563669972
Tbc1d14,-0.015048957517129017,0.015048957517129017,0.5356975752406126
Pex1,-0.010273747451896858,0.010273747451896858,0.6724426239503731
Por,-0.2355498790193423,0.2355498790193423,8.193584034178651e-23
Npat,-0.053410850416477695,0.053410850416477695,0.027839421320350593
Mkl1,-0.038173973010024564,0.038173973010024564,0.11606327079049927
Acap3,-0.04130723886857323,0.04130723886857323,0.08901665249309179
Tbrg1,0.028732134126243328,0.028732134126243328,0.236954446239398
Pusl1,-0.06054913212901403,0.06054913212901403,0.0126306894510883
Col18a1,-0.08325130967898489,0.08325130967898489,0.0005993025295339495
Dact2,0.009438061329005355,0.009438061329005355,0.6977161691101094
Zfp944,0.00013133366279132093,0.00013133366279132093,0.9956877233426861
Btbd2,-0.06662310386321067,0.06662310386321067,0.006055990869283251
Pde4a,-0.051642990494827415,0.051642990494827415,0.033450040106497596
Katna1,0.00011315550209862156,0.00011315550209862156,0.9962845897119111
Cbx7,-0.004713826743832776,0.004713826743832776,0.8461874558767669
Gimap8,-0.06348487237225897,0.06348487237225897,0.008918104074608024
Jmy,-0.02195491924583746,0.02195491924583746,0.366206901925731
Gpaa1,-0.08266620466639367,0.08266620466639367,0.0006550652626916908
Ints6,-0.043303357567576306,0.043303357567576306,0.07460862512908695
Cct6a,0.06893895867568309,0.06893895867568309,0.004506172753710062
5830433M19Rik,-0.04511312673858012,0.04511312673858012,0.06324741783748582
Sclt1,0.03153277118644063,0.03153277118644063,0.19429959421611434
Aig1,0.010206227179470225,0.010206227179470225,0.6744714217197594
Surf2,0.03736017153028525,0.03736017153028525,0.12405140570359684
Arhgef11,-0.04050761427137297,0.04050761427137297,0.09538320256909488
Rora,0.07225998220103502,0.07225998220103502,0.0029056497543540425
Kdm5d,-0.019238519844437724,0.019238519844437724,0.428489038665052
Etv3,-0.004138199572846085,0.004138199572846085,0.8647769085716004
Stk35,0.0017857860035613744,0.0017857860035613744,0.9414169926611698
Ndst2,-0.012802126147978826,0.012802126147978826,0.5982931034893919
Homer1,-0.03839659488892842,0.03839659488892842,0.11394994170139515
Gnpat,-0.07434397432742021,0.07434397432742021,0.0021865073863943357
Kank2,-0.0499929044700882,0.0499929044700882,0.03953227105959985
Pfkfb3,-0.05682721751182239,0.05682721751182239,0.019260310263874224
Galns,0.014773813744204282,0.014773813744204282,0.5431825050449516
Ppp2cb,-0.07188323781402657,0.07188323781402657,0.00305665066674434
Crtap,-0.048944764414984965,0.048944764414984965,0.04386374126646102
1700021C14Rik,-0.028087899445148303,0.028087899445148303,0.24763790457640542
Tirap,-0.08709894418445388,0.08709894418445388,0.00032924010086568393
Xlr3a,0.002032639267632969,0.002032639267632969,0.9333366377999677
Mettl10,0.006618435720048032,0.006618435720048032,0.7853406954704919
Hapln4,-0.020057527922463094,0.020057527922463094,0.4090914211811752
Fam118b,-0.05817152440867418,0.05817152440867418,0.016579036633233072
Zbtb4,-0.05280512890703962,0.05280512890703962,0.029662941599408896
BC057079,-0.044734125348642864,0.044734125348642864,0.06550034237762538
Mocs1,0.02113880314280442,0.02113880314280442,0.3842979091145744
Gpr146,-0.12904572119268254,0.12904572119268254,9.669843127237222e-08
1700019E19Rik,-0.006462805345900197,0.006462805345900197,0.7902691207776409
Hbp1,-0.09735985117492936,0.09735985117492936,5.916615198223311e-05
Snx8,-0.03974362729603767,0.03974362729603767,0.10180140757238686
Gtf2b,-0.03697461564046205,0.03697461564046205,0.12798260583655602
Slc41a2,-0.005430083888142374,0.005430083888142374,0.8231764879056891
Shkbp1,-0.014315876098044602,0.014315876098044602,0.555754363969367
BC030336,-0.022834845989836275,0.022834845989836275,0.3473069643414725
Apex1,-0.09319372796722264,0.09319372796722264,0.00012129700597743755
Atp6v1g1,0.019687309190174397,0.019687309190174397,0.41779433691937146
Ints8,-0.04730533159978241,0.04730533159978241,0.051438069971950655
Myst3,-0.010185441126059083,0.010185441126059083,0.6750964623790937
Vldlr,-0.07289414720998245,0.07289414720998245,0.002666761274152703
Erlin2,-0.04717416965427508,0.04717416965427508,0.05208866210864226
Zfp512,-0.017036781221370655,0.017036781221370655,0.4832086669992156
Repin1,-0.05451755129708473,0.05451755129708473,0.02475628067933492
Clock,0.016987600911904915,0.016987600911904915,0.4844727446686996
Dusp8,-0.035850510284050244,0.035850510284050244,0.13999752461642706
Ube2i,0.030096272489857707,0.030096272489857707,0.21541692183142716
Wrn,-0.005327812071316234,0.005327812071316234,0.8264533471744339
Cenpl,-0.005325866093113602,0.005325866093113602,0.8265157271310336
Fat1,-0.031727843700933386,0.031727843700933386,0.1915532345755998
Mfsd5,-0.04265597056087977,0.04265597056087977,0.07905690283318292
Specc1l,-0.037521479543847325,0.037521479543847325,0.12243487863946143
Mrpl21,0.013838290612514204,0.013838290612514204,0.5690149822496726
Atf2,-0.006217003742500282,0.006217003742500282,0.7980700693586894
Ptgr2,-0.03670114848629771,0.03670114848629771,0.13082910938342404
Tspyl2,-0.014336667818280548,0.014336667818280548,0.5551805029637465
Fam40a,-0.048421925497040705,0.048421925497040705,0.046169947721453365
Yap1,-0.03614819224762567,0.03614819224762567,0.13673443218665796
Tap2,-0.011769068960662253,0.011769068960662253,0.6281450512219052
Foxp4,-0.038980320800130044,0.038980320800130044,0.10855231448262516
Tmem161b,-0.057812270745827066,0.057812270745827066,0.017261434442892513
Abhd3,-0.07982346306311691,0.07982346306311691,0.001001308528254285
Fosl2,-0.016941114934958618,0.016941114934958618,0.48566921452800244
Thyn1,0.07185320445006145,0.07185320445006145,0.003068990665048406
Inpp5b,-0.019795709749030107,0.019795709749030107,0.41523489504950345
1110012L19Rik,0.025096656755484684,0.025096656755484684,0.3016299846923471
Slc25a45,-0.07651501201860644,0.07651501201860644,0.0016139080974854618
Rhot2,-0.05075807742121412,0.05075807742121412,0.036604171347628535
1500017E21Rik,0.25381157274187605,0.25381157274187605,2.424871492974057e-26
Usp2,-0.08685281895071842,0.08685281895071842,0.00034234810408304586
Micall1,-0.03488748570529199,0.03488748570529199,0.15096464781215443
Shroom3,-0.024556564436857893,0.024556564436857893,0.3121562001462562
D14Abb1e,-0.046603082260384066,0.046603082260384066,0.05500205849598703
Dtd1,0.02257888321249977,0.02257888321249977,0.35273973708302364
Lbr,-0.022510893676940237,0.022510893676940237,0.35419178666351187
Fam55b,0.07569878503491093,0.07569878503491093,0.001810690106549983
Rabgap1,-0.014221599557641598,0.014221599557641598,0.5583600635742354
Nat10,-0.04465847201104904,0.04465847201104904,0.06595787713428608
Pi4ka,-0.061483503954611836,0.061483503954611836,0.01132281348035818
Nsun4,-0.07086425626169238,0.07086425626169238,0.003501568256709593
Camta2,-0.06180313896130005,0.06180313896130005,0.010903815462634706
2510012J08Rik,-0.04003843487220246,0.04003843487220246,0.0992851928351622
1300018I17Rik,-0.03211532282705232,0.03211532282705232,0.1861828664735113
Urb1,-0.05814629544667399,0.05814629544667399,0.016626174054635703
Pddc1,-0.028469400462979275,0.028469400462979275,0.24127143424801833
Pyroxd1,0.019926214826802558,0.019926214826802558,0.4121658565837053
Slc6a8,-0.03781971090872597,0.03781971090872597,0.11948955388127643
Upp2,0.05940998789613626,0.05940998789613626,0.014404655183875615
Baiap2l1,-0.047059897441646396,0.047059897441646396,0.052661069287334585
Rbm34,0.008392492725843118,0.008392492725843118,0.7298122700051288
Pex10,-0.012933211336276049,0.012933211336276049,0.5945516034786538
Ccdc137,0.034112484191383574,0.034112484191383574,0.16025603007254216
Arfgap3,0.03414979410762472,0.03414979410762472,0.15979905217159662
Tarbp2,-0.048194950032941136,0.048194950032941136,0.04720242445554762
Agxt2l2,0.014574152980469894,0.014574152980469894,0.5486464030303734
Blzf1,-0.004514582201836766,0.004514582201836766,0.8526127838382237
2810013P06Rik,-0.008427146191719644,0.008427146191719644,0.7287405210215292
Pcsk7,-0.06976832453622499,0.06976832453622499,0.004045135383090958
Spp2,-0.0535679792780652,0.0535679792780652,0.027382467074330293
Dhx30,-0.03112921930624755,0.03112921930624755,0.20007249364201976
Cbfb,-0.06297219341127196,0.06297219341127196,0.009486196868465005
Ripk4,-0.052547699998038044,0.052547699998038044,0.030468469857469507
Rassf5,-0.029888730561529214,0.029888730561529214,0.21859953553058548
Gm13845,-0.06489736179013779,0.06489736179013779,0.0075067628526353245
Gmnn,-0.028464494328074054,0.028464494328074054,0.2413525699394354
Ankrd10,-0.03256625307312045,0.03256625307312045,0.18007402900916358
Arl13b,0.09790198008432366,0.09790198008432366,5.377515004140615e-05
Helb,-0.021725124724576814,0.021725124724576814,0.37124630495938904
Rad23a,-0.002580079697932971,0.002580079697932971,0.9154426942577693
Bcl3,-0.08056580759848235,0.08056580759848235,0.000897417920931697
Zfp637,0.06262794705923508,0.06262794705923508,0.009885530610171698
Arhgef18,0.0049730083550236035,0.0049730083550236035,0.8378445806526045
Snhg12,-0.07581273971957321,0.07581273971957321,0.0017819535726050148
Fkbp5,-0.10850078848826393,0.10850078848826393,7.525117985592374e-06
Abl1,-0.03891642658578846,0.03891642658578846,0.10913309814535271
Polr2g,0.037640192143598886,0.037640192143598886,0.12125575679649783
Ift27,0.07437841640228307,0.07437841640228307,0.0021761287235738747
Plod1,-0.08427627580100924,0.08427627580100924,0.0005121253845265566
G6pc3,-0.02651110327852116,0.02651110327852116,0.2751932995408446
Lrrc51,-0.07639070725309378,0.07639070725309378,0.001642548527818917
Frs2,-0.05560535319821876,0.05560535319821876,0.02201829499042521
Ubxn7,-0.07156068472454039,0.07156068472454039,0.0031915758721101518
Snx18,-0.05099323715670741,0.05099323715670741,0.03574222314816371
Mtmr10,-0.06564385433388409,0.06564385433388409,0.00684477726201761
Hao2,-0.07504515309648745,0.07504515309648745,0.0019839024486900617
Snhg3,-0.09672304129202199,0.09672304129202199,6.615156453143647e-05
Mterfd1,0.014374705925424662,0.014374705925424662,0.5541313830576353
Ilf2,-0.018089208120566587,0.018089208120566587,0.45659166802975976
Msrb2,0.05435799049188128,0.05435799049188128,0.025181709959775613
Ces2e,0.0019983858628723084,0.0019983858628723084,0.9344574783645355
Mitd1,0.04149893223876082,0.04149893223876082,0.08754238537488934
Tmem186,-0.03262930952841245,0.03262930952841245,0.17923178891770464
Ppp2r3a,-0.00630873049324107,0.00630873049324107,0.7951565565797851
Gulo,-0.005077766437064089,0.005077766437064089,0.8344775976075898
Clcn2,0.015677795121590274,0.015677795121590274,0.5187880304749484
Socs7,0.02488481689554594,0.02488481689554594,0.30573019069460017
Wdr91,-0.0044204084855328455,0.0044204084855328455,0.8556531719413168
Golga3,0.009179527642791577,0.009179527642791577,0.7056049336351511
BC051226,0.018541260025600872,0.018541260025600872,0.4454166131889485
Pacrgl,0.015000337840808517,0.015000337840808517,0.5370164254506135
BC013529,-0.0841734807512938,0.0841734807512938,0.0005203035073172751
Mylk,-0.05929825067557414,0.05929825067557414,0.014589958491813798
Ccdc28b,0.03646757425810784,0.03646757425810784,0.13329900672481823
1810044D09Rik,-0.023017659116048715,0.023017659116048715,0.34345952285420106
Cnot4,-0.05260074228640879,0.05260074228640879,0.03030097505345461
Vkorc1l1,-0.05277795625247597,0.05277795625247597,0.029747095527256392
Avpr1a,-0.012795139573715258,0.012795139573715258,0.5984928172139641
Cdyl,-0.04418665787618112,0.04418665787618112,0.06887103040289431
Heatr3,-0.03639007831648444,0.03639007831648444,0.13412639432172213
Arl6ip4,-0.06513100864517635,0.06513100864517635,0.00729364812606474
Tmem188,0.0230938841442669,0.0230938841442669,0.34186337531121547
Cry2,-0.053765259172788495,0.053765259172788495,0.02681791424892255
Pdcd7,0.013400474955066882,0.013400474955066882,0.5813024681988953
Klf15,0.0022340591783650034,0.0022340591783650034,0.9267485152179237
1110007C09Rik,-0.01582875203802299,0.01582875203802299,0.5147701718073093
Hn1l,0.05926171088549701,0.05926171088549701,0.01465100946486027
Nbn,-0.03691487437657622,0.03691487437657622,0.12860030536665587
Irs2,0.006601894319908319,0.006601894319908319,0.7858641159699744
Pigr,0.1386993783642002,0.1386993783642002,9.721320405692948e-09
Tmem19,0.09801845527871852,0.09801845527871852,5.2679239546806356e-05
Ranbp10,-0.03827271376784139,0.03827271376784139,0.11512216672167179
Med23,-0.047518764868355906,0.047518764868355906,0.05039392643072816
Gm6251,-0.00853879875163585,0.00853879875163585,0.7252909847277847
B230312A22Rik,-0.02149335106678199,0.02149335106678199,0.37637243243291846
Tmtc4,-0.02192121771573962,0.02192121771573962,0.3669432981437363
Ldlrad3,-0.040513346985379346,0.040513346985379346,0.09533629571469622
Pxk,-0.04238747018895421,0.04238747018895421,0.08096395401016405
Ctps,-0.059401867650728614,0.059401867650728614,0.014418051455771476
Tshz1,-0.03221062758465117,0.03221062758465117,0.1848791664763305
Fzd8,-0.004575910998967569,0.004575910998967569,0.850633963147273
Pck2,-0.07413328951555678,0.07413328951555678,0.0022509874204940596
Tsc22d4,-0.0026892940289520058,0.0026892940289520058,0.9118776780733525
Znrf1,-0.02047594084414356,0.02047594084414356,0.3993864632279004
Stoml2,-0.0217203778097608,0.0217203778097608,0.37135085616513464
Ddc,-0.05224927520668786,0.05224927520668786,0.03142570829902689
Gdap2,-0.030238770287387556,0.030238770287387556,0.2132511444699047
Fbxo36,-0.01819884055798011,0.01819884055798011,0.45386710288409154
Eif2c4,-0.03300804174214816,0.03300804174214816,0.174234582726321
Tbl1xr1,-0.015444236055512326,0.015444236055512326,0.5250361641564888
Trmt2b,0.08409507346443998,0.08409507346443998,0.0005266229777265058
Acad10,0.019240449813222413,0.019240449813222413,0.4284427092356754
Mettl11a,-0.032172832632516725,0.032172832632516725,0.18539536421747022
Socs6,0.005090179699930789,0.005090179699930789,0.8340788280015576
1810024B03Rik,-0.020231784628246666,0.020231784628246666,0.40503266715231206
Gpatch3,-0.033482060880919935,0.033482060880919935,0.16812751564191405
Baz2b,-0.040782642794512526,0.040782642794512526,0.09315355391764285
Atxn2,-0.04890928829330137,0.04890928829330137,0.04401709033555929
Nup85,-0.04006211101312816,0.04006211101312816,0.09908528452906971
Itgb3bp,0.055081778549411646,0.055081778549411646,0.02330141169671875
Syt3,0.022337981167363283,0.022337981167363283,0.3579016405489115
Uck2,0.02411138349331611,0.02411138349331611,0.32101232954041853
Tead1,-0.10299570700324634,0.10299570700324634,2.139597618505939e-05
Extl2,0.03060047445899812,0.03060047445899812,0.20782434149494608
Atl2,-0.10836063505075377,0.10836063505075377,7.732894438578964e-06
Acaca,-0.3099851198685797,0.3099851198685797,4.279802247572719e-39
Lrsam1,-0.009354125616284178,0.009354125616284178,0.7002738136852615
Zmat3,-0.027413711015909965,0.027413711015909965,0.25917407538700277
Dhodh,-0.032527526749622906,0.032527526749622906,0.1805927477569927
Cox5a,0.03881179113732642,0.03881179113732642,0.11008950955912165
Rtkn,-0.07138127706026626,0.07138127706026626,0.003268948626278339
Eif3f,-0.09044634081857916,0.09044634081857916,0.0001917014321179478
Skil,-0.06629100399869486,0.06629100399869486,0.006313821596386203
Hgd,0.10412130020101876,0.10412130020101876,1.735170528518131e-05
1110034G24Rik,0.012557596753080897,0.012557596753080897,0.6053009630148912
Fbxo45,-0.0407127418597942,0.0407127418597942,0.09371623918639889
Rhbdd3,-0.03607289908415493,0.03607289908415493,0.13755417861758024
Hmox1,-0.0940369122964046,0.0940369122964046,0.00010513767982193097
Cby1,0.027979693849379608,0.027979693849379608,0.24946483203229855
Sgk1,-0.04855778131705915,0.04855778131705915,0.045561098941588586
Parp4,-0.04210040093519886,0.04210040093519886,0.08304399355004813
Zc3hc1,-0.017172274622060488,0.017172274622060488,0.47973536436303993
Ccndbp1,0.008487214485983087,0.008487214485983087,0.7268840075101756
Gmpr2,-0.01038767592014124,0.01038767592014124,0.6690247907986624
Eif2ak4,-0.04288402594699281,0.04288402594699281,0.07746593263734329
5033411D12Rik,0.0344493678560679,0.0344493678560679,0.1561654500107835
Ppcdc,-0.008099127311105818,0.008099127311105818,0.7389063075090101
Rnf43,-0.018178447998625617,0.018178447998625617,0.45437320037811324
Asah2,-0.015112998934746368,0.015112998934746368,0.5339628883792973
Ankrd13a,-0.03318761187558256,0.03318761187558256,0.17190188558146272
Anapc2,-0.06615895437868888,0.06615895437868888,0.006419053639401681
Met,-0.07738128973527929,0.07738128973527929,0.0014267220008006393
Bpnt1,-0.09325150545706529,0.09325150545706529,0.0001201189936293609
Dync1li1,-0.023397564005401245,0.023397564005401245,0.3355515053233572
Actr10,-0.017283623490240155,0.017283623490240155,0.4768912106342766
Bdh2,0.122360277763127,0.122360277763127,4.317633424210138e-07
Rbx1,0.052872823979738186,0.052872823979738186,0.02945417848678863
Adarb1,-0.00895156332696545,0.00895156332696545,0.7125872803089197
Gpn1,-0.04267672855965112,0.04267672855965112,0.07891100010928435
Clasp2,-0.03208717757326249,0.03208717757326249,0.18656916850264746
Mosc1,-0.09137466210535496,0.09137466210535496,0.00016446220036032313
Gm1821,0.17065992056471918,0.17065992056471918,1.4946443218878483e-12
Dhcr7,0.00650819771103266,0.00650819771103266,0.788830782402265
Myo6,-0.05342235444798755,0.05342235444798755,0.027805744422205562
Ccdc90a,-0.025497386470007415,0.025497386470007415,0.2939742432862734
Phf23,-0.04690938896728502,0.04690938896728502,0.05342299675676152
Gas2,0.08200045880202281,0.08200045880202281,0.0007243588733267566
Iyd,-0.08170673448440395,0.08170673448440395,0.0007570435704813767
Hps5,-0.04015757169441971,0.04015757169441971,0.09828252091389665
Mettl2,-0.07569722142832591,0.07569722142832591,0.0018110873518800022
Prkrip1,-0.04851432179707443,0.04851432179707443,0.04575512667777801
Bcor,-0.0029893656398348855,0.0029893656398348855,0.9020919568154874
Nuak2,0.035734714083039375,0.035734714083039375,0.1412828961013519
Ep400,-0.05048685707459808,0.05048685707459808,0.03762020606496069
Snupn,0.006637183716485199,0.006637183716485199,0.7847475687410832
Ncdn,0.011815462163776753,0.011815462163776753,0.6267908229840904
C230081A13Rik,-0.006367132731288068,0.006367132731288068,0.7933030121049731
Insc,0.010351377098778505,0.010351377098778505,0.6701130094786433
Klhl7,0.008564048299831388,0.008564048299831388,0.7245116616796905
Traf7,-0.021673858641594303,0.021673858641594303,0.37237641044600667
Atp9a,-0.005393087289737667,0.005393087289737667,0.8243615319195983
Thumpd1,-0.045987314814585956,0.045987314814585956,0.058294199441365345
Rnf31,-0.03683968547698681,0.03683968547698681,0.12938101410407218
Nsun5,-0.06316496180694253,0.06316496180694253,0.009268915937068916
Figf,-0.038804753550583354,0.038804753550583354,0.11015407275387674
Zhx3,-0.004454585038565175,0.004454585038565175,0.8545495356995692
2310010J17Rik,0.008943397566116798,0.008943397566116798,0.7128378416162585
Wdr70,-0.033884983528637266,0.033884983528637266,0.16306387591305557
Spopl,-0.03009015622374241,0.03009015622374241,0.21551023402353148
Pus7,-0.05027229386999278,0.05027229386999278,0.03844088876591517
Rsf1,-0.039916800931060446,0.039916800931060446,0.10031727713059811
Parp16,0.05275034596641382,0.05275034596641382,0.02983281480650789
Dleu2,0.06348169448132693,0.06348169448132693,0.008921529844503298
Slc39a4,-0.1321907707638455,0.1321907707638455,4.657095009399263e-08
Mrps11,0.023141691419773652,0.023141691419773652,0.3408647172900598
Psme3,-0.07040009995709062,0.07040009995709062,0.0037231172816195564
Cspp1,-0.030056499893107585,0.030056499893107585,0.21602422891963485
Aarsd1,0.026868948001424673,0.026868948001424673,0.26876338298958863
Lmbrd2,0.015093242609624496,0.015093242609624496,0.5344977245481807
P2ry2,-0.032518306498783046,0.032518306498783046,0.18071641142570669
Gba,-0.04498486751008572,0.04498486751008572,0.0640025661056061
Pctp,-0.002250108694212837,0.002250108694212837,0.9262237710372614
Gmeb1,0.016833724291346514,0.016833724291346514,0.48843936460068066
Tsen54,-0.019380837726487618,0.019380837726487618,0.4250804754738311
Bcdin3d,-0.011835885665055397,0.011835885665055397,0.6261950541211987
Gm2083,0.022567860897567925,0.022567860897567925,0.35297488427220164
Hdac2,0.010231638047669293,0.010231638047669293,0.6737076167898821
Ppp6c,-0.017537386965318577,0.017537386965318577,0.4704440041493968
Sdhaf1,-0.009106079814253473,0.009106079814253473,0.7078519064947544
Pvrl3,-0.11394975881882775,0.11394975881882775,2.543526557368094e-06
1110054M08Rik,0.022875990565880314,0.022875990565880314,0.34643866502179277
Btd,-0.08229576142883249,0.08229576142883249,0.0006928229216920515
Abcc4,-0.07050790853346145,0.07050790853346145,0.0036705525816664924
Slc35b2,-0.06491084817137564,0.06491084817137564,0.0074943115316950856
Ankfy1,-0.06490249436381053,0.06490249436381053,0.007502022013666279
Ldlrap1,-0.037514207095764515,0.037514207095764515,0.12250740275795337
Alkbh2,0.040201908554086105,0.040201908554086105,0.0979114453131915
Mcts1,0.05913210452662221,0.05913210452662221,0.014869375004049548
Ndufs5,0.18692603980910982,0.18692603980910982,8.432112720029544e-15
Eif4ebp2,-0.03142162590332684,0.03142162590332684,0.19587722514762768
Col27a1,-0.01903276648534903,0.01903276648534903,0.4334448842276435
Rps16,-0.03954397869138582,0.03954397869138582,0.10353404955864731
Psmc4,-0.005959512453850818,0.005959512453850818,0.8062636587454064
Rnf138,-0.017632705479702037,0.017632705479702037,0.4680347886117881
BC017643,-0.040032956027530056,0.040032956027530056,0.09933149896759234
Smyd2,0.0022298369815052753,0.0022298369815052753,0.9268865666265349
Fam25c,0.03534598877162031,0.03534598877162031,0.14566418405918832
Zdhhc18,-0.016470287408910947,0.016470287408910947,0.49787705363329643
Fam83h,-0.012643398764803067,0.012643398764803067,0.6028378166005102
Ftsj2,0.03204762966194859,0.03204762966194859,0.18711297474972743
Prpsap1,-0.05088774273265328,0.05088774273265328,0.03612673658639118
1810030N24Rik,0.011824182407821154,0.011824182407821154,0.6265364171326424
6720456H20Rik,-0.013735881138723219,0.013735881138723219,0.5718780174560024
Lrp3,-0.033434735420119245,0.033434735420119245,0.16872992438651363
Rab22a,-0.01631254085999173,0.01631254085999173,0.5020033732547166
E130309D02Rik,-0.0681279211611992,0.0681279211611992,0.005002503862008902
Epb4.1l1,-0.06435076252082211,0.06435076252082211,0.008027272036130897
Hpn,-0.07021911941193026,0.07021911941193026,0.0038128979015158646
Atp5c1,0.1127717644539358,0.1127717644539358,3.2294529928725226e-06
Ostm1,-0.04229438157123898,0.04229438157123898,0.08163377275534778
Sart3,-0.042434330349268475,0.042434330349268475,0.08062846273135513
Adh7,0.0038103535850229795,0.0038103535850229795,0.8753986579856815
Gsdmd,0.05170314106052984,0.05170314106052984,0.033244342704514984
Shpk,-0.08579939869332663,0.08579939869332663,0.00040415630840934735
Galk1,-0.05227215398036484,0.05227215398036484,0.03135142000237356
Ube2g2,-0.0722069597067428,0.0722069597067428,0.002926481838740678
Hjurp,-0.02808644117243688,0.02808644117243688,0.24766246347032408
Prkaca,0.023660543503569872,0.023660543503569872,0.3301465491257982
Rfxap,-0.022347795497144655,0.022347795497144655,0.3576904214551072
1110028C15Rik,-0.021930107564179607,0.021930107564179607,0.36674896077263475
Herc3,-0.01849588941056907,0.01849588941056907,0.44653112819515617
Ece1,-0.11983851944891454,0.11983851944891454,7.441980028361078e-07
Snx17,0.0130556512732568,0.0130556512732568,0.5910665410028524
Egln1,-0.01473937547971871,0.01473937547971871,0.5441230041376186
Wdr82,-0.10404302271221064,0.10404302271221064,1.7607584486613635e-05
Rrp7a,-0.04281472747129382,0.04281472747129382,0.07794659565673275
Sugp1,-0.04159456088111833,0.04159456088111833,0.08681432131759499
Sbno2,-0.013839623929163993,0.013839623929163993,0.5689777522124679
Gtf2e2,-0.0272459458515905,0.0272459458515905,0.2621016239320542
Erh,-0.01483593014441642,0.01483593014441642,0.5414881715982598
Mrps31,0.07478716286903757,0.07478716286903757,0.00205635676954327
BC032203,-0.07380640397436539,0.07380640397436539,0.0023544827571672384
Nif3l1,0.037395552185233,0.037395552185233,0.12369542609608208
Ocln,-0.006872036720235352,0.006872036720235352,0.7773282553862572
Fam100a,-0.06578057318644226,0.06578057318644226,0.00672937757833952
Aldh18a1,-0.08642345450521047,0.08642345450521047,0.0003663894589993286
Btbd9,-0.035271329270066765,0.035271329270066765,0.14651743684467775
Chm,-0.08241732689714172,0.08241732689714172,0.0006802150530883976
Tsc22d2,-0.03967925960575715,0.03967925960575715,0.10235748263271746
Atmin,0.00280657298703859,0.00280657298703859,0.9080513874212421
Bcmo1,-0.0631280070786171,0.0631280070786171,0.009310222803032094
Tbx3,0.0032818785389235744,0.0032818785389235744,0.8925670080695742
Ric8b,-0.04844634497730154,0.04844634497730154,0.046060007949510415
Diap2,-0.04858394736790826,0.04858394736790826,0.0454446134158621
Phf15,-0.05933986025687967,0.05933986025687967,0.014520709848866971
Atf6b,-0.03461770875511207,0.03461770875511207,0.15415127325168587
2810025M15Rik,-0.025769432711428418,0.025769432711428418,0.2888517719318431
Gm8883,-0.05899748625429703,0.05899748625429703,0.015099213373642912
Rxra,-0.08436314540567795,0.08436314540567795,0.0005053077502036762
Snx14,-0.03604720947570216,0.03604720947570216,0.1378347361197272
Rad50,0.0027169408992147905,0.0027169408992147905,0.9109754964376359
Slc30a6,-0.020895271405627913,0.020895271405627913,0.3898004048957887
Lonrf1,-0.06354074337516454,0.06354074337516454,0.008858066513946891
Mfsd6,-0.07425882761569758,0.07425882761569758,0.0022123600736104784
Gstm2,-0.008350724826355719,0.008350724826355719,0.7311047524003839
Dcaf15,0.03299440788461078,0.03299440788461078,0.1744126527325808
Dera,0.0027923135561139303,0.0027923135561139303,0.9085164972039346
Ighmbp2,-0.028998264231061964,0.028998264231061964,0.23263755168143377
Usp7,0.023153332778320667,0.023153332778320667,0.34062182097103183
S100a16,0.005303471064867449,0.005303471064867449,0.8272336971063536
Gramd3,-0.021863620142208984,0.021863620142208984,0.3682039686555926
Cwc27,-0.01056693946674799,0.01056693946674799,0.6636607849833789
Hc,-0.1066330438793528,0.1066330438793528,1.0788634150415343e-05
Surf6,0.004959072217464958,0.004959072217464958,0.8382927209508918
Aurkaip1,0.014155957102732,0.014155957102732,0.5601778456425162
Klhdc7a,-0.048288159850682646,0.048288159850682646,0.04677610293019816
Ankzf1,-0.005577411295464208,0.005577411295464208,0.818461440972473
Vps16,-0.05224276668367776,0.05224276668367776,0.0314468692795902
Abca2,-0.08800906178417756,0.08800906178417756,0.00028473523816433205
Taf5l,-0.03915281270258705,0.03915281270258705,0.10699660032984482
Ccdc127,-0.013957743004028744,0.013957743004028744,0.5656841501965792
3110056O03Rik,-0.01707200964932858,0.01707200964932858,0.4823042944334986
Coq5,-0.04589996847484491,0.04589996847484491,0.05877417153615005
Pparg,-0.023804635173393922,0.023804635173393922,0.32720908218568845
Chchd4,-0.07132631364524342,0.07132631364524342,0.0032929919660407074
Dhps,-0.01823887313567349,0.01823887313567349,0.4528745087236412
Mthfs,0.14074104557848655,0.14074104557848655,5.8569402126823835e-09
Nostrin,0.05283723943370778,0.05283723943370778,0.02956375879769183
Phf21a,-0.02348510334738818,0.02348510334738818,0.3337460433287791
F830016B08Rik,-0.01208620292312822,0.01208620292312822,0.6189130032456989
Mitf,0.010018242140408213,0.010018242140408213,0.6801322824600782
Cog6,-0.06226152881615288,0.06226152881615288,0.010326960509887914
Ercc5,-0.02958307918149101,0.02958307918149101,0.22334786901036568
Nudcd2,-0.036588118152713185,0.036588118152713185,0.13201986752807976
Tstd1,0.26938213389212107,0.26938213389212107,1.3875806583816422e-29
Sun2,-0.013524535622936745,0.013524535622936745,0.5778080826727757
Glrx,-0.04290079922664694,0.04290079922664694,0.07734995440562817
Setd4,-0.05263664446292929,0.05263664446292929,0.03018805369202387
Rbm6,-0.0006339424364726273,0.0006339424364726273,0.979187067329102
Taf7,0.007853118939689784,0.007853118939689784,0.7465606144376897
Snip1,-0.05370898776421747,0.05370898776421747,0.026977912424716435
Atg2a,-0.045451662262350555,0.045451662262350555,0.061289505364334244
Pgpep1,0.0587475903913162,0.0587475903913162,0.01553416815364387
Nans,-0.044965278432164246,0.044965278432164246,0.06411855234865517
Gart,-0.06004095467426067,0.06004095467426067,0.013396687303390668
2810002N01Rik,-0.005425276491347794,0.005425276491347794,0.8233304516965889
Clta,0.006015013295943224,0.006015013295943224,0.8044957447070097
BC018507,-0.04034082719227379,0.04034082719227379,0.09675600871291612
Fam108b,-0.046623898415816545,0.046623898415816545,0.054893530198129814
Dapk3,-0.051682328860481797,0.051682328860481797,0.033315391667183475
Rpl13,-0.13341724768880492,0.13341724768880492,3.4862175933742695e-08
Chac2,0.04335008399947239,0.04335008399947239,0.07429562999083747
Apoa1bp,0.052505077720071354,0.052505077720071354,0.030603635964425127
Eral1,-0.06214184188063211,0.06214184188063211,0.010474900334237636
Cbx4,0.00885602340102099,0.00885602340102099,0.715520797024232
Myo1c,-0.11090937667421455,0.11090937667421455,4.6879033892528384e-06
Wsb2,-0.056416958673256426,0.056416958673256426,0.020150684028105298
Gopc,-0.02428509554849185,0.02428509554849185,0.3175372953128936
Plbd1,0.0593200309659069,0.0593200309659069,0.014553674500436592
R3hcc1,0.03919215846405795,0.03919215846405795,0.1066442227557825
0610011L14Rik,-0.056067136530063705,0.056067136530063705,0.020938028802061828
Fbxo34,-0.01906570718354455,0.01906570718354455,0.43264924387408343
Arpc1a,-0.033904013060225946,0.033904013060225946,0.16282759952228446
Crim1,0.004271665233271833,0.004271665233271833,0.860459678182592
Mthfsd,-0.0033344672423900905,0.0033344672423900905,0.8908561890968387
Mpzl1,-0.08267245504526201,0.08267245504526201,0.000654444911014362
Abcf1,-0.11854059532024463,0.11854059532024463,9.807067364688461e-07
Trrap,-0.06636619959683278,0.06636619959683278,0.006254592917310831
Rmnd5a,-0.08387106266880053,0.08387106266880053,0.0005450737506270327
2810021B07Rik,0.05896585145897025,0.05896585145897025,0.015153676041942477
Ict1,-0.0008445466365314541,0.0008445466365314541,0.9722751655533913
Ccdc77,-0.02305765167573967,0.02305765167573967,0.3426214888865781
Rnf115,-0.01625854801252006,0.01625854801252006,0.5034198550648452
Mrps22,0.018362139275957926,0.018362139275957926,0.44982587066905444
Ldb1,-0.06732013645642902,0.06732013645642902,0.005545418556314967
Ncoa5,-0.03261979681974411,0.03261979681974411,0.17935866163067218
Pigm,-0.004894299338174594,0.004894299338174594,0.8403762890801973
Vat1,-0.06870128742945547,0.06870128742945547,0.004646791150794864
Utp18,-0.017180817860504613,0.017180817860504613,0.47951681983670874
BC005537,-0.06551866361352963,0.06551866361352963,0.006952001313339738
Sfxn1,-0.03305955280712896,0.03305955280712896,0.1735630278988915
Tnfrsf19,-0.06404359662715649,0.06404359662715649,0.008333738247639739
Phkb,-0.04014867254226434,0.04014867254226434,0.09835713707668231
Dis3l,-0.021866248059779825,0.021866248059779825,0.36814639136156
Uvrag,-0.04630560174162966,0.04630560174162966,0.056572645341592426
Ube2z,-0.09632943199461538,0.09632943199461538,7.085178173482293e-05
Ubn1,-0.04416773262108434,0.04416773262108434,0.06899005077938666
Tcf4,-0.0018024299841859198,0.0018024299841859198,0.9408719792054195
Spg21,-0.013877800031578152,0.013877800031578152,0.5679122590853702
Hdac11,-0.043565090424063035,0.043565090424063035,0.07286920564700147
Pgam5,-0.010211573050202882,0.010211573050202882,0.674310706602914
Stat2,-0.026617569953729617,0.026617569953729617,0.27326938978936516
Dck,0.028325383173642582,0.028325383173642582,0.24366112497792417
Kpnb1,-0.08975535982250837,0.08975535982250837,0.00021466794536921359
Elovl2,-0.0647232090177754,0.0647232090177754,0.007669222790132937
Lrch3,-0.056245112220068866,0.056245112220068866,0.020534173540699283
Adar,-0.0315428166636837,0.0315428166636837,0.19415746598020808
Gtf2h3,-0.032454537775745196,0.032454537775745196,0.18157340942798947
Rhog,0.00024937373135940424,0.00024937373135940424,0.9918120391208455
Terf2ip,0.005427509270886646,0.005427509270886646,0.8232589428778065
Rrm1,-0.03701801796463718,0.03701801796463718,0.12753529149809198
Cyfip1,-0.06478728186549186,0.06478728186549186,0.00760908933721523
Dda1,-0.040388251545682166,0.040388251545682166,0.09636406721120162
Echdc1,0.0969235179719173,0.0969235179719173,6.387246657121813e-05
Arhgap18,-0.007670987692218368,0.007670987692218368,0.7522436334298543
Utp20,-0.027479076736943157,0.027479076736943157,0.2580395754279821
Smg1,-0.06031310849079346,0.06031310849079346,0.012981504004339827
Srrd,0.03743255249560534,0.03743255249560534,0.12332400314713043
Brd3,0.002842535826589834,0.002842535826589834,0.9068785026846834
Dnajc4,-0.053752436727812256,0.053752436727812256,0.026854300492811064
Dstyk,-0.05301571081696921,0.05301571081696921,0.029017675701524696
Gin1,-0.015369887187082269,0.015369887187082269,0.5270331774311953
Ruvbl2,-0.00722727392728385,0.00722727392728385,0.766144502573765
Chmp7,-0.08006960019112486,0.08006960019112486,0.0009656888758873275
Cask,-0.052874091743474426,0.052874091743474426,0.029450280938636556
Usp9x,-0.033657292089043195,0.033657292089043195,0.16591102893590834
Nup35,-0.024344130198728622,0.024344130198728622,0.3163619630931991
Mtf2,-0.04055121150900336,0.04055121150900336,0.09502693977392793
Zfp35,-0.03302012868496508,0.03302012868496508,0.1740768302370627
1600012F09Rik,-0.04529170325154418,0.04529170325154418,0.062208284030476575
Nfatc1,-0.02739422121664919,0.02739422121664919,0.25951301118507153
Stambp,-0.0199533079978597,0.0199533079978597,0.41153040543829145
Pik3ca,-0.07828264700438559,0.07828264700438559,0.0012533525380583306
Iqcb1,-0.008256921280049517,0.008256921280049517,0.7340102224593723
Dusp19,0.0074269822256640295,0.0074269822256640295,0.7598783364362403
Fam82b,0.017485033018551942,0.017485033018551942,0.47177017753655176
Thoc5,-0.03772885353300486,0.03772885353300486,0.12038092458346515
AI314180,-0.08719250804735053,0.08719250804735053,0.0003243813924037427
Cml2,0.0972818920449853,0.0972818920449853,5.998220600198199e-05
Pm20d1,0.004278148808418266,0.004278148808418266,0.8602500581688586
Ccng1,0.007396547404565601,0.007396547404565601,0.7608322725201936
Fam108c,-0.0829468707742232,0.0829468707742232,0.0006277410271290479
2310022B05Rik,0.008539546787749198,0.008539546787749198,0.7252678926281283
Pfas,-0.04396358202526783,0.04396358202526783,0.07028471283241042
Siae,-0.036529657684374495,0.036529657684374495,0.13263902308051984
Anapc4,-0.03214978410459707,0.03214978410459707,0.1857106798582297
Pcgf5,-0.020657463288831408,0.020657463288831408,0.3952195156326288
Nfkbib,-0.020867870849265883,0.020867870849265883,0.390422490686363
Id3,0.22472218537053892,0.22472218537053892,7.401172607155687e-21
Nrp,-0.05506726910806983,0.05506726910806983,0.023337874590031393
Tex10,-0.038297529264791255,0.038297529264791255,0.11488659420697402
Deaf1,-0.029902702765336842,0.029902702765336842,0.21838422074942998
Mad2l1bp,-0.005847460987801506,0.005847460987801506,0.8098359335247829
Actr8,-0.05228241936022487,0.05228241936022487,0.03131813685546662
Gpn3,-0.025877143325011766,0.025877143325011766,0.2868403512677365
Iqgap2,-0.13210361335356632,0.13210361335356632,4.753449001881538e-08
Ywhaz,-0.08026574894026109,0.08026574894026109,0.0009381467086810373
Tsc22d3,-0.050038673851800886,0.050038673851800886,0.03935170199338233
Abhd12,-0.008052375316397051,0.008052375316397051,0.7403589880343451
Rbks,0.06067039634057621,0.06067039634057621,0.0124537297567275
Rnf126,-0.042085404713368746,0.042085404713368746,0.08315383088273885
Prpf40a,0.025624487738861657,0.025624487738861657,0.2915734732751588
Ctdspl2,0.020513254337927354,0.020513254337927354,0.398527761854809
Dcaf17,-0.03448936436348282,0.03448936436348282,0.15568509973739653
Morc4,-0.1276617926036284,0.1276617926036284,1.326436812969753e-07
Rad17,-0.04384653656274507,0.04384653656274507,0.07103591913383804
Psmb8,0.18363950477923996,0.18363950477923996,2.496406928395566e-14
Comtd1,-0.07208157942142691,0.07208157942142691,0.002976285529645923
Srrm1,0.016338091307416903,0.016338091307416903,0.5013338022156045
Dock1,-0.02776397258290715,0.02776397258290715,0.2531350704608647
Rasgef1b,-0.04661846250334627,0.04661846250334627,0.05492185395694825
Kng1,-0.029909726396945772,0.029909726396945772,0.21827604254008498
Supt5h,-0.05034785301944271,0.05034785301944271,0.03815016485965841
Pard3,-0.09206875780139151,0.09206875780139151,0.0001465200182464914
Sephs1,-0.054179142137694265,0.054179142137694265,0.02566606626732529
2810459M11Rik,-0.0090293611466788,0.0090293611466788,0.7102016600318094
2310061J03Rik,-0.026132136490498954,0.026132136490498954,0.2821162682834154
Prkcd,-0.051626608855862864,0.051626608855862864,0.03350624866108505
Cblc,-0.05107392701059264,0.05107392701059264,0.03545047807570842
Tesk2,-0.03106212263843154,0.03106212263843154,0.20104433440163236
Nudt5,-0.034536075104087016,0.034536075104087016,0.15512553203279686
Hs1bp3,-0.04651970162664754,0.04651970162664754,0.055438569900177266
2310011J03Rik,-0.010188680488414833,0.010188680488414833,0.67499903938287
Nsmaf,-0.05620939632641757,0.05620939632641757,0.020614669890347267
Qpctl,-0.037886963884532575,0.037886963884532575,0.11883309172717761
Prkcz,-0.03826766093779892,0.03826766093779892,0.11517017951582506
2900053A13Rik,0.06286397250734005,0.06286397250734005,0.009610158262880867
Ap3m1,-0.03379477175398367,0.03379477175398367,0.1641874884012324
H2afx,0.0020712955612156468,0.0020712955612156468,0.9320718845184499
Ing2,-0.002022189871912194,0.002022189871912194,0.9336785492326406
B630005N14Rik,-0.03518454783845984,0.03518454783845984,0.14751402120177984
Rnf123,-0.07232527021263285,0.07232527021263285,0.0028801844607601393
Lipt1,-0.03219244002179632,0.03219244002179632,0.18512743667762996
Gnl2,-0.027997576544717975,0.027997576544717975,0.2491622558423507
Dpagt1,-0.07954806000306233,0.07954806000306233,0.0010426017027299382
Ccng2,0.043460591682056585,0.043460591682056585,0.07355966331805137
Pomt2,-0.041237055856472464,0.041237055856472464,0.08956138515086735
Amn1,0.00627776870426593,0.00627776870426593,0.7961396776604617
Ndfip1,-0.01644737292301704,0.01644737292301704,0.49847532692937846
Dock8,-0.024650299366066386,0.024650299366066386,0.31031219971030455
Foxn3,-0.06622893096564367,0.06622893096564367,0.0063630936314772344
Aip,0.048422501451803907,0.048422501451803907,0.04616735215600637
Cyp2b9,-0.2964358257361928,0.2964358257361928,9.533128542622447e-36
Anapc16,0.03797373953082665,0.03797373953082665,0.11799024478696271
G3bp1,-0.060021009069096284,0.060021009069096284,0.01342757139568031
Spryd3,-0.04865003216641436,0.04865003216641436,0.04515153438727599
Cecr2,-0.0014335726045138896,0.0014335726045138896,0.9529563804917008
Nkiras1,-9.960663508993065e-05,9.960663508993065e-05,0.9967294580399956
Gstk1,0.06020924655076897,0.06020924655076897,0.01313858904370621
Lbp,-0.09154758769744908,0.09154758769744908,0.00015980831415563285
Ppt1,0.008242007094655602,0.008242007094655602,0.7344725263451826
Gm6484,-0.06994828653727157,0.06994828653727157,0.003950927334979853
Elovl6,-0.32323505359991794,0.32323505359991794,1.5245218543871354e-42
Dctn1,-0.03424544614928034,0.03424544614928034,0.1586319887588715
Epc1,-0.02730591628520889,0.02730591628520889,0.2610525129048024
Mtap,0.014749252103667286,0.014749252103667286,0.5438531936640086
Sfxn2,-0.014183641881367046,0.014183641881367046,0.5594108446719485
Naa40,-0.04565604741356907,0.04565604741356907,0.060131916518202926
Tcerg1,-0.07071939566818364,0.07071939566818364,0.003569390789140011
Enpp4,0.002203498730821412,0.002203498730821412,0.9277477869018371
Atxn7l3b,-0.04255687514685094,0.04255687514685094,0.07975644357742614
Rbp1,0.14558147684470774,0.14558147684470774,1.7110090160367651e-09
Lect2,0.004096719008616849,0.004096719008616849,0.8661195136783183
Adpgk,-0.0844814146098754,0.0844814146098754,0.0004961616688764421
1200011M11Rik,-0.008140624995552324,0.008140624995552324,0.7376176685281103
M6pr,-0.08521260544522204,0.08521260544522204,0.0004429545697456907
Mesdc1,-0.061781370019989255,0.061781370019989255,0.010931908435677262
Ptpn12,-0.08617659267715289,0.08617659267715289,0.0003809168366586049
Cd151,-0.056111103441975584,0.056111103441975584,0.020837622939975042
Rbmxl1,-0.009441608066427316,0.009441608066427316,0.6976081700715455
Rce1,-0.01026147828259509,0.01026147828259509,0.6728111020402884
Nipal1,-0.035480620978445704,0.035480620978445704,0.1441351418076312
Trim8,-0.02582904252145555,0.02582904252145555,0.2877374297337797
Larp1,-0.09927035235265128,0.09927035235265128,4.2160706468609087e-05
Cirbp,0.19168905251105073,0.19168905251105073,1.6878157808564105e-15
Btg1,0.13554421018434099,0.13554421018434099,2.0968339870740653e-08
Rps6,-0.0029024605629573343,0.0029024605629573343,0.9049245813879472
Cited2,0.03375406181056105,0.03375406181056105,0.1646964461227273
Foxa3,-0.016471723407438944,0.016471723407438944,0.4978395739288397
Tead3,0.010766118207820956,0.010766118207820956,0.6577210109185326
Ctbs,-0.03587537387497735,0.03587537387497735,0.13972270750194718
Fars2,-0.018551897772428074,0.018551897772428074,0.4451555296861176
Brd7,-0.05173183592689811,0.05173183592689811,0.033146596256378
Cks1b,-0.012720485357668955,0.012720485357668955,0.600628718635995
Apoc2,0.09958334325610822,0.09958334325610822,3.9860827996560646e-05
C4bp,-0.09519172058336547,0.09519172058336547,8.627575817734822e-05
Amotl2,0.006323872741078133,0.006323872741078133,0.7946758671956595
Guf1,0.009044952970563631,0.009044952970563631,0.7097238869764647
Mier2,-0.03760324793342142,0.03760324793342142,0.12162175290384922
Mettl1,0.0033176605234317563,0.0033176605234317563,0.891402891517366
5730508B09Rik,-0.048680440258154406,0.048680440258154406,0.045017213524788324
Pqbp1,0.0300421318681756,0.0300421318681756,0.21624392383418514
Cwc25,0.039567867212828935,0.039567867212828935,0.10332550874470653
Zswim7,-0.00643650382031563,0.00643650382031563,0.7911028587965867
Ncor2,-0.07372645076047726,0.07372645076047726,0.0023804507006077195
Zfp664,-0.01762851780175162,0.01762851780175162,0.4681404903327874
Otud5,-0.04313952381641901,0.04313952381641901,0.07571457147554095
Abhd13,-0.0443988136549529,0.0443988136549529,0.06754829001316208
Rrs1,-0.023302532119914822,0.023302532119914822,0.3375185971535725
Tatdn1,0.030375348905625665,0.030375348905625665,0.21119011076012778
Irf2bp1,-0.015463759395353795,0.015463759395353795,0.5245124088051648
A1cf,-0.010192230532893075,0.010192230532893075,0.6748922789498356
Numa1,-0.045664820924117444,0.045664820924117444,0.06008263365787065
Lsm12,0.007421025844638459,0.007421025844638459,0.7600650020411346
Aff1,-0.03504110634629874,0.03504110634629874,0.14917261913642896
Nacc1,0.007867591605265406,0.007867591605265406,0.7461096110512001
Max,-0.04234180412324067,0.04234180412324067,0.08129198481967043
Scaf11,-0.027757335204700487,0.027757335204700487,0.25324859028549546
Slc22a18,0.045120475199306655,0.045120475199306655,0.06320437628059739
Arap1,0.013275506378724097,0.013275506378724097,0.5848323796844334
Dcaf10,-0.06496307161040768,0.06496307161040768,0.007446270540738637
Rdh5,0.020339264458070022,0.020339264458070022,0.4025413042509976
Tcf20,-0.07625574441689933,0.07625574441689933,0.0016741731979342284
Polr1c,-0.013216655850616349,0.013216655850616349,0.586498136072781
Pgd,-0.16626314863971028,0.16626314863971028,5.575481311380688e-12
Tbk1,-0.033960010665417796,0.033960010665417796,0.16213381303468843
A730017L22Rik,-0.03050580974281753,0.03050580974281753,0.20923487253944675
Nt5m,-0.013282183270905062,0.013282183270905062,0.5846435300268924
Fgfrl1,-0.05349407279567816,0.05349407279567816,0.02759658653169799
Fam96b,-0.02404269270972106,0.02404269270972106,0.3223932816070147
Iars,-0.14491255458905375,0.14491255458905375,2.033167890595547e-09
0610007L01Rik,-0.06506290032528506,0.06506290032528506,0.007355204162107774
Snf8,-0.052056358272505814,0.052056358272505814,0.03205813859030547
Mgam,-0.03197610630088769,0.03197610630088769,0.188099430220381
Znfx1,-0.04289526080090406,0.04289526080090406,0.07738823400865266
Cmc1,0.07780951332736333,0.07780951332736333,0.0013417732148296516
Snrpa,0.05051414025929325,0.05051414025929325,0.037516925858476415
Tsen34,0.005185347254790726,0.005185347254790726,0.8310230434769281
Slc25a47,-0.11373791237458197,0.11373791237458197,2.6555808173972413e-06
Mfsd11,-0.012227230410482468,0.012227230410482468,0.6148266722563341
Hnrnph1,-0.04456671403038584,0.04456671403038584,0.0665163372769175
Sac3d1,-0.01362018295941041,0.01362018295941041,0.5751207691205928
Polr3e,-0.05198818978714763,0.05198818978714763,0.03228420315764811
Klf11,0.004317061012950345,0.004317061012950345,0.8589921976182704
Tanc1,-0.061968370029521026,0.061968370029521026,0.010692665212038072
Trp53inp2,-0.0424511057525229,0.0424511057525229,0.08050863521355262
Mmd2,-0.04640322525299968,0.04640322525299968,0.05605316843724649
Dmap1,0.0008600212148767335,0.0008600212148767335,0.9717673750159034
Ppp2r1b,0.011390665291048034,0.011390665291048034,0.6392371484755758
Cwf19l2,0.008937342175578835,0.008937342175578835,0.7130236675161393
Fbxo7,-0.07063145335978623,0.07063145335978623,0.0036111448909198983
Scrib,-0.07850379648268499,0.07850379648268499,0.0012138950146035154
Acox3,-0.0323454120921544,0.0323454120921544,0.1830469508021382
Phf5a,-0.03666667087840604,0.03666667087840604,0.13119144049195017
Peli1,-0.027149685531967598,0.027149685531967598,0.2637916608663112
Eif2b4,-0.03341699374702482,0.03341699374702482,0.16895617580786637
Elmod3,-0.05336897632247596,0.05336897632247596,0.027962300404532067
Anks4b,-0.06544229556359227,0.06544229556359227,0.007018147331402736
Spon2,0.01428212057381656,0.01428212057381656,0.5566866475568147
Mapk1ip1l,-0.13109641257290278,0.13109641257290278,6.01686480565315e-08
Fam168b,-0.0402462031444603,0.0402462031444603,0.0975418411183748
Uqcc,-0.06944412446175297,0.06944412446175297,0.0042200058379899315
Wdr45l,-0.052117692973710585,0.052117692973710585,0.03185589653965286
Rfesd,0.037157275760719755,0.037157275760719755,0.12610826940407602
Slc25a38,0.004598104501032936,0.004598104501032936,0.849918103625356
Mycbp,0.030411012874792677,0.030411012874792677,0.21065430261918394
Adh1,0.022381064786169337,0.022381064786169337,0.3569749999027896
Galnt2,-0.07553829100254487,0.07553829100254487,0.001851884723710401
Baat,-0.03479124608926596,0.03479124608926596,0.15209563257314257
Axin1,-0.03645675686896561,0.03645675686896561,0.13341426131337433
Rars2,0.021617515042936804,0.021617515042936804,0.3736208984128254
2210403K04Rik,0.10241647824038375,0.10241647824038375,2.3811996290705835e-05
Gm561,-0.08711365972862542,0.08711365972862542,0.0003284714498253645
Gnl1,-0.02173924675010067,0.02173924675010067,0.37093537404981924
Itih4,-0.1809952830984086,0.1809952830984086,5.892129436412963e-14
Dhrs13,-0.031931553871246215,0.031931553871246215,0.18871583541062067
Ate1,-0.03901171042277358,0.03901171042277358,0.10826788646899169
Fzr1,-0.061823136306276,0.061823136306276,0.010878065257581575
Zfp12,0.023329591257814322,0.023329591257814322,0.3369577399485581
Leng1,0.011354533295386628,0.011354533295386628,0.6403005609882475
Golga1,0.03382323961674603,0.03382323961674603,0.16383228575875505
Asap2,0.026591935570945822,0.026591935570945822,0.2737317747683702
Taf6,-0.020459907047722933,0.020459907047722933,0.3997557929238371
Ube2q2,-0.06246580107523944,0.06246580107523944,0.010078755642964262
Cdo1,0.24680274905042424,0.24680274905042424,5.937362683387701e-25
Papd4,0.003845703143901676,0.003845703143901676,0.8742522674436496
Hnrnph3,0.004669462404592222,0.004669462404592222,0.8476172687971965
Igfbp1,-0.1738812327009202,0.1738812327009202,5.571340893545538e-13
Hmg20a,-0.05624893577093039,0.05624893577093039,0.0205255722861287
Wdr77,-0.08005950019585553,0.08005950019585553,0.0009671271189641773
Irs1,0.030552636686687357,0.030552636686687357,0.20853627426877924
Prrg2,-0.021714137656916096,0.021714137656916096,0.3714883238298972
Eif2ak2,0.0009999770881572298,0.0009999770881572298,0.9671753375172167
Zfx,-0.011033808715392703,0.011033808715392703,0.6497720706392374
Gm11974,-0.06674340705146564,0.06674340705146564,0.00596495563321491
Mapkapk5,-0.032123650422770156,0.032123650422770156,0.1860686810427628
Pcbp4,-0.060263493517344405,0.060263493517344405,0.013056335447226848
Mgmt,0.11457060149952675,0.11457060149952675,2.2406528771611383e-06
Ppp2r2a,0.009998705080293185,0.009998705080293185,0.6807216502881652
Rab40c,0.0015637912988091026,0.0015637912988091026,0.9486888143358501
Avpi1,-0.033095788848329886,0.033095788848329886,0.17309177417769742
Akr1c20,0.09865509622559479,0.09865509622559479,4.7053214356604344e-05
Crebbp,-0.07270371411462813,0.07270371411462813,0.0027365415078741914
Mgst3,0.013790569544384002,0.013790569544384002,0.5703482566046684
Rp2h,-0.01793313199164718,0.01793313199164718,0.4604862409263455
Rnf152,-0.07800177307920006,0.07800177307920006,0.0013051715767990765
Fam176a,-0.053976925504249235,0.053976925504249235,0.02622338670612253
Prkca,-0.07218121893716715,0.07218121893716715,0.0029366441923723103
Ppp1r8,-0.0480773907181332,0.0480773907181332,0.047744766787865316
Fdxr,0.01966775777662436,0.01966775777662436,0.4182569511187866
Mtg1,0.024253214116014644,0.024253214116014644,0.31817321664422393
Fnbp4,-0.004583464338271769,0.004583464338271769,0.8503903135884413
C730036E19Rik,0.03771517092494986,0.03771517092494986,0.12051560940479311
Mink1,-0.056506626870484425,0.056506626870484425,0.019953072446488262
Sod1,-0.0712511741182882,0.0712511741182882,0.0033261216164363976
Lrp1,-0.05190459385355072,0.05190459385355072,0.03256329090727512
Kctd5,-0.006702183199320222,0.006702183199320222,0.7826921617241586
Apbb2,-0.06432187459591754,0.06432187459591754,0.00805565845762488
Xab2,-0.04779479257868422,0.04779479257868422,0.04906993301695585
Ints4,-0.05979823404173795,0.05979823404173795,0.013776815598057967
Aktip,0.025838767340282103,0.025838767340282103,0.28755590983395724
Rprd1b,-0.07463641990404654,0.07463641990404654,0.0020998062786947397
Cdkn2aip,0.011376444384404522,0.011376444384404522,0.6396556003507446
Tbkbp1,0.006462314976549062,0.006462314976549062,0.7902846629161843
Sin3a,-0.06193507370002575,0.06193507370002575,0.010734920278684352
Clec4g,-0.025571936515822923,0.025571936515822923,0.2925644931315117
Fam53a,-0.008934805638273927,0.008934805638273927,0.7131015130246057
Zfp397,-0.04712590289872769,0.04712590289872769,0.05232980032293203
Ets2,-0.13764383591488016,0.13764383591488016,1.2596507602175742e-08
Ddit3,0.0065953647607507535,0.0065953647607507535,0.7860707578349061
Asap1,0.0120741659599399,0.0120741659599399,0.6192623275276528
Inhbc,-0.0743590880640373,0.0743590880640373,0.0021819474931531234
8430410K20Rik,-0.05815886277699077,0.05815886277699077,0.016602678761887053
Vps72,0.07080999006275776,0.07080999006275776,0.003526836787744876
Pkig,-0.01694209531354241,0.01694209531354241,0.48564396477267735
Pcf11,-0.033373812683580584,0.033373812683580584,0.16950779429450127
Znrd1as,0.05362457279809563,0.05362457279809563,0.027219475777806448
Mau2,-0.021610614261052926,0.021610614261052926,0.3737734958659067
Rxrg,-0.011943919928625316,0.011943919928625316,0.6230476745125861
Zfp26,0.06433613055506088,0.06433613055506088,0.008041638783662949
0610010K14Rik,-0.00857106710893785,0.00857106710893785,0.724295077929923
Ubtd1,-0.028519590177588587,0.028519590177588587,0.2404425188471352
Mavs,-0.1088554574613902,0.1088554574613902,7.02288183068529e-06
Lig3,-0.01518798668538447,0.01518798668538447,0.5319353076953621
Utp6,-0.0045945807932317095,0.0045945807932317095,0.8500317538694536
Nfrkb,-0.0085594674154941,0.0085594674154941,0.7246530287536588
Ccar1,-0.0998033865573448,0.0998033865573448,3.831570266771448e-05
Ndrg3,-0.05474544939513444,0.05474544939513444,0.024159439725215757
Ubap2,-0.08116347316066178,0.08116347316066178,0.0008211283563780465
Pik3r4,-0.04795849228788361,0.04795849228788361,0.04829860013162197
Fem1b,-0.05701654893608676,0.05701654893608676,0.018861127327044928
2310033P09Rik,-0.020331522416697327,0.020331522416697327,0.4027204559926307
Add1,-0.02881310790545937,0.02881310790545937,0.23563502586950336
Trmu,-0.03751667401581218,0.03751667401581218,0.1224827977655739
Med11,0.007395896030778316,0.007395896030778316,0.7608526928802916
Wibg,0.005632312526674752,0.005632312526674752,0.8167060559221848
Agpat9,-0.09662949951222283,0.09662949951222283,6.724109767947104e-05
Qser1,0.0030068882518245778,0.0030068882518245778,0.9015209662909602
Ddt,0.1970567107202913,0.1970567107202913,2.617974660941061e-16
Blcap,0.010262175220636344,0.010262175220636344,0.6727901689024929
Cul4a,-0.13077768685256186,0.13077768685256186,6.480416909708569e-08
Slc4a1ap,-0.026885893820595662,0.026885893820595662,0.26846147011025995
Taf5,-0.022975236695415947,0.022975236695415947,0.3443499024501524
Ift52,0.006957942162715207,0.006957942162715207,0.7746194107315024
Esco1,-0.018945575255892227,0.018945575255892227,0.435554952461791
Fbxo18,0.029341361919346748,0.029341361919346748,0.22715484236413308
Mbd3,-0.12590242106741545,0.12590242106741545,1.972957002983169e-07
2410042D21Rik,-0.03718700186534426,0.03718700186534426,0.12580527126187754
Pstk,-0.010883770294948632,0.010883770294948632,0.6542225567582688
Fbxo11,-0.023150204449215124,0.023150204449215124,0.3406870825019445
Supt4h1,-0.026484112268648587,0.026484112268648587,0.27568250569738995
Pfkl,0.012377637249678292,0.012377637249678292,0.6104816940815151
Psmf1,0.015205723116483908,0.015205723116483908,0.531456305948418
Smarcb1,-0.046883733054944164,0.046883733054944164,0.05355378937594676
Tpm1,-0.08780730445800453,0.08780730445800453,0.00029408577277048695
Ipo5,-0.1143499747971371,0.1143499747971371,2.344089943829608e-06
Necap1,-0.0407519108391621,0.0407519108391621,0.09340060400507261
2900026A02Rik,-0.05811960763786729,0.05811960763786729,0.016676165104540203
Ccdc43,-0.006666463402106186,0.006666463402106186,0.7838215029163919
Nol12,-0.0044616426157497585,0.0044616426157497585,0.8543216663151454
Ankrd13c,-0.0358051569510042,0.0358051569510042,0.1404998847132746
Rock2,-0.03356863198753024,0.03356863198753024,0.16702972370651595
D230037D09Rik,0.03360993019049776,0.03360993019049776,0.1665079289232221
Man2b2,-0.044164612908259654,0.044164612908259654,0.06900968676223435
Yif1b,-0.028987376806871856,0.028987376806871856,0.23281305546049966
Rps19,-0.05471827776950374,0.05471827776950374,0.024229938620630664
Pde4d,0.008000468015664765,0.008000468015664765,0.7419729387220876
Tpd52,0.0020753293053112363,0.0020753293053112363,0.9319399186442091
Fignl2,0.008438376437553139,0.008438376437553139,0.7283933098287367
Vamp3,-0.04324496467039041,0.04324496467039041,0.07500127962826952
Rpl37,-0.06341160718087235,0.06341160718087235,0.008997383184521623
Polr2j,-0.027116443046657418,0.027116443046657418,0.2643770381070404
Rheb,0.026334529995361566,0.026334529995361566,0.27840439467719613
Mpp5,0.03302920910258967,0.03302920910258967,0.17395838748296896
Serinc5,-0.047218818420568534,0.047218818420568534,0.05186642664775433
Grpel1,-0.02828338714592668,0.02828338714592668,0.24436108660535275
Ints9,-0.033720348149192836,0.033720348149192836,0.16511883375458955
Arsb,-0.07151989478828355,0.07151989478828355,0.003209019322077378
Mxd4,0.10914124243262674,0.10914124243262674,6.6416577223569355e-06
Arrdc4,-0.0011574713788056806,0.0011574713788056806,0.962009161616895
Appl1,-0.019530960697328625,0.019530960697328625,0.4215021848449191
Commd2,0.02274487384166193,0.02274487384166193,0.3492105173082568
Slco1a4,0.010556392758111797,0.010556392758111797,0.6639758954583299
Slco1a1,0.10387181217250065,0.10387181217250065,1.8179827386695733e-05
Akt1s1,0.0009459238443280948,0.0009459238443280948,0.968948736841077
Fbxo21,-0.026833826207333066,0.026833826207333066,0.2693898671095106
Ttc15,-0.01823063016954194,0.01823063016954194,0.4530787900826403
Dyrk1b,-0.0015532594430685918,0.0015532594430685918,0.949033914464939
Prpf39,0.018801226847980773,0.018801226847980773,0.4390612325739607
Snx21,0.03793002525940012,0.03793002525940012,0.11841425147929344
Rcor1,-0.030021529264894847,0.030021529264894847,0.21655922920219073
Gtpbp5,-0.0360525232375759,0.0360525232375759,0.13777666813713574
Gm14325,-0.01370971326750927,0.01370971326750927,0.572610681825216
Brf1,-0.03348354577676118,0.03348354577676118,0.16810864044785462
Narf,-0.062497096177017125,0.062497096177017125,0.010041202488994929
Hnrpll,-0.08095706882004355,0.08095706882004355,0.0008467680091791307
Dsp,-0.09815763747518075,0.09815763747518075,5.139740730802826e-05
Nudt14,0.04860117339983228,0.04860117339983228,0.045368063867405745
Tmem43,-0.029707439440245748,0.029707439440245748,0.22140709629957583
Mfsd8,-0.021815795166544444,0.021815795166544444,0.36925278519438354
Fkrp,-0.053004588445187836,0.053004588445187836,0.029051452455945096
C330018D20Rik,0.0007715610813671409,0.0007715610813671409,0.9746702979302473
Cables2,-0.059360607529062824,0.059360607529062824,0.014486289558900247
Tapt1,-0.014938076153077896,0.014938076153077896,0.5387077048961965
Isy1,-0.05472672960601467,0.05472672960601467,0.024207990606406892
Abhd16a,-0.0239497215060288,0.0239497215060288,0.32426852267531986
Ids,0.053562311667227684,0.053562311667227684,0.02739883624097979
Tsn,-0.014518672445887731,0.014518672445887731,0.5501694773394613
Napa,-0.0702625439017012,0.0702625439017012,0.003791178505877443
Exosc8,0.02129388502601179,0.02129388502601179,0.3808187726926502
Arpc1b,0.04326557344391065,0.04326557344391065,0.07486250686179156
Gtf2f1,0.015020836168542342,0.015020836168542342,0.5364601920315196
H1f0,-0.0030859095719579753,0.0030859095719579753,0.8989466200741267
St6galnac6,-0.006378870619268555,0.006378870619268555,0.792930620582714
Dip2c,-0.018649222870386485,0.018649222870386485,0.44277091892338166
Sptlc2,-0.03275538597905389,0.03275538597905389,0.17755657719015214
Tiparp,-0.04285795897538877,0.04285795897538877,0.07764645262873214
Inpp5a,-0.02643095628073092,0.02643095628073092,0.2766476788193224
Inhba,-0.07582194694140303,0.07582194694140303,0.001779650126377873
Znhit3,0.002529399215764618,0.002529399215764618,0.9170976078804115
Zfp367,-0.020734952505355363,0.020734952505355363,0.3934487340364635
Rabgef1,-0.016505881813629518,0.016505881813629518,0.49694847861062363
2310009B15Rik,0.05386456367229089,0.05386456367229089,0.02653755545026841
Taf15,-0.06874898805862571,0.06874898805862571,0.004618254641758956
Orc4,-0.022767993453939806,0.022767993453939806,0.3487207417523387
Klhdc4,-0.03601450773984702,0.03601450773984702,0.13819251074753194
Zfp263,-0.029590329219466402,0.029590329219466402,0.22323439182852806
Chmp4b,-0.026734733559989694,0.026734733559989694,0.2711628243366937
Khsrp,-0.047684795993387596,0.047684795993387596,0.04959400437372381
Fam125a,-0.053992389021396456,0.053992389021396456,0.026180402423742293
3110002H16Rik,0.0034125707988253116,0.0034125707988253116,0.8883162583160756
Kdm3a,-0.011288355266357334,0.011288355266357334,0.6422501818413531
Akirin2,0.003908240457883891,0.003908240457883891,0.8722248219681528
Sfpq,-0.05625340774100143,0.05625340774100143,0.020515516365558862
Pigp,-0.034809606398097354,0.034809606398097354,0.1518793706269076
Arsg,-0.020234813427692733,0.020234813427692733,0.40496233426346684
Akr1c12,0.05531961544045542,0.05531961544045542,0.022710722304079188
Nop2,-0.06728156797255899,0.06728156797255899,0.0055726219147126275
Hsd17b2,-0.014124643353365484,0.014124643353365484,0.5610459997476817
Rnf144b,-0.05182320936070109,0.05182320936070109,0.03283697655327783
C1rl,-0.12964179279934546,0.12964179279934546,8.43050610315759e-08
Ciao1,0.01714061097019142,0.01714061097019142,0.48054582525074563
E2f3,-0.046462646401697186,0.046462646401697186,0.055738922496683906
Erlin1,-0.11537683941567417,0.11537683941567417,1.898651949316788e-06
Nkap,0.013030251121979374,0.013030251121979374,0.591788744928335
Man2b1,-0.05174334493000457,0.05174334493000457,0.03310746099206956
Rpain,0.04585743494568034,0.04585743494568034,0.05900907949214087
Smap1,-0.05114975101941932,0.05114975101941932,0.0351781787064737
Gt(ROSA)26Sor,-0.001081575282291445,0.001081575282291445,0.9644985430392646
Csrnp1,0.018510919084412426,0.018510919084412426,0.4461617533990278
Paqr7,-0.015960924052801723,0.015960924052801723,0.5112656018430307
Cln3,-0.026394179342090547,0.026394179342090547,0.27731679677443555
Arl8b,-0.03503936799785261,0.03503936799785261,0.1491928063229635
Fn3k,-0.013651384256258201,0.013651384256258201,0.5742454142897407
Tk2,-0.02445217514841992,0.02445217514841992,0.3142182726953802
Uba3,-0.07681330040594447,0.07681330040594447,0.0015470442356269435
Mrpl37,-0.09081818105146511,0.09081818105146511,0.00018031799164757557
Rtp4,0.1600396034231484,0.1600396034231484,3.385561704096098e-11
Spsb4,-0.04634861087343554,0.04634861087343554,0.05634329269833486
Cuedc2,-0.023304673302846614,0.023304673302846614,0.3374741948354651
Nbeal1,-0.025828954755281536,0.025828954755281536,0.2877390682965465
Prmt1,-0.03307859327905917,0.03307859327905917,0.17331528517186862
Angptl4,-0.1242262814219926,0.1242262814219926,2.8657273004568526e-07
Mettl6,0.04585657756653747,0.04585657756653747,0.059013822696797766
Bnip1,0.03748317693714067,0.03748317693714067,0.12281722632979551
Ccdc122,-0.009080273652177544,0.009080273652177544,0.7086419935501349
Rnf135,-0.02233989136312924,0.02233989136312924,0.35786052412653957
Fam124a,-0.04160981861322366,0.04160981861322366,0.08669861039970203
Map3k10,-0.01737997607367931,0.01737997607367931,0.4744375662855587
Whsc1,-0.07071917832564628,0.07071917832564628,0.003569493437997998
Plekha1,-0.039291528282365776,0.039291528282365776,0.1057583651728348
Tm7sf2,0.003084702182171383,0.003084702182171383,0.8989859463395169
Eif2ak1,-0.01270027029516128,0.01270027029516128,0.6012076752280674
Exosc9,0.016207077289827947,0.016207077289827947,0.5047721307183918
Pck1,0.11991237673318704,0.11991237673318704,7.325391660157756e-07
Styx,-0.03035258727308312,0.03035258727308312,0.21153259117907244
Trmt1,-0.08342985845354928,0.08342985845354928,0.000583185966305354
Nt5c2,-0.04424923256193589,0.04424923256193589,0.06847869955380274
Cyp1a2,-0.059713531573461966,0.059713531573461966,0.013911691943294679
Rdbp,-0.03433285194608125,0.03433285194608125,0.1575711861895985
Pigy,0.006712957373000858,0.006712957373000858,0.7823516078691227
2700007P21Rik,-0.011613823615930826,0.011613823615930826,0.6326857802633538
Klhl25,-0.05112845648769904,0.05112845648769904,0.03525447096210114
Oxsm,-0.045486571552566996,0.045486571552566996,0.06109049180906527
Trmt11,-0.014838042090000872,0.014838042090000872,0.5414306109631764
Dpp7,-0.0576818086743381,0.0576818086743381,0.017515269616472224
Mup14,0.05840990433347369,0.05840990433347369,0.016139408085913312
Lysmd1,0.02456047275974358,0.02456047275974358,0.3120791698193268
Cadps2,0.016695744007821915,0.016695744007821915,0.49201103278146685
Enpp1,-0.008835222575495776,0.008835222575495776,0.7161600368860974
Ran,-0.08942949647462821,0.08942949647462821,0.00022637255617541347
Idh3g,0.018554248904475178,0.018554248904475178,0.44509783733370756
Synj1,-0.06355030591986899,0.06355030591986899,0.0088478270787384
Fas,-0.06245888192788196,0.06245888192788196,0.01008707525427209
1810055G02Rik,-0.03625567671400672,0.03625567671400672,0.13557073852408769
Gamt,0.08884821481330396,0.08884821481330396,0.0002487506116126888
Ifnar1,-0.01630001708149911,0.01630001708149911,0.5023317420194605
Wdfy3,-0.027596750003842076,0.027596750003842076,0.25600589807760693
Agap3,-0.052362108280419546,0.052362108280419546,0.03106079245189982
AU022252,0.028700936002290733,0.028700936002290733,0.2374641910678094
Ccdc23,0.017458944875051133,0.017458944875051133,0.47243178189886237
Tmem209,-0.07335984545528973,0.07335984545528973,0.0025029075847085884
Trip6,-0.014851008283774825,0.014851008283774825,0.5410772869759438
Fiz1,-0.05494864900016083,0.05494864900016083,0.023637832936804624
Vmac,0.08587416405610829,0.08587416405610829,0.0003994472907418678
Vps13b,-0.05176730080323958,0.05176730080323958,0.033026128039573235
Ifi47,0.10395678510730902,0.10395678510730902,1.7893641809325934e-05
Sh3d19,-0.08537450737200489,0.08537450737200489,0.00043191641245209935
Zbtb6,-0.03591443864135273,0.03591443864135273,0.13929176297141718
Tomm40,-0.10524064117940961,0.10524064117940961,1.4058579208152555e-05
Gmppb,0.025116263785406268,0.025116263785406268,0.30125234438186144
Dnttip2,0.06963440343389443,0.06963440343389443,0.0041165586426363705
Tspan33,0.022805741391368213,0.022805741391368213,0.34792201126069505
Flii,-0.02444328188236872,0.02444328188236872,0.3143943602343931
Tjp1,-0.039734865713966006,0.039734865713966006,0.10187695765251804
Tmem167b,-0.022094160475792664,0.022094160475792664,0.36317418215791103
Nrp1,-0.0821023691846759,0.0821023691846759,0.0007133281140512261
Rpl18a,-0.06102600993663085,0.06102600993663085,0.011947370862414201
Stard5,-0.06205253611538866,0.06205253611538866,0.010586511465132205
Apba3,0.004632762450502619,0.004632762450502619,0.8488004462220988
Nr1d1,-0.10456119969783505,0.10456119969783505,1.5978310186402624e-05
Luc7l,0.00014558048075161492,0.00014558048075161492,0.9952199413529031
2310021P13Rik,-0.04080567484255816,0.04080567484255816,0.09296874605459292
Ino80c,0.006625207868850375,0.006625207868850375,0.7851264319257152
Cdhr5,0.04186792098780486,0.04186792098780486,0.08476001214491771
D930015E06Rik,-0.03522343522842986,0.03522343522842986,0.14706680625588398
Rsrc1,0.04894161467778208,0.04894161467778208,0.04387733806325312
Traf3,-0.010034335739766757,0.010034335739766757,0.6796469389253607
Csrp3,0.03518253596248196,0.03518253596248196,0.14753718651508502
Ube2d1,-0.02781604430712587,0.02781604430712587,0.2522457105691464
Ehbp1,-0.044879423456190365,0.044879423456190365,0.06462894379085199
Gpatch8,-0.03876863508904544,0.03876863508904544,0.11048589588596404
Top3b,0.03323872803809451,0.03323872803809451,0.171242152196361
Asrgl1,0.007975429222547369,0.007975429222547369,0.7427518744955671
Vezf1,-0.03253318187598656,0.03253318187598656,0.18051693125504187
Ccnk,-0.06241329297748888,0.06241329297748888,0.010142044515206642
Rpa3,-0.003847365222320419,0.003847365222320419,0.8741983725075813
Ifngr2,-0.07130565564019051,0.07130565564019051,0.0033020701918458654
Ermp1,0.0037625698135126794,0.0037625698135126794,0.8769487064639837
Hsd17b6,-0.1052887664676761,0.1052887664676761,1.3931286243387685e-05
Mrpl49,0.0453690137632987,0.0453690137632987,0.06176281325544016
Mll1,0.015016600740206033,0.015016600740206033,0.5365750989704414
Bcl7c,0.03857583351009007,0.03857583351009007,0.11227054172973443
Ikbkb,-0.010674152770628383,0.010674152770628383,0.6604608880001352
Usf1,0.022185876964868526,0.022185876964868526,0.3611851712379231
Dhrs7,-0.013600640816268822,0.013600640816268822,0.5756693462827243
Cyp51,-0.05163319068711175,0.05163319068711175,0.03348365543806081
Epc2,-0.006016736624883067,0.006016736624883067,0.8044408660272803
Efha1,0.024812273248750197,0.024812273248750197,0.3071427369809872
Pja2,-0.04131507314854138,0.04131507314854138,0.08895601173988836
Dynll1,-0.11332978002229106,0.11332978002229106,2.8849439765766414e-06
Tle3,-0.02372081859165983,0.02372081859165983,0.3289157062688587
Pcnx,-0.05246159341680018,0.05246159341680018,0.030742065685595822
Alpl,-0.12140100116751082,0.12140100116751082,5.317980231472997e-07
Setd1a,-0.05842100561643272,0.05842100561643272,0.01611918655602603
Flcn,-0.06205538417915518,0.06205538417915518,0.010582935808019995
Dusp22,-0.012583573226008006,0.012583573226008006,0.6045547724172873
Rdh10,-0.049412552182155664,0.049412552182155664,0.041883479869956684
Tbc1d10b,-0.022324129936443633,0.022324129936443633,0.35819987321770586
Tsc1,-0.02419811734791316,0.02419811734791316,0.3192741651825389
Usp25,-0.027329513933868264,0.027329513933868264,0.2606404967708311
Tom1l2,-0.03922981276072361,0.03922981276072361,0.10630785499208803
Cnot7,-0.024907291642203802,0.024907291642203802,0.3052934443811259
Scaf4,-0.036509830726501255,0.036509830726501255,0.13284952005798628
Ephb4,-0.07794236806356163,0.07794236806356163,0.0013163813806889295
Zfp623,-0.0613247621079735,0.0613247621079735,0.01153616254976172
Gps2,0.0038441392186858757,0.0038441392186858757,0.8743029801737179
Ppil2,-0.015921444238064967,0.015921444238064967,0.512311112257248
BC005561,0.0041967128120589045,0.0041967128120589045,0.8628836691573559
Hgfac,-0.13311973761219315,0.13311973761219315,3.740804083919915e-08
Dcun1d4,-0.05119354029270856,0.05119354029270856,0.03502173655363529
Snx6,0.07972925290058884,0.07972925290058884,0.0010152608081680445
Tbce,-0.05704595514138704,0.05704595514138704,0.01879978087219461
Phka2,-0.029433805374941162,0.029433805374941162,0.2256934634522145
Fis1,0.01256622040520744,0.01256622040520744,0.6050531974407161
Ric8,-0.034786951473290924,0.034786951473290924,0.15214625167356902
Sertad2,-0.04640324509653837,0.04640324509653837,0.05605306325008871
Bzw2,-0.030945009515937073,0.030945009515937073,0.20274885947125015
Egfr,-0.086275842659461,0.086275842659461,0.0003750126670763837
Impact,-0.015815258901338024,0.015815258901338024,0.5151286455847752
Cyp2b13,-0.1049327971526286,0.1049327971526286,1.4899436902220088e-05
Fam173b,-0.021055830918324414,0.021055830918324414,0.38616727599394646
Tspan9,-0.042538784815989314,0.042538784815989314,0.07988468900106277
Pno1,0.002857130359726262,0.002857130359726262,0.9064025772708714
Eppk1,-0.03701140784003445,0.03701140784003445,0.12760333841937746
Dixdc1,-0.026716996646992102,0.026716996646992102,0.2714810125422083
Ndufaf4,-0.12414810965069213,0.12414810965069213,2.9157104673383143e-07
Pkdcc,-0.07092346074816813,0.07092346074816813,0.003474188095273864
Pex7,-0.009436461945145917,0.009436461945145917,0.6977648727487824
Scnm1,0.032425542860194084,0.032425542860194084,0.18196407168738465
Otud7b,-0.026664445958616542,0.026664445958616542,0.27242523579055505
Nlrp12,0.09193876556770628,0.09193876556770628,0.00014973353458122972
Hist1h1c,0.10004137924035217,0.10004137924035217,3.670854735476824e-05
Acad9,-0.03819062423482639,0.03819062423482639,0.11590414489452205
Morc2a,-0.059894133361079835,0.059894133361079835,0.013625503657829302
Deptor,-0.08015224026104523,0.08015224026104523,0.0009539950308536514
Efnb1,-0.002109348176905749,0.002109348176905749,0.9308270496424261
Rab35,-0.07910462332022591,0.07910462332022591,0.0011124103172246722
Sept11,-0.06618008200695502,0.06618008200695502,0.006402111513082773
Arf3,-0.0989466240204141,0.0989466240204141,4.46714975445975e-05
Kidins220,-0.09207219343036432,0.09207219343036432,0.0001464359732497551
Rsl24d1,-0.05006747358069895,0.05006747358069895,0.039238440492281784
Naf1,-0.02354921425552405,0.02354921425552405,0.33242776210906466
Atic,-0.05149926089105082,0.05149926089105082,0.0339459632820828
2700050L05Rik,-0.03061861845145681,0.03061861845145681,0.207554779593168
Fbxo33,-0.028769939922109244,0.028769939922109244,0.2363377750601351
Phc3,-0.02101254634896839,0.02101254634896839,0.3871446765671109
Gchfr,0.07724655516487547,0.07724655516487547,0.0014544574914455487
Git2,-0.0526146350763018,0.0526146350763018,0.030257235805588957
Vnn1,-0.04585816717002894,0.04585816717002894,0.059005028920884196
Vcl,0.005151225837259995,0.005151225837259995,0.8321183748596536
Zfp385b,-0.04735155590119247,0.04735155590119247,0.05121041275039603
Pcif1,-0.03237562969948865,0.03237562969948865,0.18263803403553944
Dgat1,-0.05035528276536641,0.05035528276536641,0.03812167905240123
Il1r1,-0.11415473392819118,0.11415473392819118,2.439432405946922e-06
Lnx2,-0.013099125049762848,0.013099125049762848,0.5898313892006092
Taf1d,-0.06434997275827077,0.06434997275827077,0.008028046896883866
Elovl5,0.04973357790083129,0.04973357790083129,0.04056868625741211
Fgd6,-0.07093271153617037,0.07093271153617037,0.0034699275341524703
Nagk,-0.03829383777542988,0.03829383777542988,0.11492161335837271
Ccdc41,-0.02878293029161512,0.02878293029161512,0.23612614396043402
Sec22a,0.0007431027670035846,0.0007431027670035846,0.9756042639779311
Alyref,-0.0628257662664927,0.0628257662664927,0.009654264926638869
2510006D16Rik,0.025886440114949297,0.025886440114949297,0.2866671842270474
Med4,-0.0071182359979394694,0.0071182359979394694,0.7695722327315975
Ankrd27,-0.050936678046121425,0.050936678046121425,0.035947937823195476
Gata6,-0.027968759669589095,0.027968759669589095,0.249649965302269
Pgs1,-0.028399273421803668,0.028399273421803668,0.24243299075360375
Cyth1,0.007892228519003657,0.007892228519003657,0.745342064946109
Ubac1,-0.05609718935591399,0.05609718935591399,0.020869352656820186
Tmem129,-0.0515018789663577,0.0515018789663577,0.03393687405105988
Naa35,-0.07650725558070773,0.07650725558070773,0.0016156816967863937
Arl6ip6,0.009456098451522975,0.009456098451522975,0.6971669978285041
Fam13a,-0.05109566901480421,0.05109566901480421,0.035372214998847844
Cyp2j6,0.0014497173523392703,0.0014497173523392703,0.9524272042724699
Zfp825,0.03809600439244487,0.03809600439244487,0.11681065389388408
Bin3,-0.009828856786149684,0.009828856786149684,0.685853581961513
Sucnr1,0.2802372113928069,0.2802372113928069,5.641056443917968e-32
Pla2g16,-0.01309599861306368,0.01309599861306368,0.5899201760417802
Nsf,-0.032239539024320404,0.032239539024320404,0.1844850162362032
Nfkbil1,-0.06470055853186588,0.06470055853186588,0.007690582250044357
Phip,0.03473420840249313,0.03473420840249313,0.15276896079216395
1190007I07Rik,-0.026029680346212076,0.026029680346212076,0.2840080290460655
Gabpb1,-0.044349380985839765,0.044349380985839765,0.0678546097740282
Gemin6,0.015092026576961997,0.015092026576961997,0.5345306533717818
Svil,-0.05195328759626722,0.05195328759626722,0.03240047527618482
1110037F02Rik,-0.04960483272358288,0.04960483272358288,0.04109171569436231
1110018J18Rik,0.01252664620574201,0.01252664620574201,0.6061905749154706
Ppil4,-0.030897575605396233,0.030897575605396233,0.20344222177433985
Dhfr,-0.01852224841084204,0.01852224841084204,0.4458834346461207
Tmem8,0.043823900308703284,0.043823900308703284,0.07118195652961126
Ergic1,-0.1547437485726119,0.1547437485726119,1.487368545109552e-10
Pwp2,-0.06653620838013727,0.06653620838013727,0.006122521753599468
Leprot,-0.030411301150164546,0.030411301150164546,0.21064997563619814
Furin,-0.1264457113400156,0.1264457113400156,1.74630022395627e-07
Rogdi,-0.007176397821229895,0.007176397821229895,0.7677432857063895
Psip1,0.07674341169377374,0.07674341169377374,0.0015624776680437506
Mrpl45,-0.030773328051585353,0.030773328051585353,0.20526657527316278
Paip1,-0.02990773016782072,0.02990773016782072,0.21830678461369202
Samd8,-0.06170800598570017,0.06170800598570017,0.011027059071019387
Fam82a1,-0.03856993945814653,0.03856993945814653,0.11232545501966701
Pura,-0.03555545446753137,0.03555545446753137,0.1432905765811689
Nrf1,-0.05786648943899926,0.05786648943899926,0.017156895064117272
Alas2,0.22121669886273188,0.22121669886273188,3.0275530430400313e-20
E2f4,0.008997234511667741,0.008997234511667741,0.7111864603902683
Ccdc6,-0.08782322373589439,0.08782322373589439,0.0002933376702400109
Plrg1,-0.00870650717201293,0.00870650717201293,0.7201200559980887
Rpa1,-0.01554506257007044,0.01554506257007044,0.5223341564821863
Rfc1,0.03263446878503252,0.03263446878503252,0.179163006872818
C87436,-0.05062049436862931,0.05062049436862931,0.03711662196110604
Naglu,-0.054740778391819046,0.054740778391819046,0.02417154634490627
Chchd3,0.01832528432045067,0.01832528432045067,0.4507361532816893
4930526I15Rik,-0.05967445959861924,0.05967445959861924,0.013974299968220236
Ticam1,-0.025103891925631387,0.025103891925631387,0.30149059538375417
R3hdm1,-0.05342668220920742,0.05342668220920742,0.027793084423188966
Ece2,-0.06323810648881004,0.06323810648881004,0.00918763851091557
Agt,-0.14393737460403333,0.14393737460403333,2.610849939502652e-09
Slc39a9,-0.07235224631689166,0.07235224631689166,0.002869722109430596
Tcirg1,-0.06035194704026062,0.06035194704026062,0.012923190784243392
Uqcrh,0.053336817992703046,0.053336817992703046,0.028056985542653852
Tcf3,0.010653771227399531,0.010653771227399531,0.6610687221507445
Tfb2m,-0.018274972999986774,0.018274972999986774,0.4519804760040947
Tra2a,-0.028302065604905714,0.028302065604905714,0.24404959260996184
Wdr46,-0.04636752168344215,0.04636752168344215,0.056242693038457484
Mllt6,-0.05948480702396655,0.05948480702396655,0.014281738464186605
Arid5b,-0.01943814234626047,0.01943814234626047,0.423712490694089
Wdr45,-0.07233807293626346,0.07233807293626346,0.002875214751664072
Arfrp1,-0.04905375658337834,0.04905375658337834,0.04339542837365943
Gnl3l,-0.053507924682293526,0.053507924682293526,0.027556345776754983
Eif3m,0.03556246327842173,0.03556246327842173,0.14321167033938625
Mrps6,-0.049484929227090774,0.049484929227090774,0.041583947765873396
Plxnb2,-0.1054886262932063,0.1054886262932063,1.3414306857420101e-05
Wipf3,-0.1001360153398719,0.1001360153398719,3.608741797932847e-05
Skap2,0.015135479253488812,0.015135479253488812,0.5333546378786956
Ap4s1,-0.04525137325349346,0.04525137325349346,0.062441721514295674
Polr3gl,-0.006234555991408933,0.006234555991408933,0.7975123392379765
Tbccd1,-0.013875588046364136,0.013875588046364136,0.5679739694391948
Fam160b2,-0.019461463387456492,0.019461463387456492,0.4231565047446596
Strn4,-0.05427739199238902,0.05427739199238902,0.025398999170373394
Ptpn21,-0.09209551286904837,0.09209551286904837,0.00014586671275163275
Wdr73,-0.05516932960397344,0.05516932960397344,0.02308243882485925
Clns1a,-0.0410908746585419,0.0410908746585419,0.09070459530678569
Qars,-0.037394112952681774,0.037394112952681774,0.12370989125777114
Fnip2,-0.09016768126512087,0.09016768126512087,0.00020067091509922672
Cox19,0.07151788548953289,0.07151788548953289,0.0032098808196655577
Rab28,-0.0552324832433833,0.0552324832433833,0.022925596565809985
Ipo4,-0.11842244915628172,0.11842244915628172,1.0055106467494349e-06
Fam47e,0.10458082732429554,0.10458082732429554,1.5919510629080216e-05
Sav1,-0.004848108758925608,0.004848108758925608,0.8418627986312602
Rif1,-0.07361699661935758,0.07361699661935758,0.0024164250903835754
Hectd3,-0.11025217626868208,0.11025217626868208,5.339283701742612e-06
Trappc8,-0.033765235839939574,0.033765235839939574,0.16455662981533423
Irf9,0.016168733902303938,0.016168733902303938,0.5057807575706363
Lmo7,-0.06841671842364175,0.06841671842364175,0.004820371573536475
Ppan,-0.06906115630771664,0.06906115630771664,0.004435383961257836
Cbx1,0.1275069394810021,0.1275069394810021,1.3739042109157906e-07
Ifi35,0.004929709127966623,0.004929709127966623,0.8392371125968419
Mia3,-0.05477740453527908,0.05477740453527908,0.02407675704166968
Smcr8,-0.026072418578130523,0.026072418578130523,0.283217865439669
Mta2,-0.06984143150192522,0.06984143150192522,0.004006621713132408
Rad21,-0.003516695505810765,0.003516695505810765,0.8849319041773691
Zfp444,0.02642243181671273,0.02642243181671273,0.2768026745542033
Plekhb1,0.14219495700516627,0.14219495700516627,4.0647084965086295e-09
Foxj3,-0.03570330762948341,0.03570330762948341,0.14163307429848804
Syne2,-0.015232452913900432,0.015232452913900432,0.5307348364026272
Hdac1,-0.04421601641462218,0.04421601641462218,0.06868672902217883
Abcc3,-0.09787723847219912,0.09787723847219912,5.401070567581921e-05
Rbm5,-0.04972763387341083,0.04972763387341083,0.04059270921101021
Rab11fip1,-0.04525980080037924,0.04525980080037924,0.06239288157759183
Psmb1,0.05089272143877276,0.05089272143877276,0.03610851095499064
Gm5506,0.03407642209847987,0.03407642209847987,0.16069866178725398
Tmem192,-0.047523562877037545,0.047523562877037545,0.050370659415085284
D16Ertd472e,0.034055103753836476,0.034055103753836476,0.16096076019187577
Atpaf2,0.01819536427788464,0.01819536427788464,0.45395335387794633
Ankrd11,-0.057163905564546307,0.057163905564546307,0.01855546482172791
P4hb,-0.14346356123015258,0.14346356123015258,2.9463832835570243e-09
Ring1,-0.004970723256543151,0.004970723256543151,0.8379180582978891
Mier1,-0.012580250640634578,0.012580250640634578,0.6046501927795146
Proc,-0.10931368260698532,0.10931368260698532,6.4212853999581e-06
Mbd1,-0.045607118121464396,0.045607118121464396,0.06040737830894447
Isg20l2,-0.03728567574640643,0.03728567574640643,0.1248035498298863
Papd7,-0.068252532764062,0.068252532764062,0.00492316734285321
Poldip2,-0.04603673626695075,0.04603673626695075,0.058024070523088785
Prcc,-0.039477423247852486,0.039477423247852486,0.1041168251186347
Drg1,-0.012486224755116437,0.012486224755116437,0.607353288123851
Cldn12,-0.07163063034491979,0.07163063034491979,0.003161865104911835
Mterfd2,0.008734259861727461,0.008734259861727461,0.7192655862244259
Rab11a,-0.0011195316753049925,0.0011195316753049925,0.9632535338853548
Dusp23,-0.0045196724991138325,0.0045196724991138325,0.8524485060370166
Rrp36,0.024069917624107984,0.024069917624107984,0.3218454923264423
Mapre3,-0.025817842732430325,0.025817842732430325,0.287946576555234
Parn,-0.05738225577648412,0.05738225577648412,0.018110504458569928
Gkap1,-0.03355622655304089,0.03355622655304089,0.16718670350309855
Uxt,0.04101274487086155,0.04101274487086155,0.09132040136479921
Gpi1,-0.3391721910437725,0.3391721910437725,6.313930148841814e-47
Wdr7,-0.0608712951638744,0.0608712951638744,0.012165384382954723
Dnajc14,-0.027092989980414192,0.027092989980414192,0.26479056836722853
Mmp15,-0.027676717653446592,0.027676717653446592,0.25463022985093836
Tax1bp3,8.587151476756837e-05,8.587151476756837e-05,0.9971804429119969
Med22,0.005394557648799403,0.005394557648799403,0.8243144269584166
Ranbp9,-0.03062822785203896,0.03062822785203896,0.20741211721457264
Btrc,-0.003475634276463504,0.003475634276463504,0.8862662659400753
Adam10,-0.05927806317798245,0.05927806317798245,0.014623660164087416
Taf3,-0.026572021493323897,0.026572021493323897,0.2740913472138425
Kdm5b,-0.04493631776992483,0.04493631776992483,0.06429034503663403
Mov10,-0.0408582173626062,0.0408582173626062,0.09254824822326133
Lsm10,0.010291138599677785,0.010291138599677785,0.671920452928363
Naca,0.023967128129844036,0.023967128129844036,0.3239168899575311
Tmbim4,0.056309861361004465,0.056309861361004465,0.020388940282886465
Timm22,0.013614042757550142,0.013614042757550142,0.57529310715777
4833439L19Rik,-0.05001218774541149,0.05001218774541149,0.03945610932725412
Znhit2-ps,-0.03831623601525193,0.03831623601525193,0.11470926237323026
Ctcf,-0.01788813475055675,0.01788813475055675,0.461612496292365
Cenpb,-0.08280674247134534,0.08280674247134534,0.0006412479789015789
Acaa1b,-0.05418569337635405,0.05418569337635405,0.02564818318635989
Rbm10,-0.03243407492400166,0.03243407492400166,0.1818490505127116
Rusc1,-0.06884593796600148,0.06884593796600148,0.004560743247777436
Rcbtb2,0.08609715496950258,0.08609715496950258,0.0003857048368165989
Arl4a,0.16928007546544876,0.16928007546544876,2.267824523698103e-12
Ndst1,-0.03343186268630549,0.03343186268630549,0.1687665436234066
Zfp87,0.005438744431745703,0.005438744431745703,0.8228991387155774
Efna1,0.1824383829843093,0.1824383829843093,3.693375431256218e-14
Tmem39a,-0.05154767852158637,0.05154767852158637,0.033778206659760626
Bet1l,-0.03278096064998674,0.03278096064998674,0.17721818543941545
Amz2,0.019102064032782414,0.019102064032782414,0.4317720721749253
Ddx52,-0.0063689091191188665,0.0063689091191188665,0.7932466521113846
G630090E17Rik,-0.07377200359375566,0.07377200359375566,0.0023656237014013145
Wbp1,0.02035107919507277,0.02035107919507277,0.402268001885442
Armcx3,-0.08576237568937455,0.08576237568937455,0.0004065072971696459
Fam174a,-0.029552626384703996,0.029552626384703996,0.223824964747444
1110004F10Rik,-0.024369929769056276,0.024369929769056276,0.31584921135324123
Lrrc47,-0.018429598716224314,0.018429598716224314,0.448162386160782
Lrrc14,-0.014603719302848062,0.014603719302848062,0.5478355866585153
Tbpl1,0.01553305009770665,0.01553305009770665,0.5226556986595694
Tom1,-0.06201530175793467,0.06201530175793467,0.010633356923716652
Tuba1c,-0.037289621004697536,0.037289621004697536,0.12476362777109737
Rbck1,-0.06940583267124018,0.06940583267124018,0.004241106170409714
Mrpl42,0.008461861118422,0.008461861118422,0.7276674020852169
Sf3a2,-0.014076820440879177,0.014076820440879177,0.5623731142499464
Smad1,-0.030494084148247762,0.030494084148247762,0.20941006830295994
Auh,0.031089640339105613,0.031089640339105613,0.20064534743631304
Eef1e1,-0.019835681081081778,0.019835681081081778,0.41429347412160733
Anks3,-0.020161063016380376,0.020161063016380376,0.4066769935356737
Rpf1,-0.004554491560393798,0.004554491560393798,0.8513249716340522
Slc22a5,-0.09092955514790317,0.09092955514790317,0.00017703397879383705
Hgsnat,-0.047120694028361505,0.047120694028361505,0.05235587923526096
Mtmr2,-0.01641681078617034,0.01641681078617034,0.4992738664557515
Madd,0.01706914647086396,0.01706914647086396,0.4823777626670225
Prep,-0.025765939600005956,0.025765939600005956,0.2889171619484078
Dcps,0.018454911582160116,0.018454911582160116,0.4475390973123906
Ube2k,-0.08165304146509722,0.08165304146509722,0.000763164298419958
Rbm28,-0.09001023295610927,0.09001023295610927,0.00020591152106046886
Rwdd4a,-0.06038709792468769,0.06038709792468769,0.01287061404902469
Atp9b,-0.00760504915078526,0.00760504915078526,0.7543044371430428
Med30,-0.010236166619782976,0.010236166619782976,0.6735715313211885
Itpr1,-0.05694392545136736,0.05694392545136736,0.01901338252331388
Tmem63a,0.025328074889257195,0.025328074889257195,0.29719282720807405
Ubqln1,-0.09865329994454075,0.09865329994454075,4.706825574764331e-05
Iqsec1,-0.07997229873266995,0.07997229873266995,0.0009796273216435701
Marcksl1-ps4,-0.1050003146605695,0.1050003146605695,1.4711013234034501e-05
Tmed3,-0.050397254952452876,0.050397254952452876,0.03796109594194514
Dhx36,-0.049188347998527955,0.049188347998527955,0.0428229520797508
Mrps9,0.005054299462942646,0.005054299462942646,0.8352315780566737
Phyh,0.2201686718363765,0.2201686718363765,4.5917601778236356e-20
Tmem55a,-0.04710941112666706,0.04710941112666706,0.052412405837613134
Pllp,-0.046816696090158295,0.046816696090158295,0.05389680215370469
Surf1,-0.0049648011498793915,0.0049648011498793915,0.8381084909955091
Eri3,-0.03796118892317122,0.03796118892317122,0.11811185747270618
Ghitm,-0.014248885844247642,0.014248885844247642,0.5576052909029546
Trafd1,-0.013640765213192246,0.013640765213192246,0.5745432616210162
P2rx4,-0.01933272295823742,0.01933272295823742,0.42623106675261135
Tmem167,-0.027283368820368428,0.027283368820368428,0.26144661297582183
Wipi2,-0.04919934201887363,0.04919934201887363,0.04277647282266317
Pdf,0.011952477975612576,0.011952477975612576,0.6227986443842474
Thap7,0.06834479081231223,0.06834479081231223,0.004865163839127133
App,-0.13394989855068973,0.13394989855068973,3.0717337513029064e-08
Rnf24,-0.08630409070681293,0.08630409070681293,0.00037334794185571126
Ap3d1,-0.06368276903588221,0.06368276903588221,0.00870707027992191
Trim33,-0.05241651623189743,0.05241651623189743,0.030886132965837438
Pde4b,-0.01379760513357458,0.01379760513357458,0.5701515964937812
Rnf214,0.03486543079472,0.03486543079472,0.15122326455108012
Apoa4,-0.1738277925971185,0.1738277925971185,5.664175281847606e-13
Ddx49,-0.05122548584883566,0.05122548584883566,0.03490798214569749
Atoh8,0.02190158387489423,0.02190158387489423,0.3673727327577093
Cetn3,0.09885337247839555,0.09885337247839555,4.542062722168336e-05
Med7,-0.012385182992161969,0.012385182992161969,0.6102640704013317
2810004N23Rik,-0.03044462880701533,0.03044462880701533,0.21015016396998043
Slc12a4,-0.046910867191620007,0.046910867191620007,0.05341546896779636
Cdc37,-0.07306781097866212,0.07306781097866212,0.0026045463047547094
Top1mt,-0.06446367447421958,0.06446367447421958,0.007917176739468266
Polr1b,-0.059434541289887205,0.059434541289887205,0.014364215231710052
Ppp6r3,-0.06951218341539744,0.06951218341539744,0.004182737275411267
Prdx1,0.0457453660479125,0.0457453660479125,0.05963175471126921
Cox4nb,-0.04284986292622803,0.04284986292622803,0.07770258932102637
Slc7a7,-0.10507905937687595,0.10507905937687595,1.4494125121836945e-05
Commd10,0.0012476916636477986,0.0012476916636477986,0.9590504321116987
Cdk2,-0.0343702245493481,0.0343702245493481,0.15711925511012692
Dedd,-0.059183866072226296,0.059183866072226296,0.014781823950217817
Rpl41,-0.03156557773224957,0.03156557773224957,0.19383571355647713
Atrn,-0.08963571610209237,0.08963571610209237,0.0002188978277681324
Nudcd3,-0.06651301949116029,0.06651301949116029,0.006140386974914378
Ibtk,-0.11364568174343875,0.11364568174343875,2.705830749130225e-06
2610101N10Rik,0.051279661241493954,0.051279661241493954,0.03471579039831608
Tuba4a,0.031588949847947495,0.031588949847947495,0.1935057305026717
Vnn3,-0.04931066621603082,0.04931066621603082,0.042308224963116765
1110059G10Rik,0.02993924733249831,0.02993924733249831,0.2178217807985668
Gtf2a2,0.0030255602739551546,0.0030255602739551546,0.90091257719984
Glyat,0.0826229280462554,0.0826229280462554,0.0006593754882562538
Gpr155,-0.018634116411330788,0.018634116411330788,0.44314057065085066
Ddb1,-0.18747438069552597,0.18747438069552597,7.021706305545932e-15
Hsdl2,-0.06927247014774114,0.06927247014774114,0.004315342754789255
Mthfd1,0.023574343507469588,0.023574343507469588,0.33191195958406167
Parp9,-0.010931676235244787,0.010931676235244787,0.6528002111142485
Cdc42ep1,-0.08178763260778853,0.08178763260778853,0.0007479075528853724
Pfdn1,0.04720527104110185,0.04720527104110185,0.05193377367433283
Ankrd46,0.02010295546177944,0.02010295546177944,0.40803100805193127
Imp3,0.010158451433573298,0.010158451433573298,0.6759083818194885
Enpp5,-0.012173900328075084,0.012173900328075084,0.6163705394935949
Xpo6,-0.08023335941751249,0.08023335941751249,0.0009426439736906451
Ctr9,-0.06322075038046886,0.06322075038046886,0.009206866669143415
Rpsa,-0.12890690751497275,0.12890690751497275,9.982810086872843e-08
2810403A07Rik,-0.022601684880074115,0.022601684880074115,0.3522536066518044
Cdc42ep4,-0.04067389949975511,0.04067389949975511,0.09403008592610067
Pip5k1a,0.008230438876410999,0.008230438876410999,0.7348311795289396
Senp2,0.00970522184574607,0.00970522184574607,0.6895983285531361
Mecr,-0.04812880628256267,0.04812880628256267,0.04750692827332558
Tmem179b,0.04108748909343661,0.04108748909343661,0.09073121042211792
Gjb2,-0.09291250552296382,0.09291250552296382,0.00012718782193789057
9430038I01Rik,-0.019899303944551364,0.019899303944551364,0.41279760737387733
Mtf1,-0.007160086698566188,0.007160086698566188,0.7682560726840129
Dnttip1,-0.05349193852720244,0.05349193852720244,0.027602791239541586
Irgq,-0.06407915867540834,0.06407915867540834,0.008297729736840828
Inppl1,-0.1151484345599656,0.1151484345599656,1.9900843385566188e-06
U2af1l4,0.04331040821051538,0.04331040821051538,0.07456132784694783
Ppp2r3d,0.016234434223308954,0.016234434223308954,0.5040531517074579
B3gnt1,-0.015609487687158922,0.015609487687158922,0.5206114009748011
Ccdc22,-0.06377291938655648,0.06377291938655648,0.008612422349245854
Selenbp2,0.08804335755148013,0.08804335755148013,0.0002831737308820276
Tmem85,-0.047841541345193694,0.047841541345193694,0.04884861202612038
Xkr9,-0.06097351176493947,0.06097351176493947,0.012020956642401125
Ube2j1,-0.004793469803252237,0.004793469803252237,0.843621921561906
Fundc1,0.009937831319325564,0.009937831319325564,0.682559256237162
Nup155,-0.06067065755580594,0.06067065755580594,0.012453350947748484
BC024386,0.013011979911927242,0.013011979911927242,0.5923085015115839
Churc1,0.002676117278844845,0.002676117278844845,0.9123077060664537
Mbnl2,0.028313990552435678,0.028313990552435678,0.2438508702922525
Fam100b,0.054189740612912034,0.054189740612912034,0.02563714072498179
Mrps15,0.004342262836931794,0.004342262836931794,0.8581777239549435
Nrip1,-0.04372652480293336,0.04372652480293336,0.07181297943016487
Lsg1,-0.07099572309191887,0.07099572309191887,0.0034410329786271434
Sigirr,-0.11122491983526026,0.11122491983526026,4.402873690966584e-06
2410017P09Rik,0.01992635128901556,0.01992635128901556,0.4121626545032076
Gm14420,-0.03600546724114011,0.03600546724114011,0.1382915447279238
Tmem60,0.013554600385337557,0.013554600385337557,0.576962745212529
Ccl9,-0.044855357419764215,0.044855357419764215,0.0647726113733243
Ppp5c,-0.052192890858421395,0.052192890858421395,0.031609434907238144
3230401D17Rik,0.02174788804171912,0.02174788804171912,0.37074519456090077
Fam126a,-0.06292776113519714,0.06292776113519714,0.009536918277503978
Cstf2t,-0.05636465053926127,0.05636465053926127,0.020266747427294514
Tmem141,-0.09763360425862976,0.09763360425862976,5.638301074688121e-05
Ifi27l1,0.2641408728916568,0.2641408728916568,1.8117356387603712e-28
Depdc7,-0.029176351748231032,0.029176351748231032,0.22978011104238538
Med21,-0.010427426249943895,0.010427426249943895,0.6678338941295356
1100001G20Rik,0.29305102932767446,0.29305102932767446,6.136938516730241e-35
Atxn7l3,-0.045997796021866516,0.045997796021866516,0.05823682397111739
Adora1,-0.040615586203235646,0.040615586203235646,0.09450283843983662
Lrp4,-0.02589709277790772,0.02589709277790772,0.2864688486909632
Nosip,0.0739735912229127,0.0739735912229127,0.0023010177359034756
Ehhadh,-0.13440760011638556,0.13440760011638556,2.7540780687447504e-08
Slu7,-0.049531468082027366,0.049531468082027366,0.041392305699266
Snap29,-0.01733761196840774,0.01733761196840774,0.4755155252649008
Cd59a,0.050702768722998365,0.050702768722998365,0.03680944917202529
Ndufaf2,-0.035918663719819416,0.035918663719819416,0.13924521518434704
2810008M24Rik,0.013874666820606986,0.013874666820606986,0.5679996709034193
Extl1,-0.12374666918518853,0.12374666918518853,3.185933054346185e-07
Manbal,0.03143531195849019,0.03143531195849019,0.19568245617105523
1700017B05Rik,-0.06898485441580751,0.06898485441580751,0.00447946641355506
Usp39,-0.04388723931377659,0.04388723931377659,0.0707739434915482
Fam18b,-0.039602858017836855,0.039602858017836855,0.10302065019061303
Stx8,0.01831363189302126,0.01831363189302126,0.4510241739136664
Sin3b,0.029396252405017205,0.029396252405017205,0.2262863033041275
Mbtd1,-0.035804413589422865,0.035804413589422865,0.14050813014400734
Aen,-0.05112083690239514,0.05112083690239514,0.03528180402335275
Sec11c,0.0078083120479310085,0.0078083120479310085,0.7479574553020047
Whsc2,-0.019744960717952124,0.019744960717952124,0.41643197447932434
Nfyc,-0.039282675501485065,0.039282675501485065,0.10583704815342011
Snta1,-0.03251170031439591,0.03251170031439591,0.18080505339035996
Dnajb9,-0.06195974104715701,0.06195974104715701,0.010703601706609634
Mtch1,-0.025472606209146147,0.025472606209146147,0.2944438471792825
Slc25a37,-0.10492812064938073,0.10492812064938073,1.4912572581943123e-05
Tomm70a,-0.09372061217382754,0.09372061217382754,0.00011094570473066711
Dnajc15,0.024611346306639633,0.024611346306639633,0.3110776294785832
Rev3l,-0.05319123932396416,0.05319123932396416,0.02848908085175775
Rngtt,0.007151154049593418,0.007151154049593418,0.7685369391155165
Fam168a,-0.04174398129046625,0.04174398129046625,0.08568650163356789
Mrpl12,-0.03289950766475283,0.03289950766475283,0.17565589509795362
Hemk1,-0.058433165725619615,0.058433165725619615,0.016097061860356244
Cldn14,-0.052220385537990875,0.052220385537990875,0.03151972970656923
Tnpo1,-0.025166524780944964,0.025166524780944964,0.30028573217307836
Nop56,-0.1093972996268531,0.1093972996268531,6.31695921978462e-06
Gclc,-0.24677237636162422,0.24677237636162422,6.018914147459745e-25
6530401N04Rik,0.05946806182749855,0.05946806182749855,0.014309167750240999
Trappc6b,0.0412912688384858,0.0412912688384858,0.08914037055793136
Jarid2,2.7144128331623753e-05,2.7144128331623753e-05,0.9991087316569478
2310003F16Rik,0.050073723158858656,0.050073723158858656,0.039213899153881696
Ankrd33b,0.05846200266210577,0.05846200266210577,0.016044701117011003
Usp5,-0.07311954983554206,0.07311954983554206,0.002586268896941174
Epha2,-0.011924183559564712,0.011924183559564712,0.6236221462014252
9130401M01Rik,-0.005821283780554777,0.005821283780554777,0.8106710538303333
Stk38l,-0.09502412118873721,0.09502412118873721,8.879955079026903e-05
Hip1r,-0.02545466466140847,0.02545466466140847,0.29478416589792744
Grb14,0.03149869968085352,0.03149869968085352,0.19478222238854553
Riok2,-0.0566945514868213,0.0566945514868213,0.019544398289158195
Cdkn1b,-0.014832880076786882,0.014832880076786882,0.5415713059405454
Foxo1,-0.08754833118609655,0.08754833118609655,0.0003065094088334194
Fbxw8,-0.08484911826189379,0.08484911826189379,0.00046870176399723274
Prorsd1,0.06193465977946786,0.06193465977946786,0.010735446501166106
Nudt22,0.007220809256250857,0.007220809256250857,0.7663476000340725
Pbx2,-0.029738911076882882,0.029738911076882882,0.22091786851556675
Glyr1,-0.09343673267601244,0.09343673267601244,0.00011641468216416085
Entpd4,-0.022516492509039424,0.022516492509039424,0.3540720702935552
Stam2,-0.02997371371204783,0.02997371371204783,0.2172922793037606
Ppp2r1a,-0.03165653163592372,0.03165653163592372,0.19255388531389026
H2-Ke6,0.06299271709600957,0.06299271709600957,0.009462849437613266
Gm98,-0.0011972992841314152,0.0011972992841314152,0.9607029583448199
Atp6v0b,-0.08276939904291533,0.08276939904291533,0.0006448928158310153
Rnf166,-0.06146455847309923,0.06146455847309923,0.01134809092680762
Gmps,0.02071475462398137,0.02071475462398137,0.3939098322706704
Polr3k,0.01864307569368867,0.01864307569368867,0.44292131772261434
Slc25a12,-0.0938384659606904,0.0938384659606904,0.0001087471497801512
Secisbp2l,-0.056204176053166174,0.056204176053166174,0.02062645831973581
Pkn2,-0.04562915050691191,0.04562915050691191,0.06028321147006687
Ccdc90b,0.05994839174564979,0.05994839174564979,0.013540544951400016
Ralgps2,-0.031889128786893636,0.031889128786893636,0.18930418992353107
Slc25a46,-0.07054422440381677,0.07054422440381677,0.003652998275576185
4933434E20Rik,-0.06952526984514881,0.06952526984514881,0.004175605535595259
Sharpin,-0.008602130376708265,0.008602130376708265,0.723336804304133
Hspbp1,-0.03585355011144894,0.03585355011144894,0.1399639031451599
Pcbd1,0.06260899304571846,0.06260899304571846,0.009907946109978845
Ehmt1,-0.08230541372586134,0.08230541372586134,0.00069181398092452
Nhlrc2,-0.006534862403852878,0.006534862403852878,0.7879861987067838
Dhx38,-0.026608360315493195,0.026608360315493195,0.27343544890866217
Rhbdf2,-0.04701422955430757,0.04701422955430757,0.05289129138714225
Fbxo30,-0.04671616700825837,0.04671616700825837,0.0544146191051875
Tmem168,-0.03939869772333181,0.03939869772333181,0.1048095228347204
Lyn,-0.014917446623729293,0.014917446623729293,0.5392686743714302
Phf1,-0.055161102388135465,0.055161102388135465,0.02310293952821185
Ppp1cc,0.021021000458759494,0.021021000458759494,0.3869536575652254
Fahd2a,0.006586609199566693,0.006586609199566693,0.7863478699261413
Ascc1,-0.07505898046940149,0.07505898046940149,0.0019800860626079326
Myef2,0.00809522408749223,0.00809522408749223,0.7390275531533284
Lsm2,0.04727284599471698,0.04727284599471698,0.05159856926940196
Mprip,-0.0537499009084963,0.0537499009084963,0.026861501427600968
Ppox,-0.040819610534502684,0.040819610534502684,0.09285706968882211
Utp11l,0.02515797993198228,0.02515797993198228,0.30044991957379424
Ppp3cb,-0.009769315170911314,0.009769315170911314,0.6876560672268417
Ccbl2,-0.059037189910799974,0.059037189910799974,0.015031103094720975
Dpp3,-0.0531971347354015,0.0531971347354015,0.028471471919963437
Mmp19,-0.06041348804813705,0.06041348804813705,0.012831265535026058
Fyco1,-0.06576337972329833,0.06576337972329833,0.006743793299921714
Neu1,-0.02972125924807887,0.02972125924807887,0.2211921714216131
Tmem86b,-0.032648807778656905,0.032648807778656905,0.17897194564122476
Anapc1,-0.06890124118673449,0.06890124118673449,0.004528228037181294
Pdzd11,0.10317709881161842,0.10317709881161842,2.0688607864150978e-05
Flot2,-0.06222445822170622,0.06222445822170622,0.010372582017081909
Rps4y2,0.11379503093207483,0.11379503093207483,2.6249109658304996e-06
Mga,-0.017803583201632334,0.017803583201632334,0.4637329252241577
Lrrc42,-0.042898498219534356,0.042898498219534356,0.07736585626566347
Pmm2,-0.01657542731328769,0.01657542731328769,0.49513686274292573
Trim41,-0.0669692083453102,0.0669692083453102,0.005797408293468751
Uba2,-0.015789911341262033,0.015789911341262033,0.5158024073044148
Zfp330,0.023436651419756892,0.023436651419756892,0.3347445688571661
Mtfp1,-0.05250906687264221,0.05250906687264221,0.03059096355800681
Commd6,0.004105807797363572,0.004105807797363572,0.8658253028827252
Qpct,-0.10668382727228853,0.10668382727228853,1.0684306362536727e-05
Bcl2l1,-0.0206923321545202,0.0206923321545202,0.39442209834018443
Sf3b5,0.008141263643986693,0.008141263643986693,0.7375978421483552
Ctif,-0.06499318284534289,0.06499318284534289,0.0074186964395091945
Urod,0.030985377461745373,0.030985377461745373,0.2021601395082216
Zfp120,-0.0028098486957791116,0.0028098486957791116,0.9079445457921074
Irgm1,0.07257695746138754,0.07257695746138754,0.0027839084706296007
Mllt10,-0.012331704022623206,0.012331704022623206,0.6118071770053688
1190005F20Rik,-0.03507322801161277,0.03507322801161277,0.14879996968566678
AI182371,0.06960763534504222,0.06960763534504222,0.004130971064938388
Ppp1r12c,-0.07540648649858223,0.07540648649858223,0.0018863569461756349
Mrpl28,-0.039465444817160425,0.039465444817160425,0.10422198709195199
Acbd4,-0.0171175813753022,0.0171175813753022,0.4811357572448301
Nfu1,0.043273320933612344,0.043273320933612344,0.0748103920095868
Bcar1,-0.030962084118216777,0.030962084118216777,0.2024996939782713
Asf1a,0.02854623165568209,0.02854623165568209,0.24000333312191044
Uimc1,0.01799610910468967,0.01799610910468967,0.45891254119180147
St13,-0.04724281248043207,0.04724281248043207,0.051747326003496144
Bub3,-0.02609404023936215,0.02609404023936215,0.282818681827469
Stard4,-0.014048585377562359,0.014048585377562359,0.5631573646644064
Ube2a,0.011908948296048504,0.011908948296048504,0.624065759541511
Sacm1l,-0.08649978974313989,0.08649978974313989,0.00036200310239515096
Dmxl1,-0.04930071523012865,0.04930071523012865,0.04234990337955578
Fbxw5,-0.10555069249992152,0.10555069249992152,1.3257516148432927e-05
Pbxip1,-0.06372997059267531,0.06372997059267531,0.008657398638894967
Prkag1,-0.0169080959401911,0.0169080959401911,0.4865200366524898
Trpc4ap,-0.05299704779360999,0.05299704779360999,0.029074371360694823
Sort1,-0.037838267853494666,0.037838267853494666,0.11930813499826695
Tbcel,-0.16133637279151072,0.16133637279151072,2.338334929417791e-11
2010003O02Rik,-0.04023690565589921,0.04023690565589921,0.09761932896399636
Pick1,-0.048455187222388285,0.048455187222388285,0.046020253337541735
Hspb11,-0.0526521546563988,0.0526521546563988,0.03013938210868619
Ttc23,-0.09005425333332995,0.09005425333332995,0.00020443352875065246
1810013L24Rik,-0.0884794748433068,0.0884794748433068,0.00026400361888121517
Pabpc4,-0.1634436581071631,0.1634436581071631,1.273279830560061e-11
Gna13,-0.05980067501855203,0.05980067501855203,0.013772945860970933
Timm10,-0.03932960482492837,0.03932960482492837,0.1054204715413998
Lpp,-0.025837134651731677,0.025837134651731677,0.28758637960601635
Tmem109,-0.06287495724137473,0.06287495724137473,0.009597510355940196
Fus,-0.04586963428859418,0.04586963428859418,0.05894162436968865
Cog4,-0.031849422396090676,0.031849422396090676,0.18985606410198505
Gm10768,-0.1657720558203,0.1657720558203,6.444635263892737e-12
Rorc,0.02979673879134787,0.02979673879134787,0.22002095402156466
Gm16157,0.051615850231143984,0.051615850231143984,0.03354320747317338
Pi4k2b,-0.05771143073110117,0.05771143073110117,0.017457349933953478
Rreb1,-0.012483132467918517,0.012483132467918517,0.6074422779532251
Rdh16,0.049376118576661694,0.049376118576661694,0.042034949281574356
Brix1,0.00068777110949606,0.00068777110949606,0.9774202738178759
Fam192a,0.028763209715768012,0.028763209715768012,0.23644747212351014
Thop1,-0.03869571904263869,0.03869571904263869,0.1111581845423903
Med12,-0.034052856629375884,0.034052856629375884,0.16098840625238595
H2-K2,-0.04105597851731847,0.04105597851731847,0.09097922726640378
Mat1a,0.07943196413700046,0.07943196413700046,0.0010604759785824544
Gcnt2,-0.09804115999045893,0.09804115999045893,5.2468089239111475e-05
Ogfod2,-0.057033875302356776,0.057033875302356776,0.018824960381540592
Lats1,-0.09010926446629496,0.09010926446629496,0.00020260051435326098
Tmed4,0.0037708595687571747,0.0037708595687571747,0.8766797627290664
Npm3,-0.018472858239672887,0.018472858239672887,0.44709748800122534
Usp1,-0.01924605280354596,0.01924605280354596,0.42830822441620525
Utp3,0.011738317411699496,0.011738317411699496,0.6290433861189528
Gstm5,-0.017739585259147997,0.017739585259147997,0.465341497202099
B230219D22Rik,-0.06317471025132021,0.06317471025132021,0.009258046695764837
Tmem66,-0.06844237962536302,0.06844237962536302,0.004804481745648984
Mcc,0.026969217106722645,0.026969217106722645,0.266980338340744
Klhdc3,-0.06468329632234356,0.06468329632234356,0.007706896303973944
Tmem11,-0.04588157763417768,0.04588157763417768,0.058875646732611156
Sdf2,-0.06550384706539467,0.06550384706539467,0.0069647907200370875
Zfp655,-0.013536654164192759,0.013536654164192759,0.5774672729604517
Rnf13,-0.0315330457918079,0.0315330457918079,0.19429570795359566
Sco2,-0.10194012500668151,0.10194012500668151,2.5991075706232457e-05
Mboat7,-0.05610657529682777,0.05610657529682777,0.020847944319139167
Gtf2ird1,-0.04592787426859435,0.04592787426859435,0.05862047280343188
Anpep,-0.04833429648710139,0.04833429648710139,0.04656628455235523
Sltm,-0.06677439592496776,0.06677439592496776,0.005941706323349846
Nsd1,-0.0411167980103182,0.0411167980103182,0.09050101063421868
Acp6,-0.022606930383319214,0.022606930383319214,0.35214183275844035
Kars,-0.10105637180748467,0.10105637180748467,3.054495601388505e-05
Ergic2,-0.055639446282799834,0.055639446282799834,0.021936915410227586
Pfkfb2,-0.06968525724293426,0.06968525724293426,0.004089303544956434
Rffl,-0.10613635564974525,0.10613635564974525,1.1861569048907684e-05
Lrp10,-0.08814399029055597,0.08814399029055597,0.00027863800798888716
Med25,-0.04962180841942745,0.04962180841942745,0.041022426622882927
Syngr2,-0.07054170506014845,0.07054170506014845,0.0036542136052358305
Ppat,-0.0064893389810286705,0.0064893389810286705,0.7894282680176036
Cdk16,-0.048457962514373246,0.048457962514373246,0.04600778161796387
Herpud2,-0.01156060862318601,0.01156060862318601,0.6342454516268298
AI316807,0.005495461516811767,0.005495461516811767,0.8210833528705372
Nr0b2,-0.04734260717909401,0.04734260717909401,0.05125441978934554
Rnf146,-0.021752628025429786,0.021752628025429786,0.37064090162444135
Dph3,-0.054109972839630156,0.054109972839630156,0.02585553788762298
Sae1,-0.042911987236705196,0.042911987236705196,0.07727267392754207
Sec22b,0.06464196866818012,0.06464196866818012,0.007746079933794999
Uhrf1bp1l,-0.06290954752285867,0.06290954752285867,0.009557779649286302
Tpd52l2,0.09703221163864617,0.09703221163864617,6.266804463990321e-05
Dus3l,-0.04016048144288502,0.04016048144288502,0.0982581335300112
Ash2l,-0.0406763029798162,0.0406763029798162,0.0940106413696554
2010003K15Rik,0.05187311163745113,0.05187311163745113,0.03266892918997651
Rnf217,-0.04073046734645373,0.04073046734645373,0.09357329626465191
Lars,-0.10189604650438372,0.10189604650438372,2.6202022025741996e-05
Zfp787,-0.06462074391262503,0.06462074391262503,0.007766272818313339
Rnf7,0.002394264671500365,0.002394264671500365,0.9215120084841932
Ddx21,-0.14670723438104266,0.14670723438104266,1.2775862773584873e-09
Gatad1,-0.07759104529766714,0.07759104529766714,0.0013845113477019752
As3mt,-0.0217171446254126,0.0217171446254126,0.3714220777757004
Gbf1,-0.029447442264939512,0.029447442264939512,0.2254784555274568
Rnps1,-0.00633288688987094,0.00633288688987094,0.7943897507691748
Fabp5,-0.0217319316001619,0.0217319316001619,0.371096414789874
Cyth2,-0.013359079280879826,0.013359079280879826,0.5824706434008016
Slc35a1,-0.05397964954049683,0.05397964954049683,0.026215810222975474
Ppme1,-0.009548755512724272,0.009548755512724272,0.694348397536097
Tiprl,-0.02313843407437249,0.02313843407437249,0.3409327014659454
4933407C03Rik,-0.09458797785398207,0.09458797785398207,9.569777709479458e-05
Nsa2,-0.06974166573765239,0.06974166573765239,0.0040592629052728065
Suv420h1,-0.05229020416955715,0.05229020416955715,0.03129291658987949
Hopx,0.019261952358997598,0.019261952358997598,0.42792673170526657
Ces2g,-0.10766535586046405,0.10766535586046405,8.847281757570358e-06
Inf2,0.027019901521631005,0.027019901521631005,0.26608213784538887
Foxa1,0.0007557167892894164,0.0007557167892894164,0.9751902834483918
Pex12,-0.06286916512506488,0.06286916512506488,0.00960417759383064
Tollip,-0.033695405666431935,0.033695405666431935,0.16543185406793656
A930001N09Rik,-0.008148377164822359,0.008148377164822359,0.7373770198221062
Smu1,-0.03658124728739621,0.03658124728739621,0.13209252071199
Letm1,-0.10548248896143178,0.10548248896143178,1.3429906553148957e-05
AU019823,-0.005123561986306677,0.005123561986306677,0.8330066511902943
Nktr,-0.03567889007543146,0.03567889007543146,0.1419057871537731
Ppig,-0.07137827453440329,0.07137827453440329,0.0032702579218126665
Mrps36,-0.022630657255065967,0.022630657255065967,0.35163652859108213
Slc30a5,-0.034640059750386636,0.034640059750386636,0.15388533660856146
Pnn,-0.04828767914334588,0.04828767914334588,0.04677829324911702
Pkp2,-0.024195048074155713,0.024195048074155713,0.3193355688399787
Atp6ap1,-0.04738321240603195,0.04738321240603195,0.051054989472806324
Rab43,-0.04256740266433366,0.04256740266433366,0.07968188921425114
Orm1,0.19589690109706145,0.19589690109706145,3.9340019894452546e-16
Asnsd1,0.0024387489689249205,0.0024387489689249205,0.9200585794549062
Taf13,-0.01824510523962345,0.01824510523962345,0.4527200960716145
Tm9sf3,-0.13343508832951811,0.13343508832951811,3.471496739130268e-08
Cox10,-0.07460232231909866,0.07460232231909866,0.0021097503673305484
AW555464,-0.1025871319094637,0.1025871319094637,2.307448100042828e-05
Thoc3,-0.004109987871795631,0.004109987871795631,0.8656899970241191
2610029I01Rik,0.07151070229044762,0.07151070229044762,0.003212962376991738
Sec23b,-0.011860084125256808,0.011860084125256808,0.6254894822733803
Zfp644,-0.04054650688909081,0.04054650688909081,0.09506533309617184
Nap1l4,-0.008855878488910235,0.008855878488910235,0.7155252496971634
Bag6,-0.064928215481169,0.064928215481169,0.007478304396547932
Arhgef12,-0.06056229099422349,0.06056229099422349,0.012611379864135012
Atp13a3,-0.09375513722238539,0.09375513722238539,0.00011029734120874452
Armc8,-0.04199464456749862,0.04199464456749862,0.08382110033065894
Vrk3,-0.024457222751748317,0.024457222751748317,0.3141183584893653
Cnot1,-0.07596954888266427,0.07596954888266427,0.0017430947093560367
Slc16a2,-0.08090629219237083,0.08090629219237083,0.0008531882097378352
Ipo9,-0.07855437617809266,0.07855437617809266,0.0012050331566237763
Ctnnb1,-0.1530464910755968,0.1530464910755968,2.364936328009559e-10
Smarcc1,-0.055747432103363664,0.055747432103363664,0.021680878373866237
Tbcb,-0.01864668440662855,0.01864668440662855,0.4428330222561485
Eefsec,-0.0030569354504079395,0.0030569354504079395,0.8998904133213458
Pole4,-0.038676876147324464,0.038676876147324464,0.1113324402659734
Ubfd1,-0.07793821954602365,0.07793821954602365,0.00131716751772829
Gar1,-0.04943563520374254,0.04943563520374254,0.041787753347201737
Slmo2,0.001068193035829352,0.001068193035829352,0.9649375154132485
Sephs2,0.15855903836240953,0.15855903836240953,5.146733352033176e-11
Cebpg,-0.16174029570647747,0.16174029570647747,2.08245492701012e-11
1110058L19Rik,0.07245172899955837,0.07245172899955837,0.002831437910265374
Tbc1d15,-0.017121235078614336,0.017121235078614336,0.4810421367610197
Tmem208,-0.05445461876980211,0.05445461876980211,0.024923326028660014
Rere,-0.07840497806929825,0.07840497806929825,0.0012313823539654304
Ppp4r2,-0.09012174953442556,0.09012174953442556,0.00020218665533290202
Irf3,-0.04918165984327534,0.04918165984327534,0.04285124835831846
Zfml,-0.046792793357962964,0.046792793357962964,0.054019549251646246
Rnf14,-0.06226302259574572,0.06226302259574572,0.010325125912068692
2210016F16Rik,-0.023522793167436606,0.023522793167436606,0.33297063839602314
Ap3b1,-0.01472741446905435,0.01472741446905435,0.5444498450728654
Wdr5,-0.05088729815407653,0.05088729815407653,0.03612836444351149
Ankra2,0.027465158865296897,0.027465158865296897,0.2582808479021358
2810474O19Rik,0.022978446253090718,0.022978446253090718,0.3442824874881105
Rdx,0.02630583345649612,0.02630583345649612,0.27892865600473205
Gigyf2,-0.011541835175565344,0.011541835175565344,0.634796068132534
Manf,-0.00240507374105627,0.00240507374105627,0.9211588210391727
Athl1,-0.0803676206297867,0.0803676206297867,0.0009241310244791207
Bahd1,0.005425406834048515,0.005425406834048515,0.82332627719465
Lphn2,-0.062477713813372894,0.062477713813372894,0.010064446021010096
Vps37a,-0.06415364641926277,0.06415364641926277,0.0082227572424344
Ndufa7,0.10215623017835528,0.10215623017835528,2.49800038990966e-05
Rps8,-0.07596120506080963,0.07596120506080963,0.0017451426213119046
Paox,0.06972045371259344,0.06972045371259344,0.004070535922214056
Pnrc2,0.1271149506361953,0.1271149506361953,1.5015147600658432e-07
Stam,-0.02200814226915154,0.02200814226915154,0.3650458282236637
Trmt6,0.028208441401007846,0.028208441401007846,0.24561373411873827
Bach2,-0.07621712596501903,0.07621712596501903,0.0016833247631677507
Sos2,-0.06183913964202987,0.06183913964202987,0.010857496977410156
Ube2e1,0.02718568533293156,0.02718568533293156,0.26315873736843215
Bmi1,-0.040934683356787835,0.040934683356787835,0.0919390183424355
Mpp1,0.03323396251808193,0.03323396251808193,0.17130357844748734
Metap1,-0.08095141011636826,0.08095141011636826,0.0008474812731116498
Fam134c,-0.015108775767286968,0.015108775767286968,0.5340771937608519
Ubl5,0.14024157844072382,0.14024157844072382,6.634336168388499e-09
Zfp106,-0.05879913199146765,0.05879913199146765,0.015443566576449288
Gm16517,0.04364453551937911,0.04364453551937911,0.07234783889912857
Fpgs,0.03739895887280027,0.03739895887280027,0.12366119207211686
Zfand2b,-0.03023967485112845,0.03023967485112845,0.2132374466424304
2410002O22Rik,-0.09543007162232175,0.09543007162232175,8.28029511126674e-05
Tra2b,-0.056370189745511064,0.056370189745511064,0.020254429288017628
Serpina1c,0.21684213020492565,0.21684213020492565,1.6982535018241095e-19
2310004I24Rik,0.009228758399386647,0.009228758399386647,0.7041002612959342
Rapgef2,-0.0587969677028269,0.0587969677028269,0.015447361669805862
Gmppa,-0.005937920690472654,0.005937920690472654,0.806951706857547
Nicn1,-0.00869753994482062,0.00869753994482062,0.7203962201802268
C9,0.15527884153869578,0.15527884153869578,1.2836911528704538e-10
Pvrl2,-0.049029149318519795,0.049029149318519795,0.04350078930715557
Lypla2,-0.05141327899088859,0.05141327899088859,0.03424562623566712
Tspo,0.060560476880976245,0.060560476880976245,0.012614040378224377
Ppm1a,-0.12594525757221225,0.12594525757221225,1.9541004773392378e-07
Smg5,-0.06268992470271634,0.06268992470271634,0.00981254907650136
Asb8,-0.032814542300693916,0.032814542300693916,0.17677457836139843
Klf10,-0.10219802430191063,0.10219802430191063,2.4788828932268388e-05
1300018J18Rik,-0.002249304290537074,0.002249304290537074,0.9262500705177348
Mki67ip,-0.030351521377274968,0.030351521377274968,0.21154863889024714
Sdcbp,-0.02126289455096827,0.02126289455096827,0.38151246939514627
Myst1,-0.0007711592871718527,0.0007711592871718527,0.9746834840713939
Nfx1,-0.0003923139807481971,0.0003923139807481971,0.9871190585128448
Nomo1,-0.12751123903145495,0.12751123903145495,1.3725643788540316e-07
Zfp410,-0.03917587668213958,0.03917587668213958,0.10678992950531457
Pkn1,-0.0294854296622551,0.0294854296622551,0.22488029252965333
Elovl1,-0.11398289241091455,0.11398289241091455,2.5264161755485936e-06
Pak2,-0.045025982646992625,0.045025982646992625,0.06375968773016459
Notch2,-0.06707660430510298,0.06707660430510298,0.005719216824527886
Nipbl,-0.01652957036579298,0.01652957036579298,0.49633101091764026
Lrba,-0.04634687908025819,0.04634687908025819,0.05635251277836814
3110040N11Rik,0.03886176651007463,0.03886176651007463,0.10963189171055153
Rpe,-0.02960355843826728,0.02960355843826728,0.22302743507303785
Tsc22d1,0.12162897651006195,0.12162897651006195,5.061753467294668e-07
Dap3,0.05000709096339756,0.05000709096339756,0.039476227602076495
Snx4,-0.03456511859677658,0.03456511859677658,0.15477837783728768
Mad2l2,0.028039806681441824,0.028039806681441824,0.24844873725133215
Mcl1,-0.06457714792576434,0.06457714792576434,0.007807897197989896
Leap2,-0.027384222575722705,0.027384222575722705,0.25968701072282957
Acot12,-0.04760035447516905,0.04760035447516905,0.04999949572614675
Med1,0.003803888341511269,0.003803888341511269,0.8756083549629723
Fxr1,0.04123147922203057,0.04123147922203057,0.08960478353381592
Dtnb,-0.09159570760783167,0.09159570760783167,0.00015853547147609917
Shfm1,0.033125055416738776,0.033125055416738776,0.17271185737001998
Atp13a2,-0.050869072582235844,0.050869072582235844,0.03619515251375418
Metap2,-0.059566736969726995,0.059566736969726995,0.014148201018712349
Ctsf,-0.07728464526347102,0.07728464526347102,0.0014465666171330524
Suz12,-0.042783839990256985,0.042783839990256985,0.07816161548725882
Fmo5,0.016422613995689603,0.016422613995689603,0.49912218571875056
Prkd3,-0.07044315720193572,0.07044315720193572,0.0037020422134997843
Smg7,-0.07240252522123805,0.07240252522123805,0.002850314517436565
Cluap1,-0.04179811056459101,0.04179811056459101,0.08528086680202536
Sepw1,0.014541785881736763,0.014541785881736763,0.5495347050757247
Rab32,0.012233046691111136,0.012233046691111136,0.614658398023231
Kdm4a,-0.014100557727621582,0.014100557727621582,0.5617142010034633
Fbxo3,-0.049100267697497854,0.049100267697497854,0.04319687002418195
Snrpd2,0.050119543448333456,0.050119543448333456,0.039034365856439844
Tmem30a,-0.11905958303072847,0.11905958303072847,8.785487551137164e-07
Adck5,-0.02993384884975062,0.02993384884975062,0.2179048007051124
Golga5,-0.06596935460933351,0.06596935460933351,0.006572905756088054
Lifr,-0.04806256203729778,0.04806256203729778,0.0478135469139483
Usp3,-0.004164612682990587,0.004164612682990587,0.8639221960289858
Rbbp7,-0.06601172933139374,0.06601172933139374,0.006538235821681461
1810008A18Rik,-0.05415207623133633,0.05415207623133633,0.02574006302222438
Arhgef7,-0.0693855765314372,0.0693855765314372,0.004252306747737853
Cradd,-0.008297204665467607,0.008297204665467607,0.7327620162546499
Eci1,0.061501309025532386,0.061501309025532386,0.011299103132990105
Rbm3,0.13927255834438962,0.13927255834438962,8.43853833384891e-09
Tdo2,0.016076169634281396,0.016076169634281396,0.5082200311841207
Snrpe,0.014413576399845043,0.014413576399845043,0.5530603082832604
Gabarapl2,0.02361808964289077,0.02361808964289077,0.33101526080480514
Psmb3,0.07329848930367813,0.07329848930367813,0.0025239559921096666
Fam103a1,-0.03557990290666302,0.03557990290666302,0.14301547694801145
Cib1,0.04549818980171461,0.04549818980171461,0.06102437633068696
Sh2b1,-0.035851964923973065,0.035851964923973065,0.13998143505526445
Rbm26,-0.012974658926677929,0.012974658926677929,0.5933708120426624
Ak3,0.0469721609448205,0.0469721609448205,0.05310411172857956
4933403F05Rik,-0.021724928131406585,0.021724928131406585,0.37125063457855584
Gfer,-0.031079943531714754,0.031079943531714754,0.20078587826994945
Dscr3,-0.013595984172401973,0.013595984172401973,0.5758001016557828
Snx3,0.007995745972003821,0.007995745972003821,0.7421198173489872
Cdc26,0.03127855891360802,0.03127855891360802,0.19792174314049366
Usp10,-0.12772326802896897,0.12772326802896897,1.3080355731336497e-07
Bdh1,-0.10188310916505872,0.10188310916505872,2.6264244358889427e-05
Ikbke,-0.027497506551880466,0.027497506551880466,0.25772032677155804
Snx7,-0.017525146705201805,0.017525146705201805,0.47075387680513014
Zfp36,-0.031870256055902026,0.031870256055902026,0.18956635217076487
Nptn,-0.08928223559565948,0.08928223559565948,0.00023185601692508184
Ergic3,-0.04663722680389526,0.04663722680389526,0.054824134280401
Rnasek,-0.031359712695604586,0.031359712695604586,0.19676009802438868
D4Wsu53e,0.20955203748700774,0.20955203748700774,2.7694419889732853e-18
Mt1,-0.22174280767119162,0.22174280767119162,2.4543508271201922e-20
Zfp191,0.03170160802025343,0.03170160802025343,0.19192092825093982
Pcnxl3,-0.06899872813048293,0.06899872813048293,0.004471421667083531
Plekhj1,-0.023021730150911236,0.023021730150911236,0.34337415559435885
Fgfr2,-0.05980593101092697,0.05980593101092697,0.013764616670146338
Ccbl1,-0.21084619968452725,0.21084619968452725,1.6998155121559338e-18
Glyctk,-0.05315883666858278,0.05315883666858278,0.02858603136367268
Tprgl,0.007520057243205839,0.007520057243205839,0.756963302087693
Dnajc21,-0.038623153718068154,0.038623153718068154,0.1118304383486976
Txnrd1,-0.1283898352484801,0.1283898352484801,1.1237089796865615e-07
Erc1,-0.08634499554978405,0.08634499554978405,0.0003709495516168131
Ccm2,-0.010570382928131672,0.010570382928131672,0.6635579154431951
AI837181,0.014465050620012099,0.014465050620012099,0.5516435000979336
Higd2a,0.04323488132621578,0.04323488132621578,0.07506925401104185
Prkrir,-0.06361165279434157,0.06361165279434157,0.00878238864565151
BC056474,-0.02199281242263381,0.02199281242263381,0.36538001691695166
Ptplb,-0.026998395283094067,0.026998395283094067,0.26646300508050513
Exoc3,0.01038975243822383,0.01038975243822383,0.6689625589007503
Gpc4,-0.04429167087212648,0.04429167087212648,0.06821366574047091
Ncln,-0.13544471460638813,0.13544471460638813,2.1476750675039656e-08
Chrac1,-0.05073141115414466,0.05073141115414466,0.03670302102617595
Tmem222,-0.009369693065521038,0.009369693065521038,0.6997991930012986
Brcc3,0.03727177855380906,0.03727177855380906,0.12494425476310488
Npepl1,-0.0463281564567466,0.0463281564567466,0.05645227231509465
Vps53,-0.051792199411224385,0.051792199411224385,0.032941775552551754
Cmtm8,-0.06721030084278076,0.06721030084278076,0.00562320521074775
Med13l,-0.07198279543784096,0.07198279543784096,0.0030160674396080794
Esf1,-0.006680002123453502,0.006680002123453502,0.7833933998909615
Use1,-0.031237300257161857,0.031237300257161857,0.19851424306501406
Cndp2,0.008942314585118075,0.008942314585118075,0.7128710745427902
Ctnnbip1,-0.039644648848956056,0.039644648848956056,0.10265748311941769
Slc6a6,-0.18233130774035636,0.18233130774035636,3.824122080392178e-14
Rpl37a,-0.002366943805287453,0.002366943805287453,0.9224047893538119
1110059E24Rik,-0.012376785196253884,0.012376785196253884,0.6105062699684098
Zcchc7,-0.024441204226716563,0.024441204226716563,0.3144355073599672
Yrdc,-0.03766494941011114,0.03766494941011114,0.12101097546212551
Kdsr,-0.14716348334078166,0.14716348334078166,1.1342229959499055e-09
Aes,0.09123588643347331,0.09123588643347331,0.0001682888531985748
Tmem38b,-0.04820881931197864,0.04820881931197864,0.047138783352704335
Tsg101,-0.022208420706408886,0.022208420706408886,0.3606973230752274
Tsnax,-0.047113036937176334,0.047113036937176334,0.0523942352065481
Zfp592,-0.0008340777251744803,0.0008340777251744803,0.9726187040163348
Bad,-0.009464949131037109,0.009464949131037109,0.6968975815811835
Tnpo3,-0.033223150925888546,0.033223150925888546,0.17144299803041224
Tbca,0.03050205600026866,0.03050205600026866,0.20929094682967114
Mrpl27,0.06853640264222616,0.06853640264222616,0.004746665011509529
Fem1a,-0.04036611587874926,0.04036611587874926,0.09654685056286849
Ptdss1,-0.03326373501784124,0.03326373501784124,0.17092008913115858
Rps13,0.0005291599553270982,0.0005291599553270982,0.9826265787317895
Rnf19b,-0.06223672920502956,0.06223672920502956,0.010357460738197731
Tigd2,0.0014323968583491338,0.0014323968583491338,0.9529949187229705
Trnt1,-0.007827157185835407,0.007827157185835407,0.7473698629745468
Chmp6,-0.04711320938363351,0.04711320938363351,0.052393371127868085
Brms1,-0.056853297548648235,0.056853297548648235,0.01920488912396952
Mapk9,-0.01394815602149118,0.01394815602149118,0.5659511296809749
Sec16b,-0.046583338392132245,0.046583338392132245,0.05510516135739556
Dgcr6,-0.030984155661882368,0.030984155661882368,0.20217793976300028
Scyl1,-0.055218332860441734,0.055218332860441734,0.02296065845336711
Atp5j2,0.18192822126850755,0.18192822126850755,4.35837664001332e-14
Ahr,-0.02492181420755312,0.02492181420755312,0.3050114509274322
Ubqln4,-0.13811300825735787,0.13811300825735787,1.122894851731865e-08
Nub1,-0.040655170267622276,0.040655170267622276,0.09418171895491403
Mfhas1,-0.06934195040828059,0.06934195040828059,0.004276520772048096
Timm8b,0.038539637327512165,0.038539637327512165,0.11260810589480304
Ifrd2,-0.07681365329090203,0.07681365329090203,0.0015469666656624452
AI848100,-0.05260929024789159,0.05260929024789159,0.030274056731765236
Fbxo6,-0.032834092376457936,0.032834092376457936,0.17651670668188554
Dhcr24,-0.15481722545333326,0.15481722545333326,1.4576366081786352e-10
Pdpk1,-0.08779065351995868,0.08779065351995868,0.0002948701688271848
Zmpste24,-0.07195387266323627,0.07195387266323627,0.003027806486581165
Edem2,-0.06885316378924408,0.06885316378924408,0.004556482900390352
Zfp593,-0.07250733486746438,0.07250733486746438,0.002810242516716091
F7,-0.16826060881409605,0.16826060881409605,3.0791118947001077e-12
Antxr2,0.02325266029245067,0.02325266029245067,0.33855386440977847
Tacc2,-0.04406754653905057,0.04406754653905057,0.06962293381055364
Gtf2i,-0.09455341629884392,0.09455341629884392,9.626550685180357e-05
Rnf187,-0.0271278413725065,0.0271278413725065,0.26417622072992203
Fmr1,-0.0012435369724300349,0.0012435369724300349,0.959186671084578
1500003O03Rik,-0.07564975778830825,0.07564975778830825,0.0018231839752079915
4933439F18Rik,-0.06728251785099618,0.06728251785099618,0.005571950498253258
Htatsf1,-0.060364874885724465,0.060364874885724465,0.012903832002812322
Rnf145,-0.12032111618693049,0.12032111618693049,6.711290363063079e-07
D4Ertd22e,-0.019201412654111967,0.019201412654111967,0.42938037299104687
2410127L17Rik,0.005301515500173399,0.005301515500173399,0.8272963980917994
Pde4dip,-0.03541978126816046,0.03541978126816046,0.1448245799687131
Csrp2,0.03936477204989714,0.03936477204989714,0.10510915615837478
Commd4,-0.018975489622287928,0.018975489622287928,0.434830344598682
Mt2,-0.2604707750029585,0.2604707750029585,1.0583998459641925e-27
Lpl,-0.14432359286072424,0.14432359286072424,2.3651282722655638e-09
Stk16,0.002752905478646841,0.002752905478646841,0.909802060378947
Srm,-0.08200983759657819,0.08200983759657819,0.0007233371382293621
BC005624,0.09123866500040581,0.09123866500040581,0.00016821142170940834
Rsu1,0.00019552422026027777,0.00019552422026027777,0.9935800957316994
Stat6,-0.08014882384218991,0.08014882384218991,0.0009544758571177704
Pnpla7,-0.03755327945402502,0.03755327945402502,0.12211814931944537
Nfkbia,-0.0627375660734555,0.0627375660734555,0.009756775663664332
Psmd8,-0.02456672923160772,0.02456672923160772,0.3119558851660204
Mcee,0.13396485241466888,0.13396485241466888,3.060815822941191e-08
Zcchc11,-0.05068742484723766,0.05068742484723766,0.03686657114670254
Tmpo,-0.07724771572904522,0.07724771572904522,0.001454216480748944
Slmap,-0.07422082022816291,0.07422082022816291,0.0022239901776762066
4932438A13Rik,-0.047689315291671835,0.047689315291671835,0.049572380452034354
Srsf6,-0.0551165364962392,0.0551165364962392,0.02321426428592851
Enpp2,0.016343296842430834,0.016343296842430834,0.5011974447504939
Tpcn1,-0.03641973664225997,0.03641973664225997,0.13380927887208602
Dusp12,0.05330187802507934,0.05330187802507934,0.02816017361232007
Mex3c,-0.04609251136941489,0.04609251136941489,0.05772046279786759
Rpl27,-0.025894583556618063,0.025894583556618063,0.28651555803675965
Fam160b1,-0.07942588802717199,0.07942588802717199,0.001061419219616975
Epas1,-0.05692179775836566,0.05692179775836566,0.0190599861576995
Plekhb2,-0.05236310512114844,0.05236310512114844,0.031057584809866614
Elp3,-0.06755449015613833,0.06755449015613833,0.005382681457445391
2210021J22Rik,-0.026115102761071877,0.026115102761071877,0.2824301876550316
Xpo7,-0.043297782534266235,0.043297782534266235,0.0746460410281793
Clk1,-0.003238958756869274,0.003238958756869274,0.8939636477619911
Pxmp3,-0.04539948801938972,0.04539948801938972,0.061587943993746376
1700021F05Rik,0.017513725806799416,0.017513725806799416,0.47104310809719185
Dhrs7b,-0.033776134622189466,0.033776134622189466,0.16442034362486935
2900064A13Rik,-0.09689512729500811,0.09689512729500811,6.419064745556475e-05
Gtf2a1,8.744134424516423e-06,8.744134424516423e-06,0.9997128892276081
Etnk2,0.036513965988157725,0.036513965988157725,0.13280559588761812
Kcnk5,-0.046409193524741224,0.046409193524741224,0.05602153906638196
Cyhr1,-0.06475947611664636,0.06475947611664636,0.0076351334438404285
Cdh2,-0.08166431871349861,0.08166431871349861,0.0007618749544119144
Rbm47,-0.052018968532660165,0.052018968532660165,0.03218196433832731
Rlim,-0.047676438341510696,0.047676438341510696,0.049634014861772484
Usp22,-0.004208357652795064,0.004208357652795064,0.8625069851614074
Mlec,-0.0949626143999381,0.0949626143999381,8.974310622765152e-05
Ap2b1,-0.050865016207681024,0.050865016207681024,0.03621003149879633
Abhd4,-0.031036367099267118,0.031036367099267118,0.2014182949544484
Fam63b,-0.04885393928641021,0.04885393928641021,0.044257244916901146
Zkscan17,-0.05343761721161502,0.05343761721161502,0.027761118385589822
Thrap3,-0.015184042999981062,0.015184042999981062,0.5320418431505983
Oxnad1,0.026455598568381793,0.026455598568381793,0.2761999538327911
Abcf3,-0.04333768404920721,0.04333768404920721,0.07437858587706798
Cpsf2,-0.06262877617841084,0.06262877617841084,0.009884551104031927
Gstz1,0.1338828500150498,0.1338828500150498,3.121152205097254e-08
BC006779,0.012423967622466697,0.012423967622466697,0.6091460420850198
Sgpl1,-0.04863288905733933,0.04863288905733933,0.045227408892383886
H3f3a,0.07033202477583314,0.07033202477583314,0.003756660195790811
Apoc3,0.17959939718083884,0.17959939718083884,9.223569754717977e-14
Ecd,-0.05066459817655122,0.05066459817655122,0.03695168953761959
Ptpmt1,-0.07616024129056684,0.07616024129056684,0.001696888711491651
Klhl24,-0.0258117988743516,0.0258117988743516,0.2880594831661794
Naa30,-0.05421421586522407,0.05421421586522407,0.025570450076788223
Cul1,-0.007769918695584844,0.007769918695584844,0.7491550142983018
Fkbp11,-0.07979739056904422,0.07979739056904422,0.0010051519418516235
Bid,-0.012522880112279184,0.012522880112279184,0.6062988636450701
Eif5b,-0.0974951025613297,0.0974951025613297,5.7775243871609655e-05
Mut,-0.03232337843423345,0.03232337843423345,0.18334554618474083
Lmo4,-0.07464541190076127,0.07464541190076127,0.002097191053530608
Cdk2ap1,-0.10863284262217393,0.10863284262217393,7.334236947486518e-06
Ikbkg,-0.10363718420736519,0.10363718420736519,1.899284196763456e-05
Tssc4,0.025812863015168087,0.025812863015168087,0.28803960155960184
Asxl1,-0.01985436506148774,0.01985436506148774,0.4138538544513125
Slc25a42,0.014023474896516928,0.014023474896516928,0.5638552698846571
Becn1,-0.0269247015981712,0.0269247015981712,0.267770933679447
Ythdf3,-0.04511078558620589,0.04511078558620589,0.0632611355662236
Ammecr1l,-0.0646147307392391,0.0646147307392391,0.0077720022132591144
Cyp2f2,-0.02345201137622474,0.02345201137622474,0.33442781391065096
Atp6v1h,-0.05936232995024906,0.05936232995024906,0.014483435249424316
Raly,-0.05611843875226287,0.05611843875226287,0.02082091239803299
1110008F13Rik,-0.1630667405862496,0.1630667405862496,1.42035192396927e-11
Osbpl1a,-0.052385536770730594,0.052385536770730594,0.030985479148259037
Smpd1,-0.04281735580912052,0.04281735580912052,0.07792832100791211
Pum2,-0.09987975578547342,0.09987975578547342,3.779285105977117e-05
Ncbp2,-0.013796801722352026,0.013796801722352026,0.5701740519615716
Fbxw9,-0.08439388762510507,0.08439388762510507,0.0005029153832561786
Frmd8,-0.030303476320830088,0.030303476320830088,0.21227289980346703
Scd1,-0.028383125807362405,0.028383125807362405,0.24270100909356834
Otub1,-0.02872601115157363,0.02872601115157363,0.23705442827179354
Myo10,-0.02085339943142072,0.02085339943142072,0.3907512841805735
Lpin2,-0.1701474781576106,0.1701474781576106,1.745657544897491e-12
Carhsp1,0.05255610846195768,0.05255610846195768,0.030441865068768736
Ces1d,-0.07692058570384783,0.07692058570384783,0.0015236253078698642
Usp24,-0.09270762264056509,0.09270762264056509,0.00013164805537996182
Phf20l1,0.009062484778377473,0.009062484778377473,0.7091868040583752
Eif4ebp3,-0.06081544504788657,0.06081544504788657,0.012244945531367341
Pccb,-0.056992354023107025,0.056992354023107025,0.018911733217269917
Mrps26,-0.023948209026640615,0.023948209026640615,0.32429908812571245
Rnf139,-0.07296003864792737,0.07296003864792737,0.00264299766106317
Yipf1,0.046452661507691145,0.046452661507691145,0.055791624409561015
Gm2382,0.06557717713168795,0.06557717713168795,0.0069016991049030245
Upf2,-0.059955239487363476,0.059955239487363476,0.013529855942184766
Trpm7,-0.026162325290981083,0.026162325290981083,0.2815604914143122
Anxa5,0.06901441248333982,0.06901441248333982,0.004462342765630857
Rnf167,-0.017449611257325,0.017449611257325,0.4726686096252925
Prr13,0.09053573798053925,0.09053573798053925,0.00018890461409807905
Mrpl3,-0.006245528269114654,0.006245528269114654,0.7971637429151137
Hnrnpa0,-0.08476183528897774,0.08476183528897774,0.00047508870799704194
Agxt,0.32915691497761557,0.32915691497761557,3.845602091279846e-44
Ddhd1,-0.07475809816199178,0.07475809816199178,0.0020646695793482602
Gsto1,-0.053140071516972406,0.053140071516972406,0.028642307434708962
Irak2,-0.035769485382318,0.035769485382318,0.1408959761491947
Ccnl2,-0.05246904507904765,0.05246904507904765,0.03071830568746601
Hmgb1,0.0889349385367417,0.0889349385367417,0.0002452852409125487
Gm16039,-0.04058674676381055,0.04058674676381055,0.09473734546981925
Taok2,-0.02060486270672743,0.02060486270672743,0.3964242807512184
Ambp,0.022745361937019447,0.022745361937019447,0.3492001727842485
Slc11a2,-0.05730910319238504,0.05730910319238504,0.018258525707436267
Nkiras2,-0.02667170173121053,0.02667170173121053,0.2722947316655459
Sri,0.11759261285757201,0.11759261285757201,1.1975279971817879e-06
Baz2a,-0.035387355970946326,0.035387355970946326,0.14519305456018194
Wdr11,-0.04371435695752292,0.04371435695752292,0.07189215160208985
Mthfd2,-0.14165446505343834,0.14165446505343834,4.657927128640422e-09
Prkaa2,-0.21129012344414397,0.21129012344414397,1.4366921910120258e-18
Xrcc1,0.029587276618680606,0.029587276618680606,0.2232821659381056
Strbp,-0.07146456293616885,0.07146456293616885,0.003232820232853264
Arl6ip5,-0.025822227643967736,0.025822227643967736,0.2878646797500282
Dctn3,0.051073062599519034,0.051073062599519034,0.03545359268075078
Grsf1,-0.03808653616733994,0.03808653616733994,0.11690166993260065
Scyl3,-0.050259409587732784,0.050259409587732784,0.03849065005472802
Mcmbp,-0.07829134509544307,0.07829134509544307,0.001251778531904255
Pafah1b2,0.004054132064460479,0.004054132064460479,0.8674983307311898
Smc3,-0.05505260999278873,0.05505260999278873,0.023374763866906206
Pias2,-0.011498015431953204,0.011498015431953204,0.6360820661853702
Stau1,0.01870380968116249,0.01870380968116249,0.4414366609898744
Prosc,0.033355423376592974,0.033355423376592974,0.16974311858450455
Uqcrc2,0.003438131950252575,0.003438131950252575,0.8874852561235234
Slc30a10,-0.064022274532469,0.064022274532469,0.00835539494415908
Abcb8,0.008916263723646897,0.008916263723646897,0.7136706490074193
S100a13,0.07947625114861648,0.07947625114861648,0.0010536243360522773
Galm,-0.015520899084233243,0.015520899084233243,0.5229810525350924
Set,-0.07715119797771436,0.07715119797771436,0.0014743861492985965
Psmc5,0.032559097852908114,0.032559097852908114,0.1801697860288333
Slc25a15,0.02632770145900729,0.02632770145900729,0.27852908543467375
Lamtor2,0.07139373819583379,0.07139373819583379,0.003263519862584882
Nr1i3,-0.04908724076663529,0.04908724076663529,0.04325240518046984
Cdk18,-0.010355792343629131,0.010355792343629131,0.6699806058549845
Gtpbp2,-0.07558912160609124,0.07558912160609124,0.001838745677813305
Tst,0.13981182128091474,0.13981182128091474,7.382741689270888e-09
Gfpt1,-0.037190935879218005,0.037190935879218005,0.12576521435964194
Snrnp200,-0.13092062967889578,0.13092062967889578,6.268398840085663e-08
Gbas,-0.0064164257909107986,0.0064164257909107986,0.7917394776151863
Klb,-0.0636683864837002,0.0636683864837002,0.008722255978366782
Rpl36a,-0.013783377936334591,0.013783377936334591,0.5705493111597527
Nip7,-0.035683940432829686,0.035683940432829686,0.14184934808959423
Naprt1,-0.03608836633710089,0.03608836633710089,0.13738547227016124
Nr1h4,-0.033425648797516236,0.033425648797516236,0.16884577352501082
Coq7,0.0751411896882728,0.0751411896882728,0.0019575348031039067
Spata13,-0.0807581624030901,0.0807581624030901,0.0008721763759197769
Pwp1,-0.07646972793554375,0.07646972793554375,0.0016242881689438186
Smarce1,0.025779558585829032,0.025779558585829032,0.2886622748588732
Tmed9,-0.04570030851674523,0.04570030851674523,0.059883632837401515
1110038B12Rik,-0.06160576575436887,0.06160576575436887,0.01116088715570996
Myo18a,-0.0999200603886735,0.0999200603886735,3.751964629260762e-05
Atxn7,-0.0452225807599659,0.0452225807599659,0.06260882029020526
Mtch2,-0.032661744550508166,0.032661744550508166,0.17879969839608947
Eif2s1,-0.048742485973102545,0.048742485973102545,0.04474418466366037
4632411B12Rik,-0.05805708589640154,0.05805708589640154,0.01679379616232333
Sept10,-0.026507235618584514,0.026507235618584514,0.2752633636704495
Oplah,-0.06254320069812358,0.06254320069812358,0.009986105303035588
Akap9,-0.04671667884253021,0.04671667884253021,0.05441197222386432
Pcbd2,0.036714864131837444,0.036714864131837444,0.13068518510364982
Zcchc14,-0.09092912518398764,0.09092912518398764,0.00017704654810343762
Frg1,0.014479609408242894,0.014479609408242894,0.5512430985322586
Capns1,0.016492777469130998,0.016492777469130998,0.49729023312201626
Tspyl1,0.02058533678343603,0.02058533678343603,0.3968720661403293
Hs6st1,-0.103014322882929,0.103014322882929,2.1322334602642153e-05
Habp2,-0.08792539230836516,0.08792539230836516,0.0002885786457417147
Perp,-0.0010710191338081784,0.0010710191338081784,0.9648448111847949
Taf1,-0.01744883363650585,0.01744883363650585,0.4726883436319229
Kpna4,-0.051352016303713714,0.051352016303713714,0.03446051356816505
Rod1,-0.08200557195864362,0.08200557195864362,0.0007238016750605868
Asph,-0.04987995452117931,0.04987995452117931,0.03998088945969493
H2-T23,0.021897232960193976,0.021897232960193976,0.3674679390126759
Ccz1,-0.012242392271819929,0.012242392271819929,0.6143880579685664
Ube2f,-0.022013608460537494,0.022013608460537494,0.3649267120980682
Snx12,0.0018095427638645974,0.0018095427638645974,0.9406390769605433
Tmem9,-0.09462161251123324,0.09462161251123324,9.514830713039972e-05
Bag3,-0.06558717126465716,0.06558717126465716,0.006893140206241189
AI661453,-0.050210560446071875,0.050210560446071875,0.038679810879314755
Nop58,-0.04383953398265731,0.04383953398265731,0.07108106991570994
Dohh,-0.024441441066236823,0.024441441066236823,0.31443081667090206
Ccdc9,-0.05514758554752538,0.05514758554752538,0.023136655299330292
Magoh,0.017216634559471235,0.017216634559471235,0.4786011841099137
Ap3s2,0.03414918569036859,0.03414918569036859,0.1598064962596214
Arg1,0.08710742488785249,0.08710742488785249,0.00032879691512793395
Ube4b,-0.0454609020677883,0.0454609020677883,0.06123677824565534
Lrrc3,-0.041947577987494614,0.041947577987494614,0.08416883598576301
Prkacb,-0.05350321296174822,0.05350321296174822,0.027570027994716275
Adra1b,-0.02203027536307873,0.02203027536307873,0.3645636662318578
Rnf8,0.09670514663579016,0.09670514663579016,6.635869376513393e-05
Ces1f,-0.0360592455246275,0.0360592455246275,0.13770323500321374
Uso1,-0.09280244852549702,0.09280244852549702,0.00012956572687882256
Ssr2,-0.12067274702729548,0.12067274702729548,6.222924525633904e-07
Insr,-0.06868726819766298,0.06868726819766298,0.004655208318935452
Necab1,-0.055863716427720964,0.055863716427720964,0.021408075202331175
Serpina11,-0.1356030299740284,0.1356030299740284,2.0673288823926115e-08
Fggy,0.016345593700272838,0.016345593700272838,0.5011372854740809
Foxq1,-0.10278366829477423,0.10278366829477423,2.2252020133193076e-05
Ascc3,-0.047603213595960356,0.047603213595960356,0.04998572083617307
Mup2,0.3320302220690097,0.3320302220690097,6.261010610389423e-45
Vegfa,-0.07707429268031965,0.07707429268031965,0.001490641357196674
Rit1,-0.015362874968593202,0.015362874968593202,0.5272217255461791
Aldh8a1,-0.003347173865999687,0.003347173865999687,0.8904428922601799
Dnajc25,-0.0788259480479138,0.0788259480479138,0.0011584646874966634
Asns,-0.13741948753997568,0.13741948753997568,1.3306305631924094e-08
Cyp2d37-ps,-0.05696495535133734,0.05696495535133734,0.018969183265617424
Map4k3,-0.02667995098687758,0.02667995098687758,0.27214641044571247
Gigyf1,-0.06514845121646733,0.06514845121646733,0.007277958065874386
Zcchc17,0.03830920410651771,0.03830920410651771,0.11477589654327863
Nampt,-0.1502750427028482,0.1502750427028482,4.987697739638062e-10
Scly,-0.03372786453992103,0.03372786453992103,0.16502459281119022
Atp1b1,-0.13300432791686428,0.13300432791686428,3.844335979046306e-08
Klhl2,-0.03181116327739015,0.03181116327739015,0.19038894223851155
Ptpra,-0.05339054115724619,0.05339054115724619,0.027898960410835276
Map2k4,-0.0494548687046221,0.0494548687046221,0.04170813237500216
Cyp26a1,0.07737237843621476,0.07737237843621476,0.0014285412642782783
Crb3,-0.010819070531606245,0.010819070531606245,0.6561455094306687
Slc7a2,-0.04026747432449875,0.04026747432449875,0.09736474593425347
Atp6v0d1,-0.07602364580178451,0.07602364580178451,0.0017298706033110416
Ccdc72,-0.017555339873444376,0.017555339873444376,0.4699897145556978
Cnn3,0.019995992088258592,0.019995992088258592,0.41053045954828016
Mrpl22,0.052814803834202784,0.052814803834202784,0.029633027693464167
Rnpepl1,-0.12930384169443573,0.12930384169443573,9.112931307319773e-08
Eif2b5,-0.09817818975971386,0.09817818975971386,5.121064742432287e-05
Lpin1,-0.20899003824695325,0.20899003824695325,3.4199289609322198e-18
Pkp4,-0.19101263902386495,0.19101263902386495,2.1264542415297493e-15
Mtx2,-0.07211117646630893,0.07211117646630893,0.002964459788364298
5730403B10Rik,-0.002274810596987052,0.002274810596987052,0.9254161969600301
Trappc5,0.006601330831918667,0.006601330831918667,0.785881948158568
Rps3,-0.044389760420398834,0.044389760420398834,0.06760430506936334
Ecsit,-0.06500538298112438,0.06500538298112438,0.007407550344637198
Cox5b,0.13415305446024223,0.13415305446024223,2.9265830927028914e-08
Ankrd40,-0.008354507259492137,0.008354507259492137,0.7309876758223152
Mal2,-0.012002818756781913,0.012002818756781913,0.6213346540747586
Cept1,-0.09147778550132621,0.09147778550132621,0.00016167177270824174
Neat1,-0.012100185995653198,0.012100185995653198,0.6185073089654118
Mrpl32,-0.006499719538930677,0.006499719538930677,0.7890993740172049
Gstt2,0.022298807170795465,0.022298807170795465,0.35874550468643307
Atg7,-0.009492761472473858,0.009492761472473858,0.6960512176850306
Mrpl4,-0.008423720562536863,0.008423720562536863,0.728846444003403
Rrp8,-0.036323309232236374,0.036323309232236374,0.13484243378395122
Fbxl5,-0.06407686692104628,0.06407686692104628,0.008300046063560784
Edem3,-0.07939378267238043,0.07939378267238043,0.0010664160664624084
Ddx41,-0.06083716045394365,0.06083716045394365,0.012213956337024379
Dcaf13,0.009163858334898582,0.009163858334898582,0.7060840868475559
Yes1,-0.10202177330688796,0.10202177330688796,2.560458786492414e-05
Isoc2a,0.1137113680061843,0.1137113680061843,2.6699505073622552e-06
Zfp869,0.016206551966763218,0.016206551966763218,0.5047859422366718
Ankrd17,-0.09414938797757547,0.09414938797757547,0.00010314236420646973
Slc2a9,-0.07340074425457588,0.07340074425457588,0.0024889663791443513
Rnf11,-0.06062203579211581,0.06062203579211581,0.012524037148008252
Farsa,-0.05297126205668942,0.05297126205668942,0.02915286153609199
Psma2,0.07415648209768491,0.07415648209768491,0.002243805030515349
Gch1,-0.15164667179231484,0.15164667179231484,3.4534179353915985e-10
Hp1bp3,0.011133636800199947,0.011133636800199947,0.6468178284672956
Ptprj,-0.05550459872414278,0.05550459872414278,0.02226032951688997
Aga,0.00035096647563289535,0.00035096647563289535,0.9884765314585477
Sidt2,-0.12797708412734188,0.12797708412734188,1.234640168894064e-07
Ttc38,0.024543089744107734,0.024543089744107734,0.31242187294605767
Mrpl16,0.04553176778864976,0.04553176778864976,0.06083362832610584
Pet112l,-0.01787808583777936,0.01787808583777936,0.4618642246628571
Mocs2,0.057007953387096605,0.057007953387096605,0.01887909214207803
4930455C21Rik,-0.08126857714733057,0.08126857714733057,0.00080835059909919
Eif3a,-0.13407422673964273,0.13407422673964273,2.982096619791098e-08
Josd2,-0.09559787024449634,0.09559787024449634,8.043773665686575e-05
Il1rap,-0.0602490764601773,0.0602490764601773,0.013078151228329733
2300009A05Rik,0.050690024492152215,0.050690024492152215,0.03685688791958191
Anapc7,-0.03504723989659205,0.03504723989659205,0.14910140775361827
Rg9mtd1,-0.042780152629106546,0.042780152629106546,0.07818731685383175
Mtx1,0.008424519055338125,0.008424519055338125,0.7288217535544733
Gcgr,-0.193593082429113,0.193593082429113,8.768197822441246e-16
Eif1b,0.04640987598682238,0.04640987598682238,0.056017923246049844
Cldn3,-0.009661563290150372,0.009661563290150372,0.6909225137914349
Fubp1,-0.05773245620547167,0.05773245620547167,0.017416340929315446
Smc5,4.319187780884703e-05,4.319187780884703e-05,0.9985818096405892
A430005L14Rik,-0.01579991245486845,0.01579991245486845,0.5155365138508163
B230118H07Rik,0.05927951933635756,0.05927951933635756,0.014621226912866513
Mocos,-0.04634686590701188,0.04634686590701188,0.056352582917640004
Cdipt,-0.0861957673079605,0.0861957673079605,0.0003797694567942386
Npepps,-0.05450932163470455,0.05450932163470455,0.024778069921399984
Cdk13,-0.06995493958176456,0.06995493958176456,0.003947483012469698
Pcsk6,-0.1612398272825701,0.1612398272825701,2.403908705859615e-11
Sp3,0.007201552520642272,0.007201552520642272,0.766952674650283
Trabd,-0.07737569527893062,0.07737569527893062,0.0014278638732475352
0610037P05Rik,0.007092928198259378,0.007092928198259378,0.7703684583424327
Bola1,0.03284989702376455,0.03284989702376455,0.17630844323434922
Map2k7,-0.08154780515667939,0.08154780515667939,0.0007752940704478129
Ubl7,0.059697741137585345,0.059697741137585345,0.0139369643188013
Mafg,-0.07617780693033288,0.07617780693033288,0.001692689565725014
BC017647,-0.06237816052845344,0.06237816052845344,0.010184587402433895
Psme1,0.17390916916301824,0.17390916916301824,5.523406317900874e-13
Serpina10,-0.11394517502432852,0.11394517502432852,2.5459023885938347e-06
F2,-0.13765705535525008,0.13765705535525008,1.2555850722804705e-08
Pmpcb,-0.0031271346633883895,0.0031271346633883895,0.8976040142781162
Dap,0.033607468969227276,0.033607468969227276,0.16653899162432437
Abhd11,-0.019342375251589418,0.019342375251589418,0.42600010145831674
Sel1l,-0.08568317729439974,0.08568317729439974,0.0004115793743879975
Zfand5,0.017633341018344646,0.017633341018344646,0.4680187480531179
Abca6,-0.00128392420836115,0.00128392420836115,0.9578623600787588
Gmfb,-0.07733828181907001,0.07733828181907001,0.0014355219173739727
Acad8,0.0065981668460816,0.0065981668460816,0.7859820780062409
Atg12,0.01259526874065162,0.01259526874065162,0.6042189460517164
Bmpr1a,-0.08266646609303292,0.08266646609303292,0.0006550393050878222
Ddx19a,-0.049962487963038066,0.049962487963038066,0.03965265831959917
Npc1,-0.08871776003328224,0.08871776003328224,0.00025404993602898
Zhx1,-0.038735414737016305,0.038735414737016305,0.11079178978150782
Gcdh,0.14709098953957955,0.14709098953957955,1.1559059039771786e-09
Ankib1,-0.08931008500617618,0.08931008500617618,0.000230809549348567
Tmf1,-0.05315590879708641,0.05315590879708641,0.02859480568422887
Iigp1,0.07560161935023599,0.07560161935023599,0.0018355283087647916
Seh1l,-0.01220557492863787,0.01220557492863787,0.6154533777514677
Mpp6,-0.05691501981527164,0.05691501981527164,0.019074281285403404
9430016H08Rik,-0.025635607876861193,0.025635607876861193,0.2913640571623852
Tubb5,-0.1282837913122407,0.1282837913122407,1.1512526137926365e-07
Parp1,-0.05351879018511055,0.05351879018511055,0.027524816087428003
Rab3ip,-0.035110834322178236,0.035110834322178236,0.14836459468133298
Txndc11,-0.03168107690198067,0.03168107690198067,0.1922090338611643
Gramd1c,-0.14691114954479934,0.14691114954479934,1.2114540473114534e-09
Gm2a,-0.09183770210958858,0.09183770210958858,0.0001522775901330352
Hacl1,-0.03902613984653563,0.03902613984653563,0.10813733626605608
Tars,-0.03693948916717483,0.03693948916717483,0.12834551897091256
Chmp2a,0.07783555499034421,0.07783555499034421,0.0013367607116423447
Mmgt1,-0.029513917738430945,0.029513917738430945,0.22443245302729983
Uggt1,-0.10777081462336101,0.10777081462336101,8.668907231864834e-06
F10,-0.0990431329915101,0.0990431329915101,4.390853696458683e-05
Hsd3b3,0.03633578397653142,0.03633578397653142,0.13470842940975478
H2afy,-0.07844000917257275,0.07844000917257275,0.0012251566728320664
Ltv1,-0.049793123883243987,0.049793123883243987,0.040328693336558634
Erdr1,-0.1438833485476469,0.1438833485476469,2.6471446645127786e-09
Eapp,0.037033228952689144,0.037033228952689144,0.12737881141934954
Ccdc21,-0.06540693909862849,0.06540693909862849,0.0070489620552926895
Rasa1,-0.03949307992709042,0.03949307992709042,0.1039794977834773
Snx2,-0.019281995471213693,0.019281995471213693,0.4274461005253837
Ell2,-0.006513557220333758,0.006513557220333758,0.7886610041078526
Chkb,0.006425781456600544,0.006425781456600544,0.7914428180213902
Adss,0.011427179474615868,0.011427179474615868,0.6381632398302483
Rnf149,-0.12142321016310127,0.12142321016310127,5.292479836013636e-07
Slc38a4,-0.00426051212040237,0.00426051212040237,0.860820291668673
Slc25a25,0.008046541022960617,0.008046541022960617,0.7405403365824824
Dennd4a,-0.03670165662078712,0.03670165662078712,0.13082377511541596
Fetub,-0.039580138466035183,0.039580138466035183,0.1032185135624822
Zfpm1,-0.05134888114373844,0.05134888114373844,0.03447154146408676
Acadvl,-0.11284793584710708,0.11284793584710708,3.1802037800532506e-06
Golga4,-0.0473326091659973,0.0473326091659973,0.05130362432446272
F13b,-0.09461108751396738,0.09461108751396738,9.531992713880601e-05
Pacsin2,-0.03663940533276834,0.03663940533276834,0.13147852887911723
Pnpla2,-0.08514723966103152,0.08514723966103152,0.0004474851808198322
Zcchc6,-0.01230117076791639,0.01230117076791639,0.6126889705678628
Gm6402,0.09482571104949235,0.09482571104949235,9.18773758920574e-05
Scap,-0.0677540800584083,0.0677540800584083,0.005247495483711847
Cdkn2aipnl,-0.06572532830931399,0.06572532830931399,0.006775795849855451
Sc4mol,0.0955816858058608,0.0955816858058608,8.066305443457157e-05
Ganab,-0.09249922694427709,0.09249922694427709,0.000136335543491547
Fermt2,0.042602774097099214,0.042602774097099214,0.07943180829445144
9530008L14Rik,0.03878432631074484,0.03878432631074484,0.11034164262923811
Cyp2c29,-0.2221508638377411,0.2221508638377411,2.084848583516115e-20
Mlx,-0.01989508046182816,0.01989508046182816,0.41289680844778753
Cpb2,-0.0069664706887308855,0.0069664706887308855,0.7743506307931106
Abcb7,-0.12337380918361181,0.12337380918361181,3.458442888718905e-07
Man2a2,-0.06892528297295672,0.06892528297295672,0.004514158352862256
Smpd2,-0.04039287666131295,0.04039287666131295,0.0963259106804439
Mmd,-0.06725464514397154,0.06725464514397154,0.005591682528085069
Slc35f5,-0.02101165826679572,0.02101165826679572,0.3871647459492942
Wnk1,-0.07208430864602344,0.07208430864602344,0.00297519324847576
Ppt2,-0.009876206618974634,0.009876206618974634,0.6844214479284562
Lrp6,-0.04338915909388834,0.04338915909388834,0.07403471089878325
Klkb1,-0.06772906536917365,0.06772906536917365,0.005264268755882815
Syne1,-0.023727448599245346,0.023727448599245346,0.3287805003549576
Cps1,-0.012517483663761424,0.012517483663761424,0.6064540460098775
Ubr4,-0.08848691551444818,0.08848691551444818,0.00026368735749932205
1810037I17Rik,0.014770450462657944,0.014770450462657944,0.5432743196486938
Gpcpd1,-0.03353767793784107,0.03353767793784107,0.16742162638742153
Syap1,0.055777113577823424,0.055777113577823424,0.021610959796785168
Ube2e2,-0.05584342710240811,0.05584342710240811,0.02145545780012901
Sec11a,0.005484846796163213,0.005484846796163213,0.8214231084363424
Mettl7a1,-0.0423981004505707,0.0423981004505707,0.08088774843782352
Lrrc59,-0.09211506992051458,0.09211506992051458,0.00014539090330918476
Pla2g12b,-0.04898635503491628,0.04898635503491628,0.04368453582708909
Nit1,0.05483517581905975,0.05483517581905975,0.023927898188463064
Spag7,0.013342389343500589,0.013342389343500589,0.5829419386315715
2700078E11Rik,-0.03725009507705804,0.03725009507705804,0.12516404028334896
Wtap,-0.04270381177711347,0.04270381177711347,0.0787209681492482
2810405K02Rik,0.03187882745559401,0.03187882745559401,0.1894472532255941
Zc3h11a,-0.0890320480727613,0.0890320480727613,0.00024145858489633
Mrpl15,0.02175553512474764,0.02175553512474764,0.3705769462904931
Fam107b,0.03333542561527632,0.03333542561527632,0.16999930360754398
Zcchc9,-0.02221823583279246,0.02221823583279246,0.3604850521830153
2410004N09Rik,-0.1117082704648561,0.1117082704648561,3.998195867997319e-06
Cyp8b1,0.023900053242151303,0.023900053242151303,0.32527324042004463
Sec23ip,-0.09172051464195224,0.09172051464195224,0.00015527842197405443
Actr2,-0.09689606217413202,0.09689606217413202,6.418014622469576e-05
BC048546,0.1406582802753612,0.1406582802753612,5.97933810794269e-09
Nlrp6,-0.022022025263812375,0.022022025263812375,0.36474334536108194
Top2b,-0.07097535385705014,0.07097535385705014,0.0034503494635868036
Gabpa,-0.000599052574704266,0.000599052574704266,0.9803322960750916
Psmd1,-0.06510625269910159,0.06510625269910159,0.00731596882413862
Llph,-0.0008191926284866115,0.0008191926284866115,0.9731071688038623
Map3k7,-0.05023984641436989,0.05023984641436989,0.038566310934308144
Ephx2,0.10194400452623881,0.10194400452623881,2.5972586972661544e-05
Mrpl55,-0.021084231991236744,0.021084231991236744,0.3855267754219701
Upb1,0.15668648690888964,0.15668648690888964,8.6925749942384e-11
Arpc5,0.0453182834911625,0.0453182834911625,0.06205482742996449
Srebf1,-0.05948982849521854,0.05948982849521854,0.014273522135381066
Insig2,0.028649121250013385,0.028649121250013385,0.23831249941209687
Psme2,0.06727778794026004,0.06727778794026004,0.005575294532917968
Dusp6,-0.04813512403482623,0.04813512403482623,0.047477772343381255
2310061C15Rik,-0.03312397358787607,0.03312397358787607,0.17272588976896294
Nucb1,-0.061757141537700205,0.061757141537700205,0.010963251014139523
Osbp,-0.06747863005341401,0.06747863005341401,0.0054348814798508786
Ppp3ca,-0.048774799398838706,0.048774799398838706,0.04460254466975064
6720456B07Rik,-0.021116049461986117,0.021116049461986117,0.38480999900099505
Serpina1e,0.1763766114687077,0.1763766114687077,2.560403396442866e-13
Mat2b,-0.035596843951427676,0.035596843951427676,0.14282508993041731
Arfgap1,0.019581250786869998,0.019581250786869998,0.420307442568713
Il13ra1,-0.033964496643229286,0.033964496643229286,0.16207833026226712
Fgf1,0.07623707331604682,0.07623707331604682,0.0016785920361160778
Pygl,-0.25959314868428385,0.25959314868428385,1.6075343260623813e-27
Aass,0.00880891155105612,0.00880891155105612,0.716968897987303
Mtap7d1,-0.0602265018026413,0.0602265018026413,0.013112375733697673
Gm608,-0.03162136833502061,0.03162136833502061,0.19304870740065627
9030624J02Rik,-0.07999866223034857,0.07999866223034857,0.0009758324774261615
Dhrsx,-0.08082766021541998,0.08082766021541998,0.0008632195017436846
Srsf11,-0.0028910850612325926,0.0028910850612325926,0.9052954500555921
Usp33,-0.05550270271202314,0.05550270271202314,0.022264906228486127
Sept2,-0.08959341271596008,0.08959341271596008,0.0002204120389120913
Tpt1,-0.03405397406251589,0.03405397406251589,0.16097465817953033
Srp9,-0.01872659812224395,0.01872659812224395,0.44088032771592706
Cpsf6,-0.05373198144616474,0.05373198144616474,0.026912434595101085
Copg,-0.0674123961728783,0.0674123961728783,0.0054808305036710804
Farsb,-0.030475840249525318,0.030475840249525318,0.2096828671013365
Arcn1,-0.08739702810287371,0.08739702810287371,0.00031399331323567984
Ubr3,-0.05372928490241782,0.05372928490241782,0.02692010629046446
Nrbf2,0.03630327036725407,0.03630327036725407,0.13505790780543944
Suclg2,-0.00984250075074915,0.00984250075074915,0.6854407932873127
Nolc1,-0.11585256814175826,0.11585256814175826,1.720985916450782e-06
Taok3,-0.04686242965229414,0.04686242965229414,0.05366259602625789
D8Ertd738e,0.008139044074935464,0.008139044074935464,0.7376667478180151
Sdhc,0.06110106998830894,0.06110106998830894,0.011842853603376407
Pex11b,-0.04245609225383255,0.04245609225383255,0.08047304426980458
9130011J15Rik,-0.052779679823517764,0.052779679823517764,0.02974175152828342
Rala,-0.0424048325254288,0.0424048325254288,0.0808395180489115
Bysl,-0.07229226121913027,0.07229226121913027,0.0028930339180605813
Gas2l1,-0.07278805651053918,0.07278805651053918,0.0027054329091959913
Plbd2,-0.058673683364097465,0.058673683364097465,0.015664899848400676
Glod4,-0.034959092197103664,0.034959092197103664,0.15012730860980347
Man1a2,-0.08801486075441253,0.08801486075441253,0.0002844706425121728
Ext2,-0.04139373214900374,0.04139373214900374,0.08834899799340178
Uqcr11,0.1736080424459762,0.1736080424459762,6.062128067402845e-13
Gnas,0.06894542028518426,0.06894542028518426,0.004502404101592685
Map3k11,-0.043775082559447245,0.043775082559447245,0.0714977404104867
Fam105b,-0.07149267927173528,0.07149267927173528,0.0032207060247982765
Tial1,-0.03513638967093671,0.03513638967093671,0.14806929102916683
Selk,-0.03128050518806446,0.03128050518806446,0.19789382539014114
Acadsb,0.043346746420611634,0.043346746420611634,0.0743179510188288
2610002M06Rik,0.009611961943934898,0.009611961943934898,0.6924280938736757
Stag2,0.0020735318767203907,0.0020735318767203907,0.9319987221526352
Sec14l2,0.021650168203205176,0.021650168203205176,0.3728993594334378
Sf3b2,-0.008422855742375581,0.008422855742375581,0.7288731856986558
Pabpc1,-0.12665661971376363,0.12665661971376363,1.6652709667220609e-07
5133401N09Rik,0.04203397782973642,0.04203397782973642,0.08353139191002946
Psmd14,0.01570988577263626,0.01570988577263626,0.5179325552831662
Tmem56,-0.16250012839094863,0.16250012839094863,1.6732105809548828e-11
Hsd3b5,0.052825574137984756,0.052825574137984756,0.029599757484647247
Rap2c,-0.07219273670775533,0.07219273670775533,0.0029320930513165736
Eif1ax,-0.07303722746153721,0.07303722746153721,0.002615405729629996
Zfp238,-0.1292727740008095,0.1292727740008095,9.178282343918404e-08
Tomm7,0.051215085080692634,0.051215085080692634,0.03494498341521456
Psd3,-0.047673166415467455,0.047673166415467455,0.049649685880485815
Fbxl3,-0.0041448175094678345,0.0041448175094678345,0.8645627411956402
2210411K11Rik,-0.11276826760205252,0.11276826760205252,3.2317313664379393e-06
Cyp2a22,-0.19693973144562182,0.19693973144562182,2.728063011642432e-16
Igf1,0.08470939383733597,0.08470939383733597,0.0004789650306832563
Mlxipl,-0.19017148519752064,0.19017148519752064,2.8307750670999615e-15
Atp6v1c1,-0.014082415095943459,0.014082415095943459,0.5622177810138446
Kpna3,-0.08032028516247997,0.08032028516247997,0.0009306192345766242
Vdac1,-0.000998537688761257,0.000998537688761257,0.9672225598154444
Abcg5,-0.12013572376870982,0.12013572376870982,6.983423656429257e-07
Dak,-0.30973939374156545,0.30973939374156545,4.940039230801116e-39
Clcn3,-0.07347825053363921,0.07347825053363921,0.002462741297206453
Acot13,0.06876200670778745,0.06876200670778745,0.004610493932886515
Daam1,0.006693011126122212,0.006693011126122212,0.7829821086201021
Anxa4,-0.06709946506804507,0.06709946506804507,0.005702695826957964
Tsr1,-0.06727037162149102,0.06727037162149102,0.005580541493756324
Slc12a7,-0.058236220501799336,0.058236220501799336,0.016458694920107583
C2cd2,-0.1277105464172152,0.1277105464172152,1.3118231300399068e-07
Csnk1g2,-0.08033173852841116,0.08033173852841116,0.000929045481096518
Ndufb10,0.018882537841347732,0.018882537841347732,0.4370841675057117
Tat,0.11091503546965124,0.11091503546965124,4.68263973084299e-06
1110001J03Rik,0.11554529726980725,0.11554529726980725,1.8338150972185465e-06
Prkar1a,0.008818169415950684,0.008818169415950684,0.7166842538129584
Atp6v0a1,-0.055960693476671645,0.055960693476671645,0.02118285562155743
Mon2,-0.08450428230033066,0.08450428230033066,0.0004944111370553086
Fam96a,-0.007340727404481708,0.007340727404481708,0.7625828144285676
Ier2,-0.08961701202194865,0.08961701202194865,0.00021956611587804233
Fam175b,-0.01983619677278563,0.01983619677278563,0.41428133659055616
Tmem134,0.05412376969724708,0.05412376969724708,0.025817648732160924
Krt18,-0.06035370791173895,0.06035370791173895,0.01292055246080689
1810074P20Rik,-0.012718804603116234,0.012718804603116234,0.6006768456170779
Tspan31,-0.007630166440012185,0.007630166440012185,0.7535192294034886
Snap47,0.036491238620547074,0.036491238620547074,0.13304714166070075
Cd302,0.030314195437078077,0.030314195437078077,0.21211115830939573
Rbpms,0.004337789168587382,0.004337789168587382,0.8583222931824743
Timm13,-0.05545296281652792,0.05545296281652792,0.02238526385960245
Bcas2,0.049851762658492074,0.049851762658492074,0.040093533399453415
Dhx16,-0.06660400956303893,0.06660400956303893,0.0060705542437338965
Mob2,-0.015311314699571369,0.015311314699571369,0.5286091595488066
5930434B04Rik,-0.04836756042830219,0.04836756042830219,0.04641549961741839
Wbp4,-0.017080043094362608,0.017080043094362608,0.48209819128295534
Pigt,-0.09735109032293099,0.09735109032293099,5.9257331444007594e-05
Rnf111,-0.03142206474544307,0.03142206474544307,0.19587097769608033
Nipsnap3b,0.009533612023037635,0.009533612023037635,0.6948087706505346
Uba1,-0.14727415477137093,0.14727415477137093,1.101883255073911e-09
Ahsg,-0.07765203541825344,0.07765203541825344,0.001372455569046513
Dars,-0.07309949128246404,0.07309949128246404,0.0025933408823012516
Car14,-0.08273770504332084,0.08273770504332084,0.0006480013440977184
Gsk3b,0.006300715631018285,0.006300715631018285,0.7954110191679438
Prrc2b,-0.06491763135434096,0.06491763135434096,0.007488055944853458
Psma5,0.0343247156677112,0.0343247156677112,0.1576697050730643
Sirt2,0.01894367921605584,0.01894367921605584,0.43560090317868383
Khdrbs1,-0.07784572279067883,0.07784572279067883,0.0013348083016430392
Cpt2,-0.08417682502094456,0.08417682502094456,0.0005200355425439388
Mrps30,-0.05363658342651209,0.05363658342651209,0.02718499255917162
Echdc3,0.12184769013312736,0.12184769013312736,4.827142425030529e-07
Zmiz2,-0.05644759304177186,0.05644759304177186,0.02008298067696182
C030044B11Rik,0.047817384943983375,0.047817384943983375,0.0489628700371799
Slc25a39,-0.04277268834495119,0.04277268834495119,0.07823936488498862
Rps26,-0.08975389482112528,0.08975389482112528,0.00021471927206253164
Srp19,-0.04461886130645301,0.04461886130645301,0.06619848160357798
Snhg8,-0.006321564124964601,0.006321564124964601,0.794749148992689
Pdcd6,0.045543520581505806,0.045543520581505806,0.06076698041654842
Zbtb8os,0.053181935956433765,0.053181935956433765,0.028516888031617674
Gphn,-0.03292550425602621,0.03292550425602621,0.17531467128460518
Ccdc25,0.04818049318380391,0.04818049318380391,0.04726883854328183
Abi1,-0.04578348676699329,0.04578348676699329,0.05941934067620204
Krcc1,-0.015549916047314975,0.015549916047314975,0.5222042705231483
Tmem214,-0.08212371469031987,0.08212371469031987,0.0007110375214917435
Rexo2,-0.02297353032047922,0.02297353032047922,0.34438574732708654
St6gal1,-0.17435451590023893,0.17435451590023893,4.811709645719023e-13
Srek1ip1,0.008175929886261965,0.008175929886261965,0.7365219157030481
Kras,-0.0011117919004548053,0.0011117919004548053,0.9635073993807866
Chchd7,-0.07205858898616233,0.07205858898616233,0.002985501204647203
Ubap1,-0.04055386854200615,0.04055386854200615,0.09500526182250724
Tmem9b,-0.05090246199302047,0.05090246199302047,0.03607287619679655
Cmtm4,-0.08597338181922244,0.08597338181922244,0.00039327721841405657
Tbc1d17,-0.0502211204062433,0.0502211204062433,0.038638852320370884
Pus1,-0.06426018759129348,0.06426018759129348,0.008116575341425103
1300017J02Rik,-0.11249269025092537,0.11249269025092537,3.416209303246338e-06
Ddx42,-0.031003228944595215,0.031003228944595215,0.20190019354767152
Zfp36l1,0.06497438731051518,0.06497438731051518,0.007435897533745882
Purb,-0.08131891315225744,0.08131891315225744,0.0008022966307918004
Agl,-0.0666849175735721,0.0666849175735721,0.006009060481305008
Eif1ad,-0.051358492048658416,0.051358492048658416,0.03443774472970336
Asgr1,-0.07147082297746432,0.07147082297746432,0.003230119446515882
Tnfaip1,-0.06965369568260651,0.06965369568260651,0.0041061996328242275
Sh3glb1,0.02037326437716672,0.02037326437716672,0.40175510747893045
Psmd11,0.015111747597306923,0.015111747597306923,0.5339967561265451
Ebna1bp2,-0.0019250852064853115,0.0019250852064853115,0.9368564571856702
Nr1h3,-0.05577426437467431,0.05577426437467431,0.021617662946136044
Acbd6,0.011399225401374957,0.011399225401374957,0.6389853214955965
Yy1,0.0044787862586913125,0.0044787862586913125,0.8537681967391804
Mrps14,0.01285091623065811,0.01285091623065811,0.5968992647792957
2310001A20Rik,-0.049259848783062214,0.049259848783062214,0.04252143126007325
Eif2s3x,-0.1043836801980173,0.1043836801980173,1.6519592630570823e-05
Apeh,-0.07839202014082762,0.07839202014082762,0.0012336926061967987
Bms1,-0.033692968429451964,0.033692968429451964,0.1654624645373395
Il17rc,-0.06306459357113034,0.06306459357113034,0.009381487015532704
Eps15,-0.06630289734689651,0.06630289734689651,0.006304420212514218
Eif1,0.08756669560957547,0.08756669560957547,0.00030561249287331863
Ndufc2,-0.03224568906580546,0.03224568906580546,0.18440125280980588
Bscl2,-0.1088388264039265,0.1088388264039265,7.045698907408678e-06
Smurf2,-0.048919521451536774,0.048919521451536774,0.043972810153491027
Ywhag,-0.1080759484849183,0.1080759484849183,8.171935381109975e-06
Lmbrd1,-0.05079581394638559,0.05079581394638559,0.036464672445337985
Pdxk,-0.026092635802421348,0.026092635802421348,0.28284459925957467
Yipf3,-0.08998326223747265,0.08998326223747265,0.00020682201589611234
Ube2d3,-0.060212091363658016,0.060212091363658016,0.01313426416241518
Arrdc3,0.22235717802124555,0.22235717802124555,1.9195209058097757e-20
Abcf2,-0.029604813830343746,0.029604813830343746,0.22300780295660913
Ireb2,-0.06941830009666189,0.06941830009666189,0.004234225639356585
Ppid,-0.023827105525357543,0.023827105525357543,0.326752532254333
Wdr61,0.047789095886960876,0.047789095886960876,0.049096960042414636
Gpd1,-0.12004027528994293,0.12004027528994293,7.127641882248866e-07
Ppp3r1,-0.019524725541824335,0.019524725541824335,0.42165045206467494
Hsd17b13,-0.13525078671181204,0.13525078671181204,2.250228407843728e-08
Gpatch4,-0.06777335071436441,0.06777335071436441,0.005234606708815165
Elof1,-0.03748337749505529,0.03748337749505529,0.12281522187857838
Cbs,0.01697858147501951,0.01697858147501951,0.4847047647284061
Proz,-0.08083179426212089,0.08083179426212089,0.000862689400730311
Ulk2,-0.013603789241569497,0.013603789241569497,0.5755809485950889
Gldc,-0.11230544055204424,0.11230544055204424,3.5472704601255683e-06
Dalrd3,-0.0011474677787103081,0.0011474677787103081,0.9623372576632474
Prpf6,-0.0054670738065390675,0.0054670738065390675,0.8219920605070311
Rab5a,-0.0009754865023197787,0.0009754865023197787,0.9679788143768538
Fam3c,0.006728697393618474,0.006728697393618474,0.7818541667160022
Tmx1,-0.06914014014693856,0.06914014014693856,0.0043901661396415
Cyp2a4,-0.3419026590751638,0.3419026590751638,1.0545009626205518e-47
Zfp259,-0.12241037250331376,0.12241037250331376,4.2707173974787936e-07
Mup20,0.20823246817272129,0.20823246817272129,4.5405821173721426e-18
Ak2,-0.015729937520457784,0.015729937520457784,0.5173983844712712
Ube3b,-0.05654923924420587,0.05654923924420587,0.01985975683460012
Lias,0.04067007677903936,0.04067007677903936,0.09406101901474707
Pafah2,-0.06825323730807797,0.06825323730807797,0.004922722031571309
Arhgdia,-0.06459659800415048,0.06459659800415048,0.007789302129986629
Baiap2,-0.03558709337822166,0.03558709337822166,0.14293464516604282
Adhfe1,0.08700970759253646,0.08700970759253646,0.00033393741946777575
Dlg1,-0.09024657195650923,0.09024657195650923,0.0001980923988817826
1810014F10Rik,0.027886275168185565,0.027886275168185565,0.2510496518707848
Gls2,0.05758673889536897,0.05758673889536897,0.017702297032427546
2010106G01Rik,-0.11623939276265359,0.11623939276265359,1.5883990632161268e-06
Ugt2a3,0.011428052588261,0.011428052588261,0.638137570195871
Mgea5,-0.1121448811659314,0.1121448811659314,3.663473704259558e-06
Ppap2b,-0.004426655864295175,0.004426655864295175,0.8554514091720679
D5Ertd579e,-0.07896242487274258,0.07896242487274258,0.0011356946667569904
Atp2b1,-0.052632416103048175,0.052632416103048175,0.030201334148124315
Bag4,0.05817170803941954,0.05817170803941954,0.016578693970546753
Clcn4-2,-0.09782891010405773,0.09782891010405773,5.447364215249912e-05
Hnrnpul2,-0.04320739444639703,0.04320739444639703,0.07525480532374249
Galnt1,-0.07549674292724831,0.07549674292724831,0.0018626883086810596
Zfp871,-0.004290793657127191,0.004290793657127191,0.8598412667676434
Slc24a6,-0.11366141175118634,0.11366141175118634,2.697196577460609e-06
Preb,-0.0959924795222791,0.0959924795222791,7.512450128874246e-05
Aldh9a1,0.08087892280104535,0.08087892280104535,0.0008566674767295676
Oxa1l,-0.013644637397970134,0.013644637397970134,0.574434644512923
Csnk2b,-0.05041159650494863,0.05041159650494863,0.03790635792946188
Acsf2,-0.12333477454824686,0.12333477454824686,3.488238439096229e-07
0610007P14Rik,0.053783442697941136,0.053783442697941136,0.026766387801695216
Saa4,0.062124729567957934,0.062124729567957934,0.010496205329092132
Csk,-0.017872520322111167,0.017872520322111167,0.462003675492834
1700001C19Rik,-0.009787391176697455,0.009787391176697455,0.687108669725119
Bola3,0.0789144155498433,0.0789144155498433,0.0011436570687200353
Zfp385a,-0.10251695790966084,0.10251695790966084,2.33750842644926e-05
Fam136a,-0.016818845969819505,0.016818845969819505,0.488823822201054
Aggf1,-0.025252318381724127,0.025252318381724127,0.29864053928222406
Eif3b,-0.1878458868284721,0.1878458868284721,6.200790488231652e-15
Nsun2,-0.07911590979033145,0.07911590979033145,0.0011105812303767737
Egr1,-0.16762597351501074,0.16762597351501074,3.721279299448566e-12
Slc25a11,0.025679656057229265,0.025679656057229265,0.29053552806673494
Hint2,0.1455039652869225,0.1455039652869225,1.7456265839773515e-09
Rps15a-ps6,-0.005961173579585753,0.005961173579585753,0.8062107311283309
Nubp2,0.00026921914109654874,0.00026921914109654874,0.9911604586990654
Rhoa,-0.017020021430465212,0.017020021430465212,0.4836392415249556
Rab24,-0.012043265190364756,0.012043265190364756,0.6201594909388088
Gtpbp4,-0.08138199961364381,0.08138199961364381,0.0007947685107298429
Lcat,-0.09548202427419034,0.09548202427419034,8.206372047877521e-05
Bri3bp,-0.12211608498199668,0.12211608498199668,4.5535353428106694e-07
Akr1c6,0.1355813599435229,0.1355813599435229,2.0781518183295328e-08
Tspan12,-0.05198433530072334,0.05198433530072334,0.032297026308225625
Arpc2,-0.012183725519332323,0.012183725519332323,0.6160859796296282
Trf,0.0063728612112106935,0.0063728612112106935,0.7931212667618946
Rchy1,-0.05569911832854238,0.05569911832854238,0.021795108496148182
Eif4g1,-0.13294341934945528,0.13294341934945528,3.9000896878433464e-08
Crot,0.024907528026660984,0.024907528026660984,0.30528885297783054
1600014C10Rik,-0.03209635314078928,0.03209635314078928,0.18644316614424067
Mrpl2,-0.04468970598563356,0.04468970598563356,0.06576866297315434
Sdc2,-0.009293156272199938,0.009293156272199938,0.7021337727337795
Dlat,-0.030528073389219233,0.030528073389219233,0.20890251641871735
Myl12a,0.024579114239252714,0.024579114239252714,0.31171193145514314
Slc16a12,-0.09794678456236769,0.09794678456236769,5.33510565173372e-05
Mrps10,-0.04180881171819309,0.04180881171819309,0.08520085825719223
Ube2v2,0.012350998145200038,0.012350998145200038,0.6112502566043773
Rps20,-0.01609342865786433,0.01609342865786433,0.5077647505434785
Dio1,-0.2085750202663822,0.2085750202663822,3.994943516044427e-18
Acadl,0.010205648846752846,0.010205648846752846,0.6744888092644086
Ndufb9,0.058398229165922286,0.058398229165922286,0.016160699005938195
Mgat4b,-0.08025041410351744,0.08025041410351744,0.0009402734599404046
H3f3b,0.11294247715290626,0.11294247715290626,3.1200779112489926e-06
Apoa1,0.24522323681669483,0.24522323681669483,1.2039914993275507e-24
Tcea1,0.005238102777986248,0.005238102777986248,0.8293301848734947
Masp2,-0.03147005489969578,0.03147005489969578,0.19518865955582831
Ddx6,-0.09279376697517484,0.09279376697517484,0.0001297550719208329
Ddx3x,-0.10187690244739459,0.10187690244739459,2.6294145474927958e-05
Cyp39a1,-0.29065644705387966,0.29065644705387966,2.2568060525158674e-34
Tmem115,-0.07241384408459829,0.07241384408459829,0.002845961994490614
Ykt6,0.0187007635907363,0.0187007635907363,0.4415110554953689
Ythdf1,-0.056485645315269443,0.056485645315269443,0.01999915968837565
Tdp2,-0.0032196871496131627,0.0032196871496131627,0.8945908664635047
Cutc,-0.0024304587280249788,0.0024304587280249788,0.9203294252185721
Zfp771,0.00939125767813588,0.00939125767813588,0.6991419242316224
Arpc3,0.03158598070534577,0.03158598070534577,0.19354762795997146
Hfe,-0.07292880195089675,0.07292880195089675,0.002654238898769619
Ormdl1,0.01665199468254842,0.01665199468254842,0.4931464157194089
Pex14,-0.11499132564925041,0.11499132564925041,2.055413739977429e-06
Osgin1,-0.29501474883938283,0.29501474883938283,2.089774680361203e-35
Gorasp2,-0.08713480014346545,0.08713480014346545,0.0003273701386293958
Pank1,-0.0638165199172192,0.0638165199172192,0.008566977128802231
1810043H04Rik,-0.021339990707185164,0.021339990707185164,0.3797881676174643
Srprb,-0.06521240714622516,0.06521240714622516,0.007220686560444768
Os9,-0.07745038806944671,0.07745038806944671,0.0014126876669013264
Ythdf2,-0.045661346860446816,0.045661346860446816,0.06010214428274244
Rnpep,-0.06345566509820894,0.06345566509820894,0.008949633778791637
Ptp4a2,-0.07089262825497454,0.07089262825497454,0.0034884227394323215
Iah1,0.07775923302130353,0.07775923302130353,0.001351500226058137
Fam195a,-0.04054298509879278,0.04054298509879278,0.09509408174235827
Ncor1,-0.048077947612423094,0.048077947612423094,0.04774218535514261
Tm9sf2,-0.18965514592855034,0.18965514592855034,3.372031188894956e-15
Mettl9,-0.03350346006290192,0.03350346006290192,0.1678556543843298
Prrc2a,-0.07543770776996987,0.07543770776996987,0.0018781385060899776
Tm2d1,-0.0268231693353244,0.0268231693353244,0.2695801566343391
Pgcp,-0.03760259736919441,0.03760259736919441,0.12162820558890332
Igtp,0.012245891100880292,0.012245891100880292,0.6142868606382741
Ndufb2,0.10281779613176029,0.10281779613176029,2.211207395241936e-05
Atg9a,-0.04387090551196632,0.04387090551196632,0.07087897769897847
Cox6a1,0.01536051127873143,0.01536051127873143,0.5272852893952267
Ppp2r4,-0.04589834681611967,0.04589834681611967,0.05878311353047649
Xdh,-0.08706920336134463,0.08706920336134463,0.0003307987185365651
Sra1,-0.010863330704362772,0.010863330704362772,0.6548297983698984
0610009B22Rik,0.03221608754055103,0.03221608754055103,0.18480468314457826
Hnrnpa2b1,-0.044703030777994104,0.044703030777994104,0.06568807805870487
Arfgef1,-0.09156020258179927,0.09156020258179927,0.0001594737057521906
Pum1,-0.041436534242332776,0.041436534242332776,0.08802009726293011
Rcc2,-0.13397717991025107,0.13397717991025107,3.0518437195326796e-08
Fabp1,0.17168519199444768,0.17168519199444768,1.0940113362609918e-12
Smarcd2,-0.05352917410116119,0.05352917410116119,0.027494712933965368
9530068E07Rik,-0.1126835378043399,0.1126835378043399,3.2874102261007343e-06
Faf1,-0.09716768490166026,0.09716768490166026,6.119694210738654e-05
Cops3,-0.04109054914349899,0.04109054914349899,0.09070715402210716
Mpzl2,0.008058580346852768,0.008058580346852768,0.7401661316099971
Pafah1b1,0.01651016513971837,0.01651016513971837,0.4968367988090155
Pabpn1,-0.06914004578600218,0.06914004578600218,0.004390219910776157
U2af2,-0.07175374174667168,0.07175374174667168,0.0031101823067351876
Fam20c,-0.05272980430423449,0.05272980430423449,0.029896726308627178
2410006H16Rik,-0.0961770308055519,0.0961770308055519,7.275504327961998e-05
Ppfibp2,-0.058140010111014884,0.058140010111014884,0.016637935763605678
Wbp2,0.038564101037361534,0.038564101037361534,0.11237987086831766
Cxcl12,0.10226160939061132,0.10226160939061132,2.4500642568987364e-05
Pon1,0.04266307210666065,0.04266307210666065,0.07900696321253571
Nr3c1,-0.03658996138923278,0.03658996138923278,0.1320003822331243
Gm4013,-0.05510029033356226,0.05510029033356226,0.023254962478554367
4931406C07Rik,0.05602814510040792,0.05602814510040792,0.021027424488333068
Cisd2,-0.02547267773707575,0.02547267773707575,0.2944424909506085
Dnaja3,-0.040008641107450095,0.040008641107450095,0.09953721174812363
Memo1,0.006461812651451668,0.006461812651451668,0.7903005840756342
Aox1,-0.1695378237366578,0.1695378237366578,2.09845795618127e-12
Psmc3,-0.07081744740892609,0.07081744740892609,0.003523354549852203
Ero1lb,-0.1634346426545371,0.1634346426545371,1.2766170442932087e-11
Sumo3,0.012215922023790883,0.012215922023790883,0.6151538997986755
D14Ertd449e,0.24236194493049965,0.24236194493049965,4.2780582413096485e-24
Cyp2c67,-0.001858785155236302,0.001858785155236302,0.939026814673213
Gstm6,0.04217075103517756,0.04217075103517756,0.08253029280718208
C8a,0.08270704781703389,0.08270704781703389,0.000651021428576268
Agtr1a,-0.026926727539480135,0.026926727539480135,0.26773491808637234
Ccdc91,-0.009458519711315765,0.009458519711315765,0.6970932904600641
Cggbp1,-0.03696663700459397,0.03696663700459397,0.1280649679602611
Yipf5,-0.07068381593174625,0.07068381593174625,0.003586230542916534
S100a10,0.13793874688579108,0.13793874688579108,1.1719166460548358e-08
Zfp706,0.02577918347124869,0.02577918347124869,0.2886692933136528
Rnf44,-0.0038302983189939036,0.0038302983189939036,0.8747518155348103
Vtn,-0.1647780617372414,0.1647780617372414,8.629064739656614e-12
Flad1,-0.03583997809607783,0.03583997809607783,0.1401140620325944
Matr3,-0.05238468140652271,0.05238468140652271,0.03098822604790536
Esd,0.1461892840866438,0.1461892840866438,1.461769828131705e-09
Sdhb,0.15346235680116443,0.15346235680116443,2.11192252184546e-10
Mpnd,-0.010293538983877481,0.010293538983877481,0.6718483935562121
Rps7,-0.08830265208213801,0.08830265208213801,0.00027162473426881663
1110002B05Rik,0.10455684012024552,0.10455684012024552,1.5991398455770054e-05
Atp5f1,0.031194796791525002,0.031194796791525002,0.19912597313550687
Pfn1,0.018160107132851044,0.018160107132851044,0.45482865076868073
Txnrd2,-0.11360985901534917,0.11360985901534917,2.725592786840986e-06
Ublcp1,-0.043136334133763485,0.043136334133763485,0.07573623510007921
Chdh,-0.09373438744187315,0.09373438744187315,0.00011068658240801249
Acacb,-0.08944591544772157,0.08944591544772157,0.0002257687666902224
Dpy30,-0.036034787529206844,0.036034787529206844,0.13797055479745005
St3gal4,-0.023884028754400186,0.023884028754400186,0.3255978240734763
Tmem5,-0.06072476838311108,0.06072476838311108,0.012375099992320948
Pxmp4,-0.025631203526274966,0.025631203526274966,0.29144698846961653
Mrpl54,-0.030210883476227288,0.030210883476227288,0.21367374640594272
Rnft1,-0.09388705578857373,0.09388705578857373,0.0001078527211104211
Coq9,-0.03588736802161168,0.03588736802161168,0.1395902846755611
Mbl2,-0.13981685179152092,0.13981685179152092,7.3735243108335805e-09
Serpina6,-0.10375678768511351,0.10375678768511351,1.8574172094851223e-05
Cyp2d40,-0.0828856539985262,0.0828856539985262,0.0006336088452502488
Tor1a,-0.022407970540226696,0.022407970540226696,0.3563970786959131
Cd81,-0.035647070721364804,0.035647070721364804,0.14226177316421476
Sord,0.07751617639470076,0.07751617639470076,0.0013994439027369416
Apoa5,-0.12180073300077401,0.12180073300077401,4.876612068410218e-07
Ndufs2,0.011950680286269394,0.011950680286269394,0.6228509516700629
9430023L20Rik,0.047132290550465444,0.047132290550465444,0.05229783449790068
Nae1,-0.033362248035575914,0.033362248035575914,0.1696557562454112
Srp72,-0.028492580658014036,0.028492580658014036,0.24088834895651542
Sos1,-0.045369472713058454,0.045369472713058454,0.06176017663941346
Pcx,-0.1369848686286799,0.1369848686286799,1.4793453230454348e-08
Grb7,-0.00352252869275416,0.00352252869275416,0.8847423701701002
Bcap31,-0.06590831352555163,0.06590831352555163,0.006623138412014767
Sirt3,0.057221900820614915,0.057221900820614915,0.01843635789541609
Syf2,0.0057505806149867784,0.0057505806149867784,0.8129277406183938
Aspg,-0.15474162928830507,0.15474162928830507,1.488234826233233e-10
Mrpl52,-0.010581427684050983,0.010581427684050983,0.6632280085291833
Mtpn,-0.06735667818291988,0.06735667818291988,0.005519755241851683
Irf6,-0.010516732418134767,0.010516732418134767,0.6651613827606994
Timm17b,0.026821018746361197,0.026821018746361197,0.2696185688063138
Hpgd,0.028383643493314674,0.028383643493314674,0.2426924133061045
Dnajb11,-0.05621452168905652,0.05621452168905652,0.020603101498977806
Arf1,-0.05819144786461878,0.05819144786461878,0.0165418948474067
Prune,-0.02223116365319125,0.02223116365319125,0.3602055828851766
Cops4,-0.04754514684131269,0.04754514684131269,0.050266103364367064
Mrps17,-0.029742445809422164,0.029742445809422164,0.22086296937021585
Ptprd,-0.07497103018177285,0.07497103018177285,0.002004475787077062
Gstm3,-0.3070691299931155,0.3070691299931155,2.3280326793820667e-38
Tapbp,-0.013800022717988074,0.013800022717988074,0.5700840271770347
Erp44,-0.04493583934955491,0.04493583934955491,0.06429318617832205
Pin4,0.0481341329447096,0.0481341329447096,0.04748234515202554
Lims2,-0.03670300083178617,0.03670300083178617,0.1308096647392662
Psmd9,0.044411806625759755,0.044411806625759755,0.0674679653115468
Qdpr,0.15658904964203646,0.15658904964203646,8.931363808770862e-11
Sept9,-0.07562881578022723,0.07562881578022723,0.0018285448218000517
Psmb4,0.020950135129650514,0.020950135129650514,0.3885566233098914
Guk1,-0.04107413831586226,0.04107413831586226,0.09083622674747052
Ubxn6,-0.09257901205410607,0.09257901205410607,0.00013452266043660927
1810031K17Rik,-0.04654629579788154,0.04654629579788154,0.05529903282190656
Dnm1l,-0.032693129125585085,0.032693129125585085,0.178382339068922
B2m,0.21743784571278893,0.21743784571278893,1.3457529928759767e-19
Gtf2h5,0.07332081176878248,0.07332081176878248,0.002516279555703893
Mrpl9,-0.012281081017891679,0.012281081017891679,0.6132694639163568
Nr2f6,-0.05881337964256224,0.05881337964256224,0.015418603691245933
Ndufv3,0.11001471240425917,0.11001471240425917,5.595274922157341e-06
Npm1,-0.03901386065739855,0.03901386065739855,0.10824842432442444
Mrap,-0.05233709206677235,0.05233709206677235,0.03114138289431218
Ptms,0.09372153653446763,0.09372153653446763,0.00011092829898704268
Acat3,0.03423042485387172,0.03423042485387172,0.15881483769857016
Dcun1d1,-0.04616841268010624,0.04616841268010624,0.05730942004318282
Ddx17,-0.09122200182630752,0.09122200182630752,0.00016867628356984985
Cbr1,-0.18283639680659602,0.18283639680659602,3.244764739340812e-14
F11r,-0.07655733728148467,0.07655733728148467,0.0016042614379716705
Mkln1,-0.08908585674909543,0.08908585674909543,0.0002393623896115748
Pam16,-0.06456934444599867,0.06456934444599867,0.0078153688052083
Hint3,0.1415874304054606,0.1415874304054606,4.737125516266266e-09
Vamp8,0.010062230937676222,0.010062230937676222,0.6788060023201229
2410001C21Rik,0.0829034623429282,0.0829034623429282,0.0006318966235291163
Chchd5,0.0038173360994515817,0.0038173360994515817,0.8751721933998622
Pcnp,0.04769252857903289,0.04769252857903289,0.04955701033330446
Prkcsh,-0.1025756684495999,0.1025756684495999,2.312333438624189e-05
Cd164,-0.1306855912856898,0.1306855912856898,6.620675595133192e-08
Nufip2,0.0008088787522783063,0.0008088787522783063,0.9734456317378207
Fam108a,-0.08502329579795179,0.08502329579795179,0.00045619481306088223
Hnrnpa3,-0.03884881983486756,0.03884881983486756,0.10975029827017725
Pi4k2a,-0.054327246606029445,0.054327246606029445,0.02526440341867598
Ube2e3,-0.039488293480915135,0.039488293480915135,0.10402146523049936
Kif1c,-0.1059841295503787,0.1059841295503787,1.2210280406539375e-05
Asgr2,-0.01695877881123932,0.01695877881123932,0.4852143883376168
Rwdd1,-0.06081855367277304,0.06081855367277304,0.01224050507180912
Dstn,0.09107447650762707,0.09107447650762707,0.00017284486793607567
Hccs,-0.04044237366807539,0.04044237366807539,0.09591832342299018
Slc20a2,-0.06132822263720479,0.06132822263720479,0.011531473855207561
Pcyt1a,-0.07046948383164586,0.07046948383164586,0.0036892096586949156
Pja1,-0.004420113986020111,0.004420113986020111,0.8556626832089765
Fyttd1,-0.006006924452138653,0.006006924452138653,0.80475334336773
Azin1,-0.07371166302911682,0.07371166302911682,0.002385282207095153
Serpina1a,0.24151376857541873,0.24151376857541873,6.210050619284246e-24
Dync1h1,-0.1090821905736262,0.1090821905736262,6.718771787969632e-06
Zadh2,-0.07271340004688792,0.07271340004688792,0.002732952456182685
Rnaseh2c,0.023041329323285765,0.023041329323285765,0.34296336177831493
Foxa2,-0.09297224375090948,0.09297224375090948,0.00012591437885706448
Slc25a3,-0.008099493020031602,0.008099493020031602,0.7388949478427742
Zc3h14,-0.004612860112376655,0.004612860112376655,0.8494422243564163
Rsl1d1,-0.05401863225654848,0.05401863225654848,0.026107592762920535
Azi2,-0.026803682257856877,0.026803682257856877,0.2699283569085297
Mrpl43,-0.040600423406700524,0.040600423406700524,0.094626076244193
Cops6,0.03477047780185685,0.03477047780185685,0.15234053978961654
Gpd2,-0.1268837363076212,0.1268837363076212,1.582078063381728e-07
Pecr,0.10837824797516485,0.10837824797516485,7.706485488986044e-06
Cks2,0.054238515942122326,0.054238515942122326,0.02550438514541343
Aldh4a1,0.024809939309142125,0.024809939309142125,0.30718825427398794
Slc25a1,-0.14402136837413043,0.14402136837413043,2.555382529800746e-09
Ptpn11,-0.11463892297362685,0.11463892297362685,2.209519565697644e-06
Bbox1,-0.05165376270295135,0.05165376270295135,0.03341312252884197
Pipox,0.032814835270173655,0.032814835270173655,0.17677071193245708
Ahsa2,-0.016842989836106357,0.016842989836106357,0.4882000241449281
Ftcd,0.05239517348290401,0.05239517348290401,0.030954546428187263
Calm2,0.07794395215373667,0.07794395215373667,0.0013160813124305823
Me1,-0.46073610844812457,0.46073610844812457,7.096479802995232e-90
Polr2l,0.0590276407996997,0.0590276407996997,0.015047459529375423
Kcmf1,-0.10718394304633311,0.10718394304633311,9.707012217096006e-06
H2afz,-0.053451563133918245,0.053451563133918245,0.02772039655779654
Cth,0.1610285181914169,0.1610285181914169,2.553768903021631e-11
Son,-0.0584488283743837,0.0584488283743837,0.016068603775574994
Hes6,-0.09925446283051723,0.09925446283051723,4.2280755872855215e-05
Akr1c14,-0.12539982437615,0.12539982437615,2.207749339675977e-07
Gadd45gip1,0.03981433848864438,0.03981433848864438,0.10119330332990731
Cltc,-0.10827136729348007,0.10827136729348007,7.868078000948263e-06
Fgfr1op2,-0.012342300628572283,0.012342300628572283,0.6115012806367621
Cnpy2,-0.10450999258867834,0.10450999258867834,1.6132689424142077e-05
Nudt4,-0.043339209769965054,0.043339209769965054,0.0743683747002345
0610012G03Rik,0.0229754355657601,0.0229754355657601,0.34434572504532485
Cyp4f13,-0.03564449937434428,0.03564449937434428,0.14229057056667466
Wdtc1,-0.07931362809713899,0.07931362809713899,0.0010789863021414775
Cdc34,-0.17582050597800292,0.17582050597800292,3.0477812780774384e-13
Rbfa,-0.05681257255529364,0.05681257255529364,0.01929149258031204
Usp4,-0.10682815354894079,0.10682815354894079,1.039303576751405e-05
Fmo1,-0.13755586571349515,0.13755586571349515,1.2870336632199154e-08
Cpt1a,-0.07786827741986373,0.07786827741986373,0.0013304867653418531
Bhmt2,0.004000284011590655,0.004000284011590655,0.8692423195085583
Magt1,-0.07142036461349603,0.07142036461349603,0.0032519474055332292
2900097C17Rik,-0.12905584632001138,0.12905584632001138,9.647390308310047e-08
Glt25d1,-0.09197470640255694,0.09197470640255694,0.00014883847827075453
Mark3,-0.04593944439313025,0.04593944439313025,0.058556845077129945
Tomm6,0.040139369042572454,0.040139369042572454,0.09843519186850734
Hras1,-0.1208553322482123,0.1208553322482123,5.983024516240298e-07
Derl1,-0.15402339320396552,0.15402339320396552,1.8120498886687382e-10
Cml1,0.0025289141872246335,0.0025289141872246335,0.9171134476824941
Acp5,-0.0334522752287479,0.0334522752287479,0.1685064706099239
Txnip,-0.09227920355519136,0.09227920355519136,0.00014145480677134732
Nfia,-0.1255867216920537,0.1255867216920537,2.117449031405375e-07
Cops2,-0.06427224553802567,0.06427224553802567,0.008104635635684209
Pik3r1,-0.07385399793505884,0.07385399793505884,0.002339148062976694
Wasl,-0.0766053537777015,0.0766053537777015,0.001593381868323896
Tysnd1,-0.02362718631445503,0.02362718631445503,0.3308289960146239
Stt3a,-0.14221259775257017,0.14221259775257017,4.046640815894852e-09
Nr2f2,-0.0600769632820309,0.0600769632820309,0.013341089810806894
Tmprss6,-0.15542154476713682,0.15542154476713682,1.2341449547512312e-10
2400001E08Rik,-0.07783500480752864,0.07783500480752864,0.0013368664321876502
Rabep1,0.00623722860896247,0.00623722860896247,0.7974274247386473
Lrpprc,-0.10762200643222927,0.10762200643222927,8.921615253177649e-06
Atf5,-0.1816479808207469,0.1816479808207469,4.772353759469343e-14
Eef2,-0.11162883168665845,0.11162883168665845,4.062165125168694e-06
Ebp,0.08343983362287577,0.08343983362287577,0.0005822975657020768
Ywhaq,-0.00320950857637365,0.00320950857637365,0.8949221675344886
Stbd1,-0.0390000996035057,0.0390000996035057,0.10837302580888622
Ugt2b34,-0.1631699785788529,0.1631699785788529,1.3784924023496095e-11
Rarres2,0.0991266343638344,0.0991266343638344,4.325838977183711e-05
Paqr9,-0.11344813356614095,0.11344813356614095,2.8165462291978728e-06
Mogs,-0.16633995085918463,0.16633995085918463,5.450367382802786e-12
Ube2d2,-0.008689512338834119,0.008689512338834119,0.7206434777181736
Taok1,-0.0661275982141441,0.0661275982141441,0.0064442722715293875
Ccs,0.04273434046374327,0.04273434046374327,0.07850720692525345
Tomm5,-0.07807968807720214,0.07807968807720214,0.0012906023356114174
Map2k2,-0.09394478967184962,0.09394478967184962,0.0001067989867003414
Sds,0.10490660500801147,0.10490660500801147,1.4973149448984393e-05
Spr,-0.0037685880573162488,0.0037685880573162488,0.8767534557434877
Trim28,-0.09061625178752132,0.09061625178752132,0.00018641855326424983
Pnrc1,0.22658384149771255,0.22658384149771255,3.468629578697559e-21
Scarb2,-0.0864466982735455,0.0864466982735455,0.0003650486018864753
Sec23a,-0.09937050463524048,0.09937050463524048,4.141143474239513e-05
Arl6ip1,-0.03208326371967097,0.03208326371967097,0.1866229341392249
Fam32a,-0.013216999519312135,0.013216999519312135,0.5864884022004027
Mrpl11,0.007448761907136435,0.007448761907136435,0.7591959072188138
Slc2a2,-0.16143082554847626,0.16143082554847626,2.2758769602181147e-11
Alad,0.022709431334437098,0.022709431334437098,0.34996219311123694
Phlda1,-0.009163571642210743,0.009163571642210743,0.7060928547349292
Nap1l1,-0.08361821998540984,0.08361821998540984,0.0005666212928438738
Epb4.1l4b,-0.10966451454918308,0.10966451454918308,5.994317868308157e-06
Lactb2,0.04353312738863245,0.04353312738863245,0.073079831179134
Tmem135,-0.11019170251978182,0.11019170251978182,5.403391288151953e-06
Pnpo,0.030061734438401776,0.030061734438401776,0.21594422979462558
Trim25,-0.060759243377244525,0.060759243377244525,0.012325472103920435
Ssb,0.05096001137666407,0.05096001137666407,0.035862948800352665
Tusc2,-0.036037324064519594,0.036037324064519594,0.1379428125389378
Psmc1,-0.03372967015835971,0.03372967015835971,0.16500195989001962
Glrx2,-0.032212165264833746,0.032212165264833746,0.1848581875892142
Ugt2b36,-0.12443127745108618,0.12443127745108618,2.7385477428640967e-07
Etfdh,0.040477122787200684,0.040477122787200684,0.09563300380097987
Ufc1,0.034249399265387205,0.034249399265387205,0.15858389534327144
Tmem160,-0.13390640192515232,0.13390640192515232,3.1037059841435744e-08
Chchd10,0.035670651273109935,0.035670651273109935,0.1419978949093169
Wwp1,0.04180844263690742,0.04180844263690742,0.08520361673066795
Cct8,-0.01291084658760609,0.01291084658760609,0.5951891932541873
Snw1,-0.052826660449000876,0.052826660449000876,0.02959640357786272
Tmem150a,-0.01228174148749972,0.01228174148749972,0.613250375790856
Cript,0.03076133154326325,0.03076133154326325,0.20544334953689555
Dync1i2,0.0193698230000107,0.0193698230000107,0.42534371575294483
Ehmt2,-0.053567185632190664,0.053567185632190664,0.027384758770859073
Ndufs6,0.05767944162991666,0.05767944162991666,0.017519905126634185
Mknk2,-0.09352642285905943,0.09352642285905943,0.00011465992168807992
Sec14l4,-0.010831213621865137,0.010831213621865137,0.6557844285130122
Ube2l6,0.020087880480565874,0.020087880480565874,0.4083827211744821
Aimp1,-0.03567890895745772,0.03567890895745772,0.14190557611010393
Habp4,-0.061998458793828516,0.061998458793828516,0.010654607905099216
Egln2,-0.038440095390548455,0.038440095390548455,0.11354055291269215
Fam134b,0.017874706848968226,0.017874706848968226,0.46194888657681427
Usp14,-0.09467378645826952,0.09467378645826952,9.430185755647103e-05
Plaa,-0.130734162059573,0.130734162059573,6.54634160917889e-08
Rnase4,0.007372051283702049,0.007372051283702049,0.7616003325533498
1110038D17Rik,-0.07596719983202134,0.07596719983202134,0.00174367103816364
Rps21,-0.07345423064567255,0.07345423064567255,0.002470841544581575
Slc6a9,-0.15536436691851158,0.15536436691851158,1.2537685885439436e-10
Dgat2,-0.2022555661642465,0.2022555661642465,4.0890263201851993e-17
S100a1,0.10902927460237735,0.10902927460237735,6.788599523948606e-06
Cpne3,-0.0034104536711894937,0.0034104536711894937,0.888385092406957
Fam82a2,-0.05811930736221156,0.05811930736221156,0.016676728324038544
Lman1,-0.12678592788684562,0.12678592788684562,1.617400944192999e-07
Aldh3a2,-0.0704306976513065,0.0704306976513065,0.003708129574100328
Pgrmc1,-0.07679062781557311,0.07679062781557311,0.0015520355551224656
C4b,-0.08206128455728467,0.08206128455728467,0.0007177562102698957
Pitpnb,0.0038512618537950537,0.0038512618537950537,0.8740720217280784
Grina,-0.13743793109260272,0.13743793109260272,1.3246518433163517e-08
Cyp2c50,0.04734833868299934,0.04734833868299934,0.05122623039102746
Canx,-0.1614634131365965,0.1614634131365965,2.2547090153974245e-11
Slc35d2,-0.017171225648760655,0.017171225648760655,0.47976220188332247
Sec61b,0.006668350204145239,0.006668350204145239,0.7837618371055858
Ndufa4,0.2055018995905734,0.2055018995905734,1.249809334020621e-17
Stom,-0.022077260982676906,0.022077260982676906,0.36354141909416837
Sars,-0.14275282493595665,0.14275282493595665,3.5296383890929666e-09
St3gal3,-0.06444466543132042,0.06444466543132042,0.007935616471066685
Ndufa12,0.09696583302542072,0.09696583302542072,6.34009990083208e-05
Hbs1l,-0.09504413093350367,0.09504413093350367,8.849461190758361e-05
Abat,0.16472892664923056,0.16472892664923056,8.754067382609574e-12
Azgp1,0.0368461178615056,0.0368461178615056,0.12931408122391794
St3gal1,-0.08551302298976288,0.08551302298976288,0.000422676902840641
Ahcyl1,-0.07973622250740896,0.07973622250740896,0.0010142225011311066
Acadm,-0.012504202219250957,0.012504202219250957,0.6068360479226481
Rnf103,-0.04223231477467898,0.04223231477467898,0.08208286499377491
Eif3c,-0.12395480147779882,0.12395480147779882,3.042950201049576e-07
Pfdn2,0.022662559445273844,0.022662559445273844,0.35095784074475217
Naa10,0.03779293752562087,0.03779293752562087,0.11975167984228316
Timm8a1,-0.058724528614961774,0.058724528614961774,0.015574858029061838
H2-K1,-0.008602161156671381,0.008602161156671381,0.7233358549848069
Nudt19,0.022253894056880472,0.022253894056880472,0.35971453425085814
Atp5h,0.1496348211112739,0.1496348211112739,5.914558196786623e-10
Ppp2r5c,-0.0677237169033963,0.0677237169033963,0.0052678613726272645
Oaz1,0.12291125591636134,0.12291125591636134,3.8278475024935916e-07
Sult1a1,0.28208119718694674,0.28208119718694674,2.1596796219819124e-32
BC004004,-0.08655807871732264,0.08655807871732264,0.00035868680195333565
Myeov2,0.021120759099486363,0.021120759099486363,0.38470397062216866
Isca1,0.0011654824227018776,0.0011654824227018776,0.9617464216567063
C1d,0.015291381278116483,0.015291381278116483,0.5291460448888846
Srxn1,-0.12038394878391269,0.12038394878391269,6.621398466661983e-07
Ctdsp1,0.0185821348517207,0.0185821348517207,0.4444138936428595
Mup3,0.17418001690560178,0.17418001690560178,5.079156357145491e-13
Rfk,-0.00898515092668574,0.00898515092668574,0.7115569917941466
Etnk1,-0.05821741420252115,0.05821741420252115,0.016493597380311316
Rdh7,-0.12332435770343517,0.12332435770343517,3.4962314795103966e-07
Ap2s1,-0.0016786252334278148,0.0016786252334278148,0.944926658023997
Gpx1,0.06677373738829633,0.06677373738829633,0.005942199538814633
Chmp1a,-0.02165087868604783,0.02165087868604783,0.3728836694400687
Skp1a,0.056274054456365234,0.056274054456365234,0.020469144653952623
Tmem14c,-0.02086753354404514,0.02086753354404514,0.39043015241561485
Rab8a,-0.004533775389506024,0.004533775389506024,0.851993400654277
2010011I20Rik,-0.011009189245648952,0.011009189245648952,0.6505014907006291
Mtus1,-0.07866717931006201,0.07866717931006201,0.0011854840487570142
Pih1d1,-0.069683309825505,0.069683309825505,0.004090344242905764
Dram2,-0.012013808304344446,0.012013808304344446,0.6210152592778724
Rbm7,0.019577021496743,0.019577021496743,0.42040784126006087
Ttc36,0.2215357894056184,0.2215357894056184,2.6658342011269048e-20
Rps9,0.014930030340526234,0.014930030340526234,0.538926456265435
Eif4ebp1,-0.12684716480018687,0.12684716480018687,1.5951975005557334e-07
Fech,-0.014000042090409538,0.014000042090409538,0.5645069221155322
Fam120a,-0.06358825986463756,0.06358825986463756,0.008807290640092514
Ppp1r15b,-0.14766383767426405,0.14766383767426405,9.950063572367593e-10
Htatip2,-0.12289867215296764,0.12289867215296764,3.838410600161425e-07
Picalm,-0.07336701491463174,0.07336701491463174,0.002500458578071483
Pah,0.036843821746567765,0.036843821746567765,0.1293379706143999
Selenbp1,0.11882171534370131,0.11882171534370131,9.240311986355052e-07
Usmg5,0.1307912227044793,0.1307912227044793,6.460046195699475e-08
Ddah1,0.03157589795911045,0.03157589795911045,0.19368995488310412
Tmed2,-0.09748252575309602,0.09748252575309602,5.7903265649819976e-05
Camk2n1,-0.03845220120157587,0.03845220120157587,0.11342682969499787
Tor1aip2,-0.02932541520294178,0.02932541520294178,0.22740761384832084
Epn1,-0.12404860274207809,0.12404860274207809,2.98055317149695e-07
Bmp1,-0.013951655083648314,0.013951655083648314,0.5658536803582709
Usf2,-0.037220362279379166,0.037220362279379166,0.12546590376918063
Slc25a16,-0.0924535631553581,0.0924535631553581,0.0001373834407860395
Yme1l1,-0.07858855699615613,0.07858855699615613,0.0011990783287435258
Rn45s,0.061177687471212466,0.061177687471212466,0.011737004000572038
Afg3l2,-0.07853823237946637,0.07853823237946637,0.0012078551357326442
Rpl15,-0.02737875209369536,0.02737875209369536,0.25978224394537675
Rabac1,-0.036305815875829484,0.036305815875829484,0.13503052171591162
Fam162a,-0.038782055910630456,0.038782055910630456,0.11036250577277361
Ttc39c,0.11208104108536812,0.11208104108536812,3.7106830539975907e-06
Slc27a2,-0.08915443333913692,0.08915443333913692,0.00023671560883705063
Ctsz,-0.1452889688898889,0.1452889688898889,1.8452537310834867e-09
Cs,-0.10735474585087444,0.10735474585087444,9.393239211187044e-06
Maged1,-0.08354179108776282,0.08354179108776282,0.0005732890235557908
Cyp2j5,-0.027225479443890224,0.027225479443890224,0.2624603244172536
Tufm,-0.10844786762630394,0.10844786762630394,7.602938159766234e-06
Ndufa8,-0.07057355911831498,0.07057355911831498,0.003638874236388126
Tmem97,-0.12057824348025101,0.12057824348025101,6.350704744084675e-07
St3gal5,-0.150476345979085,0.150476345979085,4.726724019046779e-10
C1s,-0.03754431820429701,0.03754431820429701,0.12220733917050666
Rpl28,-0.017283522261560026,0.017283522261560026,0.47689379209489985
Got2,0.010202820479593068,0.010202820479593068,0.6745738464849459
Cyp3a13,-0.023003902549918298,0.023003902549918298,0.34374809033730247
Rab14,-0.02110738022348802,0.02110738022348802,0.38500521680796707
Nars,-0.14982727512515726,0.14982727512515726,5.619582388377217e-10
Hnrnpf,-0.02237755054183551,0.02237755054183551,0.3570505275154213
Atp2a2,-0.1447735096597375,0.1447735096597375,2.1071894709731924e-09
Hpx,-0.06377269621522814,0.06377269621522814,0.00861265551550015
Nucks1,-0.016206690704675945,0.016206690704675945,0.5047822945929554
Malat1,-0.17340909709202537,0.17340909709202537,6.445976261960395e-13
Ndufb5,0.008231014578881275,0.008231014578881275,0.734813329473502
Ndufa1,-0.010281105710031019,0.010281105710031019,0.6722216722007673
Tm4sf4,-0.03524423734754244,0.03524423734754244,0.14682800218745012
Eny2,0.05656130235319665,0.05656130235319665,0.019833409412585334
Atp6ap2,-0.12220417814526516,0.12220417814526516,4.467035390436563e-07
Hectd1,-0.11697066951748578,0.11697066951748578,1.3640661414905402e-06
8430408G22Rik,0.10299007435759155,0.10299007435759155,2.141830570021732e-05
Plin2,-0.07679148964850932,0.07679148964850932,0.0015518455539690538
Psma3,0.0869997023971259,0.0869997023971259,0.0003344679706447009
Rps28,0.08099110792998734,0.08099110792998734,0.0008424891975753103
Krtcap2,-0.13691197312840342,0.13691197312840342,1.5058190876908606e-08
Hpd,0.2401458765078352,0.2401458765078352,1.1292642071488267e-23
Prpf8,-0.06863946728013395,0.06863946728013395,0.004684011854577277
Tram1,-0.022417800067426774,0.022417800067426774,0.3561860927342179
Mdh1,0.14691846826453972,0.14691846826453972,1.2091435660213866e-09
Rps15a-ps4,0.00836107475715235,0.00836107475715235,0.7307844088061017
Fth1,-0.09706031255377956,0.09706031255377956,6.236017448519438e-05
Ssr4,-0.08317526921738308,0.08317526921738308,0.0006062912178234176
Tmco1,-0.08282951007352331,0.08282951007352331,0.000639035192254136
Mug2,0.00038659193951409883,0.00038659193951409883,0.9873069157481972
Tob1,0.033788780524115214,0.033788780524115214,0.16426231667247826
Pid1,0.08032529272098098,0.08032529272098098,0.0009299308660085572
Rnf5,-0.008983523195119691,0.008983523195119691,0.7116069098074137
Serpinf1,-0.022108609198478728,0.022108609198478728,0.36286038605839077
Gsta3,0.17507993034264663,0.17507993034264663,3.8404350581157853e-13
Mug1,-0.11716381090695668,0.11716381090695668,1.3101013105979153e-06
Gbe1,-0.2285496275096362,0.2285496275096362,1.546683572729448e-21
Rps24,0.034493846310914456,0.034493846310914456,0.15563134230312076
Serpind1,-0.08456533746861189,0.08456533746861189,0.0004897654862321
Tmem70,-0.02415038836667982,0.02415038836667982,0.32022990099093684
Impa1,-0.07661525812496421,0.07661525812496421,0.0015911462026766436
2410015M20Rik,0.09230346724186292,0.09230346724186292,0.00014088151717934724
Timm23,-0.045197989213114964,0.045197989213114964,0.06275183103058082
Nadk,-0.09042607678686629,0.09042607678686629,0.00019234078149026762
Rgs16,-0.2988717162721689,0.2988717162721689,2.457284691049966e-36
Pemt,-0.11874413058561092,0.11874413058561092,9.393498979787934e-07
Hspe1,0.0146274774264182,0.0146274774264182,0.5471844814130077
Xbp1,-0.10863666603868896,0.10863666603868896,7.328779800501601e-06
Yif1a,-0.09127035465592528,0.09127035465592528,0.00016733067825100068
Lypla1,0.03711997421319922,0.03711997421319922,0.12648928707554014
Txndc15,-0.01560705434128218,0.01560705434128218,0.520676416505637
Mosc2,-0.02840676790241695,0.02840676790241695,0.2423086679452794
Rps3a,-0.03314969109073636,0.03314969109073636,0.1723925386152415
Ncl,-0.08241441844356287,0.08241441844356287,0.0006805141917301008
Serp1,-0.08078706758381085,0.08078706758381085,0.0008684406714316887
Ech1,0.1094217624285594,0.1094217624285594,6.286745458717358e-06
Pdia4,-0.07996857113931305,0.07996857113931305,0.0009801649834210479
Hsd17b11,-0.077224463334718,0.077224463334718,0.0014590522515744758
Mrpl30,-0.030966591506885018,0.030966591506885018,0.20243395596437702
Cox7a2,0.05096142984394459,0.05096142984394459,0.03585778771816764
Rpl31,0.0005349808048273775,0.0005349808048273775,0.9824354988223621
1810027O10Rik,0.07706954793915206,0.07706954793915206,0.0014916496198667955
Gng5,-0.013996458668070368,0.013996458668070368,0.5646066068457164
Cnbp,0.08878935446965215,0.08878935446965215,0.0002511286762601104
Tubb2a,-0.024947205841873626,0.024947205841873626,0.30451882122070056
H13,-0.1470699341382738,0.1470699341382738,1.1622788856102193e-09
Abcb11,-0.2465253863705235,0.2465253863705235,6.724601204866836e-25
Ebpl,0.06673347697513918,0.06673347697513918,0.005972422951972359
Psmb6,0.0071750779560783625,0.0071750779560783625,0.7677847756837938
Dnajc19,0.08909892353951684,0.08909892353951684,0.00023885593430264827
Rpl39,0.009327687991545963,0.009327687991545963,0.7010801123849713
Pdia6,-0.10571300325836608,0.10571300325836608,1.2855703737036833e-05
Rp9,-0.0651695311012431,0.0651695311012431,0.007259036532406859
Ppp1cb,-0.021946245773517732,0.021946245773517732,0.36639633379468295
Prdx5,0.1206565864674982,0.1206565864674982,6.244598646746478e-07
Rpl4,0.01947937346462807,0.01947937346462807,0.4227298088839121
Acly,-0.14334702715651512,0.14334702715651512,3.035128481204991e-09
Rplp2,-0.01624117761900448,0.01624117761900448,0.5038760086788905
Rps11,-0.04919685798969775,0.04919685798969775,0.04278697078788389
Copb2,-0.05893254600404933,0.05893254600404933,0.015211201633104717
Serinc1,-0.1069155130682021,0.1069155130682021,1.0220429516369713e-05
Tmem205,-0.09302559996641664,0.09302559996641664,0.00012478714225668723
Cnih,-0.016204778047251553,0.016204778047251553,0.5048325826679838
Rpl19,0.04082228930487712,0.04082228930487712,0.09283561517709239
Mmadhc,-0.0983090229469138,0.0983090229469138,5.003673986167252e-05
Rps4x,-0.01191905618311543,0.01191905618311543,0.6237714275552975
Rpl29,-0.03414770064048339,0.03414770064048339,0.15982466719635974
Aldh1a7,-0.019095696436847606,0.019095696436847606,0.431925626993703
Nedd4,-0.1956374701376612,0.1956374701376612,4.307716892715095e-16
Rpl9,0.013791629112659931,0.013791629112659931,0.5703186372873695
Cisd1,0.08113380449789681,0.08113380449789681,0.0008247689885955926
Hsbp1,0.047946291944677866,0.047946291944677866,0.048355733579586994
Tmbim6,-0.03462724269010856,0.03462724269010856,0.1540377939269619
Herpud1,-0.20386696167810325,0.20386696167810325,2.2760643546468134e-17
Nipsnap1,0.10163669634159953,0.10163669634159953,2.7476516926984764e-05
Gcat,0.06604088359355936,0.06604088359355936,0.0065144780508869845
Txn2,0.022357913687258625,0.022357913687258625,0.35747274491922215
Krt8,0.012835582246425397,0.012835582246425397,0.5973371680937332
Comt,0.10410366226511428,0.10410366226511428,1.7409050612818233e-05
Sepp1,-0.08911578042842769,0.08911578042842769,0.0002382040624383417
Alkbh5,-0.05267566343795717,0.05267566343795717,0.030065739110312018
Agpat3,-0.1376055513814604,0.1376055513814604,1.2714975435508902e-08
Vcp,-0.07602876428257499,0.07602876428257499,0.0017286241651769476
Bsg,-0.11184070118457107,0.11184070118457107,3.893693083685358e-06
Rps2,0.07801941299514278,0.07801941299514278,0.0013018598900554062
Acsm1,-0.10984586499097787,0.10984586499097787,5.784392602336537e-06
Aco1,-0.14715447518012287,0.14715447518012287,1.136895625402888e-09
D17Wsu104e,-0.10361495836193313,0.10361495836193313,1.9071626187918718e-05
Dpm3,-0.07010681823559932,0.07010681823559932,0.003869591795434934
Prpf19,-0.08209500579417507,0.08209500579417507,0.0007141198694523806
Ppp2ca,-0.09597388640877791,0.09597388640877791,7.536721996689898e-05
2010107E04Rik,0.10603646910070202,0.10603646910070202,1.2089295516929265e-05
Immt,-0.10631797386722097,0.10631797386722097,1.1457947661544813e-05
Kdelr2,-0.0844544759514107,0.0844544759514107,0.0004982312421199643
Cmpk1,0.04586726401283153,0.04586726401283153,0.058954725578659356
Agpat6,-0.016284899618653332,0.016284899618653332,0.5027282673598854
C3,-0.2167445221698256,0.2167445221698256,1.7641237679095394e-19
Eef1b2,-0.0786907850519622,0.0786907850519622,0.001181430328375152
Nfib,-0.045689545313369245,0.045689545313369245,0.05994393097212669
Nono,-0.10161085188666752,0.10161085188666752,2.7606699237124873e-05
Tmem106b,-0.12460680556248413,0.12460680556248413,2.6339937741526034e-07
Sod2,0.05404250035222695,0.05404250035222695,0.026041524646592967
March5,-0.0584195013600247,0.0584195013600247,0.016121925328779294
Rps17,0.003675096710152377,0.003675096710152377,0.8797874471422218
Aamp,-0.07072835892695384,0.07072835892695384,0.00356515986153674
Ddx5,-0.10484589640780634,0.10484589640780634,1.5145339765206926e-05
Fn1,-0.1487229351806887,0.1487229351806887,7.530247673957058e-10
Tomm20,-0.12609855299639208,0.12609855299639208,1.8880356379630587e-07
Mrpl14,-0.04003075181850392,0.04003075181850392,0.09935013337075456
Inmt,0.03226078373346699,0.03226078373346699,0.18419578302177203
Tmem93,-0.08539107668998924,0.08539107668998924,0.0004308013397540747
Cald1,-0.02304836862223169,0.02304836862223169,0.3428158964326888
Pomp,0.07594437381241383,0.07594437381241383,0.00174928041962333
Cd1d1,-0.040112398544578626,0.040112398544578626,0.09866174912917798
Eif4a1,-0.07114734781268214,0.07114734781268214,0.0033723986488587983
Tcf25,-0.03859272980195553,0.03859272980195553,0.11211324075957353
Pebp1,0.013788718723827555,0.013788718723827555,0.570399996454146
Nme1,-0.03334490884969042,0.03334490884969042,0.1698777808023536
Cct4,-0.14630917873013632,0.14630917873013632,1.41696257509277e-09
Dnajc3,-0.19307166695537192,0.19307166695537192,1.0497591555370942e-15
Atp6v1e1,-0.007138435021542881,0.007138435021542881,0.7689369118388573
Sar1b,-0.034247508027429575,0.034247508027429575,0.15860690267485375
Fau,0.06769597375046082,0.06769597375046082,0.00528653225181983
Hsd11b1,-0.056531338259448595,0.056531338259448595,0.019898911215869713
Cat,0.13407734116564418,0.13407734116564418,2.9798840823272766e-08
Hspa5,-0.10407735756499903,0.10407735756499903,1.7494909050722154e-05
Apoe,0.08270603835028328,0.08270603835028328,0.000651121094554773
Ugp2,-0.17374191846246134,0.17374191846246134,5.816540424033783e-13
Rps18,-0.06513660582118179,0.06513660582118179,0.007288610015342785
Glud1,0.09909800727245797,0.09909800727245797,4.348024747364076e-05
Cox6b1,0.14809845529208923,0.14809845529208923,8.87705868870498e-10
Ptma,0.011202855348170815,0.011202855348170815,0.6447726799818979
Actb,0.11886240426015568,0.11886240426015568,9.160937394299992e-07
Eif3h,-0.03407491438160104,0.03407491438160104,0.16071718781898997
Atp5g2,0.021269632928526277,0.021269632928526277,0.3813615703894346
Apoc1,0.23529579948375745,0.23529579948375745,9.131069592970129e-23
Apoc4,0.14933921781012163,0.14933921781012163,6.397249857930361e-10
Rpl18,-0.0629389772091475,0.0629389772091475,0.009524091886131587
