,Pearson Correlation,Absolute Correlation,P-values
Rps4x,-0.15266371190887354,0.15266371190887354,2.373342270251783e-05
Rpl27a,-0.21243269404258325,0.21243269404258325,3.331713481473059e-09
Rpl13,-0.15710156964780359,0.15710156964780359,1.3557520550171924e-05
H3f3b,-0.14508789094755314,0.14508789094755314,5.9578580071745775e-05
Cd74,-0.06750377126624434,0.06750377126624434,0.06288419386105772
H2-Eb1,0.019843804244509107,0.019843804244509107,0.5849220955900211
H2-Ab1,0.007684665109841368,0.007684665109841368,0.8324924383878828
Sec61g,0.037736525514475816,0.037736525514475816,0.29881313434491685
Arpc5,-0.0603479865948115,0.0603479865948115,0.09642134152714278
Ubb,0.14336863790189983,0.14336863790189983,7.296553144377982e-05
Jund,0.061560406353756564,0.061560406353756564,0.08990129912566389
Krtcap2,0.04172924238244539,0.04172924238244539,0.25055482674796486
Gnas,-0.05428660325464537,0.05428660325464537,0.13485763200925785
Gm1821,0.12426284819862574,0.12426284819862574,0.0005961341148154239
Psma7,0.020573105837141347,0.020573105837141347,0.5711981630834235
Cdc42,0.006053335777506095,0.006053335777506095,0.867680231754343
Eif3m,0.03312296426626724,0.03312296426626724,0.36182961545913395
Rpl9,-0.21648237317178598,0.21648237317178598,1.6413338199849302e-09
Rpl8,-0.15181623450070494,0.15181623450070494,2.6365685736732547e-05
Tmsb4x,-0.1141544659865692,0.1141544659865692,0.0016207240622838426
Ftl1,-0.11404306116252275,0.11404306116252275,0.0016379959175005846
Cox8a,0.02102569970085846,0.02102569970085846,0.5627589238943445
Nme2,-0.03821214129452936,0.03821214129452936,0.2927599291301437
Slc25a5,-0.010156922573297294,0.010156922573297294,0.7798201972329435
Rpl31-ps12,-0.003425825876844239,0.003425825876844239,0.9248801230275097
Cd53,-0.037681870221777616,0.037681870221777616,0.29951404067793996
Rpl21,-0.16983602069311876,0.16983602069311876,2.494272634563972e-06
Fth1,-0.02146554240010025,0.02146554240010025,0.5546154278004436
Raly,-0.010103804386424007,0.010103804386424007,0.780942284490115
Nhp2l1,-0.02627096978937222,0.02627096978937222,0.4695733682214084
Atp5d,0.1170501525939446,0.1170501525939446,0.001226447559250636
3110003A17Rik,-0.04372414234582852,0.04372414234582852,0.22859607417257763
H2-DMa,0.03245281603572502,0.03245281603572502,0.37162954920480057
Cd37,-0.0527115702042824,0.0527115702042824,0.14656411994200916
2310036O22Rik,-0.07857432050760453,0.07857432050760453,0.030316645721375695
Cd81,0.09980211962374012,0.09980211962374012,0.005892508711502594
Srp9,0.04251639617015619,0.04251639617015619,0.24172087586792745
2310003F16Rik,-0.04745267798915292,0.04745267798915292,0.19129321337241514
Gltscr2,-0.05375045615089197,0.05375045615089197,0.13875876790374123
Uqcr11,0.04985538595048242,0.04985538595048242,0.16974931260317927
Cox7a2,0.003709958733422521,0.003709958733422521,0.9186705462307965
Pole4,0.08878136461405878,0.08878136461405878,0.014351578744632687
Scd1,-0.06178708366141747,0.06178708366141747,0.08872252575521056
Cfl1,-0.12644041955264101,0.12644041955264101,0.0004758116694011983
Rps15a-ps4,-0.006365347638880372,0.006365347638880372,0.8609276220545189
Nap1l1,0.005753527779821948,0.005753527779821948,0.8741778197461706
Cox7a2l,-0.08521521445075561,0.08521521445075561,0.018792098877168515
Rps2,-0.18031711813688286,0.18031711813688286,5.618504048214301e-07
Rpl36a,-0.1181490668102914,0.1181490668102914,0.001101540713389334
Scand1,-0.07452814435604993,0.07452814435604993,0.03996847442798893
Pgam1,0.05911433859375434,0.05911433859375434,0.10343762391153712
Pcbp1,-0.039824037011819476,0.039824037011819476,0.2728596496645191
Rps3,-0.19122887196680383,0.19122887196680383,1.0828719052080904e-07
Tbca,0.014854403740927098,0.014854403740927098,0.6826452188877006
Chmp2a,0.048093352483586795,0.048093352483586795,0.18536148544994144
Rps18,-0.16064019434871513,0.16064019434871513,8.579550887580067e-06
Mif,0.02744170979869111,0.02744170979869111,0.4500013463690929
Rtn3,0.1207851039663717,0.1207851039663717,0.0008482287070824868
Atp5b,-0.0217265492701649,0.0217265492701649,0.549810344667453
Rps29,-0.09894451827421157,0.09894451827421157,0.006334897085420098
Chmp4b,0.018598418708364883,0.018598418708364883,0.6087046449365937
Shfm1,0.07032072346644559,0.07032072346644559,0.052645552838730576
Cd97,0.13017739419540336,0.13017739419540336,0.00032047948432124525
Gnb1,-0.00047988335481120365,0.00047988335481120365,0.9894620893428713
Jtb,0.0330999736318519,0.0330999736318519,0.36216311866649403
Rpl37a,-0.13998565881106342,0.13998565881106342,0.00010800526687430782
Cct7,0.08346494497657997,0.08346494497657997,0.021380398623998355
Rpl17,-0.1695579080521548,0.1695579080521548,2.59178306963711e-06
Eif4a1,0.10575197519465067,0.10575197519465067,0.0035141508767483594
Itm2b,0.07054629521043701,0.07054629521043701,0.051889596146324296
Tra2b,0.04829878392248598,0.04829878392248598,0.18348853347973648
Rab10,0.07473025440928174,0.07473025440928174,0.03943100335802293
Cdv3,0.08790107826645067,0.08790107826645067,0.015351864478951259
Tmem134,0.04740241862025356,0.04740241862025356,0.1917643730699211
Eif3f,-0.1620153567044206,0.1620153567044206,7.1628193356482705e-06
Tspan13,0.10132774057031928,0.10132774057031928,0.005173709326010116
Eif1b,-0.013549916704565467,0.013549916704565467,0.7091873720017503
Rrp1,0.07305355280488614,0.07305355280488614,0.04408063717570758
2700060E02Rik,0.023446709281843094,0.023446709281843094,0.5186641408343666
Cox6c,0.05927911811393918,0.05927911811393918,0.10247765925786667
Sh3bgrl3,-0.11625569675423071,0.11625569675423071,0.0013247413171730037
Rpl14,-0.057709234368980976,0.057709234368980976,0.11191595262554196
Rps12,-0.19622102098719502,0.19622102098719502,4.9349293011242183e-08
Rps27l,0.029301722391658708,0.029301722391658708,0.4198760352279613
Cd24a,-0.08112494767504382,0.08112494767504382,0.025321230912373524
Tmem14c,0.017451737527110614,0.017451737527110614,0.630974358757915
Cggbp1,0.064611851252594,0.064611851252594,0.07505070907095164
Apobec3,-0.12451155308465647,0.12451155308465647,0.0005810851374230021
Rps14,-0.16348362948721057,0.16348362948721057,5.897658776768296e-06
Pafah1b1,0.12779331993794293,0.12779331993794293,0.0004128819371943003
Hbxip,0.007499786537936643,0.007499786537936643,0.8364648532763266
Capza1,-0.021818984186734378,0.021818984186734378,0.5481135598029041
Paip2,-0.07367723315372653,0.07367723315372653,0.04229982751419579
Vasp,-0.08351061049513621,0.08351061049513621,0.02130911974494097
Atp6v1f,0.0023867972268727757,0.0023867972268727757,0.9476236408802178
Ppp2ca,0.02950969233718112,0.02950969233718112,0.41658282775462796
Nsa2,-0.11832399127493505,0.11832399127493505,0.001082777366618622
Vim,0.011738204356648805,0.011738204356648805,0.7466358281608896
Pou2af1,-0.04646403303714949,0.04646403303714949,0.20071832693842187
Ypel3,-0.03425314949229916,0.03425314949229916,0.3456724104482644
Rps17,-0.1867067361836138,0.1867067361836138,2.167913597083443e-07
Stt3b,0.049029270973310314,0.049029270973310314,0.17694188320721949
Dynll1,0.12813840131052984,0.12813840131052984,0.0003981214232194265
Rpl37,-0.14962866409912198,0.14962866409912198,3.45004839420734e-05
Hprt,0.11710549017017896,0.11710549017017896,0.0012198578632577647
Gimap1,-0.08733480436476185,0.08733480436476185,0.016027248877195387
Junb,0.03786681303764394,0.03786681303764394,0.29714672120855734
Atp5e,-0.01259007484537268,0.01259007484537268,0.7289468092826797
Rpl36al,-0.02063310741515733,0.02063310741515733,0.570075901971118
Gtf2h5,0.07303257665007179,0.07303257665007179,0.04414161244503856
Eif1,-0.02335247935152945,0.02335247935152945,0.5203464641397705
Arpc1b,-0.11131837706053148,0.11131837706053148,0.0021167620151814177
M6pr,-0.048099394119864254,0.048099394119864254,0.18530620221107838
Rpl13a,-0.15590521397212584,0.15590521397212584,1.579050965890627e-05
Clta,-0.06519540412466293,0.06519540412466293,0.0724521869600777
Ly6d,-0.20341305107540106,0.20341305107540106,1.5338429463491008e-08
Rpl39,-0.15761558372549234,0.15761558372549234,1.2693482099753466e-05
Lsm6,-0.11367437801932105,0.11367437801932105,0.0016963679384893256
Cwc15,-0.016081199876182395,0.016081199876182395,0.6580355539051288
Psmb8,0.0729342053741833,0.0729342053741833,0.04442851519703711
Polr2j,0.08232925838129744,0.08232925838129744,0.02322096763504597
Plekhj1,-0.06795585218612821,0.06795585218612821,0.06113816629514285
Arhgap30,-0.04304637797871056,0.04304637797871056,0.23589771023920253
Aprt,0.07803779198625388,0.07803779198625388,0.03146881659128817
Syk,0.0995824430259858,0.0995824430259858,0.00600309783539111
Rpl31,-0.17245778338850237,0.17245778338850237,1.7322844577247194e-06
Psmb1,-0.025645193551655607,0.025645193551655607,0.4802244500642184
S100a13,0.021747524342597836,0.021747524342597836,0.5494250885017652
Kctd12,0.08815615299096732,0.08815615299096732,0.015055898903839729
Eif4e,0.08107960778472523,0.08107960778472523,0.02540340745923303
Cox5b,-0.05620453492653128,0.05620453492653128,0.12159205890865697
Ctsh,-0.007638695438025553,0.007638695438025553,0.8334797765259153
Minos1,0.011515125051202654,0.011515125051202654,0.7512905862179083
Sec62,0.06870539125499439,0.06870539125499439,0.05833170109254467
Mif4gd,-0.03595264666139848,0.03595264666139848,0.3222549316543698
Atp6v1g1,0.08702952951137101,0.08702952951137101,0.016402050458241977
Llph,-0.05954201951692989,0.05954201951692989,0.10096072239090205
Plekha2,0.036096390285111815,0.036096390285111815,0.32032280276992975
Elf1,0.033581936041346475,0.033581936041346475,0.3552119876269931
Ncor1,-0.009949689599482458,0.009949689599482458,0.7842004289878527
Ranbp1,0.0025926361183718754,0.0025926361183718754,0.9431140132329201
Sin3b,-0.0352776860311845,0.0352776860311845,0.3314286647799437
Fcrl1,-0.17855534838234524,0.17855534838234524,7.263056110020776e-07
Gna13,0.08111992204132208,0.08111992204132208,0.02533032832257586
Denr,0.0700445986857816,0.0700445986857816,0.05358341256890774
Rap1b,0.006617006696170706,0.006617006696170706,0.855488536071467
2310044H10Rik,-0.05162645557412848,0.05162645557412848,0.15507015538617017
Eny2,0.03438189764187379,0.03438189764187379,0.34386138491522417
Kdm6b,0.12653041593174455,0.12653041593174455,0.00047136284742769525
Sf3b1,0.04964649257627047,0.04964649257627047,0.17154703700052157
Jhdm1d,0.02825409047369779,0.02825409047369779,0.4366959347960242
Shisa5,-0.08376811929486905,0.08376811929486905,0.020911030774796835
Sepw1,-0.00045561368695854984,0.00045561368695854984,0.9899950060490816
Rpl5,-0.19981004756174062,0.19981004756174062,2.7692755839327677e-08
Ndufs2,-0.030627156852400417,0.030627156852400417,0.3991498778828262
Arid5a,0.039245659039747964,0.039245659039747964,0.2798912683906067
Atp5h,0.0443178005942126,0.0443178005942126,0.22233370985762857
Gpcpd1,-0.13077470624774937,0.13077470624774937,0.0003005675126437702
Tomm5,0.0531505648579757,0.0531505648579757,0.14322592192808234
Slc50a1,-0.004501723599827324,0.004501723599827324,0.9013942075379782
Csde1,-0.007368376312046453,0.007368376312046453,0.8392909533313857
Nucks1,-0.0042513995800791595,0.0042513995800791595,0.9068516434528732
Sp110,-0.018956569946162773,0.018956569946162773,0.6018212396582556
Ppp1r15a,0.09377895846372766,0.09377895846372766,0.009688454210186123
Atp5g2,-0.1698392614421503,0.1698392614421503,2.4931573681929694e-06
Plp2,0.02937110758303685,0.02937110758303685,0.41877562587860007
Gpx1,-0.06875429112642187,0.06875429112642187,0.05815238112289782
Txnip,0.14739945374072339,0.14739945374072339,4.520358833166503e-05
Ncl,0.09192596608974059,0.09192596608974059,0.011231165396379462
Id3,-0.0630204637803814,0.0630204637803814,0.08252481670641182
Rps10,-0.18778572974236968,0.18778572974236968,1.8398130160713015e-07
Fcgr2b,0.009938360016133796,0.009938360016133796,0.784440097785716
Herpud1,0.002520921889472671,0.002520921889472671,0.944684967462331
Ywhaz,0.12252740114242772,0.12252740114242772,0.0007116532711302185
Atf4,0.14319568268369362,0.14319568268369362,7.445921629394165e-05
Anp32a,0.004378316500166903,0.004378316500166903,0.9040841008593945
Tmed7,0.003811128864937929,0.003811128864937929,0.9164607000742743
Malat1,0.03560753337655711,0.03560753337655711,0.3269246866592582
Sh3glb1,0.13903337314099007,0.13903337314099007,0.00012042116177196746
Rbbp6,-0.05817665561518395,0.05817665561518395,0.10903684590344004
Slc3a2,0.16913826700163362,0.16913826700163362,2.745857437259222e-06
Eif1ax,0.03099312334942702,0.03099312334942702,0.3935372819029663
Cstb,0.03317943877849819,0.03317943877849819,0.3610112093550318
Spop,0.016254597334295517,0.016254597334295517,0.6545860569285699
Sf3b4,-0.0019189709233522812,0.0019189709233522812,0.95787903124554
Zfp36,-0.0021650638803801213,0.0021650638803801213,0.9524833628538281
Gpsm3,-0.0498247226891817,0.0498247226891817,0.1700123125744139
Naca,-0.11270860709118673,0.11270860709118673,0.001858443235382047
Mrpl12,0.014249997541850865,0.014249997541850865,0.6948966876789937
Cdc26,0.03327934781291173,0.03327934781291173,0.35956620850683774
H2-T23,0.14466616868674598,0.14466616868674598,6.262885049097697e-05
5033414D02Rik,-0.06407908529639622,0.06407908529639622,0.07748893207379114
Prmt1,-0.08049127385832197,0.08049127385832197,0.026490798730071447
Hdgf,-0.07984712908901807,0.07984712908901807,0.027727138067372658
Fgfr1op2,0.0259137440502184,0.0259137440502184,0.4756375338441694
Fis1,-0.002145338079123897,0.002145338079123897,0.9529157806436831
Il2rg,0.03053293254754107,0.03053293254754107,0.40060268169355256
Atp1a1,0.08431692130994901,0.08431692130994901,0.02008415241241085
Hmgb1,-0.054677331117749806,0.054677331117749806,0.13206829927841215
Macf1,0.10464258262802303,0.10464258262802303,0.003877235836586973
Bola2,0.006997485837673595,0.006997485837673595,0.8472783482128111
Rpl22,-0.15143913116374538,0.15143913116374538,2.7624003034997775e-05
Psmc4,-0.02333097920641614,0.02333097920641614,0.5207307074396633
Rbm42,0.06269372715724515,0.06269372715724515,0.08413152048178135
Txndc5,0.07644334301532342,0.07644334301532342,0.03511649416999338
Timm13,-0.050499103804100366,0.050499103804100366,0.1642981672465806
Polr2k,0.006414805182201484,0.006414805182201484,0.8598581720048336
Rpl10a,-0.24803591765143357,0.24803591765143357,4.054092391927791e-12
Spag9,0.15649652865316463,0.15649652865316463,1.4646336981120036e-05
Nme1,0.030629966056429456,0.030629966056429456,0.39910661261633046
Bsg,0.030687682057610483,0.030687682057610483,0.3982183373726963
Rsl1d1,0.07939379082349189,0.07939379082349189,0.028626743467560858
Ier2,0.0017282264544905435,0.0017282264544905435,0.9620625041084485
Pfn1,-0.22024868596394803,0.22024868596394803,8.390261279088854e-10
Elavl1,-0.05097331903368269,0.05097331903368269,0.16036735903747687
Rabac1,0.21409351000718987,0.21409351000718987,2.4963469988273704e-09
Msn,0.029178860484618655,0.029178860484618655,0.4218287095473093
Psmb9,0.10407796377291097,0.10407796377291097,0.004074795370353182
Eif2s2,0.04931484925598723,0.04931484925598723,0.1744302986238171
Clic4,0.1268608370829436,0.1268608370829436,0.000455358996025267
Fcrla,-0.22566882993262294,0.22566882993262294,3.126660547352911e-10
H2-M3,0.11544584297705908,0.11544584297705908,0.0014323633611614634
Ier5,0.026766198631757495,0.026766198631757495,0.4612375212916505
Bub3,-0.026491514766415356,0.026491514766415356,0.46585085907956086
Rbm8a,-0.027561520780765295,0.027561520780765295,0.448024750417655
Mosc2,0.0878035635365805,0.0878035635365805,0.015466355153061434
Rwdd1,-0.0005760917140671505,0.0005760917140671505,0.9873495814267067
Dctn3,0.00460932662352389,0.00460932662352389,0.8990497149634563
Ccdc56,-0.05236346483523091,0.05236346483523091,0.14925314835068176
Gapdh,0.14396506484836863,0.14396506484836863,6.802870288935533e-05
Timm23,-0.007756716708504887,0.007756716708504887,0.8309454428288222
Trappc4,-0.01607229253420102,0.01607229253420102,0.6582129500298952
S1pr1,-0.10217154426585003,0.10217154426585003,0.004811048654498248
Hmox2,0.10018669511626974,0.10018669511626974,0.005703311130127451
Rheb,0.05130745848878538,0.05130745848878538,0.15764054521372017
Anxa5,0.09262031973375306,0.09262031973375306,0.010629267190140495
Stk24,-0.009135574970426276,0.009135574970426276,0.8014730740349213
Isy1,0.08149544129603153,0.08149544129603153,0.02465828922552763
Hmgn2,-0.08398439261807773,0.08398439261807773,0.0205817022314165
Lbr,-0.002856326714690922,0.002856326714690922,0.9373396171779386
Prpf4b,0.15903131165758114,0.15903131165758114,1.0576549516731708e-05
Ppp1cc,-0.042168878291835736,0.042168878291835736,0.24559360185477352
Chrac1,-0.09400715859058383,0.09400715859058383,0.009512140597076325
Sod2,0.029203836050742324,0.029203836050742324,0.4214313370055637
Sft2d1,-0.04876993751196478,0.04876993751196478,0.17924585976626028
Rap1a,0.026010410470158226,0.026010410470158226,0.4739923335360065
Cnn3,-0.05709355136875743,0.05709355136875743,0.11579922901690284
Ly86,0.07398638926725878,0.07398638926725878,0.041439846568163526
Mat2b,-0.025264045989408006,0.025264045989408006,0.48677565956243835
Cacybp,-0.02652276472780875,0.02652276472780875,0.4653247272837172
Hnrpdl,0.02124175566346919,0.02124175566346919,0.5587515497621859
Coro1b,-0.08132125570818445,0.08132125570818445,0.024968075020263363
Ier3ip1,0.07612526183460858,0.07612526183460858,0.03588574677318555
Trappc6b,0.024387565460776833,0.024387565460776833,0.502021790489188
Ergic3,0.09558106429065558,0.09558106429065558,0.008371935729021241
Vdac1,0.0151135319114842,0.0151135319114842,0.6774178478926091
Hsbp1,-0.03175207623465121,0.03175207623465121,0.3820507600007712
Golga7,-0.05013474406073729,0.05013474406073729,0.1673672524486578
Chchd3,0.007162980125383088,0.007162980125383088,0.8437123229867182
Atp6v0d1,-0.017145228856309723,0.017145228856309723,0.6369852936269357
Tmsb10,-0.19769816377557942,0.19769816377557942,3.895604829019297e-08
Dusp11,0.08536150217763055,0.08536150217763055,0.018588706209572235
Ssr1,0.07715805822174664,0.07715805822174664,0.03343912122454148
Ndufa12,0.09459261013995075,0.09459261013995075,0.009072798128284041
Lrrc33,-0.143963769580073,0.143963769580073,6.803907409337197e-05
Rab14,0.0031704613758474537,0.0031704613758474537,0.9304648935107868
Mrps18c,0.014926931817710373,0.014926931817710373,0.6811805709819584
Ppp1r2,0.07765580651722559,0.07765580651722559,0.03231178002656801
Mrpl23,-0.02841722553318534,0.02841722553318534,0.43405159440221774
Cisd2,0.009169373016035076,0.009169373016035076,0.8007540046013897
Sf1,0.03204606683672411,0.03204606683672411,0.3776570129714222
Sfpq,0.043330915542591955,0.043330915542591955,0.23281254504476787
Nubp1,-0.06258692095609568,0.06258692095609568,0.08466217937884059
Acp5,-0.08349025406673731,0.08349025406673731,0.021340868347350096
Atp6v0b,0.03455860343664434,0.03455860343664434,0.34138563000428424
B3gnt2,-0.0005803422009977625,0.0005803422009977625,0.9872562527244941
Myl12a,-0.058366249568834495,0.058366249568834495,0.10788582978289461
4930420K17Rik,-0.08952017955021925,0.08952017955021925,0.013556801620289306
Ppp2r2a,0.10885005274015577,0.10885005274015577,0.0026577128593935815
Mcl1,-0.11916007872144935,0.11916007872144935,0.0009971019151276755
Cct4,-0.02702523721062851,0.02702523721062851,0.4569103898540272
Klf6,0.09283583737109646,0.09283583737109646,0.01044835973928222
Rsbn1l,0.05160497140011881,0.05160497140011881,0.15524226515724077
Hbp1,0.046358326167304426,0.046358326167304426,0.20174574210034252
2610005L07Rik,-0.035530981245268406,0.035530981245268406,0.32796643393909397
2410006H16Rik,-0.01616324183411292,0.01616324183411292,0.6564025338866724
Fabp4,0.012471233249336876,0.012471233249336876,0.7314061643264193
Edf1,0.0676716314682687,0.0676716314682687,0.062231141441998476
Ubap2l,-0.004832294772194085,0.004832294772194085,0.8941944269925172
Cdk4,-0.012620826657506861,0.012620826657506861,0.7283108710519679
2810407C02Rik,0.03556770277163664,0.03556770277163664,0.3274664470420522
Map3k8,0.07606587744168015,0.07606587744168015,0.0360309403770188
Snx5,-0.1720244058914154,0.1720244058914154,1.8405823623909101e-06
Higd1a,0.03487546552051626,0.03487546552051626,0.33697479596151336
Atp5k,-0.019826008981334544,0.019826008981334544,0.5852588687115904
Ptpn18,0.06666486324672605,0.06666486324672605,0.06623320503823338
Ywhae,0.02571873312003145,0.02571873312003145,0.4789659864712008
Dnaja2,0.0590956923647642,0.0590956923647642,0.10354670006288905
Hnrnpa2b1,0.10100908628729338,0.10100908628729338,0.005316955707084635
Phb,0.06820593044065001,0.06820593044065001,0.06018965517399718
Gnai3,0.07513808350374382,0.07513808350374382,0.038365092093181834
Sh3kbp1,-0.0244432262781728,0.0244432262781728,0.5010461447414716
Snhg3,0.005337997614359985,0.005337997614359985,0.8831973241946136
Med10,0.008879280753810117,0.008879280753810117,0.8069312767760602
Nfe2l2,-0.026738794330526436,0.026738794330526436,0.46169663160934515
Pcna,0.08989291178466646,0.08989291178466646,0.013170765067452348
Lsm12,0.06749298163501023,0.06749298163501023,0.0629263631150079
Pebp1,-0.007137411600668319,0.007137411600668319,0.8442630596330806
Sfrs18,0.01335633194541281,0.01335633194541281,0.7131573500517183
Ivns1abp,0.0682120718679363,0.0682120718679363,0.06016651567356436
Zc3h12a,0.0017864327377665465,0.0017864327377665465,0.960785788174513
Icam2,-0.0719579541869825,0.0719579541869825,0.047361856980560675
Sypl,0.05735691144607579,0.05735691144607579,0.11412540204162568
Cenpa,0.014655121970641548,0.014655121970641548,0.6866756899234315
Akirin1,0.042087236480515364,0.042087236480515364,0.24650968013781396
Chmp2b,0.03407094873061796,0.03407094873061796,0.34824567007492
Fam125a,-0.010245543922041286,0.010245543922041286,0.7779491484395623
Chic2,-0.0646708457036835,0.0646708457036835,0.07478460684978325
6720456B07Rik,-0.09981348689456986,0.09981348689456986,0.005886836413657845
Sec61b,0.0009203877745429615,0.0009203877745429615,0.9797904838602471
Ets2,-0.04204583585724625,0.04204583585724625,0.24697513615332756
Naa38,0.013252794157734931,0.013252794157734931,0.7152838669169396
Lmo2,-0.10335633714949351,0.10335633714949351,0.004340551580210284
Arpc1a,-0.037198510023484954,0.037198510023484954,0.30576033162198274
Gadd45a,-0.08540476688823694,0.08540476688823694,0.018528922196069626
Guk1,0.05616252218388026,0.05616252218388026,0.12187131124254058
Ctnnb1,-0.0010953738328690868,0.0010953738328690868,0.9759492769964301
Tuba1a,0.1400498646074754,0.1400498646074754,0.00010721309021352966
Rab8a,-0.08584684700403697,0.08584684700403697,0.01792760777204008
Rps7,-0.21548009134781987,0.21548009134781987,1.9582158571293152e-09
1810006K21Rik,0.09904897134850336,0.09904897134850336,0.006279465256532611
Ppp1r16b,0.06247518060465168,0.06247518060465168,0.08522024244231924
1500003O03Rik,0.01831223390820965,0.01831223390820965,0.614229918203032
Bcl3,-0.039097514819245824,0.039097514819245824,0.2817119263975832
Hnrnpu,0.12688089171506253,0.12688089171506253,0.0004544041340374554
Map1lc3b,0.006717790441548807,0.006717790441548807,0.8533122104484957
Psmd2,0.0768950327824052,0.0768950327824052,0.03404828788675509
Psma4,0.03659613929544097,0.03659613929544097,0.31366437207767967
Pbxip1,0.09825766313604889,0.09825766313604889,0.006710479068570517
Ostc,0.013390777880447655,0.013390777880447655,0.7124503721595187
Gng10,-0.06523254654094444,0.06523254654094444,0.07228931407607285
Iscu,-0.03934000944656895,0.03934000944656895,0.2787358927145653
Psmd13,0.0644766994597794,0.0644766994597794,0.07566323840320295
Foxn3,-0.04240359167596698,0.04240359167596698,0.24297323467804424
Snn,-0.07773181139428065,0.07773181139428065,0.03214253081651685
Wac,-0.005252704881104448,0.005252704881104448,0.885050599913053
Hdac1,0.08453646108347453,0.08453646108347453,0.019761434381724476
Fam111a,-0.007184729159760582,0.007184729159760582,0.8432439167689231
Bri3,0.03741595733434737,0.03741595733434737,0.30293974804884916
Dnttip2,0.07650834132797166,0.07650834132797166,0.0349610419302828
Bclaf1,0.0929850667839674,0.0929850667839674,0.010324702345843897
Rps6kb1,0.1061256906263194,0.1061256906263194,0.00339897553939047
6820431F20Rik,0.029611147538883446,0.029611147538883446,0.4149818177037037
Pyhin1,-0.06480607681966258,0.06480607681966258,0.07417753076765375
Emp3,0.05653708772073823,0.05653708772073823,0.11939921861751232
Sipa1,-0.16810298496571702,0.16810298496571702,3.1643846724504255e-06
Atp1b3,0.06762979949964067,0.06762979949964067,0.062393360657427496
Gns,0.0018562391532402503,0.0018562391532402503,0.9592547637305837
Snhg8,0.026166059682334816,0.026166059682334816,0.47134985628009984
Cd44,0.16136494552854344,0.16136494552854344,7.80254952651406e-06
Rbm38,-0.06746435994408755,0.06746435994408755,0.06303833868158852
Pgk1,0.0479308597352464,0.0479308597352464,0.18685292534924433
Ptbp1,-7.445870213834112e-05,7.445870213834112e-05,0.9983648914633758
Ccnd2,-0.022769425547379415,0.022769425547379415,0.5308180091923099
Wdr26,0.001123875569355274,0.001123875569355274,0.9753236714249839
Psma6,-0.05009250501755871,0.05009250501755871,0.16772580371467274
Cd86,0.19280442307171797,0.19280442307171797,8.468919469854764e-08
Gemin7,-0.0074179644297453955,0.0074179644297453955,0.8382242693435571
Fam96b,0.057923117123559416,0.057923117123559416,0.11059118846859739
Vamp3,-0.017442559222154083,0.017442559222154083,0.6311540034953785
Nipbl,-0.025863809864882577,0.025863809864882577,0.47648860430023315
Gmfg,-0.04287255734131823,0.04287255734131823,0.23779654432807093
Atp5g1,-0.023897277280651327,0.023897277280651327,0.5106589204662152
Abcf1,0.0829098928635432,0.0829098928635432,0.022263478606071002
Inpp5d,0.020158910439018476,0.020158910439018476,0.5789736972980449
Map2k1,0.011853976373568652,0.011853976373568652,0.7442237558805183
Tm4sf1,-0.06889287108920329,0.06889287108920329,0.05764667855872801
Tfam,-0.03164168104787389,0.03164168104787389,0.3837086855680206
Pcnp,0.0834733785064314,0.0834733785064314,0.021367219226808513
Fkbp4,0.03311903226577092,0.03311903226577092,0.36188663961946715
Dync1i2,0.04072430895095809,0.04072430895095809,0.26215636487066424
Pafah1b3,-0.015618997001937213,0.015618997001937213,0.6672658256682588
Coq10b,0.049422638185276146,0.049422638185276146,0.17348926195522096
Brd4,0.12577778334124787,0.12577778334124787,0.0005097913831961156
Faim3,-0.12790485191237908,0.12790485191237908,0.00040805637647161426
Rpl35,-0.13667038796571274,0.13667038796571274,0.00015727733806241532
Bbip1,0.04157340755412998,0.04157340755412998,0.25233004935974523
Cnpy2,0.045329301461287407,0.045329301461287407,0.21194780532951651
Snx3,0.016044327086564555,0.016044327086564555,0.6587700268063095
Esf1,0.03613662261480567,0.03613662261480567,0.3197833767810233
Rraga,-0.01631566074577869,0.01631566074577869,0.6533730321447976
Rnf130,0.11417346051936136,0.11417346051936136,0.0016177959570401789
Bcl2a1b,0.1655994988869742,0.1655994988869742,4.443681706977883e-06
Selplg,0.01642797352243811,0.01642797352243811,0.6511443259885891
Tmed5,0.10078251267237769,0.10078251267237769,0.005420972813020723
Zfp106,0.11271539342291008,0.11271539342291008,0.001857256439478661
Tank,0.09720440783000625,0.09720440783000625,0.007325291756312873
Hvcn1,-0.12817650797152438,0.12817650797152438,0.0003965219687811108
Ube2i,-0.049292305504466886,0.049292305504466886,0.17462759386664614
Arhgap15,-0.041062401582737246,0.041062401582737246,0.2582125825278231
Tra2a,0.08824387673107896,0.08824387673107896,0.014955277674014734
Pdia3,0.13609715417156082,0.13609715417156082,0.0001676943510754995
Prdx6,0.10156408455263236,0.10156408455263236,0.005069722494457196
Dnajc15,-0.014808329269896996,0.014808329269896996,0.6835762771914556
2410004N09Rik,-0.00392047761079564,0.00392047761079564,0.9140729342837494
Snrpd2,-0.09020007711607923,0.09020007711607923,0.012859960496853395
Clns1a,0.04163655535355586,0.04163655535355586,0.2516096373665932
Tmed10,0.128237627261507,0.128237627261507,0.0003939691101161289
Wbp2,0.041628772224576865,0.041628772224576865,0.251698352559399
Esyt1,0.0582949567234686,0.0582949567234686,0.1083175139281745
Uqcr10,-0.03800253092622388,0.03800253092622388,0.29541745865940877
Fubp1,-0.016096777646823872,0.016096777646823872,0.6577253575842597
Slc1a5,0.0105289489411973,0.0105289489411973,0.7719743313127148
Mat2a,0.13767146857150236,0.13767146857150236,0.00014052851386806052
Bzw1,0.036870883632031004,0.036870883632031004,0.3100428036009604
Sf3b5,-0.0179801791744372,0.0179801791744372,0.6206682681911989
Pkp3,0.05655402758321608,0.05655402758321608,0.11928835103601285
Tcf4,0.14749294500061738,0.14749294500061738,4.4697688867995255e-05
0610031J06Rik,0.005357781488683101,0.005357781488683101,0.8827675427697002
U2af2,-0.03221500080063556,0.03221500080063556,0.37514637962201997
Polr2m,0.0035943200461441664,0.0035943200461441664,0.9211971943000181
Zfp36l1,-0.12098266979137845,0.12098266979137845,0.0008316043744395595
2700029M09Rik,0.103761505951097,0.103761505951097,0.004189469189985518
Ndufb5,-0.024389796229552244,0.024389796229552244,0.5019826693655144
2410015M20Rik,-0.01802893790920496,0.01802893790920496,0.6197210296819958
Srsf7,0.09317879575118955,0.09317879575118955,0.010166110835870164
Spnb2,0.06199311865885577,0.06199311865885577,0.08766191134465076
1110002B05Rik,-0.00018593135147216509,0.00018593135147216509,0.9959169738472444
Arhgdia,-0.005261936014375376,0.005261936014375376,0.8848499915629978
Tnfaip6,0.06921057644176969,0.06921057644176969,0.05650107663433746
Hspa5,0.19516934787527507,0.19516934787527507,5.833439687337713e-08
Lcp1,-0.029700796526939955,0.029700796526939955,0.41357014034180806
Cdk9,0.0395230318539766,0.0395230318539766,0.27650392118625783
Nsmce4a,0.023358614894161515,0.023358614894161515,0.5202368385586233
Taok3,0.08132569493460298,0.08132569493460298,0.02496013836790533
Ddx3y,0.06863896006185567,0.06863896006185567,0.05857604412352793
Ctsc,0.04759078706829688,0.04759078706829688,0.19000287946452277
Drg1,-0.0011338632000049897,0.0011338632000049897,0.975104449140861
B2m,0.17891040397191785,0.17891040397191785,6.898211617381973e-07
Celf2,0.10895278332120424,0.10895278332120424,0.0026328930925428816
Ndufb3,0.01209085553122098,0.01209085553122098,0.7392962750566642
Arl6ip5,0.07057824063399401,0.07057824063399401,0.051783273983324586
Rps25,-0.18409465597879934,0.18409465597879934,3.2126205251361244e-07
Chmp5,0.06551136843937645,0.06551136843937645,0.07107618606787425
Gimap6,-0.06943216481414763,0.06943216481414763,0.05571330629224942
Cebpd,-0.024552340685512316,0.024552340685512316,0.4991364556791667
Rab5c,-0.0038159941393331957,0.0038159941393331957,0.9163544446082699
Col1a2,-0.7124681651923807,0.7124681651923807,9.852441641151157e-119
Mrpl54,-0.05727334702577115,0.05727334702577115,0.11465443754926373
Ltb,-0.20670981609692582,0.20670981609692582,8.84836459149252e-09
Cct3,0.022337355384321873,0.022337355384321873,0.5386461805814617
Polr2i,-0.004505312692617642,0.004505312692617642,0.9013159931641401
Man2b1,0.09954807223461486,0.09954807223461486,0.006020568546483502
Trnau1ap,0.0353890888832279,0.0353890888832279,0.32990303105428664
Nhp2,-0.015752631189557952,0.015752631189557952,0.6645918816385495
Ndufv3,0.07972603944891972,0.07972603944891972,0.027965014594961146
Myc,-0.1280721711110209,0.1280721711110209,0.00040091563176175067
Cmtm7,-0.028014304162831696,0.028014304162831696,0.4405995172111458
Cox17,0.07678020350293331,0.07678020350293331,0.034317186654126385
N4bp2l2,0.01059955149780863,0.01059955149780863,0.7704879522163064
Ndufa11,0.056296024162204424,0.056296024162204424,0.12098567182701224
Rab2a,0.09459828465624842,0.09459828465624842,0.009068629760866979
Cyp4f18,0.10460172602530318,0.10460172602530318,0.0038912345860468663
Tmem59,0.04263117697323108,0.04263117697323108,0.2404512367973824
Dnajc9,-0.1041800496218955,0.1041800496218955,0.004038413973721284
Os9,0.025973191292783585,0.025973191292783585,0.474625410177137
St13,-0.02014516893170692,0.02014516893170692,0.5792325095098123
Med1,0.06763224992031808,0.06763224992031808,0.06238384861253086
Tomm40,0.000635212436896083,0.000635212436896083,0.9860514732147023
2810008M24Rik,-0.07962699884314303,0.07962699884314303,0.02816087982628028
Acaa1a,0.06587607013975179,0.06587607013975179,0.06951459847030947
Rps9,-0.11682731099687314,0.11682731099687314,0.0012533174056640793
Rab4b,-0.026497242854319918,0.026497242854319918,0.46575439494924936
Dhx15,0.10912473028996729,0.10912473028996729,0.0025918233594741107
Ets1,-0.1349115529456566,0.1349115529456566,0.00019132833160093033
Rpl28,-0.23361666581704135,0.23361666581704135,7.021460118810565e-11
Gramd3,0.008992081025632693,0.008992081025632693,0.8045278381409409
Nr3c1,0.07945462937186767,0.07945462937186767,0.028504576305460296
Sars,0.028634313458055023,0.028634313458055023,0.43054706609290516
Dnajc5,0.04482494588860604,0.04482494588860604,0.2170818493896959
Srrm1,0.10256900779993573,0.10256900779993573,0.004648310990980468
4930523C07Rik,-0.09153572757512497,0.09153572757512497,0.011582538244929571
Hibadh,0.07800683568775359,0.07800683568775359,0.03153642259015395
Mndal,0.04932263369534472,0.04932263369534472,0.1743622104554092
Atp2a2,0.04957930744390179,0.04957930744390179,0.17212824075388924
Nras,0.008300634790037719,0.008300634790037719,0.8192886567992713
Vgll4,0.10931468870501351,0.10931468870501351,0.0025471318573505987
Ssr2,0.024980374077607753,0.024980374077607753,0.49168255534493904
Mrpl51,0.02888298577316063,0.02888298577316063,0.4265528691875571
Usp1,0.05771199914248799,0.05771199914248799,0.11189874860090215
Ncf1,0.036762168071743706,0.036762168071743706,0.31147253993451385
Mknk2,-0.013109284641981639,0.013109284641981639,0.7182349925763266
Arfrp1,-0.01693969695420042,0.01693969695420042,0.6410294020357189
Tpd52l2,0.05847313663735824,0.05847313663735824,0.10724116772846687
Arap2,0.15376744840440157,0.15376744840440157,2.067780446329036e-05
Eif3b,0.01690971327768977,0.01690971327768977,0.6416202635445035
Nrbp1,0.016923512022483284,0.016923512022483284,0.6413483158532758
Nucb1,0.09008522591246745,0.09008522591246745,0.012975406081473575
Cnih4,0.06511187003586921,0.06511187003586921,0.07281958715916098
Tiparp,0.10215463996671888,0.10215463996671888,0.00481808266220715
Rps3a,-0.19680853811853136,0.19680853811853136,4.4928820249381694e-08
Ebna1bp2,0.022617398906003987,0.022617398906003987,0.533565818154175
Irf5,-0.0859628097795056,0.0859628097795056,0.017772728751982672
Rab6a,0.026144338406908125,0.026144338406908125,0.471718133712172
Mrpl42,0.042158696466463766,0.042158696466463766,0.24570771883521464
Sdf4,0.0842510927389754,0.0842510927389754,0.02018180907899785
Stra13,0.01710297959122896,0.01710297959122896,0.6378157275609363
Slc44a2,0.01584641804009952,0.01584641804009952,0.6627177982877118
Idh3g,-0.007051669033010855,0.007051669033010855,0.8461104762986501
Wbp4,0.07441770595845348,0.07441770595845348,0.04026477501898926
Phf3,0.07774262117214305,0.07774262117214305,0.03211852108158152
Cebpz,0.027001389274892627,0.027001389274892627,0.4573078058862356
Zmym5,0.061348182254743616,0.061348182254743616,0.09101628521545994
4921524J17Rik,-0.03756118453629926,0.03756118453629926,0.3010656031005745
Clk1,0.07578529730408587,0.07578529730408587,0.03672373156529472
Ddx24,0.14032172583822186,0.14032172583822186,0.00010391908198594717
Orai1,0.07901867343958362,0.07901867343958362,0.029389985518259765
Psmb5,-0.007922989360177737,0.007922989360177737,0.827377962713222
Mrpl52,-0.0015134484305073198,0.0015134484305073198,0.9667743314037422
Ppp1r18,-0.0217977542835765,0.0217977542835765,0.548503038739758
Atp6ap2,0.04505868099270759,0.04505868099270759,0.2146915687938477
D11Wsu99e,0.07151185152046353,0.07151185152046353,0.04875541728093905
Dock8,0.026945385197344143,0.026945385197344143,0.45824185202710305
Cnih,0.03408960211746998,0.03408960211746998,0.34798166739359343
Serpinb1a,-0.28722473839757673,0.28722473839757673,6.693498511785145e-16
Psmg4,0.014555049191317051,0.014555049191317051,0.6887030276600206
Gm2a,-0.008581146472626528,0.008581146472626528,0.8132923405019961
Sh3bp5,-0.06095459922437611,0.06095459922437611,0.09311345458234234
Cks2,0.036820712949492886,0.036820712949492886,0.31070206825150765
Frg1,0.007580105450734443,0.007580105450734443,0.8347385540121204
Nsun2,0.030294726119454874,0.030294726119454874,0.4042895970130665
Uqcrc1,0.06477089507492528,0.06477089507492528,0.07433507959356978
Mrpl36,0.05880566324207842,0.05880566324207842,0.1052550776359899
Mbnl2,0.07861547738529497,0.07861547738529497,0.030229776443746487
Gpr183,-0.0629486712428225,0.0629486712428225,0.08287570644311282
Arl2bp,0.004194840114960697,0.004194840114960697,0.9080853413985468
Rgs2,-0.09305478234218902,0.09305478234218902,0.010267380062995844
Pdha1,-0.04481893232059951,0.04481893232059951,0.2171435979447876
Donson,0.12382829368234857,0.12382829368234857,0.0006233008298986017
Dip2b,0.01475642048409546,0.01475642048409546,0.684625809006825
Son,-0.07743673305378078,0.07743673305378078,0.032803887338344835
Cyth1,0.092154307818254,0.092154307818254,0.011029975729483226
Timm8b,-0.07897220587534212,0.07897220587534212,0.029485737280505527
Ccl11,0.0609049323987097,0.0609049323987097,0.09338082783771341
Srsf2,0.10251207202718517,0.10251207202718517,0.004671313373695911
AI467606,-0.00887478669822238,0.00887478669822238,0.8070270696062336
Hspe1,-0.19390581114639224,0.19390581114639224,7.123224678420909e-08
Rps15,-0.15614791958843738,0.15614791958843738,1.531095591349162e-05
Larp7,0.028608399432867814,0.028608399432867814,0.43096454212714436
Copz1,-0.03233066504139249,0.03233066504139249,0.3734333714447647
Smc4,0.031438190766318284,0.031438190766318284,0.38677621925635536
Fam136a,-0.03295471015856265,0.03295471015856265,0.36427475851389196
Mlf2,-0.04965975305444887,0.04965975305444887,0.1714324969727492
Ccnl1,0.0897273174913293,0.0897273174913293,0.013341056189213916
Psmc6,0.048338319155724174,0.048338319155724174,0.18312969546816407
Siah2,0.13703920246372245,0.13703920246372245,0.00015089978721916558
Sbno2,0.02461444531489013,0.02461444531489013,0.49805124415318147
Ufm1,0.015108710298984907,0.015108710298984907,0.6775149734262212
Elof1,0.001293233229886463,0.001293233229886463,0.9716066411063597
Tgoln1,0.03660043666537152,0.03660043666537152,0.3136075128785548
Eif4b,0.025066482837159038,0.025066482837159038,0.49019026941666244
Yipf4,-0.038149710521242296,0.038149710521242296,0.2935497726100867
Vdac2,0.0019924413480088003,0.0019924413480088003,0.956267955301528
Anapc13,0.045854177550101044,0.045854177550101044,0.20669847057004853
Dnajb4,-0.0005740701015846737,0.0005740701015846737,0.987393970394481
Litaf,0.11008114512734214,0.11008114512734214,0.00237386238195557
Cdc42se1,-0.029088658577999554,0.029088658577999554,0.4232656873711569
Snx1,0.12552998987588807,0.12552998987588807,0.000523068160660373
Rpl19,-0.18751527030420448,0.18751527030420448,1.9172406210442796e-07
Bnip2,-0.011914822375384937,0.011914822375384937,0.7429570507290468
Vcp,0.1073969031503753,0.1073969031503753,0.0030324138622202907
BC004004,-0.010926775923696824,0.010926775923696824,0.7636100326885984
Plaur,0.10044947013747238,0.10044947013747238,0.00557719828651044
Atg3,-0.002484535412431342,0.002484535412431342,0.9454821231579785
Srsf1,0.05110324199725035,0.05110324199725035,0.15930289837110165
Lsm7,-0.09487234356125547,0.09487234356125547,0.00886933284741664
Nudcd3,0.08416769981325044,0.08416769981325044,0.020306116013100804
Cdt1,0.03347982528766611,0.03347982528766611,0.3566776264490156
Tcf25,0.11543483813922852,0.11543483813922852,0.0014338796751613592
Bcas2,-0.030662192396624592,0.030662192396624592,0.3986104880799213
Nasp,0.0629245083282325,0.0629245083282325,0.08299407498003751
Mll1,0.15477199587791327,0.15477199587791327,1.822502367676871e-05
Rod1,0.08666649538600713,0.08666649538600713,0.016857751174873533
Lamtor3,-0.0321611761061293,0.0321611761061293,0.37594518253030024
Arl8b,0.031803750605776254,0.031803750605776254,0.3812762181848814
Wdr33,0.023705099409611317,0.023705099409611317,0.5140654347203156
Pppde1,0.08921567926406739,0.08921567926406739,0.013879540113885178
Wdr1,0.011720879870642277,0.011720879870642277,0.7469969920203636
Reep3,0.08066693367450778,0.08066693367450778,0.026162008494038307
Mrps7,-0.06637019930909854,0.06637019930909854,0.06744379068001206
Sel1l,0.14684058364996155,0.14684058364996155,4.83426039748207e-05
l7Rn6,-0.0477243653955532,0.0477243653955532,0.18876097410199777
Taf12,-0.01673259300195424,0.01673259300195424,0.645115226613402
Ppp2r4,-0.014134055945107313,0.014134055945107313,0.6972560926515197
Anapc16,-0.00274794851079888,0.00274794851079888,0.9397125432367182
Sarnp,-0.0544328880504741,0.0544328880504741,0.13380805766907305
Snx8,-0.060215914376286823,0.060215914376286823,0.09715383115410335
Cd38,-0.1203892851470175,0.1203892851470175,0.0008824645015565452
Srsf5,0.009512245645004833,0.009512245645004833,0.7934688503767614
Rrbp1,0.15023500451418997,0.15023500451418997,3.203442682460194e-05
Hif1a,0.07118784974388631,0.07118784974388631,0.04978895338823063
Gpd2,-0.0037451596762692442,0.0037451596762692442,0.917901584562717
Mdh2,0.003334655076063872,0.003334655076063872,0.9268736005312315
Ube2w,-0.010199445924622718,0.010199445924622718,0.7789222487143768
Kctd10,0.06492273817592825,0.06492273817592825,0.07365705269487827
Twistnb,-0.00023938294553186876,0.00023938294553186876,0.9947431994675714
1200016B10Rik,0.05093095301949214,0.05093095301949214,0.1607156219209608
Pdlim1,0.040230202074142025,0.040230202074142025,0.26799439077954346
Mrpl32,-0.018433789732997852,0.018433789732997852,0.6118803855466021
Lsmd1,-0.008171551436878968,0.008171551436878968,0.8220515579288951
Fam76a,0.024843615397712383,0.024843615397712383,0.4940576098630633
Asah1,0.03650717889590611,0.03650717889590611,0.31484294217512754
Zcchc6,0.10848585255411682,0.10848585255411682,0.0027474330470391227
Higd2a,0.0258551974801099,0.0258551974801099,0.4766354765795575
Ogfr,-0.1584614594621375,0.1584614594621375,1.1384667553357025e-05
Rgs19,-0.04892194298889456,0.04892194298889456,0.17789272387843547
Snrpa1,-0.009404616962985177,0.009404616962985177,0.7957537771106148
Ninj1,0.03783322924320602,0.03783322924320602,0.297575672761981
Hilpda,0.021907682352906112,0.021907682352906112,0.546487800313496
Smarcb1,-0.1172002727839752,0.1172002727839752,0.0012086467600136387
Pdcd6,-0.001356234576085149,0.001356234576085149,0.9702240520693949
Wdr89,-0.02367458702558937,0.02367458702558937,0.5146073754908728
Paics,-0.01477323997494914,0.01477323997494914,0.6842856729046862
Rnf181,0.0672157966910253,0.0672157966910253,0.06401771210742035
A230046K03Rik,0.05483161238761353,0.05483161238761353,0.13097927989236638
Fundc2,-0.063628222312832,0.063628222312832,0.07960228618692103
Lrrc59,0.11776179602279203,0.11776179602279203,0.0011441538875737417
Mrps15,-0.037172022038375864,0.037172022038375864,0.30610510000239477
Atp6v1d,-0.029883667397869462,0.029883667397869462,0.41069933654536506
Elovl1,0.02711386002672317,0.02711386002672317,0.45543522537896364
Cbx7,0.033160566117652515,0.033160566117652515,0.36128457541463915
Ip6k1,0.04934413119877022,0.04934413119877022,0.1741742810872268
Eapp,-0.07030405651651932,0.07030405651651932,0.05270177128755615
Tbrg1,-0.11250129021526512,0.11250129021526512,0.0018950356767560243
Gtf2b,0.05532833725604167,0.05532833725604167,0.12752024098199657
Arl4a,0.07803633367764029,0.07803633367764029,0.03147199862978056
Prkcsh,0.08503138619317727,0.08503138619317727,0.019050438937612196
Poldip3,0.021627053969386318,0.021627053969386318,0.5516396159246001
Gtf3c6,-0.02488052355627707,0.02488052355627707,0.49341603198190437
Rab35,0.022650394074867113,0.022650394074867113,0.5329688372172389
Slc38a2,-0.007173719843305846,0.007173719843305846,0.8434810161270779
Rhob,0.1107176202530732,0.1107176202530732,0.002238237293735183
0610009D07Rik,-0.0014017703410622731,0.0014017703410622731,0.9692248073661526
Emp1,-0.11897469578816885,0.11897469578816885,0.0010155393492901623
Myh9,0.09039009669982787,0.09039009669982787,0.012670948485382642
Tln1,0.054382161819797756,0.054382161819797756,0.13417129512896986
Taz,-0.051131104015387695,0.051131104015387695,0.159075320749393
Tnfrsf1b,0.12173367153878553,0.12173367153878553,0.000771125114085819
Fam108a,-0.14181765266381208,0.14181765266381208,8.743420742227446e-05
Ero1lb,-0.012185153653033517,0.012185153653033517,0.737337672985922
Ifi27l2a,-0.15980998682958447,0.15980998682958447,9.560274311600322e-06
Fam168b,0.0033129380738083263,0.0033129380738083263,0.9273485174843723
Hmgcl,0.05200230050294603,0.05200230050294603,0.15208260462236972
Golga4,0.06919817842895247,0.06919817842895247,0.05654542486648694
Prpf38a,0.050169914772435355,0.050169914772435355,0.1670691403161274
Trip11,0.058455101055675154,0.058455101055675154,0.10734973064200942
Magoh,0.011909641836210004,0.011909641836210004,0.7430648733173327
Snw1,0.025038702857892458,0.025038702857892458,0.49067143745938696
Pdlim2,-0.13465511908617475,0.13465511908617475,0.00019683534975576037
Tnfaip3,0.03892569334087645,0.03892569334087645,0.2838335953382334
Ppa1,0.034774350334224144,0.034774350334224144,0.33837836552758377
Eef2,-0.13773509692769767,0.13773509692769767,0.00013952275443485234
Mrps33,-0.03395936301160598,0.03395936301160598,0.3498276028983463
Fam100b,0.01531242229280555,0.01531242229280555,0.6734161225187337
Rab24,-0.010432124211733947,0.010432124211733947,0.7740141174820201
Cox16,0.03188570046407411,0.03188570046407411,0.38004985434316757
Snapc5,0.07224714468322994,0.07224714468322994,0.04647644764698377
Chchd1,0.06942508906775444,0.06942508906775444,0.05573831943572854
Mrpl45,0.07007776789806716,0.07007776789806716,0.053470022392827894
Zcchc7,0.07021813540434879,0.07021813540434879,0.052992382572752225
Grcc10,0.01235072544317145,0.01235072544317145,0.7339028163377476
Mrpl53,-0.012646739498574117,0.012646739498574117,0.7277751461346897
Zfp131,0.07403842951289973,0.07403842951289973,0.04129654893494435
Tmem167,0.05795992771150133,0.05795992771150133,0.1103644398587686
Dbnl,-0.06002915742678253,0.06002915742678253,0.09819718023916328
Actr1a,0.034374409586866106,0.034374409586866106,0.3439665491526984
2410002F23Rik,0.06948829651981162,0.06948829651981162,0.055515208198310274
Usp38,0.004217639016244371,0.004217639016244371,0.9075880157457475
Rbms1,0.06406485565831746,0.06406485565831746,0.07755492723430518
Gadd45gip1,-0.02652477252660633,0.02652477252660633,0.46529093477839356
Plek,0.21112929103222847,0.21112929103222847,4.171946719108713e-09
Ndufs3,-0.03591798844336679,0.03591798844336679,0.32272192301907127
Rai12,-0.016205505536662678,0.016205505536662678,0.6555619261732701
Trp53i11,0.007205925699953658,0.007205925699953658,0.842787462790878
Luc7l,0.02335869814150913,0.02335869814150913,0.5202353512349929
Mrpl28,0.013756053427288752,0.013756053427288752,0.7049686321663563
Hagh,0.013189405124711562,0.013189405124711562,0.7165868766666467
Pdcd2,-0.013007854603889377,0.013007854603889377,0.720323333279946
Mrpl17,-0.026791281055915214,0.026791281055915214,0.46081753313844565
Cyb5b,-0.004314256691377378,0.004314256691377378,0.9054808419240766
Stk38,0.13131628845176044,0.13131628845176044,0.00028351869472248615
Brp44,0.07474935665671471,0.07474935665671471,0.03938052299476812
Zfp281,0.027124755654108604,0.027124755654108604,0.45525404789904345
Ypel5,0.04277408900432652,0.04277408900432652,0.23887699002941107
Ifitm2,-0.14041430127072946,0.14041430127072946,0.00010281931807223669
Pa2g4,0.023064734827650618,0.023064734827650618,0.5255009952199322
Map2k7,-0.02007481526947867,0.02007481526947867,0.5805584226762464
Btbd1,0.09025026879372353,0.09025026879372353,0.012809794522759287
Rasa3,-0.005197145348896731,0.005197145348896731,0.8862581586728274
Rabgap1l,-0.08329768659590812,0.08329768659590812,0.021643243019400477
Prrc2b,0.07962554584990254,0.07962554584990254,0.028163762062478028
Ywhab,0.05920505229798043,0.05920505229798043,0.10290826948316253
Dctn2,0.03905446514769723,0.03905446514769723,0.2822424971702423
St6galnac4,-0.026220731838984976,0.026220731838984976,0.47042360782616877
Pcm1,0.08477723154116178,0.08477723154116178,0.01941271237255713
Pik3ip1,-0.19858351447233272,0.19858351447233272,3.377837248366668e-08
Aip,-0.09575193070881774,0.09575193070881774,0.008255807573984692
Rnf138,-0.01766607982036042,0.01766607982036042,0.6267852951342539
Sephs2,0.05229452219579812,0.05229452219579812,0.1497901436990895
Gde1,-0.0005399530940722989,0.0005399530940722989,0.9881430904236688
Nufip2,0.1730110665602706,0.1730110665602706,1.602881744335037e-06
Ssna1,-0.01668532055004722,0.01668532055004722,0.6460493419497221
Arhgap31,-0.06815153950696236,0.06815153950696236,0.060394909397037976
Cotl1,-0.09446843245261134,0.09446843245261134,0.009164444637642608
Pak2,0.10554935341222765,0.10554935341222765,0.0035780679910646525
4921513D23Rik,-0.07205443476325259,0.07205443476325259,0.04706490353900042
Fam43a,-0.08712692566599888,0.08712692566599888,0.016281645925196944
Prr13,0.03960642027301664,0.03960642027301664,0.2754910367003769
Hist2h2aa1,-0.047526833315570796,0.047526833315570796,0.19059959277073102
4933407C03Rik,0.05047850546768688,0.05047850546768688,0.164470535553648
Atp5o,0.004050929091511412,0.004050929091511412,0.9112253779868029
Prkd2,-0.06476248024007177,0.06476248024007177,0.074372802828138
Glyr1,0.008083403621182763,0.008083403621182763,0.8239395430577761
1700017B05Rik,0.04162506065182834,0.04162506065182834,0.251740666204834
Tsg101,0.004216486470006696,0.004216486470006696,0.9076131560391005
Ddx42,0.01581520137076692,0.01581520137076692,0.6633413480408563
Itgb2,0.1528166236822293,0.1528166236822293,2.3285875789474787e-05
Setd2,-0.004668458316501564,0.004668458316501564,0.8977617057425392
Csrp1,-0.016214691598984893,0.016214691598984893,0.6553792767120661
Otub1,-0.05451680355667388,0.05451680355667388,0.1332088278323101
Cd52,-0.13925165282722105,0.13925165282722105,0.00011746194121590814
Armc1,0.04811073660184682,0.04811073660184682,0.1852024471209125
Lmo4,-0.10735093884989594,0.10735093884989594,0.003045014495320788
Sart1,-0.02295037228900507,0.02295037228900507,0.5275568510494902
Wasf2,0.07512744996822104,0.07512744996822104,0.03839257058105746
Mtpn,0.016510083347257443,0.016510083347257443,0.6495169248878974
Exoc3,0.04109398026680163,0.04109398026680163,0.25784633105049226
Slain2,0.07073206056343233,0.07073206056343233,0.051273867386761963
Dnajb11,0.07119440241483987,0.07119440241483987,0.049767870718031355
AB124611,-0.13271698327249878,0.13271698327249878,0.00024352564419564157
Fmnl1,-0.029007783560649848,0.029007783560649848,0.4245565096200622
Nmt1,0.059238461553285215,0.059238461553285215,0.10271385440374724
Stat4,0.15323267238665597,0.15323267238665597,2.2108388244924436e-05
Cdkn2aip,0.03783747326760865,0.03783747326760865,0.297521442851903
Nfil3,0.15477084467678387,0.15477084467678387,1.8227669241260113e-05
Fam120a,0.00915281869452874,0.00915281869452874,0.8011061846214635
Mrpl22,0.06469781636961836,0.06469781636961836,0.0746632085655295
Ctps2,-0.008009915959006585,0.008009915959006585,0.8255143092328443
Eif6,-0.00566714638217473,0.00566714638217473,0.8760515127625409
Tmem214,-0.004708069286175709,0.004708069286175709,0.8968990479276784
Eif2b4,0.00027473442359432715,0.00027473442359432715,0.9939669020542246
Anapc5,0.03461056984388807,0.03461056984388807,0.34065972147662754
Eif5,0.006266142791251579,0.006266142791251579,0.8630735533313731
Surf1,0.0036645225675499236,0.0036645225675499236,0.9196632076393759
Pcf11,0.10012142840716201,0.10012142840716201,0.005735029709264242
Trabd,0.0703713120647444,0.0703713120647444,0.0524752212868777
Carhsp1,0.06518508937952541,0.06518508937952541,0.07249747121605887
Fam103a1,-0.04179259027369453,0.04179259027369453,0.2498356807029657
Hist1h1c,-0.03598071484367101,0.03598071484367101,0.32187705833486113
Mad2l2,0.05179665397924566,0.05179665397924566,0.1537118022552725
Ahcyl1,0.030072113192338715,0.030072113192338715,0.40775340871170984
Cpsf7,-0.002760359934382833,0.002760359934382833,0.9394407693161234
Commd7,0.05170411567620887,0.05170411567620887,0.15444922607692377
Ubr4,0.026853018163690918,0.026853018163690918,0.4597846967211241
1300014I06Rik,-0.03849023170648292,0.03849023170648292,0.2892589767829984
Tm2d2,0.03385821584316795,0.03385821584316795,0.35126547605160036
Eci2,-0.030387534814424078,0.030387534814424078,0.4028507179295533
Nedd9,-0.03910315706041727,0.03910315706041727,0.2816424380162094
Ddx19a,0.0656655069464017,0.0656655069464017,0.07041272549274227
Pppde2,0.029632745685502403,0.029632745685502403,0.4146414581231032
Mrpl46,0.006221191539718328,0.006221191539718328,0.8640462410286254
Rest,0.05885594730368503,0.05885594730368503,0.10495729688108546
Gls,0.06299549478688458,0.06299549478688458,0.08264671738123215
H2-DMb1,-0.03232427151567436,0.03232427151567436,0.37352793434144926
Pgs1,-0.03541495997661072,0.03541495997661072,0.32954938343210305
Magt1,0.010431708919601266,0.010431708919601266,0.7740228697197524
Col1a1,-0.5931260280608568,0.5931260280608568,2.1177486202672896e-73
Rexo2,0.04806829550418176,0.04806829550418176,0.1855908961649582
Irak2,0.11530063757748192,0.11530063757748192,0.001452489837856781
Map4k1,-0.1043568092300251,0.1043568092300251,0.003976115590316205
Ppil1,-0.03651155375514876,0.03651155375514876,0.3147849150958188
Cdk12,0.0753706665036194,0.0753706665036194,0.037768226951814345
Raf1,-0.0860456512442736,0.0860456512442736,0.01766280406937956
Brox,0.00659517259267286,0.00659517259267286,0.8559601672126993
D6Wsu116e,0.012701249059153348,0.012701249059153348,0.7266486430638878
Cd9,0.1138682166577946,0.1138682166577946,0.0016654443869377046
Mrps24,0.08547943835084308,0.08547943835084308,0.018426134685997412
Gm11974,0.02443740038163087,0.02443740038163087,0.5011482164542035
Degs1,0.1018564355957946,0.1018564355957946,0.004943704321210362
Wdr12,-0.053298026549481105,0.053298026549481105,0.14211775550298905
Gngt2,-0.016738846764151907,0.016738846764151907,0.6449916925350577
Triap1,-0.009938486637207262,0.009938486637207262,0.7844374190995422
Pdcd7,-0.02412611322800188,0.02412611322800188,0.506618023977089
Sf3b3,0.04700186255202307,0.04700186255202307,0.1955498918224117
Rprd2,0.03269521079645265,0.03269521079645265,0.3680660731154531
Hexa,0.06824655511174448,0.06824655511174448,0.06003672731772261
Hmg20b,-0.02154297869337624,0.02154297869337624,0.5531877053078087
Ankrd33b,0.15428168436703973,0.15428168436703973,1.9385459046726807e-05
Ccm2,-0.12296713604820775,0.12296713604820775,0.0006805649707474793
Srsf9,0.007106850164214076,0.007106850164214076,0.8449214414441938
Lactb,0.10156981569906318,0.10156981569906318,0.005067224484434686
Fam55c,0.05278430820979383,0.05278430820979383,0.14600693766600556
Atg4b,2.1745439485637096e-06,2.1745439485637096e-06,0.9999522471148045
2010107H07Rik,0.013574427729223692,0.013574427729223692,0.7086852663167498
Myo1g,0.0045636778839753,0.0045636778839753,0.9000442196026006
Zfp318,-0.036210928951430445,0.036210928951430445,0.31878865413085
Mrpl14,0.08152441618842278,0.08152441618842278,0.024607081611235624
Gabpb1,0.07626004671421523,0.07626004671421523,0.03555804730161448
Foxp1,-0.022492493840886394,0.022492493840886394,0.5358287736569661
Zfp207,0.08738148289242582,0.08738148289242582,0.01597060661834595
Htra2,0.020494152913789643,0.020494152913789643,0.5726764843372881
Acadvl,0.01731252384991257,0.01731252384991257,0.6337014871261407
Ublcp1,-0.10940324707503997,0.10940324707503997,0.0025265381041316972
1500011K16Rik,0.033817561711790234,0.033817561711790234,0.35184445260423225
Med11,0.007801889725521867,0.007801889725521867,0.8299758811671242
Gpi1,-0.02116765133147307,0.02116765133147307,0.5601244660968736
Pdcd2l,0.04155247529566287,0.04155247529566287,0.25256916817976466
Cd22,-0.11438031079921797,0.11438031079921797,0.0015862220221858252
Psenen,-0.06097298921726591,0.06097298921726591,0.09301461074310377
Sms,0.0008867602639220953,0.0008867602639220953,0.9805287145570817
Evi2b,-0.06934740595457602,0.06934740595457602,0.056013547861252504
Man2a1,0.060776266361766446,0.060776266361766446,0.09407634030892333
Hmha1,-0.17628845057457135,0.17628845057457135,1.006891130774095e-06
Xpo1,0.1247285666734511,0.1247285666734511,0.0005682429576816031
Npc2,0.015747421245189856,0.015747421245189856,0.6646960501752593
Jmjd6,0.009327357831463327,0.009327357831463327,0.7973950464370261
Isca2,-0.02823613238818033,0.02823613238818033,0.4369875914875739
Mtif2,-0.011610816987906825,0.011610816987906825,0.7492927670338446
Ccdc117,-0.036613997658886004,0.036613997658886004,0.31342812956002564
Gsn,-0.13600404388189724,0.13600404388189724,0.00016944634352058694
Pcyt2,0.040564468111239,0.040564468111239,0.2640352609208753
Sav1,0.019592919464214275,0.019592919464214275,0.5896783355960211
Thbs1,-0.03177474567741517,0.03177474567741517,0.3817108515582244
Timp2,-0.0713780893778393,0.0713780893778393,0.049179906697514125
Prorsd1,-0.026381822193805138,0.026381822193805138,0.4677002773317223
Rab28,0.0314211902841859,0.0314211902841859,0.38703316878028904
Max,0.0029958273525491535,0.0029958273525491535,0.9342860899565414
Ankrd17,0.08594891948003675,0.08594891948003675,0.01779121863445335
Rnft1,0.07319110838976671,0.07319110838976671,0.04368253490548995
Eif3a,0.12207379489111474,0.12207379489111474,0.0007450981094773729
Isg20l2,-0.011864093418150696,0.011864093418150696,0.7440130890903819
Tmem55b,-0.1268350260085562,0.1268350260085562,0.0004565906900546431
Ehmt2,-0.024082704072808353,0.024082704072808353,0.5073832724021387
Btf3l4,-0.06985218839716043,0.06985218839716043,0.0542451338099527
Ppp1r12a,0.02073237354146119,0.02073237354146119,0.5682215494435052
Hnrnpm,0.04618658344004811,0.04618658344004811,0.20342314172713444
Ccdc59,0.059382364748661945,0.059382364748661945,0.10187978377784891
Msl1,0.057964282448515696,0.057964282448515696,0.11033763948598002
Qk,0.06400522188683151,0.06400522188683151,0.0778319978692336
Ttc3,0.07718827413277202,0.07718827413277202,0.03336974078664996
Becn1,0.03550005866356901,0.03550005866356901,0.32838784770605917
Tgfbr1,-0.007043468201696212,0.007043468201696212,0.8462872165233056
Phf20l1,0.06100012951700597,0.06100012951700597,0.09286888870386398
Ly6c1,0.0013310645546061005,0.0013310645546061005,0.9707764074960522
Bach2,0.004270232574560614,0.004270232574560614,0.9064409001765296
Rsbn1,0.12428708715709327,0.12428708715709327,0.000594651662239751
Pigx,0.007528756614564839,0.007528756614564839,0.8358421065750542
Zranb2,0.08591354883577529,0.08591354883577529,0.01783837776207322
Eif3l,-0.01599224904822724,0.01599224904822724,0.6598079343652494
Tnfrsf13c,-0.15860769354304805,0.15860769354304805,1.117185388573318e-05
Hiat1,0.025168843399907073,0.025168843399907073,0.4884195033548789
Nr4a1,0.05786993162193425,0.05786993162193425,0.11091945284020424
Zfp706,-0.012650776621692351,0.012650776621692351,0.7276916941530226
Thoc7,0.03328051344450552,0.03328051344450552,0.3595493712135801
Clpp,-0.029976857485078195,0.029976857485078195,0.40924094439752134
Snx18,0.07047554891876977,0.07047554891876977,0.052125705966869273
Smndc1,0.031995208281609164,0.031995208281609164,0.37841487291965364
Itprip,0.04825799096328624,0.04825799096328624,0.18385933179013786
Srsf6,-0.010120319952960555,0.010120319952960555,0.7805933549655537
Fam133b,0.07142405735805757,0.07142405735805757,0.04903368119669661
Noc2l,-0.02523202385218794,0.02523202385218794,0.4873282460779537
3230401D17Rik,-0.06086878411003669,0.06086878411003669,0.09357581253358692
Klc1,0.09458944845615927,0.09458944845615927,0.009075121368033966
Cisd1,0.040047777239999756,0.040047777239999756,0.2701721625206781
Hist1h4i,-0.058562794654869674,0.058562794654869674,0.1067027702668536
Mta2,-0.05536275637039731,0.05536275637039731,0.12728320956542608
Ttc9c,0.04310296104750514,0.04310296104750514,0.2352819070313069
Wdr74,0.006614620303788674,0.006614620303788674,0.8555400812278812
Fam54b,-0.06271920307931107,0.06271920307931107,0.08400534289190084
Hist3h2a,0.0010287295388267765,0.0010287295388267765,0.9774121585707647
Pofut2,0.05956068881994565,0.05956068881994565,0.1008536834150778
Nudc,0.05026432511517953,0.05026432511517953,0.16627087379292144
Actl6a,-0.03348722301754064,0.03348722301754064,0.3565713161014173
Nsf,0.11118892950400652,0.11118892950400652,0.0021424149280915086
Ccdc127,0.06978645690243128,0.06978645690243128,0.054472745784334704
Tmbim4,0.11036924442905377,0.11036924442905377,0.002311567801217313
Ttc14,-0.0602073080366356,0.0602073080366356,0.09720171670557749
Hexb,0.0010135524395306723,0.0010135524395306723,0.9777453156314404
Twsg1,0.01850065347866786,0.01850065347866786,0.6105896818268748
Eif2b2,-0.003894149545513459,0.003894149545513459,0.9146477704011612
Nfatc1,0.10814600836848515,0.10814600836848515,0.0028336348836607416
Erdr1,0.07271804114716714,0.07271804114716714,0.04506448476873122
Eif2s3x,-0.02706486039024895,0.02706486039024895,0.45625051425770885
Gtf2e2,-0.003279320753249431,0.003279320753249431,0.9280837267141029
Fam117b,0.08074977693814367,0.08074977693814367,0.026008172580809518
Tex261,0.06295993257568719,0.06295993257568719,0.08282058643951232
1110059G10Rik,-0.009034494955448922,0.009034494955448922,0.8036245987831925
Ifi30,-0.07273756063745669,0.07273756063745669,0.045006744214892584
Clec3b,-0.0664847883287074,0.0664847883287074,0.06697087587157258
Rps11,-0.1947340737203126,0.1947340737203126,6.24992172759963e-08
Pgls,-0.06719041183708527,0.06719041183708527,0.06411843382465258
Mecp2,0.021156345709236236,0.021156345709236236,0.5603340665141323
Adpgk,0.03909357333887196,0.03909357333887196,0.28176047553577843
Pepd,0.05829018672006309,0.05829018672006309,0.1083464453205393
Gfpt1,0.09619150162917857,0.09619150162917857,0.00796363984359736
Cyld,0.1300421833047464,0.1300421833047464,0.00032515475311282945
Cox5a,0.007153793587382911,0.007153793587382911,0.8439101888834156
Eefsec,-0.01794658343788482,0.01794658343788482,0.6213212999643064
Apoe,-0.0233185065127565,0.0233185065127565,0.5209536820291626
Acadl,0.08361738947292076,0.08361738947292076,0.021143255112065613
Gt(ROSA)26Sor,0.007988983683336882,0.007988983683336882,0.8259629952383105
Arpc4,-0.03951722498435807,0.03951722498435807,0.27657454906247697
Ei24,-0.008177409620062148,0.008177409620062148,0.8219261213312775
Nfatc3,0.011722811105945478,0.011722811105945478,0.7469567287769003
Slc7a6os,0.03334333477417208,0.03334333477417208,0.35864266218034974
Ifi203,0.02454068615338254,0.02454068615338254,0.4993402457029899
Tsen34,0.03910334632152981,0.03910334632152981,0.2816401073265548
A530032D15Rik,0.25795014062867017,0.25795014062867017,5.120685936663589e-13
Igbp1,-0.040797823111401614,0.040797823111401614,0.2612953233506246
Myo1e,0.09969175492447761,0.09969175492447761,0.005947837109134218
Casp1,0.10914776938677893,0.10914776938677893,0.002586365081310017
Cr2,-0.06231868119046507,0.06231868119046507,0.0860068310734128
Vdac3,0.024954415206358365,0.024954415206358365,0.49213290589938813
Katna1,0.06831386222433801,0.06831386222433801,0.059784063646259815
Mob2,-0.026120957362501848,0.026120957362501848,0.47211472885936284
Btk,-0.0437206632837089,0.0437206632837089,0.22863313974522054
Echs1,0.031110694952125872,0.031110694952125872,0.3917443337675991
Ilk,0.017174944527205426,0.017174944527205426,0.6364014871595888
Stx11,0.10387757532364571,0.10387757532364571,0.0041470744850266
Ngfrap1,0.0005246767807576117,0.0005246767807576117,0.9884785216300165
Col3a1,-0.5611863021327709,0.5611863021327709,2.852009649080862e-64
Atxn2l,0.09435310253387712,0.09435310253387712,0.00925029893805989
Rpia,-0.05858161677818676,0.05858161677818676,0.10659001518227867
Orc2,0.05484836182458436,0.05484836182458436,0.13086147073867746
Rps13,-0.14530871192394898,0.14530871192394898,5.8037954043962755e-05
Bet1,0.0838272909967899,0.0838272909967899,0.02082047516093897
Kdm5a,0.154234405544169,0.154234405544169,1.950099457477314e-05
Aplp2,0.07905200834839582,0.07905200834839582,0.029321459668513915
Rexo1,0.009485226797418062,0.009485226797418062,0.7940422874588733
Impdh1,0.019066298298786716,0.019066298298786716,0.5997193731261069
Dlat,-0.012471692191603634,0.012471692191603634,0.7313966614744128
Fam3c,-0.020069378805732202,0.020069378805732202,0.5806609394640382
Slc4a7,0.09402855299620973,0.09402855299620973,0.009495758025224517
Snrpd3,-0.03985299879626228,0.03985299879626228,0.2725107464726024
Cerk,0.011649111427633183,0.011649111427633183,0.7484937398713093
Mob3a,-0.004277055643409755,0.004277055643409755,0.9062920967716842
Gtf2f2,0.08527214516313343,0.08527214516313343,0.01871271490501269
Ankrd44,0.005880721151882123,0.005880721151882123,0.8714201612248264
Pink1,-0.023286082870719083,0.023286082870719083,0.521533549608555
Stk40,0.0150716196628457,0.0150716196628457,0.6782622980688786
Khdrbs1,0.03820390123563037,0.03820390123563037,0.29286409665731616
Sumo1,0.04355885886869149,0.04355885886869149,0.23036170803433123
D10Jhu81e,0.09184484430322137,0.09184484430322137,0.011303420123166619
Polr2e,0.06105596380053447,0.06105596380053447,0.09256967774270798
Ubn1,0.028086541368166764,0.028086541368166764,0.43942144071424827
Utp11l,0.029680248431226894,0.029680248431226894,0.4138934545339332
Pfkl,0.04990484052153106,0.04990484052153106,0.16932578043644977
Mtmr6,0.058457188366327115,0.058457188366327115,0.1073371618945719
Dnajc21,0.04361128997236966,0.04361128997236966,0.2298005701511185
Mrp63,-0.038870105489320544,0.038870105489320544,0.2845223054850345
Tmod3,0.0039752912631595624,0.0039752912631595624,0.9128762998582386
Rpgrip1,-0.01933429575452923,0.01933429575452923,0.5945998301352962
Zfp622,-0.04569251360141083,0.04569251360141083,0.20830514968669456
Dap,0.02598210957962761,0.02598210957962761,0.47447367308024196
Ppt1,-0.05318922432196729,0.05318922432196729,0.14293476028925897
Ndufs7,0.06548171550981259,0.06548171550981259,0.07120440641147392
Ccdc23,-0.06931661470783017,0.06931661470783017,0.05612295227331557
Psmd11,-0.006958113815354459,0.006958113815354459,0.8481271882857931
Rnps1,0.022561806016285033,0.022561806016285033,0.5345724214525789
Slfn2,-0.25271089851012607,0.25271089851012607,1.5452646922548627e-12
Stk4,0.014076254659753944,0.014076254659753944,0.6984334395832358
3110040N11Rik,0.02554872203488906,0.02554872203488906,0.48187806625699686
Ubxn1,-0.07193044630050088,0.07193044630050088,0.04744680983790305
1110008F13Rik,0.03621108019740754,0.03621108019740754,0.31878663149815967
Vps36,0.0646198178348572,0.0646198178348572,0.07501472975213146
Tle4,0.13036790107681095,0.13036790107681095,0.0003139987065859979
Irf1,0.1346648784048171,0.1346648784048171,0.000196623071662341
Ahcy,-0.005482484627987665,0.005482484627987665,0.880059311356854
Zcchc10,-0.044916749291118455,0.044916749291118455,0.21614075796120988
Cd63,-0.040379192343025234,0.040379192343025234,0.26622471214209614
Naa20,-0.03103217835256581,0.03103217835256581,0.3929411499664083
Clk4,0.05500971146043341,0.05500971146043341,0.1297307958664808
Bloc1s2,0.06129297206801662,0.06129297206801662,0.09130816107422157
Canx,0.08341754096636034,0.08341754096636034,0.02145461021238201
Cds2,-0.0034358420583053243,0.0034358420583053243,0.9246611446193738
Phyh,-0.019838521256800665,0.019838521256800665,0.5850220660857769
1700020I14Rik,0.09618223385957954,0.09618223385957954,0.007969703187751538
Setx,0.06087966091272741,0.06087966091272741,0.09351710855767281
Spna2,0.13851271626207637,0.13851271626207637,0.00012776540315426418
Smek2,0.15345931550737166,0.15345931550737166,2.149097602528331e-05
Caprin1,0.038886062840435796,0.038886062840435796,0.2843244852235736
Ikzf1,-0.040111682841241225,0.040111682841241225,0.2694078888789262
Slc43a3,-0.00752429716062311,0.00752429716062311,0.835937961233365
Pigt,-0.0029636811369418772,0.0029636811369418772,0.9349896540461086
Aasdhppt,-0.08386392770045226,0.08386392770045226,0.0207645779824472
Sf3b2,-0.07498098078825027,0.07498098078825027,0.03877276876346936
Grap,-0.09596690347632458,0.09596690347632458,0.008111747428024303
Zfp292,-0.02022288183389043,0.02022288183389043,0.5777695524553635
Sdf2,0.09351659492190047,0.09351659492190047,0.009894751392336372
Ube2m,-0.002542458852270188,0.002542458852270188,0.9442131612250186
Gigyf2,0.05102021967180718,0.05102021967180718,0.15998248430516077
Aurkaip1,-0.05841748146159808,0.05841748146159808,0.1075764566432507
Acd,-0.07149975307313045,0.07149975307313045,0.04879368457030474
Dusp1,0.04109685894021935,0.04109685894021935,0.2578129619158278
Trappc6a,0.024573435214395093,0.024573435214395093,0.498767710955925
Dus1l,0.06312843732248205,0.06312843732248205,0.0819993545932164
Anp32e,0.15807466138833076,0.15807466138833076,1.1966349769764047e-05
Ltbp4,-0.07748868920181015,0.07748868920181015,0.032686601947965126
H2-K1,0.23185263405939854,0.23185263405939854,9.828029848731301e-11
S100a11,0.13744560186980748,0.13744560186980748,0.00014415404479915724
Rdbp,-0.057367540775431214,0.057367540775431214,0.11405824685204136
Prr3,0.07674732174202342,0.07674732174202342,0.03439451950641257
Rbmxl1,-0.029089432143506087,0.029089432143506087,0.42325335180100493
Znrd1,0.010878381172352798,0.010878381172352798,0.7646260825680978
0610010K14Rik,-0.08588264684019999,0.08588264684019999,0.017879668340026193
Plin3,0.07997920796820712,0.07997920796820712,0.027469661214354797
Rpl18,-0.13966657594921614,0.13966657594921614,0.00011202456651415745
5430437P03Rik,-0.04990430356848757,0.04990430356848757,0.1693303746859857
Hdac3,-0.01483368368937658,0.01483368368937658,0.6830638635889179
Lman1,0.11641501713508193,0.11641501713508193,0.0013044662648249257
Tspan31,0.0831141379139679,0.0831141379139679,0.021934913711517172
Ube2j2,0.0009943434458595508,0.0009943434458595508,0.9781669835630541
2700094K13Rik,-0.07614062736543212,0.07614062736543212,0.0358482595628576
Ccdc115,0.07203620783571128,0.07203620783571128,0.04712088335728747
Arih2,0.06036934749020914,0.06036934749020914,0.09630328659135973
Laptm4a,0.058008684180343044,0.058008684180343044,0.1100646705287852
2210016F16Rik,0.10756135336749466,0.10756135336749466,0.0029877192914999047
Ywhaq,0.09959211010237748,0.09959211010237748,0.005998192270599967
Cox7b,0.00775867390484726,0.00775867390484726,0.8309034296177691
Ankrd13a,0.05979820980452531,0.05979820980452531,0.09949973867388932
Dnajb9,0.079035545446282,0.079035545446282,0.02935528493397834
Psmc2,0.05709673419365639,0.05709673419365639,0.11577888571866359
Jkamp,0.07439034027912463,0.07439034027912463,0.04033848248959107
Mid1ip1,0.019860308624452365,0.019860308624452365,0.5846098326509851
Fam50a,0.0405792692591064,0.0405792692591064,0.2638608880985222
Strn3,0.03082883724319938,0.03082883724319938,0.39605090977721846
6430527G18Rik,0.06411221991157795,0.06411221991157795,0.07733543508658151
Lrpap1,0.030576032216166185,0.030576032216166185,0.3999377534628423
Wdr45l,0.007492491345248446,0.007492491345248446,0.8366216883721833
0610007L01Rik,0.10726689144368629,0.10726689144368629,0.003068178533318807
Atrx,0.13101879761335086,0.13101879761335086,0.000292768303762307
Sidt2,-0.00401407187441241,0.00401407187441241,0.9120298009481412
Stat6,0.023780393841911013,0.023780393841911013,0.5127293735744266
Prpf39,0.033959573269684726,0.033959573269684726,0.3498246178300723
Pnn,0.10616482738309622,0.10616482738309622,0.003387114572451184
Icam1,0.00679006962287709,0.00679006962287709,0.8517520976158404
Rnf20,0.048033708281910406,0.048033708281910406,0.18590790575101004
Rasgrp2,-0.0804467498709693,0.0804467498709693,0.02657470001339806
Heatr6,-0.009303802244081404,0.009303802244081404,0.7978956323717695
Vps37a,0.09259713282008739,0.09259713282008739,0.010648895182466589
0610037P05Rik,-0.031964083906053424,0.031964083906053424,0.37887912804638435
Golga5,-0.006064928111726468,0.006064928111726468,0.8674291730588256
Ppil2,0.0813759873711535,0.0813759873711535,0.024870375400481128
Arl2,0.012224903398438534,0.012224903398438534,0.7365125670263001
Ing2,0.16592574141729696,0.16592574141729696,4.252557412780822e-06
Cd72,-0.08096431525030937,0.08096431525030937,0.025613408268386394
Tapbpl,0.032344623423290184,0.032344623423290184,0.373226972587097
AK010878,0.057733189527055286,0.057733189527055286,0.11176695885769308
E330033B04Rik,0.015732733202507,0.015732733202507,0.6649897602512849
Zfp672,-0.08674687388305201,0.08674687388305201,0.016755910531307712
Ttpal,-0.05466360950839887,0.05466360950839887,0.13216549352148674
Scamp4,0.03744488573603902,0.03744488573603902,0.30256581331249227
Ly6a,0.10994114434471419,0.10994114434471419,0.0024046846906775423
Nrd1,0.12136949533941536,0.12136949533941536,0.0007999247810752916
2610524H06Rik,-0.07288009027533489,0.07288009027533489,0.04458701194892811
Ostf1,-0.023154358472356803,0.023154358472356803,0.5238927253045984
Cfl2,0.011612517101541221,0.011612517101541221,0.7492572878506838
Nol12,-0.06150338216171897,0.06150338216171897,0.09019980999504955
Paf1,0.048591400393501905,0.048591400393501905,0.18084491379210757
Hmgn5,0.065155881016418,0.065155881016418,0.07262582854979108
Sorl1,-0.107564611070334,0.107564611070334,0.0029868399976703615
Mfap5,-0.08932635195548808,0.08932635195548808,0.013761463782362125
Pnkd,0.05576243842716159,0.05576243842716159,0.12455574110844334
Ctdsp1,-0.01682045254741123,0.01682045254741123,0.6433805850572577
AI316807,-0.002730633080969885,0.002730633080969885,0.9400917122695771
Stt3a,0.03174850059031539,0.03174850059031539,0.382104390567199
Dapk3,-0.00033489181517458357,0.00033489181517458357,0.9926458950439921
Msi2,0.023870187128378507,0.023870187128378507,0.511138402161557
Rsrc2,0.026750649412156532,0.026750649412156532,0.46149798955388177
Creld2,0.06938714288614202,0.06938714288614202,0.05587262057343215
Snhg1,-0.012943239156682,0.012943239156682,0.7216547870098518
Aga,0.1003857127961016,0.1003857127961016,0.00560756424020266
Prosc,0.024200107308822712,0.024200107308822712,0.5053149992587681
Esam,-0.01706798907503561,0.01706798907503561,0.6385038302184628
Tomm20,-0.0010862738847218258,0.0010862738847218258,0.9761490215776648
Ccl2,-0.1326283356707357,0.1326283356707357,0.00024589133257433356
Pip4k2c,0.014949344292299646,0.014949344292299646,0.6807282107335229
Copa,-0.0669716019306992,0.0669716019306992,0.06499205019497174
Fam174a,0.00782618571324711,0.00782618571324711,0.8294545160207742
Ascc3,0.09442470142304729,0.09442470142304729,0.00919691513711909
Irak1,0.007643288969477929,0.007643288969477929,0.8333811046907299
Tbc1d15,0.13174540037355417,0.13174540037355417,0.0002706571180067473
Arhgef6,0.06317853378010081,0.06317853378010081,0.08175647752528185
Nudt3,-0.037477285632723664,0.037477285632723664,0.30214736919315155
Prkaca,0.06265335124450232,0.06265335124450232,0.0843318085497065
Notch2,-0.06299967700888491,0.06299967700888491,0.08262628928061708
Kctd20,0.030250236033752254,0.030250236033752254,0.40498044521162874
Prpf8,0.019590764225040795,0.019590764225040795,0.5897192713046464
Gpank1,-0.040712179405483676,0.040712179405483676,0.26229862111356345
Lsm14a,0.046614380498972104,0.046614380498972104,0.19926360108014668
Sdhaf1,-0.06578178546922825,0.06578178546922825,0.06991558870069522
Egln2,0.02404393252745415,0.02404393252745415,0.5080672774869291
Snrpa,-0.03452859544771882,0.03452859544771882,0.34180525542628915
Polr2b,0.057333853301070666,0.057333853301070666,0.11427118820854859
Ube2g1,0.03430310629876545,0.03430310629876545,0.34496897796485987
Rgl2,-0.08833460308473862,0.08833460308473862,0.014851834803284029
Gabpb2,0.031973171277609944,0.031973171277609944,0.3787435435164605
C1qbp,-0.061272733230803664,0.061272733230803664,0.0914153442435929
Gba,0.003941422932038861,0.003941422932038861,0.9136156548017046
Abhd16a,-0.0011556171223243011,0.0011556171223243011,0.9746269705872586
Pold1,-0.0336317611612677,0.0336317611612677,0.3544982055831662
Srf,0.009890483299535593,0.009890483299535593,0.7854531186884094
Pitpna,0.015636444249089623,0.015636444249089623,0.6669164758287333
Rbm4,-0.020337995105956675,0.020337995105956675,0.5756057228064597
Ndufv1,0.01933551317934341,0.01933551317934341,0.5945766192593491
Cndp2,-0.027421521868839595,0.027421521868839595,0.4503348840275716
Fam38a,0.017512324885269253,0.017512324885269253,0.6297890433986914
Prpsap2,-0.0028589729967094467,0.0028589729967094467,0.9372816840519234
Sec11c,0.07301458567531495,0.07301458567531495,0.044193966730233306
Wsb1,0.1098023739166249,0.1098023739166249,0.0024355965056492178
Etf1,0.03165978576486859,0.03165978576486859,0.38343648625008
Map3k2,0.07557017318711445,0.07557017318711445,0.03726254340095819
Cblb,0.1239376254531151,0.1239376254531151,0.0006163596318291291
Pxmp3,0.03216461977924143,0.03216461977924143,0.37589404421903866
Churc1,-0.10335172304013916,0.10335172304013916,0.004342300155756839
Fam60a,-0.02005857920356505,0.02005857920356505,0.5808646154185548
Birc6,0.06815133140521826,0.06815133140521826,0.06039569581790996
Ndufv2,-0.03398330825605547,0.03398330825605547,0.3494877520524665
Smpdl3a,-0.016644040858612857,0.016644040858612857,0.6468654947325355
Nip7,0.02420106256533757,0.02420106256533757,0.505298188859873
Fam32a,-0.004187275541827753,0.004187275541827753,0.9082503597728173
Uhrf1bp1l,0.0458246689702975,0.0458246689702975,0.20699106645286858
2310044G17Rik,0.004377547499795403,0.004377547499795403,0.9041008661677437
Ppp2r1a,0.010711220758673689,0.010711220758673689,0.7681387240298427
Ugdh,-0.0490562990976382,0.0490562990976382,0.1767030322435236
Crk,-0.012888867005522173,0.012888867005522173,0.7227758220103002
Mrpl40,0.030027315805352693,0.030027315805352693,0.40845257433483556
Ddx10,-0.05795542407973869,0.05795542407973869,0.11039216197283594
Shc1,-0.0005841494886180527,0.0005841494886180527,0.9871726555765887
Pwwp2a,0.0880905355694606,0.0880905355694606,0.015131552240935119
Krcc1,0.0682465113531119,0.0682465113531119,0.06003689186993199
Kdm3a,0.07999646718033245,0.07999646718033245,0.027436168355968217
Clint1,0.0674269732061987,0.0674269732061987,0.0631848529587842
Cmtm6,0.028811143418198997,0.028811143418198997,0.4277045869715318
Tpp1,0.05725948385118918,0.05725948385118918,0.11474238946413225
Rnf44,0.0044483119675935235,0.0044483119675935235,0.9025582791730842
Cd2bp2,0.07886395701017793,0.07886395701017793,0.02970983564861749
Tmed9,-0.005540381858944012,0.005540381858944012,0.878802406245686
Lck,0.020255077753222387,0.020255077753222387,0.5771639683017232
Bcap29,-0.014236411365391556,0.014236411365391556,0.6951730136285333
Flnb,0.06315313532362571,0.06315313532362571,0.08187954113781358
Cmc1,0.08642446388231215,0.08642446388231215,0.017167690099737013
Mapk1ip1l,0.03161171803092448,0.03161171803092448,0.38415943038352524
Tnni2,0.14049163123820907,0.14049163123820907,0.00010190907809327373
Irgm1,0.07882442742422333,0.07882442742422333,0.02979203392457466
Cat,-0.006133300687678877,0.006133300687678877,0.8659486797442191
Gtf3a,-0.002442593333964021,0.002442593333964021,0.9464010586320807
Ebpl,0.11110741473165651,0.11110741473165651,0.002158714542221601
Gng12,-0.0021667172942462193,0.0021667172942462193,0.9524471182883624
Mga,0.05779759516743072,0.05779759516743072,0.11136714979337467
Ifitm3,-0.017588366383509187,0.017588366383509187,0.6283027329185362
Chd8,0.04257039452085909,0.04257039452085909,0.24112299192021067
Cnot4,0.06653689917986176,0.06653689917986176,0.06675671472968436
Smarcc1,0.024610940243126527,0.024610940243126527,0.49811245812965893
Rars,0.04604434104694382,0.04604434104694382,0.2048200674277816
Usp12,0.04342269165247063,0.04342269165247063,0.2318235612780529
Nedd8,-0.006668513259029198,0.006668513259029198,0.8543761644804934
Mphosph8,0.01884533540199557,0.01884533540199557,0.6039553349893371
Tmem183a,0.013665068919123523,0.013665068919123523,0.706829590053944
Pold2,0.028921326361035136,0.028921326361035136,0.4259389636089818
Ccng1,0.020569370564798843,0.020569370564798843,0.5712680617752213
Ewsr1,-0.07037187118679303,0.07037187118679303,0.05247334129805782
Hpcal1,0.0491250159722715,0.0491250159722715,0.17609685245658868
Txndc15,0.06418572154054901,0.06418572154054901,0.07699581929993803
Rtn4,0.10390703024292297,0.10390703024292297,0.004136377967312419
Ftsj3,0.09119088967545609,0.09119088967545609,0.011901098125826296
Rcc2,-0.014046325916279254,0.014046325916279254,0.6990433391712816
Aldoa,0.12968960668159302,0.12968960668159302,0.00033764738475158937
Snx17,0.00896204384638422,0.00896204384638422,0.8051676620917927
Mocs2,-0.008521550385847121,0.008521550385847121,0.8145653866645911
Lzic,0.013700921743973018,0.013700921743973018,0.7060960623135377
2610002J02Rik,0.03221588845592762,0.03221588845592762,0.37513321486371726
Arpc3,0.13742546285832655,0.13742546285832655,0.00014448154218053144
Ube2e3,0.039586244343740654,0.039586244343740654,0.2757358732954607
Ppie,-0.0009287865984027295,0.0009287865984027295,0.9796061056636681
Limd1,-0.016153890735087054,0.016153890735087054,0.6565885821263447
Eif4a3,0.06607719158902746,0.06607719158902746,0.0686655309947314
Gatad1,0.004192158200841475,0.004192158200841475,0.9081438459137957
Eif3c,0.10961706272827772,0.10961706272827772,0.0024774414803513047
Ssu72,-0.12535152521657558,0.12535152521657558,0.0005328287594826195
Got1,0.1577391165194213,0.1577391165194213,1.2493785163566705e-05
Nxt1,0.01682568618613737,0.01682568618613737,0.6432773165730467
Tdp2,0.029918515590966144,0.029918515590966144,0.4101536142792642
Ube2d1,0.09483215655924841,0.09483215655924841,0.008898310547641466
Wipf1,-0.06753138584460963,0.06753138584460963,0.06277637364506353
Celf1,0.07183956744798532,0.07183956744798532,0.047728381413895994
Rpl4,-0.25463822757963206,0.25463822757963206,1.03230713978753e-12
Pabpc1,-0.14117515683721238,0.14117515683721238,9.418701807261748e-05
D19Wsu162e,0.0236045413024911,0.0236045413024911,0.5158526014018037
Cisd3,0.03245016633491845,0.03245016633491845,0.3716686204185978
Psmb3,-0.027549534610003652,0.027549534610003652,0.4482222718235636
Rassf2,-0.08726797652486806,0.08726797652486806,0.016108648194335953
Coq5,0.03130721534384387,0.03130721534384387,0.38875849670368867
Oaz2,-0.004565784980048417,0.004565784980048417,0.8999983108919561
Rbm26,-0.03771714231271541,0.03771714231271541,0.2990615818045341
Dgkz,0.0031302777738186106,0.0031302777738186106,0.9313440191954127
Yrdc,0.11570876590834649,0.11570876590834649,0.0013965719988341303
Flna,0.07912486819068444,0.07912486819068444,0.029172160763115667
Wdr5,-0.0002297024471630752,0.0002297024471630752,0.9949557783460818
Iah1,-0.023122023289314862,0.023122023289314862,0.5244726800802626
Eif3k,-0.08008387162700087,0.08008387162700087,0.02726709253258097
Ptprj,0.06752567427168842,0.06752567427168842,0.06279866177236407
BC056474,-0.013297296197606813,0.013297296197606813,0.714369587814189
Ankrd12,0.07813975981598756,0.07813975981598756,0.031247004026596272
2900064A13Rik,0.06687772213775382,0.06687772213775382,0.06536986547948594
Aqr,0.043979720949515806,0.043979720949515806,0.22588483593034037
Ap2a1,0.0041283736472101104,0.0041283736472101104,0.9095354175259833
Rit1,0.006869751760640594,0.006869751760640594,0.8500328663353932
Bcl2l12,-0.03398118079404733,0.03398118079404733,0.3495179382951924
Dhps,0.04981919070400851,0.04981919070400851,0.1700597930634127
Tsc22d2,0.05876463470498395,0.05876463470498395,0.10549854283476948
Rabep1,0.0679451707152656,0.0679451707152656,0.06117895317615038
Gps2,-0.020770077682911066,0.020770077682911066,0.5675179680778349
Ddx39,-0.07547004520391466,0.07547004520391466,0.03751561113239275
Maz,-0.05917626563511574,0.05917626563511574,0.10307601893347994
Anapc10,0.0678431081050694,0.0678431081050694,0.06156981155156156
Arl5a,-0.0043197813243267625,0.0043197813243267625,0.9053603729053131
Thap2,-0.03958994176862885,0.03958994176862885,0.27569099365023053
H2-T10,-0.010327971727384798,0.010327971727384798,0.7762100153164919
Slc25a11,-0.042171848969131655,0.042171848969131655,0.24556031376328166
Xpo6,0.04080779924061659,0.04080779924061659,0.2611786275443139
4933426M11Rik,0.14868388458494755,0.14868388458494755,3.8704702536851286e-05
Madd,0.027697444960857857,0.027697444960857857,0.4457882971561914
Purb,0.15863491568244092,0.15863491568244092,1.1132658421073472e-05
C130039O16Rik,-0.011151210266515249,0.011151210266515249,0.7589033593469039
H2afv,-0.0024223381529766812,0.0024223381529766812,0.946844867740183
Cd82,0.10276103760878999,0.10276103760878999,0.004571482654386616
Traf1,0.16546583214028365,0.16546583214028365,4.524336962024849e-06
Far1,0.10056940015608665,0.10056940015608665,0.005520479720079551
Spib,-0.09009810043164668,0.09009810043164668,0.012962419559545123
Plac8,0.12890700053471604,0.12890700053471604,0.00036699578794441903
Blnk,-0.029950004175664645,0.029950004175664645,0.4096608735589259
Irak3,0.014497294061369563,0.014497294061369563,0.6898740852512344
Usmg5,0.0753305588245105,0.0753305588245105,0.03787058699717942
Nop56,0.19017075895217203,0.19017075895217203,1.2757610066473173e-07
Itpa,-0.0038029001745521793,0.0038029001745521793,0.9166404144642546
Pank2,-0.014227458083222864,0.014227458083222864,0.6953551343595904
Hook3,0.07919917996103078,0.07919917996103078,0.029020559684100406
Nxf1,0.017244967746446363,0.017244967746446363,0.6350266732076947
3200002M19Rik,-0.02174085346324053,0.02174085346324053,0.5495476003643806
Atg16l2,-0.01846981273061235,0.01846981273061235,0.6111848661721468
Ahr,-0.055797190274029754,0.055797190274029754,0.12432075761162117
Btrc,-0.002490687899587708,0.002490687899587708,0.9453473304922799
Mrpl43,-0.07223945175033707,0.07223945175033707,0.046499819651191356
Cdc40,0.029386453364036735,0.029386453364036735,0.41853247950816047
Ccdc86,0.07008676146724384,0.07008676146724384,0.05343931203244234
Ms4a1,-0.0604300026043421,0.0604300026043421,0.09596869403328691
Picalm,0.0031966363344772234,0.0031966363344772234,0.9298922905080566
Trpc4ap,0.054434398260393556,0.054434398260393556,0.13379725509499577
Bloc1s1,0.04837502131813793,0.04837502131813793,0.18279703636975678
D19Bwg1357e,-0.017921866544159913,0.017921866544159913,0.621801935543542
2210016L21Rik,0.012979371411827251,0.012979371411827251,0.7209101485283761
Prcp,-0.022842310112067422,0.022842310112067422,0.5295032017698997
Acbd6,-0.005907444990210868,0.005907444990210868,0.8708409631819997
N4bp3,0.03519626228744291,0.03519626228744291,0.3325466173757521
Abhd12,0.009834339392757956,0.009834339392757956,0.7866415266198199
Fas,0.115269220973506,0.115269220973506,0.0014568784853306288
March5,0.01346489950716113,0.01346489950716113,0.7109299161299005
Chchd5,0.011647121164689623,0.011647121164689623,0.748535260786966
Dcun1d1,0.0404304437277303,0.0404304437277303,0.2656178174648237
Ubxn8,0.014392780343228283,0.014392780343228283,0.6919951154706468
Lsp1,-0.005150034863156082,0.005150034863156082,0.8872822882762406
Atp6ap1,0.007749884423512339,0.007749884423512339,0.8310921085575783
Cyth2,0.05085024165322667,0.05085024165322667,0.16138067433672176
Bambi,0.0005189610069055429,0.0005189610069055429,0.9886040268425299
Mapre2,0.0209903332338643,0.0209903332338643,0.5634162120347366
Klf13,0.004167878387504034,0.004167878387504034,0.9086735195849852
Lime1,0.07119013519907631,0.07119013519907631,0.049781599278795906
Tmem203,0.05743139250353558,0.05743139250353558,0.11365549037289174
Zfp869,0.027699683363269428,0.027699683363269428,0.4457515203981759
Gm10033,0.05154201457064223,0.05154201457064223,0.15574744601063872
Csnk1g3,-0.02513715119452098,0.02513715119452098,0.48896738817960766
Tm9sf3,0.09783209512405906,0.09783209512405906,0.006953091801248331
Brcc3,0.00030617039465458986,0.00030617039465458986,0.9932765916088857
Me2,-0.015520403015944137,0.015520403015944137,0.6692413445167842
Sc4mol,0.043723194958441396,0.043723194958441396,0.2286061671179545
Kidins220,-0.0005113387027765911,0.0005113387027765911,0.9887713955006171
Ndufs8,-0.017499716776359753,0.017499716776359753,0.6300356269209701
Nemf,0.13531972321572464,0.13531972321572464,0.0001828598746318233
Rsu1,0.08682381286480668,0.08682381286480668,0.016658933164739216
Taf3,0.04568503483122987,0.04568503483122987,0.20837969467013429
Taf10,-0.02519444886676429,0.02519444886676429,0.4879770855133366
Nampt,0.10672750779371235,0.10672750779371235,0.003220693338748645
Shmt2,0.015508639494634144,0.015508639494634144,0.6694772020992183
Chmp6,-0.03116729730504052,0.03116729730504052,0.39088292390250834
Acot8,0.05357659941401525,0.05357659941401525,0.14004224504933352
Dnajc4,-0.019724326553780223,0.019724326553780223,0.5871849181123338
Sf3a1,0.017238294592486294,0.017238294592486294,0.6351576377884214
Gsk3a,0.051566493550026106,0.051566493550026106,0.15555087300744977
Polr2g,0.014948330675566751,0.014948330675566751,0.6807486665064477
Atp6v1a,0.01966671972543049,0.01966671972543049,0.5882773938942044
Zfp513,-0.01888053541877319,0.01888053541877319,0.6032796365933032
Cpne3,0.04417724951218914,0.04417724951218914,0.22380515689396746
Dcaf11,0.00043794307065504084,0.00043794307065504084,0.9903830226895214
Arhgap25,-0.10564071829419654,0.10564071829419654,0.0035491173744722155
Copb2,0.03071624389325147,0.03071624389325147,0.3977791978812874
Herc4,-0.013473089019116829,0.013473089019116829,0.7107619950361177
Naa50,0.03590277427393303,0.03590277427393303,0.3229270606602805
Rin3,-0.006951548596104447,0.006951548596104447,0.8482687480864806
Sun2,-0.015582867594209399,0.015582867594209399,0.6679894811102715
Gmfb,0.04906682860361899,0.04906682860361899,0.17661004659727927
Uchl3,0.011103707095487764,0.011103707095487764,0.7598988243249717
Alcam,0.11003960584300991,0.11003960584300991,0.002382969716346851
1110038F14Rik,-0.07738482892795506,0.07738482892795506,0.03292141419418678
Tmem60,-0.013870525841542348,0.013870525841542348,0.7026297646467318
Etnk1,0.02441490375127438,0.02441490375127438,0.5015424683348786
Pgap1,0.025378721070940375,0.025378721070940375,0.48479955629147625
Rpf1,-0.02999779163280444,0.02999779163280444,0.40891375581688827
Ccdc90a,0.0036393522497530054,0.0036393522497530054,0.9202131671476401
Capzb,-0.07075725853494708,0.07075725853494708,0.051190819520665225
Usp16,0.06475419706695634,0.06475419706695634,0.07440995107643958
Sltm,0.09478774749933655,0.09478774749933655,0.008930430791931718
Zfp87,0.024844355538382695,0.024844355538382695,0.494044739555089
Faim,0.0075648843571073385,0.0075648843571073385,0.8350656411356633
Tmem50b,0.09390984104231817,0.09390984104231817,0.009586978516673821
Rara,-0.013662182286660402,0.013662182286660402,0.7068886606893525
Atpif1,-0.02320903448263892,0.02320903448263892,0.5229128188671782
Tuba1c,0.15695672476624364,0.15695672476624364,1.3810935486027094e-05
Mcrs1,-0.08777760306820193,0.08777760306820193,0.015496961099033028
Smarcd1,-0.030000935071556573,0.030000935071556573,0.40886463911490206
Micu1,0.011338950787160377,0.011338950787160377,0.7549730300018206
Rnf126,0.06008997134285656,0.06008997134285656,0.0978564568133325
Dnajb2,0.12374786971925811,0.12374786971925811,0.0006284530021517538
Ddx52,0.07426726810795761,0.07426726810795761,0.0406713815446465
Immt,0.029289860914500237,0.029289860914500237,0.42006432105347435
Hbs1l,0.015389153267545497,0.015389153267545497,0.671874730958038
Bsdc1,0.032672149937594964,0.032672149937594964,0.36840417699321076
Ube2q1,0.03789788874344353,0.03789788874344353,0.29675017210997223
Gm16517,-0.002138598353617041,0.002138598353617041,0.9530635282482091
Get4,-0.05374391630027878,0.05374391630027878,0.1388068833533307
Dgcr6,0.09808525877019883,0.09808525877019883,0.006807835051851714
Wnk1,0.09766865519351736,0.09766865519351736,0.007048337847075726
Epb4.1,0.12363363668147087,0.12363363668147087,0.0006358390693287483
Ccpg1,0.159174728727908,0.159174728727908,1.0381949256979807e-05
2810013P06Rik,0.08592020232533154,0.08592020232533154,0.017829498430371748
Adipor2,0.08761265659645608,0.08761265659645608,0.015692669412349234
Ankrd11,0.0336774303966845,0.0336774303966845,0.3538447543335577
Dtx3l,0.052566495810316353,0.052566495810316353,0.14768025385091943
Ndufaf4,0.015736749818584726,0.015736749818584726,0.6649094367148894
Csrnp1,0.06819966060483816,0.06819966060483816,0.060213286084194094
Fosl2,0.022185105032477736,0.022185105032477736,0.5414183272751982
Nat9,0.0007293975835938636,0.0007293975835938636,0.983983536232774
Pfkp,0.1087563236260179,0.1087563236260179,0.002680543863358609
Slc25a39,0.05095631234838126,0.05095631234838126,0.1605070912525292
Ergic1,0.0750312906555551,0.0750312906555551,0.038641818244056735
Mepce,-0.005072945163157377,0.005072945163157377,0.8889585371463296
Zfp296,0.03247338743248825,0.03247338743248825,0.3713262997802721
Tmem71,0.053669126276727146,0.053669126276727146,0.1393580461364092
Gosr2,-0.028686574557629366,0.028686574557629366,0.4297058504487666
D17Wsu92e,-0.010176431222416318,0.010176431222416318,0.7794082044517827
Polr3gl,0.006828636176993527,0.006828636176993527,0.8509198927311445
Pex3,0.06547715032708486,0.06547715032708486,0.07122416322602336
Rnf220,0.053933540304207106,0.053933540304207106,0.13741696546977838
Tk2,-0.08522161171354507,0.08522161171354507,0.018783163920964324
Rbmx,0.07012208003373825,0.07012208003373825,0.053318851843824885
Cnot1,0.04931220886076455,0.04931220886076455,0.1744533978724672
Ylpm1,-0.0020900966655614003,0.0020900966655614003,0.9541268246918708
Fmr1,0.04553128214941671,0.04553128214941671,0.20991651069036796
Tcf3,-0.037841911181838495,0.037841911181838495,0.2974647424795462
Snx27,-0.04453486034801925,0.04453486034801925,0.22007488822311266
Bgn,-0.21026366680289962,0.21026366680289962,4.840149924376443e-09
Srp68,0.03715050074275811,0.03715050074275811,0.30638541110479495
Slc39a1,-0.05252354767810099,0.05252354767810099,0.14801191710640973
Csk,-0.20341216304627321,0.20341216304627321,1.5340683688392007e-08
Rpa1,-0.07718873788365517,0.07718873788365517,0.03336867690087976
Nprl2,0.036618565240276985,0.036618565240276985,0.3133677252766739
Cops6,0.09101162876812031,0.09101162876812031,0.01206974199931442
Wtap,-0.05559023043810328,0.05559023043810328,0.12572527433347694
Atp2c1,-0.018141003724646523,0.018141003724646523,0.6175463094001279
Mrps6,0.028415920451303284,0.028415920451303284,0.4340727124367078
Ap1g1,0.0743293142076487,0.0743293142076487,0.040503263118322703
Pla2g12a,0.08555721289390074,0.08555721289390074,0.01831960559801683
Gtf2a1,0.06902735704212005,0.06902735704212005,0.05715940972538337
Ecd,-0.00657950804020296,0.00657950804020296,0.8562985635970025
Eprs,0.11960940416696277,0.11960940416696277,0.0009536896145784459
Dgkd,0.03678418891762294,0.03678418891762294,0.31118259026579853
Rnf11,0.03833078677548756,0.03833078677548756,0.2912628127511653
Alkbh1,0.021560112290527827,0.021560112290527827,0.5528720497254517
Gm13157,-0.021100489404570058,0.021100489404570058,0.5613701698867358
Ifngr1,-0.014511185267912518,0.014511185267912518,0.6895923558079846
Eef1d,0.16174160954378758,0.16174160954378758,7.425720026687728e-06
Pglyrp1,0.06600366406640067,0.06600366406640067,0.0689749478459087
Htatsf1,0.07103726701824478,0.07103726701824478,0.050275504033587375
Zfp954,0.0426637629709678,0.0426637629709678,0.24009164542733882
Tpm1,0.1145702541777242,0.1145702541777242,0.0015577284538028503
1110020G09Rik,-0.08847567892613838,0.08847567892613838,0.01469223505787733
Praf2,0.07181009957736668,0.07181009957736668,0.04781998266499571
Cct5,0.008409214006566981,0.008409214006566981,0.8169663574676711
Cspp1,0.025533570499913026,0.025533570499913026,0.48213805895421563
Xab2,0.0025098399260199346,0.0025098399260199346,0.9449277455306072
Nolc1,0.0034033151613775104,0.0034033151613775104,0.9253722834424392
Ppp1r15b,-0.019320498422402105,0.019320498422402105,0.5948629127590344
Pdcd11,0.10513108290537712,0.10513108290537712,0.003713361198097176
Kcnq1ot1,0.07558301531900152,0.07558301531900152,0.037230190826175354
Tm9sf2,-0.01151550385500422,0.01151550385500422,0.7512826744078511
Timm17b,0.07549937433290486,0.07549937433290486,0.03744133271991495
Slc16a6,-0.01512812206996499,0.01512812206996499,0.6771239794579675
Arih1,0.06465547933264579,0.06465547933264579,0.07485384469803859
Mitd1,-0.037628933274882294,0.037628933274882294,0.30019395339906635
Ddx5,0.19772104467434815,0.19772104467434815,3.88130515535723e-08
Cln5,0.00947486382749931,0.00947486382749931,0.7942622564367356
Lonp2,-0.03337018267873128,0.03337018267873128,0.3582556006762318
Trak2,0.06658971076660365,0.06658971076660365,0.06654024829346748
Uba5,0.09719846599316592,0.09719846599316592,0.0073288987377559105
Vcpip1,0.0977000980816645,0.0977000980816645,0.007029923901899484
Mmadhc,-0.0145725311206862,0.0145725311206862,0.6883487062471957
Commd1,-0.021594252876917075,0.021594252876917075,0.5522433340447704
Manf,0.10047303021900707,0.10047303021900707,0.00556601475955708
Cyb561d2,0.006520443728785052,0.006520443728785052,0.8575747479355933
Tmub2,-0.005047617744718159,0.005047617744718159,0.8895093684979742
Ppif,0.011434379982810574,0.011434379982810574,0.7529776463247707
Srek1ip1,-0.07705895575913839,0.07705895575913839,0.03366754098524005
Tnpo1,0.041743804346683476,0.041743804346683476,0.2503893870148072
Tcea1,0.03834297925933578,0.03834297925933578,0.2911092546995986
Rassf1,0.09427049718713634,0.09427049718713634,0.009312231836099963
Rbm5,0.006040913339933049,0.006040913339933049,0.8679492830334916
Ap3b1,0.042660776164751495,0.042660776164751495,0.24012458952649363
Thbs4,-0.1142934639189886,0.1142934639189886,0.0015994088628113973
Mef2c,-0.12029844372182691,0.12029844372182691,0.0008905000027159733
Srek1,0.03772205991191088,0.03772205991191088,0.29899853662547327
Tssc4,-0.023049353868669922,0.023049353868669922,0.5257772551732748
Orai3,-0.04734521801599967,0.04734521801599967,0.19230163962279972
Hgs,0.020935425830610283,0.020935425830610283,0.5644374010677226
Cflar,0.08171900712518233,0.08171900712518233,0.024265555614824998
Fndc3a,0.18084697998963672,0.18084697998963672,5.198441062952474e-07
Tcf12,0.026043024307627193,0.026043024307627193,0.4734379720481531
Polr2l,0.07151524157216722,0.07151524157216722,0.04874469908676581
Phrf1,0.03594764197021104,0.03594764197021104,0.3223223386093979
Caml,0.004475299734846459,0.004475299734846459,0.901970072123436
Hnrnpa0,0.07044140305764687,0.07044140305764687,0.052239985395823425
Bcl11a,-0.06856304336798323,0.06856304336798323,0.05885631421169805
Efha1,-0.012845485897317606,0.012845485897317606,0.7236706719726311
2310009A05Rik,-0.019371270754261923,0.019371270754261923,0.5938950657412012
Brd3,-0.02335012385448133,0.02335012385448133,0.5203885536687516
Coasy,0.007878967687440636,0.007878967687440636,0.828322131529162
Mpg,0.030218778318195208,0.030218778318195208,0.405469349800788
Gle1,-0.05552246024319657,0.05552246024319657,0.12618786341565744
Mterfd1,-0.008226172386361457,0.008226172386361457,0.8208821797497019
Nck1,-0.0003604093302267411,0.0003604093302267411,0.9920855571968997
Sap18,0.06800845767875102,0.06800845767875102,0.06093762158424666
Tubb2a,0.0932026982108037,0.0932026982108037,0.010146694445026553
Mrps23,-0.03512407855643392,0.03512407855643392,0.33353973420665173
Creb1,0.041093393909103285,0.041093393909103285,0.2578531283842346
Aars,0.08981681629867205,0.08981681629867205,0.013248779222750855
Bst2,0.08501261162196712,0.08501261162196712,0.019076997072819245
Terf2ip,0.018272497961951628,0.018272497961951628,0.6149988272751971
Vti1b,0.08869798812921331,0.08869798812921331,0.014443796980110241
Abhd8,0.021927903107829244,0.021927903107829244,0.5461175056222002
2310047M10Rik,0.029073120548644058,0.029073120548644058,0.42351350717926173
Itm2c,0.19124633115722084,0.19124633115722084,1.0799385269143319e-07
Unc119,0.05386091433976801,0.05386091433976801,0.13794803281743245
Chd3,-0.003737886718563218,0.003737886718563218,0.9180604554609834
Epcam,0.08388417607283304,0.08388417607283304,0.020733740785679654
Ss18,0.06028379345875968,0.06028379345875968,0.09677681230172797
Slc39a6,0.07120520155324724,0.07120520155324724,0.049733141697941255
Mbtps1,-0.06599968863596684,0.06599968863596684,0.06899170968583236
5730494M16Rik,0.011712051690672336,0.011712051690672336,0.747181054574813
Slc25a46,-0.04808143244324574,0.04808143244324574,0.18547059399485938
Retnla,0.039933474956578376,0.039933474956578376,0.27154284861141664
Fam3a,0.04079618566263714,0.04079618566263714,0.26131448084993864
Rbm27,0.09349983909958594,0.09349983909958594,0.00990805826262776
Abi3bp,-0.004415622595022026,0.004415622595022026,0.903270826008505
BC002163,0.04486880659310977,0.04486880659310977,0.21663185990300596
Zc3h14,0.027760621544352944,0.027760621544352944,0.44475097433239064
Dennd1c,-0.021431645329210148,0.021431645329210148,0.5552409664713458
Tap1,0.10571829832465293,0.10571829832465293,0.0035247018892734256
Rbl2,-0.029271140149734504,0.029271140149734504,0.42036159003964263
Rnf5,0.06123771560032033,0.06123771560032033,0.09160103303290634
Skiv2l,0.018249075095288194,0.018249075095288194,0.6154522685437841
Clic1,-0.05110590876195774,0.05110590876195774,0.15928110554126404
Synj2bp,-0.004493664266385127,0.004493664266385127,0.901569841952145
Rrad,0.06393934886607303,0.06393934886607303,0.07813899191739623
Phf1,0.07769842747174636,0.07769842747174636,0.0322167772059172
Klf2,-0.005727807784745928,0.005727807784745928,0.8747356372844258
Renbp,-0.01340014988767476,0.01340014988767476,0.7122580611326267
Axin1,0.00046032218857264745,0.00046032218857264745,0.9898916157670586
Crisp3,0.014472367575421629,0.014472367575421629,0.6903797302380142
Hmox1,0.01917152914782272,0.01917152914782272,0.5977067783734257
0610007P22Rik,0.009505041817535555,0.009505041817535555,0.7936217306135112
1600012H06Rik,0.04985140381955972,0.04985140381955972,0.16978345028331443
Mrps10,0.04369807182540647,0.04369807182540647,0.22887393074744553
Ccnd3,-0.11915316137345913,0.11915316137345913,0.0009977842942990587
Slc35e1,0.04847528794436271,0.04847528794436271,0.18189052425584315
Ctcf,-0.006398937471016269,0.006398937471016269,0.8602012611652022
Actr1b,0.0025643313861738416,0.0025643313861738416,0.9437340236843191
Suz12,0.09643982608190725,0.09643982608190725,0.007802703779865168
Kpna1,0.10165915406347308,0.10165915406347308,0.005028428268284991
Bscl2,0.030621329802749918,0.030621329802749918,0.399239630739545
Ganab,0.08061912518528595,0.08061912518528595,0.02625114323191485
Cyb5r3,0.07321739041397293,0.07321739041397293,0.043606817439223115
Ppp2r5c,-0.01866837118206183,0.01866837118206183,0.6073574622415888
Anxa6,0.025393437616414424,0.025393437616414424,0.48454627235136793
Fbxl6,-0.039822970436556346,0.039822970436556346,0.2728725045375557
Traf3,0.0031850821418955987,0.0031850821418955987,0.9301450454039322
Agpat5,0.09043036001350109,0.09043036001350109,0.012631215218187842
Dicer1,-0.014668643561606142,0.014668643561606142,0.6864019330036409
Dgat1,0.07217295020529699,0.07217295020529699,0.0467022707953628
Idi1,0.08060537955948657,0.08060537955948657,0.026276819177256903
Puf60,-0.0037167172386865037,0.0037167172386865037,0.9185229013343849
Aff4,0.11500895433005333,0.11500895433005333,0.001493707441427551
Larp4b,0.04497878906652851,0.04497878906652851,0.21550644040794417
Plekhm3,0.04082488774767997,0.04082488774767997,0.26097881824992747
Col4a1,-0.11702539274098614,0.11702539274098614,0.0012294066178733538
Exoc6,0.06380873087303955,0.06380873087303955,0.07875063230111501
Cdk13,-0.04174432148797661,0.04174432148797661,0.2503835131280292
Fam108b,0.016319154179312276,0.016319154179312276,0.6533036626820006
Fstl1,-0.1034145313614464,0.1034145313614464,0.004318552764429781
Foxred1,-0.047881153702280584,0.047881153702280584,0.1873109144578542
Ncaph2,0.018841483522425383,0.018841483522425383,0.6040292961365183
Nup35,0.04994352428685395,0.04994352428685395,0.16899504186324935
Aldh3a2,0.04376108289401329,0.04376108289401329,0.22820277671809583
Rnmt,0.07617714754305652,0.07617714754305652,0.0357592951914936
Tmc6,-0.04683605078710254,0.04683605078710254,0.1971328207902514
Ppp6r3,-0.0012689341915732176,0.0012689341915732176,0.9721399159340877
Nkap,0.020734000674669004,0.020734000674669004,0.5681911775902173
Acta1,0.1578918951177762,0.1578918951177762,1.22509476766669e-05
Lsg1,-0.011473153257133668,0.011473153257133668,0.7521673831699192
Upf3b,0.035624502362323195,0.035624502362323195,0.3266940576995704
1810063B05Rik,-0.008119293166448271,0.008119293166448271,0.8231707230597051
Dpf2,-0.055572406543572324,0.055572406543572324,0.12584680954736616
Lztr1,0.023885739286881445,0.023885739286881445,0.510863108303255
Mrpl55,-0.024562993143258518,0.024562993143258518,0.4989502264124425
Bfar,0.0026670629267732926,0.0026670629267732926,0.9414838714747151
Grasp,0.11826070095978988,0.11826070095978988,0.0010895318999642604
Klhdc2,0.017818764306643333,0.017818764306643333,0.6238085585170227
Fkbp11,0.053574405205571426,0.053574405205571426,0.14005850159022964
Ano6,0.00494033475590369,0.00494033475590369,0.891843191338701
Scyl1,0.03606422438195926,0.03606422438195926,0.3207545027505409
Apeh,0.047104867836780556,0.047104867836780556,0.19457124191938505
Hip1r,-0.014221832824578829,0.014221832824578829,0.6954695679879362
Nudt4,0.017165985990039632,0.017165985990039632,0.6365774666117056
Pex5,0.001074037217798343,0.001074037217798343,0.9764176197349469
Utrn,0.08996525172389311,0.08996525172389311,0.013096977309292383
Lpcat3,-0.007130515311175804,0.007130515311175804,0.8444116162030039
Nop2,0.021165881254795373,0.021165881254795373,0.5601572799030621
Ccdc107,0.09352381990273306,0.09352381990273306,0.009889018477804358
Ltv1,0.012950945587226433,0.012950945587226433,0.721495945446882
D10Wsu102e,-0.03511344535901039,0.03511344535901039,0.33368618887764706
Dbf4,0.00035209083103505614,0.00035209083103505614,0.9922682222933561
Ckap4,0.12787435740642097,0.12787435740642097,0.00040937050783439156
Gabarapl1,-0.05390690072277715,0.05390690072277715,0.13761158071196297
Fastk,-0.00383263002518464,0.00383263002518464,0.9159911354130874
Ccar1,0.05861926036416976,0.05861926036416976,0.10636479174092557
Hadha,0.05626029745928766,0.05626029745928766,0.12122218539336087
Smg7,-0.029532023101321084,0.029532023101321084,0.4162301261640813
Plbd1,0.1154475184064487,0.1154475184064487,0.0014321326396677055
Tgs1,-0.051996476965216754,0.051996476965216754,0.1521285593239895
Ccndbp1,0.025176863480196467,0.025176863480196467,0.4882809071354453
Zdhhc4,-0.060682369648432426,0.060682369648432426,0.09458651664418559
Lrrc57,-0.004328152283537386,0.004328152283537386,0.9051778416195286
Pigk,0.07996761756747997,0.07996761756747997,0.02749217305056658
Swap70,-0.026319043989214762,0.026319043989214762,0.4687605429339578
Sep15,0.003821258615630073,0.003821258615630073,0.9162394724272682
Ccdc53,0.040670654297563134,0.040670654297563134,0.26278603366766673
Haus3,0.07431762484286303,0.07431762484286303,0.0405348912734235
Mxd4,0.042543135180714765,0.042543135180714765,0.2414246844877429
Adm,0.013971831536781377,0.013971831536781377,0.7005622558596702
Mfsd10,0.01321337721259847,0.01321337721259847,0.7160940151114374
Acad9,0.06760192421348549,0.06760192421348549,0.06250165126849189
Nop14,0.14711938041892247,0.14711938041892247,4.675175360161501e-05
Mrpl48,0.010253691656374622,0.010253691656374622,0.7777771908857131
Scaf1,0.0033466223581306792,0.0033466223581306792,0.9266119058464658
Srm,0.02196290267350109,0.02196290267350109,0.5454768659056818
Glul,-0.02405186739027201,0.02405186739027201,0.507927251868705
Ruvbl1,0.011590949057067356,0.011590949057067356,0.7497074244112057
8430410A17Rik,0.05734934117680537,0.05734934117680537,0.11417324929088017
Nfyc,-0.03536194568395288,0.03536194568395288,0.3302743314128369
Nab2,-0.07784487306237692,0.07784487306237692,0.03189216597426652
Ncoa3,0.011009051225564823,0.011009051225564823,0.7618835922787769
Kti12,-0.07276867969188103,0.07276867969188103,0.044914819777273185
Crtc3,-0.057863679115242,0.057863679115242,0.11095809409998195
Rfwd2,-0.04680062853992625,0.04680062853992625,0.1974721909719921
Vps33b,0.026958636249789007,0.026958636249789007,0.4580207521770529
Atg7,0.05273064493639295,0.05273064493639295,0.14641784829896026
ORF61,-0.007918835687327964,0.007918835687327964,0.8274670393159259
9430008C03Rik,0.007562895357366572,0.007562895357366572,0.8351083849921562
Stat2,-0.004537871495707347,0.004537871495707347,0.9006065076631408
Nudt19,0.005103463438936193,0.005103463438936193,0.888294883944628
Wbp1,0.05967940396541223,0.05967940396541223,0.1001751493831623
Capn2,0.052900922727288795,0.052900922727288795,0.14511703412070917
Nt5c3,0.0791260696886803,0.0791260696886803,0.029169704226044115
Igf2bp3,-0.09104203970949883,0.09104203970949883,0.012040984151739716
Dpm1,0.019377962472158727,0.019377962472158727,0.5937675585872834
3110001D03Rik,-0.08004012821728491,0.08004012821728491,0.027351597617299387
Hsdl2,0.03485984896822238,0.03485984896822238,0.33719132345065855
Soat1,-0.015920625303464164,0.015920625303464164,0.6612364526316029
Dnajc25,0.07593086209311457,0.07593086209311457,0.03636291127717323
Map1lc3a,0.04668681492786359,0.04668681492786359,0.19856549384001276
Tceb3,-0.01696762162744624,0.01696762162744624,0.64047931952224
Ppil4,0.08509908267310845,0.08509908267310845,0.018954944543223447
Nipsnap3b,0.0547057716684142,0.0547057716684142,0.13186702239735043
Chd2,0.056203659006507735,0.056203659006507735,0.12159787591464283
Zbtb17,-0.0407794675556976,0.0407794675556976,0.26151013151283714
Efhd2,0.05269436453291258,0.05269436453291258,0.14669615465871583
Urgcp,0.03542751037727316,0.03542751037727316,0.3293779127347793
2810408M09Rik,-0.029723792845319393,0.029723792845319393,0.4132084815758399
Tmed4,0.03860938026103054,0.03860938026103054,0.2877676331660543
Mir703,-0.07815333256781576,0.07815333256781576,0.03121758017171797
Stxbp3a,0.01402015581566307,0.01402015581566307,0.6995768025890131
Wbscr22,-0.015306177610908914,0.015306177610908914,0.6735416276597366
Nr1h2,-0.0062290574877101774,0.0062290574877101774,0.8638760170690617
Suds3,-0.009411743193850144,0.009411743193850144,0.7956024349450175
Pkib,0.03177152413146725,0.03177152413146725,0.3817591445278089
Ensa,-0.0033702941519397544,0.0033702941519397544,0.9260942859746195
Fam48a,0.07399612086837108,0.07399612086837108,0.04141301780340288
Gtpbp6,0.008037758776843167,0.008037758776843167,0.8249175830333715
Timm50,0.028596050110367234,0.028596050110367234,0.43116357264738325
Pex19,0.00854871989383879,0.00854871989383879,0.8139849515210935
Ddx56,-0.015912177795064597,0.015912177795064597,0.6614050174729144
Sesn1,-0.1061124106450351,0.1061124106450351,0.0034030087996203685
Kpna4,0.1400287148515091,0.1400287148515091,0.00010747343141003678
Mcm7,-0.04399783086327998,0.04399783086327998,0.22569359447979684
Mettl9,-0.005324034168402666,0.005324034168402666,0.8835006843162867
Nus1,0.024176825345709235,0.024176825345709235,0.5057248011199963
Dnajc24,0.03206987845436335,0.03206987845436335,0.37730250933059883
Dph5,-0.02887715231915043,0.02887715231915043,0.42664631896774746
Ddx55,0.06936244877449256,0.06936244877449256,0.05596016368905722
Capns1,0.0704960713775859,0.0704960713775859,0.05205712181928237
Plrg1,0.03358026223761992,0.03358026223761992,0.35523598181919913
BC003331,0.008666578256862867,0.008666578256862867,0.811468271069379
2210015D19Rik,-0.06135815314047458,0.06135815314047458,0.0909636527371534
Siglecg,0.028435250898976503,0.028435250898976503,0.43375997960643103
Sh2b3,-0.01744236749799315,0.01744236749799315,0.631157756297842
Foxj2,0.022221594048054533,0.022221594048054533,0.5407532946623692
Dhx40,0.031875060228389054,0.031875060228389054,0.3802089465930686
Daxx,-0.0010281244444692666,0.0010281244444692666,0.9774254411036905
Plekhg2,-0.09371898339879771,0.09371898339879771,0.009735272414533603
Larp4,0.09980429529735468,0.09980429529735468,0.005891422664385112
Med31,0.010202954333019463,0.010202954333019463,0.7788481761961624
Csgalnact2,-0.011434622959787635,0.011434622959787635,0.7529725678750986
Arfgap3,0.07178621830517509,0.07178621830517509,0.047894326041319504
Nudt21,-0.02514250706968563,0.02514250706968563,0.4888747743056137
Coq9,-0.002248950281377942,0.002248950281377942,0.95064461037248
Chkb,0.02041757661971854,0.02041757661971854,0.5741120347535594
Irak4,0.021328882112679325,0.021328882112679325,0.5571394648957536
1200011M11Rik,0.005557379292435236,0.005557379292435236,0.8784334625486452
Rp9,-0.05831316092740885,0.05831316092740885,0.10820715646166428
Naga,0.014995415392580803,0.014995415392580803,0.6797986986976603
Txn1,0.08005193329029292,0.08005193329029292,0.027328769965961376
Mll2,-0.044200284073261334,0.044200284073261334,0.22356353016235697
Klf4,0.048214769562528625,0.048214769562528625,0.18425280801723198
Katnb1,-0.0648033208226193,0.0648033208226193,0.07418986267162272
Fam165b,0.11505440039991273,0.11505440039991273,0.0014872155394516468
Rps19bp1,0.034113043529064586,0.034113043529064586,0.34765007959240574
Adsl,-0.0018661947120621966,0.0018661947120621966,0.9590364262045985
Zfyve20,0.006484284606055091,0.006484284606055091,0.8583562105434089
Cmpk1,0.09228608278896595,0.09228608278896595,0.010915330090764655
1110038B12Rik,-0.10961925334456385,0.10961925334456385,0.0024769430082000462
Mgst3,0.03965791668241789,0.03965791668241789,0.2748667948140679
Tbcb,0.1281978699655982,0.1281978699655982,0.0003956279628181699
Exosc4,-0.12690855089364902,0.12690855089364902,0.0004530902557860339
Rpain,0.01070027120392761,0.01070027120392761,0.7683689803488104
Cyc1,-0.00556054966824325,0.00556054966824325,0.8783646497683434
Iars2,0.045303096114990345,0.045303096114990345,0.2122123846205504
Myst2,0.00015514666314135424,0.00015514666314135424,0.9965929967368209
Pbx2,-0.04641162104531653,0.04641162104531653,0.20122726660580725
Slc52a2,0.009920295532998584,0.009920295532998584,0.7848222805080924
Pts,-0.017900474340225837,0.017900474340225837,0.6222180504425341
Zfp259,-0.04333956442044727,0.04333956442044727,0.23271921703531384
Yipf1,0.0779331714753777,0.0779331714753777,0.03169779926073092
Psmd8,-0.02266003725550829,0.02266003725550829,0.5327944270360689
Maff,-0.042191459985697455,0.042191459985697455,0.2453406406530457
Mrpl37,-0.003860655168930569,0.003860655168930569,0.9153791371649036
Rinl,-0.01627619779098673,0.01627619779098673,0.6541568595659089
Tmem188,0.04326588815661005,0.04326588815661005,0.23351508893057307
D730005E14Rik,-0.01800057872327026,0.01800057872327026,0.6202718885723313
Rnf26,0.05471310435064308,0.05471310435064308,0.13181516669227247
Zfand2b,-0.001322420872263315,0.001322420872263315,0.9709660961070155
Ttc4,-0.030461718578331846,0.030461718578331846,0.4017028000388344
Usp24,0.07911896675111435,0.07911896675111435,0.029184229201589383
Mbtd1,-0.0023589963730062903,0.0023589963730062903,0.9482328483289127
Grap2,-0.025888405534762668,0.025888405534762668,0.4760692955280288
Mtap,0.012566696711190904,0.012566696711190904,0.729430386670143
Yipf2,0.027761456810999858,0.027761456810999858,0.44473726894928406
5730403B10Rik,0.0023615795550898443,0.0023615795550898443,0.9481762410997384
Med13,0.030681486867751545,0.030681486867751545,0.398313627146938
Mvd,0.014674611069641047,0.014674611069641047,0.6862811284261361
Pgp,0.10784771029787989,0.10784771029787989,0.002911321938982376
Klhdc4,-0.0012429362595488976,0.0012429362595488976,0.9727104890107798
AI597468,0.0047333653522266305,0.0047333653522266305,0.8963482073096398
Plekhf2,-0.049294157043987555,0.049294157043987555,0.17461138355832734
Clcc1,-0.018975514290797944,0.018975514290797944,0.6014581205719964
Mgp,-0.263082195490929,0.263082195490929,1.693946776695624e-13
Thap11,0.04046668949349115,0.04046668949349115,0.2651891866716446
Fam58b,-0.05459536077716857,0.05459536077716857,0.13264974142785954
Zfp52,-0.027600271924871963,0.027600271924871963,0.4473865039307515
Strn4,-0.05698662438361675,0.05698662438361675,0.11648429293534338
Prkacb,0.03654119144383273,0.03654119144383273,0.3143919926984525
Nrip1,0.019121152913480193,0.019121152913480193,0.5986698679713864
Has1,0.04898919235375896,0.04898919235375896,0.17729650485931184
D16Ertd472e,0.0913677938788901,0.0913677938788901,0.01173671904693381
2610507B11Rik,0.011878482965437297,0.011878482965437297,0.7437134890948998
App,0.08206835859841621,0.08206835859841621,0.023662692400556216
2210411K11Rik,0.0133617339003621,0.0133617339003621,0.7130464625579016
2610039C10Rik,-0.07264511225710732,0.07264511225710732,0.04528076735604904
Hspbp1,0.003382031607629175,0.003382031607629175,0.9258376401701326
Synj1,0.05379197696698976,0.05379197696698976,0.13845358707367003
Gcfc1,0.0893196954220594,0.0893196954220594,0.0137685405117144
Ppp6r1,-0.01717412392656169,0.01717412392656169,0.6364176059989531
Utp20,0.03748818045567696,0.03748818045567696,0.3020067491207115
Setd4,-0.06848557136048379,0.06848557136048379,0.05914347087455775
Gbp2,0.06055814073115692,0.06055814073115692,0.0952648973136096
Cog4,0.03137168910593515,0.03137168910593515,0.38778193352455936
Leng1,0.044331213904772876,0.044331213904772876,0.22219364642989314
Ube2d3,-0.06364464179075847,0.06364464179075847,0.07952451010826296
Gpbp1l1,-0.007829746466692605,0.007829746466692605,0.8293781124637325
Kri1,0.059973276997381926,0.059973276997381926,0.09851109584121931
Hcls1,-0.05713256256538467,0.05713256256538467,0.11555007898136556
Dram2,0.11528972662601719,0.11528972662601719,0.0014540126300679
Spryd3,-0.007527676763851546,0.007527676763851546,0.8358653174271338
Raver1,-0.05381315552600037,0.05381315552600037,0.1382981221119961
Gmppa,0.04056060364254772,0.04056060364254772,0.2640808014113178
Mrpl4,-0.06739060790886407,0.06739060790886407,0.06332763369251633
Gm6402,-0.004753271126879077,0.004753271126879077,0.8959147793312794
Cdh5,0.09850793511270887,0.09850793511270887,0.006571373739827275
Mgrn1,0.04755850456796594,0.04755850456796594,0.190303915822377
Exosc5,-0.01119502089556737,0.01119502089556737,0.7579856276971483
Dnmt1,0.08288445676669173,0.08288445676669173,0.022304694733930926
Xrcc1,-0.07327987251917803,0.07327987251917803,0.04342725303179138
Gna11,0.04380160297157402,0.04380160297157402,0.22777192233457313
Rg9mtd3,-0.007364660741406111,0.007364660741406111,0.839370890412865
Taf11,0.013170735071331706,0.013170735071331706,0.7169708110427403
Sec22b,0.013562365788591746,0.013562365788591746,0.7089323380918496
Nde1,0.0018256155692786414,0.0018256155692786414,0.9599263952634888
Ube2v2,0.03527621244230911,0.03527621244230911,0.33144887566548004
Mcm4,-0.01772771353773029,0.01772771353773029,0.6255829503989147
Rhoc,-0.005571641069339297,0.005571641069339297,0.8781239189203752
Ercc1,-0.012164407768496152,0.012164407768496152,0.7377684260951858
Tnfrsf1a,0.021738259996602883,0.021738259996602883,0.5495952334597277
2810432D09Rik,-0.08563954291797765,0.08563954291797765,0.018207423465458606
Tsnax,-0.07264961384721638,0.07264961384721638,0.04526739191004345
Opa1,0.034314780873237104,0.034314780873237104,0.34480472189100286
5930416I19Rik,-0.066961405864281,0.066961405864281,0.06503299661570257
Ddx58,0.010096502098036135,0.010096502098036135,0.781096576254385
Ncstn,0.028702619841234466,0.028702619841234466,0.42944777043628324
Pcyt1a,0.00470461692528358,0.00470461692528358,0.8969742295014954
Ptplb,0.053019565057701425,0.053019565057701425,0.14421591712822251
Map3k7,0.0767464597024396,0.0767464597024396,0.03439654888850537
Gnptg,0.01927195224075074,0.01927195224075074,0.5957889955668851
Ggh,0.07708720128422192,0.07708720128422192,0.033602303001197195
Meaf6,-0.006511198983749696,0.006511198983749696,0.8577745300064512
Sec61a1,0.07008220370252691,0.07008220370252691,0.05345487360373997
BC005537,0.11863960019396226,0.11863960019396226,0.0010496679320379323
Hist1h2bc,0.015945033168315602,0.015945033168315602,0.6607495050263613
Acox3,-0.0454780343366868,0.0454780343366868,0.21045064699973565
Nid1,-0.03570726602210595,0.03570726602210595,0.3255707121572104
4632428N05Rik,0.04691474009039355,0.04691474009039355,0.19638044674127803
Mrfap1,0.024029799920557853,0.024029799920557853,0.5083167240370203
Ndufb11,0.053589096967257804,0.053589096967257804,0.13994968029345184
BC016423,0.06786300220487611,0.06786300220487611,0.061493463758306784
Slc9a3r1,0.10703488891039986,0.10703488891039986,0.003132954799082462
Jakmip1,-0.02776959776164986,0.02776959776164986,0.44460370162712387
Cfp,0.027061068061315932,0.027061068061315932,0.4563136477047339
Cinp,-0.03108731309391179,0.03108731309391179,0.3921005087339435
Wdr44,0.025164759927226832,0.025164759927226832,0.4884900785952075
Bod1l,0.01198001289089426,0.01198001289089426,0.74160067091645
Tapt1,-0.01063051462685357,0.01063051462685357,0.7698363576262836
Fam193a,0.0653040779979544,0.0653040779979544,0.07197648513505826
Rnf4,-0.0112475633219503,0.0112475633219503,0.7568854338826303
Tfe3,-0.016536271719438993,0.016536271719438993,0.6489982267453055
Tnrc18,-0.08169041344205251,0.08169041344205251,0.024315481856174832
Cdk5,0.007187726858830251,0.007187726858830251,0.8431793600364607
2610002I17Rik,0.008665897135992263,0.008665897135992263,0.8114828097797145
Cdk8,0.06260608013368399,0.06260608013368399,0.08456678998855893
2510003E04Rik,0.09443767726685878,0.09443767726685878,0.00918726983494913
Hadhb,0.0700044175046621,0.0700044175046621,0.05372104176235703
Cpsf4,0.02805558047744827,0.02805558047744827,0.43992614353845616
Sfxn1,-0.013316697135760024,0.013316697135760024,0.7139711301628365
Pi4k2b,0.039786704170003684,0.039786704170003684,0.27330984890058785
Myd88,0.044389264577945474,0.044389264577945474,0.22158820126818887
Rnf149,0.03537168976266697,0.03537168976266697,0.3301410080453075
Bicd2,0.09375496155282244,0.09375496155282244,0.00970716277423251
D1Bwg0212e,-0.022457460008456456,0.022457460008456456,0.5364643609246802
Pdcl3,0.08490927216004844,0.08490927216004844,0.019223758043315515
Dek,0.07030906471814732,0.07030906471814732,0.05268487311425139
Jarid2,0.08885532537670733,0.08885532537670733,0.014270208950698703
Slc4a1ap,0.06721122890025075,0.06721122890025075,0.06403582650582476
Secisbp2,0.05065789763929197,0.05065789763929197,0.16297392567253352
Ubqln1,-0.04681489538972685,0.04681489538972685,0.19733545317224116
Ndufa1,0.09510633204135238,0.09510633204135238,0.008702275377576927
Stim2,0.02286180096693149,0.02286180096693149,0.5291518750850814
Taf1,-0.001927175293457545,0.001927175293457545,0.9576991153402665
Pitpnb,0.04153629239615143,0.04153629239615143,0.25275414087686005
Rnf146,0.020280893854447875,0.020280893854447875,0.5766786000465142
Trmt2b,0.009925751946581645,0.009925751946581645,0.7847068359828959
Psph,0.11852541979196053,0.11852541979196053,0.0010615367371048913
Mrps17,-0.014428140849933789,0.014428140849933789,0.6912772286621436
Hddc2,0.04691094548040807,0.04691094548040807,0.19641667999744944
Traf3ip2,0.010428259611538648,0.010428259611538648,0.7740955646298056
Prps1,0.09604902660426924,0.09604902660426924,0.008057309666470688
Atxn2,0.0747653960017274,0.0747653960017274,0.039338179082109855
Trib2,-0.06540516196207304,0.06540516196207304,0.07153630178808335
Zfp664,0.07154505113921258,0.07154505113921258,0.04865053632407459
Nxt2,0.002386326419062234,0.002386326419062234,0.9476339575626533
Ttc32,0.04454774870322845,0.04454774870322845,0.21994128489938897
Metrnl,0.04847857849213661,0.04847857849213661,0.18186083087255386
Noc4l,0.06660573314936857,0.06660573314936857,0.06647468924207185
Pom121,0.0486519505343916,0.0486519505343916,0.18030142069240815
Rhoj,-0.008167508596556319,0.008167508596556319,0.8221381266875838
Ppp2r5e,-0.03339104523465224,0.03339104523465224,0.3579550100356545
0910001L09Rik,0.019230107924503376,0.019230107924503376,0.5965877574473829
Galk1,0.013964298052869297,0.013964298052869297,0.7007159278734169
Tec,-0.0733762873050744,0.0733762873050744,0.04315139450072851
Nek9,0.0016816212827864925,0.0016816212827864925,0.9630848275641236
Acyp1,-0.00011721275304812298,0.00011721275304812298,0.9974260177828076
Pcolce,-0.21146705877515073,0.21146705877515073,3.936299127606413e-09
Serpine1,-0.016339822950477128,0.016339822950477128,0.6528933020084207
Ranbp2,0.12515346778891323,0.12515346778891323,0.0005438590759468487
Rchy1,-0.05263712274021845,0.05263712274021845,0.147136076436772
Anxa3,0.05594474111025318,0.05594474111025318,0.12332689672498857
Hace1,-0.03904815860273799,0.03904815860273799,0.28232027968296886
Ap1s1,0.024457094614735646,0.024457094614735646,0.5008032109516817
Hsd17b11,0.03424728987488837,0.03424728987488837,0.3457549783689923
Sparcl1,-0.006710658748438255,0.006710658748438255,0.8534661759038759
Ywhag,0.038528409461041635,0.038528409461041635,0.28878055360121063
Mtcp1,0.05471918330157319,0.05471918330157319,0.13177218915815678
2410016O06Rik,0.079123959172697,0.079123959172697,0.02917401942475568
4930572J05Rik,-0.0026632078436450717,0.0026632078436450717,0.9415683019292032
Pus7,0.0016615850211952091,0.0016615850211952091,0.9635243584515326
A130040M12Rik,0.12629769879351532,0.12629769879351532,0.0004829470556180736
Pef1,0.006488905886615868,0.006488905886615868,0.8582563287583725
Rhobtb2,-0.04731174923102189,0.04731174923102189,0.19261651267943594
Chmp7,-0.004257277027384893,0.004257277027384893,0.9067234550054327
Ptk2b,-0.11249912232419498,0.11249912232419498,0.0018954217852266552
C1qtnf9,0.017172529671029044,0.017172529671029044,0.6364489220258265
Ppp1r8,0.012212994638091824,0.012212994638091824,0.7367597315429149
Gm4902,0.015116939778301947,0.015116939778301947,0.6773492037783901
Ppm1k,0.04050649097688519,0.04050649097688519,0.26471905521058114
Tinf2,0.003804032454312638,0.003804032454312638,0.9166156852504368
Psme2,0.08919188743498314,0.08919188743498314,0.013905039812532232
Acly,0.025153693004574852,0.025153693004574852,0.4886813773789323
Braf,0.0147995703844896,0.0147995703844896,0.683753328361046
Plscr1,0.0645712689902076,0.0645712689902076,0.07523420829778173
Bpgm,0.08130704591371182,0.08130704591371182,0.024993494606752438
2610101N10Rik,0.09134747680379973,0.09134747680379973,0.011755494920093326
Ikzf3,-0.029694834158485325,0.029694834158485325,0.4136639399096077
Myzap,0.026042537770855845,0.026042537770855845,0.47344623945712083
Hsd11b1,0.09793839445649116,0.09793839445649116,0.006891765800230704
Stradb,0.012915548345239794,0.012915548345239794,0.7222256366779018
Ebag9,-0.026956922885146728,0.026956922885146728,0.4580493370841606
Klf10,0.08476194192318014,0.08476194192318014,0.019434696583213912
Eef1b2,-0.145856877296863,0.145856877296863,5.43746571135397e-05
Zmpste24,0.09477154099664857,0.09477154099664857,0.008942178368110057
1600002K03Rik,0.004945647236789677,0.004945647236789677,0.8917276020130727
Npm3-ps1,-0.025618690129026716,0.025618690129026716,0.4806784368640972
Dguok,0.0251916950806642,0.0251916950806642,0.48802465578089194
Apex1,-0.08119683438630573,0.08119683438630573,0.025191410033950905
Wdr70,0.033451945412330764,0.033451945412330764,0.35707845806912425
Abca7,0.05626576338214278,0.05626576338214278,0.12118597718664309
Trip4,-0.011133766447401425,0.011133766447401425,0.759268861575079
Usp3,0.016505861831097472,0.016505861831097472,0.6496005539301584
Dnajc3,0.0998204963626585,0.0998204963626585,0.005883341119488192
Mtf1,0.00526671284360806,0.00526671284360806,0.884746185766838
Slain1,0.027763876120404925,0.027763876120404925,0.4446975733274495
Gnl2,0.03312515476642725,0.03312515476642725,0.3617978499883126
Sepp1,-0.060643769088744096,0.060643769088744096,0.09479688888676102
Vta1,0.04037040185273042,0.04037040185273042,0.2663289005916406
Nrf1,0.025425649070757672,0.025425649070757672,0.4839921364129016
Gch1,0.05214277749940793,0.05214277749940793,0.1509772658516527
Kcnab2,0.021376183912988365,0.021376183912988365,0.5562651962151329
Ppwd1,0.03151584283475503,0.03151584283475503,0.3856038879386913
Erbb2ip,0.08289913216592229,0.08289913216592229,0.022280906945593936
Lrrc47,-0.02657887065591938,0.02657887065591938,0.46438094224158755
Ankra2,-0.035389083585351803,0.035389083585351803,0.32990310349926755
Nab1,0.028716345081819705,0.028716345081819705,0.42922707845665087
Hmgcr,0.08366316033354212,0.08366316033354212,0.021072501572974734
Hepacam2,0.13885430525532694,0.13885430525532694,0.00012290102230344733
Col4a3bp,0.0225006497129,0.0225006497129,0.5356808633482132
Cdk11b,0.0646754020453277,0.0646754020453277,0.07476408690767453
Rasa1,0.030480835617729844,0.030480835617729844,0.4014073011681668
Slc7a1,0.10386518332480142,0.10386518332480142,0.004151582105014732
C030048B08Rik,0.039455024984077824,0.039455024984077824,0.27733184596351623
Ndufs6,0.046906234627366844,0.046906234627366844,0.19646166890223746
Myl4,0.017055669312284326,0.017055669312284326,0.6387461773505956
Zswim6,0.03186909883900817,0.03186909883900817,0.3802980988267751
Pelo,-0.013524046385659185,0.013524046385659185,0.7097174594724946
Tmem168,-0.055040792322599036,0.055040792322599036,0.12951386548852215
Ngly1,0.055936703773746106,0.055936703773746106,0.12338087403588346
Kdm1a,0.09478973222983618,0.09478973222983618,0.008928993070112108
Ero1l,0.02024916965949275,0.02024916965949275,0.5772750733142045
Gm3219,-0.05597296393942356,0.05597296393942356,0.1231375030105216
Armc8,0.0828883172137278,0.0828883172137278,0.02229843508598219
Ddost,0.013937306197438083,0.013937306197438083,0.7012666224293737
Gnl3,0.1150351656230654,0.1150351656230654,0.001489960024818627
Msl2,0.04957978418549333,0.04957978418549333,0.17212411139439884
Stat5b,0.01944726856283805,0.01944726856283805,0.5924477035418757
Appl1,0.07538014527200929,0.07538014527200929,0.03774407024097509
Slmap,0.022848153341316506,0.022848153341316506,0.5293978639329547
Zmiz1,-0.04899616143808036,0.04899616143808036,0.17723480343697484
Stk17b,-0.031404107665580994,0.031404107665580994,0.387291464378588
Samd8,0.04919394240123079,0.04919394240123079,0.17549037995127276
Sdhb,-0.03614148184409988,0.03614148184409988,0.31971826549145654
Atp13a2,-0.05997427853574984,0.05997427853574984,0.09850546253876806
Top2b,0.11574271023325047,0.11574271023325047,0.0013920116757843194
Fam116a,-0.07805348017513188,0.07805348017513188,0.03143460228093333
Hspa1a,-0.12247776607523649,0.12247776607523649,0.0007152438823426347
Med19,0.07742076069951603,0.07742076069951603,0.03284001539688341
Cul3,-2.159851459361824e-05,2.159851459361824e-05,0.9995256976394876
Tnfaip8,0.06697962362661394,0.06697962362661394,0.06495985075707693
Klf9,-0.03813811165018003,0.03813811165018003,0.29369667284866163
B230208H17Rik,-0.0022330809756697175,0.0022330809756697175,0.9509924386574787
1810026B05Rik,-0.021835363243062348,0.021835363243062348,0.5478131666193781
Usp47,0.05818962464683093,0.05818962464683093,0.10895780393160424
Uap1l1,-0.050417702838405895,0.050417702838405895,0.16498012896633832
Ctr9,0.07846856032377279,0.07846856032377279,0.030540854663442415
Nudcd2,-0.03891773699370012,0.03891773699370012,0.28393210199989866
Napg,0.056244643836696195,0.056244643836696195,0.12132592725785478
Mrps11,-0.10233985521077012,0.10233985521077012,0.004741517380178178
Aen,-0.016477247831774032,0.016477247831774032,0.6501675188459269
Pmaip1,0.1265875459755447,0.1265875459755447,0.00046855884608435215
Afg3l2,0.024221648072558225,0.024221648072558225,0.5049360009638636
Bahd1,0.01379615077009686,0.01379615077009686,0.7041490566627827
Seh1l,0.015903270905375435,0.015903270905375435,0.6615827675433913
Slu7,-0.007432630456582268,0.007432630456582268,0.8379088469673415
Isg20,0.11397664469830959,0.11397664469830959,0.001648373186501613
Bmi1,0.02807801327016201,0.02807801327016201,0.439560426695681
Mllt10,-0.01795977546316755,0.01795977546316755,0.6210648386866469
Zmat5,-0.00570309577797182,0.00570309577797182,0.8752716520129026
Ell3,-0.03093422494429456,0.03093422494429456,0.39443733476885806
Camk1d,0.015262445840591226,0.015262445840591226,0.6744207994851812
Ctsd,0.05617667471452811,0.05617667471452811,0.12177718567761144
A630007B06Rik,0.06692202770970115,0.06692202770970115,0.06519133493836281
2010106G01Rik,0.07989125856353813,0.07989125856353813,0.0276408812090004
Gmip,0.019284310208764602,0.019284310208764602,0.5955531886949733
Ube2v1,-0.02487885662978565,0.02487885662978565,0.49344499871306774
Dido1,0.04417847104301229,0.04417847104301229,0.22379233866601897
Ralgds,0.051713593541301915,0.051713593541301915,0.1543735753185679
Zfand1,-0.053223116989990035,0.053223116989990035,0.14267987264033774
Rpl26,0.0443999939358038,0.0443999939358038,0.22147642767814085
Ccny,0.02937964326779963,0.02937964326779963,0.4186403719046237
Ptpn7,0.052519874897776174,0.052519874897776174,0.14804030617719105
Nipa2,0.033089788480976184,0.033089788480976184,0.3623109263507874
Mettl10,-0.05162737352624823,0.05162737352624823,0.15506280489198732
Slc25a25,-0.007805540291875653,0.007805540291875653,0.8298975392568193
Tbk1,0.06854534915597457,0.06854534915597457,0.058921797328485674
Ino80c,-0.025735582324705537,0.025735582324705537,0.4786779036570605
Psme4,0.06739121833386166,0.06739121833386166,0.06332523479248225
Pag1,0.03724092619243003,0.03724092619243003,0.3052087769780852
H47,0.08901931523024041,0.08901931523024041,0.014091238703365112
Ralb,0.02085464224957942,0.02085464224957942,0.5659414595130731
Zkscan6,-0.009209217113692218,0.009209217113692218,0.7999065189553541
Endog,0.07850943223164426,0.07850943223164426,0.030454039296260445
Arrdc4,0.08770118529583393,0.08770118529583393,0.015587362361752828
Reep5,0.08609374647722114,0.08609374647722114,0.017599258388456253
Set,-0.0029318522865926316,0.0029318522865926316,0.9356863220912519
Arfgap1,0.0605662467583216,0.0605662467583216,0.09522051420093436
Sil1,0.0932561222728566,0.0932561222728566,0.010103416224054316
Odf2,-0.051263557547127594,0.051263557547127594,0.15799679413438417
Diap1,0.08178717430781396,0.08178717430781396,0.02414688932287282
Arntl,0.04460982079979172,0.04460982079979172,0.2192986463563599
Usp15,0.09483728994757691,0.09483728994757691,0.008894604311985597
Gatad2a,0.04056409000110343,0.04056409000110343,0.2640397164878401
Lars,0.007108726083578176,0.007108726083578176,0.8448810255914407
Gtf2h1,0.04349942396752706,0.04349942396752706,0.23099897815309284
Rnf114,0.016425139586387916,0.016425139586387916,0.6512005237504659
Ccnt2,0.003965929346531953,0.003965929346531953,0.9130806655632671
Eif4enif1,-0.07175396408690497,0.07175396408690497,0.047994888598071335
Tmem223,-0.05434454483024524,0.05434454483024524,0.13444115178275887
Zfyve27,0.0681302858307748,0.0681302858307748,0.06047527124665992
Lass4,0.08574024366494173,0.08574024366494173,0.018071026095685276
Gm561,0.030737415432660467,0.030737415432660467,0.3974538725982296
Frat2,-0.09331295186927452,0.09331295186927452,0.010057559357847584
Ints5,0.05275630053219929,0.05275630053219929,0.14622128813549296
Ctnnbl1,-0.007266084748721211,0.007266084748721211,0.8414922636080628
Nsfl1c,0.04727756335150399,0.04727756335150399,0.1929385223781422
Rab7l1,0.048411868553928476,0.048411868553928476,0.1824635122773041
Arglu1,0.05945772512784514,0.05945772512784514,0.10144514275805439
Sar1b,0.05643836612902663,0.05643836612902663,0.12004693303905044
Fah,0.11975469466647104,0.11975469466647104,0.0009400303632472666
Manbal,-0.004125254280126143,0.004125254280126143,0.9096034791158802
Tm9sf4,0.04930882445819329,0.04930882445819329,0.17448300933260133
Acta2,-0.0907421495421821,0.0907421495421821,0.012327238909371542
Rsf1,0.013622710841175297,0.013622710841175297,0.707696561641375
Stambpl1,0.020624070936816945,0.020624070936816945,0.5702448518671622
Rnf41,-0.09219652031020464,0.09219652031020464,0.01099313471172404
9530068E07Rik,0.0796310134305127,0.0796310134305127,0.028152917591837134
Rbm12,-0.003126197536184736,0.003126197536184736,0.9314332901945573
Lpxn,-0.09661353305899228,0.09661353305899228,0.007691861466893963
Upf3a,-0.00033276126559022374,0.00033276126559022374,0.9926926798441789
Tor3a,-0.029462408185978492,0.029462408185978492,0.4173302342855774
Fxn,-0.047628668651036994,0.047628668651036994,0.18965007791984212
Chuk,0.02873349096216808,0.02873349096216808,0.428951477502661
Cdk2ap2,0.06347668234717356,0.06347668234717356,0.08032302037022124
Ppme1,-0.032773417610672644,0.032773417610672644,0.3669208900861063
Thap1,-0.008960468217539872,0.008960468217539872,0.805201228265043
Rab3gap1,0.049920723212907886,0.049920723212907886,0.16918992797639626
Sap30,-0.015386716965127795,0.015386716965127795,0.6719236509106733
Bcl2l11,0.0983698729271692,0.0983698729271692,0.0066477875627382645
Rad9,-0.04655557101721462,0.04655557101721462,0.19983170923871674
Dtx3,0.009793165766902806,0.009793165766902806,0.7875133715213464
Med9,-0.08297232991741675,0.08297232991741675,0.022162587037281443
Slk,0.043848123622798135,0.043848123622798135,0.22727797694560128
Rab1b,0.03675357483897733,0.03675357483897733,0.31158573570972786
Spcs3,0.04727930771602472,0.04727930771602472,0.1929220819990583
Kat5,-0.024535111893656612,0.024535111893656612,0.4994377322601445
Rela,0.046549926476287126,0.046549926476287126,0.19988629835773955
Stau1,0.04720476947347894,0.04720476947347894,0.19362551025839456
Rwdd4a,0.05347654638277994,0.05347654638277994,0.14078499636907757
Zmynd8,-0.06861748608312486,0.06861748608312486,0.0586552095674884
Sac3d1,-0.07380726133130586,0.07380726133130586,0.04193630881943977
Ifi47,0.03211838170988202,0.03211838170988202,0.37658103397300885
Zfp62,0.04023657623553297,0.04023657623553297,0.2679185148866972
Gfpt2,-0.04430941161603725,0.04430941161603725,0.22242134065641253
2010012O05Rik,-0.04305524171923863,0.04305524171923863,0.23580116954080935
Tcn2,0.02973207606458695,0.02973207606458695,0.4130782587554883
Arhgef18,-0.016644911125883944,0.016644911125883944,0.6468482840455635
Pltp,0.09641938224149009,0.09641938224149009,0.007815842473359882
Gbf1,0.08903484774153342,0.08903484774153342,0.014074390237049449
1110034G24Rik,0.0110338352193631,0.0110338352193631,0.7613637636193482
Pprc1,0.023677168709605675,0.023677168709605675,0.5145615098540812
Tm6sf1,-0.036532297696063205,0.036532297696063205,0.31450986796590596
Bag3,0.0010126431982744359,0.0010126431982744359,0.9777652747826698
Procr,-0.07034173025551926,0.07034173025551926,0.052574767171216535
Tmem19,0.054506734138589405,0.054506734138589405,0.13328062261504722
Zeb2,0.11162995609880268,0.11162995609880268,0.0020561642685607106
Pex6,-0.03281294148003587,0.03281294148003587,0.3663429858629227
Ogdh,0.01949633223105306,0.01949633223105306,0.5915141549471407
Cand1,0.05350372254057745,0.05350372254057745,0.1405829537055703
Arfip1,0.03362985105130476,0.03362985105130476,0.3545255526592927
Zcchc2,0.017522128640393122,0.017522128640393122,0.6295973345728423
Fem1a,0.00887599612320855,0.00887599612320855,0.8070012898807704
Pik3c2a,0.04751601254704949,0.04751601254704949,0.19070069078952756
Commd9,0.037163836730941355,0.037163836730941355,0.30621169219745226
Pgrmc2,-0.07533232272540252,0.07533232272540252,0.03786608034545435
Gpr116,-0.07155876148887161,0.07155876148887161,0.04860727913632412
Sfpi1,-0.011398787577347726,0.011398787577347726,0.7537216765458548
Mfsd1,-0.05591753093603038,0.05591753093603038,0.12350970970901375
Tada1,-0.021460635437052657,0.021460635437052657,0.5547059599080929
Rras2,-0.02762436472996438,0.02762436472996438,0.446989946260745
Tbc1d10b,0.07981582631907998,0.07981582631907998,0.02778846380022791
Lonp1,0.031547277658623835,0.031547277658623835,0.38512992580531774
Fcho1,0.005441876306459637,0.005441876306459637,0.8809410674930978
Plekha3,-0.0032765283169485858,0.0032765283169485858,0.9281447999305097
Rc3h2,0.06942651970046239,0.06942651970046239,0.05573326131937813
Phkg2,-0.07728822119800183,0.07728822119800183,0.03314112184635596
9130011J15Rik,-0.022185642627808182,0.022185642627808182,0.5414085263437989
Rpp21,-0.0040299705095673405,0.0040299705095673405,0.9116827960281492
Rn45s,0.09401860220612303,0.09401860220612303,0.009503374625913216
Fnbp4,0.043187981092544556,0.043187981092544556,0.23435875591697902
Nmd3,0.01175964796284537,0.01175964796284537,0.7461888698413365
Vrk2,0.03086089099981866,0.03086089099981866,0.3955597191062209
Mettl5,0.023181332752137043,0.023181332752137043,0.5234091733793251
Nfkbil1,-0.0011412643427804305,0.0011412643427804305,0.9749419998675309
Sh2d3c,-0.061164833224230726,0.061164833224230726,0.09198847814437054
Gtpbp2,0.03223218126977722,0.03223218126977722,0.37489162780220614
Polr1c,0.05086826507271898,0.05086826507271898,0.16123198384367404
Itga4,0.112212921571352,0.112212921571352,0.0019470328574751567
Pear1,0.011402302228752213,0.011402302228752213,0.7536481954552885
Cd68,0.025776928972585347,0.025776928972585347,0.4779713711454224
Naa15,0.025197480004607566,0.025197480004607566,0.4879247270206441
Vkorc1,0.06337170216180296,0.06337170216180296,0.08082540844421206
2310008H09Rik,0.05303016758348694,0.05303016758348694,0.14413559723731106
Gapvd1,0.026125653985542133,0.026125653985542133,0.47203504884680714
Stam2,-0.022929956804603566,0.022929956804603566,0.5279242832725857
Gpr171,-0.13934495162429447,0.13934495162429447,0.00011621808357614208
Tial1,0.055663137694119305,0.055663137694119305,0.12522909394349954
Ppp1r7,0.0453067876049883,0.0453067876049883,0.21217509950904043
Ccdc75,0.024042744348410104,0.024042744348410104,0.508088246886636
Kif21b,0.01970711477812581,0.01970711477812581,0.5875112299528586
Fbxw2,0.004331515042632618,0.004331515042632618,0.9051045170521521
Dda1,-0.014765017094461165,0.014765017094461165,0.6844519540555779
Atl2,0.044230283116640436,0.044230283116640436,0.22324912703094224
March7,0.04044712986886689,0.04044712986886689,0.26542043340651056
Cln3,-0.01899407767821039,0.01899407767821039,0.6011023992985288
Ubr3,0.04960890486182935,0.04960890486182935,0.17187201908849875
Serf1,-0.09453906467728379,0.09453906467728379,0.009112215515723561
Acp1,-0.045902913362465644,0.045902913362465644,0.20621588111186204
Slc23a2,-0.025413229469377872,0.025413229469377872,0.4842057510556874
Pik3r1,0.053419933321126004,0.053419933321126004,0.14120660480755298
Ski,-0.017607021580007105,0.017607021580007105,0.6279383269558214
Cuedc2,0.027983489183006815,0.027983489183006815,0.4411026109864806
Wsb2,0.04782237526232741,0.04782237526232741,0.18785356314177104
Cep135,0.027870707393483886,0.027870707393483886,0.4429467160814773
Gmppb,0.08412845215543557,0.08412845215543557,0.020364849587820873
Ext2,0.06635256465506471,0.06635256465506471,0.06751681272615326
Mtap4,0.05733200402691602,0.05733200402691602,0.11428288666242868
Ccdc51,0.03011292073758283,0.03011292073758283,0.40711713368356417
Cct6a,0.12695864898754608,0.12695864898754608,0.0004507194785087383
Ankmy2,0.023191444779806343,0.023191444779806343,0.523227959970334
Gbas,-0.038112297531956885,0.038112297531956885,0.29402378647328603
BC018507,0.10038997562563125,0.10038997562563125,0.0056055293315467
Scarb1,-0.0485090017739752,0.0485090017739752,0.1815864659563873
Sh3pxd2a,0.05293628379001076,0.05293628379001076,0.14484800925110342
Ip6k2,0.08242444702473997,0.08242444702473997,0.023061593900113236
Calhm2,-0.038837023603033156,0.038837023603033156,0.2849327113864314
Pik3cg,0.09087187345337178,0.09087187345337178,0.012202683038810686
Dalrd3,-0.002958601503893028,0.002958601503893028,0.9351008334441071
Anapc1,0.002548975271864283,0.002548975271864283,0.9440704110744189
Flt1,0.0905850703618058,0.0905850703618058,0.012479563798238327
Lamb2,0.0020343611818802697,0.0020343611818802697,0.9553488072472138
Zcchc18,0.014932966702528739,0.014932966702528739,0.6810587551388911
Cog5,-0.006017054245536987,0.006017054245536987,0.8684660778543386
Usp4,-0.014022894907377795,0.014022894907377795,0.6995209607387277
Atg10,0.01303723356736474,0.01303723356736474,0.7197182354182233
Mxra8,-0.055118051057055195,0.055118051057055195,0.1289758523385818
Vwa1,-0.030512673565589538,0.030512673565589538,0.40091545983765603
Slc20a1,0.02540870096716157,0.02540870096716157,0.4842836530732016
Pcgf6,0.025258385517856023,0.025258385517856023,0.4868733142794081
Fchsd2,-0.19253445269583208,0.19253445269583208,8.83451219062561e-08
Tex264,-0.035692082558919445,0.035692082558919445,0.325776608270131
Taf1b,-0.00915340752121916,0.00915340752121916,0.8010936571096271
Gnl3l,0.037246055256722664,0.037246055256722664,0.3051421263503145
Eaf1,0.023599329260858885,0.023599329260858885,0.5159453199083566
Btd,0.05432223893093466,0.05432223893093466,0.1346013674683814
Oxnad1,0.04065786953916327,0.04065786953916327,0.2629362239152259
Mapk8,-0.027505191415355575,0.027505191415355575,0.4489534370859911
Txlng,-0.0003783426216714503,0.0003783426216714503,0.9916917632544675
Wapal,0.0691086622092343,0.0691086622092343,0.056866487095754224
Cars2,0.014710932701985034,0.014710932701985034,0.6855460159878568
Cd274,0.07569847186556741,0.07569847186556741,0.03694039690518228
Ddhd1,0.01149080265354082,0.01149080265354082,0.7517986457186315
Mrps22,-0.026275987492855212,0.026275987492855212,0.46948849394914516
2410017P09Rik,-0.02556756731077181,0.02556756731077181,0.4815547970565308
Luzp1,-0.03050315168835637,0.03050315168835637,0.4010625185253903
Cbfa2t2,0.028041117146098048,0.028041117146098048,0.44016202838067137
Tmem126a,-0.009441355429190185,0.009441355429190185,0.7949736321901306
Ing1,0.04591968932550405,0.04591968932550405,0.20604995205674104
Lgals3,0.1306215209839854,0.1306215209839854,0.0003055608149801232
Ak3,0.035552483480370795,0.035552483480370795,0.3276736074058114
Tep1,0.050174126456811345,0.050174126456811345,0.16703346817533135
Anapc7,-0.01249831103632958,0.01249831103632958,0.7308455624692793
Ubfd1,0.007151468780669928,0.007151468780669928,0.843960263709138
Rnase4,-0.02674646986964677,0.02674646986964677,0.4615680159334144
Nipal3,0.0008062933619317153,0.0008062933619317153,0.982295285078957
Mul1,-0.03886191168353412,0.03886191168353412,0.28462391865184544
Dpcd,-0.04206812028737977,0.04206812028737977,0.24672452203899717
Gcc1,-0.03516317895149395,0.03516317895149395,0.33300154706972407
Rbck1,-0.07981048034972066,0.07981048034972066,0.02779894883109348
Ctnnbip1,0.03590703414311869,0.03590703414311869,0.32286961489390714
Snrpb2,0.015016113741380325,0.015016113741380325,0.6793812550850001
Rfc5,0.03944398294337172,0.03944398294337172,0.27746643212767774
Pde4d,0.0019455011449951655,0.0019455011449951655,0.957297250444589
A430035B10Rik,0.057113898882796624,0.057113898882796624,0.11566922446390551
Ndufs4,-0.10528032911550476,0.10528032911550476,0.003664562564038322
Rps19-ps3,-0.03937177573348857,0.03937177573348857,0.27834762573500305
Gm13212,0.026771819998553388,0.026771819998553388,0.4611433767688072
Rbm15b,0.02503368940378234,0.02503368940378234,0.4907583008581403
Pold3,0.006687875926440147,0.006687875926440147,0.8539580694139918
Fhit,-0.007893350459945062,0.007893350459945062,0.8280136251456073
Spns1,-0.05946257842865905,0.05946257842865905,0.10141720193303733
Cog7,0.013507198844073845,0.013507198844073845,0.710062744043056
Alas1,-0.002957589851869418,0.002957589851869418,0.9351229759155081
Atf2,0.0017575349480472367,0.0017575349480472367,0.9614196295434777
Ddx1,0.05331195532999572,0.05331195532999572,0.14201342211646203
Pygb,0.07216062205829536,0.07216062205829536,0.046739882687823024
Lrrc32,-0.06384180096692318,0.06384180096692318,0.07859540976481891
2610001J05Rik,0.06501542641437093,0.06501542641437093,0.07324565729978566
Gtf2h3,-0.04450037725500068,0.04450037725500068,0.2204326327221143
Tmem29,-0.004082342085048758,0.004082342085048758,0.9105398489392444
Psmf1,-0.020560074802600563,0.020560074802600563,0.5714420323498977
1500011H22Rik,0.024845884867340132,0.024845884867340132,0.49401814661714044
Ubxn2a,0.12041713546446667,0.12041713546446667,0.0008800144332640949
Tpst1,0.035854615094344934,0.035854615094344934,0.32357696599441277
Arfip2,-0.0712423451314838,0.0712423451314838,0.04961384624611546
Zfp595,-0.043293555863111684,0.043293555863111684,0.2332159890107476
Rasgef1b,-0.10122885325113568,0.10122885325113568,0.0052177857320600445
Setd1a,-0.014505819848742321,0.014505819848742321,0.6897011675139094
Card11,-0.010450162657108169,0.010450162657108169,0.7736339868365611
Lrwd1,-0.03441534423659837,0.03441534423659837,0.34339190221374843
Uxt,0.022329372787809824,0.022329372787809824,0.5387913495995096
Mrrf,-0.014435719360086884,0.014435719360086884,0.6911234062322275
Lpcat4,0.06754355019125839,0.06754355019125839,0.06272892677625244
Urm1,-0.022989606011932767,0.022989606011932767,0.526851098974852
Zfp326,0.024527006854238205,0.024527006854238205,0.49957949685878533
Net1,0.015597678110897288,0.015597678110897288,0.6676927959619541
Kynu,0.05187573031904236,0.05187573031904236,0.1530837741630407
Rexo4,-0.05493467134986435,0.05493467134986435,0.1302557023199112
Tada2b,-0.005073579989807609,0.005073579989807609,0.8889447313555076
Gtpbp4,-0.03508443944188144,0.03508443944188144,0.33408590778969544
Tubgcp2,0.08145273053038711,0.08145273053038711,0.02473394037733563
Lgals8,0.02821433835670842,0.02821433835670842,0.4373416979785709
Chst7,0.015871913870077595,0.015871913870077595,0.6622086947090685
Sec16a,0.02949877931501346,0.02949877931501346,0.4167552566616343
Por,0.011850176054112075,0.011850176054112075,0.7443028947079026
Fundc1,0.012877939265718508,0.012877939265718508,0.7230011999177118
Htra3,-0.0974900300434203,0.0974900300434203,0.007153769003918073
Gyk,-0.004683926418190648,0.004683926418190648,0.8974248230642533
C330006A16Rik,0.004092552276609539,0.004092552276609539,0.910317045146232
Mnat1,0.05417233099852735,0.05417233099852735,0.1356819294137967
Wdr13,0.02007233344285721,0.02007233344285721,0.580605222066248
Baat1,-0.03591609543070869,0.03591609543070869,0.3227474425088925
Hist1h3a,-0.011322519325298677,0.011322519325298677,0.7553167700041753
Zdhhc12,0.01862098611481461,0.01862098611481461,0.608269884497198
Psmg3,0.022014100790029353,0.022014100790029353,0.544540395228443
Acadsb,0.06278015929178005,0.06278015929178005,0.08370405837764391
Gnb2,0.04914205159256854,0.04914205159256854,0.17594681388850716
Cox18,0.03939877863327568,0.03939877863327568,0.27801786876793594
0610007P14Rik,-0.0011547256246623118,0.0011547256246623118,0.9746465379624734
Slc9a6,0.056502413683094464,0.056502413683094464,0.11962640362654449
Fbxo3,0.04332973972936213,0.04332973972936213,0.23282523501496735
Lias,-0.014552108587967185,0.014552108587967185,0.688762634117133
Abcd4,0.014361041166703812,0.014361041166703812,0.6926397175982272
Dpm2,0.0497763546158092,0.0497763546158092,0.1704277868522244
Mbnl3,-0.022452488371731357,0.022452488371731357,0.5365545875158347
Zfp410,0.014670149084641926,0.014670149084641926,0.6863714548585556
Rap2c,-0.07252260107444759,0.07252260107444759,0.04564605989045927
Zfp668,-0.03554059787023188,0.03554059787023188,0.3278354497336954
Lamp2,0.033763250564516366,0.033763250564516366,0.3526188662980893
1810013D10Rik,-0.04313234362936717,0.04313234362936717,0.2349625797166311
Sdad1,-0.014862712451296882,0.014862712451296882,0.682477370334274
Ctbp2,-0.0015743669172096774,0.0015743669172096774,0.9654377692034987
Ass1,0.07343238866525377,0.07343238866525377,0.04299156054138378
Psmd5,0.09714800703499442,0.09714800703499442,0.007359593912643016
Lgmn,-0.0037495462733526967,0.0037495462733526967,0.9178057650698904
Ppp2r2d,0.04208065760927427,0.04208065760927427,0.24658360358308198
Itpk1,0.009084535537849141,0.009084535537849141,0.8025592801480457
Fbxl5,-0.059379003568103036,0.059379003568103036,0.10189920379948122
Akap17b,0.010462589307861467,0.010462589307861467,0.7733721470671264
Serpina3g,0.11005765421843247,0.11005765421843247,0.002379008761964842
Setd3,0.06144216906122186,0.06144216906122186,0.09052113439516601
Phtf2,0.05271009685737972,0.05271009685737972,0.14657542271540316
Gm11346,0.043086863661401256,0.043086863661401256,0.23545698193997036
Pde3b,0.0866092728469229,0.0866092728469229,0.016930582939685777
Eif2ak1,0.052322636785701905,0.052322636785701905,0.14957098135346067
Itih5,-0.007124260253220362,0.007124260253220362,0.8445463644465987
Kin,0.038464616172712685,0.038464616172712685,0.28958027547894
Sart3,0.01426466647704893,0.01426466647704893,0.6945983851762071
Prps1l3,0.05902469591073853,0.05902469591073853,0.10396284830442748
Tmppe,-0.026532159954509082,0.026532159954509082,0.4651666114825557
Pdlim7,-0.06148373832032361,0.06148373832032361,0.09030282595144073
Dok3,-0.12786501897513444,0.12786501897513444,0.0004097737269304312
Prpf18,0.006997705141912857,0.006997705141912857,0.8472736206230845
Fam107b,-0.045126724258574544,0.045126724258574544,0.2139992995974891
Rnd3,0.02362392532245361,0.02362392532245361,0.5155078492226014
Rab11fip2,0.023481979148102534,0.023481979148102534,0.5180351764570534
Brms1l,0.08475263185492782,0.08475263185492782,0.019448093716594523
Smad5,0.07331945362089327,0.07331945362089327,0.04331382561418687
Tcf7l2,0.06442177126439728,0.06442177126439728,0.07591334257321569
Gm6377,0.11049928676659408,0.11049928676659408,0.0022839417686275833
5031425E22Rik,-0.021926094914929247,0.021926094914929247,0.5461506132898983
Srp54a,0.03912385184803163,0.03912385184803163,0.28138766573025487
Habp4,0.01683404604582299,0.01683404604582299,0.6431123767630252
Rabgef1,-0.004583458530950085,0.004583458530950085,0.8996132585850704
Chm,0.06151355320763982,0.06151355320763982,0.09014650823774834
1110018J18Rik,-0.019896398349077266,0.019896398349077266,0.5839272846419545
Numa1,0.036357886509089755,0.036357886509089755,0.31682732541294467
Tnmd,-0.2514863244670266,0.2514863244670266,1.993226632508616e-12
Sppl3,0.1055880187682518,0.1055880187682518,0.0035657901065803566
Ankrd16,-0.06030491968101879,0.06030491968101879,0.09665971012242805
Tmx1,0.03620580328833866,0.03620580328833866,0.3188572052667682
Ubr1,0.03933217646733201,0.03933217646733201,0.2788316886651071
Pin4,0.0002552203179963389,0.0002552203179963389,0.994395419538446
Gmds,-0.023255153018759817,0.023255153018759817,0.5220870108231781
Was,-0.007301781468546696,0.007301781468546696,0.840723930241737
Serpinb6b,0.09798498211364004,0.09798498211364004,0.0068650417262687835
Fam98b,0.009164429058250538,0.009164429058250538,0.8008591791404459
A830007P12Rik,-0.07417076396705116,0.07417076396705116,0.04093403949347982
5430417L22Rik,-0.03679018124540032,0.03679018124540032,0.31110371972676837
Nrarp,0.03765691019193638,0.03765691019193638,0.29983449501522114
Lyrm4,0.020611370415899628,0.020611370415899628,0.5704823465405745
Orc4,0.0005623026988593284,0.0005623026988593284,0.9876523504841402
Whsc2,-0.07759837490614778,0.07759837490614778,0.03244017486646909
Exosc7,0.00323414263754015,0.00323414263754015,0.9290718663917468
Sos2,0.06354859797220468,0.06354859797220468,0.07998032793567833
Ctbp1,-0.04243978168391849,0.04243978168391849,0.2425709571724253
Chfr,-0.0362703262378836,0.0362703262378836,0.3179949712768262
Zdhhc3,-0.11847032970391923,0.11847032970391923,0.0010673074369146032
C330019G07Rik,0.040702734150262196,0.040702734150262196,0.26240943264082206
Fbrsl1,0.06887118330453097,0.06887118330453097,0.05772557941266816
BC024659,0.07008727895716235,0.07008727895716235,0.05343754540588066
Trak1,-0.007668569155059949,0.007668569155059949,0.8328381179189527
Etl4,0.08599260296567478,0.08599260296567478,0.017733126629831356
Sbds,0.15097373735017333,0.15097373735017333,2.925555529746887e-05
Nup153,0.021121846236906338,0.021121846236906338,0.5609739033349802
Fam179b,0.06426375509698996,0.06426375509698996,0.07663659229646919
Nucb2,0.03269842790814878,0.03269842790814878,0.3680189211671443
Armc3,0.038755187197783425,0.038755187197783425,0.2859496703715183
Ppfibp2,0.12660330990341062,0.12660330990341062,0.0004677878746708264
Bmyc,-0.10713394325373915,0.10713394325373915,0.0031051476170417427
Sh2d2a,-0.001578498987160292,0.001578498987160292,0.9653471143370075
2310010J17Rik,-0.03976997794791153,0.03976997794791153,0.2735117158653633
Coq3,0.010166253692626057,0.010166253692626057,0.7796231305803417
Galns,0.07301795403093182,0.07301795403093182,0.04418416073478785
Parp9,-0.0386579566510257,0.0386579566510257,0.2871611063904035
Pgpep1,-0.029434112560396804,0.029434112560396804,0.4177778718531782
Gtf2e1,-0.02746282375113155,0.02746282375113155,0.4496526588329513
Taf4b,0.05307482330654219,0.05307482330654219,0.1437976814858099
Ripk2,-0.0016967174757996275,0.0016967174757996275,0.9627536732193428
Adprh,0.046185441982879646,0.046185441982879646,0.2034343240598506
Cd80,0.15465193566607305,0.15465193566607305,1.850290830448145e-05
Gem,-0.03168239059415451,0.03168239059415451,0.383096794718264
Cox4nb,0.008357156399522633,0.008357156399522633,0.818079570167066
Zdhhc13,0.04711413620781273,0.04711413620781273,0.19448335960844307
Mast3,-0.0037049915665618885,0.0037049915665618885,0.9187790597067167
Msh2,0.05451465446680612,0.05451465446680612,0.13322414829903156
Lrpprc,-0.01180302171149481,0.01180302171149481,0.7452850727532021
Usp33,0.051609674595745406,0.051609674595745406,0.15520457547611194
Crispld2,0.029303134370132742,0.029303134370132742,0.41985362516749447
Tfpt,-0.000749297393918524,0.000749297393918524,0.9835466276044268
Prr12,-0.047320243486537086,0.047320243486537086,0.19253656325960186
Fam98a,0.03836394242690462,0.03836394242690462,0.29084536144310885
Scaf4,-0.07428539782467432,0.07428539782467432,0.04062219682083767
Jam2,0.027110782803424455,0.027110782803424455,0.45548640219106934
Flt3l,-0.021898211540832956,0.021898211540832956,0.5466612782271651
Herc2,0.04369832828600322,0.04369832828600322,0.22887119625212696
Rasip1,-0.04087919598259732,0.04087919598259732,0.2603445136578001
Itpr2,0.11763246571279816,0.11763246571279816,0.0011587200383884138
Znhit6,0.03198675899200454,0.03198675899200454,0.37854086901185036
Mlycd,0.021188551450516794,0.021188551450516794,0.5597370885419275
Tomm70a,0.07701887419333764,0.07701887419333764,0.03376030191265391
Mfn1,0.022060939719386403,0.022060939719386403,0.5436843578842924
Recql,0.0727037348689779,0.0727037348689779,0.04510684370881479
Dhx57,0.028610545728901204,0.028610545728901204,0.4309299563099264
Cd69,-0.006499688159377826,0.006499688159377826,0.8580232955259157
Gm15987,0.04007624371832102,0.04007624371832102,0.2698315369956139
Tmx2,-0.025261615469404156,0.025261615469404156,0.48681758971186306
Grhpr,-0.0009046296827403877,0.0009046296827403877,0.9801364219284877
Parn,0.013319672229113816,0.013319672229113816,0.7139100343944048
Mtmr2,-0.07354111845423122,0.07354111845423122,0.04268320878728981
BC017612,-0.00030129737904413116,0.00030129737904413116,0.9933835990761344
Zfp317,-0.0034295845152061957,0.0034295845152061957,0.9247979492642902
Zfp26,-0.07944778389919421,0.07944778389919421,0.02851829997686791
3110001I22Rik,-0.02052367442677064,0.02052367442677064,0.5721235088705934
Zfp266,0.011168963298281159,0.011168963298281159,0.7585314333430887
Fam86,-0.002954764940385629,0.002954764940385629,0.9351848062568979
Anks3,-0.009648868862923491,0.009648868862923491,0.7905709267381744
Zfp866,0.021343801362299096,0.021343801362299096,0.5568636436166458
Cep120,0.05374016941490851,0.05374016941490851,0.13883445598048352
Pam16,0.11551349172102628,0.11551349172102628,0.0014230746632940825
Zfp385a,-0.03344071264778464,0.03344071264778464,0.35724003258423764
Pmm2,-0.008033672338916529,0.008033672338916529,0.8250051571003033
Cdyl2,-0.13375129744218334,0.13375129744218334,0.0002174533730487683
Ntan1,-0.03585454721475371,0.03585454721475371,0.32357788262546566
Mau2,0.03381782249421174,0.03381782249421174,0.35184073674563277
0610012G03Rik,-0.008254032622262021,0.008254032622262021,0.8202858736444107
Nup133,-0.034466779523001444,0.034466779523001444,0.34267071394189713
Exoc8,0.03548234009754789,0.03548234009754789,0.32862947467200043
Bin1,0.011335312926237129,0.011335312926237129,0.7550491285130447
Lpp,-0.06351337923018009,0.06351337923018009,0.0801480038805515
Wdr36,0.03026100604309876,0.03026100604309876,0.4048131424312717
Rnf38,-0.006252826345998301,0.006252826345998301,0.8633616826817128
Ntpcr,-0.061363064866013305,0.061363064866013305,0.09093773460513442
Tmem161a,-0.03089178732939328,0.03089178732939328,0.39508661268363077
Zdhhc8,0.058640072417576045,0.058640072417576045,0.10624043392477751
Il11ra1,-0.07980029450911405,0.07980029450911405,0.02781893570746779
Spsb2,0.04833868493137303,0.04833868493137303,0.18312637796304032
Cwf19l2,0.015014223344435758,0.015014223344435758,0.6794193764790767
Gne,-0.001481370338887,0.001481370338887,0.9674781679988266
Dcaf12,-0.0634134641013343,0.0634134641013343,0.08062525037563112
Nlrc4,0.05028805004334964,0.05028805004334964,0.16607072350412977
Cryzl1,-0.03074917113191804,0.03074917113191804,0.3972733017851285
Fam129c,-0.024885224666442416,0.024885224666442416,0.4933343441364532
Zfp870,0.02759424306668947,0.02759424306668947,0.44748576767763076
Pim1,0.18110487230426048,0.18110487230426048,5.005089334991086e-07
Axl,-0.027762145815542656,0.027762145815542656,0.44472596367318484
Rsrc1,0.031608731233993485,0.031608731233993485,0.3842043795973073
Nae1,0.07270569884758621,0.07270569884758621,0.045101026652560515
Ppard,0.02055995306238005,0.02055995306238005,0.571444310890019
Mt2,-0.0932197048025864,0.0932197048025864,0.010132899760357151
Ppp2r5d,0.08217060484348507,0.08217060484348507,0.023488721542453628
Gdap2,0.03758729720076794,0.03758729720076794,0.3007294406384751
1500002O20Rik,0.09279738741240848,0.09279738741240848,0.010480433209969187
Lemd2,0.02176622384441657,0.02176622384441657,0.5490817405518262
Clasrp,-0.019214843911867088,0.019214843911867088,0.5968792517025462
Ckm,0.13013450395069565,0.13013450395069565,0.000321955681832243
Slc16a1,0.012579602208647156,0.012579602208647156,0.7291634227839336
Pdp2,0.0354684496126575,0.0354684496126575,0.3288189787641272
Ptov1,-0.027344343888164223,0.027344343888164223,0.45161127837312826
Mcm5,0.011722341308386659,0.011722341308386659,0.7469665232597138
Pi4kb,-0.03765508735788664,0.03765508735788664,0.29985790677260216
Prcc,0.031865237564851746,0.031865237564851746,0.3803558507990507
Ng23,0.057581917470431294,0.057581917470431294,0.11271045040926221
D17H6S53E,-0.035741462494476246,0.035741462494476246,0.32510729858467025
Gcdh,0.03757030316778048,0.03757030316778048,0.3009481856484246
Lrba,0.05805479271201802,0.05805479271201802,0.1097817725723093
Zfp84,0.05502584462427889,0.05502584462427889,0.129618158555791
Cdc5l,0.04586740355903811,0.04586740355903811,0.2065674237846778
2810403A07Rik,-0.0005183743578149842,0.0005183743578149842,0.9886169083196548
Etfdh,-0.0030465359901334027,0.0030465359901334027,0.9331763661040731
Vps35,0.07743987547481276,0.07743987547481276,0.0327967834585731
Ech1,0.10633549688036587,0.10633549688036587,0.0033358290668391915
Tmem184c,-0.022863781257007474,0.022863781257007474,0.5291161865719318
S100a1,0.03450987225068708,0.03450987225068708,0.3420672434779865
Slc39a7,0.08095189077466662,0.08095189077466662,0.02563612816839038
Yif1b,0.002214414276324239,0.002214414276324239,0.9514015929924169
4921531C22Rik,-0.04429619329055702,0.04429619329055702,0.22255946862475987
Commd2,0.04863913190178772,0.04863913190178772,0.18041637852161307
Decr2,0.04130535737906504,0.04130535737906504,0.2554040260316055
Riok2,0.05489567758947269,0.05489567758947269,0.13052911280346088
Rgmb,0.018066376937266287,0.018066376937266287,0.6189941268979509
Ddx28,0.02171942977793348,0.02171942977793348,0.5499411409560506
Fam120b,0.07318384228959358,0.07318384228959358,0.043703487794090355
Meis3,0.10104693775855596,0.10104693775855596,0.005299755021384028
Mettl14,0.015015283512318634,0.015015283512318634,0.6793979972294631
Rab31,0.03327878590982882,0.03327878590982882,0.35957432525047117
Elf2,0.004341966845459048,0.004341966845459048,0.9048766218759365
Arid1b,0.006025223446172946,0.006025223446172946,0.8682891243019061
Zfp821,-0.03625962687893062,0.03625962687893062,0.3181378435486489
Rab12,0.038955621250244064,0.038955621250244064,0.2834632680039083
C030034I22Rik,0.017883581451141148,0.017883581451141148,0.6225467311521895
Zfp882,-0.02343179159330601,0.02343179159330601,0.5189302850945146
Trmt61b,0.038946146075116,0.038946146075116,0.28358047827506555
Dhx38,0.07760748577255733,0.07760748577255733,0.03241977743402524
Rltpr,-0.008624265326915499,0.008624265326915499,0.812371575070415
Rab33b,0.03704979569515595,0.03704979569515595,0.30769933191098836
Cog6,-0.0029904450677064208,0.0029904450677064208,0.934403885098913
0610011F06Rik,-0.07117602993970722,0.07117602993970722,0.049827001520134945
Fuz,0.016803471557311992,0.016803471557311992,0.6437156958506232
4933421E11Rik,0.05053445307593371,0.05053445307593371,0.16400267865310791
Safb2,0.05950466475860873,0.05950466475860873,0.10117516412671143
BC003965,-0.048424741160261124,0.048424741160261124,0.18234710161827938
Mapk8ip3,0.04663826105285971,0.04663826105285971,0.19903324800691538
Abca3,0.0017191816168501354,0.0017191816168501354,0.9622609053777273
Med26,-0.008869546392336855,0.008869546392336855,0.8071387727473303
Eml2,0.03250149747941167,0.03250149747941167,0.3709121685643457
Pard6a,0.0705999039355519,0.0705999039355519,0.05171127679104154
Ppp5c,0.015497708456463526,0.015497708456463526,0.6696963976345646
E4f1,0.032130807006190996,0.032130807006190996,0.3763963471642844
Cherp,-0.023081203220692514,0.023081203220692514,0.5252052858513503
Khsrp,0.023629985261030956,0.023629985261030956,0.5154000954016638
Mrps34,-0.06242333202402431,0.06242333202402431,0.08548019531719082
D030056L22Rik,0.02157432816811118,0.02157432816811118,0.5526102147894003
Calcoco1,-0.002407327475894344,0.002407327475894344,0.9471737757114423
Atf7,0.021311945743335697,0.021311945743335697,0.5574526583605436
Lrrn4cl,0.058552917815330424,0.058552917815330424,0.10676197581157827
Lsm1,0.028329629598089885,0.028329629598089885,0.4354703324257302
Gpr180,0.049353713797367235,0.049353713797367235,0.1740905594802678
Actr5,-0.03284440138854338,0.03284440138854338,0.36588339528751934
Ipo5,0.1028961394596238,0.1028961394596238,0.0045181202254541185
Ash2l,0.01674060609681426,0.01674060609681426,0.6449569412108215
Mesdc1,0.038619142583528096,0.038619142583528096,0.2876456712155077
Inpp5b,-0.0171889364144298,0.0171889364144298,0.6361266746969944
Fnta,0.08437733590870444,0.08437733590870444,0.019994889836804773
Stard5,0.1242805951953036,0.1242805951953036,0.0005950483739048935
Mthfd2,0.1190686542048671,0.1190686542048671,0.0010061556236076368
Tipin,-0.007157265342874976,0.007157265342874976,0.8438354106986343
Prkaa1,0.039884057814533386,0.039884057814533386,0.2721369165676377
Rictor,-0.03125410096417863,0.03125410096417863,0.389564124501606
Osmr,0.025866787880088858,0.025866787880088858,0.4764378241384724
Ift52,0.013198837918550779,0.013198837918550779,0.7163929261519357
Smad3,0.055118942283665054,0.055118942283665054,0.12896965615462355
Trps1,-0.013747771511819076,0.013747771511819076,0.7051379542183852
Map4k2,-0.01675071142581907,0.01675071142581907,0.6447573500840623
Scaper,0.03839638974333033,0.03839638974333033,0.29043721757717716
Acsl1,0.07270899730980909,0.07270899730980909,0.0450912584449634
Dph2,0.01887951129573505,0.01887951129573505,0.6032992908331248
Kdm4a,0.014914407491370227,0.014914407491370227,0.6814334044997528
Mir5136,0.009911157951223258,0.009911157951223258,0.7850156202362623
Zswim1,0.0009735202710292595,0.0009735202710292595,0.9786240922099728
Dem1,-0.04191998692138074,0.04191998692138074,0.2483937926858166
Gpr137,0.016501633327221436,0.016501633327221436,0.6496843258180738
Tnnc2,0.15513821465271904,0.15513821465271904,1.740169801493648e-05
Fam105b,-0.08805240733135034,0.08805240733135034,0.015175665344841638
Cap1,0.06265225881670286,0.06265225881670286,0.0843372329744621
Nagk,0.028482512699420464,0.028482512699420464,0.43299591403102994
Esrra,-0.04872796409500363,0.04872796409500363,0.1796208447631455
Trmt1,-0.03701513837668589,0.03701513837668589,0.3081523731188125
Vamp5,-0.0063437667326403414,0.0063437667326403414,0.8613943587912837
Lsm10,-0.07671382625397064,0.07671382625397064,0.03447344849180877
Ahdc1,0.028499223623359115,0.028499223623359115,0.43272594026867567
Nfs1,-0.042139329307253504,0.042139329307253504,0.24592488662444906
Mpeg1,0.05160750309453676,0.05160750309453676,0.1552219762269696
Inmt,0.015485853313685228,0.015485853313685228,0.6699341555949053
Cryl1,0.10872840244412266,0.10872840244412266,0.0026873795423812677
Mpp6,0.06490508504220623,0.06490508504220623,0.07373561924647394
Setdb2,-0.05530807111744111,0.05530807111744111,0.12765996641760421
A330040F15Rik,-0.023735766131608764,0.023735766131608764,0.5135210513803941
Rabggta,0.049687973788528066,0.049687973788528066,0.1711889249608825
Myo5a,0.050501719535004846,0.050501719535004846,0.16427628835047975
Gimap5,-0.05686319455759745,0.05686319455759745,0.11727903434272774
Zfp212,0.013930035096944555,0.013930035096944555,0.7014149960297958
1700123O20Rik,-0.03053820658509896,0.03053820658509896,0.40052127991094066
Acin1,0.09924808586678899,0.09924808586678899,0.006175003507271709
Ripk3,-0.03833059043063115,0.03833059043063115,0.2912652860580692
9130401M01Rik,0.04108929100285599,0.04108929100285599,0.25790069467021454
Slc15a3,0.0021755842156009546,0.0021755842156009546,0.9522527477523717
Rnaseh2b,0.036838057461497396,0.036838057461497396,0.31047404945611573
Ptcd3,0.06107953839972983,0.06107953839972983,0.09244357573344514
Zfp362,0.05678434688283937,0.05678434688283937,0.11778893921697826
Rbbp4,0.05122055972935172,0.05122055972935172,0.15834630394446758
Tut1,0.013517407294297979,0.013517407294297979,0.7098535182686675
Tmem39b,-0.05648132877487917,0.05648132877487917,0.11976471753105265
Nudt18,0.06201915562614248,0.06201915562614248,0.08752860934566427
Serbp1,-0.011483291936233236,0.011483291936233236,0.7519555553831602
Bmp1,-0.10728570762806855,0.10728570762806855,0.0030629787754362717
0610011L14Rik,0.005345342408919748,0.005345342408919748,0.8830377631508024
Tmem135,0.01856650554104561,0.01856650554104561,0.6093196867579692
Mecr,-0.003163193966510963,0.003163193966510963,0.9306238816331075
Vps37c,-0.005936742598304992,0.005936742598304992,0.8702060620861592
Blk,0.0492841395148018,0.0492841395148018,0.17469910083601145
Mrpl35,0.029991678204042346,0.029991678204042346,0.40900928909414835
Mrps31,0.01657162263118183,0.01657162263118183,0.6482983208119688
Wdyhv1,0.018230960547078207,0.018230960547078207,0.615803047067557
Tmem65,0.06606484982279129,0.06606484982279129,0.06871738768290131
Ncoa5,-0.013678836433548239,0.013678836433548239,0.7065478826156242
Zbp1,0.07556598494229758,0.07556598494229758,0.03727309981152855
Cep192,-0.035585993903297634,0.035585993903297634,0.32721758601128353
Il17ra,0.048690269224373306,0.048690269224373306,0.1799581015085801
Lmf2,0.01105275462925725,0.01105275462925725,0.7609670132350601
1300018J18Rik,0.062014087045199784,0.062014087045199784,0.08755454626264239
March1,-0.08351398314687929,0.08351398314687929,0.0213038636049177
Zbtb44,-0.0403613201167104,0.0403613201167104,0.26643657041212593
Fkbp15,0.052229874051779625,0.052229874051779625,0.15029502431223055
Prpf4,-0.04580826397831019,0.04580826397831019,0.20715386182972167
Elac1,0.012639649825498511,0.012639649825498511,0.7279217056336427
Ankrd26,0.06988588052621594,0.06988588052621594,0.054128773633637
Gramd4,0.029636401901348707,0.029636401901348707,0.41458385707557716
Fam118a,-0.011552514685924976,0.011552514685924976,0.7505097810157891
Sema4b,-0.027976534625725545,0.027976534625725545,0.4412161984053564
Rad52,0.025425005171370266,0.025425005171370266,0.4840032100987427
Cpe,-0.1008008053122733,0.1008008053122733,0.005412507353453126
Endou,-0.06326515302831529,0.06326515302831529,0.0813379055062745
Ptpn2,-0.017992273503617158,0.017992273503617158,0.6204332523837542
Zfp930,-0.003257026025905634,0.003257026025905634,0.9285713451929961
Lpl,-0.02016934736162604,0.02016934736162604,0.5787771609823106
Xpa,0.03885273224199598,0.03885273224199598,0.2847377840014672
Atg4d,0.004125607331810396,0.004125607331810396,0.9095957758344221
Necap1,0.008604903318316802,0.008604903318316802,0.8127850018886268
Lmnb1,0.0904547687828525,0.0904547687828525,0.012607181408337394
Hdac7,-0.12045092311652261,0.12045092311652261,0.0008770504912915094
C330018D20Rik,-0.04335514096638983,0.04335514096638983,0.23255120100823856
Pou6f1,0.05515478024730125,0.05515478024730125,0.12872068668445413
Letmd1,-0.03999374549046286,0.03999374549046286,0.27081950728733123
1810029B16Rik,-0.02251501124630522,0.02251501124630522,0.5354204605594385
100043387,0.04679229290824592,0.04679229290824592,0.1975521142069616
Pmepa1,-0.10165403690677129,0.10165403690677129,0.005030643195457756
Tmem38b,0.0169867028356922,0.0169867028356922,0.6401035559624345
Nat2,-0.03161895172814456,0.03161895172814456,0.38405058158594696
Tstd2,0.03739087140742216,0.03739087140742216,0.30326426229807135
Rpusd4,0.007792529521242477,0.007792529521242477,0.8301767607965412
Hdhd2,0.011863326019745393,0.011863326019745393,0.7440290679249243
Ddx27,0.07554736350791258,0.07554736350791258,0.037320065633594995
Map3k11,-0.011593442106778394,0.011593442106778394,0.7496553887854448
Rab3b,0.0696842886494367,0.0696842886494367,0.05482810736414788
Grina,0.03796310982384419,0.03796310982384419,0.2959190518746986
Tsta3,0.008730820951668801,0.008730820951668801,0.8100972856145925
1810046K07Rik,0.08084735675177598,0.08084735675177598,0.02582797326403606
Cpsf1,-0.03781457153013303,0.03781457153013303,0.2978141581919194
Fdx1,0.07120211554250121,0.07120211554250121,0.04974306394955807
Ppp2r5b,0.0024881017628399405,0.0024881017628399405,0.9454039890578563
Txnrd3,0.00699152141540969,0.00699152141540969,0.8474069266781803
Dnaja4,0.10517189323912343,0.10517189323912343,0.00369995932108722
Peg13,0.014500225032584952,0.014500225032584952,0.689814638254168
Ireb2,0.03209324106681701,0.03209324106681701,0.37695488946148414
Men1,0.029126551905146802,0.029126551905146802,0.42266167282632894
Mknk1,0.02066620955955268,0.02066620955955268,0.5694572135304533
Serhl,0.004171122401311912,0.004171122401311912,0.9086027477981033
Timp4,0.0657797334282506,0.0657797334282506,0.06992433700096756
Ankrd54,0.04860334719826607,0.04860334719826607,0.1807375842260635
Cbr4,0.07004302624346663,0.07004302624346663,0.05358879299232478
Ngrn,-0.04263336309692162,0.04263336309692162,0.24042710075018744
Tmem218,0.004646961935490257,0.004646961935490257,0.8982299099708267
Polr3h,-0.05357694892084104,0.05357694892084104,0.1400396557427005
Mier1,0.10129847912529713,0.10129847912529713,0.0051867167317126515
1700034H14Rik,-0.022946689851251277,0.022946689851251277,0.5276231169202313
Sik3,-0.004307333136653806,0.004307333136653806,0.9056318186101706
Adnp,0.045266223721202335,0.045266223721202335,0.21258506569286928
Ppap2b,-0.032669576337174135,0.032669576337174135,0.3684419214739564
Nudt8,-0.022011792845245823,0.022011792845245823,0.5445825929471879
Cbl,0.02404638515254341,0.02404638515254341,0.5080239941338923
Ccdc84,0.031210881410107097,0.031210881410107097,0.3902204169465169
Ift46,-0.026275869685318073,0.026275869685318073,0.4694904865623237
Tsen2,0.01944610907088539,0.01944610907088539,0.5924697736863153
Tcirg1,0.03543738780538055,0.03543738780538055,0.3292430022815045
4930414L22Rik,-0.11819883500891817,0.11819883500891817,0.001096171990848133
Sox17,-0.03101941270807564,0.03101941270807564,0.39313594346709524
Osbpl8,0.05856384949492481,0.05856384949492481,0.10669644868828043
Trp53i13,0.003474070426008477,0.003474070426008477,0.9238254308099016
Tmem70,0.07133131285987893,0.07133131285987893,0.049329078899046336
Mlx,0.0509539838450464,0.0509539838450464,0.16052623010538075
Atp6v0a1,0.01679793668702065,0.01679793668702065,0.6438249391972571
Sap30l,0.07216386097621387,0.07216386097621387,0.04672999862358083
Mmgt2,-0.08945454267205004,0.08945454267205004,0.013625804916488229
Hes6,0.0011496596068658403,0.0011496596068658403,0.9747577316679972
Hmga2-ps1,0.08040179856899796,0.08040179856899796,0.026659638823447036
Mettl13,0.007783741432666434,0.007783741432666434,0.8303653723166301
Ndufa10,-0.016444679536261213,0.016444679536261213,0.6508130811763916
Lta4h,0.024408008125818014,0.024408008125818014,0.5016633465011642
Pigs,0.02018221083973306,0.02018221083973306,0.578534973565108
Echdc1,0.07249762813421175,0.07249762813421175,0.045720825161679184
Dusp28,0.0711281124129153,0.0711281124129153,0.04998149814636321
Xrcc6bp1,-0.05421552822845017,0.05421552822845017,0.13536987290727256
Afmid,-0.027300112074357955,0.027300112074357955,0.45234371795527717
Lasp1,0.05498207126458441,0.05498207126458441,0.12992394836523136
Sept2,0.031239436730295833,0.031239436730295833,0.3897867269422053
Efemp1,0.04272796519201795,0.04272796519201795,0.239384271488101
Col6a1,-0.19827788262067744,0.19827788262067744,3.548556445992198e-08
Cbx4,0.035410915062230944,0.035410915062230944,0.3296046596431288
2510012J08Rik,-0.047159095632063185,0.047159095632063185,0.19405746868626894
Eif5b,0.11687087296004214,0.11687087296004214,0.0012480225017462545
Apaf1,0.05773914228506935,0.05773914228506935,0.11172995875784136
Klhl12,0.05301752460827201,0.05301752460827201,0.1442313785691004
Gstt1,0.05639022436259358,0.05639022436259358,0.12036378664647648
Ncoa2,0.04149721443756713,0.04149721443756713,0.2532011954824952
Ikbip,0.06419835193781416,0.06419835193781416,0.07693758261313427
Dusp10,0.01085508733751474,0.01085508733751474,0.7651152819424037
B3gnt7,-0.054090236111924456,0.054090236111924456,0.13627651016714853
Snx11,-0.08322476064692846,0.08322476064692846,0.02175872118215234
Cbx1,0.0285728483677937,0.0285728483677937,0.4315376523637738
0610009B22Rik,0.009542811410800281,0.009542811410800281,0.7928202692716796
Map4k4,0.003613657508955461,0.003613657508955461,0.9207746243343484
Baiap2,-0.023109750199329343,0.023109750199329343,0.5246928926890643
Cdk5rap3,0.10032201288876408,0.10032201288876408,0.00563805142753645
Gm6251,0.033616903459481186,0.033616903459481186,0.3547109585982471
Ncln,-0.04897924768610706,0.04897924768610706,0.17738457852653075
BC031781,-0.043332157464642994,0.043332157464642994,0.23279914212655262
Tmpo,0.006596118807491017,0.006596118807491017,0.855939727278399
Abl2,0.053071703485440005,0.053071703485440005,0.14382126986666016
Fn1,-0.11109379529396698,0.11109379529396698,0.0021614489080323722
Fzr1,0.016278674480297625,0.016278674480297625,0.6541076554633628
Asb3,-0.04276574939612276,0.04276574939612276,0.2389686550647653
Rnf185,0.09303682641670266,0.09303682641670266,0.010282116884004391
Thap4,0.04187178608443477,0.04187178608443477,0.24893864984394376
Pydc3,0.07149861125851313,0.07149861125851313,0.04879729741979046
Vamp2,-0.004505304093377004,0.004505304093377004,0.9013161805597202
Tmem107,-0.01233088413644624,0.01233088413644624,0.734314153986805
Socs2,0.011582832523185906,0.011582832523185906,0.749876842834905
Lig3,0.048299512583539324,0.048299512583539324,0.18348191515375728
4632411B12Rik,-0.09246853752123704,0.09246853752123704,0.01075833762395067
B4galt3,0.0063239027147549195,0.0063239027147549195,0.8618240065712038
Rad51l3,0.03789797253606293,0.03789797253606293,0.29674910333165183
Klf16,0.08389061101084141,0.08389061101084141,0.020723949063521988
Wdr18,0.019411719487096243,0.019411719487096243,0.5931245271789076
Exoc7,0.021057870963337923,0.021057870963337923,0.5621613398209442
Qrsl1,-0.042300108545470734,0.042300108545470734,0.24412610462483128
Helz,0.034033390205066384,0.034033390205066384,0.34877762385527783
Uggt1,0.060678883059895605,0.060678883059895605,0.094605503124617
Sphk1,0.030345306276712412,0.030345306276712412,0.40350503678113236
Slfn8,0.03807085717578616,0.03807085717578616,0.2945494237726349
Lilrb4,0.07894652926069243,0.07894652926069243,0.029538761683540204
Cxcr4,-0.10439577318114335,0.10439577318114335,0.003962500559445744
Prep,-0.012433724802624184,0.012433724802624184,0.7321829525943127
Rad50,0.062327858592252636,0.062327858592252636,0.08596054310707257
Tmcc3,0.04208451578970718,0.04208451578970718,0.24654024928332757
Ly9,0.0229033562991543,0.0229033562991543,0.5284032270106555
Bptf,-0.026051462183022036,0.026051462183022036,0.4732946052201943
Med16,-0.017102643599650344,0.017102643599650344,0.6378223334916434
Pam,-0.08085542080736992,0.08085542080736992,0.025813129802162636
Zufsp,0.07213264036927874,0.07213264036927874,0.04682534631507243
Utp6,0.09338541652065505,0.09338541652065505,0.00999935465443166
Trp53,-0.10885180149133736,0.10885180149133736,0.0026572885805795413
Sft2d2,0.07389893972492055,0.07389893972492055,0.041681593391079075
Wrap53,0.06386488626628783,0.06386488626628783,0.07848720063080035
Smarce1,0.02694319599983705,0.02694319599983705,0.4582783855352005
Aatf,-0.01907672571391166,0.01907672571391166,0.5995198067708546
Sept9,0.0918841358381112,0.0918841358381112,0.011268372090098339
Kctd18,0.013301757712925072,0.013301757712925072,0.7142779500542792
Trim47,0.020767318447223203,0.020767318447223203,0.5675694429100655
Eif2d,-0.029598230200590905,0.029598230200590905,0.4151854574143155
Cdk5r1,-0.07812921316363565,0.07812921316363565,0.03126988410922047
Igfbp4,-0.059896485713069644,0.059896485713069644,0.09894378495685507
Trappc1,-0.00498224790972107,0.00498224790972107,0.8909313045749819
Fam126b,0.04293422657795452,0.04293422657795452,0.23712163413425133
Ino80d,0.062124404303744725,0.062124404303744725,0.0869914279802606
Pea15a,0.04562910465367564,0.04562910465367564,0.20893779320150965
Map2k4,0.08691959387168074,0.08691959387168074,0.016538894017720848
2310009B15Rik,-0.10568964825844962,0.10568964825844962,0.0035337006342207934
Tmem5,0.026567509474984582,0.026567509474984582,0.464571968287957
Arrb2,-0.029964325014625058,0.029964325014625058,0.4094368940042166
Zswim7,-0.026784152112663485,0.026784152112663485,0.4609368807408492
Inpp1,-0.022963595001385614,0.022963595001385614,0.5273189418080128
Ipmk,0.052427487698705914,0.052427487698705914,0.14875578750312649
Spryd4,-0.007183398620708159,0.007183398620708159,0.8432725708337432
Rab21,0.06982033785703125,0.06982033785703125,0.054355325283596434
Bod1,0.023164868787991864,0.023164868787991864,0.5237042859263449
Camsap2,-0.0035759663066120433,0.0035759663066120433,0.9215982880927681
Zwint,0.019607850781543857,0.019607850781543857,0.589394772325999
Rnpep,0.0038436101849251406,0.0038436101849251406,0.9157513505581023
Ccdc137,-0.015906575594061747,0.015906575594061747,0.6615168154029849
Mff,-0.03509634207062018,0.03509634207062018,0.3339218451703714
Csrp2,-0.24170500275175957,0.24170500275175957,1.4506705576144974e-11
Tpp2,0.07619095804729592,0.07619095804729592,0.03572570134919127
Tmem206,-0.008124228992984563,0.008124228992984563,0.8230650018185012
Acsf2,-0.03921183875766916,0.03921183875766916,0.28030620715518056
Osgepl1,-0.06210644693651045,0.06210644693651045,0.08708289266143408
Tnfrsf13b,0.08125384817670483,0.08125384817670483,0.02508885753912577
Mettl2,-0.0013180138976059672,0.0013180138976059672,0.9710628093280186
Patz1,-0.025822026443742575,0.025822026443742575,0.4772013937473123
Cd34,-0.021596711218571936,0.021596711218571936,0.552198075997593
Cdk2,0.008481789475899124,0.008481789475899124,0.81541500100213
Upb1,0.10137397830614917,0.10137397830614917,0.0051532155191456935
Ube2z,0.06227844049449988,0.06227844049449988,0.08621002997468759
Dhrs7b,0.05429673603558324,0.05429673603558324,0.13478472653411683
Arhgap27,-0.04315721673354374,0.04315721673354374,0.2346925004630031
Dnajc14,0.0539243384196372,0.0539243384196372,0.13748416580024506
A430084P05Rik,0.052635943313082426,0.052635943313082426,0.1471451512911068
Adat2,-0.019999986444753447,0.019999986444753447,0.5819702315710716
Mrps9,0.003288320544606708,0.003288320544606708,0.9278868956653338
Specc1l,0.03557010357632532,0.03557010357632532,0.3274337757685061
1110038D17Rik,-0.05232604206666998,0.05232604206666998,0.14954445267126593
Wdr92,-0.009448200111987173,0.009448200111987173,0.7948283072662599
Aspscr1,-0.05158259154704672,0.05158259154704672,0.15542170409439623
Arl4d,-0.015867074067841398,0.015867074067841398,0.6623053244487234
Serpine2,0.038548802274659774,0.038548802274659774,0.2885252199721302
Alyref,0.0019147371593457698,0.0019147371593457698,0.9579718754677571
Ap1s3,-0.051066704017296106,0.051066704017296106,0.15960171391534878
Dock2,0.06631050030581977,0.06631050030581977,0.06769125605727733
Wdfy1,-0.07534718577445952,0.07534718577445952,0.03782812430215534
Cox11,-0.09128797715337883,0.09128797715337883,0.011810634120695213
Syne1,0.024181322804324293,0.024181322804324293,0.5056456246511049
Wdr75,0.049296468660632815,0.049296468660632815,0.17459114682865942
Angptl7,-0.10739671103818947,0.10739671103818947,0.003032466428843161
Whsc1l1,0.0225340010324211,0.0225340010324211,0.535076236239803
Gm12942,0.0762362585186084,0.0762362585186084,0.03561569716343593
Exosc10,0.005948575646180549,0.005948575646180549,0.8699496547274754
Fam72a,0.017057332142780577,0.017057332142780577,0.6387134648776793
Dis3,0.06395735611736239,0.06395735611736239,0.0780549735307634
Itgal,0.036869280663743696,0.036869280663743696,0.3100638530358336
A930013F10Rik,-0.011250322718655106,0.011250322718655106,0.7568276680232467
Erlin2,0.020330777239944964,0.020330777239944964,0.5757412875528805
Ndfip2,-0.016479540330879824,0.016479540330879824,0.6501220872432225
Zscan20,0.06502284742092884,0.06502284742092884,0.07321280054292678
Zfp623,-0.01738452864433277,0.01738452864433277,0.6322903250580638
S100pbp,0.04931311717758991,0.04931311717758991,0.1744454512911743
Zfp652,-0.0911567056663841,0.0911567056663841,0.011933095693513762
Dach1,0.017612049047155957,0.017612049047155957,0.6278401371433455
9130019O22Rik,-0.018459090006420435,0.018459090006420435,0.6113918602119545
Arl5c,-0.028390690347157445,0.028390690347157445,0.4344810869507419
Fstl3,0.06823799022216531,0.06823799022216531,0.060068942282206245
Zfp747,-0.03652898928820667,0.03652898928820667,0.314553724085879
Stac2,-0.0016427827192989615,0.0016427827192989615,0.9639368303114715
Rnf170,0.03724828514669092,0.03724828514669092,0.30511315261571886
Zfp553,-0.029916874071162534,0.029916874071162534,0.41017931080148234
Epha2,-0.011576254972058102,0.011576254972058102,0.7500141465248417
Fnip1,0.00655364514422773,0.00655364514422773,0.8568573292579462
Cdca8,-0.012835639434174897,0.012835639434174897,0.7238738338412908
Ino80e,-0.06242359361828585,0.06242359361828585,0.08547888215999805
BC016495,0.014359806519101665,0.014359806519101665,0.6926647969844548
Pigr,-0.06305539907117684,0.06305539907117684,0.08235450393815522
Ndufs5,0.08812255021759911,0.08812255021759911,0.01509459944393071
Rbm4b,0.044601451713577364,0.044601451713577364,0.21938521377343073
Ankrd37,-0.05992689627660193,0.05992689627660193,0.09877225250669014
Heatr7a,0.02807208541258746,0.02807208541258746,0.4396570503065772
Adck5,0.03587070116396823,0.03587070116396823,0.3233597908709685
Casp3,0.11780344786756515,0.11780344786756515,0.001139498825974165
Gm12216,0.07559704592351188,0.07559704592351188,0.037194871471850834
Rlf,0.08056333645510824,0.08056333645510824,0.026355487478127826
Ppp1r9b,0.022567167402236216,0.022567167402236216,0.5344753028406155
Ccdc101,-0.008852861261225541,0.008852861261225541,0.8074944616247138
Ankrd13d,-0.01708385496151849,0.01708385496151849,0.6381917825942764
Sh2b1,-0.02717396602219127,0.02717396602219127,0.45443626008592997
4933411K20Rik,-0.015994767315601663,0.015994767315601663,0.6597577306124532
Adprhl2,-0.013222951910591712,0.013222951910591712,0.7158971941219031
Kctd13,-0.05185722296965409,0.05185722296965409,0.15323058553372249
Pcsk5,-0.02901815693662347,0.02901815693662347,0.4243908149710008
Zfp91,-0.03045295304346868,0.03045295304346868,0.40183833557761356
B130006D01Rik,-0.004515004277889638,0.004515004277889638,0.9011047965844676
Cacna1s,0.19048980607340957,0.19048980607340957,1.214353851669538e-07
Cd5,0.0813809562684602,0.0813809562684602,0.024861521974573215
P4ha2,-0.001850974245984311,0.001850974245984311,0.9593702307909697
Mtap7d1,0.0071141079657988555,0.0071141079657988555,0.8447650775818422
Pex14,0.04386729723783029,0.04386729723783029,0.2270746179344146
Cnot7,0.014563964723314815,0.014563964723314815,0.6885223203231772
Rbpms,-0.02972763310427512,0.02972763310427512,0.41314810476755065
Kif1b,0.07738431384195488,0.07738431384195488,0.03292258230729188
Snip1,-0.056082759478912836,0.056082759478912836,0.12240285845987318
Tsc22d1,-0.22661399733960463,0.22661399733960463,2.6253929388523176e-10
Cdipt,-0.011304288714849661,0.011304288714849661,0.7556982041044398
Nufip1,0.020053029356900665,0.020053029356900665,0.5809692961744496
Efha2,0.0164335148667025,0.0164335148667025,0.6510344452647272
Slc35b1,-0.00045151577855247167,0.00045151577855247167,0.9900849889318296
Parp10,0.024095684745517668,0.024095684745517668,0.5071543761072478
1700008J07Rik,0.03753892847397707,0.03753892847397707,0.3013523145491271
Ppap2c,0.03110429194483561,0.03110429194483561,0.3918418510498547
Slc25a15,-0.018865292910645565,0.018865292910645565,0.6035721896391646
Pygm,0.06509796886171128,0.06509796886171128,0.072880874831218
Rrm2b,-0.010488008159350925,0.010488008159350925,0.772836631124052
Gm16062,0.0324215304236026,0.0324215304236026,0.3720910340032471
Ece1,0.017544986859302777,0.017544986859302777,0.6291504472476855
Ikzf5,-0.04237747590509206,0.04237747590509206,0.24326382051385123
Rnf19a,0.05741920171210228,0.05741920171210228,0.11373229956299322
Alpl,0.03038250168738203,0.03038250168738203,0.40292867143344036
Plekha1,0.03081666188535221,0.03081666188535221,0.3962375808415667
Bad,0.05611287004285318,0.05611287004285318,0.12220198638592027
1700029I01Rik,0.041789660588727726,0.041789660588727726,0.24986890767463096
Prelp,-0.11415437745767226,0.11415437745767226,0.0016207377208599793
Stk3,0.034916296585304554,0.034916296585304554,0.33640908453116997
Zbtb40,0.002798228284128641,0.002798228284128641,0.938611606711758
Cdkn1c,-0.0009596030084344608,0.0009596030084344608,0.9789296067459298
Rnf187,0.053089469459435,0.053089469459435,0.14368698425240473
Laptm4b,0.09180655243151553,0.09180655243151553,0.011337669365426324
Fam160b2,0.024210514895503174,0.024210514895503174,0.5051318646317693
Fzd6,0.05974826347751157,0.05974826347751157,0.099783240281901
Nudt22,0.07706294536648509,0.07706294536648509,0.03365831973716372
2610507I01Rik,0.026663298950775773,0.026663298950775773,0.46296273876605143
Slc25a32,0.06404098325842617,0.06404098325842617,0.077665746861749
Derl1,0.05886883563389522,0.05886883563389522,0.1048810801208328
Enpp2,-0.0264774159936203,0.0264774159936203,0.4660883372909392
Mfap2,-0.15428656734429957,0.15428656734429957,1.937356362555102e-05
Utf1,0.05045352106969302,0.05045352106969302,0.1646797891107721
Zfp867,-0.03131426728968693,0.03131426728968693,0.3886516104405882
Sigirr,0.03917696704811866,0.03917696704811866,0.2807344823104449
Zfpl1,-0.022544816214813107,0.022544816214813107,0.5348802412251341
Padi4,0.07197932762166195,0.07197932762166195,0.0472959373670362
Atad2,0.00531172864274746,0.00531172864274746,0.883768039749277
Rassf7,-0.010352509440233014,0.010352509440233014,0.7756925132060798
Zkscan17,-0.006151083058443734,0.006151083058443734,0.8655637090619703
Ehbp1l1,0.032711518773992046,0.032711518773992046,0.36782709217947246
Dnajc16,0.047366054436286956,0.047366054436286956,0.1921058022126081
Irf7,0.01223117572605594,0.01223117572605594,0.7363823967536839
Sqle,0.002662990271139686,0.002662990271139686,0.9415730670199298
Tmco4,-0.021134417802927952,0.021134417802927952,0.5607407067017186
Zranb1,0.06240314553720611,0.06240314553720611,0.08558157702544138
Pvt1,0.05133574277464614,0.05133574277464614,0.15741134481751853
Abcc4,-0.04370361597926742,0.04370361597926742,0.22881482172126905
Cars,0.05980869143578085,0.05980869143578085,0.09944032511599199
Sp2,-0.03842025623140433,0.03842025623140433,0.290137254678981
Eef1g,-0.08513025329221918,0.08513025329221918,0.01891111510695723
Dcun1d2,0.038252617455574414,0.038252617455574414,0.29224860622704835
Tmco3,-0.004285507411065382,0.004285507411065382,0.9061077778427973
Zfp646,0.02500205409211875,0.02500205409211875,0.49130660629356293
Nav1,-0.028098389520916672,0.028098389520916672,0.43922838821320687
Med18,-0.0060581592926637175,0.0060581592926637175,0.8675757658052221
Agtrap,-0.0013221969663885424,0.0013221969663885424,0.9709710098210261
Cdc16,0.0344720636482825,0.0344720636482825,0.3425966785465264
Pip4k2b,0.05871846811194066,0.05871846811194066,0.10577303045543884
4833417C18Rik,-0.07062491579951967,0.07062491579951967,0.05162825476996586
Fabp3,-0.005188666942437043,0.005188666942437043,0.886442455868476
Sdhaf2,-0.06222341548192517,0.06222341548192517,0.08648850982359715
Pola2,0.02637994065252517,0.02637994065252517,0.46773203552568365
Alg11,0.0412199997205796,0.0412199997205796,0.2563883314068966
Ccdc28b,-0.00022227411583662784,0.00022227411583662784,0.9951189010114511
Abi3,-0.09544928021159158,0.09544928021159158,0.008462495626192505
Ly6c2,0.03867481856560308,0.03867481856560308,0.2869507693296608
Myst1,-0.000916416589571542,0.000916416589571542,0.9798776631000635
0610007N19Rik,0.031195976533272298,0.031195976533272298,0.3904469041606962
E130012A19Rik,0.08599785403123708,0.08599785403123708,0.017726154739750054
Eml3,0.009676573809373425,0.009676573809373425,0.7899836262164949
Sla,-0.12242139366664406,0.12242139366664406,0.0007193422443476231
2810021J22Rik,0.009068361764034541,0.009068361764034541,0.8029035651810905
Gale,0.022769584904177107,0.022769584904177107,0.530815132658912
Fibp,-0.08666920513912273,0.08666920513912273,0.016854309069022213
AI846148,-0.029025415920203378,0.029025415920203378,0.4242748891674423
Trappc9,-0.0680176338296917,0.0680176338296917,0.060902695674854686
Osbpl7,0.0008295214515656414,0.0008295214515656414,0.9817853262766525
Tbx21,0.0802444172519069,0.0802444172519069,0.026958868946112494
Fus,0.033718472257106474,0.033718472257106474,0.353258161742602
6030458C11Rik,-0.07264263153265375,0.07264263153265375,0.0452881396825847
Golph3,0.008040622564708104,0.008040622564708104,0.8248562121625322
Sepn1,0.04076748877837742,0.04076748877837742,0.26165038031239873
Il7r,-0.10541570906408519,0.10541570906408519,0.0036208018813488666
Zfp958,0.10129392168672847,0.10129392168672847,0.005188745273313896
Npepps,0.029815719159697152,0.029815719159697152,0.4117646421309054
Nup155,0.038385557883583804,0.038385557883583804,0.2905734251034208
B3gat3,0.04994796774845509,0.04994796774845509,0.16895708213423485
Tubgcp3,-0.010272216778335215,0.010272216778335215,0.7773862594837074
Wwc2,0.037738678478929644,0.037738678478929644,0.2987855468470412
Apold1,0.040120288049303454,0.040120288049303454,0.2693050888487028
R3hdm1,0.02058096829392865,0.02058096829392865,0.5710510450677538
Sephs1,-0.060009305203492895,0.060009305203492895,0.09830861124211583
Ccl27a,0.06301885578276814,0.06301885578276814,0.08253266269791883
Nudt2,0.012006907270219165,0.012006907270219165,0.7410413288423023
Upf2,0.04792637145002803,0.04792637145002803,0.18689424626673545
Usp6nl,0.01688928422952331,0.01688928422952331,0.6420229703381736
Nfx1,0.0044402296795636705,0.0044402296795636705,0.9027344456378149
Klhl36,0.019428066366284084,0.019428066366284084,0.5928132528382876
Il3ra,0.07786290554332792,0.07786290554332792,0.03185238935765566
Txnrd1,-0.04696831343233788,0.04696831343233788,0.19586941713446238
Dnajb5,-0.010626619219619451,0.010626619219619451,0.7699183244869183
Topors,0.01446264908125034,0.01446264908125034,0.6905769116546657
3830406C13Rik,0.0615088485280948,0.0615088485280948,0.09017116014643402
Ptprg,0.027835701062014214,0.027835701062014214,0.44352000102046457
Rars2,0.05249019983134745,0.05249019983134745,0.14826983446454986
9330133O14Rik,0.0871726061994112,0.0871726061994112,0.01622544157471343
Lyrm2,-0.037625549942414314,0.037625549942414314,0.3002374432045977
Cd300lg,0.06201054088807814,0.06201054088807814,0.08757269631910082
Hmgcs1,0.054229011193267854,0.054229011193267854,0.13527258545402374
St8sia6,0.1289121610983096,0.1289121610983096,0.0003667946962057816
Dpep1,0.04605075050683632,0.04605075050683632,0.20475697238026572
Adam19,-0.06007106107649088,0.06007106107649088,0.09796230462152042
Zmynd17,0.04969956746017289,0.04969956746017289,0.17108893543135076
Suv39h2,-0.004503184720774373,0.004503184720774373,0.9013623663233205
Myoz1,0.06077496147812752,0.06077496147812752,0.09408341511627491
Zdhhc6,0.033175577488792206,0.033175577488792206,0.3610671286908776
Pdf,-0.02154283103663003,0.02154283103663003,0.5531904259997871
Cog8,0.0577410102292849,0.0577410102292849,0.11171835030896708
Terf2,0.037012012824234615,0.037012012824234615,0.3081932520462923
Nob1,-0.002524200902438759,0.002524200902438759,0.9446131334814322
Cops7b,-0.007564055288984643,0.007564055288984643,0.8350834578555971
Fam160b1,-0.003210692478421432,0.003210692478421432,0.9295848134426349
Polr1e,0.028792452979205362,0.028792452979205362,0.42800451274619095
Phlpp2,0.03534896099130147,0.03534896099130147,0.3304520485346425
Pax5,0.07084774953669197,0.07084774953669197,0.05089350392301273
Vac14,0.0047139629226136,0.0047139629226136,0.8967707051774273
Gm10778,-0.04273339392320921,0.04273339392320921,0.2393245255783767
Rundc1,0.031968737411780704,0.031968737411780704,0.37880969353247523
Rps24,-0.16955735496813187,0.16955735496813187,2.5919805791376868e-06
Zfp781,0.026701049918523862,0.026701049918523862,0.46232938885821934
9430091E24Rik,0.003386486060958538,0.003386486060958538,0.9257402431582918
Rgp1,0.07601995675935154,0.07601995675935154,0.036143557936160364
Vcl,0.02625712101095865,0.02625712101095865,0.4698076637232302
Znrf1,-0.04066340263702403,0.04066340263702403,0.26287121602886715
2310021P13Rik,-0.07240563753848991,0.07240563753848991,0.0459971201781855
6230400D17Rik,-0.009408355020713698,0.009408355020713698,0.7956743897626943
Nnt,-0.01965799476854638,0.01965799476854638,0.5884429386951512
Mrps30,0.02900108030152781,0.02900108030152781,0.4246636013078504
Cdk10,-0.01890383696650899,0.01890383696650899,0.6028325275726735
Nsun6,0.026952849012305814,0.026952849012305814,0.458117307524333
Pank3,0.024851523716587175,0.024851523716587175,0.4939201013497215
Mrps27,-0.03238834931937523,0.03238834931937523,0.37258086588959877
4931406C07Rik,0.005768544767472917,0.005768544767472917,0.8738521588205959
5830418K08Rik,0.024132436757194557,0.024132436757194557,0.5065065987209095
Acadm,-0.011741550343792775,0.011741550343792775,0.7465660807046552
Utp15,0.02496798353394656,0.02496798353394656,0.4918974866166352
Slit3,0.049100889152728845,0.049100889152728845,0.17630950852718116
Zfp426,-0.09853287725762451,0.09853287725762451,0.006557653291581817
Entpd2,0.025256336354758928,0.025256336354758928,0.48690866914003117
Plcd3,0.0749678854270959,0.0749678854270959,0.03880691606597328
Col5a3,-0.06933973161760702,0.06933973161760702,0.056040798958297736
A230050P20Rik,0.02339941713724347,0.02339941713724347,0.5195081150128211
Timp3,-0.017733991906273294,0.017733991906273294,0.6254605282664762
Zbed3,-0.09829558295853912,0.09829558295853912,0.006689234215272142
Mcoln2,0.041156591481938995,0.041156591481938995,0.2571212260696419
2410004B18Rik,0.04548546794756605,0.04548546794756605,0.21037602051321422
Keap1,-0.03382437555068357,0.03382437555068357,0.3517473711434066
Homer1,0.03749826263604231,0.03749826263604231,0.30187665660102825
Odf2l,-0.0026786906732540246,0.0026786906732540246,0.9412292153366779
Npm1,-0.027898873415121136,0.027898873415121136,0.4424857593087974
Ilf3,0.04141980794955738,0.04141980794955738,0.25408835313066735
Bdp1,0.07512485873010626,0.07512485873010626,0.03839926921885781
Zfp90,0.020595557803097766,0.020595557803097766,0.5707781018096482
Endod1,-0.05290614120507331,0.05290614120507331,0.14507730824344928
Jrkl,-0.03956821913271265,0.03956821913271265,0.2759547360139491
Tmem101,-0.05606118408081489,0.05606118408081489,0.12254694946207667
Fanca,-0.11799679054213844,0.11799679054213844,0.001118118533863248
Usp45,0.026298948984936732,0.026298948984936732,0.4691002091588393
Arl15,0.02512659745934697,0.02512659745934697,0.4891499111329373
Dnajc1,0.11961320413210744,0.11961320413210744,0.0009533300426010573
Polr3b,0.01754505938440012,0.01754505938440012,0.6291490295686052
Cog2,-0.00825822159893765,0.00825822159893765,0.8201962239074233
Mier3,0.0022732554697176962,0.0022732554697176962,0.950111900054263
Ttc13,-0.05520104413530595,0.05520104413530595,0.12839983876468333
Fam92a,-0.004587693301277691,0.004587693301277691,0.8995209994652367
Arhgap21,0.0010041777939738734,0.0010041777939738734,0.9779511032284037
Dimt1,-0.004521249929755525,0.004521249929755525,0.9009686966167352
Acsl3,0.0748438175158703,0.0748438175158703,0.039131701126598736
Ints8,0.06404962640521404,0.06404962640521404,0.07762560908923526
Psd4,-0.010808288501436943,0.010808288501436943,0.7660983979899361
Car8,0.006490411289824716,0.006490411289824716,0.8582237923004723
Nsmaf,0.06998967893074087,0.06998967893074087,0.053771598331101136
Impad1,0.06988484624155895,0.06988484624155895,0.054132342575635845
Birc2,0.013900238185512653,0.013900238185512653,0.7020231485039723
Chchd7,-0.004832775041905981,0.004832775041905981,0.894183972984934
Ccdc125,-0.03308308008501225,0.03308308008501225,0.36240829969960153
Maml2,-0.03539143898041158,0.03539143898041158,0.329870896030381
Ctps,0.009958230102703768,0.009958230102703768,0.7840197745793515
Trim7,0.016627644533507027,0.016627644533507027,0.6471897889860649
Slc12a4,-0.02176232712555014,0.02176232712555014,0.5491532808250569
Casc3,0.09891979319615228,0.09891979319615228,0.006348082511290076
Haus8,0.0064571194455692845,0.0064571194455692845,0.8589433888922132
Cdkl3,-0.05721742345921838,0.05721742345921838,0.11500955675989363
Ushbp1,0.03415807201994625,0.03415807201994625,0.3470136970940014
Faah,0.07499514739473721,0.07499514739473721,0.0387358567883964
Top2a,0.009965557774616681,0.009965557774616681,0.7838647840445084
Izumo4,0.044474453616503186,0.044474453616503186,0.22070185121694955
Rpp30,0.027618910193240184,0.027618910193240184,0.44707970821422416
Kdsr,0.05231859843605116,0.05231859843605116,0.1496024465723007
Ints6,0.07742302332921738,0.07742302332921738,0.03283489546163812
Xpo4,-0.06503472353969351,0.06503472353969351,0.07316024366598448
Zmym2,0.08244967392009785,0.08244967392009785,0.023019515928773476
Ap3d1,0.023321949202819714,0.023321949202819714,0.520892132088816
Dot1l,-0.0030164947162382065,0.0030164947162382065,0.9338337833281267
Zfp961,-0.012905942456032791,0.012905942456032791,0.7224236994126951
Krt10,0.019843459218257257,0.019843459218257257,0.584928624313803
Ap1m1,-0.0933264154637423,0.0933264154637423,0.010046722472828661
Sdr39u1,0.005569924484169359,0.005569924484169359,0.8781611754263012
Eps15l1,-0.01649289842265428,0.01649289842265428,0.6498573890693407
0610037L13Rik,-0.08922884516348868,0.08922884516348868,0.013865446832752287
Spata6,0.026276014027265437,0.026276014027265437,0.4694880451430597
Isyna1,-0.013801285200701719,0.013801285200701719,0.7040441354537937
2810422J05Rik,-0.040986064874942,0.040986064874942,0.25909942662838753
Fdft1,0.03265749276994357,0.03265749276994357,0.36861917145006506
BC088983,0.06917877262169098,0.06917877262169098,0.05661489833263249
A530088E08Rik,-0.049872985143749854,0.049872985143749854,0.16959850121017583
Kif3a,0.02414445260599785,0.02414445260599785,0.5062949060284885
Slc35f5,0.008345961867267644,0.008345961867267644,0.8183190047216989
AU022252,-0.06779039463929183,0.06779039463929183,0.06177248933427765
Psd3,-0.06510140671641297,0.06510140671641297,0.07286571405438333
Ppapdc2,0.04360662097774793,0.04360662097774793,0.22985050013908334
Med8,0.054718521933962885,0.054718521933962885,0.1317768644310679
Gm9895,0.0130037953972209,0.0130037953972209,0.7204069516645931
Thra,-0.05781284947193711,0.05781284947193711,0.11127262127326822
Jak2,0.17746191780927423,0.17746191780927423,8.50690662352845e-07
Gm600,0.05683438610528574,0.05683438610528574,0.1174651366223284
Sugp1,0.029500242548500623,0.029500242548500623,0.41673213471063075
Ermp1,0.02407431544432087,0.02407431544432087,0.5075312231147211
Homer3,-0.0404144524125431,0.0404144524125431,0.2658070769207523
Ranbp6,0.007199537944666214,0.007199537944666214,0.842925013486392
Kif13b,0.04558619248825564,0.04558619248825564,0.20936672386128388
Il33,-0.02251969950955546,0.02251969950955546,0.5353354669308579
Crtc1,0.025353130889303403,0.025353130889303403,0.48524015493977996
Mtmr9,0.028340734327236793,0.028340734327236793,0.4352903282421251
Nr1d1,-0.08809241533785005,0.08809241533785005,0.015129380329584182
Dhrs1,0.082008213704598,0.082008213704598,0.023765548598529335
Hmgxb4,0.04575404151955767,0.04575404151955767,0.20769259957056602
Noc3l,0.05953470619179525,0.05953470619179525,0.10100267737889972
D2hgdh,0.07111787803494261,0.07111787803494261,0.05001454792344707
Ktn1,0.10049417610538153,0.10049417610538153,0.005555994407294137
Snapc3,0.0679022425186041,0.0679022425186041,0.061343100122978084
Ttc39b,0.03137932676403685,0.03137932676403685,0.3876663473250962
Peo1,0.03215917142848877,0.03215917142848877,0.37597495383068863
Poll,-0.05843113111195346,0.05843113111195346,0.10749414913893433
Tle1,0.02526768148701276,0.02526768148701276,0.48671294536076004
Kifc3,0.038597160578951774,0.038597160578951774,0.28792034428212065
Gins3,0.029899723462566818,0.029899723462566818,0.41044784532097134
Fbxl15,0.08094585526959092,0.08094585526959092,0.02564717121495859
Bspry,0.07262336949537097,0.07262336949537097,0.045345417824027706
Bmpr1a,0.07532220428763875,0.07532220428763875,0.0378919384800028
Arl4c,0.0223266320210711,0.0223266320210711,0.5388411968452689
Svep1,-0.02059543366328309,0.02059543366328309,0.5707804239788685
E2f4,-0.020826764783459437,0.020826764783459437,0.5664609377615479
Akap2,0.08643402727413715,0.08643402727413715,0.017155349454687822
Tppp3,-0.06865271962889317,0.06865271962889317,0.058525365009686116
Obfc1,0.009204407829262944,0.009204407829262944,0.8000088001829109
9930111J21Rik1,0.037224795893337395,0.037224795893337395,0.3054184481215919
Ikbkap,0.028471349455591807,0.028471349455591807,0.4331763162826656
Gsto1,-0.1022944380491053,0.1022944380491053,0.004760189768864517
Gfod2,0.04986039098507602,0.04986039098507602,0.16970641314416177
Bbs2,0.030206737863379452,0.030206737863379452,0.40565657135528016
Pbrm1,0.035189597879219124,0.035189597879219124,0.3326382275669244
Ogfod1,-0.0032035860856262956,0.0032035860856262956,0.9297402639290208
Chd9,0.06197247634614138,0.06197247634614138,0.08776771033155878
Irf9,-0.06726721053768482,0.06726721053768482,0.06381411234684085
Slc10a7,-0.06777224151941881,0.06777224151941881,0.06184241363969262
Ssbp3,0.07402830108475918,0.07402830108475918,0.04132440562460239
Dhcr24,0.07266323698226061,0.07266323698226061,0.04522693412742371
Oma1,-0.012329133015133855,0.012329133015133855,0.7343504608025316
Zswim4,0.07712894362499786,0.07712894362499786,0.0335060893487481
Alg6,0.0004856866897857905,0.0004856866897857905,0.9893346596011928
Farsa,-0.019142805106997184,0.019142805106997184,0.5982558366519757
Prmt5,0.03301251001196475,0.03301251001196475,0.36343362560596315
Avpi1,0.010478115905314762,0.010478115905314762,0.7730450250399129
Rnaseh2a,0.053914149632670015,0.053914149632670015,0.13755860286914065
Prdx2,0.063464547946687,0.063464547946687,0.08038096044335433
Abhd4,0.07076797981392191,0.07076797981392191,0.05115551826387509
D19Ertd386e,0.10121409148888807,0.10121409148888807,0.005224394362458862
Ift74,-0.012648621997655575,0.012648621997655575,0.727736232310941
Neto2,0.05483067873712617,0.05483067873712617,0.13098584924855214
Siah1a,-0.033652618273602414,0.033652618273602414,0.3541996804856814
Adcy7,0.013114457678971724,0.013114457678971724,0.7181285411619044
Brd7,0.007994759165495658,0.007994759165495658,0.8258391913666598
Mllt3,0.03138197260923566,0.03138197260923566,0.3876263107260872
Kat2a,-0.004571737452016026,0.004571737452016026,0.8998686222107284
Ndufb8,0.06677924498821561,0.06677924498821561,0.06576812320588887
6330409N04Rik,-0.0063804955316001544,0.0063804955316001544,0.8606000429740125
Cbx6,-0.010250916759632358,0.010250916759632358,0.7778357537330347
Acot7,0.029352224652215472,0.029352224652215472,0.41907493046590405
Neurl4,0.07436552566116723,0.07436552566116723,0.04040541754814522
Sccpdh,0.029932782732567047,0.029932782732567047,0.4099303151755789
Cd27,-0.05572844418316964,0.05572844418316964,0.12478593624058082
Dyrk1a,0.06012080357151247,0.06012080357151247,0.09768407292825851
Vwf,0.03876767303036034,0.03876767303036034,0.2857943542480014
Rad51ap1,-0.01574292454274976,0.01574292454274976,0.6647859632247254
D6Wsu163e,-0.06442932343004715,0.06442932343004715,0.07587891548698862
Tulp3,-0.0028650440873252336,0.0028650440873252336,0.9371487753368057
Phf12,-0.042084780604580097,0.042084780604580097,0.2465372737591702
Itfg2,-0.08296910699748145,0.08296910699748145,0.02216778519890311
Klrb1b,-0.02443058278268111,0.02443058278268111,0.5012676770938997
Orai2,0.02533111250614793,0.02533111250614793,0.48561942931526053
Ifngr2,-0.06430326299668075,0.06430326299668075,0.07645523860583023
Alkbh4,0.035061451911508126,0.035061451911508126,0.33440290851323534
Unc5cl,-0.010031952422286917,0.010031952422286917,0.7824608348971394
Nek8,0.04738093038575038,0.04738093038575038,0.1919660756632786
1110004E09Rik,0.03845145387403459,0.03845145387403459,0.28974546501678833
Urb1,-0.029039871654746523,0.029039871654746523,0.42404408645824043
Klra1,-0.0888656132271624,0.0888656132271624,0.014258922753406712
Rhbdd2,-0.015936354558266905,0.015936354558266905,0.6609226306948142
Crebl2,0.01725682307967761,0.01725682307967761,0.634794033414431
Iffo1,-0.03571875120188982,0.03571875120188982,0.32541502292302105
Zfp119b,-0.16161026543181614,0.16161026543181614,7.555105216736269e-06
Sh3bgr,0.05113457734184672,0.05113457734184672,0.15904696775732732
Gm5069,0.04690432663717374,0.04690432663717374,0.1964798924564291
Nfkbie,-0.026649020027018425,0.026649020027018425,0.46320242277438856
Dcp1b,-0.021649885437301508,0.021649885437301508,0.5512195841390974
B930003M22Rik,-0.08965206222282109,0.08965206222282109,0.013419085795575499
Tmem63a,0.015443528801446347,0.015443528801446347,0.6707832537987622
Ccdc77,-0.05609288676352123,0.05609288676352123,0.12233526911008484
Bid,-0.07904700913451555,0.07904700913451555,0.029331727691399887
Myb,-0.07795044076844346,0.07795044076844346,0.03165990402326288
Ints1,0.0556924204149199,0.0556924204149199,0.12503023566570037
Slc2a3,0.06268267434799384,0.06268267434799384,0.08418631062507473
3110082I17Rik,0.0396964387965863,0.0396964387965863,0.2744004586036556
Dynlt1f,0.026477701535539803,0.026477701535539803,0.46608352698803884
Tjap1,0.037020551173518094,0.037020551173518094,0.3080815879173805
Dynlt1a,0.01982802245376696,0.01982802245376696,0.585220759488409
Tulp4,0.09438828758508608,0.09438828758508608,0.009224030736439128
Zdhhc14,0.029404909423298504,0.029404909423298504,0.41824016218091087
BC037034,0.04068330083261669,0.04068330083261669,0.2626375253824645
Cnpy4,-0.012475464553121252,0.012475464553121252,0.7313185525693369
Taf6,-0.005857411977046211,0.005857411977046211,0.8719254078974605
C1s,-0.024878391411933334,0.024878391411933334,0.49345308311925806
Mea1,-0.04043947051635665,0.04043947051635665,0.26551102506113655
C920009B18Rik,-0.014968616917890695,0.014968616917890695,0.6803393149886078
Zkscan1,0.08388057478680899,0.08388057478680899,0.020739222438355354
Supt6h,0.05410901559507006,0.05410901559507006,0.13614032105140958
Rfc2,0.04953841979160073,0.04953841979160073,0.17248266977470475
Mpnd,0.013765974630474668,0.013765974630474668,0.7047658144178438
Ccdc62,0.015399564133271164,0.015399564133271164,0.6716657006754854
Zfp628,-0.008380569035279692,0.008380569035279692,0.8175788631491627
Fiz1,0.05740825400956499,0.05740825400956499,0.11380131132272472
Gm608,0.01311221351621997,0.01311221351621997,0.7181747211585046
Nf1,-0.015592304396421165,0.015592304396421165,0.6678004365407764
Tctn1,-0.024540813011246478,0.024540813011246478,0.49933802724123
Ptpn11,0.0628334880555151,0.0628334880555151,0.08344119029338129
Zbtb45,0.008192190257571348,0.008192190257571348,0.8216096555439237
Lpin2,0.07740898012750858,0.07740898012750858,0.03286668379464432
Tpcn1,0.0328975062981177,0.0328975062981177,0.36510841295867325
Tmem88,0.004148323403252061,0.004148323403252061,0.9091001487261224
Rhot1,0.026303916287860857,0.026303916287860857,0.46901623410681953
Fbxo21,0.04827795578834648,0.04827795578834648,0.1836777871325041
Pigm,0.0621978635203421,0.0621978635203421,0.08661807377440295
Gcn1l1,0.01811485841545176,0.01811485841545176,0.6180533802894589
Pxn,0.035456262717991086,0.035456262717991086,0.3289852994530859
Irf2bp1,0.027334005362424633,0.027334005362424633,0.4517824152094233
Ttc27,0.00959264085919183,0.00959264085919183,0.7917632350434631
Gatc,0.02797539033264493,0.02797539033264493,0.441234889521719
Qpctl,0.11771335677544753,0.11771335677544753,0.001149589578831453
Fig4,0.010942412923786032,0.010942412923786032,0.7632818199412373
Ogfod2,0.05768247606906945,0.05768247606906945,0.11208256591071294
Tnfsf9,0.035211985548727884,0.035211985548727884,0.3323305469608843
Pitpnm2,-0.01984458903388988,0.01984458903388988,0.5849072456195349
Mphosph9,0.015082286995011405,0.015082286995011405,0.6780473337903302
Lama2,-0.026089216204514064,0.026089216204514064,0.4726534236364164
Plekha5,0.015128574759538452,0.015128574759538452,0.6771148623716612
Hspa13,0.1269755704871859,0.1269755704871859,0.00044992132129147925
Lyrm5,0.025228304792082913,0.025228304792082913,0.487392445535
Ticam1,0.004123251593989816,0.004123251593989816,0.9096471761504575
Mina,-0.052873491114945464,0.052873491114945464,0.14532599515788813
Gusb,0.053737029318688075,0.053737029318688075,0.13885756660234816
Plscr3,-0.024769488225836023,0.024769488225836023,0.49534751378523184
Filip1l,0.058246721307240554,0.058246721307240554,0.10861035636249448
2610528E23Rik,-0.05314592488128107,0.05314592488128107,0.14326089816146353
Airn,0.04177462185850199,0.04177462185850199,0.2500395176751032
Nit2,0.02794708093499901,0.02794708093499901,0.44169744511169556
Gm20300,0.022408056777591837,0.022408056777591837,0.5373612821103163
Ranbp3,-0.022349605126669836,0.022349605126669836,0.5384234486502989
Rps4y2,-0.10171448813435138,0.10171448813435138,0.005004533428154717
Senp7,0.015155891110145132,0.015155891110145132,0.6765648034265024
Amn1,-0.014696968926971445,0.014696968926971445,0.6858285933125522
2310061J03Rik,-0.03720906319603552,0.03720906319603552,0.3056230428380517
Cep97,-0.09234985666409191,0.09234985666409191,0.01086022661883985
Aacs,-0.038959948467508686,0.038959948467508686,0.28340975014536657
Dzip3,0.00997695784414337,0.00997695784414337,0.7836236736045525
2810006K23Rik,-0.030485787752834538,0.030485787752834538,0.40133077549824636
Sumf2,0.01642162335225638,0.01642162335225638,0.6512702544281842
Wipi2,-0.022831776462787987,0.022831776462787987,0.5296931222346631
Fbxl18,-0.03192887776925043,0.03192887776925043,0.37940468868970784
Disp1,0.011418913277339581,0.011418913277339581,0.753300937107881
Slc35b4,0.0005070257234984688,0.0005070257234984688,0.9888660990457387
BC020402,0.025445284395320684,0.025445284395320684,0.48365451688903216
Mkln1,0.062423313523704484,0.062423313523704484,0.08548028818615988
A130010J15Rik,0.03266708620087171,0.03266708620087171,0.3684784441543166
Smg6,0.05595625584482351,0.05595625584482351,0.12324959790019556
Diexf,-0.014891521911791973,0.014891521911791973,0.6818954969627817
Tap2,0.16240405230659735,0.16240405230659735,6.804743308730654e-06
Klhdc10,0.02178989522711893,0.02178989522711893,0.5486472537721984
Zc3hc1,-0.012359411588752943,0.012359411588752943,0.7337227645398645
Capg,-0.019471922078091668,0.019471922078091668,0.5919785296701527
Elmod3,0.001114987223676619,0.001114987223676619,0.9755187666523097
Btnl2,0.05633012201169548,0.05633012201169548,0.12076027761571029
Rab40c,0.012115919911816406,0.012115919911816406,0.738775514570986
Smyd4,0.03785404639976083,0.03785404639976083,0.29730973542033096
Rhot2,-0.030365598132364773,0.030365598132364773,0.403190541164596
Hk2,0.05853096346675797,0.05853096346675797,0.10689367161995167
Fkbpl,-0.010974219405835185,0.010974219405835185,0.7626143489948332
Tnxb,-0.06401670061323432,0.06401670061323432,0.07777860293790861
Narfl,-0.01227368011869056,0.01227368011869056,0.7355004977606097
Rpusd1,-0.007297727603185129,0.007297727603185129,0.8408111777113115
Nup88,0.03195373992014066,0.03195373992014066,0.3790334976683516
Sgsm2,0.017519682421148857,0.017519682421148857,0.629645167159281
Cald1,-0.029744829675959657,0.029744829675959657,0.4128778030859265
A330023F24Rik,0.03269336714796186,0.03269336714796186,0.3680930964425003
Tmem140,0.03360528912432431,0.03360528912432431,0.354877324646147
Zfp282,-0.018154836608691508,0.018154836608691508,0.6172781033560893
Rarres2,-0.05613975965698184,0.05613975965698184,0.12202281917929281
Pdia4,0.06823877662453125,0.06823877662453125,0.06006598380488773
Gimap9,-0.03254924002403148,0.03254924002403148,0.3702094575663297
Cul1,0.05137885570448589,0.05137885570448589,0.15706246618761005
Zfp472,-0.07865180347029684,0.07865180347029684,0.030153280891385394
Tmem176b,0.11314758258417885,0.11314758258417885,0.001783090881356095
2410003K15Rik,0.034616915438128455,0.034616915438128455,0.34057114877254513
Gstk1,-0.0048810763624775435,0.0048810763624775435,0.893132694473888
Zfp955a,0.0476512104959914,0.0476512104959914,0.18944036831024733
Zfp800,0.048003400137064105,0.048003400137064105,0.18618602367599002
Zfp101,0.04437608288695096,0.04437608288695096,0.22172557736732007
Ctns,-0.062290624973892976,0.062290624973892976,0.08614846257225774
BC051226,-0.07857931799603318,0.07857931799603318,0.030306086184030516
Ankfy1,0.06752953881642695,0.06752953881642695,0.06278358054241993
Akap12,-0.011421772585549118,0.011421772585549118,0.7532411675383746
Trim24,0.054530132296744284,0.054530132296744284,0.13311384008692975
Herc6,-0.0031633930146199177,0.0031633930146199177,0.9306195270479537
Spns2,-0.033152238955515854,0.033152238955515854,0.3614052335814303
Herc3,0.005300172920818084,0.005300172920818084,0.8840191166359157
Hpgds,-0.1399759325374514,0.1399759325374514,0.0001081257501115662
3110062M04Rik,-0.012606616943787428,0.012606616943787428,0.728604700494134
Slc37a3,-0.002896003368679288,0.002896003368679288,0.9364710399717496
1700007L15Rik,0.04096903939970538,0.04096903939970538,0.25929750750185243
Unkl,-0.028419028632743586,0.028419028632743586,0.4340224187260781
Telo2,-0.020116573093170085,0.020116573093170085,0.5797712669315209
Mdc1,0.02834256463729503,0.02834256463729503,0.435260663602837
Psmb6,0.07630262560240644,0.07630262560240644,0.03545505722604467
Zfp946,-0.009982091448046147,0.009982091448046147,0.7835151051151653
Zfp944,-0.00693829001193217,0.00693829001193217,0.8485546456636548
Trnt1,0.09221544859420108,0.09221544859420108,0.010976650487696853
Reps1,-0.03400004507979938,0.03400004507979938,0.3492503333564411
Zfp51,-0.0064537021428201875,0.0064537021428201875,0.8590172598403215
Ptcd1,0.03412780616320333,0.03412780616320333,0.3474413594034417
Camk1,0.04489735275723695,0.04489735275723695,0.21633935028599105
Bcl6b,0.06942898258857835,0.06942898258857835,0.05572455447548941
Clec10a,-0.00631068838600202,0.00631068838600202,0.8621098478429117
Zfp97,0.016152843384062986,0.016152843384062986,0.6566094214086483
Hlx,-0.14108761647082527,0.14108761647082527,9.514426070102687e-05
1700056E22Rik,0.00893115829625389,0.00893115829625389,0.8058256930475706
Cpd,0.019984543340856618,0.019984543340856618,0.5822617985651296
Dll1,0.01981346672855825,0.01981346672855825,0.5854962832680431
Usp42,0.05575886811404386,0.05575886811404386,0.12457990226426258
Gm3435,-0.03928659879266205,0.03928659879266205,0.2793895389548135
E130309D02Rik,-0.0031312778037490847,0.0031312778037490847,0.9313221397995051
Cyp39a1,-0.004571518858474117,0.004571518858474117,0.8998733847409078
Tmcc1,0.01969503832986826,0.01969503832986826,0.5877402329563629
Chchd4,-0.008578329606106314,0.008578329606106314,0.8133525012013556
Flot1,0.004480851171327695,0.004480851171327695,0.9018490834330538
Gtf2h4,-0.10414651720248215,0.10414651720248215,0.004050331685255984
Fry,-0.0036637407930612508,0.0036637407930612508,0.9196802884655478
Stambp,0.10428858255802519,0.10428858255802519,0.004000057929143579
Paip2b,0.06349470498986017,0.06349470498986017,0.08023702725924282
Nme3,-0.0343888253284555,0.0343888253284555,0.34376410888914205
Cyp26b1,0.049022290905785214,0.049022290905785214,0.17700360593618564
Camta2,0.009858501562624375,0.009858501562624375,0.7861300207515068
Eno3,0.11610421262113124,0.11610421262113124,0.0013442878854310677
Snora78,0.012324135147546895,0.012324135147546895,0.7344540871841233
Mios,0.03794428103615424,0.03794428103615424,0.2961588296028572
1600020E01Rik,-0.09478344750869576,0.09478344750869576,0.008933546376271634
Gmcl1,-0.016745217213672094,0.016745217213672094,0.6448658635205501
Stxbp5,0.00288056647043271,0.00288056647043271,0.9368089662602245
Zfp598,0.0006467240885687352,0.0006467240885687352,0.9857987171292669
Acn9,0.015311057446428666,0.015311057446428666,0.673443552322412
Pkd1,0.011975583279657847,0.011975583279657847,0.7416928098593354
Pon3,0.13982249168103233,0.13982249168103233,0.00011004331059164575
Ptpn14,0.03935590245455037,0.03935590245455037,0.27854159271240153
Mgll,0.012532998598177471,0.012532998598177471,0.7301276221121842
Tfpi2,0.0649884337045591,0.0649884337045591,0.0733652699790912
Zxdc,0.011156821235125102,0.011156821235125102,0.7587858035369291
Amdhd2,-0.07620656969427417,0.07620656969427417,0.035687758607246406
Pdpk1,0.17515756103738458,0.17515756103738458,1.1832612020766284e-06
Brca2,-0.033603102030884735,0.033603102030884735,0.35490865850726744
Asns,0.0723725396667404,0.0723725396667404,0.046096872812970105
Gm6548,-0.12467252644281195,0.12467252644281195,0.0005715337373901539
Lrch3,0.10490917509882591,0.10490917509882591,0.0037870083163975736
Slamf1,-0.09954790535723199,0.09954790535723199,0.00602065348184567
Adora2b,-0.020956764297107622,0.020956764297107622,0.5640404344451708
Specc1,0.057008371570579544,0.057008371570579544,0.116344705426098
Ube3c,0.014256918959864024,0.014256918959864024,0.694755930186201
Rbm33,0.07588769459596185,0.07588769459596185,0.0364695973196038
Arsa,0.006352851918797918,0.006352851918797918,0.8611978648460181
Paxip1,0.01675415553331746,0.01675415553331746,0.6446893310898355
Sco2,-0.07037334056138378,0.07037334056138378,0.05246840094913957
Acer3,0.04250286975358802,0.04250286975358802,0.24187080685732426
Mr1,-0.02472057276812903,0.02472057276812903,0.4961996849450734
2210018M11Rik,0.052336793780061036,0.052336793780061036,0.14946071546656348
Plxnb2,0.03736069793600868,0.03736069793600868,0.30365489496042664
1700096K18Rik,-0.0699503031994867,0.0699503031994867,0.05390686025899046
Slc25a16,-0.021739391369505527,0.021739391369505527,0.5495744537664999
Slc4a2,0.0007836089819340744,0.0007836089819340744,0.9827933140322074
Alg12,-0.013739297595319958,0.013739297595319958,0.7053112167806738
Spink10,0.02163886622058333,0.02163886622058333,0.5514222856866868
C2cd3,-0.02623184744908243,0.02623184744908243,0.4702354114075534
Ttc38,0.013101219599688655,0.013101219599688655,0.7184009669328772
Fech,0.06920082305883321,0.06920082305883321,0.056535962484802124
Relt,0.03678781993354026,0.03678781993354026,0.31113479755328344
Orc5,0.016188710039350896,0.016188710039350896,0.6558959296623244
Dnajb6,0.10037145228488216,0.10037145228488216,0.005614376487780764
Nars2,-0.03642264850538994,0.03642264850538994,0.31596551039183124
Rbm22,0.05752655924248972,0.05752655924248972,0.11305728438435658
Dctn4,-0.01042887890365962,0.01042887890365962,0.7740825127693928
Zfp592,0.005847066612723208,0.005847066612723208,0.8721496694054878
Hsd17b4,0.028985590500878584,0.028985590500878584,0.4249111275924089
Srfbp1,-0.020081903710470188,0.020081903710470188,0.5804247668399122
2900076A07Rik,0.033621150401089164,0.033621150401089164,0.35465013683472685
Yes1,0.05053002654673154,0.05053002654673154,0.1640396586123924
Ppic,-0.0861099663445041,0.0861099663445041,0.017577873082124412
Eftud1,0.06700037251732244,0.06700037251732244,0.06487662472297795
Pigl,-0.04392976975030131,0.04392976975030131,0.2264129209329491
Aldh7a1,0.06647702293193014,0.06647702293193014,0.0670028377720936
Cad,0.07190853896156772,0.07190853896156772,0.04751455791009003
Malt1,0.06559652268524267,0.06559652268524267,0.07070902591067368
Khk,-0.007603179854834362,0.007603179854834362,0.8342427609886403
Rpap3,-0.024867385951291773,0.024867385951291773,0.49364435311556304
Ost4,0.13649101909447536,0.13649101909447536,0.00016046969473405612
Amigo2,0.05451110923217191,0.05451110923217191,0.1332494245998001
Isoc1,0.05031025288291292,0.05031025288291292,0.16588357786060465
Tmem126b,-0.013076027113823165,0.013076027113823165,0.7189195005034297
Ccdc90b,0.02601619442093872,0.02601619442093872,0.47389399348550654
Twf1,0.0402272422407626,0.0402272422407626,0.2680296286592456
Rab30,-0.05327352640208659,0.05327352640208659,0.14230141614192493
Qsox1,0.02203769036390904,0.02203769036390904,0.544109184069883
Zcrb1,0.008710327299035,0.008710327299035,0.8105345720022693
Rapgef3,0.08983143774753367,0.08983143774753367,0.013233757541313805
Lmbr1l,0.022880386228192898,0.022880386228192898,0.5288169821811933
Sirt1,-0.011352579433743005,0.011352579433743005,0.7546879605738428
Pacsin2,0.08769432928643385,0.08769432928643385,0.015595495526986964
Smcr7,0.000496824631116507,0.000496824631116507,0.9890900932333571
Socs6,0.06173468470678224,0.06173468470678224,0.08899390157471646
Chad,-0.12508753768319777,0.12508753768319777,0.0005475777392651022
Pex10,-0.009549496026338176,0.009549496026338176,0.792678446120024
Xylt1,-0.0931412820201349,0.0931412820201349,0.010196650473925902
6330503K22Rik,0.03397471212023432,0.03397471212023432,0.3496097314942946
Wdr8,-0.016668035867041114,0.016668035867041114,0.646391030772195
Mfng,-0.008964259213378609,0.008964259213378609,0.8051204679587755
Rac2,-0.12923237091543818,0.12923237091543818,0.0003545162886708523
Llgl1,0.02613208467074047,0.02613208467074047,0.47192596180057145
Eef2k,0.0380122370298691,0.0380122370298691,0.295294045650107
4933439F18Rik,0.03469381572350319,0.03469381572350319,0.33949893429288
Gstp1,0.08967334972410629,0.08967334972410629,0.013396972791002798
Usp31,0.03975137665003681,0.03975137665003681,0.2737363323621897
Atpaf2,-0.016528941717500367,0.016528941717500367,0.6491433908042183
Pitpnm1,0.008169106623793235,0.008169106623793235,0.8221039081017154
Tom1l2,0.011705111805834787,0.011705111805834787,0.747325757347701
Srebf1,0.0421095596711804,0.0421095596711804,0.24625896126836935
Icmt,0.04662605485924644,0.04662605485924644,0.1991509653106021
Rai1,-0.005584816664232568,0.005584816664232568,0.8778379667688911
Lcmt1,0.024961321389333314,0.024961321389333314,0.49201307160913316
Pla2g6,0.07426360170665243,0.07426360170665243,0.040681334371029824
Nadk,0.0204134755413141,0.0204134755413141,0.5741889642696378
Smcr8,0.04887715641745821,0.04887715641745821,0.17829061795328704
1190005F20Rik,0.10898876173977295,0.10898876173977295,0.0026242508067365585
1700001L05Rik,0.05683438610528576,0.05683438610528576,0.1174651366223284
Nup98,0.04795615787487205,0.04795615787487205,0.18662014669092133
Rhog,-0.06506685215039328,0.06506685215039328,0.07301821528031037
Slc25a40,0.04594295847616504,0.04594295847616504,0.2058199599182626
4933403F05Rik,0.044141793315942666,0.044141793315942666,0.2241774475845966
Egr2,-0.01806666928552634,0.01806666928552634,0.6189884522305727
Steap4,-0.046551385483298485,0.046551385483298485,0.19987218706200827
Trim34a,-0.07745542344774511,0.07745542344774511,0.032761654444027594
Mex3c,0.02006364054721449,0.02006364054721449,0.5807691564502963
Krit1,0.06386222949505452,0.06386222949505452,0.07849964771198799
Dnajc12,0.10346372683611135,0.10346372683611135,0.0043000344368208775
Rgl1,0.03127563851907824,0.03127563851907824,0.38923732528681654
L3mbtl2,0.04159537664796313,0.04159537664796313,0.25207925572419515
Edem3,0.055316708490761125,0.055316708490761125,0.12760040129082567
B3galt6,-0.05796518797472717,0.05796518797472717,0.11033206724736858
Utp18,0.017884808275030833,0.017884808275030833,0.6225228586175606
Luc7l3,0.061024489423247376,0.061024489423247376,0.09273825099147166
Pusl1,-0.008471233643507018,0.008471233643507018,0.8156405953159442
Cpsf3l,0.030685873679286876,0.030685873679286876,0.398246151078156
Ipo7,0.06596222419086825,0.06596222419086825,0.06914983732075941
Serinc5,0.025599945648348228,0.025599945648348228,0.4809996587406086
Dnalc4,-0.023987056751694543,0.023987056751694543,0.509071549172551
Klhl17,0.005344454451041018,0.005344454451041018,0.883057053225873
Dennd1b,-0.014949688949826491,0.014949688949826491,0.6807212552623407
Zscan2,-0.04021836348409324,0.04021836348409324,0.26813535250759424
Furin,0.02521096765767144,0.02521096765767144,0.487691784133787
Slfn10-ps,0.06607457581074831,0.06607457581074831,0.06867651909026376
Slc25a1,0.010378085261860084,0.010378085261860084,0.7751532230912209
Dgcr14,0.011568541101616679,0.011568541101616679,0.7501751804870149
Dgcr2,0.031193914129132895,0.031193914129132895,0.39047824972248246
Agpat9,-0.038404342999998266,0.038404342999998266,0.29033723496128433
Prdm1,0.0765722863818773,0.0765722863818773,0.03480868128199385
Enoph1,-0.039041996174382296,0.039041996174382296,0.2823962987276257
Pi4ka,0.0069666326325904145,0.0069666326325904145,0.8479435121319449
Npc1,0.06814839561154643,0.06814839561154643,0.06040679114677348
Haus5,0.004543892196445824,0.004543892196445824,0.900475319862932
Top3b,0.01610318637546256,0.01610318637546256,0.6575977592172841
Naaa,0.07394070663150078,0.07394070663150078,0.04156598408943554
Thap6,0.04420281059866618,0.04420281059866618,0.22353703888558082
Cxcl5,0.01664625260617668,0.01664625260617668,0.6468217548667837
Mpv17l,-0.029389787048589935,0.029389787048589935,0.4184796698790899
C230052I12Rik,0.035924857164978556,0.035924857164978556,0.3226293375879177
Ankrd27,-0.039081922902504486,0.039081922902504486,0.28190401276614996
Dpy19l3,-0.05365860160353703,0.05365860160353703,0.13943574216280624
Zfp507,-0.033449257111922,0.033449257111922,0.3571171229818063
Elp2,0.05359093613581002,0.05359093613581002,0.1399360622187525
Tnfrsf17,0.09828018282940967,0.09828018282940967,0.00669785496056301
Mpp7,0.10481894544372555,0.10481894544372555,0.0038173308532157436
Aim1,0.03499509738742197,0.03499509738742197,0.3353190302353599
Zeb1,0.02085145672993784,0.02085145672993784,0.5660008080238014
Txnrd2,-0.0020518354486597284,0.0020518354486597284,0.9549656781601635
Cd48,-0.0041690786386078494,0.0041690786386078494,0.9086473346813522
Ubxn7,0.017905994640374154,0.017905994640374154,0.6221106596355904
Wdr53,-0.0452340050580905,0.0452340050580905,0.21291109602258632
1500031L02Rik,0.006295894559817507,0.006295894559817507,0.8624298768578139
Ssh1,-0.019808067292410414,0.019808067292410414,0.5855985039068917
Bdh1,0.04189950913006364,0.04189950913006364,0.24862516966482578
AI480653,0.034007946401008564,0.034007946401008564,0.34913828540493547
Tfip11,0.03561010781433487,0.03561010781433487,0.32688969015902836
Mta3,-0.14390352822536454,0.14390352822536454,6.852307912988856e-05
Ceacam1,0.08255465640621729,0.08255465640621729,0.02284512113016653
Uba6,0.10933428571752218,0.10933428571752218,0.002542561525364745
Pgam5,0.013941135181620868,0.013941135181620868,0.7011884929984974
Srbd1,-0.05697951047469791,0.05697951047469791,0.11652998309312407
Senp2,0.06269907100325349,0.06269907100325349,0.08410504070761791
Blvrb,-0.01101182243840667,0.01101182243840667,0.7618254625052097
Sertad3,-0.042832098576852384,0.042832098576852384,0.2382400612757818
Bend3,-0.005496906492250907,0.005496906492250907,0.879746195253405
Klraq1,-0.09709698868437752,0.09709698868437752,0.007390746350801063
Mettl4,0.035756206551782084,0.035756206551782084,0.3249076266762202
2700099C18Rik,0.04246371630880337,0.04246371630880337,0.24230516384457812
Gbp4,0.011282875498602402,0.011282875498602402,0.7561463029033195
9430020K01Rik,-0.02805995559173168,0.02805995559173168,0.4398548033459958
Nle1,0.04825895411454454,0.04825895411454454,0.18385057059488497
Depdc5,0.003831777732171496,0.003831777732171496,0.9160097481170807
AI987944,-0.08814292290827906,0.08814292290827906,0.015071125656534476
Sap130,0.08690449836432114,0.08690449836432114,0.016557762238194048
Pcbp2,-0.00022756984283389396,0.00022756984283389396,0.9950026093138118
Mfsd5,-0.04193344561725687,0.04193344561725687,0.2482418058165709
Ccdc109a,0.07086682550466694,0.07086682550466694,0.05083101282596879
Ddit4,-0.08743354837984277,0.08743354837984277,0.015907634833683276
Fmo1,0.019674365701325455,0.019674365701325455,0.5881323390266024
Lyar,-0.02632533313663042,0.02632533313663042,0.46865426527523224
Fbxw10,-0.12383758274073328,0.12383758274073328,0.000622708281500406
Zbtb49,0.008676774259544934,0.008676774259544934,0.8112506423757678
Mphosph10,0.13744445858768228,0.13744445858768228,0.00014417261797513314
0610009O20Rik,-0.03641351139833322,0.03641351139833322,0.31608700854517174
Trim16,-0.08584651628247174,0.08584651628247174,0.017928051163472496
2310079F23Rik,-0.057850595336674616,0.057850595336674616,0.11103898777920378
Slc11a2,0.01694995722513505,0.01694995722513505,0.6408272641401745
Pigc,-0.013951058184382085,0.013951058184382085,0.7009860313740761
Lima1,0.036179507215024845,0.036179507215024845,0.31920904305233827
Polg,0.0014146800502832515,0.0014146800502832515,0.9689415231789299
Ccdc112,-0.02575578858659621,0.02575578858659621,0.4783325474552403
Bcdin3d,0.005261909860918263,0.005261909860918263,0.8848505599120514
Eif4ebp2,0.011281903015714894,0.011281903015714894,0.7561666552896599
Zfp710,-0.05689090019982607,0.05689090019982607,0.11710027418591822
Lrrc20,0.024292345074287847,0.024292345074287847,0.5036931760440274
Sept10,0.01842830192991592,0.01842830192991592,0.6119863727975676
Ankhd1,0.014732494233199203,0.014732494233199203,0.6851097732205692
Cbx5,0.08086086157214001,0.08086086157214001,0.025803119176961948
Cxxc5,0.020531441244161636,0.020531441244161636,0.5719780685906872
Ammecr1l,-0.051259725691861074,0.051259725691861074,0.15802791786372353
Noa1,0.03976197778437987,0.03976197778437987,0.27360830492891314
2310004I24Rik,0.012920402913901582,0.012920402913901582,0.7221255479464915
Mcm9,-0.0141322786302875,0.0141322786302875,0.6972922837262601
Synrg,0.08300506234953331,0.08300506234953331,0.022109853681219687
Clock,0.06815064879840799,0.06815064879840799,0.060398275462883615
Mettl22,0.012210241623390778,0.012210241623390778,0.7368168738150412
Stard4,0.06326277891446937,0.06326277891446937,0.08134935480682262
Scfd2,0.001201035936563473,0.001201035936563473,0.9736300989087533
Kcnc3,0.029179320604018767,0.029179320604018767,0.4218213868578305
Sco1,0.028916096663205538,0.028916096663205538,0.4260226706786565
Atp10d,0.04892818137063429,0.04892818137063429,0.1778373530671181
Guf1,-0.014210525571630134,0.014210525571630134,0.6956996103486006
Atp1b1,-0.11011599276962399,0.11011599276962399,0.002366246708861609
4930455F23Rik,0.05991217934519435,0.05991217934519435,0.09885523455568937
N4bp2,0.032762085717329054,0.032762085717329054,0.3670866856331504
Nat15,-0.04630836613219465,0.04630836613219465,0.202232656933748
Zfp597,-0.02227035853090948,0.02227035853090948,0.5398651714695297
Slc23a1,0.0503373183784389,0.0503373183784389,0.16565565954200023
Spata24,0.04720920456767737,0.04720920456767737,0.19358360310606346
Dnajc18,-0.00957441548451946,0.00957441548451946,0.7921498064953808
Klhl5,0.047228942173345265,0.047228942173345265,0.19339718332171132
Coro7,-0.04664265242400243,0.04664265242400243,0.1989909097624072
Hs2st1,0.04346506187952885,0.04346506187952885,0.2313679835466808
Wiz,-0.024810993776014062,0.024810993776014062,0.4946250451148339
Mlh1,0.04575873611707463,0.04575873611707463,0.20764591542157088
Atp2b1,0.20202329193074336,0.20202329193074336,1.9289024689684632e-08
Prpf3,0.02274687279972936,0.02274687279972936,0.5312251861576788
Arhgap4,-0.07768133619546302,0.07768133619546302,0.03225484521783124
Wrnip1,-0.05311065605791575,0.05311065605791575,0.1435269690459878
Kcnq5,0.03222560617033176,0.03222560617033176,0.37498911070168367
Usp8,0.05175919425950484,0.05175919425950484,0.15400999066030271
Tmc8,-0.04341314858259103,0.04341314858259103,0.23192625895483696
Slc17a9,0.05097988572736256,0.05097988572736256,0.16031342960396597
Gatsl3,0.017734740510720673,0.017734740510720673,0.6254459318893516
Gca,0.09284489631566359,0.09284489631566359,0.010440815815487422
Dpp4,-0.05212369950719887,0.05212369950719887,0.15112702086835994
Psmd14,-0.0009231869126919161,0.0009231869126919161,0.9797290346547347
Nedd4,-0.0615037606118979,0.0615037606118979,0.09019782625904271
Eea1,0.0648664096066655,0.0648664096066655,0.07390798611916138
Ick,0.04158172387909602,0.04158172387909602,0.25223509188140764
Ubl4,-0.0337354307258027,0.0337354307258027,0.3530159613672899
Blvra,-0.028638148417453834,0.028638148417453834,0.430485304638061
Rpp40,0.025599959639933494,0.025599959639933494,0.4809994189250196
Gm15441,-0.012329611076115181,0.012329611076115181,0.7343405488821921
Ss18l1,0.048856763534992076,0.048856763534992076,0.1784720118042685
Als2,0.0016812760600772771,0.0016812760600772771,0.9630924005413256
Polr3c,0.008995367067163706,0.008995367067163706,0.8044578498725947
Snrnp48,0.013863696478829977,0.013863696478829977,0.7027692217033888
Acp6,-0.04416241790570358,0.04416241790570358,0.22396083530723343
Gm11696,-0.030709497707056263,0.030709497707056263,0.39788289450787334
Muted,0.009302131065334472,0.009302131065334472,0.7979311501810965
Klhl28,0.014867842140786064,0.014867842140786064,0.6823737506496759
Eef1e1,0.023978964849481598,0.023978964849481598,0.5092145144733764
Chd1l,0.004029581957075165,0.004029581957075165,0.9116912764067365
Gcnt2,-0.007904928977212386,0.007904928977212386,0.8277652884760318
Slc10a3,-0.025611730141414737,0.025611730141414737,0.48079769570645386
Fmnl2,0.06877094417410538,0.06877094417410538,0.058091417429172475
Ctsk,-0.028754616618990682,0.028754616618990682,0.4286120473136754
Secisbp2l,0.07323405409711994,0.07323405409711994,0.04355886736453408
Hist1h2ae,0.021637568431000405,0.021637568431000405,0.5514461612927195
Bcl2a1a,0.021887971914688834,0.021887971914688834,0.5468488692113324
Rapgef4,-0.16250046247596703,0.16250046247596703,6.718609725051023e-06
Ptp4a1,-0.03864239669583723,0.03864239669583723,0.28735529480843697
4922501C03Rik,-0.01130389203404988,0.01130389203404988,0.7557065044099005
Hist1h2ac,0.005658481107389581,0.005658481107389581,0.8762395090966724
D11Wsu47e,-0.05823120305165591,0.05823120305165591,0.10870470217003769
Metap1d,-0.024524096592359573,0.024524096592359573,0.49963040521962254
Mrpl9,0.04401970458117864,0.04401970458117864,0.22546276094967868
BC048403,0.029774365719925228,0.029774365719925228,0.4124137894164359
Prkch,0.03521617651968815,0.03521617651968815,0.3322729695571212
Slc38a6,0.021301624427757338,0.021301624427757338,0.5576435657985506
Ibtk,0.0330778263249761,0.0330778263249761,0.36248457021632274
Mtmr1,0.051725945274280004,0.051725945274280004,0.15427502799424148
Setdb1,0.0499266623219737,0.0499266623219737,0.16913914882516
Fam46a,-0.0038611735930414205,0.0038611735930414205,0.9153678165641618
Slc2a4rg-ps,0.02316725456267433,0.02316725456267433,0.52366151622014
Hist1h1a,-0.0612292480477854,0.0612292480477854,0.09164597950913984
Daam1,0.06869924215810413,0.06869924215810413,0.05835428276621329
Gorasp2,-0.004324128449845535,0.004324128449845535,0.9052655819011737
Hmgn3,0.06961416505454002,0.06961416505454002,0.05507312608611842
Zgpat,-0.04233988324715623,0.04233988324715623,0.2436825355954719
Gad1,-0.053812201722725106,0.053812201722725106,0.13830512078576424
Pip5k1a,0.039123620755257785,0.039123620755257785,0.28139050983743435
Zfp275,0.07749273578534153,0.07749273578534153,0.03267748228559877
Fbn1,-0.17075955241568624,0.17075955241568624,2.1950566314036886e-06
Mllt11,-0.040392019151379806,0.040392019151379806,0.266072733853831
Eid1,0.021369329912064042,0.021369329912064042,0.5563918358107385
Slc17a5,0.03177300860838102,0.03177300860838102,0.38173689083447276
Mto1,0.006852405548063244,0.006852405548063244,0.8504070699827946
Hmgb3,-0.04691632430468839,0.04691632430468839,0.1963653211406221
Etohi1,0.04958200741197542,0.04958200741197542,0.17210485560497427
Cradd,0.022903501890837494,0.022903501890837494,0.5284006050224596
Ctdsp2,-0.01103146910131193,0.01103146910131193,0.7614133868183018
Papolg,0.009367899377875013,0.009367899377875013,0.7965336822689391
Agap2,0.025445284395320705,0.025445284395320705,0.48365451688903216
Arid3b,0.02671863683929812,0.02671863683929812,0.46203449702512206
Ptpra,-0.004101813052585828,0.004101813052585828,0.9101149653070992
Zfp277,0.06660156331418829,0.06660156331418829,0.06649174591312013
Mpi,0.0504063203734733,0.0504063203734733,0.16507565832201376
Ercc6l,0.06535260915337412,0.06535260915337412,0.07176487431660485
Gaa,-0.015067973750879527,0.015067973750879527,0.6783357751819
Fastkd2,-0.03097347358222744,0.03097347358222744,0.3938374207055868
Man2c1,0.03159088364284782,0.03159088364284782,0.3844730403429288
Sin3a,0.06730943576059627,0.06730943576059627,0.06364729915791248
Slc9a8,-0.004587923380360522,0.004587923380360522,0.8995159869786694
Imp3,-0.051240776263229065,0.051240776263229065,0.158181900181238
Sgsh,-0.08993503222726057,0.08993503222726057,0.01312775713275124
Islr,-0.010852621421346378,0.010852621421346378,0.7651670747134387
Slc26a11,-0.030515837353477224,0.030515837353477224,0.40086660451692757
Arfgef2,0.043474288905652005,0.043474288905652005,0.23126885593452426
Zbtb43,0.053773713634191436,0.053773713634191436,0.13858776017602858
Trp53rk,-0.012783849028196686,0.012783849028196686,0.7249427435369581
Rptor,-0.003200912650783632,0.003200912650783632,0.9297987453108824
Ccdc104,-0.01450402915177483,0.01450402915177483,0.6897374846092831
Rgs14,-0.05185082837392648,0.05185082837392648,0.15328133612824368
F730043M19Rik,0.04736605443628694,0.04736605443628694,0.19210580221260992
Stxbp1,0.050389756123625055,0.050389756123625055,0.16521475095889263
Slc35c2,-0.06998283241949271,0.06998283241949271,0.05379509686037265
Ddx41,0.027684882283527053,0.027684882283527053,0.44599473286649544
Fam193b,0.02905578552314715,0.02905578552314715,0.42379008769877563
Prkar2b,0.07177745010145332,0.07177745010145332,0.047921646136679395
Pikfyve,0.03515302127686588,0.03515302127686588,0.333141305896667
A630033H20Rik,-0.08566219160776983,0.08566219160776983,0.018176668048807604
Klf7,-0.012602522017657262,0.012602522017657262,0.7286893830489978
G2e3,0.0767940220240696,0.0767940220240696,0.03428473189432197
Ddx20,0.05364409167355727,0.05364409167355727,0.1395429130100995
Gm8580,0.020619111677228786,0.020619111677228786,0.5703375824452478
Rbm43,-0.0680513515884956,0.0680513515884956,0.06077450256396056
Apoo,-0.03815811317648749,0.03815811317648749,0.2934433833275026
Lgals3bp,0.018272433345310358,0.018272433345310358,0.6150000779814359
Sirt5,0.0052548212210172295,0.0052548212210172295,0.885004607568707
4932415G12Rik,-0.0921897462524756,0.0921897462524756,0.010999039420666693
Acvr2a,-0.03821575957770199,0.03821575957770199,0.29271419608744687
Zfp831,-0.10069457943194945,0.10069457943194945,0.005461833261266062
Cant1,-0.006622735465979463,0.006622735465979463,0.855364799361976
Cilp,-0.014969903483219745,0.014969903483219745,0.6803133568445271
Gm13476,0.017106848560948355,0.017106848560948355,0.6377396618126295
Usp34,0.024679891417613228,0.024679891417613228,0.49690900123426157
Gtdc1,0.0764833828681528,0.0764833828681528,0.035020663966877696
Pitpnc1,0.06885925784074283,0.06885925784074283,0.05776900279390446
Cd28,0.08245244689445987,0.08245244689445987,0.023014894723564605
Ppp2r3c,0.006417610555587522,0.006417610555587522,0.8597975174065319
Icos,0.061058078212344706,0.061058078212344706,0.09255836199705282
Tspan2,-0.03854437729293128,0.03854437729293128,0.288580611222123
Mov10,-0.019549144295697686,0.019549144295697686,0.5905100390199546
Gm20199,0.08921596283029937,0.08921596283029937,0.013879236440817259
Pus10,0.007931350757449855,0.007931350757449855,0.8271986570800052
Foxo4,-0.024048145332701665,0.024048145332701665,0.5079929320769317
Snx12,-0.0894779936256495,0.0894779936256495,0.013601115727396995
Nol8,0.0185642483482585,0.0185642483482585,0.6093631986160538
Mthfs,-0.05717603681659481,0.05717603681659481,0.11527292085687002
Vezt,-0.02179577351099252,0.02179577351099252,0.5485393844950041
Aspn,-0.05608282876764208,0.05608282876764208,0.1224023959289794
Cbx8,0.0031391189026625153,0.0031391189026625153,0.9311505882232294
Fgd3,0.07619515963842244,0.07619515963842244,0.03571548637382646
Gm14023,0.047366054436286935,0.047366054436286935,0.19210580221260992
C030044B11Rik,-0.019043098631447604,0.019043098631447604,0.6001634904236218
Nr2c1,0.013519762738601428,0.013519762738601428,0.7098052457090184
Sirpa,0.07032311050588622,0.07032311050588622,0.052637505333461274
Psmc5,0.1369055994066364,0.1369055994066364,0.00015318145618057753
Mthfd1,0.06293189775347613,0.06293189775347613,0.08295786138961803
Hspa2,0.14185698075232092,0.14185698075232092,8.703605183523795e-05
Alkbh3,-0.04850966612452843,0.04850966612452843,0.18158047809556183
Fam82a2,-0.02014393381652947,0.02014393381652947,0.5792557747429088
2900008C10Rik,0.029314542842534003,0.029314542842534003,0.4196725825929208
Sema4c,0.035265343073960835,0.035265343073960835,0.3315979781492006
Meg3,-0.1870886951843045,0.1870886951843045,2.0457881527018325e-07
Carm1,0.06328256612877396,0.06328256612877396,0.08125396971589877
Tns3,0.04776877346034311,0.04776877346034311,0.18834942920966433
Serpini1,0.05185218403366283,0.05185218403366283,0.15327057589348353
Zfyve19,-0.03821656492104031,0.03821656492104031,0.29270401765678317
Zfc3h1,0.077852840874772,0.077852840874772,0.03187458508419152
1810030O07Rik,0.042032801682155355,0.042032801682155355,0.2471218029378327
D3Ertd254e,0.06430534628010239,0.06430534628010239,0.07644568538177934
Nbeal2,0.03222927778926854,0.03222927778926854,0.37493467308653783
Slc35c1,-0.03870602512767727,0.03870602512767727,0.28656176971423525
Cybb,0.11546269661824578,0.11546269661824578,0.0014300440225918914
Tecpr2,0.007003973587028631,0.007003973587028631,0.8471384926925143
Unc13d,-0.023298657387879923,0.023298657387879923,0.521308626378085
Rcor1,0.030226396829944657,0.030226396829944657,0.4053509133221117
Chac1,0.06720863139429381,0.06720863139429381,0.06404612926818021
Kdm6a,0.047194936228674565,0.047194936228674565,0.19371844818248724
Fdxr,0.08044897806297174,0.08044897806297174,0.026570495755447586
Rasl10a,0.011976580279749337,0.011976580279749337,0.7416720712532968
Mrpl47,0.023963602538050882,0.023963602538050882,0.5094859889178772
Trmt61a,-0.09285831817992525,0.09285831817992525,0.010429647519619976
Nusap1,-0.013845531416052131,0.013845531416052131,0.7031402047812361
1110018G07Rik,0.014710776405664134,0.014710776405664134,0.6855491786287295
Cnnm4,0.036886017063176846,0.036886017063176846,0.3098441248298281
Tmem104,0.04328043237846124,0.04328043237846124,0.23335782575776923
Zfyve21,0.07091479207373858,0.07091479207373858,0.050674162176205746
Arhgap1,0.019775541912226254,0.019775541912226254,0.586214440322468
Ankrd9,-0.0016696191712672912,0.0016696191712672912,0.9633481138030878
Gas2l1,0.02181531949829798,0.02181531949829798,0.5481807815964944
Crtap,-0.0824402385243284,0.0824402385243284,0.023035246188612014
2810002D19Rik,-0.03783094882248426,0.03783094882248426,0.29760481457527777
Pgam2,0.07677372706133487,0.07677372706133487,0.03433240651244162
Arhgap11a,0.04357532102557182,0.04357532102557182,0.23018541907750753
BC002230,-0.06357177816658076,0.06357177816658076,0.07987012268232296
Slc35e3,0.053789645811649175,0.053789645811649175,0.13847070753847907
Maml3,-0.04526034810861878,0.04526034810861878,0.2126444959371087
2010315B03Rik,0.0018078510482577856,0.0018078510482577856,0.9603160169304683
Phf17,0.029614609704165618,0.029614609704165618,0.41492724725180735
2810046L04Rik,-0.049635409286367387,0.049635409286367387,0.17164281498391887
Larp1b,0.015909191131407055,0.015909191131407055,0.6614646186120445
Ccdc34,0.020730433001372756,0.020730433001372756,0.5682577723213704
Ccdc22,0.0288693061985131,0.0288693061985131,0.4267720297095118
Dclk1,0.011196405854745326,0.011196405854745326,0.7579566215380871
Nup85,0.04781895040137175,0.04781895040137175,0.18788521747782352
Wwtr1,0.03923063812546188,0.03923063812546188,0.2800755075240502
4933437F05Rik,-0.011523116196521601,0.011523116196521601,0.751123686287139
Tsen54,0.04041348764055052,0.04041348764055052,0.2658184980956348
Bmf,-0.10145820131411112,0.10145820131411112,0.0051160736778749554
Plk4,0.005283189985853401,0.005283189985853401,0.8843881343567225
Elp4,-0.10675248133992038,0.10675248133992038,0.0032134823901038027
Rcn1,-0.047824558347864976,0.047824558347864976,0.18783338798631244
Gorasp1,0.06949513673136838,0.06949513673136838,0.0554911080467157
Qser1,0.05083666376505291,0.05083666376505291,0.16149275810552266
Otud5,-0.0020401289598390897,0.0020401289598390897,0.955222345662279
Rap2b,-0.011660794469014298,0.011660794469014298,0.7482500226480306
Adck1,-0.008790450731300876,0.008790450731300876,0.8088252631688225
Tbrg4,-0.06297159296137159,0.06297159296137159,0.08276354447133473
Emid1,-0.0876635719579616,0.0876635719579616,0.015632028289144676
Nudt6,-0.029833263518098077,0.029833263518098077,0.41148942173217534
Cnot2,-0.023185489433777726,0.023185489433777726,0.5233346793399822
Vipar,0.001156762623625165,0.001156762623625165,0.974601828139035
Aff3,0.05241266919208897,0.05241266919208897,0.14887079241482104
Inf2,0.02398428983854665,0.02398428983854665,0.5091204318027439
Atrip,0.026876013471986225,0.026876013471986225,0.45940032550237986
Jmjd7,-0.03162494596335266,0.03162494596335266,0.3839603978214992
Ggps1,0.08717686659717305,0.08717686659717305,0.0162202083581041
Elf4,0.00896457126805482,0.00896457126805482,0.8051138202910044
Pde7a,0.012307598878644766,0.012307598878644766,0.7347969865441459
Nphp3,0.047495831319699984,0.047495831319699984,0.19088934846486436
Syt11,0.06236764469353638,0.06236764469353638,0.08576010662544832
Clk2,0.026040707308567296,0.026040707308567296,0.47347734404494607
Dcaf5,0.048406705092759156,0.048406705092759156,0.18251022238376105
2610018G03Rik,-0.04577244390998256,0.04577244390998256,0.20750964547557776
Zfp451,-0.0012285464051021307,0.0012285464051021307,0.9730263071997245
Elmo1,0.04000620571258083,0.04000620571258083,0.2706701295499711
Car2,-0.07756940367737755,0.07756940367737755,0.03250510866437523
Gm15417,0.032711632553165886,0.032711632553165886,0.3678254251715639
Zkscan3,0.03490426337608388,0.03490426337608388,0.33657574036100507
Mars2,-0.030243754210646526,0.030243754210646526,0.40508115461124555
Ubqln4,0.02185386134604062,0.02185386134604062,0.547474007649845
Fkbp7,-0.04369248963989462,0.04369248963989462,0.2289334562079849
Snx16,0.014153604105105685,0.014153604105105685,0.6968580831024322
Adar,0.018233347139948244,0.018233347139948244,0.6157568269621382
Zbtb38,0.1365330648449237,0.1365330648449237,0.00015971596179482344
Cxx1b,0.016220920622163206,0.016220920622163206,0.6552554347244604
Tbc1d30,0.04864592478964265,0.04864592478964265,0.18035545296149894
Hist1h4m,-0.13227648554042942,0.13227648554042942,0.00025549475242404363
Gphn,0.0637890830669508,0.0637890830669508,0.0788429718822823
Rassf3,0.11207823676902738,0.11207823676902738,0.0019717636415711184
Cdc42ep4,-0.020806283794518706,0.020806283794518706,0.5668427329234956
Hist1h2bj,0.035160221066569596,0.035160221066569596,0.3330422405294696
Ints3,-0.025838213794041727,0.025838213794041727,0.47692518229833575
Xpot,0.09092639118365073,0.09092639118365073,0.01215067025002507
Snapin,0.017501447710891998,0.017501447710891998,0.6300017716722948
Plekhg3,-0.007108491178052789,0.007108491178052789,0.8448860865047422
Mospd1,0.015520924915787165,0.015520924915787165,0.6692308812243545
Lcmt2,-0.005225839690832212,0.005225839690832212,0.8856344683491378
Lyst,0.050687485237687784,0.050687485237687784,0.16272807389749605
Mex3a,-0.021358463641845085,0.021358463641845085,0.556592637816112
Coq6,-0.0018419556815159929,0.0018419556815159929,0.9595680229794028
Ckap5,0.030183496852698867,0.030183496852698867,0.4060181002902388
Phc3,0.02063462576731849,0.02063462576731849,0.5700475165418557
Zbtb42,0.051981145250531303,0.051981145250531303,0.15224959540387376
Pet112l,0.047098355214993275,0.047098355214993275,0.19463301172300307
Ercc5,0.03659654792055638,0.03659654792055638,0.3136589652011976
Vps39,4.586622929851577e-06,4.586622929851577e-06,0.9998992779714033
A330069E16Rik,-0.03881653721116301,0.03881653721116301,0.28518706088245427
Qars,0.05968144655046552,0.05968144655046552,0.10016350655198458
Usp19,0.03308341721926889,0.03308341721926889,0.362403405756183
Rnf123,-0.0001693322135804653,0.0001693322135804653,0.9962814858021547
Ptpmt1,-0.036791338917646195,0.036791338917646195,0.31108848405424633
Hs6st1,0.04926950978680668,0.04926950978680668,0.17482726324865402
Rrnad1,0.035111114005868846,0.035111114005868846,0.33371830493628585
Rapgef5,0.07538652060655193,0.07538652060655193,0.03772783003407319
Sp4,0.07772684331203998,0.07772684331203998,0.03215357063499267
Cd300lf,0.09984376734781869,0.09984376734781869,0.00587175035004344
Slc25a44,0.0177279448478003,0.0177279448478003,0.6255784398927509
Dusp7,0.017816786681298456,0.017816786681298456,0.6238470752756372
Abhd14b,0.029349111603992034,0.029349111603992034,0.41912428600677737
Parp3,0.005739726208397237,0.005739726208397237,0.8744771417121074
Ube2l6,0.050061010453268655,0.050061010453268655,0.16799352362980668
Gm10336,-0.03135101329904571,0.03135101329904571,0.3880949406194703
Spg11,-0.02062480381261212,0.02062480381261212,0.5702311488177056
Rnf157,0.06541747684145317,0.06541747684145317,0.07148282580140905
Cnrip1,-0.03206729720529657,0.03206729720529657,0.377340928666175
Tmem194b,-0.11129237312000251,0.11129237312000251,0.0021218925980722135
Pitrm1,-0.023124279779918256,0.023124279779918256,0.5244321976460008
Sipa1l1,0.0503386481520023,0.0503386481520023,0.16564446759296414
Dcaf4,-0.01825859633385073,0.01825859633385073,0.6152679300100916
Gpatch4,-0.06505369278192759,0.06505369278192759,0.07307636060212203
Map3k9,0.0711124001584312,0.0711124001584312,0.05003224508814076
Ddx46,0.09013348673533682,0.09013348673533682,0.012926784506585057
Vps54,0.023826254886044642,0.023826254886044642,0.5119164787816705
1700026L06Rik,0.05792463159484322,0.05792463159484322,0.11058185227809361
Cdk17,0.024333427748188252,0.024333427748188252,0.5029717002083227
Ada,0.039903117136927395,0.039903117136927395,0.27190768990947045
Rnf214,-0.034588522741486986,0.034588522741486986,0.3409675725132741
Narf,-0.09148501713459845,0.09148501713459845,0.011628905634419207
Wdr34,0.0229190988114662,0.0229190988114662,0.5281197554327616
Tor1a,0.037548552943399066,0.037548552943399066,0.301228306044182
Extl2,0.009965881122286802,0.009965881122286802,0.7838579449850165
Usp28,0.005854848815932368,0.005854848815932368,0.8719809698343122
Cenpi,0.017177409567645956,0.017177409567645956,0.6363530680614814
Zw10,-0.047580372476225964,0.047580372476225964,0.1900999579172198
Rfesd,-0.028608198621195,0.028608198621195,0.4309677781263423
Vwa5a,-0.04283249032724003,0.04283249032724003,0.23823576403840144
Mrc2,-0.12345834077979628,0.12345834077979628,0.0006473301976819934
Alg13,0.03003817987668893,0.03003817987668893,0.4082829502568773
Usp20,-0.019068758587101577,0.019068758587101577,0.5996722838930186
Bcs1l,-0.004261067658366051,0.004261067658366051,0.9066407817773889
Acot9,-0.034880888137848204,0.034880888137848204,0.33689963086053065
Papss1,0.023981605738154797,0.023981605738154797,0.5091678537375338
Ttf1,0.05839995495188974,0.05839995495188974,0.10768221467154472
Asxl1,0.02769086486101522,0.02769086486101522,0.4458964176166131
BC068281,0.05272618922864156,0.05272618922864156,0.1464520062253112
Surf2,0.0428258699888658,0.0428258699888658,0.23830839201963852
Map3k3,0.04722016906813231,0.04722016906813231,0.19348002820305077
Arpc2,-0.07443838932660009,0.07443838932660009,0.04020914153371631
Zfp456,-0.03586226735250323,0.03586226735250323,0.3234736424109872
Coq10a,0.04896854038239057,0.04896854038239057,0.17747944273359875
Il9r,0.11333834163917893,0.11333834163917893,0.0017512283215231454
Arl1,-0.019309811078476232,0.019309811078476232,0.5950667316915172
Gstcd,-0.061240704510893224,0.061240704510893224,0.091585171868513
Ppa2,-0.005372822310936196,0.005372822310936196,0.8824408216160711
Ncoa1,0.03671868707500148,0.03671868707500148,0.31204557855363524
Slc25a10,-0.014424456277299665,0.014424456277299665,0.6913520197135077
Trub2,0.014581382636632743,0.014581382636632743,0.6881693309244238
Gclm,0.04536008012010185,0.04536008012010185,0.21163735600906047
Sec24b,0.025096393128152407,0.025096393128152407,0.48967248622760834
Suox,0.0018378365238844669,0.0018378365238844669,0.9596583638163005
Plcb4,0.03472526662816105,0.03472526662816105,0.3390610400706582
Thyn1,0.03586189566052397,0.03586189566052397,0.3234786606358867
Ndrg3,0.009548227147802438,0.009548227147802438,0.79270536656663
2210408I21Rik,0.0036681977955296896,0.0036681977955296896,0.9195829088530997
Tet2,-0.026034087444203307,0.026034087444203307,0.47358984310741453
Dnajb14,0.04667278869038637,0.04667278869038637,0.1987005361380883
Armcx6,0.07315894222888307,0.07315894222888307,0.043775355115385495
Etohd2,-0.04552138034025266,0.04552138034025266,0.21001576292799518
Pou5f2,-0.08224885955395667,0.08224885955395667,0.023356321488468192
9830001H06Rik,0.053968432557369314,0.053968432557369314,0.1371623809046255
Ier5l,-0.029470948533666823,0.029470948533666823,0.4171951812050387
Ctla2a,-0.06753224297457247,0.06753224297457247,0.06277302945173928
Ncapd3,0.02799329941236592,0.02799329941236592,0.4409424108706513
Herpud2,0.0360636021104897,0.0360636021104897,0.32076285802238036
Hmbs,-0.05879241862050037,0.05879241862050037,0.10533362313323155
Crat,0.02768791655452091,0.02768791655452091,0.445944867348871
0610009L18Rik,-0.051609649906154506,0.051609649906154506,0.15520477331131446
Jam3,-0.018318872010232544,0.018318872010232544,0.6141015090531343
Ciz1,0.05476979056208138,0.05476979056208138,0.13141482179387795
Nprl3,-3.908808922108465e-05,3.908808922108465e-05,0.9991416275213878
Entpd6,0.10805893766720001,0.10805893766720001,0.0028561135424878406
Tmem164,0.009421896008778682,0.009421896008778682,0.7953868294508659
0610007P08Rik,0.12799432738590036,0.12799432738590036,0.00040422318003526696
Diap2,0.09603701621483982,0.09603701621483982,0.008065250677217585
Tmsb15l,0.04893700825265391,0.04893700825265391,0.17775902904827004
Plp1,0.031325042266199185,0.031325042266199185,0.3884883287371262
Zfp825,0.0343194498582303,0.0343194498582303,0.34473904528743526
Strada,-0.026566772284514085,0.026566772284514085,0.4645843648606891
A530054K11Rik,0.040895528658776624,0.040895528658776624,0.2601539611076959
Sec24d,0.04006103259441229,0.04006103259441229,0.2700135143826923
Surf6,-0.026693493520358547,0.026693493520358547,0.4624561242973475
Gbp5,0.08783017197757007,0.08783017197757007,0.015435040392731731
Alg9,0.04393444497614103,0.04393444497614103,0.2263634571028262
Cdk5rap1,-0.21634789008921393,0.21634789008921393,1.6807575345067573e-09
8430429K09Rik,0.007946538643096674,0.007946538643096674,0.8268729841049918
Smarcc2,0.03138561300588227,0.03138561300588227,0.38757122881050965
Pigyl,-0.006967781641043995,0.006967781641043995,0.8479187387301529
Arhgef12,0.13468306657707516,0.13468306657707516,0.00019622802761322622
Rpl34,0.05094082571273747,0.05094082571273747,0.16063441413722349
Metap1,0.0631945020444622,0.0631945020444622,0.0816791828999637
Zfp748,-0.019259377380213098,0.019259377380213098,0.5960289846451972
1110057K04Rik,0.0769333201282409,0.0769333201282409,0.03395902991348754
Taf13,0.00792912308100837,0.00792912308100837,0.8272464275159157
Trib3,0.0466599198760349,0.0466599198760349,0.1988244938889582
Kdm5d,-0.0027809791092219833,0.0027809791092219833,0.9389892851953172
Ccdc76,-0.03153588937543539,0.03153588937543539,0.38530159287270116
Nol10,0.05905576912161996,0.05905576912161996,0.10378054866412763
Actr6,0.012213708968108873,0.012213708968108873,0.736744904965067
Ddx31,0.044043719458337495,0.044043719458337495,0.22520952555993537
Ofd1,-0.05079869095800318,0.05079869095800318,0.16180653033012962
Xrn2,0.08098442414329492,0.08098442414329492,0.025576673166695256
Trappc2,0.0313617567664903,0.0313617567664903,0.3879322781468978
Cdc14b,0.02805592409615175,0.02805592409615175,0.43992054028518746
Gpr107,0.022278417331588283,0.022278417331588283,0.5397184707411082
Uty,0.050968503166126514,0.050968503166126514,0.16040691838614088
Tespa1,-0.0530807981018486,0.0530807981018486,0.1437525154467589
Sh3glb2,0.05873465696551813,0.05873465696551813,0.10567671387938682
2010111I01Rik,0.0034153717419364215,0.0034153717419364215,0.9251086822356167
Med22,0.015944907170679472,0.015944907170679472,0.6607520183666686
Nfrkb,0.041567200297449605,0.041567200297449605,0.25240094127669427
Dolk,0.03324733410384177,0.03324733410384177,0.3600288327453362
Spc24,0.03136760292367527,0.03136760292367527,0.38784378128026065
Nup188,0.01632158089348702,0.01632158089348702,0.6532554769335058
Lancl1,0.03864313355190917,0.03864313355190917,0.28734609684176915
Agl,0.012608517184079474,0.012608517184079474,0.7285654048878075
Cpa3,0.013130301419853118,0.013130301419853118,0.7178025406240909
Areg,0.013130301419853116,0.013130301419853116,0.7178025406240909
Ikzf4,0.03267250728190047,0.03267250728190047,0.36839893636361637
Btc,0.033121678539896525,0.033121678539896525,0.3618482611930415
Fam175a,0.024704652065412197,0.024704652065412197,0.4964772126389985
Podxl,0.014756890838196637,0.014756890838196637,0.6846162962926244
a,0.07991558648797781,0.07991558648797781,0.027593427919564904
A630066F11Rik,0.03864795315094394,0.03864795315094394,0.2872859400355741
E2f1,0.0096501402128545,0.0096501402128545,0.7905439735532478
Dcbld1,0.02870830345687763,0.02870830345687763,0.4293563740098314
Hpse,0.00010352829540383212,0.00010352829540383212,0.9977265264585914
Akr1b10,0.007874580019920334,0.007874580019920334,0.8284162510147239
Cpb1,0.01313030141985312,0.01313030141985312,0.7178025406240909
Mthfd2l,0.006942237550045717,0.006942237550045717,0.8484695220070059
Scarb2,0.04081694075393931,0.04081694075393931,0.2610717262422165
Ect2,-0.030916975754871977,0.030916975754871977,0.3947011624656581
Cxcl11,0.05654078605323249,0.05654078605323249,0.11937500699212349
Pxmp4,-0.012595623620160538,0.012595623620160538,0.7288320485091865
Stbd1,0.03312167853989654,0.03312167853989654,0.3618482611930415
Cxcl10,0.060056667170046346,0.060056667170046346,0.09804293385271116
Tnik,-0.01707578680822481,0.01707578680822481,0.6383504577061013
Zfp341,0.05875520937590062,0.05875520937590062,0.1055545361043094
Cxcl13,0.01481693941122438,0.01481693941122438,0.6834022496428652
Fndc3b,0.1079450210523401,0.1079450210523401,0.0028857682253610995
Cnot6l,0.08643490249199305,0.08643490249199305,0.017154220457533665
Art3,0.07082429495010825,0.07082429495010825,0.05097042697329763
Fras1,0.029437919285469915,0.029437919285469915,0.4177176329287658
Tnfsf10,-0.010625236806274932,0.010625236806274932,0.7699474137394314
Bmp2k,0.03940503087573474,0.03940503087573474,0.27794155480786453
Egfem1,0.013130301419853116,0.013130301419853116,0.7178025406240909
Prdm8,0.013130301419853116,0.013130301419853116,0.7178025406240909
Nceh1,0.05412930027349662,0.05412930027349662,0.1359933340684268
Gp49a,0.03592418499783572,0.03592418499783572,0.3226383971546428
Bmp3,-0.06350331087364681,0.06350331087364681,0.08019599154634913
Pmel,0.013130301419853115,0.013130301419853115,0.7178025406240909
Agbl3,0.014471020645962899,0.014471020645962899,0.6904070572386417
Popdc3,-0.08983112328901573,0.08983112328901573,0.013234080449305432
Vgll2,-0.06350331087364681,0.06350331087364681,0.08019599154634913
Rab5b,-0.04639571487805627,0.04639571487805627,0.201381906986058
Eif5a2,-0.005770194576950502,0.005770194576950502,0.8738163820734298
Nup43,0.048307378968381484,0.048307378968381484,0.18341047712295017
Tmem150c,0.013130301419853116,0.013130301419853116,0.7178025406240909
Cdkl2,0.05850914342598389,0.05850914342598389,0.10702468903094076
5430416N02Rik,-0.04653885076929907,0.04653885076929907,0.19999344460486546
Cxcl9,0.06008164374723127,0.06008164374723127,0.0979030582263026
2010109A12Rik,-0.030322531217253555,0.030322531217253555,0.4038581931853237
Dnttip1,0.00802229374170679,0.00802229374170679,0.825249016627591
Hps3,0.048602886885318275,0.048602886885318275,0.18074171878260942
Sobp,0.013130301419853118,0.013130301419853118,0.7178025406240909
Plcxd1,0.007062036267614891,0.007062036267614891,0.8458870578910053
1810022K09Rik,0.0731309781741284,0.0731309781741284,0.04385618454437638
Car13,-0.012077817844238132,0.012077817844238132,0.7395672051584113
Car3,0.013130301419853118,0.013130301419853118,0.7178025406240909
1700023L04Rik,0.022772372094156494,0.022772372094156494,0.5307648226518682
Lats1,0.04260147732884798,0.04260147732884798,0.24077930655008897
LOC100642166,-0.0223632369572503,0.0223632369572503,0.5381756410055644
Gm10416,-0.009973209147524302,0.009973209147524302,0.7837029559123186
Fgfrl1,0.04627612922122914,0.04627612922122914,0.20254729404991478
Dgkq,-0.02259029703440166,0.02259029703440166,0.5340564239338875
6430550D23Rik,-0.03564258427578985,0.03564258427578985,0.32644841882828163
Sirpb1a,0.013130301419853113,0.013130301419853113,0.7178025406240909
Tmem175,-0.014215949067420904,0.014215949067420904,0.695589267612353
Pcgf3,-0.019505508466977947,0.019505508466977947,0.5913396309579746
Myl6b,-0.004515789514831522,0.004515789514831522,0.9010876852050245
Zfp605,0.048645924789642664,0.048645924789642664,0.18035545296149894
Lrrcc1,-0.003006778992945616,0.003006778992945616,0.9340464099320369
Fam40b,0.03312167853989653,0.03312167853989653,0.3618482611930415
Mn1,0.013130301419853121,0.013130301419853121,0.7178025406240909
Lace1,0.012990397760384473,0.012990397760384473,0.7206829624641452
Ttc28,0.04536365705683239,0.04536365705683239,0.21160129848044446
Chek2,-0.06590696818782094,0.06590696818782094,0.06938360062603287
Chmp4c,0.013130301419853113,0.013130301419853113,0.7178025406240909
Tspan33,0.032726654839824454,0.032726654839824454,0.36760537102752033
Hscb,-0.08850279553091515,0.08850279553091515,0.01466173138196085
Pdss2,-0.01208010066113184,0.01208010066113184,0.739519764673029
Smo,0.034634972097127355,0.034634972097127355,0.3403191919345039
Spag4,0.013130301419853115,0.013130301419853115,0.7178025406240909
Ddx51,0.01440397904029582,0.01440397904029582,0.6917677302937288
Galnt9,0.013130301419853115,0.013130301419853115,0.7178025406240909
Pole,0.026312655621883507,0.026312655621883507,0.4688685108941922
Pxmp2,0.022395769242996875,0.022395769242996875,0.5375844803916775
Ahcyl2,0.06975480029086352,0.06975480029086352,0.05458264819421369
Golga3,0.08328306397386673,0.08328306397386673,0.021666355156780094
Ep400,-0.026095446470854988,0.026095446470854988,0.47254766009312105
Ccdc18,0.05861306849975599,0.05861306849975599,0.10640181207716291
Ube2h,0.0030904855742831245,0.0030904855742831245,0.9322146642753165
Evi5,0.06849010549215018,0.06849010549215018,0.059126632810959596
Pkd2,0.001191411887543767,0.001191411887543767,0.9738413282976416
Spp1,-0.0892360120419369,0.0892360120419369,0.013857780434241454
Rtn4ip1,-0.01077722931036796,0.01077722931036796,0.7667510746775232
4632415L05Rik,0.04138789870907525,0.04138789870907525,0.25445469340913357
Cxcl3,0.03275277297480382,0.03275277297480382,0.3672229741089431
Ncoa6,0.004035153399250131,0.004035153399250131,0.9115696774807823
Cpa1,0.013130301419853113,0.013130301419853113,0.7178025406240909
BC005561,0.0641348451231191,0.0641348451231191,0.07723076531100011
Mest,0.013405244962247813,0.013405244962247813,0.712153519256539
Klhl8,0.062059481709263516,0.062059481709263516,0.08732247326129998
Ptpn13,0.035492785511720464,0.035492785511720464,0.3284870173021842
Wdfy3,-0.020167636300940598,0.020167636300940598,0.5788093795969121
Cds1,0.033121678539896546,0.033121678539896546,0.3618482611930415
Cp,0.029554746906192322,0.029554746906192322,0.4158713973468584
2210408F21Rik,0.06763309573140978,0.06763309573140978,0.062380565620309955
Gm13845,0.018581295022800766,0.018581295022800766,0.6090346243526004
Copg2,-0.019042711922145034,0.019042711922145034,0.6001708945588144
Gyg,0.019808292484128437,0.019808292484128437,0.5855942404740245
Acss2,0.06280310899775987,0.06280310899775987,0.08359085279753428
Zfp951,-0.030147423117834225,0.030147423117834225,0.4065796307249286
Gfi1,-0.1339151152739039,0.1339151152739039,0.0002135722023785559
A930041C12Rik,0.04687201465684816,0.04687201465684816,0.19678869762478687
A830010M20Rik,0.03956832427440877,0.03956832427440877,0.27595345903714674
Btbd8,-0.021497224458766284,0.021497224458766284,0.5540310762581069
Ephx4,0.013130301419853116,0.013130301419853116,0.7178025406240909
Sirpb1b,0.013130301419853118,0.013130301419853118,0.7178025406240909
Brdt,0.01770218972448621,0.01770218972448621,0.6260807462154588
D930016D06Rik,0.057338834776151024,0.057338834776151024,0.11423968022391115
Tgfbr3,0.000981959586934102,0.000981959586934102,0.9784388321782176
Ythdf3,0.011503599273434348,0.011503599273434348,0.7515313295487444
Lrrc8d,0.0007207347923132565,0.0007207347923132565,0.9841737329308026
Gbp6,0.08368435293470973,0.08368435293470973,0.021039811406015727
BC029722,0.06378007894894698,0.06378007894894698,0.07888531826155332
Wif1,-0.1333527456578596,0.1333527456578596,0.00022717360943065834
Gbp9,-0.003431405898867281,0.003431405898867281,0.9247581292941828
Abcg3,0.034396530273492563,0.034396530273492563,0.34365593948706535
Cep250,0.06021594029139701,0.06021594029139701,0.09715368699122866
Ggt7,0.013130301419853118,0.013130301419853118,0.7178025406240909
Cldn11,-0.08986646357438063,0.08986646357438063,0.013197834056651266
Alb,-0.11013616353384202,0.11013616353384202,0.0023618487575947037
Bst1,-0.06814792886226528,0.06814792886226528,0.06040855530100451
Tspyl3,-0.0894360288405475,0.0894360288405475,0.013645324199006792
Spry1,-0.04198297299982438,0.04198297299982438,0.24768306033096085
Cc2d2a,-0.049418100647020166,0.049418100647020166,0.17352879982478508
C1qtnf7,-0.08933761093396414,0.08933761093396414,0.013749501373773168
Dnajb12,0.04798038975198239,0.04798038975198239,0.18639737971767753
Ephb6,-0.035322780353822046,0.035322780353822046,0.3308105619018529
Hs3st1,0.06421209611297558,0.06421209611297558,0.07687425119439342
Zfp518b,0.01858129502280078,0.01858129502280078,0.6090346243526004
Gm5148,-0.0020645990220843806,0.0020645990220843806,0.9546858391431687
Slc2a9,-0.0381572617428253,0.0381572617428253,0.2934541624841507
Mmp19,-0.06036240284795172,0.06036240284795172,0.09634165477038321
Ankrd50,-0.0023365925098263883,0.0023365925098263883,0.9487238120918056
Fat4,0.034296572592725505,0.034296572592725505,0.34506092603752825
Intu,0.013130301419853113,0.013130301419853113,0.7178025406240909
Nsg1,-0.027790596559494327,0.027790596559494327,0.44425928304961854
Msx1,0.006205676985679214,0.006205676985679214,0.8643820039877596
Prss2,0.02631265562188352,0.02631265562188352,0.4688685108941922
Prom1,-0.028684961635916946,0.028684961635916946,0.4297317984254666
Ncapg,0.03840198686087841,0.03840198686087841,0.2903668522357309
Gm3414,0.11352567433869631,0.11352567433869631,0.0017204473239414168
Tlr1,-0.031087018191782344,0.031087018191782344,0.39210500221847644
Cetn4,0.03447259581754647,0.03447259581754647,0.34258922293743227
5830416I19Rik,0.03840198686087845,0.03840198686087845,0.2903668522357309
Gm17384,-0.0635033108736468,0.0635033108736468,0.08019599154635042
Pcdh7,-0.027398450269223003,0.027398450269223003,0.4507162357155653
Gcc2,0.0935550343396161,0.0935550343396161,0.009864284217286731
Gm2663,0.03312167853989653,0.03312167853989653,0.3618482611930415
Tbc1d19,0.05285661139827087,0.05285661139827087,0.14545469109629106
Cytl1,-0.0024579961031244695,0.0024579961031244695,0.9460635813051245
Sel1l3,0.018581295022800762,0.018581295022800762,0.6090346243526004
Ccdc138,0.034329636061808486,0.034329636061808486,0.34459578798709123
Sepsecs,0.020969839140938883,0.020969839140938883,0.5637972650770574
Ccdc149,-0.035240973321710216,0.035240973321710216,0.33193243179026843
2210010C04Rik,0.02277237209415648,0.02277237209415648,0.5307648226518682
Ppargc1a,-0.004924339753596109,0.004924339753596109,0.8921912255410175
Bbs12,0.0015840548201277694,0.0015840548201277694,0.9652252237616759
5730480H06Rik,0.033121678539896546,0.033121678539896546,0.3618482611930415
Slit2,0.013130301419853115,0.013130301419853115,0.7178025406240909
Zcchc4,0.03432963606180845,0.03432963606180845,0.34459578798709123
Bbs7,0.03312167853989654,0.03312167853989654,0.3618482611930415
Evc2,0.03295173147881145,0.03295173147881145,0.3643181386602058
Crmp1,0.04205694689586034,0.04205694689586034,0.24685015747605568
Tpx2,-0.002784253437692368,0.002784253437692368,0.9389175912372077
Sh3bp2,-0.06592199967786444,0.06592199967786444,0.06931994511010901
Zfp786,0.032726654839824454,0.032726654839824454,0.36760537102752033
Prf1,0.0458869000294605,0.0458869000294605,0.20637435741198093
Mdm1,-0.01249106035100086,0.01249106035100086,0.7309956621510653
X99384,-0.046489736510262045,0.046489736510262045,0.20046907968250094
Sclt1,0.012225947898999326,0.012225947898999326,0.7364908898728147
Zfyve28,0.04634365889997845,0.04634365889997845,0.2018886020142906
D3Ertd751e,-0.010753648908650052,0.010753648908650052,0.767246702710971
Pcdh18,0.013130301419853116,0.013130301419853116,0.7178025406240909
Slc7a11,0.013130301419853118,0.013130301419853118,0.7178025406240909
Poln,0.013130301419853116,0.013130301419853116,0.7178025406240909
Fgfr3,0.007719514319047402,0.007719514319047402,0.8317441215393578
Ipcef1,0.02751369121448288,0.02751369121448288,0.44881323344537427
Tacc3,-0.01883653871998244,0.01883653871998244,0.6041242487890732
Zfp783,0.018581295022800766,0.018581295022800766,0.6090346243526004
Zfp956,0.006995487053439067,0.006995487053439067,0.8473214366970356
Adamts14,0.0425309766218874,0.0425309766218874,0.24155933474541785
Rn4.5s,0.01313030141985312,0.01313030141985312,0.7178025406240909
Grk4,-0.02150308916363798,0.02150308916363798,0.5539229392260917
A930005I04Rik,0.01313030141985312,0.01313030141985312,0.7178025406240909
Spock2,-0.01613810053270104,0.01613810053270104,0.656902790160974
Wfs1,0.0007239525289272047,0.0007239525289272047,0.9841030855179633
Man2b2,0.08079840826655293,0.08079840826655293,0.025918230625343416
Cno,0.0680631112161194,0.0680631112161194,0.060729845604709023
Epha1,0.03312167853989653,0.03312167853989653,0.3618482611930415
BC020535,0.020640953964255963,0.020640953964255963,0.5699292188291544
D5Ertd579e,-0.02727475408828671,0.02727475408828671,0.45276392563939033
Fam115a,0.018577267389826947,0.018577267389826947,0.6091122497879075
Evc,0.043863295279360684,0.043863295279360684,0.22711705277158445
Foxs1,-0.0635033108736468,0.0635033108736468,0.08019599154635042
Ablim2,0.03307989003750658,0.03307989003750658,0.36245460944431934
Sh3tc1,-0.09989848194751832,0.09989848194751832,0.005844579092668481
Unc5b,-0.006919625444736073,0.006919625444736073,0.8489571472551046
Tpk1,-0.0290447372265392,0.0290447372265392,0.4239664184007127
Pcbd1,0.0530433406658248,0.0530433406658248,0.14403585166820554
3110057O12Rik,0.03272665483982446,0.03272665483982446,0.36760537102752033
Mylk2,0.032726654839824454,0.032726654839824454,0.36760537102752033
Rgs12,0.017474832712841625,0.017474832712841625,0.6305224185693774
Afap1,0.0952534171968345,0.0952534171968345,0.00859870513544236
Pf4,-0.03232357442344483,0.03232357442344483,0.3735382455188671
Tlr6,0.038401986860878395,0.038401986860878395,0.2903668522357309
Clec5a,0.013130301419853118,0.013130301419853118,0.7178025406240909
Igfbp7,-0.16194250798377186,0.16194250798377186,7.231900703944505e-06
Gm9766,0.048651267059604805,0.048651267059604805,0.180307548741068
Klrg2,0.01313030141985312,0.01313030141985312,0.7178025406240909
Gm15910,0.03432963606180844,0.03432963606180844,0.34459578798709123
Gnb4,0.029445791516287262,0.029445791516287262,0.41759307624861774
Msrb3,0.04308600575936786,0.04308600575936786,0.23546631505044438
Pln,-0.06350331087364677,0.06350331087364677,0.08019599154635042
Spink2,-0.06350331087364676,0.06350331087364676,0.08019599154635042
2500004C02Rik,0.03632815726093098,0.03632815726093098,0.31722345987365
Kif3b,0.0024378548355936903,0.0024378548355936903,0.9465048818815939
Pofut1,-0.021051540180880103,0.021051540180880103,0.5622789104879762
Aasdh,0.011537268195502147,0.011537268195502147,0.7508281416954949
C530008M17Rik,-0.06350331087364679,0.06350331087364679,0.08019599154635042
Exoc1,0.04283914503508015,0.04283914503508015,0.2381627747275023
Hipk2,0.0176700351481584,0.0176700351481584,0.6267081052043348
Tbxas1,-0.0635033108736468,0.0635033108736468,0.08019599154635042
Tmem165,0.09739542797410163,0.09739542797410163,0.007210177010586352
Zmat3,0.02879082054197181,0.02879082054197181,0.42803071429321454
Zc3hav1l,0.03637816300312255,0.03637816300312255,0.31655733227838023
D630045J12Rik,-0.06350331087364677,0.06350331087364677,0.08019599154635042
Epha5,0.033121678539896525,0.033121678539896525,0.3618482611930415
Gm9958,-0.0537098416558958,0.0537098416558958,0.1390577872434172
Fam180a,-0.06350331087364676,0.06350331087364676,0.08019599154635042
Mecom,0.018432367885639515,0.018432367885639515,0.6119078452458956
Slc35f1,0.013130301419853113,0.013130301419853113,0.7178025406240909
Dck,-0.06348859495375203,0.06348859495375203,0.08026617227504415
Dgka,-0.0167004246549055,0.0167004246549055,0.6457508204551967
Mob1b,0.024167617585307343,0.024167617585307343,0.505886921415729
Grsf1,0.05560071569546153,0.05560071569546153,0.1256538214961827
Hmga2,-0.06350331087364677,0.06350331087364677,0.08019599154635042
Gpr160,0.032726654839824454,0.032726654839824454,0.36760537102752033
Snta1,0.0023217873767275264,0.0023217873767275264,0.9490482660908567
Creb3l2,0.1106573853120153,0.1106573853120153,0.0022507621983638942
Prkci,0.024777050942826742,0.024777050942826742,0.4952158310382416
Dnmt3b,0.014190598489034853,0.014190598489034853,0.696105088347319
Sult1e1,-0.006861075700190374,0.006861075700190374,0.8502200276793784
Atp6v0a4,-0.050253153323042865,0.050253153323042865,0.16636518490279498
Miat,0.013130301419853115,0.013130301419853115,0.7178025406240909
Cenpc1,0.03291618768096666,0.03291618768096666,0.3648360311191895
Ptn,0.03312167853989653,0.03312167853989653,0.3618482611930415
Fam114a1,0.02707492827015285,0.02707492827015285,0.4560829312819116
Kdr,-0.009037471303316242,0.009037471303316242,0.8035612248298076
Kit,0.010747260012046282,0.010747260012046282,0.767381005014931
Adck2,-0.02382421357726737,0.02382421357726737,0.5119526470499394
Bend4,0.05732453006866356,0.05732453006866356,0.11433017628759565
Slc30a9,0.04395496333646487,0.04395496333646487,0.22614646410118777
Ulbp1,0.03432963606180845,0.03432963606180845,0.34459578798709123
Limch1,0.013130301419853116,0.013130301419853116,0.7178025406240909
Apbb2,0.04555953695461921,0.04555953695461921,0.20963348083330066
Cnksr3,0.007875284788611298,0.007875284788611298,0.8284011329152567
Rbm47,0.1076083685984867,0.1076083685984867,0.0029750521220485936
9130230L23Rik,0.03312167853989654,0.03312167853989654,0.3618482611930415
Agk,0.045763015973688405,0.045763015973688405,0.20760336217063452
Il22,-0.06350331087364679,0.06350331087364679,0.08019599154635042
Pds5a,-0.02712537465562278,0.02712537465562278,0.4552437560744022
1810062G17Rik,0.0342704848218518,0.0342704848218518,0.3454282116079301
Msl3l2,0.03507954453617348,0.03507954453617348,0.3341533928988465
Ccna2,0.011333416638263096,0.011333416638263096,0.7550887969108216
E330009J07Rik,-0.021497224458766288,0.021497224458766288,0.5540310762581069
Hsf2,0.02295442196625238,0.02295442196625238,0.5274839815545371
Atp8a1,-0.042533553113305055,0.042533553113305055,0.24153079692391527
Dennd2a,0.03537724473649488,0.03537724473649488,0.33006501767479124
Rab19,0.004910302014318127,0.004910302014318127,0.8924966888644028
Gabra2,-0.06350331087364679,0.06350331087364679,0.08019599154635042
Pdgfra,-0.05394249428875014,0.05394249428875014,0.13735159979500972
Lnx1,0.00899137097451246,0.00899137097451246,0.8045429614809873
Fip1l1,0.07278411005287054,0.07278411005287054,0.04486929774535978
Parp12,0.014233631980728379,0.014233631980728379,0.6952295478403591
Rasl11b,-0.03855774807816887,0.03855774807816887,0.2884132596095526
2700023E23Rik,-0.08990578355341088,0.08990578355341088,0.013157608912313205
Lrp11,0.04054319661535216,0.04054319661535216,0.2642860000041118
Ccdc39,0.013130301419853115,0.013130301419853115,0.7178025406240909
Helb,0.061817984478535336,0.061817984478535336,0.08856280169007104
Usp46,0.02590821456966875,0.02590821456966875,0.47573173646166617
Gm16998,0.013130301419853115,0.013130301419853115,0.7178025406240909
D630037F22Rik,0.040081531225272526,0.040081531225272526,0.26976829988743256
Txk,0.0003044724900783088,0.0003044724900783088,0.9933138762015435
Dyrk2,-0.03712787043401671,0.03712787043401671,0.3066803499700896
Mccc1,-0.02503050795520424,0.02503050795520424,0.4908134270994735
Gabra4,0.046343658899978435,0.046343658899978435,0.2018886020142906
Ifng,0.046872014656848156,0.046872014656848156,0.19678869762478687
Plagl2,0.03223625738683962,0.03223625738683962,0.37483120284607635
Sgcb,0.03137799474587215,0.03137799474587215,0.3876865042095415
Cryba4,0.04679443755455788,0.04679443755455788,0.19753154877289053
Stmn2,-0.10433504531441375,0.10433504531441375,0.003983738915231
Tnpo3,0.08772946074359772,0.08772946074359772,0.015553859031242389
1110021L09Rik,0.01313030141985312,0.01313030141985312,0.7178025406240909
Ephb4,0.040173104379455454,0.040173104379455454,0.26867471992757996
Ufsp1,0.029922423744617278,0.029922423744617278,0.4100924394775054
Bmp7,0.01313030141985312,0.01313030141985312,0.7178025406240909
Ache,0.013130301419853113,0.013130301419853113,0.7178025406240909
Trim56,0.0022619824241915613,0.0022619824241915613,0.950358974904566
Moxd1,0.013130301419853113,0.013130301419853113,0.7178025406240909
Plod3,-0.014784576963483745,0.014784576963483745,0.6840564440416486
Znhit1,0.023179242299048802,0.023179242299048802,0.5234466395212336
Cldn15,0.013130301419853115,0.013130301419853115,0.7178025406240909
LOC100504703,-0.00018621638092143633,0.00018621638092143633,0.9959107146955518
March9,0.05633012201169545,0.05633012201169545,0.12076027761571029
Ctgf,-0.09749012818181868,0.09749012818181868,0.007153710693180017
Mettl1,0.06310056661183855,0.06310056661183855,0.0821347296949544
Rabl5,-0.06503074725367654,0.06503074725367654,0.0731778369914313
Cux1,0.013991173092543595,0.013991173092543595,0.7001677725344235
Tox2,0.03432963606180845,0.03432963606180845,0.34459578798709123
Snora33,0.01386506043995453,0.01386506043995453,0.7027413685255786
1700029J11Rik,0.013130301419853121,0.013130301419853121,0.7178025406240909
B3galtl,0.017427689842087205,0.017427689842087205,0.6314450844235627
Fbxo24,0.013130301419853115,0.013130301419853115,0.7178025406240909
Gjc3,0.013130301419853118,0.013130301419853118,0.7178025406240909
Cyp3a13,-0.0635033108736468,0.0635033108736468,0.08019599154635042
Pilrb1,0.01846249693669464,0.01846249693669464,0.6113260886534866
Pilra,0.018356349788570148,0.018356349788570148,0.6133767509115098
Atp9a,0.0014280864023632515,0.0014280864023632515,0.9686473450501213
Uspl1,-0.020208413878661936,0.020208413878661936,0.5780417823722142
0610039K10Rik,-0.0020645990220843624,0.0020645990220843624,0.9546858391431687
Tshz2,-0.017421210504711442,0.017421210504711442,0.6315719408838651
Sh2b2,0.024852068780970717,0.024852068780970717,0.49391062461522756
Tsc22d4,0.08461140875969446,0.08461140875969446,0.01965230262694607
Alox5ap,0.05120296771505719,0.05120296771505719,0.15848946977575595
Bcas1,-0.0020645990220843485,0.0020645990220843485,0.9546858391431687
Jph2,-0.04763349582990804,0.04763349582990804,0.18960515571081166
Aurka,0.020595441608795877,0.020595441608795877,0.5707802753493447
Irs3,0.018578037538761867,0.018578037538761867,0.6090974062023997
6330406I15Rik,0.020244986935037748,0.020244986935037748,0.5773537378691036
Sap25,-0.021497224458766298,0.021497224458766298,0.5540310762581069
Gm20605,-0.0658333183245092,0.0658333183245092,0.06969618666381826
6430598A04Rik,0.004435935205777142,0.004435935205777142,0.9028280525450162
Mybl2,0.06638275058187881,0.06638275058187881,0.06739185755261184
Rbms2,0.012024316186285801,0.012024316186285801,0.7406793356711528
Prkrip1,0.015631733073439555,0.015631733073439555,0.6670108015740979
Gm14391,0.01858129502280077,0.01858129502280077,0.6090346243526004
Ccl24,-0.03627784590731458,0.03627784590731458,0.31789458361927714
Hip1,0.00013196566300039406,0.00013196566300039406,0.9971020464610306
L3mbtl3,0.011981577701359106,0.011981577701359106,0.7415681226722982
Fzd9,-0.0658333183245092,0.0658333183245092,0.06969618666381826
Tbl2,0.04881351966872853,0.04881351966872853,0.1788571175827469
Gm6710,0.013130301419853115,0.013130301419853115,0.7178025406240909
Vps37d,0.018571791024558942,0.018571791024558942,0.6092178039984757
Plagl1,-0.0041951542735190785,0.0041951542735190785,0.9080784882309805
Dnajc30,-0.025560154017522534,0.025560154017522534,0.4816819495875792
Wbscr27,0.018223418572138494,0.018223418572138494,0.6159491192102599
Gm14306,0.013130301419853113,0.013130301419853113,0.7178025406240909
B230208H11Rik,-0.06502376149309322,0.06502376149309322,0.07320875429012
Sgce,-0.017191772836392505,0.017191772836392505,0.6360709710696159
Limk1,-0.008591242487782987,0.008591242487782987,0.813076725782785
Peg10,0.033121678539896546,0.033121678539896546,0.3618482611930415
Gtf2ird1,0.018569759319770326,0.018569759319770326,0.6092569661603929
Gm14403,0.025914074854182245,0.025914074854182245,0.47563189844874776
Stx1a,0.0009664526290367908,0.0009664526290367908,0.9787792421143028
Nfatc2,0.04513119062358401,0.04513119062358401,0.21395391526339302
Akap7,-0.019977022109509975,0.019977022109509975,0.5824038246425897
Arg1,0.004435935205777149,0.004435935205777149,0.9028280525450162
Ppp4r1l-ps,-0.07257661676430473,0.07257661676430473,0.04548469658350885
Nespas,-0.0658333183245092,0.0658333183245092,0.06969618666381826
Stard13,0.03597600629610096,0.03597600629610096,0.321940427907361
Gls2,-0.06350331087364681,0.06350331087364681,0.08019599154634913
1700028E10Rik,-0.0658333183245092,0.0658333183245092,0.06969618666381826
Rfc3,-0.04788999551330662,0.04788999551330662,0.18722938598745079
Enpp1,0.048418413290142744,0.048418413290142744,0.18240431948611324
Phactr2,0.08142022655035877,0.08142022655035877,0.024791647201585065
Hspb1,-0.03719929301815475,0.03719929301815475,0.30575014405271245
Ccdc132,-0.0033678255353517027,0.0033678255353517027,0.926148264586676
Rasa4,0.013113035237617643,0.013113035237617643,0.718157811797131
LOC100504608,-0.02149722445876629,0.02149722445876629,0.5540310762581069
Srcrb4d,0.04634365889997844,0.04634365889997844,0.2018886020142906
Zhx3,-0.0657074364836084,0.0657074364836084,0.07023312747725388
Plcg1,0.046872014656848156,0.046872014656848156,0.19678869762478687
Edn3,0.013130301419853113,0.013130301419853113,0.7178025406240909
Gng11,0.00290887508746138,0.00290887508746138,0.9361892762824177
Gm14393,-0.021497224458766295,0.021497224458766295,0.5540310762581069
Lpin3,0.033121678539896546,0.033121678539896546,0.3618482611930415
Gm14322,-0.014966765398847337,0.014966765398847337,0.6803766724787923
Zfp113,-0.036609806663006776,0.036609806663006776,0.313483560391202
Gm10825,0.033121678539896546,0.033121678539896546,0.3618482611930415
Zfp12,0.024733426031612247,0.024733426031612247,0.495975688736987
Rbak,-0.027469345245498253,0.027469345245498253,0.4495449901645605
Ocstamp,0.033121678539896525,0.033121678539896525,0.3618482611930415
Arhgap9,-0.0781066080588856,0.0781066080588856,0.0313189723308976
Gm3925,-0.0020645990220843555,0.0020645990220843555,0.9546858391431687
Rnf216,0.12401382090701264,0.12401382090701264,0.000611564695579064
Fscn1,0.005773514109776259,0.005773514109776259,0.8737443975195625
Mtap7,-0.04563275923686605,0.04563275923686605,0.2089012930193478
Zkscan5,-0.024664563407323287,0.024664563407323287,0.49717639882236114
Slc29a4,-0.037248262447241456,0.037248262447241456,0.3051134475483676
Slc2a10,0.03248112679607837,0.03248112679607837,0.37121225106733463
Zfp498,0.045886900029460505,0.045886900029460505,0.20637435741198093
Eya2,0.03155623359699638,0.03155623359699638,0.3849949567019059
Sulf2,-0.03336662289768809,0.03336662289768809,0.35830690632492607
Papolb,0.013130301419853115,0.013130301419853115,0.7178025406240909
Radil,0.013130301419853118,0.013130301419853118,0.7178025406240909
C330006K01Rik,0.013152502315683073,0.013152502315683073,0.7173458216527598
Zfp316,0.036328157260931,0.036328157260931,0.31722345987365
Stac3,0.013130301419853116,0.013130301419853116,0.7178025406240909
Map3k5,0.05250449993503673,0.05250449993503673,0.14815919334226732
Matn4,-0.10966577639360536,0.10966577639360536,0.002466378345795314
Baiap2l1,0.06369554968736477,0.06369554968736477,0.07928376054024773
Ube2c,0.003374139088287443,0.003374139088287443,0.926010213519249
Hebp2,0.013130301419853118,0.013130301419853118,0.7178025406240909
1700012D01Rik,-0.003452988917494863,0.003452988917494863,0.9242862852588143
Pms2,0.06024310576311022,0.06024310576311022,0.09700266234171395
Snx21,0.02597784510465321,0.02597784510465321,0.4745462261919838
Pex7,0.07767902291951086,0.07767902291951086,0.032260000614663206
D130017N08Rik,0.013130301419853115,0.013130301419853115,0.7178025406240909
Txlnb,0.013130301419853115,0.013130301419853115,0.7178025406240909
Lrp1,-0.07569220244898785,0.07569220244898785,0.0369560836597431
Smurf1,0.027554689403564456,0.027554689403564456,0.44813731937331136
Zswim3,0.00549217633036849,0.00549217633036849,0.8798488907190057
Tmem194,0.031800639289682825,0.031800639289682825,0.3813228261474083
Ndufa4l2,-0.004752545510454682,0.004752545510454682,0.8959305783465252
Nhsl1,0.018436935713133994,0.018436935713133994,0.6118196301374766
Ctsa,-0.013508497844438395,0.013508497844438395,0.7100361193624838
0610040B10Rik,0.004610773678254783,0.004610773678254783,0.8990181919696536
Ccdc28a,-0.0019034364703215247,0.0019034364703215247,0.9582196964288571
Nptx2,-0.04021237930918098,0.04021237930918098,0.2682066252352053
Sdk1,0.03312167853989654,0.03312167853989654,0.3618482611930415
Slpi,0.15377378343992543,0.15377378343992543,2.0661396899228402e-05
Mbd6,0.03622893121173374,0.03622893121173374,0.31854796639639493
Adap1,-0.005180873149190455,0.005180873149190455,0.8866118768665547
Wisp2,0.03312167853989655,0.03312167853989655,0.3618482611930415
Pdgfa,-0.027541290481088554,0.027541290481088554,0.44835815636368387
Fam20c,-0.1101154076201248,0.1101154076201248,0.0023663744040927463
Slc46a3,0.053477523483423564,0.053477523483423564,0.14077772820026566
A430033K04Rik,0.0022182300455340933,0.0022182300455340933,0.9513179543181172
Zfp68,-0.04690322200448198,0.04690322200448198,0.19649044356482726
6330418K02Rik,0.049799898843063135,0.049799898843063135,0.1702254508350246
Hivep2,0.04554706950261824,0.04554706950261824,0.20975833393575866
Mtus2,-0.009973209147524281,0.009973209147524281,0.7837029559123186
Mblac1,-0.06350331087364683,0.06350331087364683,0.08019599154634913
A530013C23Rik,0.013130301419853115,0.013130301419853115,0.7178025406240909
2210417A02Rik,0.018581295022800773,0.018581295022800773,0.6090346243526004
Pard6b,-0.01208010066113184,0.01208010066113184,0.739519764673029
Ap4m1,-0.002719652773351985,0.002719652773351985,0.9403321633790749
Katnal1,0.02013152221810527,0.02013152221810527,0.579489589977078
Gm15408,0.033121678539896525,0.033121678539896525,0.3618482611930415
Mocs3,-0.060827114930561754,0.060827114930561754,0.09380098132751426
Slc26a10,-0.02578749868993594,0.02578749868993594,0.47779084693288115
5730422E09Rik,-0.009973209147524307,0.009973209147524307,0.7837029559123186
Prim1,-0.012732331751984604,0.012732331751984604,0.7260065470903624
Snai1,-0.007241755358878157,0.007241755358878157,0.8420160138563126
Rasl11a,0.026370664437078924,0.026370664437078924,0.4678886245154976
Gpr126,0.018578543831165608,0.018578543831165608,0.6090876481843585
Amz1,0.04256563616622648,0.04256563616622648,0.2411756358826938
Fam54a,0.033121678539896546,0.033121678539896546,0.3618482611930415
Kif5a,0.033121678539896546,0.033121678539896546,0.3618482611930415
Iqce,0.04605467993322197,0.04605467993322197,0.20471829788371879
Pde7b,0.04615357369512795,0.04615357369512795,0.20374670339772202
Ahi1,0.04492677423749685,0.04492677423749685,0.21603816843716478
D5Ertd605e,0.013130301419853116,0.013130301419853116,0.7178025406240909
Mad1l1,0.01199522074404071,0.01199522074404071,0.7412843653128574
Znfx1,0.008163141609661388,0.008163141609661388,0.8222316387782462
Kcnb1,-0.07597382812316227,0.07597382812316227,0.03625698686121557
Micall2,-0.06350331087364676,0.06350331087364676,0.08019599154635042
Uncx,-0.06350331087364681,0.06350331087364681,0.08019599154634913
Ptgis,-0.14119650110539217,0.14119650110539217,9.3955001498804e-05
Mtif3,-0.05177229657548895,0.05177229657548895,0.15390564320785236
Arhgef25,-0.01807584657309819,0.01807584657309819,0.6188103267134261
Flt3,0.011118431192048563,0.011118431192048563,0.7595902271772251
Zbtb39,-0.04778730658910291,0.04778730658910291,0.18817787180950826
Crybb1,0.056359160539025926,0.056359160539025926,0.1205685853187368
Wbscr16,-0.018717939614086,0.018717939614086,0.606403651287321
Gm14327,0.032726654839824454,0.032726654839824454,0.36760537102752033
A430107O13Rik,0.06847362117553382,0.06847362117553382,0.05918786840847003
Zbtb46,0.04474421573657207,0.04474421573657207,0.2179118550206058
Avpr1a,0.030695622750222484,0.030695622750222484,0.3980962196264961
Ksr2,0.03312167853989653,0.03312167853989653,0.3618482611930415
Tube1,0.038401986860878465,0.038401986860878465,0.2903668522357309
Vsig10,0.052640515035507505,0.052640515035507505,0.1471099775140408
E130307A14Rik,-0.04278388935521439,0.04278388935521439,0.23876930084802955
Gm16119,0.013130301419853116,0.013130301419853116,0.7178025406240909
Cit,0.04601708830310128,0.04601708830310128,0.20508850236211235
Znf512b,-0.02663154462008393,0.02663154462008393,0.4634958564098729
1110006O24Rik,0.034329636061808444,0.034329636061808444,0.34459578798709123
Wnt16,0.02943791928546992,0.02943791928546992,0.4177176329287658
Samd5,-0.006861075700190372,0.006861075700190372,0.8502200276793784
Sirt4,0.04352595112462008,0.04352595112462008,0.23071439560764412
Amd1,0.03479663872480239,0.03479663872480239,0.3380686612390424
Sox18,-0.011447845953238082,0.011447845953238082,0.7526962108426278
Epb4.1l1,0.018289136763821896,0.018289136763821896,0.614676807272262
Tspan12,-0.04704658028167555,0.04704658028167555,0.1951245886579761
Tesc,0.03297064825319038,0.03297064825319038,0.3640426980588493
Med13l,0.021242698516034768,0.021242698516034768,0.5587340922352242
Tbx3,0.013130301419853115,0.013130301419853115,0.7178025406240909
1700025K23Rik,0.04684677430313737,0.04684677430313737,0.19703016599754303
Acad10,0.018452154380964942,0.018452154380964942,0.611525763693508
Acad12,-0.09328740468150401,0.09328740468150401,0.010078150924905223
St7,0.014372980439701154,0.014372980439701154,0.6923972125984122
Mapkapk5,0.044558743482632744,0.044558743482632744,0.21982735668777206
Gm15800,0.03268324045012555,0.03268324045012555,0.3682415507681213
Ppm1h,0.028875060718520622,0.028875060718520622,0.426679828539048
Oas1a,0.037137349128047746,0.037137349128047746,0.30655679212708686
4921517L17Rik,0.021167900243820384,0.021167900243820384,0.5601198518168129
Sla2,0.00795090261696311,0.00795090261696311,0.8267794131530285
Oas1b,0.046040789853929454,0.046040789853929454,0.2048550316254278
Cttnbp2,0.02277192471449362,0.02277192471449362,0.5307728978891583
Oas1c,0.017256823079677627,0.017256823079677627,0.634794033414431
A130077B15Rik,0.013130301419853111,0.013130301419853111,0.7178025406240909
Oas3,-0.012068291435830412,0.012068291435830412,0.7397651894143307
Dtx1,0.0397792241959395,0.0397792241959395,0.2734001113276139
1110008J03Rik,0.033151215416693865,0.033151215416693865,0.3614200661023837
4930405A21Rik,-0.01208010066113185,0.01208010066113185,0.739519764673029
Wnt2,-0.06350331087364681,0.06350331087364681,0.08019599154634913
Tcea2,0.02242230275887431,0.02242230275887431,0.5371025675896534
Cdk19,-0.15791688275854118,0.15791688275854118,1.2211660743263345e-05
Srgap1,-0.06350331087364683,0.06350331087364683,0.08019599154634913
Prrt4,0.013130301419853118,0.013130301419853118,0.7178025406240909
Hey1,-0.07656825291643765,0.07656825291643765,0.034818274992720694
Cep57l1,-0.021204724879714764,0.021204724879714764,0.559437407824033
Tmem119,-0.022065100640832704,0.022065100640832704,0.5436083444094924
Zfp704,0.03400922856811252,0.03400922856811252,0.3491201052530574
Armc2,0.018581295022800752,0.018581295022800752,0.6090346243526004
Foxo3,-0.024054262380888765,0.024054262380888765,0.5078849917138023
Myl6,0.06469398825489533,0.06469398825489533,0.07468042959069955
Usp30,0.012027934544367843,0.012027934544367843,0.7406041043493166
Ust,-0.06350331087364676,0.06350331087364676,0.08019599154635042
Flnc,-0.015795710819467162,0.015795710819467162,0.6637307878869887
Ficd,0.05879701394480059,0.05879701394480059,0.10530636590588076
Cmklr1,0.03717773438718548,0.03717773438718548,0.30603072616239374
2900026A02Rik,0.025562993356226825,0.025562993356226825,0.48163324720147305
Kcp,0.033121678539896525,0.033121678539896525,0.3618482611930415
Adrbk2,-0.026363622661599244,0.026363622661599244,0.4680075139503104
Hps4,-0.007730092124721867,0.007730092124721867,0.8315170144618679
Srrd,-0.00175378258888025,0.00175378258888025,0.9615019352260564
Fabp5,-0.04597678662282107,0.04597678662282107,0.20548593482232996
Fam109a,0.035496813343810676,0.035496813343810676,0.32843209532265016
Ung,-0.014257028957110195,0.014257028957110195,0.6947536933107773
Acacb,0.0387837843556728,0.0387837843556728,0.28559402330961176
Wasf1,0.033121678539896525,0.033121678539896525,0.3618482611930415
Pcmtd2,0.07533803824555273,0.07533803824555273,0.03785148069180617
Sash1,0.008165305239465874,0.008165305239465874,0.8221853077661913
Arf5,-0.06777566869949098,0.06777566869949098,0.06182920742344453
Snd1,0.09225612070181993,0.09225612070181993,0.010941304184902577
Rnf10,-0.03307349395431745,0.03307349395431745,0.3625474721756728
Pkia,0.013130301419853115,0.013130301419853115,0.7178025406240909
Cabp1,-0.06350331087364681,0.06350331087364681,0.08019599154634913
Gm15708,0.03853811971350707,0.03853811971350707,0.28865895486270854
Phf20,-0.018645767546919628,0.018645767546919628,0.6077926300618691
4930515G01Rik,-0.11013616353384201,0.11013616353384201,0.0023618487575947037
Tchp,0.009117645274385392,0.009117645274385392,0.80185460500393
Fam164a,0.05758957218621576,0.05758957218621576,0.11266255752926052
Trpv4,-0.06350331087364683,0.06350331087364683,0.08019599154634913
Ube3b,-0.0140923465365446,0.0140923465365446,0.6981055933315475
Myo1h,0.05744416399711251,0.05744416399711251,0.11357506615481577
Rbm39,0.15986358079246613,0.15986358079246613,9.493864420167745e-06
Gm6194,0.033121678539896546,0.033121678539896546,0.3618482611930415
Ppil6,0.05845808959928474,0.05845808959928474,0.10733173547716389
Gm14325,0.07671103550575008,0.07671103550575008,0.03448003159312883
Myl2,0.03312167853989655,0.03312167853989655,0.3618482611930415
Cav1,-0.0013964022116193851,0.0013964022116193851,0.9693426040503743
Lrig3,0.046813178111190304,0.046813178111190304,0.19735190842614517
Gtpbp5,0.024011451806201317,0.024011451806201317,0.5086406717056411
2410018M08Rik,0.03632815726093099,0.03632815726093099,0.31722345987365
Lama5,-0.04932635325947543,0.04932635325947543,0.17432968353180825
C1galt1,0.0538121784975929,0.0538121784975929,0.13830529120703175
Phkg1,0.018581295022800776,0.018581295022800776,0.6090346243526004
Cables2,0.012615022126465933,0.012615022126465933,0.7284308927348526
Slco4a1,0.002473579401311461,0.002473579401311461,0.9457221583860336
1600027N09Rik,0.013003795397220894,0.013003795397220894,0.7204069516645931
Slc16a7,0.01254856310613378,0.01254856310613378,0.729805554813285
Col9a3,0.007950902616963108,0.007950902616963108,0.8267794131530285
Col28a1,-0.06350331087364677,0.06350331087364677,0.08019599154635042
Hey2,0.04687201465684815,0.04687201465684815,0.19678869762478687
4933407H18Rik,-0.08304922497035251,0.08304922497035251,0.022038878433353185
Zfp11,0.01313030141985312,0.01313030141985312,0.7178025406240909
D630003M21Rik,0.013130301419853116,0.013130301419853116,0.7178025406240909
Mmp17,0.03614198773001972,0.03614198773001972,0.31971148736567495
Lbp,-0.016746932141157776,0.016746932141157776,0.6448319920348172
4930579G22Rik,-0.009973209147524267,0.009973209147524267,0.7837029559123186
Vkorc1l1,0.061883854746508454,0.061883854746508454,0.08822309512102978
Lsm14b,-0.017247044816440817,0.017247044816440817,0.6349859118100479
Gatsl2,0.01854291870641518,0.01854291870641518,0.6097744377376463
Auts2,0.013130301419853113,0.013130301419853113,0.7178025406240909
Fam83d,0.018581295022800783,0.018581295022800783,0.6090346243526004
Asb4,0.013130301419853116,0.013130301419853116,0.7178025406240909
Wbscr17,0.033724879960210896,0.033724879960210896,0.35316663478262794
Tyw1,0.033412369235619396,0.033412369235619396,0.3576479345654297
Dync1i1,0.013130301419853115,0.013130301419853115,0.7178025406240909
Ptprk,-0.08983726893085821,0.08983726893085821,0.013227770934179544
Tti1,-0.053485362869113595,0.053485362869113595,0.1407194253060047
Zfp931,0.018548897358020046,0.018548897358020046,0.6096591559046524
Trmt11,-0.027436626068271137,0.027436626068271137,0.45008532475532026
Slc25a13,-0.012166793903561447,0.012166793903561447,0.7377188778613022
Timeless,-0.08583161295617617,0.08583161295617617,0.01794804169226652
Sycp2,0.033121678539896525,0.033121678539896525,0.3618482611930415
Apon,-0.08986646357438076,0.08986646357438076,0.013197834056651266
9030418K01Rik,0.03312167853989654,0.03312167853989654,0.3618482611930415
Crcp,-0.04144143027299982,0.04144143027299982,0.2538403221303756
Tac1,0.013657098021377864,0.013657098021377864,0.706992706891791
Kctd7,0.029437919285469925,0.029437919285469925,0.4177176329287658
Stx2,-0.0061636344548487414,0.0061636344548487414,0.865292002943354
5930412G12Rik,-0.06350331087364683,0.06350331087364683,0.08019599154634913
4930503E24Rik,0.02383399293853016,0.02383399293853016,0.5117793866883137
Ptk6,0.03312167853989654,0.03312167853989654,0.3618482611930415
Kntc1,0.032726654839824454,0.032726654839824454,0.36760537102752033
Srms,0.033121678539896525,0.033121678539896525,0.3618482611930415
A830082N09Rik,0.01313030141985312,0.01313030141985312,0.7178025406240909
Clip1,0.017671627916607566,0.017671627916607566,0.6266770227924413
Vps33a,0.007213928056874431,0.007213928056874431,0.8426151508344113
Gmeb2,-0.06774834859242257,0.06774834859242257,0.061934546847171854
Mlxip,0.017914623961021288,0.017914623961021288,0.6219428026528909
Eef1a2,0.011215108126504413,0.011215108126504413,0.7575649602295542
Rtel1,0.01196960954396156,0.01196960954396156,0.7418170734993945
Dsn1,-0.020570425636305747,0.020570425636305747,0.5712483176578089
Tmem120b,0.019111263521119557,0.019111263521119557,0.5988590151930228
Fam26e,-0.04083755289565996,0.04083755289565996,0.2608307976715266
P2rx7,-0.0018210986544691717,0.0018210986544691717,0.9600254619285716
Ift81,0.030778083456759305,0.030778083456759305,0.3968294105313641
Dse,0.04108261128174729,0.04108261128174729,0.2579781477754518
Tspyl4,-0.00666242395625067,0.00666242395625067,0.8545076582903685
Nt5dc1,0.05845678501318025,0.05845678501318025,0.10733959059608891
Foxp2,0.022643923815117196,0.022643923815117196,0.533085876916102
Ccdc63,0.013130301419853113,0.013130301419853113,0.7178025406240909
Col20a1,-0.08886561322716238,0.08886561322716238,0.014258922753406712
Ppp1r3a,0.03312167853989654,0.03312167853989654,0.3618482611930415
Dhx37,0.0004858950769231342,0.0004858950769231342,0.9893300838374309
Shprh,0.003614254681607201,0.003614254681607201,0.9207615750336297
Tpd52l1,0.033121678539896525,0.033121678539896525,0.3618482611930415
Ica1,0.03312167853989654,0.03312167853989654,0.3618482611930415
Ccdc92,-0.0011255640628326053,0.0011255640628326053,0.9752866099116568
Tctn2,0.03683077523343597,0.03683077523343597,0.3105697714890991
Rnf217,-0.08976844722600734,0.08976844722600734,0.013298579560163531
Nkain2,0.033121678539896525,0.033121678539896525,0.3618482611930415
Src,0.018170412723223266,0.018170412723223266,0.6169761587505337
Rilpl1,0.03513787476745237,0.03513787476745237,0.3333497759656873
Thsd7a,-0.007015962243798146,0.007015962243798146,0.8468800675132903
Snrnp35,-0.015946294153914818,0.015946294153914818,0.6607243517018012
Gm5177,0.03312167853989654,0.03312167853989654,0.3618482611930415
Rab32,0.026201717482436375,0.026201717482436375,0.47074563272690717
1110019D14Rik,-0.02683638502433311,0.02683638502433311,0.46006283494804834
Arl6ip4,-0.016656300478995675,0.016656300478995675,0.6466230618968625
Ythdf1,-0.09015230441878,0.09015230441878,0.012907869794461601
Trdn,0.033121678539896525,0.033121678539896525,0.3618482611930415
Blcap,0.008683267189315414,0.008683267189315414,0.8111120615486236
4933411E08Rik,0.013130301419853121,0.013130301419853121,0.7178025406240909
Dram1,0.043781118920638795,0.043781118920638795,0.22798965911129943
4930583H14Rik,-0.02208565941276083,0.02208565941276083,0.5432328455413755
Acot11,0.013130301419853115,0.013130301419853115,0.7178025406240909
Heatr8,0.022772372094156494,0.022772372094156494,0.5307648226518682
2010016I18Rik,-0.00997320914752427,0.00997320914752427,0.7837029559123186
Slc39a3,-0.010482754892845732,0.010482754892845732,0.7729472963625205
Slc35d1,-0.016951517530650644,0.016951517530650644,0.6407965268441941
Wdr78,0.03312167853989654,0.03312167853989654,0.3618482611930415
Lepr,0.07007479474823744,0.07007479474823744,0.053480178048701955
Dnajc6,0.013130301419853115,0.013130301419853115,0.7178025406240909
Ak4,0.013130301419853116,0.013130301419853116,0.7178025406240909
Chi3l3,-0.012845185086540808,0.012845185086540808,0.7236768783074761
0610043K17Rik,0.013130301419853115,0.013130301419853115,0.7178025406240909
Dennd2d,-0.019614479760318517,0.019614479760318517,0.5892689003467717
Raver2,-0.06350331087364683,0.06350331087364683,0.08019599154634913
Cachd1,0.0345002229122958,0.0345002229122958,0.3422023138060749
Pgm2,-0.050561558186321215,0.050561558186321215,0.16377637477222573
Efcab7,-0.021497224458766284,0.021497224458766284,0.5540310762581069
Itgb3bp,-0.05053322681775336,0.05053322681775336,0.16401292238954646
Ccdc38,-0.06350331087364681,0.06350331087364681,0.08019599154634913
Foxd3,0.013130301419853118,0.013130301419853118,0.7178025406240909
Amdhd1,-0.05427605435685713,0.05427605435685713,0.13493356376330248
E130102H24Rik,0.04864628244295446,0.04864628244295446,0.18035224558384447
Gng7,0.03312167853989654,0.03312167853989654,0.3618482611930415
Ovgp1,-0.08986646357438076,0.08986646357438076,0.013197834056651266
Adora3,0.013130301419853121,0.013130301419853121,0.7178025406240909
Foxd2,0.0458869000294605,0.0458869000294605,0.20637435741198093
Lrig2,-0.032277849700638454,0.032277849700638454,0.37421497577665197
Ppm1j,0.04800235658135268,0.04800235658135268,0.18619560516329955
Usp44,0.013130301419853113,0.013130301419853113,0.7178025406240909
Amh,-0.03564258427578985,0.03564258427578985,0.32644841882828163
Jsrp1,-0.011306024280263418,0.011306024280263418,0.7556618887803424
Cc2d1b,-0.06201744745703536,0.06201744745703536,0.08753734968881738
St7l,0.03515449914909501,0.03515449914909501,0.3331209695941462
Orc1,0.021967862972629475,0.021967862972629475,0.5453861016216189
Cttnbp2nl,0.012553283300814474,0.012553283300814474,0.7297078919698299
Echdc2,0.01855828006848018,0.01855828006848018,0.6094782556631773
Podn,-0.04967261358662756,0.04967261358662756,0.1713214661478022
Cpt2,-0.046015551852799846,0.046015551852799846,0.20510364373608525
3110056O03Rik,0.04249660359873658,0.04249660359873658,0.24194028498845863
Lrp8,0.033121678539896525,0.033121678539896525,0.3618482611930415
6530418L21Rik,0.04679273195684297,0.04679273195684297,0.19754790395656732
Tmem48,0.0296144893294705,0.0296144893294705,0.4149291445198558
Lmnb2,0.028322519259077056,0.028322519259077056,0.4355856112983512
2210012G02Rik,-0.002264057953845611,0.002264057953845611,0.9503134845161754
Ntn4,0.013130301419853118,0.013130301419853118,0.7178025406240909
Cyb5rl,0.03272665483982447,0.03272665483982447,0.36760537102752033
Dock7,0.013155347451469313,0.013155347451469313,0.7172872985303721
9130206I24Rik,0.01758668676087045,0.01758668676087045,0.6283355466875313
E130114P18Rik,0.013130301419853116,0.013130301419853116,0.7178025406240909
Kcna3,0.01313030141985312,0.01313030141985312,0.7178025406240909
Cntln,-0.02106060402682133,0.02106060402682133,0.5621105870257239
Bnc2,0.01313030141985312,0.01313030141985312,0.7178025406240909
Amigo1,0.029616388535356305,0.029616388535356305,0.4148992110622742
Cyb561d1,0.02299233077864715,0.02299233077864715,0.5268021026385962
Atxn7l2,0.01630804526463912,0.01630804526463912,0.653524263886363
Psma5,0.04781532093570422,0.04781532093570422,0.18791876716391193
Zdhhc21,-0.004644781680494968,0.004644781680494968,0.8982773992259694
Nfib,0.014973226250757846,0.014973226250757846,0.6802463173975022
Mpdz,-0.0337569181131276,0.0337569181131276,0.3527092296951248
Adamtsl1,-0.02341776460726369,0.02341776460726369,0.5191806026655457
D4Bwg0951e,-0.036399690543893325,0.036399690543893325,0.3162708456922714
Ptprd,0.029979513672699062,0.029979513672699062,0.4091994211177271
Itgb1bp3,0.032726654839824454,0.032726654839824454,0.36760537102752033
Kdm4c,0.03308320445732075,0.03308320445732075,0.3624064942685273
C630043F03Rik,-0.08715378060574402,0.08715378060574402,0.016248583535571
Megf9,-0.05427605435685716,0.05427605435685716,0.13493356376330248
Psrc1,-0.07364885783172817,0.07364885783172817,0.04237950881512861
Cdk5rap2,-0.039859505703351034,0.039859505703351034,0.2724323995680401
Tlr4,0.011620120639545047,0.011620120639545047,0.7490986182817894
Celsr2,-0.021530473115176314,0.021530473115176314,0.5534181536432418
Sort1,-0.08976181429061683,0.08976181429061683,0.013305421627709597
2310050B05Rik,0.032726654839824454,0.032726654839824454,0.36760537102752033
Haus6,0.09050886502411143,0.09050886502411143,0.012554060128257452
Gm17745,-0.08984455834571792,0.08984455834571792,0.013220290588717836
AI504432,0.014748511801180357,0.014748511801180357,0.6847857662743955
Cyp2j6,0.046948498622248154,0.046948498622248154,0.19605831473765703
Hal,0.013130301419853116,0.013130301419853116,0.7178025406240909
Hook1,0.09486953122947261,0.09486953122947261,0.008871357998454881
Fggy,0.019295815228421505,0.019295815228421505,0.595333695437689
Slc6a17,0.01313030141985311,0.01313030141985311,0.7178025406240909
Mysm1,0.07795278165441137,0.07795278165441137,0.031654770236197026
Gstm7,0.013130301419853113,0.013130301419853113,0.7178025406240909
Tek,-0.004629531178390519,0.004629531178390519,0.8986095884108768
Plaa,0.06544018141840877,0.06544018141840877,0.07138431942156954
Gstm2,-0.011737004082310085,0.011737004082310085,0.7466608485113463
Tusc1,0.02002068742513584,0.02002068742513584,0.5815795022953757
Cdkn2b,0.0647039966611958,0.0647039966611958,0.0746354129513015
Cdkn2a,0.027613158725200513,0.027613158725200513,0.44717436766558866
Gstm4,0.047497085891502276,0.047497085891502276,0.19087761651104238
Pias4,0.07825322573953293,0.07825322573953293,0.031001754629005413
Klhl9,-0.01760167335889591,0.01760167335889591,0.6280427885242992
Ampd2,0.033600244385576225,0.033600244385576225,0.3549496017993387
Ptplad2,0.031024485544538818,0.031024485544538818,0.3930585290592204
Gnat2,0.033121678539896546,0.033121678539896546,0.3618482611930415
Acer2,-0.045269918037791144,0.045269918037791144,0.21254770480290217
Cyp2j9,0.018538371751816662,0.018538371751816662,0.6098621197072834
Magi3,0.012400030362887622,0.012400030362887622,0.732880987581233
A130049A11Rik,0.04282998692921283,0.04282998692921283,0.23826322556592305
Stil,-0.00206459902208436,0.00206459902208436,0.9546858391431687
Mfsd2a,0.0007789367065341803,0.0007789367065341803,0.9828958933148181
Efna2,-0.06350331087364677,0.06350331087364677,0.08019599154635042
Prkab2,0.056739732280134104,0.056739732280134104,0.11807822828423954
Mum1,0.016059555028008377,0.016059555028008377,0.6584666599975246
Pde4dip,0.07797552116394632,0.07797552116394632,0.03160493738058248
Zfp69,-0.009973209147524281,0.009973209147524281,0.7837029559123186
Gamt,0.031517991309351186,0.031517991309351186,0.385571482750212
Cited4,0.03421070218699604,0.03421070218699604,0.3462708194460305
Hmgcs2,0.013130301419853116,0.013130301419853116,0.7178025406240909
Fmo5,0.031997771017476515,0.031997771017476515,0.37837666241000156
Wars2,0.03293911982877334,0.03293911982877334,0.3645018447404994
Wdr3,0.07170890347878772,0.07170890347878772,0.0481356755043519
Ccdc41,-0.06622310857617278,0.06622310857617278,0.06805485777438974
Hivep3,-0.04040046849665491,0.04040046849665491,0.2659726544537178
Guca2b,0.03272665483982447,0.03272665483982447,0.36760537102752033
Foxj3,0.014295374400508497,0.014295374400508497,0.6939740720931766
AA415398,0.01313030141985312,0.01313030141985312,0.7178025406240909
Trim45,-0.0635033108736468,0.0635033108736468,0.08019599154635042
Zmynd12,0.013130301419853115,0.013130301419853115,0.7178025406240909
Ppcs,0.029123598808274125,0.029123598808274125,0.4227087266811185
Scmh1,0.041659786493348186,0.041659786493348186,0.25134496907319986
Mycl1,0.013130301419853121,0.013130301419853121,0.7178025406240909
Trit1,0.029948331725412208,0.029948331725412208,0.40968703561295317
Heyl,0.013130301419853115,0.013130301419853115,0.7178025406240909
Eif2c3,0.010581803493242618,0.010581803493242618,0.7708615178901732
Hist2h3c1,-0.03495403696025596,0.03495403696025596,0.33588673699575144
Col8a2,-0.025198277881768066,0.025198277881768066,0.4879109453573923
Hist2h4,-0.030441853666052267,0.030441853666052267,0.4020099970305858
Hist2h2bb,-0.061898302971538866,0.061898302971538866,0.08814872303228836
Hfe2,0.046872014656848156,0.046872014656848156,0.19678869762478687
E130317F20Rik,0.010725913269878352,0.010725913269878352,0.767829789800745
Oscp1,0.013130301419853115,0.013130301419853115,0.7178025406240909
BC005764,-0.06350331087364681,0.06350331087364681,0.08019599154634913
Csf3r,-0.02353070354993929,0.02353070354993929,0.5171669265800208
Elane,0.026163457281155617,0.026163457281155617,0.4713939708319289
5730420D15Rik,0.013130301419853118,0.013130301419853118,0.7178025406240909
Dnali1,0.018581295022800773,0.018581295022800773,0.6090346243526004
Lix1l,-0.007492039129571065,0.007492039129571065,0.8366314105068741
6330549D23Rik,-0.021530473115176293,0.021530473115176293,0.5534181536432469
Itga10,0.01849077143337644,0.01849077143337644,0.61078036387318
Gja5,0.01832423654606741,0.01832423654606741,0.6139977447217677
Sf3a3,-0.01744635440247094,0.01744635440247094,0.6310797187133228
Fhl3,-0.09267225802688854,0.09267225802688854,0.010585417297980114
Pou3f1,0.02551147085412675,0.02551147085412675,0.48251741417380134
Bmp8a,0.033121678539896525,0.033121678539896525,0.3618482611930415
Cldn19,0.013130301419853118,0.013130301419853118,0.7178025406240909
Ttf2,0.010927978425006918,0.010927978425006918,0.7635847912866655
Lepre1,0.04912394048405473,0.04912394048405473,0.17610632784530253
Cd101,0.01313030141985312,0.01313030141985312,0.7178025406240909
Mmachc,-0.03365759139696076,0.03365759139696076,0.3541285242349441
AV051173,0.013130301419853115,0.013130301419853115,0.7178025406240909
Olfml3,-0.09382421433603792,0.09382421433603792,0.009653258924120934
Adat3,-0.010115602747426327,0.010115602747426327,0.7806930123424737
Hipk1,0.06492297981412523,0.06492297981412523,0.07365597774072442
C530005A16Rik,0.046343658899978435,0.046343658899978435,0.2018886020142906
Tmem69,0.03269990324937035,0.03269990324937035,0.3679972989231102
Ipp,0.05210362254561501,0.05210362254561501,0.1512847393740156
Pik3r3,0.013130301419853118,0.013130301419853118,0.7178025406240909
Dclre1b,0.02439807666646399,0.02439807666646399,0.5018374689356354
Pomgnt1,0.060461976190586415,0.060461976190586415,0.09579269188495862
1520402A15Rik,0.03272665483982446,0.03272665483982446,0.36760537102752033
Gm15471,0.01858129502280075,0.01858129502280075,0.6090346243526004
Rad54l,0.04634365889997845,0.04634365889997845,0.2018886020142906
Nsun4,0.048937501912341606,0.048937501912341606,0.17775464938974936
Ap4b1,-0.003892668708533329,0.003892668708533329,0.9146801037113038
Mob3c,0.008606913869639382,0.008606913869639382,0.812742069215225
4930544O15Rik,0.033121678539896525,0.033121678539896525,0.3618482611930415
Cyp4b1,0.009275450572825446,0.009275450572825446,0.7984982511251146
Bcl2l15,0.06123206668120859,0.06123206668120859,0.09163101600382961
Tal1,0.013130301419853118,0.013130301419853118,0.7178025406240909
Ccdc163,0.029594712011588788,0.029594712011588788,0.4152409312940691
Trim32,0.005505755841674073,0.005505755841674073,0.8795540744692129
Tesk2,0.013003795397220897,0.013003795397220897,0.7204069516645931
Atg4a,0.011616930151612082,0.011616930151612082,0.7491651956479563
D4Ertd617e,0.03312167853989653,0.03312167853989653,0.3618482611930415
Pcsk4,0.04736605443628698,0.04736605443628698,0.1921058022126081
Ptgfrn,0.012974617749831737,0.012974617749831737,0.7210081002115711
Tie1,0.024518338807045903,0.024518338807045903,0.4997311325741171
Cdc20,-0.07807548080778857,0.07807548080778857,0.03138667483718009
Reep6,0.046872014656848156,0.046872014656848156,0.19678869762478687
Igsf3,-0.060100875463059304,0.060100875463059304,0.09779546385676047
Ptprf,0.04674855409101794,0.04674855409101794,0.1979718755148042
Slc22a15,0.04490195320462031,0.04490195320462031,0.21629223653467414
Adamtsl5,0.035871095047170336,0.035871095047170336,0.32335447431446707
St3gal3,0.035154438081867384,0.035154438081867384,0.3331218098956166
Artn,0.03312167853989653,0.03312167853989653,0.3618482611930415
Ipo13,0.009660345411357702,0.009660345411357702,0.7903276278593402
Mex3d,0.0005538455772118365,0.0005538455772118365,0.9878380466239232
Slc6a9,0.046699385992184435,0.046699385992184435,0.19844451862906878
Casq2,-0.021646597351866963,0.021646597351866963,0.551280065554842
Vangl1,0.013130301419853115,0.013130301419853115,0.7178025406240909
Tmem53,0.01313030141985312,0.01313030141985312,0.7178025406240909
Ngf,-0.04797269287325023,0.04797269287325023,0.18646811691789264
Hectd3,-0.004277799613511041,0.004277799613511041,0.9062758718246869
Fgd6,0.05420592705413865,0.05420592705413865,0.1354391838569282
Mutyh,0.01054757108167365,0.01054757108167365,0.7715822024004607
Eif2c1,-0.035239218687922694,0.035239218687922694,0.33195652100548917
Tnc,0.025888424417807206,0.025888424417807206,0.4760689736860692
Atcay,0.013130301419853118,0.013130301419853118,0.7178025406240909
Slc17a8,0.013130301419853116,0.013130301419853116,0.7178025406240909
Atp6v0d2,0.03312167853989654,0.03312167853989654,0.3618482611930415
Wwp1,0.04873226413624667,0.04873226413624667,0.1795824020244126
Fam82b,0.06585575001739204,0.06585575001739204,0.06960085971856526
Ccdc109b,0.044435301918590145,0.044435301918590145,0.22110888979082907
Mmp16,-0.06350331087364683,0.06350331087364683,0.08019599154634913
A530072M11Rik,0.03312167853989653,0.03312167853989653,0.3618482611930415
Col25a1,-0.0635033108736468,0.0635033108736468,0.08019599154635042
Ric8b,0.019514629839598625,0.019514629839598625,0.5911661738324405
Elovl6,-0.09751616975695088,0.09751616975695088,0.007138252650951794
Decr1,0.02697813293579862,0.02697813293579862,0.4576955497122167
Tmem64,0.002419219265395403,0.002419219265395403,0.9469132068190453
Gm11837,0.018524203805352336,0.018524203805352336,0.6101353655430898
Tmem55a,0.03244738466070161,0.03244738466070161,0.37170964038445375
Runx1t1,0.037039338409825234,0.037039338409825234,0.3078359833972767
Lef1,-0.06487042387957233,0.06487042387957233,0.07389008021912384
Rbm12b,0.03431598125577643,0.03431598125577643,0.34478783586552436
Tmem67,0.02554487753671878,0.02554487753671878,0.48194402869987973
1700123M08Rik,-0.01208010066113184,0.01208010066113184,0.739519764673029
Pdp1,-0.018791767457844687,0.018791767457844687,0.6049842740007906
Gas2l3,-0.06800090741323056,0.06800090741323056,0.06096637152862747
5730508B09Rik,0.05410493242580623,0.05410493242580623,0.13616992333604072
4930528A17Rik,0.03272665483982447,0.03272665483982447,0.36760537102752033
C330046G13Rik,0.013130301419853113,0.013130301419853113,0.7178025406240909
Mob3b,0.004855626926881916,0.004855626926881916,0.8936865783440202
Chst11,-0.046543915385753386,0.046543915385753386,0.1999444443774769
Slc35a1,0.0032730107798829987,0.0032730107798829987,0.9282217323859351
Spaca1,-0.05572072268091104,0.05572072268091104,0.12483826921321674
Cnr1,0.033121678539896525,0.033121678539896525,0.3618482611930415
Ndst3,0.033121678539896525,0.033121678539896525,0.3618482611930415
Rragd,-0.13735616712967302,0.13735616712967302,0.00014561376861694955
Ugt8a,0.013130301419853118,0.013130301419853118,0.7178025406240909
Casp8ap2,0.1528071263023582,0.1528071263023582,2.331343793853141e-05
Slc41a2,0.046771506108095426,0.046771506108095426,0.19775152394525317
Ank2,0.013130301419853116,0.013130301419853116,0.7178025406240909
Appl2,-0.011259725867650765,0.011259725867650765,0.7566308304758727
1500009L16Rik,0.045050051293271665,0.045050051293271665,0.21477948197272154
Mms22l,0.019725990367765265,0.019725990367765265,0.5871533789032416
Scyl2,0.051146315117579125,0.051146315117579125,0.15895117976463735
Pou3f2,0.033121678539896546,0.033121678539896546,0.3618482611930415
4930422G04Rik,-0.003590814352666949,0.003590814352666949,0.9212738044960896
6230409E13Rik,0.013130301419853118,0.013130301419853118,0.7178025406240909
Nuak1,-0.0647203863110371,0.0647203863110371,0.07456174200699278
Alpk1,0.033121678539896525,0.033121678539896525,0.3618482611930415
Tifa,-0.1890413652523095,0.1890413652523095,1.5181554447432696e-07
Cdh17,-0.037190063783870596,0.037190063783870596,0.3058702402031993
3110043O21Rik,0.035354336974446586,0.035354336974446586,0.3303784617698724
Fhl4,0.013130301419853118,0.013130301419853118,0.7178025406240909
Dpy19l4,0.023027204348389632,0.023027204348389632,0.5261752165437171
Ddit4l,-0.025076174326149427,0.025076174326149427,0.4900224658815689
Nexn,0.03312167853989654,0.03312167853989654,0.3618482611930415
Syn3,0.032726654839824454,0.032726654839824454,0.36760537102752033
Mybpc1,-0.03564258427578984,0.03564258427578984,0.32644841882828163
Ifi44,0.03984941418333886,0.03984941418333886,0.2725539138468014
Eltd1,0.03186328809181053,0.03186328809181053,0.3803850105522452
Ttll7,0.07324283299792085,0.07324283299792085,0.0435336237871051
Spata1,0.03348800345037063,0.03348800345037063,0.35656010191960835
Ssx2ip,0.0029440424562817737,0.0029440424562817737,0.9354194985222153
Spic,0.06502284742092881,0.06502284742092881,0.07321280054292678
Gm10636,0.013130301419853118,0.013130301419853118,0.7178025406240909
Rg9mtd2,0.04923557965480323,0.04923557965480323,0.17512477468446233
Ddah1,-0.0020689437748946425,0.0020689437748946425,0.9545905825011785
Chpt1,0.02873767647545083,0.02873767647545083,0.4288842156288177
Tspan5,-0.044559537171728406,0.044559537171728406,0.21981913409514292
Stab2,0.013130301419853113,0.013130301419853113,0.7178025406240909
Gnptab,0.04840650052209895,0.04840650052209895,0.18251207316908485
Igf1,-0.03639558763928757,0.03639558763928757,0.3163254336756706
Ccbl2,0.04708016028273255,0.04708016028273255,0.1948056600028773
Nup37,0.02525307385830413,0.02525307385830413,0.4869649608820253
Mttp,0.033121678539896525,0.033121678539896525,0.3618482611930415
Fam73a,0.04552041664840686,0.04552041664840686,0.21002542444467504
4930539J05Rik,-0.03564258427578986,0.03564258427578986,0.32644841882828163
Fbxo7,0.01330289516678019,0.01330289516678019,0.7142545878597725
Cyp2u1,0.03272665483982446,0.03272665483982446,0.36760537102752033
Ccne2,-0.0104166416328042,0.0104166416328042,0.7743404305738413
Trp53inp1,-0.03240552184633014,0.03240552184633014,0.37232730885328374
Sgms2,-0.0031532803332186277,0.0031532803332186277,0.9308407652900262
2310030N02Rik,0.008991643738218771,0.008991643738218771,0.8045371518930621
Tox,0.013130301419853113,0.013130301419853113,0.7178025406240909
Dkk2,-0.023340551853231962,0.023340551853231962,0.5205596103294121
Aimp1,-0.03204253636938077,0.03204253636938077,0.37770959144958144
Tbck,0.047366054436286956,0.047366054436286956,0.1921058022126081
Plag1,-0.08986646357438076,0.08986646357438076,0.013197834056651266
Tmem68,0.01640997602894704,0.01640997602894704,0.6515012550318231
Depdc1a,0.04736605443628695,0.04736605443628695,0.1921058022126081
Ptger3,-0.03564258427578984,0.03564258427578984,0.32644841882828163
Negr1,0.013130301419853116,0.013130301419853116,0.7178025406240909
Lrriq3,0.01313030141985312,0.01313030141985312,0.7178025406240909
Fpgt,0.0204973992521731,0.0204973992521731,0.5726156639026178
Cryz,-0.049793349428897286,0.049793349428897286,0.17028171759949418
Tyw3,-0.05250898277350101,0.05250898277350101,0.14812452220105812
Slc44a5,0.03272665483982446,0.03272665483982446,0.36760537102752033
Bdh2,-0.024448332627057555,0.024448332627057555,0.5009566887929973
St6galnac3,0.06477370433264967,0.06477370433264967,0.07432248932301629
Rad54b,0.03432963606180846,0.03432963606180846,0.34459578798709123
Prss12,0.03638872135036898,0.03638872135036898,0.31641680150968593
Aco1,0.03604768276041733,0.03604768276041733,0.32097665623815785
Anks1b,0.06325780164333515,0.06325780164333515,0.08137336222006991
Zfp462,0.0314312819913327,0.0314312819913327,0.38688062767149245
Vav3,0.04273762117667469,0.04273762117667469,0.23927800980276973
Fktn,0.050788571887478,0.050788571887478,0.1618902224453449
Fsd1l,-0.06350331087364679,0.06350331087364679,0.08019599154635042
AI427809,0.007950902616963112,0.007950902616963112,0.8267794131530285
Zfp189,-0.06039286395505303,0.06039286395505303,0.09617345201965108
Prmt6,-0.0361781686395644,0.0361781686395644,0.31922695978490206
Baat,0.013130301419853115,0.013130301419853115,0.7178025406240909
Murc,0.018581295022800752,0.018581295022800752,0.6090346243526004
4930404N11Rik,0.056359160539025926,0.056359160539025926,0.1205685853187368
Amy1,0.028618243221507772,0.028618243221507772,0.43080593068477985
5730528L13Rik,0.03312167853989654,0.03312167853989654,0.3618482611930415
Invs,-0.002635473405830829,0.002635473405830829,0.9421757351173315
Col11a1,-0.1285521066048258,0.1285521066048258,0.0003810743691316849
Nr4a3,0.08039408778150528,0.08039408778150528,0.026674232416071683
Alg2,0.008907107258555213,0.008907107258555213,0.8063382066251735
Col15a1,-0.16758922002494148,0.16758922002494148,3.39411398994937e-06
Cdc14a,-0.01570545215246549,0.01570545215246549,0.6655354231130743
Dbt,0.08517851797934432,0.08517851797934432,0.018843423979810793
Trim14,0.06522193919242451,0.06522193919242451,0.07233579771435861
Tmeff1,0.042673623153339404,0.042673623153339404,0.2399829114204702
Slc25a24,0.04363776065950907,0.04363776065950907,0.22951763955580456
Lrrc45,0.03336861893857118,0.03336861893857118,0.35827813764696187
D730040F13Rik,0.032139256806337974,0.032139256806337974,0.37627078310711004
Whrn,-0.007410432947287283,0.007410432947287283,0.8383862590930972
Col27a1,0.03611139526855412,0.03611139526855412,0.32012154996227443
Rgs3,-0.04714536354482083,0.04714536354482083,0.19418747724995974
Hdhd3,0.01313030141985312,0.01313030141985312,0.7178025406240909
Wdr47,0.0756640578205801,0.0756640578205801,0.037026574321017636
Zfr2,0.013130301419853115,0.013130301419853115,0.7178025406240909
Apba3,0.011359371069594842,0.011359371069594842,0.7545459128586213
Slc31a2,0.033449601703861666,0.033449601703861666,0.35711216668581414
Mup3,-0.08986646357438066,0.08986646357438066,0.013197834056651266
Mir1931,0.05934831772749609,0.05934831772749609,0.10207663456800684
Susd1,0.06192930058342925,0.06192930058342925,0.08798933337545252
Gpsm2,-0.06350331087364677,0.06350331087364677,0.08019599154635042
Tbxa2r,0.0031393441074712976,0.0031393441074712976,0.9311456611242575
AI314180,0.05712080100517855,0.05712080100517855,0.11562515136988276
Lpar1,-0.024589224163152373,0.024589224163152373,0.49849180547456085
Musk,-0.00797678473429016,0.00797678473429016,0.8262245074452353
Mfsd12,0.013130301419853115,0.013130301419853115,0.7178025406240909
Aknad1,0.01313030141985312,0.01313030141985312,0.7178025406240909
Palm2,-0.06350331087364681,0.06350331087364681,0.08019599154634913
Epb4.1l4b,-0.021497224458766284,0.021497224458766284,0.5540310762581069
Fndc7,0.026312655621883514,0.026312655621883514,0.4688685108941922
Lrrc39,0.033121678539896546,0.033121678539896546,0.3618482611930415
5830415F09Rik,-0.040588861196951806,0.040588861196951806,0.26374792749743464
S1pr4,-0.02268132327711392,0.02268132327711392,0.5324095421141936
Tmod1,0.0008408907796007046,0.0008408907796007046,0.9815357221808502
Zfp873,0.04918963331140795,0.04918963331140795,0.1755282493074766
Tpm2,0.039863290070881706,0.039863290070881706,0.2723868406818732
Car9,0.033121678539896546,0.033121678539896546,0.3618482611930415
E130306D19Rik,-0.03564258427578983,0.03564258427578983,0.32644841882828163
AU041133,0.06121495552495732,0.06121495552495732,0.09172188553912108
Zfp938,0.050427660072215066,0.050427660072215066,0.1648965951813147
Unc13b,-0.06350331087364681,0.06350331087364681,0.08019599154634913
B230312A22Rik,0.08398309220025323,0.08398309220025323,0.02058366886557065
Fnbp1l,0.04218653688727315,0.04218653688727315,0.24539577387966177
Gm1987,0.01858129502280077,0.01858129502280077,0.6090346243526004
Ccl19,-0.016335529721667352,0.016335529721667352,0.65297853175475
Pde5a,-0.010786207536919733,0.010786207536919733,0.7665623895636009
Tdg,0.027479598524741397,0.027479598524741397,0.44937573992247826
Glt8d2,0.022625855902768062,0.022625855902768062,0.5334127737417821
Hcfc2,0.03642309424524723,0.03642309424524723,0.3159595840723201
Cntfr,-0.08630816125096206,0.08630816125096206,0.01731839068654323
2310028H24Rik,0.03147424083614097,0.03147424083614097,0.38623169330842194
1110017D15Rik,0.033121678539896546,0.033121678539896546,0.3618482611930415
Nol6,-0.02236754284214963,0.02236754284214963,0.538097377903353
Aqp3,-0.010320155567692729,0.010320155567692729,0.7763748795163953
Synpo2,0.013130301419853115,0.013130301419853115,0.7178025406240909
Arhgap29,-0.012894052178237105,0.012894052178237105,0.722668889409473
Tnfsf8,-0.002360294740197881,0.002360294740197881,0.9482043961907937
Creb3,0.04689691152679791,0.04689691152679791,0.19655072722978964
Gba2,-0.04967368875912426,0.04967368875912426,0.17131218612894522
Tdrd7,-0.04019096312740315,0.04019096312740315,0.2684618026906031
E230008N13Rik,0.013315526563362406,0.013315526563362406,0.7139951692447795
Slc35a3,0.07335580058853347,0.07335580058853347,0.043209886379871096
Shb,0.02202557442501188,0.02202557442501188,0.5443306390546574
Dcaf10,0.025834050214188765,0.025834050214188765,0.4769962188360548
Tle2,-0.03791158024613949,0.03791158024613949,0.2965755705192787
Frrs1,0.07112932270363133,0.07112932270363133,0.04997759097490288
Zbtb5,0.017985986237897284,0.017985986237897284,0.620555421083783
Ankrd24,0.00815235777225807,0.00815235777225807,0.8224625683279253
Snx7,-0.007778788947628947,0.007778788947628947,0.8304716677295773
Melk,0.018581295022800766,0.018581295022800766,0.6090346243526004
Dpyd,0.013130301419853111,0.013130301419853111,0.7178025406240909
Gm12504,-0.012559532794781315,0.012559532794781315,0.7295785940029401
Zfp433,0.01585795398160446,0.01585795398160446,0.6624874280385331
Ptbp2,-0.061715900132510736,0.061715900132510736,0.08909134983577471
5430416O09Rik,0.018448118841246742,0.018448118841246742,0.6116036822879177
Hrct1,0.0013802856993876617,0.0013802856993876617,0.969696264146834
Tmem8b,0.013130301419853116,0.013130301419853116,0.7178025406240909
Npr2,0.03203682389126281,0.03203682389126281,0.3777946756714529
Rwdd3,0.018581295022800773,0.018581295022800773,0.6090346243526004
Alg14,0.05502367887884427,0.05502367887884427,0.12963327478915607
Slc44a3,0.013130301419853113,0.013130301419853113,0.7178025406240909
Spon2,-0.033314293638214226,0.033314293638214226,0.35906163846627676
Clspn,0.05597624408082867,0.05597624408082867,0.12311550581994299
Psmb2,-0.004945695291809888,0.004945695291809888,0.8917265564391039
Dvl1,-0.04286396129807156,0.04286396129807156,0.23789072712547574
Cdk1,0.014700737682916075,0.014700737682916075,0.6857523227247854
Ank3,0.033121678539896525,0.033121678539896525,0.3618482611930415
Fgg,-0.06350331087364676,0.06350331087364676,0.08019599154635042
Fgb,-0.0898664635743807,0.0898664635743807,0.013197834056651266
2610204G22Rik,0.02698866110685322,0.02698866110685322,0.4575199948328327
Sfrp2,-0.06710857550405694,0.06710857550405694,0.06444403247602891
Gm5151,-0.06350331087364679,0.06350331087364679,0.08019599154635042
2310015B20Rik,0.013130301419853118,0.013130301419853118,0.7178025406240909
Tas1r3,0.01313030141985312,0.01313030141985312,0.7178025406240909
B930041F14Rik,0.058261004913438774,0.058261004913438774,0.10852357396583052
Fam13c,0.013130301419853115,0.013130301419853115,0.7178025406240909
Gm16023,0.011274139637041287,0.011274139637041287,0.7563291354424517
Slc35e2,0.029363637012669697,0.029363637012669697,0.41889402341661924
Phyhipl,0.013130301419853118,0.013130301419853118,0.7178025406240909
Tlr2,-0.05252141465004144,0.05252141465004144,0.1480284040244885
Mnd1,0.017336357064744685,0.017336357064744685,0.6332342522053548
Tmem52,-0.06350331087364679,0.06350331087364679,0.08019599154635042
2010015L04Rik,0.022772372094156477,0.022772372094156477,0.5307648226518682
Bicc1,0.055337505800464176,0.055337505800464176,0.12745706722693495
Mmp23,-0.08693856275029413,0.08693856275029413,0.016515211104516512
Gltpd1,0.045832821090165066,0.045832821090165066,0.20691020314869804
Rbm46,0.033121678539896525,0.033121678539896525,0.3618482611930415
Mtap9,0.03312167853989653,0.03312167853989653,0.3618482611930415
Gm9897,-0.0658333183245092,0.0658333183245092,0.06969618666381826
Mterf,-0.008110112321465848,0.008110112321465848,0.8233673775345276
Pex1,-0.009496691906928322,0.009496691906928322,0.7937989430270995
Zfp365,0.031118463655886577,0.031118463655886577,0.3916260367747619
1700109H08Rik,0.03312167853989654,0.03312167853989654,0.3618482611930415
Cdk6,0.009068361764034534,0.009068361764034534,0.8029035651810905
1700040L02Rik,0.032726654839824544,0.032726654839824544,0.3676053710275183
4930579G24Rik,0.06019543220959392,0.06019543220959392,0.09726782455866465
Plekhn1,0.013130301419853111,0.013130301419853111,0.7178025406240909
Tmem144,0.033121678539896546,0.033121678539896546,0.3618482611930415
AW011738,0.04865702571144792,0.04865702571144792,0.18025592138335503
Agrn,0.022239449156524427,0.022239449156524427,0.5404280239236356
9930005F22Rik,0.03312167853989653,0.03312167853989653,0.3618482611930415
9430015G10Rik,0.03876722129336528,0.03876722129336528,0.28579997258774126
Tnfrsf4,-0.03231508214251985,0.03231508214251985,0.3736638748883165
Tmem26,-0.06168515716599242,0.06168515716599242,0.08925101942419501
Fam198b,0.012368700298181977,0.012368700298181977,0.733530238596828
Glrb,-0.06350331087364683,0.06350331087364683,0.08019599154634913
Rhobtb1,0.1166529097429439,0.1166529097429439,0.0012747236686494825
Acap3,0.00862082637102817,0.00862082637102817,0.8124450014839119
Gucy1a3,-0.03394115934309132,0.03394115934309132,0.35008610451030253
Trim2,0.033121678539896525,0.033121678539896525,0.3618482611930415
Fzd1,-0.06350331087364679,0.06350331087364679,0.08019599154635042
Morn1,0.007950902616963105,0.007950902616963105,0.8267794131530285
2810405K02Rik,-0.03779651841600599,0.03779651841600599,0.29804503684939887
Klhl21,0.0017445904503951056,0.0017445904503951056,0.9617035608392674
Bbs10,-0.012080100661131861,0.012080100661131861,0.7395197646730256
Dnajc11,-0.02133945761698095,0.02133945761698095,0.5569439422363013
Per3,0.019135827474249092,0.019135827474249092,0.5983892481593902
Zdhhc17,-0.027757019759255368,0.027757019759255368,0.4448100765902866
Eno1,0.08082458776459603,0.08082458776459603,0.02586992378130174
Gpr157,-0.014549287807366282,0.014549287807366282,0.688819813562188
H6pd,0.04911314276006773,0.04911314276006773,0.17620148020837004
Crabp2,0.01857324220582667,0.01857324220582667,0.6091898324121975
Tnfrsf25,0.029413616076347238,0.029413616076347238,0.41810230302966145
Nes,0.05126109924868577,0.05126109924868577,0.1580167608002092
Pik3cd,-0.08352961982050901,0.08352961982050901,0.02127950920931461
Clstn1,-0.06350331087364677,0.06350331087364677,0.08019599154635042
Gm5779,0.013130301419853113,0.013130301419853113,0.7178025406240909
Iqgap3,0.013130301419853115,0.013130301419853115,0.7178025406240909
Nmnat1,0.020636158198080682,0.020636158198080682,0.5700188685966682
Mef2d,0.044823931613359104,0.044823931613359104,0.21709226329295525
Rbp7,0.03842937644544408,0.03842937644544408,0.2900226834129493
1700113A16Rik,0.008998439433213516,0.008998439433213516,0.8043924140196745
1700021C14Rik,-0.03393802356603271,0.03393802356603271,0.3501306463927763
Spsb1,0.005125504564724816,0.005125504564724816,0.8878156241883371
Espn,0.03919993952988296,0.03919993952988296,0.28045229711100306
Gm5176,-0.00999811565004164,0.00999811565004164,0.7831762428866978
Gpr153,-0.01587333632478855,0.01587333632478855,0.6621802955603735
Prdm16,-0.02705944415114891,0.02705944415114891,0.4563406835270125
Arhgef16,0.03312167853989653,0.03312167853989653,0.3618482611930415
Megf6,0.013130301419853116,0.013130301419853116,0.7178025406240909
Gm6525,-0.012080100661131833,0.012080100661131833,0.739519764673029
Trhde,-0.06350331087364676,0.06350331087364676,0.08019599154635042
1190007F08Rik,0.013130301419853113,0.013130301419853113,0.7178025406240909
Tigd4,-0.06350331087364687,0.06350331087364687,0.08019599154634913
BC046331,0.07264757325943691,0.07264757325943691,0.04527345463825356
Dffb,0.0040459080146410305,0.0040459080146410305,0.9113349595998451
Ajap1,0.013130301419853115,0.013130301419853115,0.7178025406240909
Nphp4,0.0458869000294605,0.0458869000294605,0.20637435741198093
Gnaz,0.03312167853989652,0.03312167853989652,0.3618482611930415
Fam160a1,0.021908234231300196,0.021908234231300196,0.5464776923351143
Chd5,0.013130301419853113,0.013130301419853113,0.7178025406240909
Bcr,-0.029405845995220486,0.029405845995220486,0.4182253314334732
Glt28d2,0.028730584845083236,0.028730584845083236,0.42899818287347613
Sh3d19,0.03975600944565401,0.03975600944565401,0.2736803781411026
Kirrel,0.013130301419853113,0.013130301419853113,0.7178025406240909
Fcrls,0.028402359169388595,0.028402359169388595,0.4342921878499691
Cd5l,0.013130301419853111,0.013130301419853111,0.7178025406240909
Arhgef11,0.06157869365681631,0.06157869365681631,0.08980573679636795
Tnfrsf14,0.01858129502280077,0.01858129502280077,0.6090346243526004
Cdk14,0.0557253003030468,0.0557253003030468,0.12480724202711443
Cldn12,0.030419851332429988,0.030419851332429988,0.4023504118603967
Fnip2,-0.01659917119004262,0.01659917119004262,0.647753107056831
Lyz2,0.04937244836935043,0.04937244836935043,0.17392696522876494
Pfn2,0.0694202134895689,0.0694202134895689,0.05575556029911332
Kcnk3,-0.0658333183245092,0.0658333183245092,0.06969618666381826
Eif2a,0.007507620054733371,0.007507620054733371,0.8362964522874335
Otof,0.018581295022800766,0.018581295022800766,0.6090346243526004
D630029K05Rik,0.01313030141985312,0.01313030141985312,0.7178025406240909
P2ry14,-0.01323140645107887,0.01323140645107887,0.7157234151623826
Ept1,0.026554745548254717,0.026554745548254717,0.4647866320348813
F630111L10Rik,0.01858129502280077,0.01858129502280077,0.6090346243526004
Mapre3,0.04121073539137729,0.04121073539137729,0.25649532135835457
Igsf10,-0.050720487823599864,0.050720487823599864,0.16245417553162306
P2ry1,0.013130301419853116,0.013130301419853116,0.7178025406240909
Nom1,0.05905574834758392,0.05905574834758392,0.10378067045604618
Arhgef26,0.013130301419853115,0.013130301419853115,0.7178025406240909
Insig1,0.04595954081453685,0.04595954081453685,0.20565617381896167
Dhx36,0.014398721461993235,0.014398721461993235,0.6918744799183162
Mme,-0.06247367108240461,0.06247367108240461,0.08522780169744783
E130311K13Rik,-0.00696336779281318,0.00696336779281318,0.8480139051106833
Actr3b,0.03272665483982446,0.03272665483982446,0.36760537102752033
Slc33a1,0.08433681212090864,0.08433681212090864,0.020054725487322178
Gm5129,0.029437919285469925,0.029437919285469925,0.4177176329287658
4930507D05Rik,0.013130301419853116,0.013130301419853116,0.7178025406240909
Agbl5,0.013919920423351806,0.013919920423351806,0.7016214142948994
Lyz1,0.004597453863641099,0.004597453863641099,0.8993083600635611
Aifm2,0.01873595269445338,0.01873595269445338,0.6060572037462887
Pisd,0.004667392644414675,0.004667392644414675,0.8977849158920294
5031434O11Rik,-0.012080100661131847,0.012080100661131847,0.739519764673029
Foxo1,-0.10152741316551411,0.10152741316551411,0.005085732608610076
H2afy2,-0.01867918869223688,0.01867918869223688,0.6071492513918592
2010107G23Rik,-0.02379627955730071,0.02379627955730071,0.5124477205900951
Fndc4,0.03580373327933383,0.03580373327933383,0.32426453661584015
Gm2447,-0.05427605435685716,0.05427605435685716,0.13493356376330248
Tspan15,0.07092910213248582,0.07092910213248582,0.05062744673819566
Hk1,0.03939421278917294,0.03939421278917294,0.27807360778898926
Mdm2,0.04600728650921701,0.04600728650921701,0.20518511076519122
2210417K05Rik,0.0040397278218124,0.0040397278218124,0.9114698404465782
Nhlrc3,-0.014264535907543634,0.014264535907543634,0.6946010401853744
Trim54,0.05633012201169546,0.05633012201169546,0.12076027761571029
Postn,-0.14209566646323593,0.14209566646323593,8.465604643246391e-05
Slc5a6,0.05580444868350324,0.05580444868350324,0.1242717216209183
Abhd1,-0.062214280605162126,0.062214280605162126,0.08653481124130236
Exosc8,-0.05701815825488976,0.05701815825488976,0.11628193096695585
Spg20,-0.0004413983972032052,0.0004413983972032052,0.9903071494216334
Emilin1,-0.050897325504303315,0.050897325504303315,0.16099245718708705
Nbea,0.03312167853989653,0.03312167853989653,0.3618482611930415
Xrcc2,0.024466921538542446,0.024466921538542446,0.5006311089373268
A730090N16Rik,0.018581295022800773,0.018581295022800773,0.6090346243526004
4933412E12Rik,-0.08630126021443615,0.08630126021443615,0.017327369070130907
2900005J15Rik,-0.018758164488037715,0.018758164488037715,0.6056301236308511
Pion,0.005340978991850923,0.005340978991850923,0.8831325550725194
Ptprr,0.013130301419853121,0.013130301419853121,0.7178025406240909
Magi2,-0.015606922446081011,0.015606922446081011,0.6675076391567447
Sema3c,0.006987617072908697,0.006987617072908697,0.8474910970202563
Hgf,0.013130301419853113,0.013130301419853113,0.7178025406240909
Cacna2d1,0.0008383060454827688,0.0008383060454827688,0.9815924677008064
Sema3e,0.033121678539896525,0.033121678539896525,0.3618482611930415
Ppm1l,0.010432943630828695,0.010432943630828695,0.7739968483954374
Gm6455,0.013130301419853121,0.013130301419853121,0.7178025406240909
Dmtf1,0.012064501942335316,0.012064501942335316,0.7398439500140392
Nrbf2,0.005463716987482182,0.005463716987482182,0.8804668075354437
Crot,0.008236268697615082,0.008236268697615082,0.8206660715605079
Abcb4,-0.00997320914752427,0.00997320914752427,0.7837029559123186
B3galnt1,0.03138826588072388,0.03138826588072388,0.3875310918358895
Abcb1b,0.040077243724054405,0.040077243724054405,0.26981957642789817
Lgr5,-0.06350331087364679,0.06350331087364679,0.08019599154635042
Abcb1a,-0.049266679837968765,0.049266679837968765,0.17485206284287708
Rundc3b,0.04588690002946051,0.04588690002946051,0.20637435741198093
Adam22,0.03299665854757323,0.03299665854757323,0.3636641834098437
Golim4,0.04099822997849278,0.04099822997849278,0.25895795727196097
Gtpbp10,-0.03840386277501782,0.03840386277501782,0.2903432713481159
Lrrc17,0.03244926541602002,0.03244926541602002,0.371681905514606
Ube4b,-0.09177650900066452,0.09177650900066452,0.011364605330099488
Napepld,-0.050472856944147194,0.050472856944147194,0.16451782652990893
Reln,0.022516151643337208,0.022516151643337208,0.5353997856516937
Prkag2,0.00025059052427316587,0.00025059052427316587,0.9944970871377977
Ddx50,0.04924241178182379,0.04924241178182379,0.17506483787288663
Smarcd3,0.03301118855238806,0.03301118855238806,0.3634528426019893
Chpf2,-0.014689908793378541,0.014689908793378541,0.6859714820925803
Agap3,0.02345651272679782,0.02345651272679782,0.5184892773678645
Lekr1,-0.013513960594057224,0.013513960594057224,0.7099241571609569
Shox2,-0.0635033108736468,0.0635033108736468,0.08019599154635042
Accn3,0.03312167853989654,0.03312167853989654,0.3618482611930415
Mlf1,0.047806165399126715,0.047806165399126715,0.1880034177860503
Nos3,0.026643941946822115,0.026643941946822115,0.46328767935119763
Kcnh2,0.013130301419853118,0.013130301419853118,0.7178025406240909
Fam126a,0.014493074894986411,0.014493074894986411,0.6899596632329932
Lxn,-0.08263445586407701,0.08263445586407701,0.02271332728993196
Rint1,0.008632315108664385,0.008632315108664385,0.8121997076547508
Rarres1,-0.01084305242199712,0.01084305242199712,0.765368066728228
Kcnmb4,0.03840198686087846,0.03840198686087846,0.2903668522357309
AI506816,0.03432963606180845,0.03432963606180845,0.34459578798709123
Pbld2,-0.06350331087364677,0.06350331087364677,0.08019599154635042
Lhfpl3,0.03312167853989652,0.03312167853989652,0.3618482611930415
1110032F04Rik,-0.006861075700190372,0.006861075700190372,0.8502200276793784
Ift80,0.0028218610460450213,0.0028218610460450213,0.9380941790966545
Pbld1,0.03312167853989654,0.03312167853989654,0.3618482611930415
5730409E04Rik,0.003989268527264692,0.003989268527264692,0.9125711942554672
Pgd,0.03324035617723229,0.03324035617723229,0.3601297189724246
Tmem79,0.013130301419853115,0.013130301419853115,0.7178025406240909
Stmn1,-0.01258837717817142,0.01258837717817142,0.7289819219569625
Pafah2,0.034496590794951904,0.034496590794951904,0.34225316458428773
Extl1,0.013383764846398551,0.013383764846398551,0.7125942896398291
Trim63,0.03312167853989654,0.03312167853989654,0.3618482611930415
Pdik1l,0.004828018281062369,0.004828018281062369,0.8942875139767267
Grrp1,0.028232424098971143,0.028232424098971143,0.43704783163589606
Selenbp1,0.04755325375092522,0.04755325375092522,0.1903529131513113
Cnksr1,0.032726654839824454,0.032726654839824454,0.36760537102752033
Rfx5,-0.12359957756165041,0.12359957756165041,0.0006380568069358966
Paqr7,-0.023969216811489124,0.023969216811489124,0.5093867677512518
Ubxn11,-0.006639163612236026,0.006639163612236026,0.8550099846261348
Zfp687,-0.040241236253179644,0.040241236253179644,0.26786305291331003
Trnp1,0.022132071834022545,0.022132071834022545,0.5423856129185881
Fam46b,0.013130301419853116,0.013130301419853116,0.7178025406240909
Slc9a1,0.008305055743342598,0.008305055743342598,0.8191940701155331
Sytl1,0.0452706704830851,0.0452706704830851,0.2125400958495951
Map3k6,-0.029951415766182505,0.029951415766182505,0.4096387928920764
Gpr3,0.01313030141985312,0.01313030141985312,0.7178025406240909
Lrrc3,0.004435935205777142,0.004435935205777142,0.9028280525450162
Fgr,-0.028937974784590974,0.028937974784590974,0.42567255105427243
Gpn2,0.028798865083608655,0.028798865083608655,0.4279016038380942
2610002D18Rik,0.009068361764034536,0.009068361764034536,0.8029035651810905
Gm10941,-0.06350331087364677,0.06350331087364677,0.08019599154635042
Ldlrap1,-0.01749425149969147,0.01749425149969147,0.6301425270418656
Ybey,0.0104085807765617,0.0104085807765617,0.774510338111192
Them4,0.07203488237646638,0.07203488237646638,0.047124956379918384
Tdrkh,-0.006861075700190372,0.006861075700190372,0.8502200276793784
Mcm3ap,0.025618131502107667,0.025618131502107667,0.4806880082988945
Zfp46,0.040369180863905035,0.040369180863905035,0.26634337446026646
Oaz3,0.033121678539896546,0.033121678539896546,0.3618482611930415
Tcea3,0.0768658407875138,0.0768658407875138,0.03411647658697215
Asap3,-0.027591424593199236,0.027591424593199236,0.44753217747375973
Lss,0.05051283892715713,0.05051283892715713,0.164183306277696
Col6a2,-0.11522801481734574,0.11522801481734574,0.00146265314464276
Csl,0.013130301419853115,0.013130301419853115,0.7178025406240909
Cnr2,-0.11612645664319894,0.11612645664319894,0.0013414011184208561
Tuft1,-0.043285478127771136,0.043285478127771136,0.23330328479877468
Il28ra,0.013130301419853113,0.013130301419853113,0.7178025406240909
Pcbp3,0.013130301419853113,0.013130301419853113,0.7178025406240909
Rcan3,0.0401800465408497,0.0401800465408497,0.26859193969522993
A330049M08Rik,0.01858129502280077,0.01858129502280077,0.6090346243526004
Slc19a1,0.01697219259172297,0.01697219259172297,0.6403892957795574
Col18a1,-0.05000999691286443,0.05000999691286443,0.16842784406372635
Pogz,-0.011871337357472925,0.011871337357472925,0.7438622605935099
Rhd,0.034329636061808465,0.034329636061808465,0.34459578798709123
Tmod4,0.04687201465684815,0.04687201465684815,0.19678869762478687
Ephb2,0.03312167853989654,0.03312167853989654,0.3618482611930415
Trpm2,0.03312167853989654,0.03312167853989654,0.3618482611930415
1810043G02Rik,0.03950322705750751,0.03950322705750751,0.2767448536966803
Polrmt,0.015166381309945812,0.015166381309945812,0.6763536120110852
C920021L13Rik,-0.06627001524627535,0.06627001524627535,0.06785949927323714
C77080,0.031617363237450846,0.031617363237450846,0.38407448272808786
Yars,0.06509195269994607,0.06509195269994607,0.07290741201942391
Fndc5,0.022560857152383,0.022560857152383,0.5345896105354336
Gm129,-0.07705550994436262,0.07705550994436262,0.033675507091619164
Trim62,0.047666713834500676,0.047666713834500676,0.18929623783361796
Gm9054,-0.06350331087364679,0.06350331087364679,0.08019599154635042
A3galt2,0.033121678539896525,0.033121678539896525,0.3618482611930415
Zbtb8a,0.006205249169040329,0.006205249169040329,0.864391263058746
Phc2,0.06319141759260351,0.06319141759260351,0.08169410862327708
Mtmr11,0.00726849477510873,0.00726849477510873,0.8414403856400807
Sv2a,-0.06350331087364681,0.06350331087364681,0.08019599154634913
Gja4,-0.019527832467539898,0.019527832467539898,0.5909151466315005
Hist2h2ac,-0.021450119999016748,0.021450119999016748,0.5548999911068422
Hist2h2be,-0.01712921768058759,0.01712921768058759,0.6372999491503328
Zmym6,-0.016479557168488736,0.016479557168488736,0.6501217535686948
Prss57,0.013130301419853113,0.013130301419853113,0.7178025406240909
Ncdn,-0.0027013332114314607,0.0027013332114314607,0.9407333444487299
Hist2h3c2,0.03632815726093098,0.03632815726093098,0.31722345987365
Tlr12,-0.03564258427578981,0.03564258427578981,0.3264484188282848
Gzmm,0.008188254787385158,0.008188254787385158,0.8216939144179559
Tars2,0.000771463841927155,0.000771463841927155,0.9830599598055103
Fam167b,0.02537855522718479,0.02537855522718479,0.4848024110077796
BC013712,0.0016380697912440287,0.0016380697912440287,0.9640402207728546
Xkr8,0.01313030141985311,0.01313030141985311,0.7178025406240909
Fam63a,-0.01094678128773219,0.01094678128773219,0.7631901377697163
Eya3,-0.045927969395005985,0.045927969395005985,0.20596809055846985
Anxa9,0.034329636061808444,0.034329636061808444,0.34459578798709123
Pwp2,0.08105000100938159,0.08105000100938159,0.025457192645753326
Rab42-ps,0.013130301419853115,0.013130301419853115,0.7178025406240909
Rnu11,-0.006861075700190372,0.006861075700190372,0.8502200276793784
Syde1,-0.00581998853924054,0.00581998853924054,0.8727367025196481
Ptpru,0.018559492912989445,0.018559492912989445,0.6094548735546821
Nkain1,-0.06350331087364677,0.06350331087364677,0.08019599154635042
Zcchc17,-0.019532283420795854,0.019532283420795854,0.5908305297870785
Slc1a6,0.013130301419853115,0.013130301419853115,0.7178025406240909
Gm4349,0.033121678539896525,0.033121678539896525,0.3618482611930415
Col16a1,-0.07419591746977112,0.07419591746977112,0.04086544067545915
Bai2,0.013130301419853115,0.013130301419853115,0.7178025406240909
2610008E11Rik,-0.05334236899723703,0.05334236899723703,0.1417858129254382
Golph3l,0.005149756829860357,0.005149756829860357,0.8872883329704011
Iqcc,0.04782659623495743,0.04782659623495743,0.1878145561339403
Kera,-0.10532150024351196,0.10532150024351196,0.003651203747834271
Adamtsl4,0.0390524316598417,0.0390524316598417,0.2822675758470812
Lysmd1,-0.02584821805567139,0.02584821805567139,0.47675451913597505
Kitl,0.03314611737016208,0.03314611737016208,0.3614939496595321
Tchh,0.013130301419853118,0.013130301419853118,0.7178025406240909
Cela3b,0.013130301419853115,0.013130301419853115,0.7178025406240909
Gm13251,-0.02594088241979807,0.02594088241979807,0.4751753409237221
Gm13051,-0.06350331087364677,0.06350331087364677,0.08019599154635042
Gm13034,0.032726654839824454,0.032726654839824454,0.36760537102752033
Lin7a,-0.053551746499716044,0.053551746499716044,0.14022646108401834
Thbs3,0.04860045297515062,0.04860045297515062,0.180763581464555
Muc1,0.01868922555605182,0.01868922555605182,0.6069560945457624
Trim46,0.03894266108412592,0.03894266108412592,0.28362359671851434
Acss3,0.013130301419853121,0.013130301419853121,0.7178025406240909
Gm13139,0.03632815726093099,0.03632815726093099,0.31722345987365
Gm13152,0.013248473073794176,0.013248473073794176,0.7153726638407986
Susd2,0.02232065993372961,0.02232065993372961,0.5389498211954696
Efna1,0.022789695274947935,0.022789695274947935,0.5304521857702289
Adam15,-0.0367593970993738,0.0367593970993738,0.3115090380680185
Smarca5-ps,-0.03831761508343154,0.03831761508343154,0.2914287644913523
Tnfrsf8,0.04441138984094155,0.04441138984094155,0.22135775446310135
Cabin1,-0.017002337154903395,0.017002337154903395,0.6397957401428365
Vps13d,0.06064213468673907,0.06064213468673907,0.09480580459367449
Dhrs3,-0.012106305993309247,0.012106305993309247,0.7389752480084962
Zbtb7b,-0.012870881595710244,0.012870881595710244,0.7231467727653954
Pramef8,0.013497581226185185,0.013497581226185185,0.7102598804594371
BC067068,0.03551555657513565,0.03551555657513565,0.32817659796394594
Fam189b,0.05002228811638433,0.05002228811638433,0.16832312205149955
Gm13154,-0.05642158774235638,0.05642158774235638,0.12015728889018211
2610305D13Rik,-0.039134628401499144,0.039134628401499144,0.28125505805257944
Casz1,-0.05687705348082564,0.05687705348082564,0.11718958818637423
Paqr6,-0.02261860111955858,0.02261860111955858,0.5335440606093004
Bglap2,0.013130301419853115,0.013130301419853115,0.7178025406240909
Bglap,0.013130301419853115,0.013130301419853115,0.7178025406240909
Sema4a,0.013130301419853111,0.013130301419853111,0.7178025406240909
Mtor,0.0181685328750225,0.0181685328750225,0.6170125963760505
Ubiad1,0.08794094726993693,0.08794094726993693,0.015305269709154273
Fbxo2,0.03373203107785001,0.03373203107785001,0.3530645066416721
Fbxo44,0.046518477419326125,0.046518477419326125,0.2001906454327298
Rab25,0.03312167853989653,0.03312167853989653,0.3618482611930415
Pawr,0.05995002313017444,0.05995002313017444,0.09864196289427064
Mthfr,-0.041718876800149934,0.041718876800149934,0.2506726374191949
Myf6,0.03312167853989652,0.03312167853989652,0.3618482611930415
Clcn6,-0.021497224458766295,0.021497224458766295,0.5540310762581069
Nppa,0.032726654839824454,0.032726654839824454,0.36760537102752033
Myf5,-0.04290570065490209,0.04290570065490209,0.23743365468276398
2510039O18Rik,0.041424216916103596,0.041424216916103596,0.25403776394708516
Fv1,0.013130301419853116,0.013130301419853116,0.7178025406240909
Zfp933,0.024798746524898992,0.024798746524898992,0.4948381690853678
Ggt1,-0.06350331087364684,0.06350331087364684,0.08019599154634913
Ggt5,-0.01950960917428011,0.01950960917428011,0.5912616467249483
Cela2a,0.022772372094156473,0.022772372094156473,0.5307648226518682
Casp9,0.0006380775304953046,0.0006380775304953046,0.985988565529692
Ddi2,0.056359160539025926,0.056359160539025926,0.1205685853187368
Tmem82,0.02277237209415649,0.02277237209415649,0.5307648226518682
Arhgef10l,-0.03901922426064489,0.03901922426064489,0.28267733072258683
Igsf21,0.06808230139916219,0.06808230139916219,0.06065702952932247
Aldh4a1,0.000760805496306046,0.000760805496306046,0.9832939646601006
Iffo2,0.041580081027637945,0.041580081027637945,0.25225384832038605
Mrto4,0.007045450512048879,0.007045450512048879,0.8462444940519679
Pqlc2,-0.05449012510223364,0.05449012510223364,0.13339911007082053
Gm5134,0.01858129502280076,0.01858129502280076,0.6090346243526004
4930430F08Rik,0.038252858726806414,0.038252858726806414,0.292245560117828
Otud3,0.06807692270319315,0.06807692270319315,0.060677431403502645
Pla2g2e,0.033121678539896525,0.033121678539896525,0.3618482611930415
Pla2g2d,0.035138109627680464,0.035138109627680464,0.3333465428089364
Cep290,0.03679917138856535,0.03679917138856535,0.3109854168669844
Camk2n1,0.1578323545631451,0.1578323545631451,1.2345046320647789e-05
Prmt2,0.03030188952162925,0.03030188952162925,0.40417842852845165
Dip2a,0.01864872455946043,0.01864872455946043,0.6077356934218634
Tmtc3,0.01755947407846013,0.01755947407846013,0.6288672864685383
S100a16,-0.008909814926158378,0.008909814926158378,0.8062805036578495
S100a5,0.022514237055529896,0.022514237055529896,0.5354344965340709
S100a9,0.11188319057039109,0.11188319057039109,0.0020080883581731247
Rap1gap,0.040461451077786176,0.040461451077786176,0.26525110507840277
Lor,0.04506833719437587,0.04506833719437587,0.2145932290426393
Nts,-0.03719051038858614,0.03719051038858614,0.30586442800496283
Nav3,0.018577471989320016,0.018577471989320016,0.6091083063920326
Rab13,0.03312167853989653,0.03312167853989653,0.3618482611930415
Nup210l,-0.06687321556864444,0.06687321556864444,0.06538804734898418
Fblim1,-0.020715558583293707,0.020715558583293707,0.5685354606039811
Lenep,-0.054256962332252745,0.054256962332252745,0.13507107342453764
Gm15663,0.013130301419853113,0.013130301419853113,0.7178025406240909
B330016D10Rik,0.05247916330995307,0.05247916330995307,0.148355268028847
Pygo2,0.028035247443201856,0.028035247443201856,0.4402577789795895
Spen,0.04808224141083723,0.04808224141083723,0.18546318771579604
Gstt3,0.007133061973500858,0.007133061973500858,0.8443567565777358
Gm694,0.018518376970401457,0.018518376970401457,0.6102477587841424
Hspb7,0.033121678539896546,0.033121678539896546,0.3618482611930415
Tmtc2,0.0372845180277214,0.0372845180277214,0.3046426215089864
Pmvk,0.10037474052488643,0.10037474052488643,0.0056128050345471536
Arhgef19,-0.06350331087364677,0.06350331087364677,0.08019599154635042
Crocc,0.008370481310377681,0.008370481310377681,0.817794592030178
Slc6a15,0.013130301419853118,0.013130301419853118,0.7178025406240909
She,0.022678465335372235,0.022678465335372235,0.5324612100535823
Padi2,-0.021530473115176283,0.021530473115176283,0.5534181536432469
Gm13032,0.01858129502280077,0.01858129502280077,0.6090346243526004
Il6ra,0.0023660888731046,0.0023660888731046,0.9480774256181154
Padi3,0.033121678539896546,0.033121678539896546,0.3618482611930415
Rassf9,0.03334247508748452,0.03334247508748452,0.35865506046636636
1700094D03Rik,0.0655442652141398,0.0655442652141398,0.07093416032965102
Derl3,0.14263884459900142,0.14263884459900142,7.946663964425153e-05
Guca2a,-0.06350331087364684,0.06350331087364684,0.08019599154634913
Rac3,0.005832665965319544,0.005832665965319544,0.8724618563334442
Zfp746,0.015858297990149397,0.015858297990149397,0.6624805587517274
Qtrt1,0.009869935470058057,0.009869935470058057,0.7858880004658471
Glb1l,-0.03233019290801418,0.03233019290801418,0.3734403539874075
Ap1m2,0.03281680221218461,0.03281680221218461,0.3662865659772394
Stk16,-0.04799090116421442,0.04799090116421442,0.18630080787051734
S1pr5,-0.06350331087364684,0.06350331087364684,0.08019599154634913
Pde4a,0.017498904087835422,0.017498904087835422,0.6300515225164806
Tyk2,-0.02991150643008067,0.02991150643008067,0.4102633430810039
Raver1-fdx1l,0.054740223501315265,0.054740223501315265,0.1316235208617345
Zglp1,-0.0020645990220843607,0.0020645990220843607,0.9546858391431687
Icam5,-0.021497224458766298,0.021497224458766298,0.5540310762581069
Icam4,0.013130301419853118,0.013130301419853118,0.7178025406240909
S1pr2,0.029109894522530558,0.029109894522530558,0.4229271271760919
Tmem198,0.032726654839824454,0.032726654839824454,0.36760537102752033
Ppan,0.031185886687474976,0.031185886687474976,0.39060026976182827
Angptl6,0.0029358194706066002,0.0029358194706066002,0.9355994859036565
5730577I03Rik,0.013130301419853121,0.013130301419853121,0.7178025406240909
Zfp846,0.018581295022800773,0.018581295022800773,0.6090346243526004
Obsl1,0.013130301419853115,0.013130301419853115,0.7178025406240909
Inha,-0.08986646357438076,0.08986646357438076,0.013197834056651266
Naalad2,-0.018573672533500916,0.018573672533500916,0.6091815379359127
Slc36a4,0.03564451044089511,0.03564451044089511,0.32642225935407526
Ccdc67,0.03312167853989653,0.03312167853989653,0.3618482611930415
Slc4a3,0.0007597994922407676,0.0007597994922407676,0.9833160516364817
Med17,-0.032854567090138516,0.032854567090138516,0.36573496368586733
Panx1,-0.02803139020591846,0.02803139020591846,0.4403207073577271
Folr4,-0.023559894935897174,0.023559894935897174,0.5166471079287417
Ankrd49,-0.05299188084827631,0.05299188084827631,0.14442580148158862
Dnm2,-0.009371399464343604,0.009371399464343604,0.7964593294195237
Fut4,0.04687201465684816,0.04687201465684816,0.19678869762478687
Tmed1,0.014456506135389877,0.014456506135389877,0.6907015585200574
Smarca4,-0.00558945128335128,0.00558945128335128,0.8777373846308373
Ttll4,-0.0537098416558958,0.0537098416558958,0.1390577872434172
Prdm10,-0.003331011137726337,0.003331011137726337,0.9269532859660737
Cyp27a1,0.021435572291545427,0.021435572291545427,0.5551684804477726
St14,-0.013728462003329217,0.013728462003329217,0.7055327897379536
Wnt10a,0.009068361764034548,0.009068361764034548,0.8029035651810905
Adamts8,0.013130301419853115,0.013130301419853115,0.7178025406240909
Opcml,0.01313030141985312,0.01313030141985312,0.7178025406240909
AI414108,0.0008799004483914733,0.0008799004483914733,0.9806793113667756
Vps26b,0.060604049495043257,0.060604049495043257,0.09501375027001578
Acad8,-0.015194870364014061,0.015194870364014061,0.6757801912377539
Bmper,-0.03269820117692305,0.03269820117692305,0.3680222441551222
Bbs9,0.027045233514079735,0.027045233514079735,0.4565773090091503
Nhej1,-0.042162135934406354,0.042162135934406354,0.2456691654388635
9530077C05Rik,-0.029251680860962012,0.029251680860962012,0.42067071679775686
Zfp810,-0.06312077899623325,0.06312077899623325,0.08203653501571122
Zfp599,-0.009973209147524285,0.009973209147524285,0.7837029559123186
Zfp809,0.04827070009503287,0.04827070009503287,0.1837437494539061
Ecsit,-0.049969119549244816,0.049969119549244816,0.16877647345752492
Gm16845,-0.012080100661131826,0.012080100661131826,0.739519764673029
Zfp653,0.0431361909123691,0.0431361909123691,0.2349207904694803
Elavl3,0.013130301419853116,0.013130301419853116,0.7178025406240909
Abcb6,0.03861442920612646,0.03861442920612646,0.28770455169957954
2310047B19Rik,0.015132184433446046,0.015132184433446046,0.6770421658799933
BC018242,0.03312875952798356,0.03312875952798356,0.3617455794465949
Rab3d,0.06284529596441907,0.06284529596441907,0.08338307708786424
Dock6,0.06983189440770923,0.06983189440770923,0.054315322227645145
Kank2,0.03595309376864239,0.03595309376864239,0.3222489101235576
Ankzf1,-0.019917253437816015,0.019917253437816015,0.5835330310562888
Amotl1,0.0224382397835999,0.0224382397835999,0.5368132168998152
Epha4,0.018528196638857,0.018528196638857,0.6100583534710025
Sgpp2,0.033121678539896546,0.033121678539896546,0.3618482611930415
Rhou,0.025329594348941616,0.025329594348941616,0.4856455860051699
Gas8,-0.04712120825495589,0.04712120825495589,0.19441632230433742
Def8,-0.02628445909373485,0.02628445909373485,0.4693452163394431
Tubb3,0.039702632249646014,0.039702632249646014,0.2743255330305361
Irs1,-0.07025241415888564,0.07025241415888564,0.05287628159223141
Zfp276,0.009738146541550365,0.009738146541550365,0.7886788095367651
1300018I17Rik,-0.01961300179781648,0.01961300179781648,0.5892969630341295
Spata2l,0.02436787983855876,0.02436787983855876,0.5023670881901687
Chmp1a,0.054928447160562444,0.054928447160562444,0.13029931436509828
Sult5a1,0.017397930235209486,0.017397930235209486,0.6320278256801908
Cpne7,-0.06350331087364687,0.06350331087364687,0.08019599154634913
Col4a4,0.01821392217770973,0.01821392217770973,0.6161330659297185
Col4a3,0.013130301419853115,0.013130301419853115,0.7178025406240909
Cdh15,0.013130301419853116,0.013130301419853116,0.7178025406240909
Acsf3,0.01130837060133355,0.01130837060133355,0.7556127947370977
Agfg1,0.13498118924601524,0.13498118924601524,0.00018985800791257684
Slc19a3,0.013130301419853113,0.013130301419853113,0.7178025406240909
Ccl20,0.01313030141985312,0.01313030141985312,0.7178025406240909
Snai3,0.03312167853989654,0.03312167853989654,0.3618482611930415
Sphkap,0.03312167853989654,0.03312167853989654,0.3618482611930415
Pid1,0.01860218139118603,0.01860218139118603,0.6086321473685653
Zcchc14,-0.0022301558388563335,0.0022301558388563335,0.9510565537178641
Fbxo31,-0.03922249927422358,0.03922249927422358,0.2801753690079706
Foxc2,0.013130301419853115,0.013130301419853115,0.7178025406240909
Foxf1a,0.013130301419853115,0.013130301419853115,0.7178025406240909
Fbxo36,-0.021856685948535935,0.021856685948535935,0.5474222282591753
1190005I06Rik,0.03432963606180846,0.03432963606180846,0.34459578798709123
Rab4a,-0.03306307436340421,0.03306307436340421,0.36269878279711826
1700054N08Rik,-0.031533884040517775,0.031533884040517775,0.38533182613833844
Dock10,-0.0025614920343655315,0.0025614920343655315,0.9437962210973027
Galnt2,0.062463116975153825,0.062463116975153825,0.08528066876175025
Phxr4,-0.08721491846315337,0.08721491846315337,0.01617353335263779
Arhgap42,0.018198018332107296,0.018198018332107296,0.6164411799198932
9230110C19Rik,-0.06350331087364677,0.06350331087364677,0.08019599154635042
Yap1,-0.02663494114151578,0.02663494114151578,0.46343881653481944
Mmp27,0.01313030141985312,0.01313030141985312,0.7178025406240909
Mmp8,0.018445508398589106,0.018445508398589106,0.6116540873061308
Mmp3,0.022128486317170536,0.022128486317170536,0.5424510410686267
Dync2h1,-0.07589177484530096,0.07589177484530096,0.03645950183434108
Pdgfd,-0.021395772853877275,0.021395772853877275,0.5559033338148208
Casp12,0.029239029134477783,0.029239029134477783,0.42087177128561265
Farsb,0.04727118239791796,0.04727118239791796,0.19299867068001617
Kbtbd3,0.058954853374904255,0.058954853374904255,0.10437352576216193
Mogat1,-0.03564258427578985,0.03564258427578985,0.32644841882828163
St3gal4,0.012045172946508595,0.012045172946508595,0.7402457250194057
Gucy1a2,0.031250426192209226,0.031250426192209226,0.38961990013454606
Utp14b,0.037531895658295775,0.037531895658295775,0.3014429517964448
Gm17296,0.021967862972629457,0.021967862972629457,0.5453861016216189
Kcne4,0.0031501584142077784,0.0031501584142077784,0.9309090655508744
Slc35f3,0.045886900029460456,0.045886900029460456,0.2063743574119834
Kcnk1,0.013130301419853116,0.013130301419853116,0.7178025406240909
4933403G14Rik,0.018581295022800773,0.018581295022800773,0.6090346243526004
Egln1,-0.0486620049450766,0.0486620049450766,0.18021129048737652
Gm505,0.047366054436286956,0.047366054436286956,0.1921058022126081
Gnpat,-0.011106634547667006,0.011106634547667006,0.759837465847132
Fam89a,0.07824064375964214,0.07824064375964214,0.03102886824288553
Arv1,0.04789101782679219,0.04789101782679219,0.187219961137817
2310022B05Rik,-0.025766309699220936,0.025766309699220936,0.478152779218213
Pgbd5,0.013130301419853113,0.013130301419853113,0.7178025406240909
Pard3,0.013130301419853116,0.013130301419853116,0.7178025406240909
4930581F22Rik,-0.06350331087364679,0.06350331087364679,0.08019599154635042
Dcps,-0.030625922219271372,0.030625922219271372,0.3991688936730617
Rnf25,-0.026901482173267016,0.026901482173267016,0.458974820727653
Hmg20a,0.01421376983443432,0.01421376983443432,0.6956336040233585
Ube2q2,-0.027107521222703896,0.027107521222703896,0.4555406485484653
AY074887,-0.04045735530509973,0.04045735530509973,0.2652995242952825
Agphd1,-0.06350331087364683,0.06350331087364683,0.08019599154634913
Ccnyl1,0.035271815873769326,0.035271815873769326,0.3315091811612681
Acsbg1,0.01313030141985312,0.01313030141985312,0.7178025406240909
Idh3a,0.0454894763636938,0.0454894763636938,0.21033578770395317
Cib2,0.07105155581353159,0.07105155581353159,0.05022916509770356
Dmxl2,0.06580044696763397,0.06580044696763397,0.06983607178911078
Sln,0.018581295022800755,0.018581295022800755,0.6090346243526004
Cul5,0.026748390912762654,0.026748390912762654,0.4615358289732067
Kdelc2,-0.009913487369922272,0.009913487369922272,0.7849663314110589
Fzd5,0.0639844010268713,0.0639844010268713,0.07792892509102949
Zc3h12c,0.06223146191700284,0.06223146191700284,0.08644774186904931
Arhgap20,-0.024279781986125768,0.024279781986125768,0.5039139122789152
Gm684,0.013130301419853116,0.013130301419853116,0.7178025406240909
Rpe,-0.05730313663371662,0.05730313663371662,0.11446562293852096
Layn,0.01822314004867813,0.01822314004867813,0.6159545139128101
Sik2,0.037784224036655406,0.037784224036655406,0.29820233616996644
Ppp2r1b,0.008539618152241525,0.008539618152241525,0.8141793850259285
Hspb2,0.033343258257373644,0.033343258257373644,0.358643765684443
Myl1,0.14732192519448753,0.14732192519448753,4.562721621386432e-05
Il18,0.02781060703433679,0.02781060703433679,0.4439312162398106
1600029D21Rik,0.018519438567756737,0.018519438567756737,0.6102272810547543
Ncam1,-0.05744024091898871,0.05744024091898871,0.11359976566830025
Ttc12,-0.021497224458766288,0.021497224458766288,0.5540310762581069
Zbtb16,-0.016678148254659138,0.016678148254659138,0.6461911170054142
Lingo1,-0.06350331087364681,0.06350331087364681,0.08019599154634913
Cspg4,-0.08981308298848188,0.08981308298848188,0.013252617135020893
Snupn,0.03563166836082249,0.03563166836082249,0.32659669483322556
Rpp25,0.03312167853989654,0.03312167853989654,0.3618482611930415
Nrp2,0.04561713156294493,0.04561713156294493,0.20905740685454305
2300009A05Rik,0.021371542482301935,0.021371542482301935,0.5563509531912658
Calml4,0.013130301419853115,0.013130301419853115,0.7178025406240909
Gm10653,-0.056499757322111155,0.056499757322111155,0.11964382208612688
Fem1b,-0.06443280736443602,0.06443280736443602,0.07586303800921378
Itga11,-0.017139449071964383,0.017139449071964383,0.637098871825388
Coro2b,-0.0048002185615722065,0.0048002185615722065,0.8948926697501481
Kif23,0.006657934753104651,0.006657934753104651,0.8546046017623518
Uaca,-0.026645712467338312,0.026645712467338312,0.46325795285123267
Larp6,-0.0029797657467230763,0.0029797657467230763,0.9346376138960611
Lrrc49,-0.007091834398864728,0.007091834398864728,0.8452449641374583
Thsd4,-0.05515707904229562,0.05515707904229562,0.12870472948458364
Myo9a,0.045298809136269734,0.045298809136269734,0.21225569026805904
Nnmt,-0.06932981262423676,0.06932981262423676,0.05607603701570089
Senp8,0.05597349161266005,0.05597349161266005,0.1231339641366057
Gm11602,0.013130301419853115,0.013130301419853115,0.7178025406240909
Bbs4,0.02273731425783501,0.02273731425783501,0.5313978078546115
Gpr1,0.013130301419853118,0.013130301419853118,0.7178025406240909
Neo1,-0.09032525271380117,0.09032525271380117,0.012735170962276611
Stoml1,-0.004305982942486245,0.004305982942486245,0.905661261663118
1600029O15Rik,-0.002197508643008277,0.002197508643008277,0.9517721576565839
Islr2,-0.06350331087364679,0.06350331087364679,0.08019599154635042
Cyp11a1,0.013130301419853115,0.013130301419853115,0.7178025406240909
Edc3,-0.00990082833913608,0.00990082833913608,0.7852341977670373
Cyp1a1,0.03377920729899088,0.03377920729899088,0.3523912302640971
Zdbf2,-0.06350331087364681,0.06350331087364681,0.08019599154634913
Ulk3,-0.007897723178636688,0.007897723178636688,0.8279198368188383
Adam23,0.03312167853989655,0.03312167853989655,0.3618482611930415
Parp6,-0.10012958656078765,0.10012958656078765,0.005731056313384368
6430548M08Rik,-0.041754708295719895,0.041754708295719895,0.2502655561631795
Bard1,-0.03558058156415923,0.03558058156415923,0.3272912111289869
Fam55b,-0.08486234409501218,0.08486234409501218,0.01929072902209004
Usp2,-0.011369833195179589,0.011369833195179589,0.7543271127127998
Thy1,-0.12514619061728288,0.12514619061728288,0.0005442683752435563
Pvrl1,-0.061510071587826454,0.061510071587826454,0.09016475095180211
Oaf,-0.08383891309983235,0.08383891309983235,0.020802728981597404
Tmem136,0.013130301419853121,0.013130301419853121,0.7178025406240909
Grik4,0.03312167853989652,0.03312167853989652,0.3618482611930415
Tbcel,-0.04743940265639034,0.04743940265639034,0.19141758113992405
Ubash3b,0.08711083875050157,0.08711083875050157,0.01630147953314163
Crtam,0.04864592478964268,0.04864592478964268,0.18035545296149894
Hspa8,0.04920692404553352,0.04920692404553352,0.1753763307889567
9030425E11Rik,-0.032002919173181606,0.032002919173181606,0.3782999103377307
Gramd1b,0.057444163997112566,0.057444163997112566,0.11357506615481577
Zfp202,0.03399330109655685,0.03399330109655685,0.34934598722194904
Siae,0.011244373903404992,0.011244373903404992,0.7569522036092263
Spa17,-0.05295603866809152,0.05295603866809152,0.1446978814295161
Nrgn,-0.1533086360476384,0.1533086360476384,2.1899597558807613e-05
Slc11a1,0.03312167853989653,0.03312167853989653,0.3618482611930415
Robo4,0.030783135505325507,0.030783135505325507,0.39675187703757664
Hepacam,0.013130301419853118,0.013130301419853118,0.7178025406240909
Ccdc15,-0.0664315569104833,0.0664315569104833,0.06719022473643584
Slc37a2,-0.0004919933171200847,0.0004919933171200847,0.9891961788641253
Fez1,0.01313030141985312,0.01313030141985312,0.7178025406240909
Rqcd1,-0.010838212535033974,0.010838212535033974,0.765469732123208
Zfp142,0.06169346787054512,0.06169346787054512,0.08920783349012676
Chek1,0.015724085445962356,0.015724085445962356,0.6651627094948991
Pus3,-0.06771076837443764,0.06771076837443764,0.06207968880172887
Cdon,0.0224825447234807,0.0224825447234807,0.5360092330454508
Mcam,-0.03078556350484224,0.03078556350484224,0.3967146179171426
Cxcr2,-0.002780583122639933,0.002780583122639933,0.9389979556617191
Hinfp,-0.03757126809101751,0.03757126809101751,0.3009357624484454
Dpagt1,0.03017847546887388,0.03017847546887388,0.4060962363780335
Cadm1,0.08561794574354532,0.08561794574354532,0.018236793341200333
Atic,0.06940241665050499,0.06940241665050499,0.05581853054494236
Apoa1,-0.06350331087364677,0.06350331087364677,0.08019599154635042
Pafah1b2,0.03312353549005275,0.03312353549005275,0.36182133170681163
Tagln,0.059406407898411374,0.059406407898411374,0.10174095448120693
Pcsk7,0.04290481511812159,0.04290481511812159,0.23744334543892479
Bace1,0.02016771923814799,0.02016771923814799,0.5788078179018055
Cep164,0.050376794220869416,0.050376794220869416,0.1653236555017373
Fxyd2,0.033121678539896546,0.033121678539896546,0.3618482611930415
Fxyd6,-0.0041129464079837155,0.0041129464079837155,0.9098720315052928
Tmprss13,-0.035642584275789875,0.035642584275789875,0.32644841882828163
BC049352,-0.06048835858319462,0.06048835858319462,0.09564766134716447
Amica1,0.013659647500806383,0.013659647500806383,0.7069405327603496
Fam55d,-0.010800491704981149,0.010800491704981149,0.7662622240268727
Mpzl3,-0.0372482624472414,0.0372482624472414,0.3051134475483676
Cd3e,0.047140376730893385,0.047140376730893385,0.19423470570878573
Cd3d,-0.039220257628381966,0.039220257628381966,0.2802028776307806
Ube4a,0.0013051956060789879,0.0013051956060789879,0.9713441154334379
Atp5l,0.04546797827363168,0.04546797827363168,0.21055163086812972
Pecr,0.003790430398842894,0.003790430398842894,0.9169127621508918
Tmem25,-0.06350331087364677,0.06350331087364677,0.08019599154635042
Xrcc5,0.04980452231377133,0.04980452231377133,0.17018573844457172
Phldb1,0.03243165844949132,0.03243165844949132,0.37194159969669277
Bcl9l,0.022054857691639496,0.022054857691639496,0.5437954764377358
Smarcal1,0.035815790183599976,0.035815790183599976,0.32410152478545806
Tns1,-0.05881002747659517,0.05881002747659517,0.10522920627707935
Hyou1,0.060661276074857495,0.060661276074857495,0.09470142985741908
Vps11,-0.037067205094765174,0.037067205094765174,0.30747192196054546
Mpzl2,-0.06350331087364679,0.06350331087364679,0.08019599154635042
Gm7609,0.12722836286450417,0.12722836286450417,0.00043815321305269435
Usp10,0.06513495177791674,0.06513495177791674,0.07271791706452192
C130026I21Rik,0.2857255218456378,0.2857255218456378,9.591447066668899e-16
Gab1,-0.07177354723099241,0.07177354723099241,0.04793381095971666
Gm4890,-0.030997325261307843,0.030997325261307843,0.39347311808164276
Zfp827,-0.03994470098941094,0.03994470098941094,0.27140801855654073
Dtymk,-0.0006119117990089754,0.0006119117990089754,0.9865630789435448
Ednra,0.01313030141985312,0.01313030141985312,0.7178025406240909
Prmt10,0.035010283219044716,0.035010283219044716,0.3351092252911377
0610038B21Rik,0.013130301419853115,0.013130301419853115,0.7178025406240909
Arhgap10,-0.07553846527213022,0.07553846527213022,0.0373425259549943
Nr3c2,0.032726654839824454,0.032726654839824454,0.36760537102752033
Pdcd1,0.047164724256047695,0.047164724256047695,0.1940041981059802
Tmem38a,0.02661579058889218,0.02661579058889218,0.4637604745911053
Ppip5k2,-0.0009956187880285153,0.0009956187880285153,0.9781389875860931
Gin1,-0.047415359432764245,0.047415359432764245,0.19164297723663992
B230216N24Rik,-0.0635033108736468,0.0635033108736468,0.08019599154635042
1700030K09Rik,-0.08317737697851213,0.08317737697851213,0.021834039670284754
Calr3,0.013130301419853118,0.013130301419853118,0.7178025406240909
Rnf152,-0.06350331087364681,0.06350331087364681,0.08019599154634913
Cib3,0.01858129502280078,0.01858129502280078,0.6090346243526004
Hsh2d,-0.005374479092453053,0.005374479092453053,0.8824048337413514
Tnfrsf11a,0.03452767389382845,0.03452767389382845,0.3418181474531983
Zfp617,-0.004687551443300276,0.004687551443300276,0.8973458756313991
Zfp709,0.021638866220583333,0.021638866220583333,0.5514222856866868
B3gnt3,0.014544351921220828,0.014544351921220828,0.688919872131952
Jak3,0.017374756589847776,0.017374756589847776,0.6324817612127591
Unc13a,0.03312167853989652,0.03312167853989652,0.3618482611930415
Vps4b,0.02984432011694275,0.02984432011694275,0.4113160315545156
Slc27a1,0.030317702519885845,0.030317702519885845,0.40393309202856326
Stk25,-8.443812318011178e-06,8.443812318011178e-06,0.9998145742710133
Rnf150,0.013130301419853121,0.013130301419853121,0.7178025406240909
Elmod2,-0.05333668560416305,0.05333668560416305,0.14182832492614417
Tecr,-0.026073269896791353,0.026073269896791353,0.47292418366674827
Asb1,0.02532517327099448,0.02532517327099448,0.48572176213806617
Phkb,-0.02571292648004109,0.02571292648004109,0.4790652886038401
Itfg1,-0.0013560536264433836,0.0013560536264433836,0.9702280229537338
Twist2,0.025960785128719303,0.025960785128719303,0.47483653477536697
Gpt2,-0.001205942727957772,0.001205942727957772,0.9735224049727541
Orc6,0.03631230409520574,0.03631230409520574,0.31743483161502
Gm6531,0.013130301419853115,0.013130301419853115,0.7178025406240909
Gpc1,-0.0045184736260416025,0.0045184736260416025,0.9010291951227474
Tnpo2,0.03157040243634982,0.03157040243634982,0.3847814863220299
Hook2,0.026307013780855502,0.026307013780855502,0.46896387344582274
9430060I03Rik,-0.0046442152272226376,0.0046442152272226376,0.8982897374954727
Mast1,0.056834386105285725,0.056834386105285725,0.1174651366223284
Klf1,0.013130301419853116,0.013130301419853116,0.7178025406240909
Tmem221,0.04687201465684815,0.04687201465684815,0.19678869762478687
Capn10,0.01995705885447188,0.01995705885447188,0.5827808761264031
Calr,0.017251545863874198,0.017251545863874198,0.634897584929331
Gpr35,0.013130301419853118,0.013130301419853118,0.7178025406240909
Dand5,-0.03008352918289274,0.03008352918289274,0.4075753499665898
Nfix,-0.06218951248858286,0.06218951248858286,0.08666045247099326
Mterfd2,-0.00907043998343727,0.00907043998343727,0.802859324768092
Pask,-0.00997320914752427,0.00997320914752427,0.7837029559123186
Cacna1a,-0.09205043188129523,0.09205043188129523,0.011121100172790822
4930432K21Rik,-0.06350331087364677,0.06350331087364677,0.08019599154635042
1700067K01Rik,0.013130301419853113,0.013130301419853113,0.7178025406240909
Samd1,0.03309333499109663,0.03309333499109663,0.3622594548471848
Lphn1,0.012925162354942607,0.012925162354942607,0.7220274251103035
Farp2,0.0456929617504169,0.0456929617504169,0.2083006833537989
Ptger1,0.01313030141985312,0.01313030141985312,0.7178025406240909
Syce2,0.027642433661098663,0.027642433661098663,0.4466926700778027
Gm10638,0.013130301419853121,0.013130301419853121,0.7178025406240909
Serpinb7,-0.05370984165589574,0.05370984165589574,0.13905778724341897
Plvap,-0.022458130638166093,0.022458130638166093,0.5364521907407772
3110009E18Rik,-0.04095937882505062,0.04095937882505062,0.25940994885134444
D130040H23Rik,0.02429234507428786,0.02429234507428786,0.5036931760440274
Steap3,-0.01990396671694932,0.01990396671694932,0.5837841946440263
Ints10,0.019770434546014546,0.019770434546014546,0.5863111862673352
Csgalnact1,0.018482554893501542,0.018482554893501542,0.6109389287117806
Ccdc93,0.014740065941155171,0.014740065941155171,0.6849566038099725
Naf1,0.09558285689680882,0.09558285689680882,0.008370709866119952
Npy1r,-0.035151259441325015,0.035151259441325015,0.33316555072932225
Ddx18,0.07508652870807064,0.07508652870807064,0.03849847244192788
Gpr39,0.013130301419853113,0.013130301419853113,0.7178025406240909
Tll1,0.03312167853989654,0.03312167853989654,0.3618482611930415
Ddx60,0.046865748418578296,0.046865748418578296,0.19684862502283587
Palld,0.013130301419853123,0.013130301419853123,0.7178025406240909
Mgat5,-0.010158040921820188,0.010158040921820188,0.7797965777566038
Sh3rf1,0.010166851619769851,0.010166851619769851,0.7796105032629199
Nek1,-0.006452560569124355,0.006452560569124355,0.8590419372176121
AW046200,0.013130301419853113,0.013130301419853113,0.7178025406240909
Scrg1,0.033121678539896525,0.033121678539896525,0.3618482611930415
Gpm6a,0.062105315205967807,0.062105315205967807,0.08708865965119726
Asb5,0.02712550153306771,0.02712550153306771,0.45524164656353516
Vegfc,0.03483041625234911,0.03483041625234911,0.33759965817100546
Neil3,0.009068361764034555,0.009068361764034555,0.8029035651810905
Odz3,-0.022157654288464668,0.022157654288464668,0.541918900858743
Dctd,0.047100980891599836,0.047100980891599836,0.19460810642636533
Dars,0.012061346071603097,0.012061346071603097,0.739909543515104
D030016E14Rik,0.03441428470114699,0.03441428470114699,0.3434067684158238
Stox2,0.01857437837477901,0.01857437837477901,0.6091679331008586
Zfp964,0.01858129502280077,0.01858129502280077,0.6090346243526004
Zfp963,0.009068361764034548,0.009068361764034548,0.8029035651810905
Tmem37,-0.006690701735815957,0.006690701735815957,0.853897055571445
Atp13a1,-0.004696104810268215,0.004696104810268215,0.8971596005664633
Ano8,-0.010436713292878593,0.010436713292878593,0.7739174049917146
Cdh19,0.03272665483982447,0.03272665483982447,0.36760537102752033
Dsel,-0.029462438142608426,0.029462438142608426,0.41732976052043946
Ankle1,0.013130301419853116,0.013130301419853116,0.7178025406240909
Nr2f6,0.07054657136092347,0.07054657136092347,0.051888676269729574
Ocel1,0.024114568579467678,0.024114568579467678,0.5068214823818258
Myo9b,0.006325334881356801,0.006325334881356801,0.8617930282289665
Mtap1s,-0.07693149343797298,0.07693149343797298,0.033963283873858954
Snora68,-0.0504728569441472,0.0504728569441472,0.16451782652990893
Arrdc2,0.07531198134674873,0.07531198134674873,0.037918078898428124
2010320M18Rik,-0.02685569385089203,0.02685569385089203,0.45973996283483737
Pik3r2,-0.027913420143379632,0.027913420143379632,0.442247799139395
Pde4c,0.013130301419853116,0.013130301419853116,0.7178025406240909
Serpinb8,-0.004446859893461584,0.004446859893461584,0.902589929111266
Gm3336,0.04479185100129299,0.04479185100129299,0.21742183076429075
Gdf15,-0.023979642164243226,0.023979642164243226,0.5092025470745479
Ssbp4,0.04970298049452838,0.04970298049452838,0.17105950806121986
Crlf1,0.04602533640898235,0.04602533640898235,0.20500723298673784
Klhl26,-0.02055619981032173,0.02055619981032173,0.5715145604182196
Cope,0.035661883504326655,0.035661883504326655,0.32618637517186544
Ddx49,0.09574608435323916,0.09574608435323916,0.008259757117655324
Armc6,0.042343335527626605,0.042343335527626605,0.24364406229736751
Slc25a42,0.034329636061808465,0.034329636061808465,0.34459578798709123
Ptpn4,0.05682724494425932,0.05682724494425932,0.11751130420227818
Tssk6,-0.0658333183245092,0.0658333183245092,0.06969618666381826
Cilp2,-0.14180747338755767,0.14180747338755767,8.753754134073233e-05
Pbx4,-0.06583331832450921,0.06583331832450921,0.06969618666381826
Lpar2,0.016627644533507027,0.016627644533507027,0.6471897889860649
Inhbb,-0.013755962651699306,0.013755962651699306,0.7049704879754981
Zwilch,0.03263260610547904,0.03263260610547904,0.3689843927595454
Heatr3,0.0497861897686463,0.0497861897686463,0.1703432429705157
Per2,0.0468901453288452,0.0468901453288452,0.1966153793850807
Fuk,-0.05460555020628514,0.05460555020628514,0.1325773570164163
Snora75,-0.06350331087364679,0.06350331087364679,0.08019599154635042
C130036L24Rik,-0.017202908597457364,0.017202908597457364,0.6358522991131467
Il34,-0.06350331087364679,0.06350331087364679,0.08019599154635042
Mtss1l,0.033121678539896525,0.033121678539896525,0.3618482611930415
Ftsjd1,0.021848767191533152,0.021848767191533152,0.5475673975975368
Zfp612,-0.03050920126157372,0.03050920126157372,0.40096908338294596
Marveld3,0.013130301419853115,0.013130301419853115,0.7178025406240909
Atxn1l,-0.0453460609972249,0.0453460609972249,0.21177871936061157
Pde6d,-0.06499416891820081,0.06499416891820081,0.07333984221970424
Pkd1l3,0.03432963606180845,0.03432963606180845,0.34459578798709123
Hp,0.030239209111209454,0.030239209111209454,0.4051517816536884
Txnl4b,0.003625067822998489,0.003625067822998489,0.9205252920564376
Gm1943,-0.017572537043336032,0.017572537043336032,0.6286120102320185
Zfhx3,0.050366992558415244,0.050366992558415244,0.16540604383479587
Wwp2,0.03270194218606194,0.03270194218606194,0.36796741805961525
Nqo1,0.03614482166997665,0.03614482166997665,0.3196735184815143
Nppc,-0.0365428890598767,0.0365428890598767,0.3143694962615829
Dis3l2,0.05018927022217965,0.05018927022217965,0.1669052506491161
Vps4a,0.02190838488185931,0.02190838488185931,0.5464749330973038
Sntb2,0.06008829066271938,0.06008829066271938,0.09786586051231257
Chtf8,-0.006300850746217708,0.006300850746217708,0.8623226591166777
Tmco7,0.0012973379631748322,0.0012973379631748322,0.9715165585000517
Cdh1,0.03272665483982446,0.03272665483982446,0.36760537102752033
Smpd3,0.03285405374901159,0.03285405374901159,0.36574245819104995
Slc7a6,-0.01563953645538916,0.01563953645538916,0.6668545674580042
Efhd1,0.034551869951779224,0.034551869951779224,0.34147976099394567
St3gal2,0.0028290727994412673,0.0028290727994412673,0.9379362865134049
Armc9,-0.022166518716316197,0.022166518716316197,0.5417572298340814
Exosc6,-0.003258125470644057,0.003258125470644057,0.9285472980904663
Pdpr,-0.043058868973851146,0.043058868973851146,0.23576167082331748
4632415K11Rik,0.033121678539896546,0.033121678539896546,0.3618482611930415
Wfdc1,-0.05033554180422643,0.05033554180422643,0.16567061284445267
Hsdl1,-0.027158424236320686,0.027158424236320686,0.45469444730476516
Sp140,0.2956657607517583,0.2956657607517583,8.479949044210755e-17
Osgin1,-0.027877357603150812,0.027877357603150812,0.44283785601792375
Cdh13,-0.03707175141578479,0.03707175141578479,0.30741255401867423
Sdr42e1,0.026312655621883507,0.026312655621883507,0.4688685108941922
Gan,0.05667606308373008,0.05667606308373008,0.11849203371946715
Pkd1l2,0.018581295022800766,0.018581295022800766,0.6090346243526004
1700030J22Rik,-0.035642584275789854,0.035642584275789854,0.32644841882828163
Cenpn,0.034383298459982205,0.034383298459982205,0.34384171372807415
2310061C15Rik,-0.13359020200538554,0.13359020200538554,0.00022133441881530056
Gpr55,0.08684349283825724,0.08684349283825724,0.01663420677359954
Dus2l,-0.056859688017281404,0.056859688017281404,0.11730167419893904
Dynlrb2,-0.021497224458766288,0.021497224458766288,0.5540310762581069
Wwox,0.010074032166946514,0.010074032166946514,0.7815714026273025
Clec3a,-0.06350331087364681,0.06350331087364681,0.08019599154634913
Vat1l,0.013130301419853118,0.013130301419853118,0.7178025406240909
Nudt7,-0.009365005920353177,0.009365005920353177,0.7965951498025607
Adat1,-0.04755081453410264,0.04755081453410264,0.19037567754537554
Tmem231,0.01858129502280077,0.01858129502280077,0.6090346243526004
Tmem170,-0.005061121462632973,0.005061121462632973,0.8892156773170884
Cfdp1,0.005025809454156577,0.005025809454156577,0.8899837070446356
Bcar1,0.02389744631313815,0.02389744631313815,0.5106559294153256
Ctrb1,0.013130301419853115,0.013130301419853115,0.7178025406240909
Zfp1,-0.04711550914685472,0.04711550914685472,0.19447034392948692
Wdr59,-0.07906061452647711,0.07906061452647711,0.02930379043274083
Mlkl,0.010533602102602622,0.010533602102602622,0.7718763436161808
Maf,0.012694604191118801,0.012694604191118801,0.7267859354322482
Nod2,-0.04575517358583425,0.04575517358583425,0.2076813413500607
Kcnj13,0.03312167853989654,0.03312167853989654,0.3618482611930415
Lcat,-0.06350331087364679,0.06350331087364679,0.08019599154635042
Csnk2a2,0.04538308418731681,0.04538308418731681,0.2114055395075185
Mmp15,0.022708930624224844,0.022708930624224844,0.5319105669678896
Zfp319,-0.03845687017746033,0.03845687017746033,0.2896774816363632
Cngb1,0.013130301419853113,0.013130301419853113,0.7178025406240909
Ccdc135,0.03312167853989654,0.03312167853989654,0.3618482611930415
Gpr97,-0.06350331087364686,0.06350331087364686,0.08019599154634913
Gpr56,0.0027767385573693997,0.0027767385573693997,0.9390821360962173
Gpr114,0.013130301419853111,0.013130301419853111,0.7178025406240909
Ccdc102a,0.03171076270044803,0.03171076270044803,0.38267069656471975
Dok4,-0.02597831955600957,0.02597831955600957,0.4745381538725225
Ccl17,0.06517115101352759,0.06517115101352759,0.07255870079011326
Ccl22,-0.012080100661131864,0.012080100661131864,0.7395197646730256
Pllp,0.013130301419853118,0.013130301419853118,0.7178025406240909
Rspry1,0.016110249883410626,0.016110249883410626,0.657457135670548
Cpne2,-0.025877859123658493,0.025877859123658493,0.47624906678889795
Nlrc5,0.06810661782667138,0.06810661782667138,0.06056486593617882
9330175E14Rik,-0.009973209147524295,0.009973209147524295,0.7837029559123186
Mt1,-0.057164878366786596,0.057164878366786596,0.11534400865905818
Fam132b,-0.0061473854912119895,0.0061473854912119895,0.8656437551050541
Mt3,0.039107769335313895,0.039107769335313895,0.2815856430551
Gnao1,0.013130301419853116,0.013130301419853116,0.7178025406240909
Ces1d,0.018192141654791136,0.018192141654791136,0.616555049105067
Lpcat2,-0.015569824966924509,0.015569824966924509,0.668250794673859
Mmp2,-0.1951321991332541,0.1951321991332541,5.867910240414955e-08
Fto,-0.041756178532342446,0.041756178532342446,0.2502488626663341
Rpgrip1l,0.03636908702460966,0.03636908702460966,0.3166781654991786
Tox3,0.013130301419853115,0.013130301419853115,0.7178025406240909
Col6a3,-0.16007558470491062,0.16007558470491062,9.235449889779587e-06
4930513N10Rik,0.0015840548201277933,0.0015840548201277933,0.9652252237616759
Slc38a7,0.06552583103645959,0.06552583103645959,0.07101371784708475
Cdh11,0.03272362175799647,0.03272362175799647,0.3676497945673592
Ctrl,0.034329636061808465,0.034329636061808465,0.34459578798709123
Edc4,-0.012317179267391135,0.012317179267391135,0.7345983192638513
Nutf2,-0.05350056898758753,0.05350056898758753,0.14060638755183083
Ngef,0.013130301419853111,0.013130301419853111,0.7178025406240909
E130303B06Rik,-0.03227114627001362,0.03227114627001362,0.3743142507595686
Atg16l1,-0.010580971248704784,0.010580971248704784,0.7708790365420165
Sag,0.024810988846326848,0.024810988846326848,0.49462513089031446
Usp40,0.03380677591866589,0.03380677591866589,0.35199815985082034
Dnajb3,0.03312167853989653,0.03312167853989653,0.3618482611930415
Agrp,-0.03564258427578985,0.03564258427578985,0.32644841882828163
Hjurp,0.023574320184658975,0.023574320184658975,0.5163903335439086
Zdhhc1,0.022058770832703148,0.022058770832703148,0.5437239821171428
Lrrc29,0.022772372094156487,0.022772372094156487,0.5307648226518682
Dpep2,0.018422803465373526,0.018422803465373526,0.6120925740858131
Elmo3,0.025445284395320702,0.025445284395320702,0.48365451688903216
Nol3,0.06523795824660442,0.06523795824660442,0.07226560824609637
Hsf4,0.03312167853989653,0.03312167853989653,0.3618482611930415
Fbxl8,0.02813733863999304,0.02813733863999304,0.43859409821375717
B3gnt9-ps,0.03855170368966422,0.03855170368966422,0.2884889043821142
Ces2g,0.013130301419853116,0.013130301419853116,0.7178025406240909
Ces2b,0.013130301419853115,0.013130301419853115,0.7178025406240909
Glrp1,-0.06350331087364679,0.06350331087364679,0.08019599154635042
Sh3bp4,-0.010196640885947756,0.010196640885947756,0.7789814725312673
Car7,0.01808726398093029,0.01808726398093029,0.6185887530301319
Agap1,0.022702264577740557,0.022702264577740557,0.5320310274238911
Dync1li2,0.05404208180430354,0.05404208180430354,0.13662620559191813
Cmtm3,-0.044761480037690794,0.044761480037690794,0.2177341655890313
Bean1,0.032726654839824454,0.032726654839824454,0.36760537102752033
4931428F04Rik,0.03840198686087844,0.03840198686087844,0.2903668522357309
Enpp6,0.03312167853989654,0.03312167853989654,0.3618482611930415
Pard3b,-0.005710297377954974,0.005710297377954974,0.875115440107995
Slc24a1,-0.0005240380269255099,0.0005240380269255099,0.988492547177059
Fam135a,0.02879239894991789,0.02879239894991789,0.42800537993210963
Srpk3,-0.03571699730198945,0.03571699730198945,0.32543879507286083
Plxnb3,0.033121678539896525,0.033121678539896525,0.3618482611930415
Abcd1,-0.029835852067599908,0.029835852067599908,0.4114488240790956
Slc6a8,-0.03270590675809566,0.03270590675809566,0.36790932109388097
Pnck,0.01848781810542962,0.01848781810542962,0.6108373558365575
Dusp9,0.033121678539896546,0.033121678539896546,0.3618482611930415
Col19a1,0.013130301419853118,0.013130301419853118,0.7178025406240909
Haus7,0.05914715768094076,0.05914715768094076,0.10324586123416983
Xlr4c,0.013003795397220911,0.013003795397220911,0.7204069516645931
Xlr4b,0.10857782898363914,0.10857782898363914,0.002724517831705645
Xlr3b,0.02050808730123613,0.02050808730123613,0.5724154439940968
Xlr3a,0.033121678539896525,0.033121678539896525,0.3618482611930415
Nsdhl,0.05161310833232963,0.05161310833232963,0.15517706315244142
Gabra3,-0.03536687060769889,0.03536687060769889,0.33020694179158955
Gabre,-0.06350331087364681,0.06350331087364681,0.08019599154634913
Prrg3,0.013130301419853111,0.013130301419853111,0.7178025406240909
Mtm1,0.02762533721089993,0.02762533721089993,0.4469739438153166
BC023829,0.0027645704716449614,0.0027645704716449614,0.9393485724472516
Ids,0.004816170823846752,0.004816170823846752,0.8945454068298758
Fmr1nb,0.033121678539896546,0.033121678539896546,0.3618482611930415
Atp11c,0.043283861473316865,0.043283861473316865,0.23332075870062127
F9,0.04736605443628697,0.04736605443628697,0.1921058022126081
Fgf13,-0.06350331087364683,0.06350331087364683,0.08019599154634913
Prim2,-0.010169606821126047,0.010169606821126047,0.779552318325097
Cd40lg,0.013130301419853116,0.013130301419853116,0.7178025406240909
1700001G17Rik,-0.009973209147524292,0.009973209147524292,0.7837029559123186
L1cam,0.029092960378965006,0.029092960378965006,0.42319709187835064
Mtap7d3,0.04687201465684815,0.04687201465684815,0.19678869762478687
Hcfc1,0.046684873004662494,0.046684873004662494,0.19858418636067512
Tmem14a,0.013130301419853121,0.013130301419853121,0.7178025406240909
Fam123b,-0.013597177572332397,0.013597177572332397,0.7082193512600768
Zxda,0.007621836503817757,0.007621836503817757,0.8338419390561629
Gspt2,0.013130301419853113,0.013130301419853113,0.7178025406240909
Maged1,0.025868926607964873,0.025868926607964873,0.4764013570612228
Klhl15,-0.0672779099497838,0.0672779099497838,0.06377180964770263
Jph1,0.04687175851753929,0.04687175851753929,0.19679114696100253
Pdk3,0.025167411036687435,0.025167411036687435,0.4884442584678102
Pcyt1b,0.033121678539896525,0.033121678539896525,0.3618482611930415
Pola1,0.03545863322847238,0.03545863322847238,0.32895294364035943
Pi15,-0.08973404676499154,0.08973404676499154,0.013334098370512054
Tab3,0.00919968044973363,0.00919968044973363,0.8001093428382134
Tmem47,-0.03873869096675765,0.03873869096675765,0.2861549606706317
Prrg1,0.008443154067849908,0.008443154067849908,0.8162407730779356
Pls3,0.054569689519279804,0.054569689519279804,0.13283224219545015
4933407K13Rik,-0.0009037938975203627,0.0009037938975203627,0.9801547700621192
Rab39b,0.06437054830445621,0.06437054830445621,0.07614718191377075
Vbp1,-0.03678941420901473,0.03678941420901473,0.31111381466378746
Crispld1,0.0324446542058809,0.0324446542058809,0.37174990776848754
Il17a,-0.06350331087364677,0.06350331087364677,0.08019599154635042
F8,0.013130301419853115,0.013130301419853115,0.7178025406240909
Mpp1,0.031452413836329976,0.031452413836329976,0.3865613280584512
Gab3,-0.006304084571442143,0.006304084571442143,0.862252702774261
G6pdx,0.006380692458517442,0.006380692458517442,0.8605957845102097
Ikbkg,-0.022336046048623596,0.022336046048623596,0.5386699904112228
Paqr8,0.041309213536526404,0.041309213536526404,0.2553596205670836
Plxna3,0.03454615752237484,0.03454615752237484,0.3415596311002469
Efhc1,0.013130301419853121,0.013130301419853121,0.7178025406240909
Dnase1l1,0.014495939059124836,0.014495939059124836,0.6899015685326849
Fhl1,0.021139281649958857,0.021139281649958857,0.5606504971985323
Rab23,0.0006014413673823218,0.0006014413673823218,0.9867929771534325
Mmgt1,-0.03815249225534033,0.03815249225534033,0.29351454913457886
Klhl13,0.01811153246291731,0.01811153246291731,0.6181178979555167
Gm5124,0.032726654839824544,0.032726654839824544,0.3676053710275183
Zfp300,0.01313030141985312,0.01313030141985312,0.7178025406240909
A230072C01Rik,0.007224699434408774,0.007224699434408774,0.8423832263996852
Lman2l,0.01816989274740805,0.01816989274740805,0.6169862374935964
Syn1,0.03340296126739423,0.03340296126739423,0.35778339325075104
Araf,0.07359174318573039,0.07359174318573039,0.04254027783267885
Cnnm3,0.051501302333243695,0.051501302333243695,0.15607479317223247
Rp2h,-0.06225338010597509,0.06225338010597509,0.08633677003623781
Ankrd23,0.04634365889997843,0.04634365889997843,0.2018886020142906
4930578C19Rik,0.013130301419853115,0.013130301419853115,0.7178025406240909
Maob,0.018581166873012873,0.018581166873012873,0.6090370941433212
Maoa,0.044022414493940065,0.044022414493940065,0.2254341749347297
Gpr82,0.046872014656848156,0.046872014656848156,0.19678869762478687
Gpr34,0.03257644896581378,0.03257644896581378,0.36980934518821623
Cask,0.039051172513395585,0.039051172513395585,0.2822831054525172
Ddx3x,0.0475909746762674,0.0475909746762674,0.19000113103209862
Usp9x,0.15552517928426765,0.15552517928426765,1.6570220448711734e-05
Med14,0.11384114380127541,0.11384114380127541,0.0016697320616632992
Gm4984,0.03312167853989653,0.03312167853989653,0.3618482611930415
Fam178b,0.013130301419853118,0.013130301419853118,0.7178025406240909
Tspan7,-0.006861025819358326,0.006861025819358326,0.8502211037409116
Rpgr,0.054780520542982304,0.054780520542982304,0.13133914758069265
Srpx,-0.017141489818615574,0.017141489818615574,0.63705876826242
1700012L04Rik,0.007950902616963112,0.007950902616963112,0.8267794131530285
Xk,0.047366054436286935,0.047366054436286935,0.19210580221260992
B630019K06Rik,0.028688992191869787,0.028688992191869787,0.42966695831130153
Dock11,0.07628037323131973,0.07628037323131973,0.03550884966600044
Il13ra1,0.06558596912225054,0.06558596912225054,0.07075444533340365
Zcchc12,-0.03564258427578984,0.03564258427578984,0.32644841882828163
Neurl3,-0.07177804050840343,0.07177804050840343,0.047919806127878266
Ddx26b,0.02969419816937119,0.02969419816937119,0.41367394598808277
Zfp449,0.03312167853989653,0.03312167853989653,0.3618482611930415
3830403N18Rik,0.0685108071570138,0.0685108071570138,0.05904980504380072
Cxx1c,0.04624185174454636,0.04624185174454636,0.20288223770590194
Fam122b,-0.00346080169615484,0.00346080169615484,0.9241154902545894
C430049B03Rik,-0.10990693374908249,0.10990693374908249,0.0024122718064180084
Bag2,-0.013602300479558375,0.013602300479558375,0.708114449535349
Gpc3,0.047407260065003363,0.047407260065003363,0.19171894959141636
Gpc4,0.04915913813123032,0.04915913813123032,0.17579642245054303
Hs6st2,-0.06350331087364683,0.06350331087364683,0.08019599154634913
Gm15455,-0.03564258427578983,0.03564258427578983,0.32644841882828163
6720401G13Rik,0.01808364449516883,0.01808364449516883,0.6186589913928764
Igsf1,0.013130301419853116,0.013130301419853116,0.7178025406240909
Zc4h2,0.03191680770234815,0.03191680770234815,0.3795849747891176
Enox2,-0.020956173443044325,0.020956173443044325,0.5640514244941053
Bcorl1,0.03703690765468855,0.03703690765468855,0.30786775324193993
Xpnpep2,0.013130301419853118,0.013130301419853118,0.7178025406240909
Apln,0.03312167853989653,0.03312167853989653,0.3618482611930415
Ocrl,0.0012514092321855128,0.0012514092321855128,0.9725245322879429
Sh2d1a,0.013130301419853118,0.013130301419853118,0.7178025406240909
Gria3,0.03162605761985215,0.03162605761985215,0.3839436742795362
C1galt1c1,0.08370261839175484,0.08370261839175484,0.021011671831813773
Fam70a,0.013130301419853111,0.013130301419853111,0.7178025406240909
Rhox8,0.0514503906403492,0.0514503906403492,0.15648488189602602
Arhgef4,0.03432963606180845,0.03432963606180845,0.34459578798709123
Plekhb2,0.08515553190296388,0.08515553190296388,0.018875635483637732
C330007P06Rik,0.018496928541819908,0.018496928541819908,0.6106615543971217
Slc25a43,0.013130301419853121,0.013130301419853121,0.7178025406240909
Zfp280c,-0.04921001183961284,0.04921001183961284,0.17534921135592063
Zc3h12b,0.01313030141985312,0.01313030141985312,0.7178025406240909
F630028O10Rik,0.013130301419853111,0.013130301419853111,0.7178025406240909
Vsig4,0.013130301419853115,0.013130301419853115,0.7178025406240909
Shroom2,0.013130301419853118,0.013130301419853118,0.7178025406240909
Gpr173,-0.06350331087364683,0.06350331087364683,0.08019599154634913
2900056M20Rik,0.017259928976794257,0.017259928976794257,0.6347330916655877
Iqsec2,0.0071085904002536155,0.0071085904002536155,0.8448839488149692
Ribc1,0.013130301419853115,0.013130301419853115,0.7178025406240909
A230072E10Rik,-0.009973209147524248,0.009973209147524248,0.7837029559123186
Fgd1,0.013130301419853113,0.013130301419853113,0.7178025406240909
Mybl1,-0.06350331087364681,0.06350331087364681,0.08019599154634913
Maged2,-0.04306745985624223,0.04306745985624223,0.23566813968979797
Pfkfb1,0.03272665483982446,0.03272665483982446,0.36760537102752033
1700034P13Rik,0.013130301419853121,0.013130301419853121,0.7178025406240909
Capn6,-0.06350331087364679,0.06350331087364679,0.08019599154635042
Pak3,0.033121678539896525,0.033121678539896525,0.3618482611930415
Chrdl1,-0.0005079796927192331,0.0005079796927192331,0.9888451519649215
Ammecr1,-0.013089709211208422,0.013089709211208422,0.7186378676804961
Acsl4,0.07549715198211827,0.07549715198211827,0.037446956627321316
Col4a5,-0.08986502741961731,0.08986502741961731,0.013199305324327127
6030422M02Rik,0.03312167853989654,0.03312167853989654,0.3618482611930415
Rbm41,0.007508045047010447,0.007508045047010447,0.8362873162321045
Morc4,-0.11012770374796918,0.11012770374796918,0.002363692384631225
Nrk,0.013130301419853113,0.013130301419853113,0.7178025406240909
Fam199x,0.028452396739690262,0.028452396739690262,0.4334826987148599
Mcart6,0.050049790603343726,0.050049790603343726,0.1680889754169223
BC065397,0.021433246534713957,0.021433246534713957,0.5552114099851833
Tceal1,-0.015137209499269031,0.015137209499269031,0.6769409693125701
Tceal3,0.018580869987187977,0.018580869987187977,0.6090428159479166
Cops5,-0.03260347450967087,0.03260347450967087,0.36941219531142255
Usp51,0.013130301419853115,0.013130301419853115,0.7178025406240909
Mageh1,-0.04757747680455996,0.04757747680455996,0.1901269560732779
Rragb,0.01796640425601058,0.01796640425601058,0.620935988122894
2210013O21Rik,0.046538621994825356,0.046538621994825356,0.19999565820732357
Arhgap6,0.0791383431661876,0.0791383431661876,0.029144620516281094
Tlr7,-0.07929329723168019,0.07929329723168019,0.028829525814154846
Egfl6,0.03312167853989654,0.03312167853989654,0.3618482611930415
Tceanc,-0.01642562067519072,0.01642562067519072,0.6511909834825877
Rab9,-0.004572626770233324,0.004572626770233324,0.899849246538864
Gpm6b,0.0612242937564301,0.0612242937564301,0.0916722855028513
Gemin8,-0.017564939892500422,0.017564939892500422,0.6287604682341839
Fancb,-0.06583331832450916,0.06583331832450916,0.06969618666381826
Mospd2,0.046163416529084116,0.046163416529084116,0.20365018480164562
Piga,-0.016520153794093627,0.016520153794093627,0.6493174452105772
Figf,0.026136396771450243,0.026136396771450243,0.471852821168099
Pir,0.0467435187452773,0.0467435187452773,0.19802024147994204
Car5b,0.06263844295899892,0.06263844295899892,0.08440585961411387
Tceal5,0.013130301419853115,0.013130301419853115,0.7178025406240909
Reps2,0.028895656846896822,0.028895656846896822,0.42634992430473134
Rai2,0.0328347283609368,0.0328347283609368,0.3660246680791182
Cdkl5,0.033121678539896525,0.033121678539896525,0.3618482611930415
Phka2,-0.0077113008331697805,0.0077113008331697805,0.8319204759867453
Gpr64,0.004736509407765335,0.004736509407765335,0.8962797466445414
Map3k15,0.013130301419853121,0.013130301419853121,0.7178025406240909
Rps6ka3,0.05726337856478403,0.05726337856478403,0.11471767494596652
Yy2,-0.028157284429918855,0.028157284429918855,0.4382694827090589
Mbtps2,0.027958861140317953,0.027958861140317953,0.4415049312130056
Gm6568,0.013130301419853113,0.013130301419853113,0.7178025406240909
Adhfe1,0.03312167853989653,0.03312167853989653,0.3618482611930415
Phex,0.013130301419853113,0.013130301419853113,0.7178025406240909
Ptchd1,0.03312167853989653,0.03312167853989653,0.3618482611930415
Sat1,0.037812480496418735,0.037812480496418735,0.29784089401003194
Nhs,0.01313030141985312,0.01313030141985312,0.7178025406240909
Porcn,0.03672592134060833,0.03672592134060833,0.31195018968213434
Tceal8,0.007075535004767262,0.007075535004767262,0.8455961727798281
Gprasp2,0.04683689472366135,0.04683689472366135,0.1971247404814593
Slc16a2,-0.02667213878813516,0.02667213878813516,0.4628143890911275
B230206F22Rik,0.024401582452138613,0.024401582452138613,0.5017760004124326
Enox,-0.08627947241262204,0.08627947241262204,0.017355742167910543
Xist,0.02277237209415648,0.02277237209415648,0.5307648226518682
Chic1,0.013081624743388792,0.013081624743388792,0.7188042740722083
Phka1,0.026863274157512163,0.026863274157512163,0.45961324352164595
Hdac8,-0.06737516745374189,0.06737516745374189,0.06338833783350316
Cited1,-0.02270485745350929,0.02270485745350929,0.5319841705766164
Rdh10,0.02836090294420331,0.02836090294420331,0.43496351088234436
Rgag4,0.006897115997108703,0.006897115997108703,0.8494426160071255
Nhsl2,0.013130301419853121,0.013130301419853121,0.7178025406240909
Cxcr3,0.05865073849349581,0.05865073849349581,0.10617674575617782
Stau2,0.049182419376226506,0.049182419376226506,0.17559166078686064
Itgb1bp2,0.036328157260931,0.036328157260931,0.31722345987365
Nono,-0.025844122555659283,0.025844122555659283,0.47682438042488706
Zmym3,-0.07118237641243844,0.07118237641243844,0.04980656910262138
Gm614,0.007950902616963114,0.007950902616963114,0.8267794131530285
Dlg3,0.04718239742473541,0.04718239742473541,0.193837004839378
Kif4,0.03632815726093099,0.03632815726093099,0.31722345987365
Awat2,0.01313030141985312,0.01313030141985312,0.7178025406240909
Eda,0.0023606928353989633,0.0023606928353989633,0.9481956724317735
Pja1,0.0960680911044569,0.0960680911044569,0.00804471897492158
Efnb1,0.07974017966288754,0.07974017966288754,0.027937146380549362
Stard8,0.01313030141985312,0.01313030141985312,0.7178025406240909
Yipf6,0.04557110655515228,0.04557110655515228,0.2095176671572957
Ophn1,-0.026274098322543942,0.026274098322543942,0.4695204482028194
Ar,0.046082372034582667,0.046082372034582667,0.20444589492697662
Abcb7,0.042658988343507974,0.042658988343507974,0.24014431049242016
Uprt,0.04634365889997846,0.04634365889997846,0.2018886020142906
Zdhhc15,-0.009973209147524253,0.009973209147524253,0.7837029559123186
Magee1,0.033121678539896546,0.033121678539896546,0.3618482611930415
Zmat1,-0.015720677997007437,0.015720677997007437,0.6652308610390381
Nxf2,0.018581295022800773,0.018581295022800773,0.6090346243526004
Armcx2,0.030107809121999132,0.030107809121999132,0.4071968020747845
Armcx3,0.053046425280129796,0.053046425280129796,0.1440125028388581
Armcx1,-0.06332998735370485,0.06332998735370485,0.08102574242804524
Gla,-0.008813413579970491,0.008813413579970491,0.8083355539255433
Prex2,-0.017709062444441585,0.017709062444441585,0.6259466894978889
Tmem35,0.013130301419853111,0.013130301419853111,0.7178025406240909
Sulf1,-0.04754441119380545,0.04754441119380545,0.19043544729711567
Cstf2,-0.010799308284121158,0.010799308284121158,0.7662870909399654
Srpx2,-0.07349083067168061,0.07349083067168061,0.04282558943478318
Slco5a1,0.03632815726093099,0.03632815726093099,0.31722345987365
Pcdh19,-0.015348772204732002,0.015348772204732002,0.6726857450039232
Bhlhb9,-0.0026426744238370447,0.0026426744238370447,0.9420180168601089
3110007F17Rik,0.02262515686413533,0.02262515686413533,0.5334254232506785
Apool,0.024462871645223785,0.024462871645223785,0.5007020322045758
Hdx,0.013130301419853116,0.013130301419853116,0.7178025406240909
Lactb2,0.046099870663610765,0.046099870663610765,0.20427389932295237
2610002M06Rik,-0.024081549876975535,0.024081549876975535,0.50740362767778
Itm2a,-0.15303890637710232,0.15303890637710232,2.264956269935492e-05
Zcchc5,0.013130301419853116,0.013130301419853116,0.7178025406240909
Gm5127,0.013130301419853118,0.013130301419853118,0.7178025406240909
Cysltr1,0.0351626664432976,0.0351626664432976,0.33300859773379554
Taf9b,-0.006716858057174533,0.006716858057174533,0.853332339290762
Gm5523,-0.03257320327795729,0.03257320327795729,0.3698570595182527
Atp7a,-0.002325659405629155,0.002325659405629155,0.9489634098899652
Eya1,-0.04288764917022153,0.04288764917022153,0.23763125384966757
Msc,0.04651426813977695,0.04651426813977695,0.2002314061864441
Klhl4,-0.03478073595526121,0.03478073595526121,0.3382896167124384
2900002K06Rik,0.013130301419853116,0.013130301419853116,0.7178025406240909
Zap70,0.03312167853989654,0.03312167853989654,0.3618482611930415
Gm6787,-0.06350331087364676,0.06350331087364676,0.08019599154635042
Trpc1,0.03272665483982446,0.03272665483982446,0.36760537102752033
Pcolce2,0.00243924048498603,0.00243924048498603,0.9464745214052956
4930558J18Rik,-0.0020645990220843624,0.0020645990220843624,0.9546858391431687
Chst2,0.013130301419853118,0.013130301419853118,0.7178025406240909
Slc9a9,-0.005084094800454866,0.005084094800454866,0.8887160670891135
1190002N15Rik,-0.07166332334074665,0.07166332334074665,0.04827843775581814
Plod2,0.03300424492602747,0.03300424492602747,0.36355382898049843
B430319G15Rik,0.013130301419853121,0.013130301419853121,0.7178025406240909
Plscr4,0.05199702061159799,0.05199702061159799,0.15212426885516697
Plscr2,0.03595512747199617,0.03595512747199617,0.32222152162969175
1700066M21Rik,0.04327037123922946,0.04327037123922946,0.23346660644383693
Tbc1d2b,0.03505931639424755,0.03505931639424755,0.3344323673657954
Adamts7,-0.021530473115176307,0.021530473115176307,0.5534181536432469
9430016H08Rik,-0.07377451815655889,0.07377451815655889,0.042027599161906265
9330159M07Rik,0.03312167853989654,0.03312167853989654,0.3618482611930415
Zfp949,0.0014461243157684112,0.0014461243157684112,0.9682515424176258
Nt5e,0.1566066943633896,0.1566066943633896,1.4442080620342284e-05
Me1,0.03325741478572163,0.03325741478572163,0.3598831184427738
Rwdd2a,0.030263311236232163,0.030263311236232163,0.40477733860948995
Dopey1,0.03629165214052343,0.03629165214052343,0.3177103242427927
Ube2cbp,0.046296880670793863,0.046296880670793863,0.2023447159782738
Tpbg,-0.053419633112983415,0.053419633112983415,0.14120884309436776
Bckdhb,0.001014343337041586,0.001014343337041586,0.9777279543066719
Ttk,0.01858129502280077,0.01858129502280077,0.6090346243526004
Sh3bgrl2,0.03649177442141688,0.03649177442141688,0.31504731926172846
Lca5,0.04041387698630408,0.04041387698630408,0.26581388889768054
Irak1bp1,0.00865147886197779,0.00865147886197779,0.8117905869781092
Pls1,0.0663969185787215,0.0663969185787215,0.06733327440608389
Atr,0.04557856160218064,0.04557856160218064,0.20944306536680557
Xrn1,0.12254913306926937,0.12254913306926937,0.000710086446438621
Gk5,0.01313030141985312,0.01313030141985312,0.7178025406240909
Ppm1m,-0.0041883002002584,0.0041883002002584,0.9082280069953433
Wdr82,-0.024592386965980383,0.024592386965980383,0.49843654651601793
Glyctk,0.013130301419853113,0.013130301419853113,0.7178025406240909
Pms1,0.05902686441155059,0.05902686441155059,0.10395011795444321
Acpp,0.03312167853989654,0.03312167853989654,0.3618482611930415
Acad11,0.055907357918301245,0.055907357918301245,0.12357811186180612
Topbp1,0.04923427438959959,0.04923427438959959,0.17513622723977568
Rab6b,0.059334212368304474,0.059334212368304474,0.10215827645000947
Slco2a1,-0.018415581335950778,0.018415581335950778,0.6122320798352029
Amotl2,-0.07482224633111158,0.07482224633111158,0.039188404646363945
Cep63,-0.04035452250834807,0.04035452250834807,0.26651717998901187
Ppp2r3a,0.05470640598671646,0.05470640598671646,0.13186253596359968
Hecw2,-0.03250130409529882,0.03250130409529882,0.37091501661766607
Impg1,0.032269002158356604,0.032269002158356604,0.3743460075806653
Pccb,0.03007066658651046,0.03007066658651046,0.4077759751739962
Il20rb,0.046886852728575804,0.046886852728575804,0.19664684635450913
Dbr1,0.03231496645154589,0.03231496645154589,0.373665586526713
Mras,0.032540151925679085,0.032540151925679085,0.3703431594537268
Pik3cb,0.048460475949862164,0.048460475949862164,0.18202422980016442
Gm1123,-0.004924339753596119,0.004924339753596119,0.8921912255410175
Rftn2,-0.05581988219599053,0.05581988219599053,0.12416750674117978
4930579K19Rik,-0.009973209147524295,0.009973209147524295,0.7837029559123186
Rbp1,-0.055045954649237436,0.055045954649237436,0.12947786202006722
Clstn2,0.03312167853989653,0.03312167853989653,0.3618482611930415
Acpl2,0.033121678539896546,0.033121678539896546,0.3618482611930415
E030011O05Rik,0.033121678539896546,0.033121678539896546,0.3618482611930415
Plcl1,0.03312167853989654,0.03312167853989654,0.3618482611930415
Tfdp2,-0.09663723017404785,0.09663723017404785,0.007676850034102706
Gtf3c3,0.0480068527042432,0.0480068527042432,0.18615432625604128
Tlr9,0.046872014656848156,0.046872014656848156,0.19678869762478687
Myo6,0.0404937470943636,0.0404937470943636,0.26486952234489297
Col12a1,-0.07353802168522451,0.07353802168522451,0.0426919651645391
Fzd7,-0.02795244269524092,0.02795244269524092,0.441609816467031
9530091C08Rik,-0.03490958561001431,0.03490958561001431,0.33650202270666846
Rora,0.0537074796121556,0.0537074796121556,0.13907519273229163
LOC434412,0.03312167853989654,0.03312167853989654,0.3618482611930415
Tln2,0.018474724996653,0.018474724996653,0.6110900489632686
Gm973,0.013130301419853113,0.013130301419853113,0.7178025406240909
Bmpr2,0.0466572609594003,0.0466572609594003,0.1988501127063293
Rab8b,0.04292867816325869,0.04292867816325869,0.2371823008076312
Aph1c,0.0033553401783278495,0.0033553401783278495,0.9264212737950845
Aph1b,0.03895179769330185,0.03895179769330185,0.2835105624118069
Carf,-0.021497224458766295,0.021497224458766295,0.5540310762581069
Fbxl22,-0.029056364001005558,0.029056364001005558,0.42378085637779034
Herc1,0.10584232142702199,0.10584232142702199,0.0034859868056164732
Dapk2,0.022021960534988304,0.022021960534988304,0.5443967023492284
Nbeal1,0.05112104361432768,0.05112104361432768,0.15915746600424407
Snx22,-0.07885011158811492,0.07885011158811492,0.02973860380473427
Ppib,-0.014991525233618522,0.014991525233618522,0.6798771662366583
Csnk1g1,0.06538535994891867,0.06538535994891867,0.07162235841327681
2810417H13Rik,-0.029177603440110972,0.029177603440110972,0.421848715487237
Cyp20a1,0.05611807798834649,0.05611807798834649,0.12216726950068145
Zfp609,0.03151885413021473,0.03151885413021473,0.3855584693924101
Abi2,0.02630472978675067,0.02630472978675067,0.4690024822411311
Rbpms2,0.013130301419853113,0.013130301419853113,0.7178025406240909
Raph1,0.08849688952369772,0.08849688952369772,0.014668370344560179
Parp16,0.018502167743535164,0.018502167743535164,0.6105604651921279
Igdcc4,-0.0635033108736468,0.0635033108736468,0.08019599154635042
Ptplad1,0.0816491294207736,0.0816491294207736,0.024387722926649244
Ccnb2,0.01026327601394605,0.01026327601394605,0.7775749273689906
Als2cr4,0.05735647206977561,0.05735647206977561,0.11412817865180165
Adam10,0.05069156546811895,0.05069156546811895,0.16269419201940283
Aldh1a2,0.042178562627365926,0.042178562627365926,0.24548509512229247
Gm10635,-0.06350331087364693,0.06350331087364693,0.08019599154634913
Cd109,-0.015069452815934293,0.015069452815934293,0.678305966790219
E330016A19Rik,0.0548229656818474,0.0548229656818474,0.1310401296422852
Gsta4,0.033121678539896525,0.033121678539896525,0.3618482611930415
C920006O11Rik,0.03399692538419554,0.03399692538419554,0.3492945797637157
Gclc,-0.0015003482351811778,0.0015003482351811778,0.9670617642682999
Lrrc1,-0.03927952955868376,0.03927952955868376,0.27947613100071933
2310046A06Rik,-0.08986646357438077,0.08986646357438077,0.013197834056651052
Hcrtr2,0.026312655621883528,0.026312655621883528,0.4688685108941922
Bmp5,-0.05915593713489461,0.05915593713489461,0.10319461053670412
Lysmd2,0.06224909104801996,0.06224909104801996,0.0863584765035058
Tmod2,0.010267059000105876,0.010267059000105876,0.7774950972496977
Leo1,0.011038466962943201,0.011038466962943201,0.7612666276275132
Spats2l,-0.02701886601453703,0.02701886601453703,0.4570165442525901
4933433G15Rik,0.032726654839824454,0.032726654839824454,0.36760537102752033
Sgol2,0.034329636061808465,0.034329636061808465,0.34459578798709123
Rab27a,0.04053583022625702,0.04053583022625702,0.26437286995790127
Pigb,0.0015840548201278002,0.0015840548201278002,0.9652252237616759
Nif3l1,-0.01426241009144676,0.01426241009144676,0.6946442671999417
Gm5918,0.018578808495333277,0.018578808495333277,0.6090825472116488
Dyx1c1,-0.004924339753596121,0.004924339753596121,0.8921912255410175
Prtg,0.013130301419853111,0.013130301419853111,0.7178025406240909
Rfx7,0.002500337368591201,0.002500337368591201,0.9451359268343752
4930509E16Rik,0.01313030141985312,0.01313030141985312,0.7178025406240909
Tex9,0.01649638855156372,0.01649638855156372,0.6497882374476092
Mns1,0.0721188172579935,0.0721188172579935,0.046867614229820644
Cgnl1,0.018170498810564713,0.018170498810564713,0.6169744901179571
Gm20257,-0.08631513722924172,0.08631513722924172,0.01730931894108863
Gnb5,0.010253056719333664,0.010253056719333664,0.7777905908122801
Ctla4,0.1291042555283512,0.1291042555283512,0.0003593820832059225
Mstn,-0.03564258427578983,0.03564258427578983,0.32644841882828163
Acy1,0.042133052969463014,0.042133052969463014,0.24599529324827832
Cck,-0.07664313437151057,0.07664313437151057,0.03464053432945235
Rev1,0.0675738440973382,0.0675738440973382,0.06261089441487351
Ulk4,0.001584054820127766,0.001584054820127766,0.9652252237616759
Tbc1d8,0.03914726034643114,0.03914726034643114,0.2810996733053662
Slc25a38,0.022584893749051125,0.022584893749051125,0.5341542629151584
Xirp1,0.013130301419853113,0.013130301419853113,0.7178025406240909
Creg2,0.06637466217807354,0.06637466217807354,0.06742532100032782
Ttc21a,0.030622185788456758,0.030622185788456758,0.39922644540696095
Exog,-0.04556921387802178,0.04556921387802178,0.2095366100141139
Acvr2b,0.022498937329606346,0.022498937329606346,0.5357119164662436
Il1r2,0.02408748149300279,0.02408748149300279,0.5072990228770491
Oxsr1,0.09764617592884645,0.09764617592884645,0.007061528897721318
Slc22a13b,0.013130301419853115,0.013130301419853115,0.7178025406240909
Acaa1b,-0.02149722445876629,0.02149722445876629,0.5540310762581069
Dlec1,-0.06350331087364679,0.06350331087364679,0.08019599154635042
Plcd1,-0.06829764310133754,0.06829764310133754,0.05984486785198275
Vill,0.08111919224270416,0.08111919224270416,0.02533164963991133
Ctdspl,0.02381594519661049,0.02381594519661049,0.5120991612830522
Itga9,-0.04730263879961194,0.04730263879961194,0.19270228871657857
Il1r1,-0.04820951277716901,0.04820951277716901,0.1843007068097926
Il18r1,-0.0635033108736468,0.0635033108736468,0.08019599154635042
Rbms3,-0.00041452300511432875,0.00041452300511432875,0.9908972909266006
Stmn1-rs1,0.045886900029460505,0.045886900029460505,0.20637435741198093
Osbpl10,-0.06350331087364677,0.06350331087364677,0.08019599154635042
Gpd1l,-0.024348044277321075,0.024348044277321075,0.5027151426669973
Cmtm8,-0.05244716568958817,0.05244716568958817,0.1486031732896913
Tgfbrap1,-0.0008171461058104736,0.0008171461058104736,0.9820570186728083
Sec22c,0.056289381022201414,0.056289381022201414,0.12102962264005807
Zfp651,0.03155566440180322,0.03155566440180322,0.3850035338123855
Ccbp2,0.06605960319648434,0.06605960319648434,0.06873944228284602
1700048O20Rik,0.0529138540021752,0.0529138540021752,0.14501860948212808
Tmem131,0.11429933870951782,0.11429933870951782,0.0015985136677492593
Suv39h1,-0.0535805816367637,0.0535805816367637,0.14001274509609485
Slc35a2,0.015789428751731723,0.015789428751731723,0.6638563289324682
Wdr45,-0.0561215799062188,0.0561215799062188,0.12214392955788621
Prickle3,0.02788339645496854,0.02788339645496854,0.44273901675386496
Syp,0.018545552839067975,0.018545552839067975,0.6097236445516742
Ppp1r3f,-0.004924339753596121,0.004924339753596121,0.8921912255410175
2010204K13Rik,-0.06990083258465733,0.06990083258465733,0.05407720138284142
Usp27x,-0.022238421713957665,0.022238421713957665,0.5404467384399383
Clcn5,0.03474082290751566,0.03474082290751566,0.3388445821188573
Ppp2r3d,-0.0921172260322521,0.0921172260322521,0.011062429198408311
4930526I15Rik,0.006623919273005689,0.006623919273005689,0.8553392305476138
Ccr2,0.00020810783678831506,0.00020810783678831506,0.9954299864013636
AI597479,-0.060716429988025074,0.060716429988025074,0.09440119877235069
Cxcr6,0.03722637699017473,0.03722637699017473,0.30539789187794214
Lztfl1,-0.017889413813432408,0.017889413813432408,0.6224332438495265
Slc6a20b,0.0031943622990758358,0.0031943622990758358,0.929942035839986
4930594C11Rik,0.030825439876146974,0.030825439876146974,0.396102992451855
Tmem158,-0.028976881908117702,0.028976881908117702,0.42505032742916665
Tsga10,-0.0020645990220843667,0.0020645990220843667,0.9546858391431687
Kif15,0.004039727821812398,0.004039727821812398,0.9114698404465782
Txndc9,0.004184064400610527,0.004184064400610527,0.9083204108299008
Zfp167,-0.06350331087364677,0.06350331087364677,0.08019599154635042
Zfp445,0.10606761754259034,0.10606761754259034,0.003416644993852922
9530059O14Rik,0.013130301419853118,0.013130301419853118,0.7178025406240909
Abhd5,0.003154567312546763,0.003154567312546763,0.9308126093507882
Ano10,0.026373755791858473,0.026373755791858473,0.46783643706962225
C85492,0.04664348511624613,0.04664348511624613,0.19898288232117242
Ccr9,0.032726654839824454,0.032726654839824454,0.36760537102752033
Poc1a,0.008540030036944925,0.008540030036944925,0.8141705860028998
Dync1li1,0.07906714354137953,0.07906714354137953,0.02929039189437844
Glb1,-0.041729300471654004,0.041729300471654004,0.2505541666401721
Gulp1,0.033121678539896525,0.033121678539896525,0.3618482611930415
Klhdc8b,-0.019949016254307374,0.019949016254307374,0.5829328110403729
1700102P08Rik,0.013130301419853115,0.013130301419853115,0.7178025406240909
Nicn1,0.0026158327490775476,0.0026158327490775476,0.9426059205237207
Dag1,0.04352930638619239,0.04352930638619239,0.2306784181863575
Tmeff2,0.033121678539896546,0.033121678539896546,0.3618482611930415
Mst1,-0.021530473115176255,0.021530473115176255,0.5534181536432469
Amigo3,-0.021497224458766288,0.021497224458766288,0.5540310762581069
Traip,0.046343658899978456,0.046343658899978456,0.2018886020142906
Camkv,0.013130301419853115,0.013130301419853115,0.7178025406240909
Mst1r,-0.06350331087364676,0.06350331087364676,0.08019599154635042
Rbm6,0.04691993469421228,0.04691993469421228,0.19633085341195367
Myo1b,-0.04433054285512278,0.04433054285512278,0.22220065211343795
Sema3f,0.024336021058423262,0.024336021058423262,0.5029261759300172
Gnat1,0.033121678539896546,0.033121678539896546,0.3618482611930415
Sema3b,-0.0848597729565709,0.0848597729565709,0.01929440416309636
Hyal3,0.032711174925469044,0.032711174925469044,0.3678321300210722
Hyal1,-0.04752934801804783,0.04752934801804783,0.19057610364404454
Hyal2,-0.021190248831969787,0.021190248831969787,0.5597056337707651
Stat1,0.07061517616120644,0.07061517616120644,0.05166057036229228
Zmynd10,0.04687201465684816,0.04687201465684816,0.19678869762478687
Mfsd6,-0.013702643805682962,0.013702643805682962,0.7060608367935924
Hemk1,0.009500632134479995,0.009500632134479995,0.7937153171865015
Vprbp,0.02637441136509466,0.02637441136509466,0.4678253702667473
Rad54l2,0.09420430051753399,0.09420430051753399,0.009362128644199897
1700019D03Rik,-0.04113377333356805,0.04113377333356805,0.2573853209418044
Pcbp4,0.09741434122501547,0.09741434122501547,0.007198867919962726
P4htm,-0.050798951361952185,0.050798951361952185,0.1618043770292926
Slc25a20,-0.02776903709233723,0.02776903709233723,0.44461289970967954
Bivm,0.02618943155014412,0.02618943155014412,0.4709537703907362
Nckipsd,0.007927130857650526,0.007927130857650526,0.8272891494212369
Fhl2,-0.017277052543978974,0.017277052543978974,0.6343971493288982
Bcl2a1c,0.07573449029649215,0.07573449029649215,0.03685038452775548
Clasp2,-0.04076794408151101,0.04076794408151101,0.2616450486265122
AU023762,0.03272665483982455,0.03272665483982455,0.3676053710275183
Epm2aip1,-0.007429208333931603,0.007429208333931603,0.8379824442679149
Lrrfip2,0.004245210062824936,0.004245210062824936,0.9069866408338919
Ccrl2,0.09627520173640716,0.09627520173640716,0.007909066380481238
Ltf,0.018581295022800773,0.018581295022800773,0.6090346243526004
Als2cl,0.03312167853989653,0.03312167853989653,0.3618482611930415
Prss43,-0.06350331087364677,0.06350331087364677,0.08019599154635042
Nradd,0.0012802993602344616,0.0012802993602344616,0.9718904905768361
Nck2,-0.02510084139488513,0.02510084139488513,0.4895955064720231
Kif9,0.02664612313190346,0.02664612313190346,0.4632510580698971
Ccr4,0.013130301419853121,0.013130301419853121,0.7178025406240909
Klhl18,0.010338889162027482,0.010338889162027482,0.7759797535843764
Ptpn23,0.0039556982876808346,0.0039556982876808346,0.9133040107445618
Scap,-0.05249075121743626,0.05249075121743626,0.14826556717614614
1500015O10Rik,-0.08242791325469387,0.08242791325469387,0.023055808348020984
Cspg5,0.013130301419853115,0.013130301419853115,0.7178025406240909
Uxs1,-0.03014742311783415,0.03014742311783415,0.4065796307249286
Dhx30,-0.001015246258236598,0.001015246258236598,0.977708133915644
Cdc25a,0.010281679548020966,0.010281679548020966,0.7771865905203479
3000002C10Rik,-0.009973209147524307,0.009973209147524307,0.7837029559123186
Spink8,0.03312167853989654,0.03312167853989654,0.3618482611930415
Plxnb1,0.013130301419853118,0.013130301419853118,0.7178025406240909
A530098C11Rik,0.013130301419853118,0.013130301419853118,0.7178025406240909
Kdelc1,0.037889005052262226,0.037889005052262226,0.2968634985351449
Slc26a6,0.03312167853989652,0.03312167853989652,0.3618482611930415
Ngp,0.07217058257177798,0.07217058257177798,0.04670949222575927
Zfp777,0.054441785721374765,0.054441785721374765,0.13374442208106574
Gm16675,0.017256823079677637,0.017256823079677637,0.634794033414431
Sorbs2,-0.017760424261141272,0.017760424261141272,0.6249452359137492
Gpr77,0.03312167853989654,0.03312167853989654,0.3618482611930415
Dhx34,-0.022425507238864065,0.022425507238864065,0.5370443811555382
Kptn,0.003287170818905914,0.003287170818905914,0.9279120406382134
Gltscr1,0.06571390782916331,0.06571390782916331,0.07020544201870156
Ehd2,-0.05435413093919715,0.05435413093919715,0.1343723432492005
Slamf8,0.013130301419853113,0.013130301419853113,0.7178025406240909
Dusp23,0.06322953228854836,0.06322953228854836,0.08150982574808142
Lig1,0.05668248017474946,0.05668248017474946,0.11845027573710147
6330408A02Rik,0.03672766378352655,0.03672766378352655,0.31192721721554584
Darc,-0.06424348626007477,0.06424348626007477,0.07672976839957249
Cadm3,-0.010331013855053351,0.010331013855053351,0.7761458512378612
Zfp446,0.03676165822602885,0.03676165822602885,0.31147925520591163
Zfp324,0.05635916053902592,0.05635916053902592,0.1205685853187368
Zscan22,0.032503214114246816,0.032503214114246816,0.37088688751812615
Zfp128,0.03312167853989652,0.03312167853989652,0.3618482611930415
Zfp110,0.06763175391689774,0.06763175391689774,0.06238577390235373
Zfp329,0.000334052589201831,0.000334052589201831,0.9926643236284884
Zscan18,0.021967862972629447,0.021967862972629447,0.5453861016216189
Zfp551,-0.021530473115176297,0.021530473115176297,0.5534181536432469
Zik1,0.03272665483982447,0.03272665483982447,0.36760537102752033
2810047C21Rik1,0.013130301419853113,0.013130301419853113,0.7178025406240909
Zfp772,-0.08042970879690713,0.08042970879690713,0.026606872886482884
Zfp418,-0.0141322786302875,0.0141322786302875,0.6972922837262601
Zfp773,0.013003795397220918,0.013003795397220918,0.7204069516645931
Aurkc,-0.06350331087364679,0.06350331087364679,0.08019599154635042
Peg3,-0.09929463410678352,0.09929463410678352,0.0061508091838262235
Zfp28,-0.007825452467923245,0.007825452467923245,0.8294702495624465
C5ar1,-0.05564844632382849,0.05564844632382849,0.12532895534213856
Zfp78,-0.06350331087364679,0.06350331087364679,0.08019599154635042
Prr24,0.048003815357569424,0.048003815357569424,0.1861822113980162
Grlf1,-0.0030016331139013,0.0030016331139013,0.9341590283386653
Cd244,0.01313030141985312,0.01313030141985312,0.7178025406240909
Apoc1,-0.06350331087364679,0.06350331087364679,0.08019599154635042
Apoc4,-0.06350331087364679,0.06350331087364679,0.08019599154635042
Apoc2,0.05329207242280226,0.05329207242280226,0.14216237274759908
Bloc1s3,-0.020399736181393232,0.020399736181393232,0.5744467276574206
Mark4,0.024982633224793258,0.024982633224793258,0.49164337270748315
Klc3,0.047555342028644726,0.047555342028644726,0.19033342554401972
Ercc2,0.017533628850739464,0.017533628850739464,0.629372483929288
Ppp1r13l,0.03312167853989654,0.03312167853989654,0.3618482611930415
Vangl2,-0.029124337046404346,0.029124337046404346,0.42269696350536873
Rtn2,0.03697530997416922,0.03697530997416922,0.308673554457078
Ppm1n,-0.06350331087364676,0.06350331087364676,0.08019599154635042
Opa3,0.04397705822591538,0.04397705822591538,0.22591296413489587
Gpr4,0.027183186427867035,0.027183186427867035,0.45428312549240835
Casq1,-0.06350331087364683,0.06350331087364683,0.08019599154634913
Fbxo46,-0.07568987162983018,0.07568987162983018,0.036961917063454926
Six5,0.013130301419853116,0.013130301419853116,0.7178025406240909
Dmpk,0.01790356966280153,0.01790356966280153,0.6221578336722235
Dmwd,0.012220752928315273,0.012220752928315273,0.7365987063174433
Mypop,0.047719855508680055,0.047719855508680055,0.18880280577216157
Nova2,0.030938949176707385,0.030938949176707385,0.3943650958448988
Atp1a2,-0.05454032258397827,0.05454032258397827,0.13304125394032448
Igsf8,-0.006184777485853943,0.006184777485853943,0.8648343455225111
Ptgir,0.01816068512921751,0.01816068512921751,0.6171647216014651
Dact3,0.01749142757164702,0.01749142757164702,0.6301977657464121
Igsf9,0.026312655621883514,0.026312655621883514,0.4688685108941922
Ap2s1,-0.009120468899246708,0.009120468899246708,0.8017945171774472
Zc3h4,0.018429984013279326,0.018429984013279326,0.6119538854583908
Zfp583,0.033121678539896525,0.033121678539896525,0.3618482611930415
Zfp667,0.10595312912439284,0.10595312912439284,0.00345172416427622
Rasl2-9-ps,-0.009973209147524281,0.009973209147524281,0.7837029559123186
Ppfibp1,0.042482572248116086,0.042482572248116086,0.2420959132032157
Kmo,-0.19033364631767485,0.19033364631767485,1.244044608452326e-07
Opn3,-0.002265682300286162,0.002265682300286162,0.950277883041453
Sspn,0.02000760689453279,0.02000760689453279,0.5818263819816709
Bhlhe41,0.028320803393047787,0.028320803393047787,0.43561343301105626
Gm15706,-0.007082442716894477,0.007082442716894477,0.8454473261912849
Bcat1,-0.04397636679868664,0.04397636679868664,0.22592026857049782
Sox5,0.059734418224406866,0.059734418224406866,0.09986194139069265
5730419I09Rik,-0.0022171836233322415,0.0022171836233322415,0.9513408910204754
Abcc9,0.02885306181345012,0.02885306181345012,0.42703236613698414
Kcnj8,0.03476509501950297,0.03476509501950297,0.33850702447940223
Ldhb,0.03313653494618514,0.03313653494618514,0.3616328487336436
Exo1,0.032726654839824454,0.032726654839824454,0.36760537102752033
Aebp2,0.009651920436530485,0.009651920436530485,0.7905062324383868
Mgst1,0.037692092068041444,0.037692092068041444,0.29938287129493996
Ptpro,0.024344808439964193,0.024344808439964193,0.5027719339534549
Arhgdib,-0.10240615109858432,0.10240615109858432,0.004714379875410321
Erp27,0.03272665483982446,0.03272665483982446,0.36760537102752033
Cep170,-0.004487821106122451,0.004487821106122451,0.9016971830376916
C030030A07Rik,0.013130301419853118,0.013130301419853118,0.7178025406240909
BC049715,0.032726654839824454,0.032726654839824454,0.36760537102752033
Hist4h4,0.014930453296215512,0.014930453296215512,0.6811094879419312
Sdccag8,0.029741762686414916,0.029741762686414916,0.4129260034285945
Atf7ip,0.024351635996488825,0.024351635996488825,0.5026521093606764
Gm8994,-0.0987888699687705,0.0987888699687705,0.006418313133285891
8430419L09Rik,-0.04463470365154402,0.04463470365154402,0.2190414098801645
Hebp1,0.002096796389715953,0.002096796389715953,0.9539799425832906
Gm5887,0.018581295022800773,0.018581295022800773,0.6090346243526004
Pthlh,0.013130301419853118,0.013130301419853118,0.7178025406240909
Ccdc91,-0.00666854058099604,0.00666854058099604,0.8543755744927288
Far2,0.013130301419853118,0.013130301419853118,0.7178025406240909
BC094916,-0.057166095646691964,0.057166095646691964,0.11533625198975635
Zfp580,-0.010667023706438041,0.010667023706438041,0.7690682612264849
Zfp784,0.004039727821812405,0.004039727821812405,0.9114698404465782
Zfp579,-0.059526842467621785,0.059526842467621785,0.10104780535434986
Nat14,0.01855131885711618,0.01855131885711618,0.6096124667133221
Pydc4,0.004479416246137388,0.004479416246137388,0.9018803561514345
Cox6b2,-0.06806879986621313,0.06806879986621313,0.060708252806044055
Ifi204,0.058316727306201147,0.058316727306201147,0.10818554677915908
Tmem86b,0.007950902616963122,0.007950902616963122,0.8267794131530285
6030429G01Rik,0.006380974707034865,0.006380974707034865,0.8605896810088547
Tnnt1,-0.0308963506049077,0.0308963506049077,0.3950167655337436
Ppp1r12c,-0.04307355392511834,0.04307355392511834,0.23560180789221133
D630041G03Rik,0.013130301419853111,0.013130301419853111,0.7178025406240909
Bcam,-0.019950047163271457,0.019950047163271457,0.5829133348327042
Eps8l1,-0.001254570079783434,0.001254570079783434,0.9724551614005544
Cdc42ep5,-0.08473455755373999,0.08473455755373999,0.019474125522581324
Lair1,0.049819322908868265,0.049819322908868265,0.17005865824631908
Gm14548,0.001638736583632316,0.001638736583632316,0.964025592892948
Tmc4,-0.0043201814305066505,0.0043201814305066505,0.9053516483559687
Fmn2,-0.021530473115176293,0.021530473115176293,0.5534181536432469
Prpf31,0.005365804663024364,0.005365804663024364,0.8825932585422471
Grem2,0.018402228724400754,0.018402228724400754,0.6124900415586333
Tarm1,0.013130301419853116,0.013130301419853116,0.7178025406240909
Prkcc,0.032726654839824454,0.032726654839824454,0.36760537102752033
Bicd1,0.05740283645090223,0.05740283645090223,0.11383547451767358
Caprin2,0.03399263222350097,0.03399263222350097,0.34935547514516163
Ipo8,-0.005195906127349112,0.005195906127349112,0.8862850955519533
Tmtc1,0.013130301419853115,0.013130301419853115,0.7178025406240909
Rdh13,0.008502013130209865,0.008502013130209865,0.8149828331877041
Cblc,0.02196786297262946,0.02196786297262946,0.5453861016216189
Ceacam16,0.034533169322001976,0.034533169322001976,0.3417412740611674
Zfp180,0.03272665483982451,0.03272665483982451,0.36760537102752033
Sbsn,-0.05725544369592267,0.05725544369592267,0.11476803132323325
2200002J24Rik,0.02277237209415648,0.02277237209415648,0.5307648226518682
Rgs4,0.038046477417533545,0.038046477417533545,0.2948589547348022
Upk1a,0.03432963606180846,0.03432963606180846,0.34459578798709123
U2af1l4,-0.060369430189562964,0.060369430189562964,0.09630282976250369
Hspb6,0.060644512375110496,0.060644512375110496,0.09479283446143863
BC053749,0.01338376484639853,0.01338376484639853,0.7125942896398291
Arhgap33,0.01121510812650442,0.01121510812650442,0.7575649602295542
Nphs1,-0.054276054356857124,0.054276054356857124,0.13493356376330248
Aplp1,0.034033239683284144,0.034033239683284144,0.34877975678086254
3110045C21Rik,-0.03564258427578981,0.03564258427578981,0.3264484188282848
AI428936,-0.06350331087364691,0.06350331087364691,0.08019599154634913
Clip3,0.02254722651798882,0.02254722651798882,0.5348365661277088
Wdr62,-0.014132278630287515,0.014132278630287515,0.6972922837262601
Ddr2,-0.06526740669463836,0.06526740669463836,0.07213672143943635
Uap1,0.027122959208888527,0.027122959208888527,0.45528391722405576
Cox7a1,0.039446171956446396,0.039446171956446396,0.2774397477642623
Gm5113,0.04246371630880337,0.04246371630880337,0.24230516384457812
Zfp382,0.02931707003424032,0.02931707003424032,0.4196324844469124
Zfp260,0.030899529993813294,0.030899529993813294,0.39496810505864216
Zfp14,0.03312167853989653,0.03312167853989653,0.3618482611930415
Zfp27,0.022772177104556268,0.022772177104556268,0.5307683422214833
Sh2d1b1,0.056359160539025926,0.056359160539025926,0.1205685853187368
Sipa1l3,0.03700447626764245,0.03700447626764245,0.30829183697715323
Ppp1r14a,-0.042320183963647326,0.042320183963647326,0.24390215209776644
Spint2,0.050026956433634424,0.050026956433634424,0.16828336040895273
Nos1ap,0.013130301419853113,0.013130301419853113,0.7178025406240909
Dmkn,-0.03755817002691288,0.03755817002691288,0.30110442658866493
Krtdap,0.021851329406246296,0.021851329406246296,0.5475204241293518
Rgs5,0.001260612091508608,0.001260612091508608,0.9723225583972901
Mag,0.013130301419853118,0.013130301419853118,0.7178025406240909
Pogk,-0.06651794734721966,0.06651794734721966,0.0668345362906376
Zfp715,0.021265561574475924,0.021265561574475924,0.5583108488498778
Gm5595,0.047366054436286935,0.047366054436286935,0.19210580221260992
9830147E19Rik,0.013130301419853113,0.013130301419853113,0.7178025406240909
Zfp788,0.05549835751694983,0.05549835751694983,0.12635270352464428
AW146154,0.022170016760619346,0.022170016760619346,0.5416934384857386
Vstm2b,0.018581295022800783,0.018581295022800783,0.6090346243526004
Zfp619,0.02855591343547928,0.02855591343547928,0.43181081132506033
Zfp939,0.03312167853989653,0.03312167853989653,0.3618482611930415
Plekhf1,0.038945161744955714,0.038945161744955714,0.2835926565618047
Tshz3,0.033805406582303126,0.033805406582303126,0.35201767715986665
Rhpn2,0.013130301419853116,0.013130301419853116,0.7178025406240909
Gpatch1,0.026024125704830117,0.026024125704830117,0.47375916218730907
Kcnk6,-0.059110033981731036,0.059110033981731036,0.10346279680560294
Cebpa,0.043247133888532824,0.043247133888532824,0.23371798498855392
Chst8,0.013130301419853118,0.013130301419853118,0.7178025406240909
Kctd15,0.013130301419853118,0.013130301419853118,0.7178025406240909
Pbx1,0.04532511005912748,0.04532511005912748,0.21199010735364468
Nuf2,-0.00206459902208436,0.00206459902208436,0.9546858391431687
Gm10640,0.013130301419853121,0.013130301419853121,0.7178025406240909
Scn1b,-0.015807327268847773,0.015807327268847773,0.663498669201869
Fxyd3,0.013130301419853118,0.013130301419853118,0.7178025406240909
Lgi4,0.013130301419853121,0.013130301419853121,0.7178025406240909
Fxyd1,0.023173108527345478,0.023173108527345478,0.5235565799598438
Fxyd7,0.013130301419853121,0.013130301419853121,0.7178025406240909
Fam187b,0.033121678539896525,0.033121678539896525,0.3618482611930415
Lsr,0.033228888497574736,0.033228888497574736,0.36029555611212644
Hamp,0.013130301419853113,0.013130301419853113,0.7178025406240909
Tmco1,0.011717967968266501,0.011717967968266501,0.7470577019453262
Bcl2l1,0.009503186441150634,0.009503186441150634,0.7936611068502955
Catsperg1,0.033121678539896525,0.033121678539896525,0.3618482611930415
Rasgrp4,-0.008357005711176042,0.008357005711176042,0.8180827930564234
BC024978,0.021967862972629443,0.021967862972629443,0.5453861016216189
Adamts4,-0.001787520253652605,0.001787520253652605,0.9607619351850709
Mia1,-0.03564258427578983,0.03564258427578983,0.32644841882828163
Cyp2f2,0.013130301419853116,0.013130301419853116,0.7178025406240909
Usp21,0.050393129686644444,0.050393129686644444,0.16518641547746504
Tmem91,-0.022246192113977298,0.022246192113977298,0.5403052112781476
Bckdha,-0.06778791737179096,0.06778791737179096,0.0617820277124255
Atp5sl,-0.020022223836358866,0.020022223836358866,0.5815505075422803
Gm7092,0.013130301419853115,0.013130301419853115,0.7178025406240909
Ceacam2,0.03632815726093097,0.03632815726093097,0.31722345987365
Cnfn,-0.06350331087364679,0.06350331087364679,0.08019599154635042
Megf8,0.013130301419853113,0.013130301419853113,0.7178025406240909
Cic,0.06650850578642242,0.06650850578642242,0.06687333380923284
9130221H12Rik,0.027299875282642695,0.027299875282642695,0.45234764081786133
Zfp526,-0.009973209147524302,0.009973209147524302,0.7837029559123186
Grik5,-0.006861075700190374,0.006861075700190374,0.8502200276793784
Cd177,0.013130301419853116,0.013130301419853116,0.7178025406240909
Phldb3,0.0005245073946016269,0.0005245073946016269,0.9884822409553023
Zfp575,0.013130301419853116,0.013130301419853116,0.7178025406240909
Irgq,0.03979649991297508,0.03979649991297508,0.273191672358254
Cadm4,-0.014174249510573769,0.014174249510573769,0.6964378235316457
Tstd1,0.05151222917034877,0.05151222917034877,0.15598688472389108
Zfp94,0.013003795397220897,0.013003795397220897,0.7204069516645931
Zfp61,0.03577473985072309,0.03577473985072309,0.3246567518405468
Zfp93,0.022772372094156484,0.022772372094156484,0.5307648226518682
Zfp111,0.033121678539896546,0.033121678539896546,0.3618482611930415
Zfp235,-0.0059438173146444395,0.0059438173146444395,0.8700527601862165
Itpkc,-0.01028747788724904,0.01028747788724904,0.7770642500475483
Adck4,0.014872178135831514,0.014872178135831514,0.6822861682464193
Numbl,0.04419562700784896,0.04419562700784896,0.22361236657837466
Fcer1g,0.08251950481296225,0.08251950481296225,0.022903386252640094
Atf6,0.1317051568011508,0.1317051568011508,0.0002718397182311437
Capn12,0.03272665483982447,0.03272665483982447,0.36760537102752033
Lgals7,0.01295079453654551,0.01295079453654551,0.7214990587220541
Lgals4,0.0020576133640959164,0.0020576133640959164,0.9548389977307185
Fcgr3,0.001752863450217642,0.001752863450217642,0.9615220960278476
Gm19897,0.021376875953763516,0.021376875953763516,0.5562524103373135
Sirt2,0.07768918153105195,0.07768918153105195,0.032237366247319654
Nfkbib,0.02503480263274537,0.02503480263274537,0.4907390122757356
Fbxo17,0.034424461970659175,0.034424461970659175,0.34326398944791486
Pak4,0.003314099650851311,0.003314099650851311,0.9273231149515136
Sycn,0.018581295022800773,0.018581295022800773,0.6090346243526004
1700009P17Rik,-0.03357937233493163,0.03357937233493163,0.35524873910457877
Med29,0.03242173416382368,0.03242173416382368,0.3720880275450849
Olfml2b,-0.07470110355978607,0.07470110355978607,0.03950814422464968
Mpz,-0.021530473115176307,0.021530473115176307,0.5534181536432469
Dll3,0.033121678539896546,0.033121678539896546,0.3618482611930415
Eid2b,0.008014092868289786,0.008014092868289786,0.8254247834504244
Eid2,0.013130301419853115,0.013130301419853115,0.7178025406240909
Dyrk1b,-0.0841319165831087,0.0841319165831087,0.020359659175267122
Apoa2,-0.003655036402414872,0.003655036402414872,0.9198704713604404
Zfp780b,0.004090130030974362,0.004090130030974362,0.9103699020408805
1700049G17Rik,0.03312167853989654,0.03312167853989654,0.3618482611930415
Zfp59,0.00045135663443611853,0.00045135663443611853,0.9900884834601046
C030039L03Rik,0.0031777625960318734,0.0031777625960318734,0.9303051685019504
Map3k10,-0.01290610845532421,0.01290610845532421,0.7224202765345361
Prx,0.022533698937850406,0.022533698937850406,0.5350817113800637
Spnb4,0.032726654839824454,0.032726654839824454,0.36760537102752033
Shkbp1,-0.07361586870668252,0.07361586870668252,0.0424723054835262
Pcp4l1,-0.00330893537002564,0.00330893537002564,0.9274360531948661
2810454H06Rik,-0.020176166680563233,0.020176166680563233,0.5786487641842472
Gpr19,0.004647815633072339,0.004647815633072339,0.8982113152439122
Mansc1,0.032440185656620865,0.032440185656620865,0.37181581352581905
Tet3,-0.05668800501221632,0.05668800501221632,0.1184143331500155
Bola3,0.06281476152318899,0.06281476152318899,0.08353342097305856
Mob1a,0.01732618011134499,0.01732618011134499,0.6334337470141187
Dtl,0.004452200814354045,0.004452200814354045,0.9024735172099828
Dctn1,0.02449306023951876,0.02449306023951876,0.5001734859922462
Wdr54,0.032726654839824454,0.032726654839824454,0.36760537102752033
Rtkn,0.034222839788278066,0.034222839788278066,0.34609964010478006
Ints7,0.017918118385938635,0.017918118385938635,0.6218748349087749
Mogs,0.009517082922159373,0.009517082922159373,0.7933661977157649
Lbx2,0.01313030141985312,0.01313030141985312,0.7178025406240909
Pcgf1,-0.05163807575850451,0.05163807575850451,0.15497712633771787
Dqx1,-0.0215304731151763,0.0215304731151763,0.5534181536432469
Nek2,-0.002064599022084359,0.002064599022084359,0.9546858391431687
Loxl3,-0.07801496547282061,0.07801496547282061,0.03151865578384861
D6Mm5e,-0.00033729042951198947,0.00033729042951198947,0.992593223832324
Sema4f,0.013130301419853116,0.013130301419853116,0.7178025406240909
Slc30a1,0.04121423009273085,0.04121423009273085,0.2564549588468323
Tacr1,-0.06350331087364677,0.06350331087364677,0.08019599154635042
Fam176a,0.021616766415746138,0.021616766415746138,0.5518289279033743
Mrpl19,-0.03204159494239895,0.03204159494239895,0.37772361267598875
AW146020,0.03698353753927536,0.03698353753927536,0.30856584361083395
Gm20594,-0.06350331087364683,0.06350331087364683,0.08019599154634913
Reg1,0.013130301419853115,0.013130301419853115,0.7178025406240909
Rd3,0.03312167853989654,0.03312167853989654,0.3618482611930415
Gm15401,0.013130301419853113,0.013130301419853113,0.7178025406240909
Tcf7l1,0.022267150631427816,0.022267150631427816,0.5399235729452496
Retsat,0.031522566729617944,0.031522566729617944,0.38550247776056507
Actg2,-0.06350331087364677,0.06350331087364677,0.08019599154635042
Nenf,0.05646265516102304,0.05646265516102304,0.11988731805603031
Dysf,-0.00892302536871003,0.00892302536871003,0.8059989916843977
Exoc6b,0.08811920310682662,0.08811920310682662,0.015098459118412242
Chchd6,0.05043953610658271,0.05043953610658271,0.1647970056485041
Plxna1,0.04863232536134621,0.04863232536134621,0.18047744183423917
Tpra1,-0.03176911239397473,0.03176911239397473,0.3817953004154345
Podxl2,-0.020209570610661497,0.020209570610661497,0.5780200150186002
Abtb1,-0.06211400179038992,0.06211400179038992,0.0870444030697293
Gata2,-0.0048933319710587585,0.0048933319710587585,0.892865980814266
Rpn1,0.15043925669623007,0.15043925669623007,3.124203530871049e-05
Rab7,0.08599587772233115,0.08599587772233115,0.017728778422630157
Prox1,0.03432963606180845,0.03432963606180845,0.34459578798709123
Rps6kc1,0.012135302786017842,0.012135302786017842,0.7383728802246006
Ccdc48,-0.034628998569834236,0.034628998569834236,0.3404025314234629
Gkn3,-0.027322887733457688,0.027322887733457688,0.4519664896172637
Antxr1,0.0278373868020109,0.0278373868020109,0.44349238462710844
Gm10516,0.013130301419853116,0.013130301419853116,0.7178025406240909
D6Ertd527e,0.03272665483982447,0.03272665483982447,0.36760537102752033
Nfu1,0.06257594778036316,0.06257594778036316,0.08471685155483229
2610306M01Rik,0.03604847901052028,0.03604847901052028,0.32096596032505575
2310040G24Rik,0.04493185354454679,0.04493185354454679,0.21598620309367972
Tatdn3,-0.006943468264755096,0.006943468264755096,0.8484429835645927
Nsl1,-0.06350331087364679,0.06350331087364679,0.08019599154635042
Cml1,-0.051159740558987435,0.051159740558987435,0.15884167273371133
1700019G17Rik,-0.04045735530509973,0.04045735530509973,0.2652995242952825
Alms1,0.02389185290144523,0.02389185290144523,0.510754910383702
Egr4,0.013130301419853118,0.013130301419853118,0.7178025406240909
Batf3,0.005484715681966352,0.005484715681966352,0.8800108712534775
1700040I03Rik,0.008655899221307793,0.008655899221307793,0.8116962254527893
Rab11fip5,0.05794822996438262,0.05794822996438262,0.11043645675178894
Sfxn5,-0.04888412755995125,0.04888412755995125,0.1782286413421264
Vash2,0.013130301419853115,0.013130301419853115,0.7178025406240909
Ccdc37,0.013130301419853116,0.013130301419853116,0.7178025406240909
Hhat,0.026306452636000937,0.026306452636000937,0.46897335891488634
Vamp8,0.0025123210570595174,0.0025123210570595174,0.9448733897183401
Jazf1,-0.02255674946043006,0.02255674946043006,0.5346640263746539
Zbtb2,0.03826048127066055,0.03826048127066055,0.29214933456752273
Hoxa7,0.03298398913739507,0.03298398913739507,0.36384852422327074
Mira,0.03242905295059432,0.03242905295059432,0.37198003907144145
Hoxa5,0.04849318671650162,0.04849318671650162,0.18172905189706248
Hoxa3,0.0349597838042064,0.0349597838042064,0.3358072432502084
Hoxa2,0.03312167853989654,0.03312167853989654,0.3618482611930415
Gm5512,0.03312167853989653,0.03312167853989653,0.3618482611930415
Nfe2l3,0.03218554478673954,0.03218554478673954,0.3755834014419762
5430402O13Rik,0.03272665483982446,0.03272665483982446,0.36760537102752033
Osbpl3,0.029125456956050604,0.029125456956050604,0.4226791190948154
Npy,-0.06350331087364681,0.06350331087364681,0.08019599154634913
D330028D13Rik,0.052853524387672754,0.052853524387672754,0.14547823679350555
Ccdc126,0.059118106373365314,0.059118106373365314,0.10341559434189793
Esr1,-0.023812710393302176,0.023812710393302176,0.5121564873616707
Gpnmb,0.059979408999726855,0.059979408999726855,0.09847660950201187
Myct1,-0.04740990566004048,0.04740990566004048,0.19169413138584981
Fbxo5,-0.02439478920168875,0.02439478920168875,0.5018951131534187
Gimap7,0.07900236159208134,0.07900236159208134,0.029423567503407584
Mtrf1l,0.008299851279126524,0.008299851279126524,0.81930542035774
AI854703,0.03487764201426297,0.03487764201426297,0.33694462540509046
Zfp775,0.028872853809408152,0.028872853809408152,0.426715187129896
Repin1,-0.05815659173265137,0.05815659173265137,0.10915921781355235
Lrrc61,-0.003986610890819005,0.003986610890819005,0.9126292060338681
Atp6v0e2,0.02275406491957294,0.02275406491957294,0.5310953193789235
Zfp467,0.032335856184533725,0.032335856184533725,0.37335660316559727
Krba1,0.02108459053491705,0.02108459053491705,0.5616652540791253
Creb5,0.0157263205025619,0.0157263205025619,0.6651180081799402
Tril,-0.06350331087364677,0.06350331087364677,0.08019599154635042
Chn2,0.03567060069827382,0.03567060069827382,0.32606805843177034
Scrn1,0.013130301419853118,0.013130301419853118,0.7178025406240909
Irf6,0.03388104145723451,0.03388104145723451,0.35094066891306624
Tmem150a,0.012114862202030228,0.012114862202030228,0.7387974881017806
Atoh8,0.03496490365857503,0.03496490365857503,0.3357364325771381
St3gal5,-0.0030294796381741844,0.0030294796381741844,0.9335496183431506
Polr1a,-0.010749202371315802,0.010749202371315802,0.7673401735450882
G0s2,-0.007027075362860366,0.007027075362860366,0.8466405299327115
Lamb3,0.04687201465684815,0.04687201465684815,0.19678869762478687
Cd8a,0.03312167853989654,0.03312167853989654,0.3618482611930415
Cd8b1,0.02275634481931935,0.02275634481931935,0.5310541550058632
Camk1g,0.013130301419853118,0.013130301419853118,0.7178025406240909
Fabp1,-0.06350331087364677,0.06350331087364677,0.08019599154635042
Thnsl2,0.04723046339572058,0.04723046339572058,0.19338282098657225
Plxna2,0.011892743727205508,0.011892743727205508,0.7434166086989518
Ggcx,0.03928987257270807,0.03928987257270807,0.279349444128741
Prdm5,0.018470245297108202,0.018470245297108202,0.6111765164551802
Tnip3,-0.012968638624108436,0.012968638624108436,0.7211313096998501
Snca,0.013130301419853118,0.013130301419853118,0.7178025406240909
Abcg2,-0.007518323341894605,0.007518323341894605,0.8360663705302395
Vopp1,0.0657825644807873,0.0657825644807873,0.06991226783854187
Plekhg1,-0.006861075700190372,0.006861075700190372,0.8502200276793784
Mthfd1l,0.02717216790631449,0.02717216790631449,0.4544661269860679
Avl9,0.05791249689689271,0.05791249689689271,0.11065667593988769
Pde1c,-0.03537999627016507,0.03537999627016507,0.3300273817080716
Fam188b,-0.014644066605189378,0.014644066605189378,0.6868995463459219
Znrf2,0.05889606485475226,0.05889606485475226,0.10472020088868596
2410066E13Rik,0.053521652629953245,0.053521652629953245,0.14044977334901151
Plekha8,0.06429382676603791,0.06429382676603791,0.07649852209467137
Fkbp14,-0.08438064276370946,0.08438064276370946,0.019990013949873937
A930038C07Rik,0.018581295022800745,0.018581295022800745,0.6090346243526004
Nkg7,0.025482931851712548,0.025482931851712548,0.48300754468510065
Klf15,-0.0268802578924528,0.0268802578924528,0.45932939879838064
Slc41a3,0.051066296292885005,0.051066296292885005,0.15960505075962705
Zfp384,-0.09556816186344888,0.09556816186344888,0.00838076370509712
C530028O21Rik,0.018192898613383537,0.018192898613383537,0.6165403814128532
Cops7a,0.02212964201313748,0.02212964201313748,0.5424299516162722
Psen2,0.0027094049254983432,0.0027094049254983432,0.9405565796934879
Cd4,0.013130301419853118,0.013130301419853118,0.7178025406240909
Gpr162,0.013130301419853121,0.013130301419853121,0.7178025406240909
Eno2,-0.029947183277813344,0.029947183277813344,0.4097050012944041
Atn1,0.07916297214559477,0.07916297214559477,0.02909434134485045
6330403A02Rik,0.013130301419853113,0.013130301419853113,0.7178025406240909
C1ra,0.01676959997780214,0.01676959997780214,0.6443843493611509
Clstn3,0.013130301419853116,0.013130301419853116,0.7178025406240909
Cd163,-0.04653071279521019,0.04653071279521019,0.2000721979339605
Clec4e,-0.01707894665010043,0.01707894665010043,0.6382883116191844
Clec4d,-0.08163385926394395,0.08163385926394395,0.024414490486604937
Clec4n,-0.00686107570019037,0.00686107570019037,0.8502200276793784
Clec4a2,0.029059345691095452,0.029059345691095452,0.4237332765772858
Clec4b1,0.013130301419853121,0.013130301419853121,0.7178025406240909
Clec4a3,-0.00686107570019037,0.00686107570019037,0.8502200276793784
Clec4a1,0.013130301419853113,0.013130301419853113,0.7178025406240909
C3ar1,-0.009896513132512694,0.009896513132512694,0.7853255137731929
Acbd3,0.03227775082030957,0.03227775082030957,0.3742164400345432
Gdf3,0.013130301419853115,0.013130301419853115,0.7178025406240909
Apobec1,-0.06634682217851279,0.06634682217851279,0.06754060533432586
Aicda,0.026312655621883528,0.026312655621883528,0.4688685108941922
Phc1,-0.05430757469950605,0.05430757469950605,0.13470677588096758
Slc6a12,0.01852024808616585,0.01852024808616585,0.6102116660180097
Slc6a13,0.022276844617031576,0.022276844617031576,0.5397470985449134
Acrbp,-0.049954003058505565,0.049954003058505565,0.16890553374246772
Cdc42bpa,0.02236287290590705,0.02236287290590705,0.5381822582081955
Ncapd2,-0.010940956843391247,0.010940956843391247,0.7633123805426315
Vamp1,0.010882465192808206,0.010882465192808206,0.764540322732494
Lrp6,0.04169295803942497,0.04169295803942497,0.2509673875945656
Etv6,0.07964863714179841,0.07964863714179841,0.028117986935328944
Kap,-0.0214972244587663,0.0214972244587663,0.5540310762581069
Klra3,0.018581295022800773,0.018581295022800773,0.6090346243526004
Klra9,0.013130301419853115,0.013130301419853115,0.7178025406240909
Klra17,0.033121678539896546,0.033121678539896546,0.3618482611930415
Klrk1,0.008390011239444823,0.008390011239444823,0.817376951406469
Klrd1,0.03645845918828736,0.03645845918828736,0.3154896227733398
Olr1,-0.03996810150255936,0.03996810150255936,0.2711271142850206
Clec7a,0.016410666815631223,0.016410666815631223,0.6514875537729441
Clec12a,0.0010031854885449638,0.0010031854885449638,0.9779728859138592
Clec2i,0.009610858136129708,0.009610858136129708,0.7913768864103224
BC035044,-0.09214039108559775,0.09214039108559775,0.011042145552884144
Usp18,0.015532603402344351,0.015532603402344351,0.6689967622238411
Klrb1a,0.01313030141985312,0.01313030141985312,0.7178025406240909
Foxm1,-0.01239439606643655,0.01239439606643655,0.7329977327117578
Tead4,0.013130301419853111,0.013130301419853111,0.7178025406240909
Efcab4b,-0.021497224458766295,0.021497224458766295,0.5540310762581069
9330179D12Rik,-0.009973209147524299,0.009973209147524299,0.7837029559123186
9630033F20Rik,0.05186743734078797,0.05186743734078797,0.15314954581990808
Dyrk4,0.022772372094156494,0.022772372094156494,0.5307648226518682
Kcna1,0.03432963606180845,0.03432963606180845,0.34459578798709123
Kcna5,-0.026953345090169598,0.026953345090169598,0.458109030422388
Ntf3,0.022709608360681477,0.022709608360681477,0.5318983205345335
Cnst,0.016017692010301895,0.016017692010301895,0.6593007781173962
Scnn1a,0.013130301419853116,0.013130301419853116,0.7178025406240909
Ltbr,-0.0038801321165569023,0.0038801321165569023,0.9149538393586898
4930417O13Rik,-0.03564258427578981,0.03564258427578981,0.3264484188282848
Nrip2,0.01857780336868075,0.01857780336868075,0.6091019194989571
Aldh1l1,-0.03325612111747498,0.03325612111747498,0.35990181609888494
Mical3,0.037306356920504345,0.037306356920504345,0.3043592473891074
Lefty1,0.05945814626437386,0.05945814626437386,0.10144271800037456
Mtmr14,0.015095605966462812,0.015095605966462812,0.6777789713323531
Srgap3,0.04511136555043817,0.04511136555043817,0.21415541782150374
Lmcd1,-0.032421686225660246,0.032421686225660246,0.37208873493514505
0610040F04Rik,0.018581295022800776,0.018581295022800776,0.6090346243526004
Sumf1,-0.01031343126738979,0.01031343126738979,0.776516721460036
Setmar,0.013130301419853113,0.013130301419853113,0.7178025406240909
Gm19757,-0.06350331087364677,0.06350331087364677,0.08019599154635042
Gxylt2,0.03312167853989653,0.03312167853989653,0.3618482611930415
Shq1,0.03360961695399163,0.03360961695399163,0.35481532620735406
Tgfb2,0.0362456640229782,0.0362456640229782,0.3183243575511926
Mitf,0.017337173072093166,0.017337173072093166,0.6332182574871543
Frmd4b,0.048133995665476784,0.048133995665476784,0.18498981953401544
Uba3,-0.0019231718791231933,0.0019231718791231933,0.9577869070543527
A130022J15Rik,0.033121678539896546,0.033121678539896546,0.3618482611930415
Kbtbd8,-0.0006275966824534577,0.0006275966824534577,0.9862186896310724
Lrig1,-0.022855108612807873,0.022855108612807873,0.5292724928068562
Slc25a26,-0.05475398071324489,0.05475398071324489,0.13152638372470413
Magi1,0.033218208295786096,0.033218208295786096,0.36045004834650146
Adamts9,-0.03420194473251089,0.03420194473251089,0.346394361228431
Prickle2,0.01857736982955488,0.01857736982955488,0.6091102753905906
Mrps25,0.01942022224791544,0.01942022224791544,0.5929626098064523
Nr2c2,-0.04585162612762843,0.04585162612762843,0.20672375766610063
Fgd5,-0.054408874811911,0.054408874811911,0.13397991553254107
Tmem43,0.00480136710476657,0.00480136710476657,0.8948676665760935
1810044D09Rik,0.014706707878089911,0.014706707878089911,0.6856315068234355
Hdac11,0.0014701099397076097,0.0014701099397076097,0.9677252423681006
Nup210,-0.01845667845553617,0.01845667845553617,0.6114384176372784
Brpf1,-0.07161324912040089,0.07161324912040089,0.04843568501380752
Tada3,-0.006659254050166213,0.006659254050166213,0.8545761115706129
Mark1,0.013130301419853115,0.013130301419853115,0.7178025406240909
Ttll3,0.0316512465255472,0.0316512465255472,0.3835648565995557
Ephx1,-0.02725908161102556,0.02725908161102556,0.4530237445450824
3110021A11Rik,0.013130301419853116,0.013130301419853116,0.7178025406240909
Wnt5b,0.013130301419853118,0.013130301419853118,0.7178025406240909
Nvl,0.08270923635887403,0.08270923635887403,0.022590421564093997
Cacna2d4,0.032726654839824454,0.032726654839824454,0.36760537102752033
Cacna1c,0.013130301419853118,0.013130301419853118,0.7178025406240909
Fbxo28,0.0497040842430413,0.0497040842430413,0.1710499922903059
Zfp9,0.03232246521767864,0.03232246521767864,0.3735546529175618
Ret,-0.018824150020607056,0.018824150020607056,0.6043621723674947
Rasgef1a,-0.03071791175673921,0.03071791175673921,0.39775356341143336
8430408G22Rik,-0.03156876725648367,0.03156876725648367,0.3848061185595411
March8,0.04338600527046916,0.04338600527046916,0.23221853773413473
Anubl1,0.046872014656848156,0.046872014656848156,0.19678869762478687
Cecr5,0.02055013066068251,0.02055013066068251,0.5716281652191788
Rho,0.013130301419853116,0.013130301419853116,0.7178025406240909
BC060267,0.013130301419853113,0.013130301419853113,0.7178025406240909
Cand2,-0.003284031420972541,0.003284031420972541,0.9279807009251532
Pparg,0.013130301419853118,0.013130301419853118,0.7178025406240909
Taf1a,-0.001543110290151175,0.001543110290151175,0.9661235331717722
Syn2,0.013130301419853118,0.013130301419853118,0.7178025406240909
1500001M20Rik,0.030384230172515174,0.030384230172515174,0.402901899490205
Hrh1,0.0460485475159653,0.0460485475159653,0.20477865714268603
Tatdn2,0.04010354775303571,0.04010354775303571,0.2695050974465151
C130074G19Rik,0.04707068171144965,0.04707068171144965,0.19489564478304747
Fancd2,0.01858129502280077,0.01858129502280077,0.6090346243526004
Prrt3,-0.06350331087364677,0.06350331087364677,0.08019599154635042
Creld1,-0.014702855935107726,0.014702855935107726,0.6857094557798273
Il17rc,0.03557214290078258,0.03557214290078258,0.32740602534592955
Ift122,-0.06350331087364681,0.06350331087364681,0.08019599154634913
Ccdc111,0.0019938425294837117,0.0019938425294837117,0.9562372315916609
Cd33,0.013130301419853115,0.013130301419853115,0.7178025406240909
Zfp719,-0.056750602963812284,0.056750602963812284,0.11800768962246852
Pwwp2b,0.031707977533217205,0.031707977533217205,0.38271251194523237
Stk32c,0.01313030141985312,0.01313030141985312,0.7178025406240909
Ppp1r12b,0.046854819958161195,0.046854819958161195,0.19695317166268858
Tcerg1l,0.03731055051153432,0.03731055051153432,0.30430485276154223
9430038I01Rik,0.02134475590815201,0.02134475590815201,0.556845998605011
Ebf3,0.030395698224834528,0.030395698224834528,0.4027243015101675
Mgmt,0.08373171670356719,0.08373171670356719,0.020966910874372423
5830432E09Rik,-0.009973209147524288,0.009973209147524288,0.7837029559123186
Dock1,0.032451604193190625,0.032451604193190625,0.37164741813650753
Dhx32,-0.030341413904573455,0.030341413904573455,0.4035653799054563
Uros,0.04669151693624625,0.04669151693624625,0.19852023867161636
Ube2t,0.09065060082554886,0.09065060082554886,0.012415815656825905
Ptprv,0.018581295022800762,0.018581295022800762,0.6090346243526004
Lhpp,0.0345780217889572,0.0345780217889572,0.341114263303102
Chst15,-0.04947307980309247,0.04947307980309247,0.1730501909711272
Cpxm2,-0.06214980910074885,0.06214980910074885,0.0868621625070675
Gpr37l1,-0.06350331087364676,0.06350331087364676,0.08019599154635042
2310057M21Rik,0.01320933164415314,0.01320933164415314,0.7161771829535701
Htra1,-0.09980358848933012,0.09980358848933012,0.005891775467235686
Tacc2,0.04950621651590758,0.04950621651590758,0.172762202742345
Ate1,0.015915371374249546,0.015915371374249546,0.6613412895470717
Wdr11,0.05680453825280138,0.05680453825280138,0.117658197331881
Sec23ip,-0.01065809749273542,0.01065809749273542,0.7692560345467453
Lmod1,0.018580587475813808,0.018580587475813808,0.6090482607395584
Rgs10,0.02812172083161094,0.02812172083161094,0.4388483725437241
BC017158,-0.03733664931194204,0.03733664931194204,0.3039664727882171
Tgfb1i1,0.02208447964230094,0.02208447964230094,0.5432543901548218
6430531B16Rik,0.013130301419853113,0.013130301419853113,0.7178025406240909
Armc5,-0.0008085381440652287,0.0008085381440652287,0.9822460019125684
Adam8,0.03299311945949258,0.03299311945949258,0.36371567152208856
Caly,0.018581295022800766,0.018581295022800766,0.6090346243526004
Gm14492,0.033121678539896546,0.033121678539896546,0.3618482611930415
Chit1,-0.006861075700190372,0.006861075700190372,0.8502200276793784
Chi3l1,0.03684272414471855,0.03684272414471855,0.3104127179539199
Dusp8,0.05404234608764352,0.05404234608764352,0.13662428448841635
Mybph,0.013130301419853115,0.013130301419853115,0.7178025406240909
Gm16982,0.018581295022800766,0.018581295022800766,0.6090346243526004
Ap2a2,0.03947229155139267,0.03947229155139267,0.2771214809908246
Chid1,0.08214095612394574,0.08214095612394574,0.023539054098226025
Tspan4,-0.04385087245511606,0.04385087245511606,0.22724881435262337
Adora1,0.013130301419853113,0.013130301419853113,0.7178025406240909
Efcab4a,-0.05536962116097697,0.05536962116097697,0.1272359752988174
Snora52,0.03312167853989652,0.03312167853989652,0.3618482611930415
Eps8l2,0.033121678539896546,0.033121678539896546,0.3618482611930415
Deaf1,-0.11956798870803864,0.11956798870803864,0.0009576166930327083
Cdhr5,0.022772372094156498,0.022772372094156498,0.5307648226518682
Myog,-0.08986646357438074,0.08986646357438074,0.013197834056651266
1600016N20Rik,0.013130301419853121,0.013130301419853121,0.7178025406240909
Lrrc56,0.05004979060334375,0.05004979060334375,0.1680889754169223
Ptdss2,-0.04328244770823361,0.04328244770823361,0.23333604039512873
Ppfia4,0.0391277887347183,0.0391277887347183,0.2813392166321698
Ifitm6,-0.019520442156429063,0.019520442156429063,0.5910556557425761
Ifitm5,0.018580736217385964,0.018580736217385964,0.6090453940669065
Athl1,-0.07561016556065103,0.07561016556065103,0.03716187106320884
Cox8b,0.07356688006933026,0.07356688006933026,0.04261042436398163
Cyp2e1,-0.01458563508628092,0.01458563508628092,0.6880831615681442
Cd163l1,0.013130301419853121,0.013130301419853121,0.7178025406240909
1810014F10Rik,0.03405565819981301,0.03405565819981301,0.34846217275823105
Zfp511,0.05936379127659737,0.05936379127659737,0.10198713321643492
9130023H24Rik,-0.06350331087364679,0.06350331087364679,0.08019599154635042
Itgax,0.03312167853989653,0.03312167853989653,0.3618482611930415
Prss36,0.049965571278876166,0.049965571278876166,0.1688067609427516
Lat,0.0387915030217119,0.0387915030217119,0.2854980816854673
Gsg1l,0.01313030141985312,0.01313030141985312,0.7178025406240909
D430042O09Rik,-0.05573305186628056,0.05573305186628056,0.12475471551011395
Jmjd5,0.06637466217807357,0.06637466217807357,0.06742532100032782
Arhgap17,-0.023338405094167958,0.023338405094167958,0.5205979780041115
Zbtb41,0.02236471714261353,0.02236471714261353,0.5381487367408615
4930413G21Rik,-0.0020645990220843503,0.0020645990220843503,0.9546858391431687
Plk1,0.013130301419853118,0.013130301419853118,0.7178025406240909
Palb2,0.0015840548201277868,0.0015840548201277868,0.9652252237616759
Aspm,0.034111422986111986,0.034111422986111986,0.34767299634165305
Ears2,-0.0009584445266842188,0.0009584445266842188,0.9789550381090275
Igsf6,0.03312167853989653,0.03312167853989653,0.3618482611930415
Kcnt2,0.03312167853989654,0.03312167853989654,0.3618482611930415
Cdr2,0.1140442754528882,0.1140442754528882,0.001637806749937753
Polr3e,0.04192117072980115,0.04192117072980115,0.24838042152407822
E130201H02Rik,0.03272665483982446,0.03272665483982446,0.36760537102752033
Crym,0.013130301419853115,0.013130301419853115,0.7178025406240909
Tmem159,0.052794031737685244,0.052794031737685244,0.14593257698485937
Lyrm1,0.072526263228625,0.072526263228625,0.04563510459383862
Dcun1d3,0.02137724500772636,0.02137724500772636,0.5562455918974629
2610020H08Rik,0.026312655621883514,0.026312655621883514,0.4688685108941922
Eri2,0.020925448737558257,0.020925448737558257,0.5646230542940561
Acsm2,0.01313030141985312,0.01313030141985312,0.7178025406240909
Gprc5b,-0.06350331087364676,0.06350331087364676,0.08019599154635042
Glrx2,0.03338789654681021,0.03338789654681021,0.35800036662162055
Itpripl2,-0.0381560241277703,0.0381560241277703,0.29346983117296854
Smg1,0.08048615735902931,0.08048615735902931,0.026500428664564826
Rabep2,-0.042893646741239834,0.042893646741239834,0.23756558905135874
Atp2a1,0.09189422498068972,0.09189422498068972,0.01125938813304128
Gm19705,0.04627751893707765,0.04627751893707765,0.20253372287582408
Apobr,0.013130301419853113,0.013130301419853113,0.7178025406240909
Shisa4,0.013130301419853118,0.013130301419853118,0.7178025406240909
Ipo9,-0.01748157416878047,0.01748157416878047,0.6303905237888582
Hsd3b7,0.01612261880952778,0.01612261880952778,0.6572109185814378
Phlda3,0.05713416475344228,0.05713416475344228,0.11553985540040014
Fbxl19,-0.04060692115386536,0.04060692115386536,0.26353533262501644
Ctf1,0.013130301419853118,0.013130301419853118,0.7178025406240909
Zfp629,-0.06464837324300549,0.06464837324300549,0.07488588100573236
Gm166,-0.035642584275789854,0.035642584275789854,0.32644841882828163
Tnni1,0.033121678539896546,0.033121678539896546,0.3618482611930415
Zfp689,-0.05291245434444139,0.05291245434444139,0.1450292603227646
Zfp764,0.010602915804071125,0.010602915804071125,0.7704171452103609
Lad1,0.03312167853989654,0.03312167853989654,0.3618482611930415
Zfp771,-0.0067023802719846665,0.0067023802719846665,0.8536449061438939
Tnnt3,0.16484308832347808,0.16484308832347808,4.918914241579304e-06
Gm4532,-0.004523157801716175,0.004523157801716175,0.9009271224623208
Gpr25,0.033121678539896546,0.033121678539896546,0.3618482611930415
Kif22,0.03558245378269318,0.03558245378269318,0.3272657417564532
Prrt2,0.05506238102149771,0.05506238102149771,0.12936335164527915
Sez6l2,0.013130301419853116,0.013130301419853116,0.7178025406240909
Taok2,0.015548429314319078,0.015548429314319078,0.6686795508972903
Doc2a,0.013130301419853121,0.013130301419853121,0.7178025406240909
Fam57b,0.018529039676655614,0.018529039676655614,0.6100420938678563
9230116N13Rik,0.04246371630880336,0.04246371630880336,0.24230516384457812
Ppp4c,-0.027134400129162847,0.027134400129162847,0.45509370894833884
Tbx6,0.05004979060334374,0.05004979060334374,0.1680889754169223
Kif14,0.013130301419853115,0.013130301419853115,0.7178025406240909
Nupr1,-0.19040501462617498,0.19040501462617498,1.2303893507250686e-07
Il27,0.03312167853989653,0.03312167853989653,0.3618482611930415
Spn,0.10572613187053045,0.10572613187053045,0.0035222450636934175
Fmod,-0.17571688126585785,0.17571688126585785,1.0926149551492066e-06
H19,-0.04243981331537266,0.04243981331537266,0.24257060577104447
Igf2,-0.0016209642802990812,0.0016209642802990812,0.9644154801616689
Star,0.03272665483982446,0.03272665483982446,0.36760537102752033
Bag4,0.04779043619665526,0.04779043619665526,0.18814891302873032
Letm2,-0.0012023430041874011,0.0012023430041874011,0.9736014114272278
Fgfr1,-0.01902389350808272,0.01902389350808272,0.6005312514084551
5430421F17Rik,0.013130301419853121,0.013130301419853121,0.7178025406240909
5430435G22Rik,0.013860900108353497,0.013860900108353497,0.7028263270718033
Ido1,0.033121678539896525,0.033121678539896525,0.3618482611930415
1810011O10Rik,-0.04705253125612119,0.04705253125612119,0.19506804097459726
Sfrp1,-0.035259776221944136,0.035259776221944136,0.3316743591815393
Slc45a3,-0.03564258427578986,0.03564258427578986,0.32644841882828163
Ank1,0.04813530648204989,0.04813530648204989,0.184977841798308
Ap3m2,0.027213901018162286,0.027213901018162286,0.45377322007532733
Plat,0.015355994683499288,0.015355994683499288,0.6725406606578954
Elk4,0.022218884114704077,0.022218884114704077,0.5408026706943971
Mfsd4,0.007554822092767155,0.007554822092767155,0.8352818854612681
Cdk18,0.013130301419853113,0.013130301419853113,0.7178025406240909
1810012K16Rik,0.04634365889997847,0.04634365889997847,0.2018886020142906
Ckap2,-0.024829667393981895,0.024829667393981895,0.49430018520763525
Nek3,-0.029603989489330254,0.029603989489330254,0.41509465589670874
Tmcc2,0.013130301419853113,0.013130301419853113,0.7178025406240909
Dstyk,0.06429924794456503,0.06429924794456503,0.07647365299998946
Xkr5,0.013130301419853115,0.013130301419853115,0.7178025406240909
Angpt2,-0.06350331087364677,0.06350331087364677,0.08019599154635042
Mcph1,0.04913753296711759,0.04913753296711759,0.17598660170335378
Myom2,-0.006861075700190372,0.006861075700190372,0.8502200276793784
Kbtbd11,0.02797842635602511,0.02797842635602511,0.4411852994899911
Arhgef10,-0.042266710239829454,0.042266710239829454,0.24449900066326413
4930444A02Rik,-0.07893527638101497,0.07893527638101497,0.029562025625572325
Srgap2,0.05618241502032513,0.05618241502032513,0.12173902426093604
Ikbke,0.02940735116009714,0.02940735116009714,0.41820149758447606
2310008N11Rik,0.026312655621883518,0.026312655621883518,0.4688685108941922
Fam149a,0.036010981111754076,0.036010981111754076,0.3214699164355231
Cyp4v3,0.02871467209366652,0.02871467209366652,0.4292539753793947
Fat1,-0.0046904894465603164,0.0046904894465603164,0.8972818912145041
Pfkfb2,0.03622206173334869,0.03622206173334869,0.31863979635656003
B430010I23Rik,-0.03286365539108543,0.03286365539108543,0.36560229520442233
Mtus1,-0.08642646606857132,0.08642646606857132,0.017165105826265428
Pdgfrl,-0.06470191475613458,0.06470191475613458,0.07464477529360779
Slc7a2,0.03410984116440802,0.03410984116440802,0.34769536644291277
Il10,0.1200777056130246,0.1200777056130246,0.0009103086066018187
Zdhhc2,0.03312167853989652,0.03312167853989652,0.3618482611930415
Tusc3,0.016499909533839917,0.016499909533839917,0.6497184775638242
Dlc1,-0.030836482957100363,0.030836482957100363,0.39593371374539366
D8Ertd82e,-0.030412509713927147,0.030412509713927147,0.4024640379949704
2610019F03Rik,0.043000414242039535,0.043000414242039535,0.23639877841696655
Gm16793,0.03312167853989652,0.03312167853989652,0.3618482611930415
Tnks,0.06272394768549354,0.06272394768549354,0.0839818606201171
Dusp4,0.050187822608848756,0.050187822608848756,0.16691750394641494
Tmem66,0.11099090692267113,0.11099090692267113,0.0021822083591020764
Gsr,0.07594142966153342,0.07594142966153342,0.036336834608966355
Dyrk3,0.06123206668120859,0.06123206668120859,0.09163101600382961
Hmgb1-rs17,-0.11013616353384205,0.11013616353384205,0.0023618487575947037
Purg,0.057444152772213736,0.057444152772213736,0.11357513682022226
Nrg1,-0.06350331087364681,0.06350331087364681,0.08019599154634913
Dusp26,0.04689402151429878,0.04689402151429878,0.19657833988198928
Rab11fip1,0.0026185986734758,0.0026185986734758,0.942545338016907
Brf2,-0.03620334177446648,0.03620334177446648,0.3188901292250041
Gpr124,-0.0896834413682061,0.0896834413682061,0.013386501040046773
Zfp703,0.055834350984880404,0.055834350984880404,0.12406986797872344
Ppp1r3b,0.04251038708563708,0.04251038708563708,0.24178747436114295
Trove2,0.04420767380236406,0.04420767380236406,0.2234860532365451
Fbxo25,-0.01919692188237218,0.01919692188237218,0.5972215881867416
Tmem81,0.022772372094156498,0.022772372094156498,0.5307648226518682
Clec4g,-0.06350331087364683,0.06350331087364683,0.08019599154634913
2400009B08Rik,0.033121678539896546,0.033121678539896546,0.3618482611930415
1810033B17Rik,0.033121678539896525,0.033121678539896525,0.3618482611930415
Retn,0.013130301419853116,0.013130301419853116,0.7178025406240909
C330021F23Rik,0.02943791928546992,0.02943791928546992,0.4177176329287658
Pnpla6,0.049927470598309834,0.049927470598309834,0.1691322389760887
Pex11c,0.03274622846890291,0.03274622846890291,0.36731876931083207
Insr,-0.005210563689325983,0.005210563689325983,0.8859664934748384
Mrgprf,-0.05900328716494578,0.05900328716494578,0.10408859634486925
Tpcn2,-0.04877542213708248,0.04877542213708248,0.1791969037916126
Ano1,0.032160036494878384,0.032160036494878384,0.3759621066237461
Ppfia1,0.0853823323308235,0.0853823323308235,0.018559901706540326
Shank2,0.01313030141985312,0.01313030141985312,0.7178025406240909
Dhcr7,0.05858761260829246,0.05858761260829246,0.10655411659564284
Nadsyn1,-0.028936610696410583,0.028936610696410583,0.42569437590889236
Mrgpre,-0.07540262962834118,0.07540262962834118,0.03768682115500796
Osbpl5,0.015311100507752553,0.015311100507752553,0.6734426868970257
Tnfrsf23,0.014209217324418114,0.014209217324418114,0.6957262280144298
Tnfrsf22,0.03312167853989653,0.03312167853989653,0.3618482611930415
Tnfrsf26,-0.0007680320358422268,0.0007680320358422268,0.9831353052324998
Phlda2,0.03527584140298743,0.03527584140298743,0.3314539647497397
Slc22a18,0.018571531026814442,0.018571531026814442,0.6092228155272887
Lax1,-0.028105018695485005,0.028105018695485005,0.439120394381708
Trpm5,0.018581295022800766,0.018581295022800766,0.6090346243526004
Atp2b4,0.017492535310905635,0.017492535310905635,0.6301760970724054
R74862,0.0202944013809172,0.0202944013809172,0.5764247217428339
Ins2,0.03312167853989653,0.03312167853989653,0.3618482611930415
Cd209a,0.013150754758545206,0.013150754758545206,0.7173817689128049
Cd209d,0.018533386433606754,0.018533386433606754,0.6099582613598786
Cd209b,-0.06350331087364683,0.06350331087364683,0.08019599154634913
Cd209c,-0.006861075700190372,0.006861075700190372,0.8502200276793784
Cntn2,-0.009973209147524285,0.009973209147524285,0.7837029559123186
Gas6,-0.025963581239337192,0.025963581239337192,0.4747889468627465
Fam70b,-0.0635033108736468,0.0635033108736468,0.08019599154635042
Tfdp1,0.013130301419853121,0.013130301419853121,0.7178025406240909
Grtp1,0.013130301419853113,0.013130301419853113,0.7178025406240909
F10,-0.037318604508537495,0.037318604508537495,0.304200403283681
F7,-0.06350331087364681,0.06350331087364681,0.08019599154634913
Mcf2l,0.03620415892014186,0.03620415892014186,0.31887919925356617
Atp11a,0.054777802977011444,0.054777802977011444,0.13135831028469636
Nfasc,0.013130301419853118,0.013130301419853118,0.7178025406240909
Lrrn2,-0.03435901384952844,0.03435901384952844,0.3441828353588903
Rab20,0.04634365889997845,0.04634365889997845,0.2018886020142906
Col4a2,-0.11139747243291477,0.11139747243291477,0.002101226190505408
2410022L05Rik,0.06498188608312715,0.06498188608312715,0.07339430844387636
Mdm4,0.05157990151796604,0.05157990151796604,0.15544328299442942
3930402G23Rik,0.013130301419853115,0.013130301419853115,0.7178025406240909
Abhd13,0.04990680511407097,0.04990680511407097,0.16930897188772884
Lig4,-0.02679885640968876,0.02679885640968876,0.4606907309519703
Pik3c2b,0.0746173333444513,0.0746173333444513,0.039730534344354244
Efnb2,-0.03948530036678433,0.03948530036678433,0.2769630614718823
Shcbp1,-0.014132278630287511,0.014132278630287511,0.6972922837262601
Plekha6,-0.04231348405251629,0.04231348405251629,0.2439768773397419
Ccl25,-0.049787944092813466,0.049787944092813466,0.1703281659348306
Sox13,0.02619737793809368,0.02619737793809368,0.4708191437540573
Timm44,-0.007994899960568909,0.007994899960568909,0.8258361733219126
Ctxn1,-0.009973209147524257,0.009973209147524257,0.7837029559123186
Lrrc8e,0.036328157260931,0.036328157260931,0.31722345987365
Cd209f,0.013130301419853113,0.013130301419853113,0.7178025406240909
Irs2,0.0005857469104154413,0.0005857469104154413,0.987137580804099
Rgs13,-0.06446814654330228,0.06446814654330228,0.07570213816576929
Plekha7,0.013130301419853118,0.013130301419853118,0.7178025406240909
Insc,0.034605293930653314,0.034605293930653314,0.34073337463260306
Dnm3,0.080001731998295,0.080001731998295,0.027425958563800798
Dnm3os,0.018580194643776346,0.018580194643776346,0.6090558317577208
Rgma,-0.045087020052893834,0.045087020052893834,0.21440305291547676
A730056A06Rik,0.013130301419853115,0.013130301419853115,0.7178025406240909
Mctp2,0.005732049699741656,0.005732049699741656,0.8746436339692992
Nr2f2,0.018414580571945633,0.018414580571945633,0.6122514121289866
Gm16157,0.03272665483982446,0.03272665483982446,0.36760537102752033
Pgpep1l,0.009068361764034562,0.009068361764034562,0.8029035651810905
Igf1r,0.04211968884662188,0.04211968884662188,0.2461452561215443
Synm,0.01858102837278152,0.01858102837278152,0.6090397634198996
Ttc23,0.03228182742902791,0.03228182742902791,0.3741560749796556
Lysmd4,0.002888678966366376,0.002888678966366376,0.9366313756898563
Lins,0.06964527726219828,0.06964527726219828,0.054964304777824456
Asb7,0.010108503175848918,0.010108503175848918,0.780843007216704
Pcsk6,-0.04251317298412867,0.04251317298412867,0.24175659673430888
Tarsl2,0.04634365889997845,0.04634365889997845,0.2018886020142906
Tjp1,0.0028669315301767563,0.0028669315301767563,0.937107455669709
Fan1,-0.008110112321465857,0.008110112321465857,0.8233673775345276
Mtmr10,0.012683609960132895,0.012683609960132895,0.7270131110173014
Ndn,-0.011429851261270402,0.011429851261270402,0.7530723028598176
Atp10a,-0.03507876527002642,0.03507876527002642,0.3341641372984431
Nipa1,0.018399882053917294,0.018399882053917294,0.6125353823000782
Fmo2,0.056174943712762826,0.056174943712762826,0.1217886951679071
Siglech,0.03432963606180846,0.03432963606180846,0.34459578798709123
Svip,0.03097578832736893,0.03097578832736893,0.39380205713057853
Gas2,-0.0072662409597563805,0.0072662409597563805,0.8414889010053563
Fancf,-0.022147480197000677,0.022147480197000677,0.5421044873682719
Fam174b,0.0149574075263538,0.0149574075263538,0.6805654951661536
Slco3a1,0.047585630528424995,0.047585630528424995,0.1900509410166484
Klhl25,0.059177059746132396,0.059177059746132396,0.10307138847588006
Ntrk3,0.033121678539896525,0.033121678539896525,0.3618482611930415
Mex3b,0.0517075394209734,0.0517075394209734,0.1544218950675475
Fam154b,0.01313030141985312,0.01313030141985312,0.7178025406240909
Adamtsl3,0.012373249041881192,0.012373249041881192,0.733435963442644
Sh3gl3,0.01313030141985312,0.01313030141985312,0.7178025406240909
Hdgfrp3,0.005030186888720259,0.005030186888720259,0.8898884930331032
Sec16b,-0.06350331087364679,0.06350331087364679,0.08019599154635042
4930562F07Rik,-0.03564258427578981,0.03564258427578981,0.3264484188282848
Fsd2,0.013130301419853118,0.013130301419853118,0.7178025406240909
Cpeb1,0.018402561666168056,0.018402561666168056,0.6124836088083891
Pde8a,0.02188238406894435,0.02188238406894435,0.5469512525228142
Alpk3,0.013130301419853111,0.013130301419853111,0.7178025406240909
Wdr73,-0.000522782090280347,0.000522782090280347,0.9885201246321322
Iqgap1,0.17209925610184315,0.17209925610184315,1.82142517067455e-06
Htatip2,0.047744435580244035,0.047744435580244035,0.18857489487255258
Blm,0.061811518276785146,0.061811518276785146,0.08859620586401203
Prc1,0.05877052850574695,0.05877052850574695,0.10546354135053264
Dars2,0.019180721840445187,0.019180721840445187,0.5975311088967342
Ttll13,0.013130301419853116,0.013130301419853116,0.7178025406240909
Cenpl,0.015031876389373625,0.015031876389373625,0.6790634203151621
2610034B18Rik,0.022387858177996954,0.022387858177996954,0.5377282063948214
Ap3s2,0.012218477452428224,0.012218477452428224,0.7366459331842101
Anpep,0.0185811090363042,0.0185811090363042,0.609038208813549
Pex11a,-0.05427605435685716,0.05427605435685716,0.13493356376330248
5730590G19Rik,0.04634365889997845,0.04634365889997845,0.2018886020142906
Fanci,0.018581295022800773,0.018581295022800773,0.6090346243526004
Mfge8,0.018798653653991505,0.018798653653991505,0.6048519592546675
Det1,-0.044547425033904,0.044547425033904,0.21994463941056552
4930558K02Rik,-0.06350331087364681,0.06350331087364681,0.08019599154634913
Rccd1,0.013003795397220899,0.013003795397220899,0.7204069516645931
Tmc3,0.06110737749051908,0.06110737749051908,0.0922948400148866
Nav2,0.02994197925968963,0.02994197925968963,0.4097864159459372
Prrx1,0.04301373043184249,0.04301373043184249,0.2362535363471934
Nme7,-0.022419635706926695,0.022419635706926695,0.5371509979028096
Nosip,0.042250182831029374,0.042250182831029374,0.2446836786670272
Prrg2,0.04646526261446908,0.04646526261446908,0.2007063985568295
Rras,0.012950126107754907,0.012950126107754907,0.721512835628536
Xcl1,0.013130301419853111,0.013130301419853111,0.7178025406240909
Gm15545,0.018581295022800745,0.018581295022800745,0.6090346243526004
Cpt1c,0.013130301419853115,0.013130301419853115,0.7178025406240909
Dcaf6,0.020246234121743516,0.020246234121743516,0.5773302814848207
Med25,0.014631061601460158,0.014631061601460158,0.6871629154267699
Mpzl1,0.0007197532675487931,0.0007197532675487931,0.9841952829434296
Il4i1,-0.09168803063936329,0.09168803063936329,0.01144426181908551
Nup62-il4i1,0.03312167853989654,0.03312167853989654,0.3618482611930415
Zfp473,0.04687201465684824,0.04687201465684824,0.19678869762478687
Cd247,0.03450866881277298,0.03450866881277298,0.3420840872054705
Mybpc2,0.027318302931105747,0.027318302931105747,0.4520424124395167
Fam71e1,-0.01681705666625893,0.01681705666625893,0.6434475951749857
Pou2f1,0.04371368253503763,0.04371368253503763,0.22870752481061807
Syt3,0.013130301419853115,0.013130301419853115,0.7178025406240909
Ildr2,-0.04889854649412367,0.04889854649412367,0.17810050127303562
1700028J19Rik,-0.06350331087364679,0.06350331087364679,0.08019599154635042
Klk1b27,0.013130301419853116,0.013130301419853116,0.7178025406240909
Klk8,-0.03672539653892226,0.03672539653892226,0.3119571089155027
Klk9,0.046872014656848204,0.046872014656848204,0.19678869762478687
Klk11,-0.06350331087364687,0.06350331087364687,0.08019599154634913
Klk14,0.013130301419853113,0.013130301419853113,0.7178025406240909
Ctu1,-0.031196541322341714,0.031196541322341714,0.3904383204494095
Siglece,0.033121678539896525,0.033121678539896525,0.3618482611930415
Aldh16a1,0.01990012860638368,0.01990012860638368,0.5838567571602337
Dkkl1,0.08302741943269167,0.08302741943269167,0.022073898093687
Tead2,-0.031833893815520944,0.031833893815520944,0.38082484927646715
Trpm4,0.029342321616126273,0.029342321616126273,0.41923194909132666
Ptpn5,0.03312167853989653,0.03312167853989653,0.3618482611930415
Tmem86a,-0.019346189988152095,0.019346189988152095,0.5943730777116493
Spty2d1,0.07747881393470056,0.07747881393470056,0.03270886666956645
C86187,0.01313030141985312,0.01313030141985312,0.7178025406240909
Kifap3,0.041849982224978544,0.041849982224978544,0.24918539212069535
Saa1,0.0551154160051835,0.0551154160051835,0.12899417368266383
Saa3,0.018372395177196972,0.018372395177196972,0.6130665748904512
Kcnc1,-0.06350331087364683,0.06350331087364683,0.08019599154634913
Myod1,-0.01183527515341263,0.01183527515341263,0.7446132208776659
Ccdc114,0.009068361764034562,0.009068361764034562,0.8029035651810905
BC055324,0.043728062024560116,0.043728062024560116,0.22855431943159005
Lmtk3,0.03432963606180846,0.03432963606180846,0.34459578798709123
Sult2b1,0.056330122011695447,0.056330122011695447,0.12076027761571029
E2f8,0.033029203592880786,0.033029203592880786,0.36319091800684417
Fam83e,0.013130301419853118,0.013130301419853118,0.7178025406240909
Ntn5,-0.06350331087364677,0.06350331087364677,0.08019599154635042
Sec1,0.013130301419853113,0.013130301419853113,0.7178025406240909
Mamstr,0.018528554135811896,0.018528554135811896,0.6100514584321369
Sele,0.04565240684198402,0.04565240684198402,0.2087051414162175
Hsd17b14,0.013130301419853115,0.013130301419853115,0.7178025406240909
Plekha4,-0.04114652204291069,0.04114652204291069,0.2572377455608832
Dhdh,0.018581295022800766,0.018581295022800766,0.6090346243526004
Gm16548,-0.08986646357438062,0.08986646357438062,0.013197834056651266
Gys1,-0.012205741927898906,0.012205741927898906,0.7369102737639414
Ntf5,0.033121678539896546,0.033121678539896546,0.3618482611930415
Kcna7,0.013130301419853116,0.013130301419853116,0.7178025406240909
Ppfia3,-0.06350331087364677,0.06350331087364677,0.08019599154635042
Hrc,0.045886900029460505,0.045886900029460505,0.20637435741198093
Dbp,-0.058672078616953977,0.058672078616953977,0.10604941251849793
Zfp658,0.03432963606180845,0.03432963606180845,0.34459578798709123
BC026585,0.013003795397220888,0.013003795397220888,0.7204069516645931
Rasal2,0.041439757549082024,0.041439757549082024,0.25385950404419194
Cyb5r2,0.03312167853989653,0.03312167853989653,0.3618482611930415
1700025G04Rik,0.012537005863786218,0.012537005863786218,0.7300446975554611
Syt9,-0.06350331087364677,0.06350331087364677,0.08019599154635042
Gm4759,0.03298731795061754,0.03298731795061754,0.3638000841078563
Gm8979,-0.0036041801681107113,0.0036041801681107113,0.9209817241921566
Gvin1,-0.008110112321465846,0.008110112321465846,0.8233673775345276
Tsen15,-0.026916745951148707,0.026916745951148707,0.4587199149490381
Dchs1,0.03312167853989654,0.03312167853989654,0.3618482611930415
Glt25d2,0.018273780805092277,0.018273780805092277,0.6149739970620266
Nmnat2,-0.06350331087364681,0.06350331087364681,0.08019599154634913
Trim3,0.008636168870095896,0.008636168870095896,0.8121174308533313
Apbb1,0.05716211977883535,0.05716211977883535,0.11536158826320454
Prkcdbp,-0.07783613223915176,0.07783613223915176,0.031911462046748384
Fam160a2,-0.010870305939094735,0.010870305939094735,0.7647956618616025
Trim30d,0.006365172162567169,0.006365172162567169,0.8609314169381688
Trim12c,-0.08924415866080797,0.08924415866080797,0.013849070545271406
Trim6,0.013130301419853113,0.013130301419853113,0.7178025406240909
Beta-s,0.12944095285799845,0.12944095285799845,0.0003467257399384169
Hbb-b1,0.013130301419853115,0.013130301419853115,0.7178025406240909
Hbb-b2,-0.06350331087364683,0.06350331087364683,0.08019599154634913
Olfr78,0.01313030141985312,0.01313030141985312,0.7178025406240909
Trim68,0.021515243168994592,0.021515243168994592,0.5536988690448784
Trim21,0.004039727821812402,0.004039727821812402,0.9114698404465782
Rrm1,0.03836216702868518,0.03836216702868518,0.2908677046837059
Stim1,0.06702676819577129,0.06702676819577129,0.06477087572466686
Pgap2,-0.020295828485406342,0.020295828485406342,0.5763979019286034
Chrna10,0.013130301419853115,0.013130301419853115,0.7178025406240909
Nlrp10,0.009068361764034555,0.009068361764034555,0.8029035651810905
Tub,0.013130301419853113,0.013130301419853113,0.7178025406240909
Ric3,-0.06350331087364687,0.06350331087364687,0.08019599154634913
Lmo1,-0.06670232517591856,0.06670232517591856,0.06608058608287981
Calca,-0.044475109650696,0.044475109650696,0.22069503536293042
Cyp2r1,0.029437919285469932,0.029437919285469932,0.4177176329287658
Rgs1,0.05141155656259069,0.05141155656259069,0.15679823452574781
4933406I18Rik,0.052600098665941335,0.052600098665941335,0.14742115418295262
Copb1,0.08666679127635665,0.08666679127635665,0.016857375285627505
Rgs18,-0.013734670863222024,0.013734670863222024,0.7054058240401524
Spon1,0.083969919184595,0.083969919184595,0.02060359976218961
Ptgs2,-0.07266131544505844,0.07266131544505844,0.04523263883630898
Mical2,0.04187301087025918,0.04187301087025918,0.24892479467614442
Dkk3,-0.039157691182792234,0.039157691182792234,0.2809714081018352
Galntl4,-0.038974149331074744,0.038974149331074744,0.28323416567902
1700012D14Rik,-0.030322531217253555,0.030322531217253555,0.4038581931853237
Hmcn1,-0.02440353452354851,0.02440353452354851,0.5017417755869756
Art1,0.013130301419853115,0.013130301419853115,0.7178025406240909
Mrvi1,-0.025430056161442526,0.025430056161442526,0.4839163476049056
Rnf141,0.018655578902437714,0.018655578902437714,0.6076037236545978
Ampd3,-0.005957041224569342,0.005957041224569342,0.8697662245951208
Sbf2,0.06167868646276993,0.06167868646276993,0.08928465556878692
Rnf2,-0.09278619847631431,0.09278619847631431,0.010489782994242944
Wee1,-0.010561481765931495,0.010561481765931495,0.771289321244483
1600010M07Rik,0.013130301419853111,0.013130301419853111,0.7178025406240909
Tmem41b,0.03671703111284322,0.03671703111284322,0.31206741627561146
Dennd5a,-0.0011985085105398142,0.0011985085105398142,0.9736855708768597
Nrip3,0.018578619978013654,0.018578619978013654,0.6090861805753874
Tmem9b,0.05351687204764109,0.05351687204764109,0.1404852728836093
D930014E17Rik,0.011738761108043949,0.011738761108043949,0.7466242224754494
St5,0.022171468299280093,0.022171468299280093,0.5416669689050605
Fam129a,0.0657724627860011,0.0657724627860011,0.06995534055898274
Lyve1,0.03358196703892881,0.03358196703892881,0.3552115432822823
2810025M15Rik,-0.01057542092585321,0.01057542092585321,0.77099587318239
Trpc2,0.032726654839824454,0.032726654839824454,0.36760537102752033
Il18bp,0.03823057785685688,0.03823057785685688,0.2925269514128822
Dgat2,0.025299120998647586,0.025299120998647586,0.48617077946577686
Prkrir,0.017442484845842682,0.017442484845842682,0.6311554593337403
Tsku,-0.06823750861035097,0.06823750861035097,0.06007075418475349
LOC330599,-0.03044185366605226,0.03044185366605226,0.4020099970305858
Capn5,-0.027207111108828452,0.027207111108828452,0.45388591437612835
Pak1,-0.03281369648920445,0.03281369648920445,0.3663319519004216
Ints4,-0.06510789168320803,0.06510789168320803,0.07283712266931841
Kctd14,-0.12890446736942796,0.12890446736942796,0.0003670945354616218
Thrsp,-0.006490842275190471,0.006490842275190471,0.858214477406958
Alg8,0.04115263603447246,0.04115263603447246,0.2571669925535838
Kctd21,0.01313030141985312,0.01313030141985312,0.7178025406240909
Usp35,-0.006013929984327825,0.006013929984327825,0.8685337544055259
Gab2,-0.05426514831232367,0.05426514831232367,0.13501210095101385
Odz4,0.033121678539896525,0.033121678539896525,0.3618482611930415
Fam181b,0.033121678539896546,0.033121678539896546,0.3618482611930415
4632434I11Rik,-0.0020645990220843624,0.0020645990220843624,0.9546858391431687
Cep350,0.09894874810978432,0.09894874810978432,0.006332643858240865
Crebzf,0.051843553883546695,0.051843553883546695,0.15333908550206715
Sytl2,-0.014965144465448756,0.014965144465448756,0.6804093781609803
Tor1aip2,-0.03337887461262877,0.03337887461262877,0.35813034681654116
E230029C05Rik,0.032726654839824454,0.032726654839824454,0.36760537102752033
Eed,-0.010331693351392031,0.010331693351392031,0.776131519616187
Fam20b,0.04854225996958261,0.04854225996958261,0.18128688591527423
Me3,0.013130301419853113,0.013130301419853113,0.7178025406240909
Fzd4,0.035916544759030264,0.035916544759030264,0.3227413850456645
Angptl1,0.02240273284811531,0.02240273284811531,0.5374579835107522
Nox4,-0.03917520331401299,0.03917520331401299,0.2807561552980697
Gdpd5,0.043020175833748016,0.043020175833748016,0.23618325781867822
Cacna1e,0.046660016916058256,0.046660016916058256,0.19882355894820064
Arrb1,-0.001244964672234527,0.001244964672234527,0.9726659712084594
Slco2b1,7.881600784180015e-05,7.881600784180015e-05,0.9982692054427632
Lamc2,-0.04406505265832512,0.04406505265832512,0.22498473839107902
Lrrc51,0.03528074417076088,0.03528074417076088,0.3313867236589727
Folr1,0.013130301419853115,0.013130301419853115,0.7178025406240909
Folr2,-0.11351908391447253,0.11351908391447253,0.0017215217270319552
Inppl1,0.023091366555695953,0.023091366555695953,0.5250228336338878
Art2b,0.03312167853989654,0.03312167853989654,0.3618482611930415
Art2a-ps,0.03312167853989654,0.03312167853989654,0.3618482611930415
Pde2a,-0.08307185600922953,0.08307185600922953,0.022002584036676955
Arap1,-0.01007427302057888,0.01007427302057888,0.7815663125651489
Stard10,0.03101726271531866,0.03101726271531866,0.3931687563771561
1700012A16Rik,0.013130301419853118,0.013130301419853118,0.7178025406240909
P2ry2,-0.0073169267826529855,0.0073169267826529855,0.8403979894038246
P2ry6,0.018499223873832592,0.018499223873832592,0.6106172655761871
Rnf121,0.03981785539662747,0.03981785539662747,0.27293415918067154
Arhgef17,-0.056209761739610044,0.056209761739610044,0.12155735203153713
Plekhb1,-0.0028796893900495286,0.0028796893900495286,0.9368281666065462
Npl,0.013130301419853118,0.013130301419853118,0.7178025406240909
Chchd8,-0.025275449844254044,0.025275449844254044,0.48657895181223293
Dnajb13,0.05653905766136748,0.05653905766136748,0.11938632166136008
Rgs16,-0.11792304292690575,0.11792304292690575,0.001126229669028385
P4ha3,0.013130301419853118,0.013130301419853118,0.7178025406240909
Gpx2-ps1,0.04372806202456009,0.04372806202456009,0.22855431943159005
Kcne3,-0.03564258427578988,0.03564258427578988,0.32644841882828163
Lipt2,-0.023807467202959127,0.023807467202959127,0.5122494124837657
Chrdl2,0.013130301419853113,0.013130301419853113,0.7178025406240909
Rnf169,-0.02807942045947827,0.02807942045947827,0.43953749140773657
Spcs2,0.05591813916408304,0.05591813916408304,0.12350562099118477
Neu3,0.022772372094156494,0.022772372094156494,0.5307648226518682
Fam168a,-0.007886706489767307,0.007886706489767307,0.8281561331302387
Cox4i2,0.018581111424299298,0.018581111424299298,0.6090381627903899
Slc2a8,0.04594945009099374,0.04594945009099374,0.20575583005925527
4833422C13Rik,0.013130301419853121,0.013130301419853121,0.7178025406240909
Gmpr,-0.0023154161491046217,0.0023154161491046217,0.9491878939302704
Cd14,0.04406174552921451,0.04406174552921451,0.2250195750123126
Slc35a4,-0.030157765933934644,0.030157765933934644,0.4064185852566021
Ppm1e,0.02277237209415649,0.02277237209415649,0.5307648226518682
Mylip,-0.09357108859606848,0.09357108859606848,0.009851584290436316
Wnt10b,0.04260953176540251,0.04260953176540251,0.2406903041353639
Dtnbp1,-0.027488164170381992,0.027488164170381992,0.4492343749999758
Trim37,0.034633019732541244,0.034633019732541244,0.34034642885558564
Rhebl1,-0.037996993857196924,0.037996993857196924,0.295487877876412
0610010O12Rik,-0.033838240431117904,0.033838240431117904,0.3515498809161256
Dhh,0.013130301419853116,0.013130301419853116,0.7178025406240909
Fam33a,-0.007387939820086991,0.007387939820086991,0.8388700897772619
4930578M01Rik,0.03632815726093099,0.03632815726093099,0.31722345987365
Nrg2,0.03272665483982446,0.03272665483982446,0.36760537102752033
Gm16381,0.013130301419853115,0.013130301419853115,0.7178025406240909
Tmem173,-0.017478214753735132,0.017478214753735132,0.6304562483757336
Prr11,-0.06350331087364677,0.06350331087364677,0.08019599154635042
Rnd1,0.004957079403267963,0.004957079403267963,0.8914788679358522
Cacnb3,0.013130301419853115,0.013130301419853115,0.7178025406240909
Adcy6,0.02276909287810201,0.02276909287810201,0.530824014197139
Wdr55,0.04106375314138575,0.04106375314138575,0.2581968996993145
Slc38a1,-0.02546881863736902,0.02546881863736902,0.4832500255448457
Sept4,0.008643654074003118,0.008643654074003118,0.8119576296187452
Rell2,-0.030322531217253566,0.030322531217253566,0.4038581931853237
Pcdhga9,0.018581295022800776,0.018581295022800776,0.6090346243526004
Rad51c,0.018689225556051823,0.018689225556051823,0.6069560945457624
Pcdhgb5,0.013130301419853113,0.013130301419853113,0.7178025406240909
Pcdhga8,0.013130301419853116,0.013130301419853116,0.7178025406240909
Pcdhgb4,0.013130301419853118,0.013130301419853118,0.7178025406240909
Ecscr,0.023274330884460834,0.023274330884460834,0.5217438050839591
Pcdhga7,0.03272665483982447,0.03272665483982447,0.36760537102752033
Pcdhb22,0.013130301419853115,0.013130301419853115,0.7178025406240909
Pcdhb14,-0.06350331087364677,0.06350331087364677,0.08019599154635042
Col2a1,-0.04067385908322385,0.04067385908322385,0.26274839439096276
Pfkm,0.018561013286239086,0.018561013286239086,0.609425563243171
AI836003,0.018446240613851174,0.018446240613851174,0.6116399487817542
Lalba,0.013130301419853121,0.013130301419853121,0.7178025406240909
2210020M01Rik,0.033121678539896546,0.033121678539896546,0.3618482611930415
Dnd1,0.01858129502280077,0.01858129502280077,0.6090346243526004
Tmem106c,0.07166353854158766,0.07166353854158766,0.04827776288885153
Arap3,-0.01680139850228516,0.01680139850228516,0.6437566114415296
Dio2,0.03312167853989653,0.03312167853989653,0.3618482611930415
Troap,-0.06350331087364679,0.06350331087364679,0.08019599154635042
Nme5,0.013130301419853118,0.013130301419853118,0.7178025406240909
Fam13b,0.12014922765915866,0.12014922765915866,0.0009038461640469988
Pkd2l2,0.05448933862990378,0.05448933862990378,0.1334047227143983
2810001G20Rik,-0.027637372392995428,0.027637372392995428,0.44677592845434555
Flrt2,-0.06350331087364683,0.06350331087364683,0.08019599154634913
2310068J16Rik,0.05633012201169546,0.05633012201169546,0.12076027761571029
Galc,0.03627158650434287,0.03627158650434287,0.3179781452618607
Hs3st3a1,0.013130301419853116,0.013130301419853116,0.7178025406240909
D0H4S114,-0.03211882402459429,0.03211882402459429,0.37657445854901506
Camk4,-0.023201296664656177,0.023201296664656177,0.5230514393840258
Ptrh2,-0.008485720393700621,0.008485720393700621,0.8153309951661547
Elac2,-0.03593830429108997,0.03593830429108997,0.322448130057201
Mettl7a1,0.07266641158381243,0.07266641158381243,0.04521751061513091
Csrnp2,0.07495163265905345,0.07495163265905345,0.03884933204418293
Tfcp2,0.04555423920610378,0.04555423920610378,0.20968652763947793
Myocd,-0.06350331087364688,0.06350331087364688,0.08019599154634913
Ercc3,0.05100068112234028,0.05100068112234028,0.16014273622630423
4933408B17Rik,-0.04075492956237697,0.04075492956237697,0.26179748065517955
Tbc1d7,-0.011616132578697022,0.011616132578697022,0.7491818392570969
Ston2,-0.08912819447405072,0.08912819447405072,0.013973508180920868
Cdc23,-0.03110209190784673,0.03110209190784673,0.3918753608276874
Spats2,0.033121678539896525,0.033121678539896525,0.3618482611930415
Gdpd1,0.03333516394686352,0.03333516394686352,0.3587605116254472
1700120C14Rik,0.013130301419853113,0.013130301419853113,0.7178025406240909
Hs3st3b1,-0.011868976470157368,0.011868976470157368,0.7439114163453245
Lrrtm2,-0.052362212372951356,0.052362212372951356,0.14926289070508567
Prpf40b,-0.06409451782979353,0.06409451782979353,0.07741740966303307
Ctnna1,0.0249884563716023,0.0249884563716023,0.4915423837918122
Llgl2,-0.012115254161536654,0.012115254161536654,0.7387893452627364
Prph,-0.06350331087364677,0.06350331087364677,0.08019599154635042
Fmnl3,0.07055623885556155,0.07055623885556155,0.05185648174926919
Nckap5l,-0.024381770949327797,0.024381770949327797,0.5021234167007417
Reep2,-0.06350331087364677,0.06350331087364677,0.08019599154635042
Faim2,0.013130301419853121,0.013130301419853121,0.7178025406240909
Fam53c,0.037369852089499396,0.037369852089499396,0.30353634795273565
Ypel2,0.07213602091783472,0.07213602091783472,0.04681501424331692
Cdc25c,-0.03564258427578984,0.03564258427578984,0.32644841882828163
Gfod1,-0.010854642718527088,0.010854642718527088,0.7651246204019729
Gfra3,0.033121678539896525,0.033121678539896525,0.3618482611930415
Ranbp9,0.003133054941691344,0.003133054941691344,0.931283258386445
Pcdh1,0.01856862801567421,0.01856862801567421,0.6092787731170196
1700086O06Rik,-0.0635033108736468,0.0635033108736468,0.08019599154635042
Pcdh12,0.013130301419853115,0.013130301419853115,0.7178025406240909
Ctxn3,-0.06350331087364677,0.06350331087364677,0.08019599154635042
Megf10,-0.08975552060442465,0.08975552060442465,0.013311916620955126
2210416O15Rik,0.013130301419853116,0.013130301419853116,0.7178025406240909
March3,0.031385858071532324,0.031385858071532324,0.3875675209555881
Id4,-0.07579599559442772,0.07579599559442772,0.03669710982225352
Ttc19,-0.01488118492219347,0.01488118492219347,0.6821042545679209
Phax,0.005416145735480979,0.005416145735480979,0.8814998492192325
1810021B22Rik,-0.02234920343372302,0.02234920343372302,0.5384307517335278
Zfp608,-0.06929383854196632,0.06929383854196632,0.05620399250638581
Cenpv,0.053413616454761906,0.053413616454761906,0.14125370773198542
Mapk12,0.09746253322841403,0.09746253322841403,0.0071701235265777255
Snx24,0.013130301419853118,0.013130301419853118,0.7178025406240909
Ppp6r2,-0.007601301882011837,0.007601301882011837,0.8342831099900309
Sbf1,0.040952178367329464,0.040952178367329464,0.25949377832881443
Ttll5,0.0016983800487159603,0.0016983800487159603,0.9627172029422175
Tgfb3,0.05549516966833318,0.05549516966833318,0.12637451795289117
Mpo,0.018581295022800773,0.018581295022800773,0.6090346243526004
Slc12a2,0.04704281403356146,0.04704281403356146,0.19516038271090025
Gm4951,0.030291404578144814,0.030291404578144814,0.4043411500440056
Gm4841,0.013130301419853115,0.013130301419853115,0.7178025406240909
F830016B08Rik,0.0007949578315484634,0.0007949578315484634,0.9825441524969613
Gtse1,-0.012080100661131847,0.012080100661131847,0.739519764673029
Pde6a,0.03272665483982446,0.03272665483982446,0.36760537102752033
Slc26a2,0.04666196236354968,0.04666196236354968,0.19880481603755876
Hmgxb3,0.07216520159207429,0.07216520159207429,0.04672590803846052
Csf1r,-0.0031372133484219244,0.0031372133484219244,0.9311922786211262
Pdgfrb,-0.025166370310546395,0.025166370310546395,0.4884622454555581
Slc6a7,0.013130301419853116,0.013130301419853116,0.7178025406240909
Camk2a,0.047366054436286956,0.047366054436286956,0.1921058022126081
1700019E19Rik,0.009485484739194035,0.009485484739194035,0.7940368124812167
Zfp169,0.013003795397220892,0.013003795397220892,0.7204069516645931
Trmu,-0.049913916759457,0.049913916759457,0.16924813692137802
C030037D09Rik,0.018581295022800752,0.018581295022800752,0.6090346243526004
Trim65,0.04306324353781915,0.04306324353781915,0.23571404055185705
Jdp2,0.04682384749063499,0.04682384749063499,0.19724968885493244
Synpo,-0.014016729421324942,0.014016729421324942,0.699646658757646
Cuedc1,-0.03579203150600348,0.03579203150600348,0.32442279794823786
Brd1,0.03383220474676014,0.03383220474676014,0.35163584409486004
Zbed4,0.0020612876223787937,0.0020612876223787937,0.9547584404429547
Ndst1,0.008613576737358858,0.008613576737358858,0.812599796473086
Sncaip,0.022415380261967807,0.022415380261967807,0.5372282759733987
1700020O03Rik,-0.07212403732769423,0.07212403732769423,0.046851648686344234
Lox,-0.0219549881620874,0.0219549881620874,0.5456217022883231
Lrrk2,-0.03134883851964774,0.03134883851964774,0.38812787311671854
Cntn1,-0.06350331087364677,0.06350331087364677,0.08019599154635042
Pdzrn4,0.013130301419853118,0.013130301419853118,0.7178025406240909
Myot,0.04687201465684816,0.04687201465684816,0.19678869762478687
Dpysl3,0.005230773971802795,0.005230773971802795,0.8855272256328008
Tcerg1,-0.03345962013525469,0.03345962013525469,0.35696808961348797
Zfp287,0.04736605443628694,0.04736605443628694,0.19210580221260992
Kif13a,-0.05507726729461606,0.05507726729461606,0.12925964531744114
Mcc,-0.008746910549635813,0.008746910549635813,0.8097540128475401
Zfp286,-0.06350331087364683,0.06350331087364683,0.08019599154634913
Prickle1,0.04253212414553834,0.04253212414553834,0.24154662421255813
Pus7l,-0.009879509699212235,0.009879509699212235,0.7856853596735388
Tmed8,-0.054903938447425346,0.054903938447425346,0.13047115351689953
Rnf43,0.033121678539896525,0.033121678539896525,0.3618482611930415
Fgf1,-0.05517666166282084,0.05517666166282084,0.12856885794218284
2610037D02Rik,0.03432963606180846,0.03432963606180846,0.34459578798709123
Spry4,0.05361286678122464,0.05361286678122464,0.1397737557386069
Gnpda1,-0.030581116532133273,0.030581116532133273,0.3998593579199566
Prelid2,0.048713894381505765,0.048713894381505765,0.17974667187934276
Iws1,0.07667477854967236,0.07667477854967236,0.03456565566458063
Gstz1,0.02532162725137167,0.02532162725137167,0.48578286548916366
Kif21a,-0.020931031083455176,0.020931031083455176,0.5645191746798454
BC046404,-0.00034844293128395444,0.00034844293128395444,0.9923483262893388
Vash1,-0.0247191782139951,0.0247191782139951,0.49622399133705997
Cpt1b,0.013130301419853115,0.013130301419853115,0.7178025406240909
Bzrap1,-0.07739058229216125,0.07739058229216125,0.032908369109433774
Shank3,0.028452427566582443,0.028452427566582443,0.43348220027746165
Angel1,0.0008799004483914669,0.0008799004483914669,0.9806793113667756
Sema6a,0.01812014011193718,0.01812014011193718,0.6179509306497737
Itgb4,-0.03291598363223502,0.03291598363223502,0.3648390055446492
Slc2a13,0.013130301419853118,0.013130301419853118,0.7178025406240909
Ngb,0.013130301419853116,0.013130301419853116,0.7178025406240909
Rabl2,0.016980538607491446,0.016980538607491446,0.640224937178577
Alg10b,-0.011308240153297275,0.011308240153297275,0.7556155241848904
Pomt2,0.06310507398574773,0.06310507398574773,0.08211282398494618
Cpne8,0.0006940501232425084,0.0006940501232425084,0.9847596161928126
Ticam2,-0.001569672559864379,0.001569672559864379,0.9655407608223684
Fem1c,0.05231103079665493,0.05231103079665493,0.14966142418938
Pggt1b,0.10413475988533151,0.10413475988533151,0.004054517875553172
Trim36,0.04071765755966067,0.04071765755966067,0.2622343663114062
Tpmt,0.033048673373153606,0.033048673373153606,0.3629079752276559
Ppara,0.013130301419853115,0.013130301419853115,0.7178025406240909
Gpr65,0.031812064334148515,0.031812064334148515,0.3811516944608014
Cela1,0.026312655621883518,0.026312655621883518,0.4688685108941922
Pde1b,0.01633003198760385,0.01633003198760385,0.653087680098982
Dync2li1,0.03824447877782291,0.03824447877782291,0.29235137152362556
D130020L05Rik,0.01781700226724065,0.01781700226724065,0.6238428764164885
Plekhh2,-0.017005641763403044,0.017005641763403044,0.6397306853779294
Fbln5,0.055841945453273374,0.055841945453273374,0.1240186426675246
Thada,0.0206856095033624,0.0206856095033624,0.569094771808594
Zfp36l2,-0.15121035569554975,0.15121035569554975,2.84149333592899e-05
Ppp1r1a,0.013130301419853113,0.013130301419853113,0.7178025406240909
Tfap2a,0.004435935205777139,0.004435935205777139,0.9028280525450162
Mefv,0.001736464406799559,0.001736464406799559,0.9618818041546013
Pkdcc,0.03378172239138223,0.03378172239138223,0.3523553588582684
Slc8a1,0.01313030141985312,0.01313030141985312,0.7178025406240909
Thumpd2,-0.026209734599532512,0.026209734599532512,0.47060984097283043
Tmem178,-0.032983815225363027,0.032983815225363027,0.3638510550613394
Map4k3,-0.03579717214166367,0.03579717214166367,0.3243532669336603
Zfp174,0.013130301419853113,0.013130301419853113,0.7178025406240909
Cdkl4,-0.009973209147524255,0.009973209147524255,0.7837029559123186
1110020A21Rik,0.0015840548201277729,0.0015840548201277729,0.9652252237616759
Smek1,0.07141432622019354,0.07141432622019354,0.04906460580892027
Nckap1l,0.06037953649201135,0.06037953649201135,0.09624701586459
Prepl,-0.024795419871883995,0.024795419871883995,0.4948960672274964
Hoxc10,-0.02528792061652863,0.02528792061652863,0.4863638896480973
Slc25a35,0.0042768700853552215,0.0042768700853552215,0.9062961435393165
Rangrf,0.03014619026089353,0.03014619026089353,0.4065988297747868
Hoxc9,-0.0218497001252788,0.0218497001252788,0.5475502937524154
Hoxc8,0.018576688407258898,0.018576688407258898,0.6091234090044142
Hoxc6,0.01818248745843836,0.01818248745843836,0.6167421332101676
Rps6ka5,0.05564868772292547,0.05564868772292547,0.1253273139838137
9030617O03Rik,-0.006763923273385139,0.006763923273385139,0.852316388022342
1700037C18Rik,-0.072097726325321,0.072097726325321,0.046932167213607656
Hoxc4,0.045821748170844445,0.045821748170844445,0.20702004430157916
Gpr68,0.01313030141985312,0.01313030141985312,0.7178025406240909
Hnrnpa1,-0.03564258427578985,0.03564258427578985,0.32644841882828163
Ccdc88c,0.07081362592405042,0.07081362592405042,0.051005449884178544
Myo19,0.04687201465684815,0.04687201465684815,0.19678869762478687
Itga5,-0.052024247199331304,0.052024247199331304,0.1519095136224136
Apoh,0.013130301419853116,0.013130301419853116,0.7178025406240909
Six2,0.01313030141985312,0.01313030141985312,0.7178025406240909
1700106N22Rik,0.044573471476435866,0.044573471476435866,0.21967481104218783
Smug1,0.010906525962272595,0.010906525962272595,0.7640351321728418
Elovl2,0.03312167853989653,0.03312167853989653,0.3618482611930415
Gm10190,-0.03564258427578985,0.03564258427578985,0.32644841882828163
Aurkb,0.024228304035932003,0.024228304035932003,0.5048189230654567
Nmral1,-0.057637909585215974,0.057637909585215974,0.11236049698694454
Dsp,0.03312167853989653,0.03312167853989653,0.3618482611930415
Cage1,0.03272665483982447,0.03272665483982447,0.36760537102752033
Gga3,0.019296030114412357,0.019296030114412357,0.5953295961840603
Fez2,0.04007650947969851,0.04007650947969851,0.269828358321476
Crim1,0.004467526292150922,0.004467526292150922,0.9021394913092331
Cntrob,-0.020648415547866446,0.020648415547866446,0.5697897488859737
Gm5480,-0.035642584275789854,0.035642584275789854,0.32644841882828163
Ltbp1,-0.008623265627536802,0.008623265627536802,0.8123929198502533
A030009H04Rik,-0.04354844701656003,0.04354844701656003,0.23047325529364443
Cyb5d1,-0.021530473115176276,0.021530473115176276,0.5534181536432469
Amz2,-0.007414645575959768,0.007414645575959768,0.8382956515646229
Acaca,-0.0315871856169108,0.0315871856169108,0.3845287212654713
Tada2a,0.01389498172700982,0.01389498172700982,0.7021304521595402
Ppl,-0.029743909378392268,0.029743909378392268,0.41289226599357887
AU021092,-0.04974885954766658,0.04974885954766658,0.1706643034654246
Rbfox1,-0.006861075700190372,0.006861075700190372,0.8502200276793784
Dnaja3,-0.028492843630300045,0.028492843630300045,0.4328290009337929
Vasn,-0.0021187742482585946,0.0021187742482585946,0.9534981196636655
Glis2,-0.0378546128132593,0.0378546128132593,0.2973025017543087
Strn,0.024502518089175723,0.024502518089175723,0.5000079574038364
Galm,0.013130301419853115,0.013130301419853115,0.7178025406240909
Hnrpll,0.07268807721114036,0.07268807721114036,0.04515324229481728
Cyp1b1,0.0017148874713073955,0.0017148874713073955,0.962355099585732
Fam82a1,0.034772693889392234,0.034772693889392234,0.33840138961181604
Atxn3,-0.0005473600169119635,0.0005473600169119635,0.9879804529099221
Nlrc3,-0.05427605435685714,0.05427605435685714,0.13493356376330248
Qpct,0.028076900183011125,0.028076900183011125,0.4395785690006524
Slx4,-0.03253293771810366,0.03253293771810366,0.37044931442392426
Arhgef33,-0.06350331087364679,0.06350331087364679,0.08019599154635042
Crebbp,0.0792298181452099,0.0792298181452099,0.028958253015404018
Gm5766,-0.06350331087364679,0.06350331087364679,0.08019599154635042
Bmp6,-0.04978794409281347,0.04978794409281347,0.1703281659348306
Adcy9,-0.04188217644439297,0.04188217644439297,0.2488211278598446
Eif2ak2,-0.008760146412208287,0.008760146412208287,0.8094716521150821
Srl,-0.03564258427578983,0.03564258427578983,0.32644841882828163
Hes7,0.03312167853989654,0.03312167853989654,0.3618482611930415
Tfap4,-0.015035602112027036,0.015035602112027036,0.6789883039332811
Heatr5b,-0.0181014749631487,0.0181014749631487,0.6183130137529961
Cpsf2,-0.008214495622336197,0.008214495622336197,0.8211321339277767
Gm4832,-0.11343757558993024,0.11343757558993024,0.0017348606137095467
Foxn2,-0.014422797384233247,0.014422797384233247,0.6913856936248685
Ston1,0.013130301419853115,0.013130301419853115,0.7178025406240909
Klhl14,-0.02399116739342412,0.02399116739342412,0.5089989316268203
Fam59a,-0.012588147965266456,0.012588147965266456,0.7289866627871272
Phactr1,0.018126729146144036,0.018126729146144036,0.6178231328334763
B4galt6,0.03063840919522237,0.03063840919522237,0.39897659464284746
Eml5,0.10839422939801037,0.10839422939801037,0.0027704348234040407
6030408B16Rik,0.033121678539896546,0.033121678539896546,0.3618482611930415
Ttr,-0.08986646357438081,0.08986646357438081,0.013197834056651052
Kctd1,0.005888392607870675,0.005888392607870675,0.871253887174071
Ntn1,0.02137287450979797,0.02137287450979797,0.5563263414468406
Pik3r5,-0.03157664037146295,0.03157664037146295,0.38468752733218253
Zfp521,-0.071215543196406,0.071215543196406,0.04969990295502144
Krt7,0.033121678539896546,0.033121678539896546,0.3618482611930415
Ttc8,-0.006626848083661825,0.006626848083661825,0.8552759723956729
Osbpl1a,0.07015179989078653,0.07015179989078653,0.05321766249508549
Ttc39c,-0.01162205438532973,0.01162205438532973,0.7490582668352657
2310067B10Rik,0.029905360843354812,0.029905360843354812,0.41035956690516007
Lama3,0.013130301419853118,0.013130301419853118,0.7178025406240909
Brip1,0.03272665483982446,0.03272665483982446,0.36760537102752033
Caskin2,0.03312167853989654,0.03312167853989654,0.3618482611930415
Dhrs7c,0.033121678539896546,0.033121678539896546,0.3618482611930415
Ptpn21,0.04085880771252103,0.04085880771252103,0.26058251786145054
Galnt6,0.0626798554323398,0.0626798554323398,0.08420028895059939
Pik3c3,0.05492465943558901,0.05492465943558901,0.13032585997155244
Celf4,-0.06350331087364683,0.06350331087364683,0.08019599154634913
AW554918,0.04976495345121202,0.04976495345121202,0.17052583158064985
Myh1,-0.021497224458766277,0.021497224458766277,0.5540310762581069
Fhod3,-0.0635033108736468,0.0635033108736468,0.08019599154635042
Kcnk10,0.04864592478964268,0.04864592478964268,0.18035545296149894
Mocos,0.06335326389709117,0.06335326389709117,0.08091390804520406
Krt81,-0.06350331087364687,0.06350331087364687,0.08019599154634913
Slc4a8,0.0012766501570539012,0.0012766501570539012,0.9719705774148403
Fignl2,0.013130301419853113,0.013130301419853113,0.7178025406240909
Myh4,0.017966404256010593,0.017966404256010593,0.620935988122894
Rprd1a,0.005270003574765026,0.005270003574765026,0.8846746756782313
Acvr1b,0.018581295022800773,0.018581295022800773,0.6090346243526004
A330009N23Rik,0.035047374655295616,0.035047374655295616,0.3345971310251337
Zfp191,0.027147354284340584,0.027147354284340584,0.45487839667048674
Ints2,-0.1031647652899896,0.1031647652899896,0.004413688508570748
Zfp35,0.06126694611076498,0.06126694611076498,0.09144601089165814
Spata7,0.018337805699420534,0.018337805699420534,0.6137353157921103
Ankrd29,0.01313030141985312,0.01313030141985312,0.7178025406240909
5430421N21Rik,0.03272665483982446,0.03272665483982446,0.36760537102752033
Krt4,0.013130301419853115,0.013130301419853115,0.7178025406240909
Aaas,-0.0602213761480993,0.0602213761480993,0.09712345169819285
Cacng1,0.03312167853989652,0.03312167853989652,0.3618482611930415
Npff,0.03461436379510678,0.03461436379510678,0.3406067631975001
Zfp438,0.03326918028803202,0.03326918028803202,0.3597130971400225
Svil,-0.08889076836815316,0.08889076836815316,0.014231359619799844
Gm10432,0.03272665483982446,0.03272665483982446,0.36760537102752033
4833419F23Rik,0.04987201914653647,0.04987201914653647,0.16960677645312053
Ttc7b,0.032978717016104345,0.032978717016104345,0.3639252511417739
Tmem170b,0.026025931793510676,0.026025931793510676,0.47372846174261873
Arhgef15,-0.044939740708472675,0.044939740708472675,0.21590552894990855
Crem,0.15530077901494005,0.15530077901494005,1.7047671728076867e-05
LOC100044193,0.03432963606180845,0.03432963606180845,0.34459578798709123
Usp32,0.056365316923702634,0.056365316923702634,0.12052797567537389
Gm1976,-0.03032253121725356,0.03032253121725356,0.4038581931853237
Nrxn1,-0.06350331087364677,0.06350331087364677,0.08019599154635042
Car4,0.022962491116636934,0.022962491116636934,0.5273388013301095
Hoxc13,0.013130301419853113,0.013130301419853113,0.7178025406240909
Gtf2a1l,0.033121678539896546,0.033121678539896546,0.3618482611930415
Gm6225,0.045886900029460505,0.045886900029460505,0.20637435741198093
C330013E15Rik,0.02096983914093888,0.02096983914093888,0.5637972650770574
Mkx,-0.025584448307329786,0.025584448307329786,0.4812653228556155
Fzd8,-0.06952494331443172,0.06952494331443172,0.055386191904531513
Edn1,0.010322495624629995,0.010322495624629995,0.7763255202562327
6030446N20Rik,0.010646368434133954,0.010646368434133954,0.7695027895132536
Cables1,0.03363201585504662,0.03363201585504662,0.3544945592285608
Krt8,0.018581295022800766,0.018581295022800766,0.6090346243526004
Gata6,-0.018547267937144413,0.018547267937144413,0.6096905738410653
Mib1,0.05974909448595295,0.05974909448595295,0.09977851811945589
Tbx2,-0.04152931112884686,0.04152931112884686,0.2528339667706426
2610021K21Rik,0.018581295022800766,0.018581295022800766,0.6090346243526004
Myh10,-0.021657379095890973,0.021657379095890973,0.5510817571026132
Tdp1,0.0031782219497567214,0.0031782219497567214,0.9302951195522627
Gm10790,0.027291567719722524,0.027291567719722524,0.45248528204927924
Csad,-0.013814768664901503,0.013814768664901503,0.7037686299456835
9530008L14Rik,-0.021497224458766284,0.021497224458766284,0.5540310762581069
Colec12,-0.0038102900558626353,0.0038102900558626353,0.916479019448396
Rarg,0.021047590111219972,0.021047590111219972,0.5623522743005914
Pik3r6,-0.027898570243776517,0.027898570243776517,0.44249071946288454
Espl1,0.030785414363717366,0.030785414363717366,0.3967169065171163
Kcnk13,-0.11011624331274253,0.11011624331274253,0.0023661920355944237
Bcas3,0.024976504091139492,0.024976504091139492,0.49174968025791693
Ptpdc1,0.025895615845858644,0.025895615845858644,0.4759464118904475
Mlh3,0.01933170535213193,0.01933170535213193,0.5946492189614885
LOC545261,-0.0609651284317044,0.0609651284317044,0.09305685116160607
Tagap1,-0.01968206890264143,0.01968206890264143,0.5879862152001692
Zfp707,-0.032779412946508,0.032779412946508,0.3668331919063482
Hist3h2bb-ps,0.013130301419853118,0.013130301419853118,0.7178025406240909
2410075B13Rik,-0.023678047108717595,0.023678047108717595,0.5145459048899985
Slc10a1,0.034129268263017376,0.034129268263017376,0.3474206919661787
Smoc1,0.013130301419853111,0.013130301419853111,0.7178025406240909
Ccdc88b,0.013841904573709386,0.013841904573709386,0.7032142838359571
Fam83h,0.013130301419853121,0.013130301419853121,0.7178025406240909
Nrbp2,-0.0201401160478439,0.0201401160478439,0.5793276908675692
Nrxn2,0.01313030141985312,0.01313030141985312,0.7178025406240909
Eppk1,0.013130301419853116,0.013130301419853116,0.7178025406240909
A230051G13Rik,0.022818802919927657,0.022818802919927657,0.5299270811786174
Arl10,0.018581295022800766,0.018581295022800766,0.6090346243526004
1110035M17Rik,0.013130301419853113,0.013130301419853113,0.7178025406240909
Cdc42bpg,0.020115048271490413,0.020115048271490413,0.5798000017884948
Gm10872,0.03312167853989652,0.03312167853989652,0.3618482611930415
Gm10345,-0.021530473115176297,0.021530473115176297,0.5534181536432469
Pycrl,0.05776743377618614,0.05776743377618614,0.11155424133914786
Plcb3,0.05380466198210384,0.05380466198210384,0.13836045434352054
Tigd5,0.022698064766367706,0.022698064766367706,0.5321069282439669
Ppp1r14b,0.07147897604901864,0.07147897604901864,0.048859460844291505
Galntl1,-0.024559622367581586,0.024559622367581586,0.49900915127652934
Lynx1,-0.13359498284060178,0.13359498284060178,0.00022121831240584896
2700081O15Rik,-0.01508699012468756,0.01508699012468756,0.6779525663016969
B4galnt2,0.021735643552874877,0.021735643552874877,0.5496432906237595
Rcor2,0.03891629495969041,0.03891629495969041,0.28394995813723733
Ly6i,-0.021530473115176287,0.021530473115176287,0.5534181536432469
Naa40,-0.019594503842042633,0.019594503842042633,0.5896482434220403
Zfp39,-0.11806935211151764,0.11806935211151764,0.0011101904876180096
Ngfr,0.07942329726121111,0.07942329726121111,0.02856743682305265
Zfp41,0.013130301419853115,0.013130301419853115,0.7178025406240909
Stip1,-0.011629762054892865,0.011629762054892865,0.7488974378154375
Top1mt,0.0823699093774362,0.0823699093774362,0.02315278954628058
Zc3h3,-0.05155665418459839,0.05155665418459839,0.15562986324333955
Trpt1,0.03575882766241378,0.03575882766241378,0.3248721385345694
Vegfb,-0.05169842441248615,0.05169842441248615,0.15449466631255354
Gm20337,0.06685131766418377,0.06685131766418377,0.06547645426220855
Naprt1,0.05793906503473728,0.05793906503473728,0.11049290629392028
Phospho1,0.04767668519911098,0.04767668519911098,0.1892035793054005
Macrod1,-0.01383967294384853,0.01383967294384853,0.7032598667655765
Sh3bp5l,-0.018792168347367515,0.018792168347367515,0.6049765707580871
Gpaa1,0.09018269526426274,0.09018269526426274,0.012877373846517659
Med6,-0.03953060637514258,0.03953060637514258,0.27641181213745053
Kcnk7,0.018581295022800745,0.018581295022800745,0.6090346243526004
C030006K11Rik,-0.01792941234161678,0.01792941234161678,0.6216551856705619
Arhgap39,0.0004830200054234532,0.0004830200054234532,0.9893932146745036
Zfp251,0.0024155324167539623,0.0024155324167539623,0.9469939912017685
Zfp7,0.010833008334758509,0.010833008334758509,0.7655790546868908
Ror2,0.018521130242594337,0.018521130242594337,0.6101946500469096
Nlrp3,-0.006861075700190353,0.006861075700190353,0.8502200276793784
Sgca,0.013130301419853118,0.013130301419853118,0.7178025406240909
Zfp647,0.036467838003711756,0.036467838003711756,0.315365065522164
Gm11545,0.013130301419853113,0.013130301419853113,0.7178025406240909
Gm962,-0.012080100661131847,0.012080100661131847,0.739519764673029
Snx32,-0.0020459643350391977,0.0020459643350391977,0.9550944031168939
Mus81,-0.10067922701214908,0.10067922701214908,0.005468995542066157
Efemp2,-0.04907694973120025,0.04907694973120025,0.17652070163372355
Ctsw,-0.01106335020244912,0.01106335020244912,0.7607448456581185
Gm885,0.0676594836933098,0.0676594836933098,0.062278213096023306
Mb,0.0801772031296128,0.0801772031296128,0.027087542779644657
Hrh2,-0.06350331087364683,0.06350331087364683,0.08019599154634913
Ttc9,0.034591115518293455,0.034591115518293455,0.34093135948433184
Ltbp3,-0.08362164752458646,0.08362164752458646,0.02113666422553465
Gpt,-0.06286263210843124,0.06286263210843124,0.08329781568517858
Batf2,0.013130301419853118,0.013130301419853118,0.7178025406240909
Wnt9a,0.013130301419853118,0.013130301419853118,0.7178025406240909
Snap47,0.03758809820457023,0.03758809820457023,0.30071913283029744
Cdca5,-0.030147423117834155,0.030147423117834155,0.4065796307249286
1110014N23Rik,-0.009807438858424826,0.009807438858424826,0.7872111109487663
Tm7sf2,-0.013368737386751277,0.013368737386751277,0.7129027089737071
Scx,-0.001814012891623336,0.001814012891623336,0.96018087077029
Fam117a,-0.11641351126899323,0.11641351126899323,0.0013046565554341923
Atg2a,-0.05813629633557736,0.05813629633557736,0.10928311200330443
Pdk2,-0.012916732838482728,0.012916732838482728,0.7222012150332193
Slc39a4,0.08290090357763578,0.08290090357763578,0.02227803710168475
Tonsl,0.013383764846398544,0.013383764846398544,0.7125942896398291
Cyhr1,0.006251074909649483,0.006251074909649483,0.8633995800478648
Kifc2,0.03432963606180845,0.03432963606180845,0.34459578798709123
Cdc42ep2,0.057428638517389385,0.057428638517389385,0.11367283854703387
Ppp1r16a,-0.007758696543146208,0.007758696543146208,0.8309029436664661
Tigd3,-0.021530473115176287,0.021530473115176287,0.5534181536432469
Cplx2,-0.042974559395903646,0.042974559395903646,0.23668096178746703
Samd14,0.013130301419853116,0.013130301419853116,0.7178025406240909
Lypd2,-0.06652185393545489,0.06652185393545489,0.06681848864272125
Ern1,0.04634365889997845,0.04634365889997845,0.2018886020142906
Zfp692,0.011858483349977694,0.011858483349977694,0.7441299049415143
Wdr67,0.047619071534504086,0.047619071534504086,0.18973941289414165
Syt7,0.013130301419853115,0.013130301419853115,0.7178025406240909
Dagla,0.013130301419853116,0.013130301419853116,0.7178025406240909
Slc36a3,0.02277237209415649,0.02277237209415649,0.5307648226518682
Hoxb1,-0.009973209147524281,0.009973209147524281,0.7837029559123186
Fen1,0.00873394688236296,0.00873394688236296,0.8100305907955248
Fads1,-0.054526296803422046,0.054526296803422046,0.1331411685041948
Gm11744,0.013130301419853113,0.013130301419853113,0.7178025406240909
Hoxb2,-0.0307261470801613,0.0307261470801613,0.39762700398171985
D15Ertd621e,0.0810765048009858,0.0810765048009858,0.025409039891157628
Fads2,0.01313030141985312,0.01313030141985312,0.7178025406240909
Hoxb3,0.0185810431868872,0.0185810431868872,0.6090394779114959
Fads3,-0.006663437222034127,0.006663437222034127,0.8544857773153104
Fgfr4,0.013130301419853113,0.013130301419853113,0.7178025406240909
Rab3il1,-0.0825550681039071,0.0825550681039071,0.022844439487474152
Best1,-0.06350331087364679,0.06350331087364679,0.08019599154635042
Zfp346,0.004462318390639228,0.004462318390639228,0.9022529980030881
Lrrc10b,0.013130301419853121,0.013130301419853121,0.7178025406240909
Ccdc69,-0.04372917924845268,0.04372917924845268,0.22854241909322473
Has2,0.022396907677818795,0.022396907677818795,0.5375637992132145
Sntb1,0.018581295022800766,0.018581295022800766,0.6090346243526004
Nov,-0.07519453872450582,0.07519453872450582,0.038219483491360076
Gm9920,-0.06350331087364676,0.06350331087364676,0.08019599154635042
Akap5,0.034329636061808444,0.034329636061808444,0.34459578798709123
Mxd3,0.018581295022800773,0.018581295022800773,0.6090346243526004
Tmem132a,0.013130301419853115,0.013130301419853115,0.7178025406240909
Gpx3,0.010706882286452927,0.010706882286452927,0.7682299545809477
Spnb1,0.013130301419853116,0.013130301419853116,0.7178025406240909
Cd6,0.01840087937616569,0.01840087937616569,0.6125161125495663
Slc36a1,0.021615614116746167,0.021615614116746167,0.5518501345396587
A430093F15Rik,0.07277961192666563,0.07277961192666563,0.04488256392487157
Scn4a,-0.052362212372951356,0.052362212372951356,0.14926289070508567
Deptor,0.045372151831711734,0.045372151831711734,0.2115156841456534
Tnip1,-0.012592983409432598,0.012592983409432598,0.7288866530734903
Fntb,0.06623771304370021,0.06623771304370021,0.06799398316678416
Col14a1,-0.08576777561203451,0.08576777561203451,0.018033890385136753
Dak,0.04115043258237903,0.04115043258237903,0.2571924900312089
Nsd1,0.09135848756640065,0.09135848756640065,0.01174531610845462
Tmem138,0.054796879020574285,0.054796879020574285,0.1312238427489127
St6galnac2,0.012104613016375302,0.012104613016375302,0.7390104221786892
Incenp,0.019266411253215203,0.019266411253215203,0.5958947389543108
E430025E21Rik,-0.021904515644901465,0.021904515644901465,0.546545802225755
Fam84b,-0.0027569913297730278,0.0027569913297730278,0.9395145312221495
Dennd3,-0.023037271248520168,0.023037271248520168,0.5259943250805046
Zfyve26,-0.07903197580019292,0.07903197580019292,0.029362623674397896
Zbtb3,0.018581295022800773,0.018581295022800773,0.6090346243526004
Cnot8,-0.017909828015191996,0.017909828015191996,0.6220360906566623
Gm2518,0.007062036267614869,0.007062036267614869,0.8458870578910053
Taf6l,-0.020126147393134102,0.020126147393134102,0.5795908570428627
Tmem179b,0.014544645551572921,0.014544645551572921,0.6889139196074607
Gemin5,0.037435785813024966,0.037435785813024966,0.302683407826462
Gng3,0.0027728044983175576,0.0027728044983175576,0.939168276785957
Gm12250,0.021733992049614643,0.021733992049614643,0.5496736254429899
Slc45a4,-0.042796037568680244,0.042796037568680244,0.23863586011356122
1700092M07Rik,-0.021530473115176283,0.021530473115176283,0.5534181536432469
Rhbdf2,-0.029988372109405165,0.029988372109405165,0.40906095826852285
Igtp,0.12301464733973516,0.12301464733973516,0.0006772825350869988
Actn1,-0.02008217123000633,0.02008217123000633,0.5804197229169569
Arc,0.0007652150062198915,0.0007652150062198915,0.9831971533322066
Snord22,-0.06350331087364677,0.06350331087364677,0.08019599154635042
Jrk,-0.035642584275789854,0.035642584275789854,0.32644841882828163
Rad51l1,-0.0305786763242471,0.0305786763242471,0.3998969825623121
AI837181,0.04354922222917866,0.04354922222917866,0.23046494874192344
Ptk2,0.024511118724334802,0.024511118724334802,0.4998574567284244
Galnt10,-0.011911776817119184,0.011911776817119184,0.7430204373393268
Tmem229b,0.040460511112288274,0.040460511112288274,0.26526221658204086
Hk3,0.018581295022800773,0.018581295022800773,0.6090346243526004
Rom1,0.007480591063360775,0.007480591063360775,0.836877539503675
9930014A18Rik,0.013130301419853111,0.013130301419853111,0.7178025406240909
Arg2,-0.06350331087364684,0.06350331087364684,0.08019599154634913
Gm12238,0.032726654839824516,0.032726654839824516,0.3676053710275183
Hoxb4,0.08114510400484187,0.08114510400484187,0.025284772242815202
H2afy3,0.013130301419853118,0.013130301419853118,0.7178025406240909
Eif2c2,0.09341372166678613,0.09341372166678613,0.009976700978759839
Cygb,-0.03601223922210996,0.03601223922210996,0.32145299960124546
Rdh11,0.047270975373515836,0.047270975373515836,0.19300062236878862
Hoxb6,0.04685188002203622,0.04685188002203622,0.1969813033578048
Hoxb7,0.013130301419853118,0.013130301419853118,0.7178025406240909
Wisp1,-0.08067225348427326,0.08067225348427326,0.026152106335304872
Ndrg1,-0.009707863556856655,0.009707863556856655,0.7893204767961322
Zfat,0.03467175401568427,0.03467175401568427,0.3398063176635113
Khdrbs3,0.033121678539896546,0.033121678539896546,0.3618482611930415
Hoxb8,-0.01815104450653761,0.01815104450653761,0.6173516234285193
5730408K05Rik,0.01913964687441903,0.01913964687441903,0.598316220013684
Zfyve1,-0.03800492508549129,0.03800492508549129,0.29538701374612414
Rbfox2,-0.016384259407373133,0.016384259407373133,0.652011409333664
D330050I16Rik,0.026966450911156636,0.026966450911156636,0.4578903889965542
Ska1,0.033121678539896546,0.033121678539896546,0.3618482611930415
Srebf2,0.0127915107113836,0.0127915107113836,0.724784579167113
Gm16515,-0.0540004790064615,0.0540004790064615,0.13692888020326954
Gm16516,0.0017197537872740178,0.0017197537872740178,0.9622483545759245
Poli,-0.024744051712077542,0.024744051712077542,0.49579055369884184
Stard6,0.04335984730576379,0.04335984730576379,0.23250045309744452
Fbf1,0.031125813861090514,0.031125813861090514,0.3915141323399759
4930503L19Rik,0.09703336499344654,0.09703336499344654,0.0074297611439907
Nog,0.013130301419853115,0.013130301419853115,0.7178025406240909
D18Ertd653e,-0.03480492342853308,0.03480492342853308,0.33795358897589917
Cenpm,0.0459237045836707,0.0459237045836707,0.20601025197507325
Sept3,0.018581295022800766,0.018581295022800766,0.6090346243526004
Mfap4,-0.27794306949415926,0.27794306949415926,5.9960708458877985e-15
Gm525,0.013130301419853115,0.013130301419853115,0.7178025406240909
1500032L24Rik,0.04456570029975328,0.04456570029975328,0.21975529179020417
Cep76,-0.03564245637374712,0.03564245637374712,0.32645015592906057
Spire1,0.03143165400298055,0.03143165400298055,0.38687500523242235
Ccdc134,0.09054712704493692,0.09054712704493692,0.012516607207959853
Pctp,-0.0020645990220843676,0.0020645990220843676,0.9546858391431687
Mbd1,0.0007582946588382422,0.0007582946588382422,0.9833490905126993
Lipg,-0.046266515910567324,0.046266515910567324,0.20264119027942454
Sgsm3,0.01254061724027344,0.01254061724027344,0.7299699680491366
Slc14a1,-0.0430232052346025,0.0430232052346025,0.23615023133301766
5430411K18Rik,0.042099768063023124,0.042099768063023124,0.24636891197113975
Mkl1,-0.0638355681220947,0.0638355681220947,0.07862464612191448
Stxbp4,0.038187342800475324,0.038187342800475324,0.29307349685028145
Xpnpep3,-0.011734716982044341,0.011734716982044341,0.7467085250581286
Haus1,-0.008504854657678121,0.008504854657678121,0.8149221158847483
8030462N17Rik,0.010684653731760021,0.010684653731760021,0.7686974327981956
Slmo1,0.013130301419853115,0.013130301419853115,0.7178025406240909
Omd,-0.034363045325967484,0.034363045325967484,0.3441261910032318
Chadl,0.03517110585925882,0.03517110585925882,0.3328925074737917
Zc3h7b,0.041784282433441455,0.041784282433441455,0.24992991194957048
Ctif,-0.044810277979698485,0.044810277979698485,0.21723248462948633
Tef,-0.008362825797344457,0.008362825797344457,0.8179583165578501
Ecm2,-0.0334625105542791,0.0334625105542791,0.3569265287107871
Phf5a,-0.06010198503711247,0.06010198503711247,0.09778925907673967
Cenpp,-0.029085573669643632,0.029085573669643632,0.4233148825834106
Tmem100,0.005595710518728657,0.005595710518728657,0.8776015476249229
Shmt1,-0.018405626379265613,0.018405626379265613,0.6124243970490311
B9d1,-0.014089023626005639,0.014089023626005639,0.698173287715451
Cyp2d22,0.014500682662203439,0.014500682662203439,0.6898053566204602
Impa2,0.09076255063383445,0.09076255063383445,0.01230757639181069
Pgf,0.004554468238432327,0.004554468238432327,0.900244880221632
Ttll12,0.04071672437714007,0.04071672437714007,0.2622453111032383
Wdr7,0.0024675173389281714,0.0024675173389281714,0.9458549742147323
Pnpla3,0.013130301419853123,0.013130301419853123,0.7178025406240909
Samm50,0.047633449847040384,0.047633449847040384,0.18960558359505394
Parvb,0.009519973829991476,0.009519973829991476,0.7933048509866766
Fam38b,-0.06350331087364676,0.06350331087364676,0.08019599154635042
Akap10,-0.04566907342424187,0.04566907342424187,0.20853885526884958
Atp8b1,0.013049439676939353,0.013049439676939353,0.719466886260568
Fbxo38,-0.02720151331538221,0.02720151331538221,0.45397883459365546
Arhgap8,0.033121678539896525,0.033121678539896525,0.3618482611930415
Ablim3,-0.035033642740525006,0.035033642740525006,0.3347866587930224
Nup50,0.03411477938449608,0.03411477938449608,0.3476255332266777
Afap1l1,-0.026517272944806734,0.026517272944806734,0.46541716436946645
5031439G07Rik,0.0455085376570979,0.0455085376570979,0.21014454394239793
1500015A07Rik,0.0418114837781884,0.0418114837781884,0.2496214743435054
Akap1,0.047018114985126876,0.047018114985126876,0.19539523914792092
Pcyox1l,0.013130301419853118,0.013130301419853118,0.7178025406240909
Prr5,-0.04714113518757323,0.04714113518757323,0.1942275220749681
Iars,0.06572903801665092,0.06572903801665092,0.07014074751372905
Bik,0.04777229591104211,0.04777229591104211,0.18831681374065903
Alpk2,-0.049722396488479474,0.049722396488479474,0.17089217426010425
Mppe1,0.02671484942543971,0.02671484942543971,0.46209799430847615
Prox2,0.03432963606180846,0.03432963606180846,0.34459578798709123
Gm20324,-0.013888407329004631,0.013888407329004631,0.702264668149976
Nfam1,0.004654141321526829,0.004654141321526829,0.898073534643841
Gnal,-0.030441853666052253,0.030441853666052253,0.4020099970305858
Gm9926,0.033121678539896546,0.033121678539896546,0.3618482611930415
Dgke,8.876039509286132e-05,8.876039509286132e-05,0.9980508277357052
1110007C09Rik,-0.024756839509984682,0.024756839509984682,0.49556779613243057
Rps6kl1,0.018534164703308716,0.018534164703308716,0.6099432520187577
Epn2,0.08743315564164077,0.08743315564164077,0.015908109022986158
Coil,-0.012529492411077708,0.012529492411077708,0.7302001801581228
Ccbe1,0.03312167853989654,0.03312167853989654,0.3618482611930415
Dlst,0.05463991927909167,0.05463991927909167,0.13233342862157238
Fam83g,0.06666407377866557,0.06666407377866557,0.06623642442684985
A4galt,0.014400859033592558,0.014400859033592558,0.6918310780269948
1810010H24Rik,-0.014260174937346388,0.014260174937346388,0.6946897185967366
Rax,0.033121678539896546,0.033121678539896546,0.3618482611930415
Ttll1,0.01655435376031799,0.01655435376031799,0.648640185183958
Rnu12,-0.06350331087364679,0.06350331087364679,0.08019599154635042
Abat,-0.06350331087364679,0.06350331087364679,0.08019599154635042
Adnp2,0.07475147895591788,0.07475147895591788,0.0393749179033117
Cacna1i,-0.03706505667111954,0.03706505667111954,0.30749997969581894
Il2rb,0.09949352695789895,0.09949352695789895,0.00604838782795735
Rasd1,-0.20182150249478686,0.20182150249478686,1.993899600086846e-08
Spnb3,0.03312167853989653,0.03312167853989653,0.3618482611930415
C1qtnf6,-0.13949109834922047,0.13949109834922047,0.0001142945499619346
Rce1,-0.02912248412010388,0.02912248412010388,0.4227264886200014
Lrfn4,0.013130301419853118,0.013130301419853118,0.7178025406240909
Pcx,0.029523714447128056,0.029523714447128056,0.416361336031826
Rhod,0.01858129502280078,0.01858129502280078,0.6090346243526004
Card10,0.0009079145103808992,0.0009079145103808992,0.9800643096560436
Cdc42ep1,-0.016428351514735273,0.016428351514735273,0.6511368304428371
Acot1,-0.06350331087364677,0.06350331087364677,0.08019599154635042
Acot6,0.013130301419853121,0.013130301419853121,0.7178025406240909
Gga1,0.019238700462623024,0.019238700462623024,0.5964236956675758
Dnalc1,0.04605764471195513,0.04605764471195513,0.20468912122439648
Sh3bp1,0.0387562660669904,0.0387562660669904,0.28593624765180387
Pemt,0.017637387688481363,0.017637387688481363,0.6273453565488671
Pdxp,0.01710344392077687,0.01710344392077687,0.6378065984245498
Kctd17,0.02214306859219575,0.02214306859219575,0.542184969677376
Ctsf,-0.0481788503032991,0.0481788503032991,0.18458028057772385
Mpst,-0.07999236968850247,0.07999236968850247,0.02744411667664439
Tst,-0.01126528568933598,0.01126528568933598,0.756514453295179
Cops3,-0.02055272790245748,0.02055272790245748,0.5715795476838454
Apol7c,0.018581295022800738,0.018581295022800738,0.6090346243526004
Apol10b,0.05141179017055811,0.05141179017055811,0.15679634812184046
Apol11b,0.03272665483982447,0.03272665483982447,0.36760537102752033
Cst6,0.06989360289542848,0.06989360289542848,0.05410213272619162
Polg2,0.02297193102679205,0.02297193102679205,0.5271689842079639
Pacs1,-0.008267765875220458,0.008267765875220458,0.8199919723123629
Klc2,0.013617551305379927,0.013617551305379927,0.7078021912397688
Ccdc45,0.0036589611270366773,0.0036589611270366773,0.9197847191860105
1700013G23Rik,0.013130301419853115,0.013130301419853115,0.7178025406240909
Cd248,-0.03646146080525942,0.03646146080525942,0.31544975568475564
Rin1,0.03312167853989654,0.03312167853989654,0.3618482611930415
B3gnt1,-0.050542405130924284,0.050542405130924284,0.16393626161350255
Slc29a2,0.022772372094156487,0.022772372094156487,0.5307648226518682
Numb,0.005160554007662582,0.005160554007662582,0.8870535974145894
Foxj1,0.05635916053902593,0.05635916053902593,0.1205685853187368
Bbs1,0.018581295022800766,0.018581295022800766,0.6090346243526004
Csf2rb2,0.04633143011989476,0.04633143011989476,0.20200776719540103
Cnih2,0.032726654839824454,0.032726654839824454,0.36760537102752033
Gcat,0.06908660080752574,0.06908660080752574,0.05694584543353727
Eme1,0.013130301419853115,0.013130301419853115,0.7178025406240909
Carns1,0.009068361764034525,0.009068361764034525,0.8029035651810905
Dmc1,-0.02149722445876629,0.02149722445876629,0.5540310762581069
4933432B09Rik,0.032726654839824454,0.032726654839824454,0.36760537102752033
Cby1,0.008820782330734064,0.008820782330734064,0.8081784226838996
9430083A17Rik,0.022772372094156477,0.022772372094156477,0.5307648226518682
Cd226,0.03312167853989654,0.03312167853989654,0.3618482611930415
Gtpbp1,-0.023306541613396754,0.023306541613396754,0.5211676248742377
Cyb5,0.022110216248844558,0.022110216248844558,0.5427844924046382
Zfp407,0.018202207641990854,0.018202207641990854,0.616360011559368
Rnf113a2,0.013530985672067952,0.013530985672067952,0.7095752584759488
Gm16576,-0.023282260910546665,0.023282260910546665,0.5216019237477633
Zfp516,-0.01989350478190735,0.01989350478190735,0.5839819956604475
Abcc3,0.01313030141985312,0.01313030141985312,0.7178025406240909
Pdgfb,0.03748906001925849,0.03748906001925849,0.301995398442278
Fbxw17,0.04821787288269508,0.04821787288269508,0.18422453549331294
Syngr1,-0.04499286289230114,0.04499286289230114,0.21536273084934807
Tab1,-0.005388124711712091,0.005388124711712091,0.8821084388616217
Smcr7l,-0.049801762370694246,0.049801762370694246,0.17020944359799414
Evpl,0.033121678539896546,0.033121678539896546,0.3618482611930415
Cacna1g,-0.03351930271149899,0.03351930271149899,0.3561105399665115
Fam83f,-0.06350331087364677,0.06350331087364677,0.08019599154635042
Cpt1a,-0.010537371571812108,0.010537371571812108,0.7717969676425271
Kdelr3,0.07168377197734505,0.07168377197734505,0.048214346423763134
Micall1,0.06208073135935005,0.06208073135935005,0.08721400815906312
Ptgr2,-0.10725096977589885,0.10725096977589885,0.003072584679915215
Cabp4,0.048645924789642664,0.048645924789642664,0.18035545296149894
BC021614,0.033121678539896525,0.033121678539896525,0.3618482611930415
Gstp2,0.03756072196992561,0.03756072196992561,0.3010715602187058
Doc2g,-0.03564258427578981,0.03564258427578981,0.3264484188282848
Sox10,-0.02153047311517628,0.02153047311517628,0.5534181536432469
Acy3,-0.06350331087364684,0.06350331087364684,0.08019599154634913
Spin1,0.013809685947521265,0.013809685947521265,0.7038724797575716
S1pr3,0.08429344379836436,0.08429344379836436,0.020118933972001662
Fam161b,0.013003795397220907,0.013003795397220907,0.7204069516645931
Gm10863,0.03312167853989653,0.03312167853989653,0.3618482611930415
Nxnl2,-0.08986646357438076,0.08986646357438076,0.013197834056651266
Suv420h1,0.005250989188032605,0.005250989188032605,0.8850878856753684
2900006K08Rik,0.04687201465684816,0.04687201465684816,0.19678869762478687
Lrp5,0.046108649542465845,0.046108649542465845,0.20418765051584248
Gal,0.02654589396835614,0.02654589396835614,0.46493553025155104
Mtl5,-0.03564258427578986,0.03564258427578986,0.32644841882828163
Galr2,-0.023992546189590527,0.023992546189590527,0.5089745753794828
Ext1,0.04677197598281719,0.04677197598281719,0.19774701476956197
Tmem186,-0.05620158061544406,0.05620158061544406,0.12161167942887006
Ehd3,0.061352052494540954,0.061352052494540954,0.0909958528038319
Cd200,-0.19752036426373512,0.19752036426373512,4.008473457090001e-08
Tead3,-0.06283920585249453,0.06283920585249453,0.0834130457868526
Edaradd,-0.19400522443350868,0.19400522443350868,7.012484570297432e-08
Abhd10,-0.01669293616848349,0.01669293616848349,0.6458988177530304
Shpk,-0.00997320914752426,0.00997320914752426,0.7837029559123186
Fance,0.03591718379183908,0.03591718379183908,0.32273277027493674
Aspa,0.03312167853989654,0.03312167853989654,0.3618482611930415
Phldb2,0.033121678539896546,0.033121678539896546,0.3618482611930415
Pvrl3,-0.08895194494643457,0.08895194494643457,0.014164522571383531
Retnlg,0.04784281106775065,0.04784281106775065,0.18766476650277764
Zfp523,-0.007693872673481542,0.007693872673481542,0.8322947096763961
Tcp11,0.03312167853989654,0.03312167853989654,0.3618482611930415
Kif19a,-0.009973209147524274,0.009973209147524274,0.7837029559123186
C330027C09Rik,0.02429234507428786,0.02429234507428786,0.5036931760440274
Rap1gap2,0.029944278559483097,0.029944278559483097,0.4097504431942482
Uhrf1bp1,0.04491543309524518,0.04491543309524518,0.21615422975044932
Gm4827,0.04441138984094155,0.04441138984094155,0.22135775446310135
Gprc5c,0.013130301419853115,0.013130301419853115,0.7178025406240909
Clps,0.018581295022800745,0.018581295022800745,0.6090346243526004
Nos2,0.013130301419853123,0.013130301419853123,0.7178025406240909
Slc35a5,0.019170472208951343,0.019170472208951343,0.5977269776452466
Cd300lb,0.033121678539896546,0.033121678539896546,0.3618482611930415
Hist1h3c,0.04736605443628696,0.04736605443628696,0.1921058022126081
Sidt1,-0.021497224458766298,0.021497224458766298,0.5540310762581069
Spice1,-0.0002936576552126113,0.0002936576552126113,0.9935513614484538
Boc,0.008102554569909277,0.008102554569909277,0.8235292735195423
Itgae,0.02950758997037576,0.02950758997037576,0.41661604249134976
Cd300a,-0.012238258512886582,0.012238258512886582,0.7362354160133352
BC027231,0.040116856686749025,0.040116856686749025,0.26934607756768914
Pacsin1,-0.1263040836327718,0.1263040836327718,0.00048262572616125464
Gsg2,0.07201061229272421,0.07201061229272421,0.04719958853407205
Rab44,0.013130301419853115,0.013130301419853115,0.7178025406240909
Gm16197,0.03312167853989653,0.03312167853989653,0.3618482611930415
Cd200r1,0.027902678365322404,0.027902678365322404,0.44242350962279053
Mtr,0.011339786324969773,0.011339786324969773,0.754955552158234
Ccdc80,-0.05005915667427632,0.05005915667427632,0.16800929167334522
4930539E08Rik,0.02943791928546992,0.02943791928546992,0.4177176329287658
Brpf3,-0.016323987115154398,0.016323987115154398,0.6532076995169293
Actn2,0.02637688084916578,0.02637688084916578,0.4677836839381038
Dip2c,0.001627134085516106,0.001627134085516106,0.9642801265361437
Mdga1,0.033121678539896546,0.033121678539896546,0.3618482611930415
Dnaic2,-0.06350331087364679,0.06350331087364679,0.08019599154635042
AI413582,0.051508617142171205,0.051508617142171205,0.15601594001670627
Pigq,-0.02192101660455986,0.02192101660455986,0.5462436014953248
Gm10012,-0.035642584275789806,0.035642584275789806,0.3264484188282848
St3gal6,0.014418748925768186,0.014418748925768186,0.691467875940821
Wdr90,0.03432963606180845,0.03432963606180845,0.34459578798709123
Rhbdl1,0.032726654839824454,0.032726654839824454,0.36760537102752033
Cpox,0.055926643037117446,0.055926643037117446,0.12344846608052436
Cldn25,0.13209383590594995,0.13209383590594995,0.0002606173298385442
Hist1h2bf,-0.037190063783870575,0.037190063783870575,0.3058702402032032
Arl6,-0.0358163634373574,0.0358163634373574,0.32409377560327607
Ccdc78,-0.08144216383535612,0.08144216383535612,0.024752687494684247
Hist1h2bg,0.0022182300455341054,0.0022182300455341054,0.9513179543181172
Haghl,-0.0756116158788428,0.0756116158788428,0.03715822454069094
Chtf18,-0.021530473115176283,0.021530473115176283,0.5534181536432469
Nsun3,-0.06350331087364683,0.06350331087364683,0.08019599154634913
Arl13b,0.11241749466257665,0.11241749466257665,0.0019100125190849681
Lmf1,-0.0108999759074629,0.0108999759074629,0.7641726501012436
2810468N07Rik,0.02275680649656039,0.02275680649656039,0.5310458194613648
Dcbld2,0.00497410848257211,0.00497410848257211,0.8911083794234633
Rab11fip3,0.028422782565767885,0.028422782565767885,0.43396168054311585
Rtn4rl1,0.04082151247106122,0.04082151247106122,0.26101827568827957
Nme4,-0.034649601443076904,0.034649601443076904,0.34011514616316124
Hmga1,0.05633012201169549,0.05633012201169549,0.12076027761571029
Gng4,0.03312167853989653,0.03312167853989653,0.3618482611930415
5330426P16Rik,-0.07850392091280407,0.07850392091280407,0.03046573344601281
Nlk,-0.02543934641855606,0.02543934641855606,0.4837566039559164
Hist1h2be,0.022290635462903476,0.022290635462903476,0.5394960924213055
Ggnbp1,0.03482213901705675,0.03482213901705675,0.3377145494829028
Zbtb9,-0.003633768295141137,0.003633768295141137,0.9203351790793032
Ift20,0.07939040643788382,0.07939040643788382,0.02863355269446307
Hfe,0.023178455331187377,0.023178455331187377,0.5234607443071808
Rg9mtd1,-0.08209212603840499,0.08209212603840499,0.023622153134562354
Hist1h3d,0.04634365889997846,0.04634365889997846,0.2018886020142906
Tmem45a,-0.08986131654741618,0.08986131654741618,0.013203107594727325
Srr,0.022612945469731163,0.022612945469731163,0.5336464199130083
Hic1,0.03805925734104534,0.03805925734104534,0.29469667079960493
Rgs11,-0.035642584275789854,0.035642584275789854,0.32644841882828163
Ovca2,0.012554268531329625,0.012554268531329625,0.7296875076816846
Dph1,0.013130301419853116,0.013130301419853116,0.7178025406240909
Col8a1,-0.046391176784533895,0.046391176784533895,0.20142604236526868
Impg2,0.01313030141985312,0.01313030141985312,0.7178025406240909
Gramd1c,0.012521053523831921,0.012521053523831921,0.7303748268023614
2610015P09Rik,-0.0671440485214933,0.0671440485214933,0.0643027306744906
Qtrtd1,0.049371711191268604,0.049371711191268604,0.17393340025704898
Iqcb1,0.0435240247866673,0.0435240247866673,0.23073505292591495
4930565N06Rik,0.013130301419853115,0.013130301419853115,0.7178025406240909
Ncapg2,0.035605797849341966,0.035605797849341966,0.3269482805122957
Cdca7l,-0.06635511963833932,0.06635511963833932,0.06750622896323963
2810429I04Rik,-0.03564258427578982,0.03564258427578982,0.32644841882828163
Golgb1,0.10247795668583896,0.10247795668583896,0.004685145398535719
BC033916,-0.010028378351180367,0.010028378351180367,0.7825363925160331
Kifc1,0.03298874341204059,0.03298874341204059,0.36377934235589376
Cd320,0.006441797455169146,0.006441797455169146,0.8592746100040481
Gdi2,0.00847270795718077,0.00847270795718077,0.8156090860567463
Asb13,-0.021762143151866885,0.021762143151866885,0.5491566585307784
Kank3,0.005509468497213968,0.005509468497213968,0.8794734742332674
Angptl4,-0.044647385629987824,0.044647385629987824,0.21891038806111218
Polq,0.013130301419853115,0.013130301419853115,0.7178025406240909
1110002N22Rik,-0.01057754840949599,0.01057754840949599,0.7709510881401045
March2,0.042436582742605256,0.042436582742605256,0.2426064968206385
Cyb5d2,0.03805251403815892,0.03805251403815892,0.29478229217037855
Spns3,-0.03420633598879227,0.03420633598879227,0.34633241008820065
H2-Ke2,0.07244963965209579,0.07244963965209579,0.045864784612843455
Wdr46,-0.0341427058487445,0.0341427058487445,0.3472307822129416
B3galt4,-0.02539413185699168,0.02539413185699168,0.4845343256640482
4933427D14Rik,0.013441955681931118,0.013441955681931118,0.7114004402223011
Vipr2,0.01313030141985312,0.01313030141985312,0.7178025406240909
4930563E22Rik,0.056359160539025926,0.056359160539025926,0.1205685853187368
Parp14,0.05027221006123202,0.05027221006123202,0.16620433405420182
Xaf1,0.0038450703894111382,0.0038450703894111382,0.9157194631715886
5730455P16Rik,-0.028179993634657632,0.028179993634657632,0.43790006082884464
Rhbdl3,-0.06350331087364676,0.06350331087364676,0.08019599154635042
BC051537,-0.06350331087364676,0.06350331087364676,0.08019599154635042
Pram1,-0.06350331087364677,0.06350331087364677,0.08019599154635042
Col11a2,-0.07667711139345057,0.07667711139345057,0.03456014099218671
Gm5483,0.013130301419853113,0.013130301419853113,0.7178025406240909
2010005H15Rik,0.01313030141985312,0.01313030141985312,0.7178025406240909
AA388235,0.003967377077934406,0.003967377077934406,0.9130490619745973
Ildr1,0.053588922852809244,0.053588922852809244,0.13995096957199335
Wdr60,-0.0229090834176357,0.0229090834176357,0.5283000912361072
Slc15a2,-0.05671291708410742,0.05671291708410742,0.11825237026606711
D430020J02Rik,0.013130301419853116,0.013130301419853116,0.7178025406240909
Slc39a11,0.08139584812709925,0.08139584812709925,0.024835004440253678
Smtnl2,-0.05705655525928844,0.05705655525928844,0.11603589860848959
Atad5,0.026454680601666405,0.026454680601666405,0.46647143107427524
Myo1f,0.06859004343458804,0.06859004343458804,0.05875650801312875
Hist1h4a,-0.021497224458766298,0.021497224458766298,0.5540310762581069
Rrp1b,0.03253857760214881,0.03253857760214881,0.37036632355887933
Hsf2bp,0.022772372094156494,0.022772372094156494,0.5307648226518682
Akr1e1,0.01650581965264062,0.01650581965264062,0.6496013895156862
B4galt4,-0.08154757824104474,0.08154757824104474,0.0245662132411801
AF251705,-0.03655555332223794,0.03655555332223794,0.31420170556129107
Camkk1,-0.008082523747073328,0.008082523747073328,0.823958393698663
Cd300ld,0.030952386763191696,0.030952386763191696,0.3941596634422032
Wdr4,-0.06303981194279899,0.06303981194279899,0.08243045745570317
Notch3,0.044935278432259945,0.044935278432259945,0.2159511688442423
Pde9a,0.033121678539896525,0.033121678539896525,0.3618482611930415
Rsph1,-0.03377635380661686,0.03377635380661686,0.35243193087936936
Gap43,-0.019163543323684324,0.019163543323684324,0.5978594039779264
Ubash3a,0.013130301419853115,0.013130301419853115,0.7178025406240909
Tigit,0.013130301419853113,0.013130301419853113,0.7178025406240909
Dnahc8,-0.014132278630287518,0.014132278630287518,0.6972922837262601
1700097N02Rik,-0.02407439986527364,0.02407439986527364,0.5075297340650275
Cd300c,0.04246371630880336,0.04246371630880336,0.24230516384457812
1200014J11Rik,0.035187798934733165,0.035187798934733165,0.3326629589789677
Lsamp,0.013130301419853115,0.013130301419853115,0.7178025406240909
Ttyh2,0.04738261055688571,0.04738261055688571,0.1919502988713015
Akr1c13,0.018461352757971908,0.018461352757971908,0.6113481769332653
Rab37,-0.010541071781380633,0.010541071781380633,0.7717190524291392
Zfp81,0.0657139078291633,0.0657139078291633,0.07020544201870156
Zfp955b,0.029246080316075628,0.029246080316075628,0.4207597107258286
Morc2b,0.013130301419853113,0.013130301419853113,0.7178025406240909
Zfp563,-0.022320739945930593,0.022320739945930593,0.5389483658072297
Hist1h4b,-0.004924339753596112,0.004924339753596112,0.8921912255410175
BC031361,0.046343658899978456,0.046343658899978456,0.2018886020142906
Zfp763,-0.040457355305099744,0.040457355305099744,0.2652995242952825
Hist1h2ab,0.046343658899978435,0.046343658899978435,0.2018886020142906
Rab11fip4,0.033121678539896546,0.033121678539896546,0.3618482611930415
Hist1h2bb,-0.012286948383144366,0.012286948383144366,0.7352252734166683
Popdc2,0.032946077055929945,0.032946077055929945,0.36440049598572954
Pla1a,0.036721473115377185,0.036721473115377185,0.3120088403837317
Zfp811,0.0322690021583566,0.0322690021583566,0.37434600758066827
Gm11202,0.013130301419853115,0.013130301419853115,0.7178025406240909
Cyp4f15,0.033121678539896546,0.033121678539896546,0.3618482611930415
Cyp4f16,0.043047728956346946,0.043047728956346946,0.23588299407065724
Cyp4f17,-0.021497224458766284,0.021497224458766284,0.5540310762581069
Pglyrp2,-0.05736730721389522,0.05736730721389522,0.11405972214005426
Zzef1,-0.016657781959696017,0.016657781959696017,0.6465937682905086
Hspbap1,0.012665696724336144,0.012665696724336144,0.7273833064279203
Sox8,-0.03759898545515837,0.03759898545515837,0.30057905231220966
Pros1,-0.046916045285023925,0.046916045285023925,0.1963679850744928
Ncrna00085,0.04687140771764384,0.04687140771764384,0.19679450152673925
Itgb2l,0.013130301419853121,0.013130301419853121,0.7178025406240909
Lix1,0.013130301419853113,0.013130301419853113,0.7178025406240909
Pcp4,-0.15784621935761953,0.15784621935761953,1.232307293789251e-05
Nxn,0.04994550012274608,0.04994550012274608,0.16897816184836817
Dscam,0.013130301419853116,0.013130301419853116,0.7178025406240909
Bace2,-0.060352338299068845,0.060352338299068845,0.09639728166130816
Mx1,-0.013193572569071938,0.013193572569071938,0.7165011863376181
Mcts2,-0.015281716654160154,0.015281716654160154,0.674033329437594
Zscan12,0.032672755762093185,0.032672755762093185,0.3683952923069525
Abr,0.0204010526199635,0.0204010526199635,0.5744220276571286
Gosr1,0.04948588396518962,0.04948588396518962,0.17293886870370934
2210404J11Rik,-0.005693879171009565,0.005693879171009565,0.8754715790691738
9030025P20Rik,0.0008799004483914635,0.0008799004483914635,0.9806793113667756
LOC106740,0.001472713192983521,0.001472713192983521,0.9676681218118058
Phf10,0.05628181597505307,0.05628181597505307,0.12107968794402153
Prdm15,-0.03521690591241747,0.03521690591241747,0.3322629494958723
Lca5l,0.013130301419853121,0.013130301419853121,0.7178025406240909
Wrb,-0.017546447541522174,0.017546447541522174,0.6291218949309128
Rnmtl1,0.017228274644062756,0.017228274644062756,0.635354306579888
Fpr1,0.013130301419853116,0.013130301419853116,0.7178025406240909
Sim2,-0.06350331087364681,0.06350331087364681,0.08019599154634913
Hlcs,-0.05006985261831702,0.05006985261831702,0.16791832839026274
3110052M02Rik,0.02454336475763227,0.02454336475763227,0.4992934039845447
Zfp948,0.022182049169742014,0.022182049169742014,0.541474040564179
Ripply3,0.03164584890957929,0.03164584890957929,0.38364601248309693
Gemin4,0.057790947671571884,0.057790947671571884,0.11140836305943755
Gpr141,0.013130301419853113,0.013130301419853113,0.7178025406240909
Prss16,0.02544528439532069,0.02544528439532069,0.48365451688903216
Tmigd1,-0.06350331087364677,0.06350331087364677,0.08019599154635042
Pigp,-0.015854402859466706,0.015854402859466706,0.6625583397832323
Kcnj15,0.033121678539896525,0.033121678539896525,0.3618482611930415
Zfp54,0.020619111677228786,0.020619111677228786,0.5703375824452478
Erg,0.013130301419853118,0.013130301419853118,0.7178025406240909
Zfp677,-0.005217562472094234,0.005217562472094234,0.8858143718829175
Zfp160,0.010780249829725487,0.010780249829725487,0.7666875943370606
Zfp184,-0.06350331087364683,0.06350331087364683,0.08019599154634913
Glod4,0.007882827183936163,0.007882827183936163,0.828239343829211
Fpr2,0.013130301419853113,0.013130301419853113,0.7178025406240909
Abhd15,-0.06350331087364681,0.06350331087364681,0.08019599154634913
Chaf1b,-0.048385976668924316,0.048385976668924316,0.18269782653552255
Pgbd1,0.01313030141985312,0.01313030141985312,0.7178025406240909
Smoc2,0.012891028983204527,0.012891028983204527,0.7227312353946657
Synj2,-0.06350331087364688,0.06350331087364688,0.08019599154634913
1700010I14Rik,0.013130301419853113,0.013130301419853113,0.7178025406240909
Pde10a,-0.06350331087364693,0.06350331087364693,0.08019599154634913
Gm16702,0.013130301419853118,0.013130301419853118,0.7178025406240909
Serac1,0.04736605443628696,0.04736605443628696,0.1921058022126081
Ankrd13b,0.022590979605329856,0.022590979605329856,0.5340440650507382
Hist1h3h,-0.08986646357438077,0.08986646357438077,0.013197834056651052
Tmem181a,0.01970583769919502,0.01970583769919502,0.5875354449682381
Dynlt1b,-0.012093895826260234,0.012093895826260234,0.7392331007430448
Tmem181c-ps,-0.06350331087364684,0.06350331087364684,0.08019599154634913
Fgfr1op,-0.09602370278633067,0.09602370278633067,0.008074061400710918
Rsph3a,0.05191438769279037,0.05191438769279037,0.15277746523823288
Sytl3,0.013130301419853113,0.013130301419853113,0.7178025406240909
Hist1h2bn,-0.03564258427578983,0.03564258427578983,0.32644841882828163
Mir692-1,0.013130301419853113,0.013130301419853113,0.7178025406240909
Rps6ka2,0.009518213939647358,0.009518213939647358,0.7933421967213223
Rsph3b,0.04165874576788487,0.04165874576788487,0.25135682172633156
5730437N04Rik,-0.08648675572322413,0.08648675572322413,0.017087447787302406
Efcab5,0.013130301419853113,0.013130301419853113,0.7178025406240909
Park2,0.013130301419853118,0.013130301419853118,0.7178025406240909
Hist1h2ai,-0.0020645990220843555,0.0020645990220843555,0.9546858391431687
Dact2,0.03685282659007103,0.03685282659007103,0.31027997473686386
Hist1h2bp,0.018581295022800773,0.018581295022800773,0.6090346243526004
2700054A10Rik,0.018581295022800773,0.018581295022800773,0.6090346243526004
C2cd2,0.007242988142474377,0.007242988142474377,0.8419894734624992
Ccdc55,0.002627519079065852,0.002627519079065852,0.9423499551363801
A630089N07Rik,0.02547117444167656,0.02547117444167656,0.4832095455976962
Acat2,0.10005578431354249,0.10005578431354249,0.005767091748376874
Hist1h2an,-0.021497224458766277,0.021497224458766277,0.5540310762581069
Thbs2,-0.07388805833616856,0.07388805833616856,0.041711757256910974
Hist1h3i,-0.030441853666052274,0.030441853666052274,0.4020099970305858
Acat3,0.013130301419853121,0.013130301419853121,0.7178025406240909
Tiam2,-0.035642584275789854,0.035642584275789854,0.32644841882828163
Zfp192,0.06036249551521913,0.06036249551521913,0.09634114271632432
Hist1h2bl,-0.05047285694414721,0.05047285694414721,0.16451782652990893
Mrpl18,-0.04580036225270929,0.04580036225270929,0.2072323078954615
Pnldc1,0.03312167853989654,0.03312167853989654,0.3618482611930415
Tfb1m,0.042801535524702075,0.042801535524702075,0.23857548567939546
Git1,0.018728027298215544,0.018728027298215544,0.606209622868495
Pisd-ps2,-0.009973209147524281,0.009973209147524281,0.7837029559123186
Zfp229,0.03729250399681031,0.03729250399681031,0.3045389779976484
Sfrp4,-0.06891365437544977,0.06891365437544977,0.057571152276813795
2210404O09Rik,0.03196727925338126,0.03196727925338126,0.37883144973359184
Chodl,-0.06598745542190829,0.06598745542190829,0.06904331025464944
Hist1h4f,0.018581295022800773,0.018581295022800773,0.6090346243526004
Gli3,0.03312167853989654,0.03312167853989654,0.3618482611930415
Hist1h3f,-0.008110112321465841,0.008110112321465841,0.8233673775345276
Proca1,0.033121678539896525,0.033121678539896525,0.3618482611930415
Noxo1,0.018581295022800773,0.018581295022800773,0.6090346243526004
Cyyr1,0.04446948598518567,0.04446948598518567,0.2207534672115544
Gfer,-0.006639789474139829,0.006639789474139829,0.8549964678528025
Adamts5,-0.004519233161989241,0.004519233161989241,0.9010126439982455
Inhba,0.03103373651881041,0.03103373651881041,0.39291737759673667
Syngr3,0.013130301419853115,0.013130301419853115,0.7178025406240909
N6amt1,-0.024533676457180603,0.024533676457180603,0.4994628378114421
Rwdd2b,-0.0009272999720077954,0.0009272999720077954,0.9796387412844935
Nthl1,-0.02432706814033217,0.02432706814033217,0.5030833491770935
Tsc2,0.024742608273647625,0.024742608273647625,0.4958157010829604
Rab26,0.03272665483982446,0.03272665483982446,0.36760537102752033
Traf7,-0.01321068976133316,0.01321068976133316,0.7161492627260657
Spag5,0.026312655621883528,0.026312655621883528,0.4688685108941922
Rpl3l,0.03312167853989652,0.03312167853989652,0.3618482611930415
Btg3,0.0652796587220307,0.0652796587220307,0.07208315345486005
4930528F23Rik,0.013130301419853113,0.013130301419853113,0.7178025406240909
Baiap3,0.013130301419853118,0.013130301419853118,0.7178025406240909
Serpinf2,-0.03564258427578985,0.03564258427578985,0.32644841882828163
Vtn,0.04287798361384527,0.04287798361384527,0.23773710474902146
Hist1h3e,-0.008727422378956056,0.008727422378956056,0.8101697990819129
Ptx4,-0.047698045815688296,0.047698045815688296,0.1890051988936312
Gbe1,0.0014696576692795201,0.0014696576692795201,0.9677351660979868
Tmem204,-0.0014604428712182026,0.0014604428712182026,0.9679373585283411
Ift140,-0.06624743008807359,0.06624743008807359,0.06795350517091577
Hist1h2bh,-0.021497224458766298,0.021497224458766298,0.5540310762581069
Robo1,-0.03413386048378073,0.03413386048378073,0.34735578394000544
Tlcd2,0.06263199979664164,0.06263199979664164,0.08443787974495967
Samsn1,-0.0007135492899617954,0.0007135492899617954,0.9843314955596713
Rilp,0.026254672087181515,0.026254672087181515,0.4698491016539609
Eme2,-0.004179227750356892,0.004179227750356892,0.9084259237152259
AW209491,-0.017136119032098926,0.017136119032098926,0.637164314104343
Scarf1,-0.027251559574948476,0.027251559574948476,0.4531484749674872
Usp25,0.025098809372475585,0.025098809372475585,0.48963067095512713
Fahd1,0.007320106172248838,0.007320106172248838,0.8403295695343733
Hn1l,0.02879929291422296,0.02879929291422296,0.4278947380265096
Rab34,-0.0610505236851796,0.0610505236851796,0.09259879682697242
9930021D14Rik,0.013130301419853116,0.013130301419853116,0.7178025406240909
Hist1h3g,0.0458869000294605,0.0458869000294605,0.20637435741198093
9530082P21Rik,0.03275946097886288,0.03275946097886288,0.36712509450658587
Gm10785,0.03272665483982446,0.03272665483982446,0.36760537102752033
Dhrs13,0.022163809991254314,0.022163809991254314,0.541806629498605
Paqr4,0.009568973890793104,0.009568973890793104,0.7922652359505645
Itsn1,0.0006072083686391193,0.0006072083686391193,0.9866663515525899
Tnfrsf12a,-0.04328307010780682,0.04328307010780682,0.23332931265539927
Pipox,-0.0898664635743806,0.0898664635743806,0.013197834056651266
Zfp40,0.03758436411263051,0.03758436411263051,0.30076718742084757
Flywch2,0.026222201698810288,0.026222201698810288,0.4703987195094924
Vmn2r-ps129,0.04057927839353431,0.04057927839353431,0.26386078051000184
Epdr1,0.013130301419853115,0.013130301419853115,0.7178025406240909
Hist1h2ag,-0.002064599022084351,0.002064599022084351,0.9546858391431687
Cbr3,-0.02578042564463664,0.02578042564463664,0.47791164603754704
Gm4944,-0.014746532607449035,0.014746532607449035,0.6848257987150371
Zfp947,-0.02153047311517628,0.02153047311517628,0.5534181536432469
Zfp943,-0.01054928499242197,0.01054928499242197,0.7715461152765564
Hist1h2bk,0.033121678539896546,0.033121678539896546,0.3618482611930415
Zfp942,-0.045442953595157286,0.045442953595157286,0.2108030827528352
Gm16386,0.032726654839824454,0.032726654839824454,0.36760537102752033
Cacna1h,0.06522193919242449,0.06522193919242449,0.07233579771435861
Dnajc28,0.011274139637041287,0.011274139637041287,0.7563291354424517
Prss27,-0.021497224458766288,0.021497224458766288,0.5540310762581069
Mlst8,-0.015258867228516486,0.015258867228516486,0.6744927626063493
B130034C11Rik,0.018581295022800773,0.018581295022800773,0.6090346243526004
5033411D12Rik,0.013130301419853116,0.013130301419853116,0.7178025406240909
Dnase1l2,-0.035642584275789854,0.035642584275789854,0.32644841882828163
Tiam1,0.018494003626338566,0.018494003626338566,0.6107179931986045
Hist1h2af,0.033121678539896546,0.033121678539896546,0.3618482611930415
Fam101b,-0.08781263664166551,0.08781263664166551,0.015455670994908884
Hist1h4h,-0.00885810929469923,0.00885810929469923,0.8073825812546904
Prss30,0.032726654839824454,0.032726654839824454,0.36760537102752033
Tlcd1,0.006884379984339374,0.006884379984339374,0.8497173230896305
Ccnf,-0.053931722526457386,0.053931722526457386,0.1374302384926872
4932438H23Rik,0.013130301419853115,0.013130301419853115,0.7178025406240909
1600002H07Rik,0.0008927789570222642,0.0008927789570222642,0.9803965838804115
Ntn3,-0.01049956439622243,0.01049956439622243,0.7725932038280008
Tbc1d24,0.03612683129462917,0.03612683129462917,0.31991460196145644
C230035I16Rik,-0.06350331087364687,0.06350331087364687,0.08019599154634913
Atp6v0c,0.032726654839824454,0.032726654839824454,0.36760537102752033
Atp6v0c-ps2,0.025642985663644088,0.025642985663644088,0.48026226087471807
Vps53,0.07190292953756006,0.07190292953756006,0.047531918005214176
Fam64a,0.013130301419853116,0.013130301419853116,0.7178025406240909
Dirc2,-0.02059241883992589,0.02059241883992589,0.5708368208824854
Pdia5,0.05270789906470391,0.05270789906470391,0.14659228430765617
Tmem191c,0.008167845602859583,0.008167845602859583,0.8221309103374688
Bphl,0.04033809560531412,0.04033809560531412,0.26671204788419733
Chaf1a,-0.024978538726225442,0.024978538726225442,0.4917143889016284
Serpind1,0.013130301419853113,0.013130301419853113,0.7178025406240909
Sh3gl1,-0.05678988481220335,0.05678988481220335,0.11775306904851854
Stap2,-0.025048658629807048,0.025048658629807048,0.49049896762735923
Ccdc94,-0.010056308621987144,0.010056308621987144,0.7819459874456828
Kctd2,0.031190173177816263,0.031190173177816263,0.3905351106696223
Ccnk,0.01379872225771278,0.01379872225771278,0.704096508051694
Slfn1,0.03454565255572207,0.03454565255572207,0.3415666920223298
Slc7a4,0.03312167853989653,0.03312167853989653,0.3618482611930415
Eml1,0.003378445385699573,0.003378445385699573,0.9259160540325533
Smpd4,0.017620219497066717,0.017620219497066717,0.6276805767903021
Emr4,0.01313030141985311,0.01313030141985311,0.7178025406240909
Sgol1,0.04757140805848026,0.04757140805848026,0.1901835479280295
Klhl22,-0.02125013202717077,0.02125013202717077,0.5585964652159201
Scarf2,0.0015724315193646778,0.0015724315193646778,0.9654802306983825
Sema6b,0.052419609057820823,0.052419609057820823,0.14881692439645716
Tnfaip8l1,-0.05454185938587848,0.05454185938587848,0.1330303098442938
D17Wsu104e,0.0503627933149862,0.0503627933149862,0.16544135020631312
Hic2,0.035548483860625556,0.035548483860625556,0.3277280630952202
Vpreb1,-0.08986646357438077,0.08986646357438077,0.013197834056651052
Abca8b,0.016701140501866187,0.016701140501866187,0.6457366736807786
Ppm1f,-0.04227437392558216,0.04227437392558216,0.2444133994452063
Nrtn,0.03475000073906669,0.03475000073906669,0.3387169186422917
Tmem102,0.03840198686087844,0.03840198686087844,0.2903668522357309
Vmac,0.03146725279448622,0.03146725279448622,0.38633720915810044
Slc22a23,0.01313030141985312,0.01313030141985312,0.7178025406240909
Slfn3,0.04420297204140759,0.04420297204140759,0.22353534619256937
4921523A10Rik,0.013130301419853115,0.013130301419853115,0.7178025406240909
Nlgn2,0.022698692148155196,0.022698692148155196,0.5320955895793539
2610318N02Rik,-0.009973209147524292,0.009973209147524292,0.7837029559123186
Safb,0.07534697241283542,0.07534697241283542,0.03782866893908898
Ptprs,0.0014327685475085106,0.0014327685475085106,0.9685446048514941
Uhrf1,0.020339518264720923,0.020339518264720923,0.5755771170174947
Ccdc116,0.03272665483982446,0.03272665483982446,0.36760537102752033
Ydjc,0.05465461422528483,0.05465461422528483,0.13222923979431664
Bcl11b,0.025082008662361245,0.025082008662361245,0.48992146199147135
4930447K03Rik,0.013130301419853113,0.013130301419853113,0.7178025406240909
Ak7,0.033121678539896525,0.033121678539896525,0.3618482611930415
Igll1,-0.0658333183245092,0.0658333183245092,0.06969618666381826
Car15,0.01858129502280078,0.01858129502280078,0.6090346243526004
Tbc1d5,0.047287975683465766,0.047287975683465766,0.19284040291577909
Usp49,-0.03564258427578985,0.03564258427578985,0.32644841882828163
Arvcf,0.046393369504247405,0.046393369504247405,0.20140471611789165
Gnb1l,0.037489919466518556,0.037489919466518556,0.3019843076366245
Rian,-0.05991405450665412,0.05991405450665412,0.09884465829080202
Mirg,-0.03565070177356212,0.03565070177356212,0.32633818334701686
Bysl,0.014674696874784583,0.014674696874784583,0.6862793914689346
2810408A11Rik,0.0015840548201277514,0.0015840548201277514,0.9652252237616759
Sept5,-0.039515999610210434,0.039515999610210434,0.2765894546287062
Taf8,0.034206279817012415,0.034206279817012415,0.34633320250620553
Guca1a,0.029303627406904485,0.029303627406904485,0.41984580015405687
Guca1b,0.018581295022800766,0.018581295022800766,0.6090346243526004
Trerf1,0.013130301419853113,0.013130301419853113,0.7178025406240909
B930059L03Rik,0.034329636061808465,0.034329636061808465,0.34459578798709123
Cdc45,0.05853624958004691,0.05853624958004691,0.10686195049489543
1110046J04Rik,0.034102831619966925,0.034102831619966925,0.3477945063198574
Slfn5,-0.023300786473264203,0.023300786473264203,0.5212705478798519
BC032203,0.0326331393862992,0.0326331393862992,0.3689765643054351
D16H22S680E,0.05456362585329386,0.05456362585329386,0.13287537800695018
Dlk1,-0.06350331087364677,0.06350331087364677,0.08019599154635042
Wdr25,-0.00852374204048386,0.00852374204048386,0.8145185615306139
Gm14872,-0.06350331087364681,0.06350331087364681,0.08019599154634913
Prodh,0.06547333885693925,0.06547333885693925,0.07124066162144223
Degs2,-0.08986646357438074,0.08986646357438074,0.013197834056651266
Daam2,-0.00965438033217069,0.00965438033217069,0.7904540829423383
Mocs1,-0.028922485718412876,0.028922485718412876,0.42592040811525933
Tspo2,0.018581295022800766,0.018581295022800766,0.6090346243526004
Apobec2,0.09057443056050758,0.09057443056050758,0.012489941465864421
Slc25a29,0.03209505527206543,0.03209505527206543,0.3769279035651193
Trem2,0.018458645202211015,0.018458645202211015,0.6114004474885619
Evl,-0.12829766515201285,0.12829766515201285,0.000391476349097844
B430306N03Rik,-0.01208010066113184,0.01208010066113184,0.739519764673029
Treml4,0.013130301419853111,0.013130301419853111,0.7178025406240909
Trem3,0.018570983123826643,0.018570983123826643,0.6092333765696343
Trem1,0.013130301419853113,0.013130301419853113,0.7178025406240909
Slfn9,0.013130301419853121,0.013130301419853121,0.7178025406240909
Mdfi,-0.0635033108736468,0.0635033108736468,0.08019599154635042
Slc25a47,0.013130301419853121,0.013130301419853121,0.7178025406240909
Nqo2,0.026180827827948033,0.026180827827948033,0.47109955739581566
Frs3,0.03443320433556371,0.03443320433556371,0.3431413712729994
Treml2,-0.14119586980165946,0.14119586980165946,9.396185616243196e-05
Prr22,0.033121678539896546,0.033121678539896546,0.3618482611930415
Fam20a,-0.031303148161834826,0.031303148161834826,0.38882015105566886
Rfx2,0.05192054001735088,0.05192054001735088,0.15272875910385983
2610020C07Rik,-0.0658333183245092,0.0658333183245092,0.06969618666381826
Armc7,-0.010714352995933851,0.010714352995933851,0.768072860501644
Epb4.1l3,0.022527666000856195,0.022527666000856195,0.5351910577987435
Ifi27l2b,-0.06350331087364679,0.06350331087364679,0.08019599154635042
Tmem200c,0.013130301419853111,0.013130301419853111,0.7178025406240909
Arhgap28,0.03312167853989654,0.03312167853989654,0.3618482611930415
Ptprm,-4.839478049996756e-05,4.839478049996756e-05,0.9989372531567613
Nrn1,0.03295603318750592,0.03295603318750592,0.3642554915515986
Atp1b2,-0.08986612654035117,0.08986612654035117,0.013198179317915235
Cpped1,0.06967081787120619,0.06967081787120619,0.05487510505923825
Mkl2,-0.03559602197487672,0.03559602197487672,0.3270812005406597
Serpina10,0.013130301419853116,0.013130301419853116,0.7178025406240909
Sat2,0.0330945323511627,0.0330945323511627,0.36224207825448873
Serpina1b,0.013130301419853115,0.013130301419853115,0.7178025406240909
Serpina3f,0.0713898324993357,0.0713898324993357,0.049142516794080604
Fxr2,-0.02621974326657007,0.02621974326657007,0.4704403471796965
Mpdu1,-0.09703687019219832,0.09703687019219832,0.007427606925877612
Ccl3,-0.015435342816664548,0.015435342816664548,0.6709475263761934
F13a1,-0.06350331087364681,0.06350331087364681,0.08019599154634913
Otub2,-0.0852224225602288,0.0852224225602288,0.018782031689030945
Asb2,0.031919382840984535,0.031919382840984535,0.37954650648981364
D230037D09Rik,-0.026036299042956804,0.026036299042956804,0.4735522572031372
Galnt14,0.01313030141985312,0.01313030141985312,0.7178025406240909
LOC100503496,0.012027901547459665,0.012027901547459665,0.7406047903954476
Lbh,-0.07258738131375636,0.07258738131375636,0.04545259659982503
Clip4,0.01313030141985312,0.01313030141985312,0.7178025406240909
Rpl39l,-0.06350331087364679,0.06350331087364679,0.08019599154635042
Emp2,0.05639986427517267,0.05639986427517267,0.12030028758071268
Expi,-0.02153047311517629,0.02153047311517629,0.5534181536432469
Slc16a5,0.04687201465684815,0.04687201465684815,0.19678869762478687
Efnb3,0.013130301419853113,0.013130301419853113,0.7178025406240909
Dexi,0.024932588163473622,0.024932588163473622,0.49251174577934975
Spdya,0.045886900029460456,0.045886900029460456,0.2063743574119834
Ndc80,0.007534112572446141,0.007534112572446141,0.8357269850428266
Clec16a,-0.022499763176875624,0.022499763176875624,0.5356969400726513
A630055G03Rik,-0.07710832990222906,0.07710832990222906,0.0335535733380648
Emilin2,-0.0073330935661590005,0.0073330935661590005,0.8400500957548157
Myom1,-0.03564258427578984,0.03564258427578984,0.32644841882828163
Myl12b,0.04385619952663653,0.04385619952663653,0.22719230658284909
Btbd7,0.01070642907228524,0.01070642907228524,0.7682394850742241
Serpina3k,-0.06350331087364677,0.06350331087364677,0.08019599154635042
Senp3,-0.0002844715523109805,0.0002844715523109805,0.9937530814742542
Serpina3m,0.033121678539896525,0.033121678539896525,0.3618482611930415
Polr2a,0.05238983675507,0.05238983675507,0.149048125210487
Abcc1,0.07489677263567315,0.07489677263567315,0.03899279444150275
D430019H16Rik,0.03312167853989654,0.03312167853989654,0.3618482611930415
Snai2,0.018524727091458564,0.018524727091458564,0.610125272378236
Pex12,0.045192427715262065,0.045192427715262065,0.21333236192637536
Crb3,-0.02845677411759285,0.02845677411759285,0.4334119245753048
Slc25a23,-0.014947843233036185,0.014947843233036185,0.6807585036549328
AI450353,-0.030509201261573693,0.030509201261573693,0.40096908338294596
Tubb4a,-0.0635033108736468,0.0635033108736468,0.08019599154635042
Zbtb4,0.0651349424990002,0.0651349424990002,0.07271795791283726
Alkbh7,-0.11586593224756511,0.11586593224756511,0.0013755720806661658
Cdyl,0.04540879673515078,0.04540879673515078,0.21114664601855965
AA465934,-0.021497224458766277,0.021497224458766277,0.5540310762581069
2310008H04Rik,0.020648378540440746,0.020648378540440746,0.5697904405788664
Mllt1,-0.039111423518862556,0.039111423518862556,0.2815406514146264
Pkp2,0.013130301419853116,0.013130301419853116,0.7178025406240909
1700061G19Rik,0.022772372094156487,0.022772372094156487,0.5307648226518682
Yars2,0.10874555814863714,0.10874555814863714,0.002683177592750703
Bdkrb1,-0.06350331087364683,0.06350331087364683,0.08019599154634913
Rpl7l1,-0.055155293492574385,0.055155293492574385,0.1287171238338121
Gm11110,0.057832245118420195,0.057832245118420195,0.11115252079209888
Myh11,-0.04042678314689776,0.04042678314689776,0.2656611327760365
Ccl9,-0.00024442895805057045,0.00024442895805057045,0.9946323917156225
Ccl5,0.0743007472582071,0.0743007472582071,0.04058059416753422
Rrn3,0.06752485588982708,0.06752485588982708,0.06280185585808071
Fars2,0.0460599137250364,0.0460599137250364,0.20466679369752175
Txndc2,0.03312167853989653,0.03312167853989653,0.3618482611930415
Serpina3n,0.07321986727344167,0.07321986727344167,0.043599687413538424
4933422H20Rik,0.033121678539896525,0.033121678539896525,0.3618482611930415
Clmn,0.04915335027765197,0.04915335027765197,0.17584735496991746
Snhg10,0.021609419586216067,0.021609419586216067,0.5519641440501692
Tnfsf12,-0.026303537103594715,0.026303537103594715,0.4690226441376713
1700020L24Rik,0.013130301419853121,0.013130301419853121,0.7178025406240909
Fert2,0.05801370936864645,0.05801370936864645,0.11003381070412842
Wipi1,0.0996365699251433,0.0996365699251433,0.005975677481787933
Fbxl17,0.009038752293505405,0.009038752293505405,0.8035339497143178
Efna5,0.018485990002265036,0.018485990002265036,0.6108726349092339
Vav1,-0.05866809562000538,0.05866809562000538,0.10607316927129827
Trip10,0.023444607766461432,0.023444607766461432,0.518701629397499
4831426I19Rik,0.04033873280131118,0.04033873280131118,0.2667044871776822
Mmp28,0.013130301419853113,0.013130301419853113,0.7178025406240909
Ptcra,-0.06350331087364681,0.06350331087364681,0.08019599154634913
Hira,-0.016364373849862387,0.016364373849862387,0.6524060011855257
Cnpy3,-0.08546467155891463,0.08546467155891463,0.018446422017582374
H2-Q6,0.034329636061808444,0.034329636061808444,0.34459578798709123
H2-Q8,0.08690301754905597,0.08690301754905597,0.016559614158918504
Aldh5a1,0.013130301419853113,0.013130301419853113,0.7178025406240909
H2-Q1,0.033121678539896546,0.033121678539896546,0.3618482611930415
BC022687,0.03198329558409006,0.03198329558409006,0.3785925229151861
Cct6b,0.013130301419853116,0.013130301419853116,0.7178025406240909
Atp6v1g2,-0.021497224458766284,0.021497224458766284,0.5540310762581069
Pld2,0.05943912780288638,0.05943912780288638,0.10155226562751306
Tmem132e,-0.08986646357438074,0.08986646357438074,0.013197834056651266
Lta,-0.02483280242728408,0.02483280242728408,0.49424565704403783
Kcnj2,-0.06350331087364676,0.06350331087364676,0.08019599154635042
Mink1,-0.05222475391580361,0.05222475391580361,0.15033506615766093
Pigz,0.033097221819437986,0.033097221819437986,0.3622030494599721
Aif1,0.001858282081876926,0.001858282081876926,0.9592099595690021
Ccl1,0.033121678539896525,0.033121678539896525,0.3618482611930415
Chrne,-0.0020645990220843624,0.0020645990220843624,0.9546858391431687
Ccl8,0.04337103124570715,0.04337103124570715,0.23237988943623392
H2-Q7,0.0503828029989603,0.0503828029989603,0.1652731636782376
Pld4,0.10898022087361649,0.10898022087361649,0.0026263000408335755
Pou5f1,-0.01866068687215531,0.01866068687215531,0.6075053859003908
Tcf19,0.005411476645199787,0.005411476645199787,0.881601252523704
Tm4sf5,-0.006861075700190372,0.006861075700190372,0.8502200276793784
Gm8801,0.05744416399711255,0.05744416399711255,0.11357506615481577
9030404E10Rik,-0.03564258427578983,0.03564258427578983,0.32644841882828163
E2f3,0.03143542784778287,0.03143542784778287,0.38681797162506465
Cdkal1,-0.018748571864995074,0.018748571864995074,0.6058145505232357
Atat1,-0.010547517105762771,0.010547517105762771,0.7715833388943629
Sox4,-0.15671769147989653,0.15671769147989653,1.423902638936248e-05
2610307P16Rik,0.013130301419853118,0.013130301419853118,0.7178025406240909
Jag2,0.03312167853989654,0.03312167853989654,0.3618482611930415
Nrm,0.0021121195155320324,0.0021121195155320324,0.9536440102914039
AW555464,0.04910171000250893,0.04910171000250893,0.17630227034140272
Lrrc15,-0.06350331087364681,0.06350331087364681,0.08019599154634913
Ddr1,0.01853422287680374,0.01853422287680374,0.6099421301188428
Vars2,0.021115726552206306,0.021115726552206306,0.5610874375569299
Cdsn,0.018581295022800766,0.018581295022800766,0.6090346243526004
Mrs2,0.010572279080462231,0.010572279080462231,0.7710620126534617
Tmem44,0.02966023704869369,0.02966023704869369,0.414208467246343
Cchcr1,-0.012283705658826088,0.012283705658826088,0.7352925342956103
Hes1,0.027994149727120117,0.027994149727120117,0.4409285268786368
Ly6g5b,0.007950902616963105,0.007950902616963105,0.8267794131530285
Ccl12,-0.06350331087364693,0.06350331087364693,0.08019599154634913
Fbxo45,-0.006580993199897341,0.006580993199897341,0.856266479028284
C4b,0.026894625382595832,0.026894625382595832,0.45908935522223926
Slc12a8,0.03312167853989653,0.03312167853989653,0.3618482611930415
Itgb5,-0.040407415480299594,0.040407415480299594,0.2658903893530221
Ppt2,0.05253691330253342,0.05253691330253342,0.14790864140469892
Umps,-0.04990236485703707,0.04990236485703707,0.16934696336407837
Kalrn,0.013130301419853116,0.013130301419853116,0.7178025406240909
Egfl8,0.07429240122157749,0.07429240122157749,0.04060321054611517
Ccdc14,0.032726654839824454,0.032726654839824454,0.36760537102752033
2610035D17Rik,0.012050061966987038,0.012050061966987038,0.74014409452094
Mylk,0.03678567154508727,0.03678567154508727,0.31116307481628
Sec22a,0.03749712058718272,0.03749712058718272,0.30189139083085686
Mis12,0.09039208840129011,0.09039208840129011,0.012668980410866651
Notch4,0.059036480224169484,0.059036480224169484,0.10389368248334445
BC051142,0.03139318440369507,0.03139318440369507,0.3874566831690347
4930427A07Rik,-0.005061121462632935,0.005061121462632935,0.8892156773170884
Nlrp1b,0.03312167853989653,0.03312167853989653,0.3618482611930415
Tmem121,0.013130301419853115,0.013130301419853115,0.7178025406240909
Wscd1,0.013130301419853121,0.013130301419853121,0.7178025406240909
Adcy5,0.033121678539896546,0.033121678539896546,0.3618482611930415
Adssl1,0.048657023798546674,0.048657023798546674,0.18025593853104324
Osbpl11,0.001423387435745883,0.001423387435745883,0.9687504548840662
Mta1,0.0006970581186274465,0.0006970581186274465,0.9846935728311114
Ly6g6f,0.01858129502280075,0.01858129502280075,0.6090346243526004
Ly6g6d,-0.06350331087364676,0.06350331087364676,0.08019599154635042
Acot13,-0.03969934956529446,0.03969934956529446,0.27436524371270793
Ddah2,-0.014291391730067327,0.014291391730067327,0.6940550308210227
Nudt14,-0.06078294606714269,0.06078294606714269,0.09404013100469524
Msh5,-0.03169264306435525,0.03169264306435525,0.38294278754229355
Brf1,0.0009550430031651439,0.0009550430031651439,0.9790297095680153
Tmem98,0.03809280600751627,0.03809280600751627,0.29427094240066737
Lmln,0.013130301419853115,0.013130301419853115,0.7178025406240909
Sox9,-0.067117847348248,0.067117847348248,0.06440707471444986
Hspa1l,0.0204738517100614,0.0204738517100614,0.5730568985711942
Inca1,0.013130301419853118,0.013130301419853118,0.7178025406240909
Kif1c,0.052418125493606645,0.052418125493606645,0.14882843874041615
Pacs2,-0.024187318472599126,0.024187318472599126,0.5055400827603133
Iqcg,-0.02149722445876627,0.02149722445876627,0.5540310762581069
Zfp3,0.038401986860878444,0.038401986860878444,0.2903668522357309
Zbtb12,0.02452843065483399,0.02452843065483399,0.4995545917322555
C2,-0.0066290130249391415,0.0066290130249391415,0.8552292133344278
1700021K19Rik,-0.11072227751248176,0.11072227751248176,0.002237271549777911
1100001G20Rik,0.020984068672700574,0.020984068672700574,0.5635326778177652
Cxcl16,-0.006386072973548656,0.006386072973548656,0.8604794346454645
Gnl1,0.04322600657256559,0.04322600657256559,0.23394670359028125
Cdr2l,0.04477418915759471,0.04477418915759471,0.2176034259188847
Camk2n2,0.01779926407779491,0.01779926407779491,0.624188394998629
Unc45b,-0.08206263368513389,0.08206263368513389,0.023672466177271163
Rsph9,-0.016027503672152422,0.016027503672152422,0.6591052433522625
Fam131a,-0.04890867673396558,0.04890867673396558,0.17801051547167726
Vegfa,0.019215995703679642,0.019215995703679642,0.5968572538739593
Clcn2,0.01820445732220175,0.01820445732220175,0.6163164256783007
Foxc1,-0.030879301630091005,0.030879301630091005,0.395277761409307
Capn11,-0.009973209147524267,0.009973209147524267,0.7837029559123186
Foxf2,0.018468781966450437,0.018468781966450437,0.611204762944216
Slc29a1,-0.04610304128536411,0.04610304128536411,0.2042427462414385
Hus1b,0.01858129502280077,0.01858129502280077,0.6090346243526004
Slc35b2,0.00803580864887272,0.00803580864887272,0.824959374816875
Tmem151b,0.01313030141985312,0.01313030141985312,0.7178025406240909
Aars2,0.013126578466365238,0.013126578466365238,0.7178791394437526
Dlg4,-0.03236156482666275,0.03236156482666275,0.37297655931189744
Chrd,-0.01590753853508623,0.01590753853508623,0.6614975983457207
Polh,0.045886900029460456,0.045886900029460456,0.2063743574119834
Abca5,0.09433964331762146,0.09433964331762146,0.009260364826657251
Xpo5,-0.03032253121725359,0.03032253121725359,0.4038581931853194
Abcf3,0.08274306563720008,0.08274306563720008,0.022535011123587002
Lamp3,0.022772372094156494,0.022772372094156494,0.5307648226518682
Slc2a4,0.013130301419853111,0.013130301419853111,0.7178025406240909
B3gnt5,-0.06110520263478994,0.06110520263478994,0.09230645269000519
Serpinb1b,0.03272665483982447,0.03272665483982447,0.36760537102752033
Parl,-0.015269859818702155,0.015269859818702155,0.6742717195769273
Klc4,-0.009752237643723719,0.009752237643723719,0.7883802814067041
Cldn7,0.04687201465684815,0.04687201465684815,0.19678869762478687
Abcc5,0.030248497305706112,0.030248497305706112,0.4050074587154054
Runx2,0.03633180989031483,0.03633180989031483,0.31717477208357026
Cul9,-0.02580637505035941,0.02580637505035941,0.4774685430066519
Crip3,0.018581295022800776,0.018581295022800776,0.6090346243526004
Stk30,0.018581295022800766,0.018581295022800766,0.6090346243526004
Dvl3,-0.03564258427578985,0.03564258427578985,0.32644841882828163
Zfp839,0.07114237189408014,0.07114237189408014,0.04993548061191729
Abcc10,-0.006403987212829301,0.006403987212829301,0.8600920735801951
Gm88,0.008218266975170358,0.008218266975170358,0.8210514019243256
Abca6,-0.04284778150664476,0.04284778150664476,0.23806807278623027
Gm15760,-0.014132278630287508,0.014132278630287508,0.6972922837262601
BC048355,-0.009973209147524286,0.009973209147524286,0.7837029559123186
Clic5,-0.0231580303130442,0.0231580303130442,0.5238268889544325
Vps8,-0.035898049441512196,0.035898049441512196,0.32299078439160195
Enpp5,0.032844473473319785,0.032844473473319785,0.36588234263009384
Snora81,-0.06350331087364676,0.06350331087364676,0.08019599154635042
Znrd1as,-0.0008772186404629183,0.0008772186404629183,0.9807381865654158
2810029C07Rik,0.032726654839824454,0.032726654839824454,0.36760537102752033
Rfc4,0.0033260760863152387,0.0033260760863152387,0.927061206553269
Trim40,0.03731055051153432,0.03731055051153432,0.30430485276154223
1110054M08Rik,-0.059253886985745685,0.059253886985745685,0.10262418920040005
Leprel1,0.013130301419853111,0.013130301419853111,0.7178025406240909
Xrcc3,0.032726654839824454,0.032726654839824454,0.36760537102752033
Fetub,0.013130301419853115,0.013130301419853115,0.7178025406240909
Alox12e,0.03312167853989654,0.03312167853989654,0.3618482611930415
H2-T3,0.05744416399711255,0.05744416399711255,0.11357506615481577
5033406O09Rik,0.013130301419853115,0.013130301419853115,0.7178025406240909
1600021P15Rik,0.033121678539896525,0.033121678539896525,0.3618482611930415
Gm6034,0.03272665483982446,0.03272665483982446,0.36760537102752033
H2-T24,0.04098494587259321,0.04098494587259321,0.2591124423155848
4632428C04Rik,0.033121678539896525,0.033121678539896525,0.3618482611930415
2010107E04Rik,0.03936406974097685,0.03936406974097685,0.2784417793219425
A930015D03Rik,0.004435935205777139,0.004435935205777139,0.9028280525450162
Ppp1r13b,-0.01709005713375764,0.01709005713375764,0.6380698166836652
Agtr1a,0.0007205349548467975,0.0007205349548467975,0.9841781204910202
Ubd,0.013130301419853111,0.013130301419853111,0.7178025406240909
Crisp1,0.03840198686087847,0.03840198686087847,0.2903668522357309
Rcan2,-0.024855553589252885,0.024855553589252885,0.49385003846641945
Slc25a27,0.01313030141985312,0.01313030141985312,0.7178025406240909
Pla2g7,0.05929592927802743,0.05929592927802743,0.1023801205658519
Mgl2,-0.05111483519993456,0.05111483519993456,0.1592081749725483
Tnfrsf21,-0.004883534912903501,0.004883534912903501,0.8930791891059284
Cdc42bpb,0.07338891576719692,0.07338891576719692,0.043115372102201135
2510009E07Rik,0.011835621569120259,0.011835621569120259,0.7446060059538325
1200009I06Rik,0.018547356999300206,0.018547356999300206,0.6096888565564632
Slc16a13,-0.09759291026085118,0.09759291026085118,0.0070928740685742295
Ehhadh,0.020677892761757417,0.020677892761757417,0.5692389275672393
Tnfaip2,0.0064018767810933115,0.0064018767810933115,0.8601377058746885
Mut,0.03320291643708738,0.03320291643708738,0.36067132176980654
Gm266,-0.06350331087364686,0.06350331087364686,0.08019599154634913
Liph,0.018581295022800766,0.018581295022800766,0.6090346243526004
9130008F23Rik,0.028855455018708273,0.028855455018708273,0.4269940062527465
Igf2bp2,-0.0585365139373515,0.0585365139373515,0.10686036432424252
Etv5,-0.010553259061155056,0.010553259061155056,0.7714624414577611
Dgkg,0.08025010028664521,0.08025010028664521,0.026948013605497482
Tmem41a,-0.052981211820364485,0.052981211820364485,0.14450674971824923
Lyrm7,-0.03564258427578983,0.03564258427578983,0.32644841882828163
Hist1h2ak,-0.04920051949074297,0.04920051949074297,0.17543259057616062
Slc34a1,0.032726654839824454,0.032726654839824454,0.36760537102752033
Bcl2l2,0.04700634991921971,0.04700634991921971,0.19550718260196706
Phf19,-0.08986646357438076,0.08986646357438076,0.013197834056651266
Ciao1,0.009013894222995806,0.009013894222995806,0.8040632756382724
4930417G10Rik,0.013130301419853115,0.013130301419853115,0.7178025406240909
Ms4a7,0.025989383752695328,0.025989383752695328,0.4743499288802264
Ccdc85a,-0.03400408957940797,0.03400408957940797,0.349192975811326
Rabepk,-0.008775161742816465,0.008775161742816465,0.8091513599495437
Pnpt1,0.054673690497429324,0.054673690497429324,0.13209408148746762
Itga1,0.03181152357206007,0.03181152357206007,0.38115979328319227
Slc22a17,0.048080773198078484,0.048080773198078484,0.18547662969310214
Mapkap1,0.054137021986111526,0.054137021986111526,0.13593741308581386
Pbx3,0.07185600180862864,0.07185600180862864,0.04767735896346848
Fam125b,0.05656588213396918,0.05656588213396918,0.11921081356903873
Zbtb34,0.004065285535027697,0.004065285535027697,0.9109120676027814
Angptl2,-0.06452867440999577,0.06452867440999577,0.07542719958823745
Fancl,-0.01234551680075178,0.01234551680075178,0.734010791304986
Ralgps1,0.0040397278218124106,0.0040397278218124106,0.9114698404465782
Ppp1r3e,0.033121678539896525,0.033121678539896525,0.3618482611930415
Mpp2,0.01313030141985312,0.01313030141985312,0.7178025406240909
Parp8,0.02213056518429342,0.02213056518429342,0.5424131056326027
Psmb11,0.018581295022800773,0.018581295022800773,0.6090346243526004
Cdh24,-0.012080100661131842,0.012080100661131842,0.739519764673029
Klhl11,0.04279219833218076,0.04279219833218076,0.23867802611288186
Zbtb26,0.06204122302247179,0.06204122302247179,0.08741575826870394
Ap4e1,0.031037551813272748,0.031037551813272748,0.3928591727241435
Ncaph,0.039764736107509954,0.039764736107509954,0.2735750000004994
Itpripl1,0.006648813986520406,0.006648813986520406,0.854801569694456
Pex13,-0.001485404678176102,0.001485404678176102,0.9673896477522139
1810024B03Rik,0.012521162629295932,0.012521162629295932,0.7303725687256543
Slc7a8,0.01957299505112116,0.01957299505112116,0.5900568213464288
Ptgs1,-0.01704918485469708,0.01704918485469708,0.6388737512603542
Homez,0.005732049699741613,0.005732049699741613,0.8746436339693054
Slc38a10,0.043149452868182836,0.043149452868182836,0.234776779159308
Dab2ip,-0.017556562577512206,0.017556562577512206,0.6289241890063645
Zfp759,-0.08986646357438077,0.08986646357438077,0.013197834056651052
4833420G17Rik,0.03758182865918363,0.03758182865918363,0.3007998194630008
Efs,0.03312167853989654,0.03312167853989654,0.3618482611930415
Cmtm5,0.03312167853989653,0.03312167853989653,0.3618482611930415
St6galnac6,-0.014991792273157264,0.014991792273157264,0.6798717797303552
Ap1g2,-0.00317828414126441,0.00317828414126441,0.9302937590344188
Eml6,0.042567502425355466,0.042567502425355466,0.24115498759909665
4931440F15Rik,0.013130301419853113,0.013130301419853113,0.7178025406240909
Zfp712,0.020969839140938876,0.020969839140938876,0.5637972650770574
Naif1,-0.040457355305099724,0.040457355305099724,0.2652995242952825
Zfp661,0.03432963606180846,0.03432963606180846,0.34459578798709123
Acyp2,0.028042451289117077,0.028042451289117077,0.44014026659234473
Ptges2,0.03483915286371209,0.03483915286371209,0.33747841773117515
2410002I01Rik,0.056519096438896695,0.056519096438896695,0.11951705571763595
Dnm1,-0.009155995846603565,0.009155995846603565,0.8010385901078868
Gpx8,-0.010375762747835804,0.010375762747835804,0.7752021910075432
Mal,0.03272665483982447,0.03272665483982447,0.36760537102752033
Azi1,-0.021497224458766295,0.021497224458766295,0.5540310762581069
Lrrc16b,0.04687201465684815,0.04687201465684815,0.19678869762478687
Ak1,0.0480037898436955,0.0480037898436955,0.18618244564774453
Garnl3,0.013130301419853116,0.013130301419853116,0.7178025406240909
Fam172a,0.01816562338050253,0.01816562338050253,0.6170689937808592
Fpgs,-0.01864199391400671,0.01864199391400671,0.6078652939994887
G6pc3,0.05538124813117439,0.05538124813117439,0.12715600516180178
Hspb3,0.032726654839824454,0.032726654839824454,0.36760537102752033
Ngdn,-0.05765321669772662,0.05765321669772662,0.11226497577489417
Snora65,-0.012080100661131833,0.012080100661131833,0.739519764673029
Zfhx2,-0.023168942095778328,0.023168942095778328,0.5236312649479937
Sirt7,-0.02462863003061531,0.02462863003061531,0.49780355739931104
Lrsam1,-0.04588780622011619,0.04588780622011619,0.20636538692092196
Fam129b,-0.0009156981623871494,0.0009156981623871494,0.9798934347244342
1700019L03Rik,0.013130301419853115,0.013130301419853115,0.7178025406240909
Ptrh1,-0.01557629091332126,0.01557629091332126,0.6681212421764215
Zfp708,0.013003795397220897,0.013003795397220897,0.7204069516645931
Astl,-0.06350331087364681,0.06350331087364681,0.08019599154634913
Ccdc88a,0.018510693925505074,0.018510693925505074,0.6103959702944362
Thtpa,-0.046112101925182836,0.046112101925182836,0.2041537395470489
Hdac5,0.032240234519300526,0.032240234519300526,0.3747722510434851
Kcnip3,0.0013049287198045642,0.0013049287198045642,0.9713499724717584
Dennd1a,0.026069813133019107,0.026069813133019107,0.47298288895621793
Nek6,0.03553472033403743,0.03553472033403743,0.3279155012793681
Rsl1,0.06724886624207249,0.06724886624207249,0.06388669475676492
Cd302,-0.047743841132652495,0.047743841132652495,0.18858040430823111
Baz2b,0.12296215016045153,0.12296215016045153,0.0006809102875141254
Wdsub1,0.023476390187766462,0.023476390187766462,0.5181348176328627
Tanc1,-0.01292070280217378,0.01292070280217378,0.7221193651765715
G630016D24Rik,0.013130301419853116,0.013130301419853116,0.7178025406240909
Dapl1,0.03299908925119987,0.03299908925119987,0.3636288231673789
Pkp4,-0.055422985720972484,0.055422985720972484,0.12686925613696595
Acvr1,-0.0898664576342412,0.0898664576342412,0.01319784014172482
Gm13546,-0.04972239648847946,0.04972239648847946,0.17089217426010425
AF067061,0.041770045865513646,0.041770045865513646,0.25009144708930725
Cep152,0.03545704452562377,0.03545704452562377,0.32897462809733247
Zfp874b,0.05600106530794941,0.05600106530794941,0.12294914967645264
Ermn,0.03312167853989653,0.03312167853989653,0.3618482611930415
Pxdn,0.0018859202706005506,0.0018859202706005506,0.9586038297632306
Zfp874a,0.02815332201071097,0.02815332201071097,0.43833395966368116
Ly75,0.10395084937520244,0.10395084937520244,0.00412051133047587
Zfp459,-0.08986646357438079,0.08986646357438079,0.013197834056651052
Zfp219,0.03731134725720359,0.03731134725720359,0.3042945189857028
Fap,-0.08681443256217512,0.08681443256217512,0.01667073013325442
Ttc21b,-0.01574261081339961,0.01574261081339961,0.664792236526269
Zfp385c,0.022772372094156494,0.022772372094156494,0.5307648226518682
Ang,0.033356493830057156,0.033356493830057156,0.3584529176120351
Rnaseh1,-0.027504341892671664,0.027504341892671664,0.44896745127140936
Csrnp3,0.01313030141985312,0.01313030141985312,0.7178025406240909
Sema6d,0.07071924921582988,0.07071924921582988,0.05131613437295922
Rnase1,0.013130301419853113,0.013130301419853113,0.7178025406240909
Mettl17,-0.0027506103959324454,0.0027506103959324454,0.9396542551367469
Ankrd32,0.04332032989284738,0.04332032989284738,0.23292680836441318
Scn2a1,0.01313030141985312,0.01313030141985312,0.7178025406240909
Ndrg2,0.029296374961234654,0.029296374961234654,0.4199609127391401
BC147527,0.009068361764034543,0.009068361764034543,0.8029035651810905
Cobll1,-0.01717430201135642,0.01717430201135642,0.6364141079122795
Arhgef40,0.034228655600162874,0.034228655600162874,0.3460176374606169
Ifih1,0.027664439738166655,0.027664439738166655,0.4463307703294913
1110067D22Rik,0.05911367585383055,0.05911367585383055,0.10344149922468217
LOC639910,0.05132903234185984,0.05132903234185984,0.15746569968045324
Galk2,0.0447161952742719,0.0447161952742719,0.21820047153373517
E130304F04Rik,0.022665072092962743,0.022665072092962743,0.5327033765310372
Mbd5,0.002431474564021819,0.002431474564021819,0.9466446787668774
Fam161a,0.013130301419853113,0.013130301419853113,0.7178025406240909
Hdc,0.058494723146402916,0.058494723146402916,0.10711134458974712
Gm7120,0.07306620808177425,0.07306620808177425,0.04404388407343916
Gm12060,0.018581295022800776,0.018581295022800776,0.6090346243526004
Lamb1,-0.06462467076462172,0.06462467076462172,0.07499281945153423
Rem2,-0.021497224458766277,0.021497224458766277,0.5540310762581069
Haus4,-0.029032894143680682,0.029032894143680682,0.42415548143270404
Scai,0.028441126781882434,0.028441126781882434,0.4336649438681801
3110070M22Rik,0.013130301419853118,0.013130301419853118,0.7178025406240909
4931414P19Rik,-0.021530473115176297,0.021530473115176297,0.5534181536432469
Arpc5l,-0.2539010543770421,0.2539010543770421,1.2050104753156756e-12
Ttc25,0.007950902616963107,0.007950902616963107,0.8267794131530285
0610010F05Rik,0.053182303599176486,0.053182303599176486,0.14298684999428085
Nr6a1,0.03320874915203675,0.03320874915203675,0.3605869122643934
Epc2,0.05546015194844208,0.05546015194844208,0.1266143366943993
Atp8b4,0.013130301419853113,0.013130301419853113,0.7178025406240909
Sh3yl1,-0.017299113713184468,0.017299113713184468,0.6339644483865704
Zrsr1,0.04562894612239332,0.04562894612239332,0.20893937663845816
Zfp429,0.03540482136201599,0.03540482136201599,0.32968794507240007
Cacnb4,0.02915390255905833,0.02915390255905833,0.42222602036356216
Wdpcp,-0.051155870255314276,0.051155870255314276,0.15887323571496145
Zfp458,0.03312167853989653,0.03312167853989653,0.3618482611930415
Neb,0.001584054820127776,0.001584054820127776,0.9652252237616759
Fgf7,0.013130301419853121,0.013130301419853121,0.7178025406240909
Fam150b,-0.016396102143332585,0.016396102143332585,0.6517764584735933
Pomt1,-0.12876815703992017,0.12876815703992017,0.0003724448759331849
Rif1,-0.016000693351805675,0.016000693351805675,0.6596395961895615
Ehbp1,0.04618143178940383,0.04618143178940383,0.20347361362831368
Bahcc1,0.013130301419853118,0.013130301419853118,0.7178025406240909
Mmp14,0.04333918600725358,0.04333918600725358,0.23272329984897147
Zfp455,0.017256823079677616,0.017256823079677616,0.634794033414431
Tmem17,0.03447583083167732,0.03447583083167732,0.3425439031171665
Gm13498,0.033121678539896546,0.033121678539896546,0.3618482611930415
Gm13483,-0.06350331087364676,0.06350331087364676,0.08019599154635042
Dtwd1,-0.04489625127907755,0.04489625127907755,0.2163506317540759
Scn7a,-0.04118392931685587,0.04118392931685587,0.25680506803134434
Pck2,-0.049257014864571014,0.049257014864571014,0.1749367793328147
Fkbp10,-0.02923560294009922,0.02923560294009922,0.42092622822408166
Cyb561,-0.01388757949356701,0.01388757949356701,0.7022815690239882
Ispd,-0.026760099767529893,0.026760099767529893,0.46133967488206606
Agpat2,0.01313030141985312,0.01313030141985312,0.7178025406240909
Ttl,-0.019979852756719665,0.019979852756719665,0.5823503706336188
Notch1,0.022619358703189638,0.022619358703189638,0.5335303501637183
Dnajc27,0.013159789112201725,0.013159789112201725,0.7171959389421588
Efr3b,0.04797067842977155,0.04797067842977155,0.18648663367658747
1810034E14Rik,0.06762279832736012,0.06762279832736012,0.06242054441097178
Fgf18,0.013130301419853113,0.013130301419853113,0.7178025406240909
Rapgefl1,-0.06350331087364677,0.06350331087364677,0.08019599154635042
Mipep,-0.06507782976197847,0.06507782976197847,0.07296973906849179
Inpp5e,-0.045840674763303765,0.045840674763303765,0.20683232187119682
Pomc,-0.006532246784336228,0.006532246784336228,0.857319693142275
Sdccag3,-0.01668599232887255,0.01668599232887255,0.6460360635273052
Ace,0.012290973149565121,0.012290973149565121,0.7351417941684796
Fam69b,0.01313030141985312,0.01313030141985312,0.7178025406240909
Snapc4,0.05186500189823134,0.05186500189823134,0.15316886540272381
Cdc6,0.026966589326865006,0.026966589326865006,0.4578880801507354
1700108M19Rik,0.013130301419853113,0.013130301419853113,0.7178025406240909
Ubtd2,-0.12670694269821897,0.12670694269821897,0.00046274880545224946
Efcab9,0.013130301419853118,0.013130301419853118,0.7178025406240909
Adcy3,-0.042141340419665496,0.042141340419665496,0.2459023293758674
Vav2,0.013130301419853111,0.013130301419853111,0.7178025406240909
Slc2a6,0.046733848547789704,0.046733848547789704,0.19811315073867886
Stk10,-0.05840767448072213,0.05840767448072213,0.10763562356246362
Phf11,0.03224828722246171,0.03224828722246171,0.3746529058354966
Hdac9,-0.06357486660331466,0.06357486660331466,0.07985544867659246
Ddx4,0.033121678539896525,0.033121678539896525,0.3618482611930415
A730011L01Rik,-0.0675352434384478,0.0675352434384478,0.06276132394718269
Cdk20,0.0535344103462884,0.0535344103462884,0.14035507110764553
Il6st,0.03779510113443196,0.03779510113443196,0.2980631673083352
9130015A21Rik,0.013130301419853121,0.013130301419853121,0.7178025406240909
Bzw2,0.028353342838425118,0.028353342838425118,0.4350860001779471
Gm6907,-0.02487296676902106,0.02487296676902106,0.49354735604320576
Sostdc1,0.013130301419853118,0.013130301419853118,0.7178025406240909
Fgf9,0.034574242825748155,0.034574242825748155,0.3411670625801189
Meox2,-0.034062848010863296,0.034062848010863296,0.3483603596848486
Polr1b,0.01855202593888816,0.01855202593888816,0.6095988336908322
Gm12359,0.034329636061808465,0.034329636061808465,0.34459578798709123
C8g,0.03272665483982446,0.03272665483982446,0.36760537102752033
Gm2027,0.04687201465684823,0.04687201465684823,0.19678869762478687
Abca2,-0.05430265709941586,0.05430265709941586,0.13474213848795383
Fam124a,0.0185319195692755,0.0185319195692755,0.6099865510562101
2010317E24Rik,-0.021497224458766288,0.021497224458766288,0.5540310762581069
Wdfy2,0.026271331046782524,0.026271331046782524,0.4695672572826477
Ptch1,0.013130301419853115,0.013130301419853115,0.7178025406240909
Ctsb,0.06849702936323018,0.06849702936323018,0.05910092781411709
Man1b1,0.05294092214337472,0.05294092214337472,0.14481274924323434
Stxbp6,0.021845137458168507,0.021845137458168507,0.5476339454505406
AA543186,0.013130301419853115,0.013130301419853115,0.7178025406240909
Fancc,-0.00046201514420246407,0.00046201514420246407,0.9898544415278148
Tprn,0.0447025975332333,0.0447025975332333,0.21834062982272606
Wwc1,0.03272665483982446,0.03272665483982446,0.36760537102752033
Gm10485,0.03312167853989653,0.03312167853989653,0.3618482611930415
Gpsm1,-0.08554193346892953,0.08554193346892953,0.01834049150748008
Kcnrg,0.03272665483982446,0.03272665483982446,0.36760537102752033
Tbc1d16,-0.021731184549405404,0.021731184549405404,0.5497251955093069
Qsox2,-0.013978889233607888,0.013978889233607888,0.7004183002999372
Nacc2,0.05342267605683955,0.05342267605683955,0.14118615682489263
Tnfrsf19,0.01666254231700675,0.01666254231700675,0.6464996445191348
Agmo,0.013130301419853118,0.013130301419853118,0.7178025406240909
Sacs,0.03432963606180845,0.03432963606180845,0.34459578798709123
Etv1,0.07133704542400612,0.07133704542400612,0.049310777174348716
Camsap1,0.06392093714418152,0.06392093714418152,0.07822497344552877
Lcp2,0.02332524119267228,0.02332524119267228,0.5208332799297961
Mtfp1,0.007950902616963112,0.007950902616963112,0.8267794131530285
Tmem141,-0.0019300911106210998,0.0019300911106210998,0.9576351740952893
Pes1,-0.08543168307373852,0.08543168307373852,0.018491813681993305
Ckap2l,0.04909722342897797,0.04909722342897797,0.1763418352756804
Rad51,0.057436703824233104,0.057436703824233104,0.1136220386682311
Il1a,0.025680834955776215,0.025680834955776215,0.479614303402535
Trim13,0.060026050877779374,0.060026050877779374,0.09821461072471328
Zfp367,0.024759005825555486,0.024759005825555486,0.4955300651931991
Rxra,-0.07065023964104265,0.07065023964104265,0.051544310643933805
Col5a1,-0.16666760695232952,0.16666760695232952,3.846777239699346e-06
Olfm1,-0.10820312736831773,0.10820312736831773,0.0028189764192244364
Dhx29,0.02743313475159427,0.02743313475159427,0.45014300311586236
Bub1,0.032726654839824454,0.032726654839824454,0.36760537102752033
4933406C10Rik,0.03312167853989653,0.03312167853989653,0.3618482611930415
Krt19,0.013130301419853118,0.013130301419853118,0.7178025406240909
Ptges,-0.02430501565605397,0.02430501565605397,0.5034706027313495
Acoxl,0.01313030141985312,0.01313030141985312,0.7178025406240909
Prrx2,-0.0178804324184505,0.0178804324184505,0.6226080093983909
Skiv2l2,0.021764902940933584,0.021764902940933584,0.5491059906442378
Ltb4r1,0.013130301419853115,0.013130301419853115,0.7178025406240909
Adcy4,-0.02226582451299825,0.02226582451299825,0.5399477165416748
Krt15,0.013130301419853113,0.013130301419853113,0.7178025406240909
Nfatc4,-0.0544785765754729,0.0544785765754729,0.13348154421894887
Chac2,0.059689826411938596,0.059689826411938596,0.1001157522160955
Atxn7l1,-0.012740140463278291,0.012740140463278291,0.7258452674965687
Dolpp1,0.039937534418820565,0.039937534418820565,0.27149408723344864
D330023K18Rik,-0.022920491388132857,0.022920491388132857,0.5280946833679686
Fam73b,0.045387972272219586,0.045387972272219586,0.2113563049266423
Ncs1,-0.0014585549439404212,0.0014585549439404212,0.9679787839557563
Nphp1,-0.0395390895167024,0.0395390895167024,0.2763086787081647
Fitm1,-0.024155394316186768,0.024155394316186768,0.5061021776924276
Ppapdc3,0.013130301419853113,0.013130301419853113,0.7178025406240909
Fam158a,0.014878631085162531,0.014878631085162531,0.6821558335670501
Leprel4,-0.0178614286138026,0.0178614286138026,0.6229778671656608
Rnf31,0.04734260560277759,0.04734260560277759,0.19232620351014906
Ipo4,0.02221976721146171,0.02221976721146171,0.5407865800834727
Tssk4,0.033121678539896546,0.033121678539896546,0.3618482611930415
Aif1l,-0.038587928716394514,0.038587928716394514,0.28803575235835616
Fibcd1,0.03432963606180846,0.03432963606180846,0.34459578798709123
Qrfp,-0.000524038026925496,0.000524038026925496,0.988492547177059
Ccno,-0.058794938063301966,0.058794938063301966,0.1053186783328248
Tanc2,-0.02946015707383738,0.02946015707383738,0.4173658366069693
Jup,0.03945448712071578,0.03945448712071578,0.27733840069486004
Abl1,-0.022268354735631667,0.022268354735631667,0.5399016512330707
Aatk,0.013130301419853118,0.013130301419853118,0.7178025406240909
Hap1,0.033121678539896525,0.033121678539896525,0.3618482611930415
Nynrin,0.022658171667846227,0.022658171667846227,0.5328281665055313
Cma1,-0.0635033108736468,0.0635033108736468,0.08019599154635042
Phyhd1,0.008330214518492161,0.008330214518492161,0.81865584594074
Slc38a9,-0.018126037831636604,0.018126037831636604,0.6178365407033948
Fbln7,0.03284585053620274,0.03284585053620274,0.36586223367735204
Zfp369,0.045886900029460505,0.045886900029460505,0.20637435741198093
Il17d,0.01856568707664869,0.01856568707664869,0.6093354641196528
6530402F18Rik,0.04667546047723898,0.04667546047723898,0.19867480745046484
Hba-a1,0.02631265562188349,0.02631265562188349,0.4688685108941922
Lats2,0.04464122305691661,0.04464122305691661,0.218974048674806
F630043A04Rik,0.046137762325782664,0.046137762325782664,0.20390181886509343
Ak8,0.054489338629903794,0.054489338629903794,0.13340472271439716
Tns4,0.013130301419853113,0.013130301419853113,0.7178025406240909
Tsc1,0.018106884310829456,0.018106884310829456,0.6182080689059446
Gtf3c5,-0.0011404444987076112,0.0011404444987076112,0.9749599947503113
Sh3pxd2b,0.04832524237108938,0.04832524237108938,0.1832483282463184
Mrps2,0.048666390655262744,0.048666390655262744,0.18017198637059503
Zc3h8,-0.008770687179068662,0.008770687179068662,0.8092468035780934
Krt222,0.0659703105215757,0.0659703105215757,0.0691156819112723
Mertk,-0.08986646357438077,0.08986646357438077,0.013197834056651052
Gm16973,0.002526186388609494,0.002526186388609494,0.9445696372644796
Slc27a4,0.0028778731294862693,0.0028778731294862693,0.9368679268551181
Gm5801,0.022772372094156466,0.022772372094156466,0.5307648226518682
1700084E18Rik,0.004173300307634068,0.004173300307634068,0.9085552347437035
Ccbl1,-0.026780584129110437,0.026780584129110437,0.46099661981047907
D2Wsu81e,0.037302746953158064,0.037302746953158064,0.30440607705559397
Tbc1d13,0.0013384484145035323,0.0013384484145035323,0.9706143674324909
Ccdc157,-0.013578992707365758,0.013578992707365758,0.7085917671804222
Twist1,-0.089557404644469,0.089557404644469,0.01351780438850962
Mall,0.03241907267714,0.03241907267714,0.37212730250798476
Cpeb4,0.009440655607667919,0.009440655607667919,0.7949884910596585
Gm14005,0.0440696699245269,0.0440696699245269,0.2249361074857634
Rnf215,-0.031135104532637837,0.031135104532637837,0.3913727126676181
Nsg2,0.0017490533366308362,0.0017490533366308362,0.9616056690386718
Gzmb,0.01844391504265575,0.01844391504265575,0.6116848543063158
Cenpj,0.006646088653236989,0.006646088653236989,0.8548604265069901
Gm10767,0.051512229170348756,0.051512229170348756,0.15598688472389108
Cercam,-0.08986428818022761,0.08986428818022761,0.01320006269398838
Pkn3,0.006067609994077538,0.006067609994077538,0.8673710926197598
Fam167a,-0.05249483920918634,0.05249483920918634,0.1482339323018681
Rnase12,-0.012080100661131844,0.012080100661131844,0.739519764673029
Zfp738,0.040678901396732185,0.040678901396732185,0.26268918140444486
B230118H07Rik,-0.06350331087364679,0.06350331087364679,0.08019599154635042
Itih4,-0.03564258427578985,0.03564258427578985,0.32644841882828163
Itih3,0.03312167853989655,0.03312167853989655,0.3618482611930415
Nek4,-0.050472856944147236,0.050472856944147236,0.16451782652990893
Ttc17,0.03281850347162745,0.03281850347162745,0.3662617058651425
Ganc,0.007650142670484814,0.007650142670484814,0.8332338879155937
Nkiras1,-0.0334906889312203,0.0334906889312203,0.3565215154498987
Accs,0.04588690002946051,0.04588690002946051,0.20637435741198093
Slc12a7,0.020281064531035096,0.020281064531035096,0.5766753917969629
Hus1,-0.0039962316169525475,0.0039962316169525475,0.9124192038076026
Tspan18,0.013130301419853118,0.013130301419853118,0.7178025406240909
Mir682,-0.021530473115176283,0.021530473115176283,0.5534181536432469
Gm11992,0.033121678539896546,0.033121678539896546,0.3618482611930415
Nefh,0.05635916053902592,0.05635916053902592,0.1205685853187368
Glt8d1,0.04041867762999504,0.04041867762999504,0.26575706187519554
Hs1bp3,0.004303601805676882,0.004303601805676882,0.9057131863155904
Cntd1,-0.03564258427578986,0.03564258427578986,0.32644841882828163
Traf6,0.018927959403121877,0.018927959403121877,0.6023698242576568
Prr5l,0.02271701663304635,0.02271701663304635,0.5317644652403422
Abtb2,0.017131822282607432,0.017131822282607432,0.6372487584310513
Il17rb,0.01391992042335181,0.01391992042335181,0.7016214142948994
Apip,0.08295108596260528,0.08295108596260528,0.02219687035189589
Mycn,-0.03484109957480219,0.03484109957480219,0.3374514064728312
Cast,0.07305005124897675,0.07305005124897675,0.044090810859152625
Cacna1d,-0.031052306517220088,0.031052306517220088,0.3926341289193291
Pla2g4f,0.013130301419853113,0.013130301419853113,0.7178025406240909
Ramp3,0.03255848831378649,0.03255848831378649,0.3700734297065313
Nkd2,0.03350988142956427,0.03350988142956427,0.3562458235132849
Nbas,0.03714696842308663,0.03714696842308663,0.30643143516312793
Pamr1,-0.06194980799668934,0.06194980799668934,0.08788401184820219
Trim44,0.08187524387710253,0.08187524387710253,0.02399432038851256
Ldlrad3,0.002034516423854182,0.002034516423854182,0.9553454034700524
Rft1,0.008220322338562385,0.008220322338562385,0.8210074042905101
Sfmbt1,0.057019544755370535,0.057019544755370535,0.11627303972351952
Tmem87a,0.06255420340302147,0.06255420340302147,0.08482527380442864
Nat10,0.012586097581322616,0.012586097581322616,0.729029071514108
D930015M05Rik,0.033121678539896546,0.033121678539896546,0.3618482611930415
Mapk8ip1,-0.02488380613544649,0.02488380613544649,0.49335899217845913
Lrrc3b,0.01313030141985312,0.01313030141985312,0.7178025406240909
Phf7,0.008111658692571954,0.008111658692571954,0.8233342533592125
Pacsin3,0.02171027680025857,0.02171027680025857,0.5501093180521347
Dnahc1,-0.08986646357438077,0.08986646357438077,0.013197834056651052
Nr1h3,0.050671248285853315,0.050671248285853315,0.16286295676047588
Nipsnap1,0.03200614175147118,0.03200614175147118,0.3782518709026507
Capn7,0.050499232840807914,0.050499232840807914,0.16429708788667077
Ramp2,-0.09331626290602407,0.09331626290602407,0.010054893332174753
Zpbp,-0.023282260910546665,0.023282260910546665,0.5216019237477633
Fignl1,-0.007737688190362955,0.007737688190362955,0.8313539344507772
Slc39a13,-0.02075258697357439,0.02075258697357439,0.5678443031869049
Zscan29,0.0439380779123613,0.0439380779123613,0.22632502599681026
Colq,-0.02153047311517627,0.02153047311517627,0.5534181536432469
E2f6,-0.003535832488556587,0.003535832488556587,0.9224754224446282
Hacl1,0.0750673800354055,0.0750673800354055,0.03854811314348892
Tnnc1,0.013130301419853118,0.013130301419853118,0.7178025406240909
Cry2,0.00610930737849996,0.00610930737849996,0.8664681613757885
Oxsm,0.04732953351903266,0.04732953351903266,0.1924491517208169
1110051M20Rik,0.037013959277795154,0.037013959277795154,0.30816779406738176
Pex16,-0.016028571640636938,0.016028571640636938,0.6590839614119554
Lpin1,-0.03369495825069791,0.03369495825069791,0.3535941615916186
Gyltl1b,0.03272665483982447,0.03272665483982447,0.36760537102752033
Lpcat1,0.05635916053902591,0.05635916053902591,0.1205685853187368
Creb3l1,0.017095434499588693,0.017095434499588693,0.6379640785289583
Upp1,-0.01986517950422824,0.01986517950422824,0.5845176903750774
Mdk,-0.06100139752486186,0.06100139752486186,0.0928620849747526
Ambra1,-0.02319429304773846,0.02319429304773846,0.5231769231561293
Nt5dc2,0.013130301419853121,0.013130301419853121,0.7178025406240909
Stab1,-0.04081788383931215,0.04081788383931215,0.26106069947453686
Zfp408,0.021517965537985705,0.021517965537985705,0.5536486857617772
Thrb,0.033121678539896525,0.033121678539896525,0.3618482611930415
F2,0.026312655621883528,0.026312655621883528,0.4688685108941922
Ttbk2,0.06846387526620344,0.06846387526620344,0.059224097014114234
Lrp4,0.029404742509374197,0.029404742509374197,0.41824280531870356
AV039307,0.01858129502280077,0.01858129502280077,0.6090346243526004
Wnt5a,0.013130301419853115,0.013130301419853115,0.7178025406240909
Gen1,0.032726654839824454,0.032726654839824454,0.36760537102752033
Kcns3,-0.06350331087364679,0.06350331087364679,0.08019599154635042
Camk2g,-0.017243647134906236,0.017243647134906236,0.6350525900833371
Plau,0.058717843705029714,0.058717843705029714,0.10577674679404969
Spred1,0.040223050920763864,0.040223050920763864,0.26807953326463646
Meis2,0.013130301419853116,0.013130301419853116,0.7178025406240909
Fam149b,0.0028872314030375635,0.0028872314030375635,0.9366630640543884
Myst4,0.0018544563637673433,0.0018544563637673433,0.959293862796798
Cep72,-0.023282260910546665,0.023282260910546665,0.5216019237477633
Kcnk5,0.0574448988405183,0.0574448988405183,0.1135704400851032
Dll4,0.01712899987828386,0.01712899987828386,0.6373042299042947
Ino80,0.021948126996030194,0.021948126996030194,0.5457472777464664
Scg5,0.013130301419853115,0.013130301419853115,0.7178025406240909
Comtd1,0.015400662707388647,0.015400662707388647,0.6716436448850023
Aven,0.03276368682229961,0.03276368682229961,0.3670632572354991
Zfp503,-0.029504972944941504,0.029504972944941504,0.4166573903618938
Polm,-0.026042911666140936,0.026042911666140936,0.47343988608601834
Znrf3,0.06535304181489773,0.06535304181489773,0.0717629900689845
2410042D21Rik,0.02170650932819025,0.02170650932819025,0.5501785490452263
Eif2ak4,0.003266251528489391,0.003266251528489391,0.9283695666251617
Fut11,0.05083884160831607,0.05083884160831607,0.1614747763325659
Rprml,0.013130301419853116,0.013130301419853116,0.7178025406240909
Sdha,0.037121595059135655,0.037121595059135655,0.30676216962522196
Casc5,-0.006429186202602258,0.006429186202602258,0.859547250644409
Rpusd2,0.03001520074905504,0.03001520074905504,0.40864177981089883
Gm14137,0.05116963435530035,0.05116963435530035,0.15876100868133794
Spint1,0.03272665483982446,0.03272665483982446,0.36760537102752033
Rhov,0.013130301419853111,0.013130301419853111,0.7178025406240909
Vps18,-0.0052929641045002945,0.0052929641045002945,0.8841757520442711
Chst14,0.013130301419853115,0.013130301419853115,0.7178025406240909
1810062O18Rik,-0.0215304731151763,0.0215304731151763,0.5534181536432469
D2Ertd750e,0.013221623497326087,0.013221623497326087,0.7159245003448467
Usp54,-0.045610230341928,0.045610230341928,0.20912637396935768
Plcb2,0.014926934795702009,0.014926934795702009,0.6811805108683143
Sec24c,0.020174400418091005,0.020174400418091005,0.5786820187813946
Bub1b,-0.012500073753442196,0.012500073753442196,0.7308090732273478
Gm14207,-0.002968402719680167,0.002968402719680167,0.9348863125334992
Tmem85,0.07127649968778653,0.07127649968778653,0.04950436223930971
1700112E06Rik,0.03772967559642868,0.03772967559642868,0.298900918610283
Kcnma1,0.018580732480062864,0.018580732480062864,0.609045466095668
Wdr35,-0.06350331087364677,0.06350331087364677,0.08019599154635042
Osr1,-0.013205715967818733,0.013205715967818733,0.7162515160190338
Immp1l,0.04239382252883782,0.04239382252883782,0.24308190582924563
Ltk,-0.04938488561261563,0.04938488561261563,0.17381842390125496
Plekhm1,-0.03184330536774865,0.03184330536774865,0.38068398641165335
Nid2,9.702254696535926e-05,9.702254696535926e-05,0.997869391852268
Prrg4,0.01430719408481171,0.01430719408481171,0.6937338250326588
Tcp11l1,0.01313030141985312,0.01313030141985312,0.7178025406240909
Ube2e2,-0.0016247679052586177,0.0016247679052586177,0.9643320358456435
Il17rd,0.005512443768030098,0.005512443768030098,0.879408883218239
Mapkbp1,-0.04246682686865717,0.04246682686865717,0.24227063618348627
Pla2g4b,0.022772372094156494,0.022772372094156494,0.5307648226518682
Lrrc14b,0.013130301419853118,0.013130301419853118,0.7178025406240909
Trip13,-0.014132278630287515,0.014132278630287515,0.6972922837262601
Cd59a,0.05293276043977084,0.05293276043977084,0.14487479757345656
Ykt6,-0.008193173809019582,0.008193173809019582,0.8215885979138692
Aoc2,-0.022057372351798547,0.022057372351798547,0.5437495322680915
Mpped2,0.013130301419853113,0.013130301419853113,0.7178025406240909
Itpka,0.013130301419853118,0.013130301419853118,0.7178025406240909
Polr3a,0.04961329132684086,0.04961329132684086,0.17183407018137095
Rhbdd3,0.03175537620089578,0.03175537620089578,0.3820012683781944
4931406H21Rik,-0.021497224458766277,0.021497224458766277,0.5540310762581069
Oip5,-0.03928659879266207,0.03928659879266207,0.2793895389548135
Zcchc24,0.0600228721733719,0.0600228721733719,0.09823244861875728
Fibin,-0.0104457694985807,0.0104457694985807,0.7737265604588608
Plac9,0.09501561019866292,0.09501561019866292,0.008766710735789569
Ccr10,0.03272665483982446,0.03272665483982446,0.36760537102752033
Lgr4,0.034133658328219914,0.034133658328219914,0.34735864111413517
Ppp1r27,0.04687201465684815,0.04687201465684815,0.19678869762478687
Aoc3,0.03346822745268256,0.03346822745268256,0.3568443352433162
Ndufaf1,-0.0799659128360789,0.0799659128360789,0.027495485460563775
Bdnf,-0.045114110826507896,0.045114110826507896,0.2141275066190015
Kif18a,0.05983014752522105,0.05983014752522105,0.09931879258432146
Mettl15,0.042862641418770234,0.042862641418770234,0.2379051907493129
Rtf1,0.03446556714780594,0.03446556714780594,0.3426877018592633
Tppp,0.038344411166997466,0.038344411166997466,0.29109122412622296
Xirp2,0.03272665483982446,0.03272665483982446,0.36760537102752033
Grb10,-0.05550806401078162,0.05550806401078162,0.1262863000682912
Cobl,0.018571742928811693,0.018571742928811693,0.6092187310559958
Stat5a,0.0077655062079137385,0.0077655062079137385,0.8307567710617364
4930441O14Rik,0.03312167853989652,0.03312167853989652,0.3618482611930415
A830093I24Rik,0.013130301419853113,0.013130301419853113,0.7178025406240909
Slc28a2,0.03314112986463488,0.03314112986463488,0.3615662403430497
Wdhd1,0.0411608392075278,0.0411608392075278,0.25707208406571025
Zfp71-rs1,-0.032773897624880345,0.032773897624880345,0.36691386808549836
Socs4,0.06713577047407698,0.06713577047407698,0.0643356822640758
Ghdc,-0.06461725009735886,0.06461725009735886,0.07502632483891909
Bambi-ps1,-0.052515217461142315,0.052515217461142315,0.1480763122039137
Mctp1,0.013130301419853113,0.013130301419853113,0.7178025406240909
Grhl1,0.033121678539896546,0.033121678539896546,0.3618482611930415
B230120H23Rik,0.05802816545543033,0.05802816545543033,0.1099450735092025
Kcnh4,-0.0005240380269254856,0.0005240380269254856,0.988492547177059
Itga6,0.06525355924166228,0.06525355924166228,0.07219730406428251
Spata5l1,-0.03564258427578982,0.03564258427578982,0.32644841882828163
Samd4,-0.010081385309187365,0.010081385309187365,0.7814160097580019
Dnase1l3,0.04424929055735285,0.04424929055735285,0.22305008417838912
Scrn3,0.041417593947078994,0.041417593947078994,0.25411375958624705
Cgrrf1,0.031075016505185522,0.031075016505185522,0.3922879008400184
Sord,-0.018360186404966238,0.018360186404966238,0.6133025783676821
Adam17,0.03274343316876786,0.03274343316876786,0.3673596902509453
Gpr137c,-0.06350331087364681,0.06350331087364681,0.08019599154634913
1700052K11Rik,-0.034797316614594384,0.034797316614594384,0.338059244592387
Hoxd4,0.013130301419853118,0.013130301419853118,0.7178025406240909
Zfp273,-0.035642584275789854,0.035642584275789854,0.32644841882828163
9030624G23Rik,0.04687201465684815,0.04687201465684815,0.19678869762478687
Duoxa1,0.013130301419853121,0.013130301419853121,0.7178025406240909
Bmp4,-0.05206778153758271,0.05206778153758271,0.1515666065174048
2310003H01Rik,-0.0036651025008496018,0.0036651025008496018,0.9196505368227436
Cdkn3,-0.003577666411903992,0.003577666411903992,0.9215611339717918
Zfp493,0.013130301419853111,0.013130301419853111,0.7178025406240909
Zfp85-rs1,-0.0759638822436153,0.0759638822436153,0.03628148312304269
Shf,0.010194122042537088,0.010194122042537088,0.7790346548933238
Chrna1,0.018579621889013763,0.018579621889013763,0.6090668704860117
Gpr155,-0.06631279818611126,0.06631279818611126,0.06768171706683634
Trim69,0.033121678539896525,0.033121678539896525,0.3618482611930415
Mpp3,0.013130301419853116,0.013130301419853116,0.7178025406240909
Cybrd1,-0.0635033108736468,0.0635033108736468,0.08019599154635042
4930578N16Rik,0.05763586489788413,0.05763586489788413,0.11237326132188398
1700110I01Rik,0.033121678539896525,0.033121678539896525,0.3618482611930415
Colec11,-0.08985812055106412,0.08985812055106412,0.013206383082591597
Ppig,0.019742865901674126,0.019742865901674126,0.5868335310232291
Fastkd1,0.02277237209415647,0.02277237209415647,0.5307648226518682
Dhx58,-0.034845374176295234,0.034845374176295234,0.3373920998329118
Gm2897,-0.03564258427578984,0.03564258427578984,0.32644841882828163
Kbtbd10,0.03632815726093099,0.03632815726093099,0.31722345987365
Sqrdl,0.0440690781260936,0.0440690781260936,0.22494234012620198
Bbs5,0.03575481059530148,0.03575481059530148,0.32492652805107525
Spc25,-0.043755569340454874,0.043755569340454874,0.22826144768434076
Nostrin,0.013130301419853113,0.013130301419853113,0.7178025406240909
Lass6,0.06555969613318305,0.06555969613318305,0.07086762025435907
Pnp2,-0.06300861270760409,0.06300861270760409,0.08258265646756725
Stk39,0.022562417920378438,0.022562417920378438,0.5345613366910387
Phospho2,0.03172683174452279,0.03172683174452279,0.38242949697865225
Slc1a4,0.033886127866568215,0.033886127866568215,0.35086831550399555
Hspb9,-0.0635033108736469,0.0635033108736469,0.08019599154634913
Klhl23,0.013130301419853113,0.013130301419853113,0.7178025406240909
Cys1,-0.01367047800731579,0.01367047800731579,0.7067189058619223
Dlgap5,-0.06583331832450917,0.06583331832450917,0.06969618666381826
Mettl8,-0.014590120793928336,0.014590120793928336,0.687992269976937
AA467197,-0.005926365312094803,0.005926365312094803,0.8704309361181353
Atg14,-0.009560031039184127,0.009560031039184127,0.7924549454822405
Gm10406,0.007950902616963108,0.007950902616963108,0.8267794131530285
Peli2,0.034944971393652734,0.034944971393652734,0.33601216185051247
Rrm2,0.04367439979329171,0.04367439979329171,0.22912643229231572
Mboat2,0.04602830673537825,0.04602830673537825,0.2049779718004991
Id2,0.09547088897347933,0.09547088897347933,0.00844758676660376
6720456H20Rik,-0.0896759140487544,0.0896759140487544,0.013394311195269085
Naa30,0.024761426775726746,0.024761426775726746,0.49548790106850027
Rsad2,0.039322605159019156,0.039322605159019156,0.27894877441248483
Cmpk2,-0.03945849439894963,0.03945849439894963,0.27728956808626565
Rpph1,0.017509891616985275,0.017509891616985275,0.6298366289212799
Parp2,-0.028402961050021283,0.028402961050021283,0.4342824456737191
Txndc16,0.03375589686077766,0.03375589686077766,0.35272380422494415
1810049H13Rik,-0.04760546249262457,0.04760546249262457,0.1898661460116109
Lif,0.006162238495383014,0.006162238495383014,0.8653222211649059
Mtap1a,0.025670884570587922,0.025670884570587922,0.47978460197309214
Ppip5k1,-0.008555923271773774,0.008555923271773774,0.8138310794065114
Catsper2,-0.07364885783172814,0.07364885783172814,0.04237950881512861
2410004P03Rik,-0.03564258427578984,0.03564258427578984,0.32644841882828163
Arhgap22,-0.00918973094913157,0.00918973094913157,0.8003209611895153
Cadps,0.03312167853989653,0.03312167853989653,0.3618482611930415
Klhl29,0.033121678539896525,0.033121678539896525,0.3618482611930415
Tfpi,-0.09859999745406971,0.09859999745406971,0.006520858686380648
Calcrl,0.016349650024748894,0.016349650024748894,0.6526982306497936
Anxa8,0.013130301419853116,0.013130301419853116,0.7178025406240909
Gm3833,-0.02149722445876628,0.02149722445876628,0.5540310762581069
Fam171b,0.03312167853989653,0.03312167853989653,0.3618482611930415
Itgav,-0.006389119654321917,0.006389119654321917,0.8604135536501739
Fam35a,-0.01178260008805699,0.01178260008805699,0.7457105632282353
Serinc4,0.013130301419853115,0.013130301419853115,0.7178025406240909
Zdhhc5,-0.011152365013296545,0.011152365013296545,0.7588791657088172
Rhobtb3,0.013130301419853111,0.013130301419853111,0.7178025406240909
3425401B19Rik,0.013130301419853113,0.013130301419853113,0.7178025406240909
Trp53bp1,0.04913174751481025,0.04913174751481025,0.17603755407239227
Galntl2,0.03312167853989654,0.03312167853989654,0.3618482611930415
C1qtnf4,0.05841877749380067,0.05841877749380067,0.1075686394188331
Mapt,-0.001664515328156869,0.001664515328156869,0.963460076284176
Egfr,-0.03771049215366714,0.03771049215366714,0.299146853031454
Fbxo48,0.018581295022800766,0.018581295022800766,0.6090346243526004
Plekhh3,0.0334246347770868,0.0334246347770868,0.3574713800932508
Aplnr,-0.0635033108736468,0.0635033108736468,0.08019599154635042
Tnks1bp1,0.05501170534529735,0.05501170534529735,0.12971687100497659
Ncoa4,-0.0015540560899626676,0.0015540560899626676,0.96588338170438
Prg3,0.013130301419853118,0.013130301419853118,0.7178025406240909
Prg2,0.12423627611873644,0.12423627611873644,0.0005977632052267064
Slc43a1,-0.006500090810434104,0.006500090810434104,0.8580145934181063
Timm10,0.03760018280640778,0.03760018280640778,0.30056364927372625
Tubg2,0.013130301419853115,0.013130301419853115,0.7178025406240909
Smtnl1,0.013130301419853118,0.013130301419853118,0.7178025406240909
Ercc6,0.022331598090140757,0.022331598090140757,0.5387508789754021
Srd5a1,0.033121678539896525,0.033121678539896525,0.3618482611930415
Sncg,0.03373715170190863,0.03373715170190863,0.3529913882946901
Mfap1b,0.08090496363825862,0.08090496363825862,0.025722098058656193
Kctd6,0.0022409651980159866,0.0022409651980159866,0.9508196286973274
Sestd1,-0.06645614517227558,0.06645614517227558,0.06708883150610576
Ccdc141,-0.08986646357438074,0.08986646357438074,0.013197834056651266
2610528A11Rik,0.03312167853989653,0.03312167853989653,0.3618482611930415
Ttc37,0.06777414610340324,0.06777414610340324,0.0618350742723221
Ttn,-0.03564258427578982,0.03564258427578982,0.32644841882828163
Gm6682,0.018581295022800766,0.018581295022800766,0.6090346243526004
Spred2,0.060972293612507,0.060972293612507,0.09301834799887461
Prkra,-0.026961665680951513,0.026961665680951513,0.4579702131277667
Rbm45,-0.020222670701042025,0.020222670701042025,0.5777735247107474
Pde11a,0.033121678539896546,0.033121678539896546,0.3618482611930415
Ttc30a1,0.013130301419853121,0.013130301419853121,0.7178025406240909
Ttc30b,0.018581295022800766,0.018581295022800766,0.6090346243526004
Gm9781,0.09689777317674969,0.09689777317674969,0.007513523343302838
Ptger2,-0.050924933739939005,0.050924933739939005,0.160765148661679
Cwc22,0.03421970019199854,0.03421970019199854,0.34614391338337086
Meis1,0.031219312871252437,0.031219312871252437,0.3900923318902142
Fam107a,-0.016827772688806836,0.016827772688806836,0.6432361482873414
Fastkd3,-0.06077243350261942,0.06077243350261942,0.09409712248441696
Mfap1a,0.0781895011556928,0.0781895011556928,0.031139287497909632
5730507C01Rik,0.03312167853989654,0.03312167853989654,0.3618482611930415
Ldb3,0.03272665483982446,0.03272665483982446,0.36760537102752033
Gpr150,0.033121678539896525,0.033121678539896525,0.3618482611930415
Arsk,0.021847589476887922,0.021847589476887922,0.5475889894847163
1700030C10Rik,0.03312167853989654,0.03312167853989654,0.3618482611930415
Dusp19,0.070058510341875,0.070058510341875,0.05353583068441123
Meox1,0.03263006936869742,0.03263006936869742,0.369021632951909
Nckap1,-0.030377578404518643,0.030377578404518643,0.403004932388895
Frmd5,0.013130301419853115,0.013130301419853115,0.7178025406240909
Frzb,0.018581295022800766,0.018581295022800766,0.6090346243526004
Casc4,0.028914836233682045,0.028914836233682045,0.42604284667290354
Adcy2,-0.0705784991091471,0.0705784991091471,0.05178241445743308
Pde1a,0.033121678539896525,0.033121678539896525,0.3618482611930415
Ssfa2,-0.03980226616095433,0.03980226616095433,0.2731221242396765
Cerkl,0.03432963606180847,0.03432963606180847,0.34459578798709123
Psmc3ip,-0.01215906316381498,0.01215906316381498,0.7378794110686895
Nova1,-0.03562660120692567,0.03562660120692567,0.3266655392049914
Nr2f1,0.013130301419853116,0.013130301419853116,0.7178025406240909
Sox7,0.023949221696983665,0.023949221696983665,0.5097401878672594
Tctn3,0.019141007461943308,0.019141007461943308,0.5982902061228254
Aldh18a1,0.004656245148824951,0.004656245148824951,0.8980277116014548
A2ld1,-0.002073670024291768,0.002073670024291768,0.9544869624628333
6330439K17Rik,0.03312167853989655,0.03312167853989655,0.3618482611930415
Enc1,0.02957024130608997,0.02957024130608997,0.4156268998607701
Tmtc4,0.004536978334481166,0.004536978334481166,0.9006259693922231
Itgbl1,-0.04015251836488315,0.04015251836488315,0.26892029599298456
Tbc1d12,-0.03242906553278635,0.03242906553278635,0.3719798534382862
Tmem20,0.005222081018799154,0.005222081018799154,0.885716161532726
Pcgf2,0.013130301419853111,0.013130301419853111,0.7178025406240909
Ghr,-0.010753804707473495,0.010753804707473495,0.7672434277191189
Rbbp9,-0.0360295494786206,0.0360295494786206,0.32122030091460463
BC037032,0.018581295022800776,0.018581295022800776,0.6090346243526004
Rbp4,0.0391045359346199,0.0391045359346199,0.2816254579234716
O3far1,0.03432963606180846,0.03432963606180846,0.34459578798709123
Pcca,0.03173462733998331,0.03173462733998331,0.3823125170377497
Cep55,0.004039727821812386,0.004039727821812386,0.9114698404465841
Entpd1,0.07199239780989201,0.07199239780989201,0.047255664452664874
Clybl,0.06720656041208585,0.06720656041208585,0.06405434460247243
9330151L19Rik,0.005704747274364937,0.005704747274364937,0.875235828517217
Cwc25,0.05361673845022748,0.05361673845022748,0.13974511693098857
Arhgap19,-0.00585463902000597,0.00585463902000597,0.8719855176325365
Lcor,0.0350805070618267,0.0350805070618267,0.33414012205276367
Gm20571,0.007950902616963105,0.007950902616963105,0.8267794131530285
1110031I02Rik,0.09606825709371833,0.09606825709371833,0.008044609428541303
D930048N14Rik,0.018581295022800766,0.018581295022800766,0.6090346243526004
Cd7,0.0267303222116118,0.0267303222116118,0.4618386184149318
Timm8a2,-0.06350331087364679,0.06350331087364679,0.08019599154635042
Dntt,0.032726654839824454,0.032726654839824454,0.36760537102752033
Gjc1,0.02822282840936427,0.02822282840936427,0.437203733149735
Klhdc1,0.0644662792585592,0.0644662792585592,0.07571063298241741
A330035P11Rik,0.021967862972629447,0.021967862972629447,0.5453861016216189
Ccnj,-0.04871403973434025,0.04871403973434025,0.17974537163755686
Rgnef,-0.11008808554642453,0.11008808554642453,0.002372343825261086
Vcan,-0.012930706829947278,0.012930706829947278,0.7219131234064886
Gpr18,0.015376558121036627,0.015376558121036627,0.6721276512753988
Myof,-0.018738985009830032,0.018738985009830032,0.605998891586453
Higd1b,-0.010338295022416072,0.010338295022416072,0.7759922841927708
Slc1a3,0.03312167853989653,0.03312167853989653,0.3618482611930415
Skp2,-0.061232898422313664,0.061232898422313664,0.09162660084757623
Lmbrd2,0.06731116486948159,0.06731116486948159,0.06364047588257554
Hectd2,0.013130301419853115,0.013130301419853115,0.7178025406240909
Capsl,-0.06350331087364683,0.06350331087364683,0.08019599154634913
Prlr,-0.009973209147524304,0.009973209147524304,0.7837029559123186
Xrcc4,0.0387573388482127,0.0387573388482127,0.2859229010969193
Ankrd1,-0.036672628769002076,0.036672628769002076,0.3126533395297893
Tbkbp1,-0.003925790644005191,0.003925790644005191,0.91395693713786
Pank1,0.06396126201321074,0.06396126201321074,0.07803675906012207
Polk,0.0076541075395819905,0.0076541075395819905,0.8331487256094884
2010002M12Rik,-0.03564258427578985,0.03564258427578985,0.32644841882828163
BC039771,0.013130301419853115,0.013130301419853115,0.7178025406240909
I830012O16Rik,0.0367768766865908,0.0367768766865908,0.31127885109574605
Poc5,-0.09209100082256629,0.09209100082256629,0.01108543222422176
Tnks2,0.09681625065504341,0.09681625065504341,0.007564289943316406
Sec23b,0.03461322646326324,0.03461322646326324,0.34062263821479544
2410089E03Rik,0.048800008650165094,0.048800008650165094,0.17897756556990047
Fgfbp3,-0.0076046203802824066,0.0076046203802824066,0.8342118110152202
Kif11,0.0444234779473805,0.0444234779473805,0.22123192260666377
C7,0.0560947028109939,0.0560947028109939,0.12232315191425783
Card6,-0.004816999562564563,0.004816999562564563,0.8945273666648212
Tgfbi,-0.07504842641335106,0.07504842641335106,0.03859730165255803
5830428M24Rik,0.01187086098530898,0.01187086098530898,0.7438721789973585
Dab2,-0.11635820139521144,0.11635820139521144,0.0013116635962837134
Gfm2,0.051266115571126106,0.051266115571126106,0.15797601950755363
Fyb,0.05647183714342585,0.05647183714342585,0.11982702203162575
Arhgap23,0.05734661524741772,0.05734661524741772,0.11419048215666341
Pisd-ps1,0.05236572375289566,0.05236572375289566,0.14923557844609056
Cpeb3,0.05636813211910058,0.05636813211910058,0.12050940923308992
Socs7,0.03577701004115885,0.03577701004115885,0.3246260302044544
Egflam,0.03454364624023409,0.03454364624023409,0.34159474714710497
Gdnf,0.013130301419853118,0.013130301419853118,0.7178025406240909
Gcnt4,-0.06350331087364677,0.06350331087364677,0.08019599154635042
Gpr179,0.013130301419853113,0.013130301419853113,0.7178025406240909
Rrp12,0.03703853751950926,0.03703853751950926,0.3078464507533457
Dock9,0.013697017505958146,0.013697017505958146,0.7061759275246604
Exosc1,-0.05906879020165246,0.05906879020165246,0.10370423229118472
Irg1,0.0226438068184145,0.0226438068184145,0.5330879933738564
Lrr1,0.04736605443628696,0.04736605443628696,0.1921058022126081
Rufy1,-0.06403439085450975,0.06403439085450975,0.07769637256155812
Kazald1,-0.07531140597449426,0.07531140597449426,0.03791955060038259
Cacnb1,0.03744113157553138,0.03744113157553138,0.302614323089235
Lzts2,0.0036922267866611887,0.0036922267866611887,0.9190579279328107
Slc28a3,-0.021497224458766295,0.021497224458766295,0.5540310762581069
Scel,-0.006861075700190372,0.006861075700190372,0.8502200276793784
Hif1an,-0.039860036549939894,0.039860036549939894,0.27242600854850774
Zfp354c,0.02012088356799221,0.02012088356799221,0.5796900407915231
Scd4,-0.0635033108736468,0.0635033108736468,0.08019599154635042
Ednrb,-0.058217009060413535,0.058217009060413535,0.10879105354116908
Grm6,0.013062757143257324,0.013062757143257324,0.7191926864891311
Rnf219,0.05982591688481564,0.05982591688481564,0.09934274659838305
Macrod2,0.01858037335755333,0.01858037335755333,0.6090523874172433
Scfd1,0.10095021510144041,0.10095021510144041,0.0053438083025743235
Flrt3,0.013130301419853118,0.013130301419853118,0.7178025406240909
Naip5,0.059751250557668514,0.059751250557668514,0.0997662671830424
9130011E15Rik,-0.015945744459019705,0.015945744459019705,0.6607353166127561
3010026O09Rik,-0.019396971195804438,0.019396971195804438,0.5934054256052461
Klf12,-0.006969645525252624,0.006969645525252624,0.8478785524410124
Tmem180,0.044295912154077854,0.044295912154077854,0.2225624070912935
2310034G01Rik,0.03432963606180846,0.03432963606180846,0.34459578798709123
Tbc1d4,-0.055956800369758655,0.055956800369758655,0.12324594342001449
Sqstm1,0.06354495802047529,0.06354495802047529,0.07999764450225162
Psd,-0.009973209147524309,0.009973209147524309,0.7837029559123186
Jag1,0.04594191399904255,0.04594191399904255,0.20583027953179597
Btbd3,-0.0635033108736468,0.0635033108736468,0.08019599154635042
Mgat4b,0.056320231713524245,0.056320231713524245,0.12082562084732153
Ltc4s,-0.04257092308082021,0.04257092308082021,0.24111714470588635
Naip6,0.03632815726093099,0.03632815726093099,0.31722345987365
Ism1,0.03155154685672426,0.03155154685672426,0.38506558390654383
Tasp1,0.04333936740217195,0.04333936740217195,0.23272134271836056
Hps6,-0.008623720171360672,0.008623720171360672,0.8123832147776152
Limk2,-0.03598734661918883,0.03598734661918883,0.32178781895158004
Plxdc1,0.013130301419853113,0.013130301419853113,0.7178025406240909
Mccc2,-0.06907358885770087,0.06907358885770087,0.056992694563864105
Spry2,-0.0939899089186772,0.0939899089186772,0.009525367689317207
Mtap1b,-0.0004063738754277643,0.0004063738754277643,0.9910762340442075
Gkap1,-0.03204645318637196,0.03204645318637196,0.37765125942386085
Morn4,-0.006861075700190372,0.006861075700190372,0.8502200276793784
Dzip1,-0.08792161196347291,0.08792161196347291,0.015327851275881101
Uggt2,0.03312167853989654,0.03312167853989654,0.3618482611930415
Snora21,0.03312167853989653,0.03312167853989653,0.3618482611930415
Rap2a,0.06958000683679444,0.06958000683679444,0.055192807817828676
Ankrd2,0.013130301419853111,0.013130301419853111,0.7178025406240909
Farp1,-0.03311771430718128,0.03311771430718128,0.36190575467990876
Adam11,0.033121678539896525,0.033121678539896525,0.3618482611930415
Ubtd1,-0.05616717696767362,0.05616717696767362,0.1218403469719524
Edil3,0.013130301419853118,0.013130301419853118,0.7178025406240909
1700001P01Rik,0.013130301419853116,0.013130301419853116,0.7178025406240909
Fcho2,0.1011587358938986,0.1011587358938986,0.005249243540686164
8430406I07Rik,0.018985611996362086,0.018985611996362086,0.6012646113324206
Marveld1,-0.0352245087565906,0.0352245087565906,0.33215851672477126
Hexdc,-0.036648305820624436,0.036648305820624436,0.3129746060119208
Gm11944,-0.08986646357438076,0.08986646357438076,0.013197834056651266
Agxt2l2,0.012649420925063166,0.012649420925063166,0.7277197176034418
Zfp2,-0.012080100661131833,0.012080100661131833,0.739519764673029
Slitrk5,-0.06350331087364677,0.06350331087364677,0.08019599154635042
Erlin1,0.07708976566575328,0.07708976566575328,0.033596385460027724
Cpn1,0.022772372094156498,0.022772372094156498,0.5307648226518682
Taco1,0.008337261045120998,0.008337261045120998,0.8185051141733413
Mir17hg,0.10262077294361668,0.10262077294361668,0.004627486460172862
Entpd7,0.028282075683767782,0.028282075683767782,0.4362416510575493
Gm14446,0.013383764846398548,0.013383764846398548,0.7125942896398291
Gpc6,-0.010854786060813373,0.010854786060813373,0.7651216097392735
Col23a1,0.05594722114663141,0.05594722114663141,0.1233102449608857
B230217C12Rik,-0.025847434537258285,0.025847434537258285,0.47676788400807507
Cldn10,-0.09371513653969535,0.09371513653969535,0.009738282236384833
Loxl4,0.03447141928797608,0.03447141928797608,0.34260570607333773
Crtac1,-0.08986219179004883,0.08986219179004883,0.013202210707920319
Tk1,-0.02679703712747218,0.02679703712747218,0.4607211817415529
Sfrp5,-0.038794080802451496,0.038794080802451496,0.2854660451809975
Kif16b,0.031116462873469912,0.031116462873469912,0.3916565013771493
Rin2,-0.04249962931217154,0.04249962931217154,0.24190673460817788
Iqgap2,-5.4466652327289445e-05,5.4466652327289445e-05,0.9988039152638039
Ifit3,0.03183832178523889,0.03183832178523889,0.3807585717982469
Gh,0.03632815726093099,0.03632815726093099,0.31722345987365
Rorb,0.033121678539896525,0.033121678539896525,0.3618482611930415
Rdh5,0.010287910701051095,0.010287910701051095,0.7770551182323582
Slc22a5,-0.010773679280481598,0.010773679280481598,0.7668256854023715
Gdf11,0.034329636061808444,0.034329636061808444,0.34459578798709123
Six1,0.004480447651317633,0.004480447651317633,0.9018578777212005
Gins1,0.022772372094156477,0.022772372094156477,0.5307648226518682
Gm11517,-0.029367467653699797,0.029367467653699797,0.4188333109426878
Nanp,-0.008174878491617394,0.008174878491617394,0.8219803178058608
Hexim2,-0.02560422536561348,0.02560422536561348,0.48092630747256654
Atp6v1c1,-0.06811756569146818,0.06811756569146818,0.060523409406646723
Slc22a21,0.032454452258395036,0.032454452258395036,0.3716054235219994
Cthrc1,-0.10997147992927944,0.10997147992927944,0.0023979752051270075
Rims2,0.04441138984094154,0.04441138984094154,0.22135775446310135
Fam151b,0.013130301419853115,0.013130301419853115,0.7178025406240909
Ncald,0.046244399664185684,0.046244399664185684,0.20285732676914617
Dhfr,0.07399927028088543,0.07399927028088543,0.04140433842558331
E130215H24Rik,0.006791990763440833,0.006791990763440833,0.8517106385515542
B4galt7,0.026312655621883528,0.026312655621883528,0.4688685108941922
Dhrs7,0.14709382501663093,0.14709382501663093,4.689548754438495e-05
Tmem2,0.04824972339143191,0.04824972339143191,0.18393454950531737
3300002I08Rik,-0.06350331087364684,0.06350331087364684,0.08019599154634913
Pop1,0.012485572226020487,0.012485572226020487,0.7311092811174147
Gda,0.039389231104542344,0.039389231104542344,0.27813443197832277
4930447C04Rik,0.013130301419853121,0.013130301419853121,0.7178025406240909
Zfp442,-0.022350185241102702,0.022350185241102702,0.5384129018163031
Osr2,-0.022056479314337164,0.022056479314337164,0.5437658483136153
Zfp345,0.036328157260930985,0.036328157260930985,0.31722345987365
Aldh1a1,0.001816438394796551,0.001816438394796551,0.9601276731324957
Cst7,-0.016043320162919164,0.016043320162919164,0.6587900884350107
Spag1,-0.0215304731151763,0.0215304731151763,0.5534181536432469
E030003E18Rik,-0.06350331087364683,0.06350331087364683,0.08019599154634913
Copz2,-0.008108528743843182,0.008108528743843182,0.8234012990207289
2310001A20Rik,-0.02352645217659203,0.02352645217659203,0.5172426544403921
Acss1,-0.07713049080750078,0.07713049080750078,0.03350252770862331
Lrp12,-0.05333279467329499,0.05333279467329499,0.14185743487462635
Gcnt1,-0.02182579848460097,0.02182579848460097,0.5479885751761113
Abra,0.013130301419853116,0.013130301419853116,0.7178025406240909
Skap1,-0.00017998868100058856,0.00017998868100058856,0.9960474729664367
Stx3,0.01232080228285318,0.01232080228285318,0.7345231938799245
Mrpl16,-0.019861320026385444,0.019861320026385444,0.5845906994385515
Oosp1,0.0995901736112717,0.0995901736112717,0.005999174655574933
Ckmt2,0.036328157260930985,0.036328157260930985,0.31722345987365
Tmem198b,-0.03476957485563636,0.03476957485563636,0.3384447459661734
Ms4a6d,0.06511497741349734,0.06511497741349734,0.07280589307162294
Aard,0.03312167853989655,0.03312167853989655,0.3618482611930415
Ms4a4d,0.04688628125546267,0.04688628125546267,0.19665230822652194
Sox12,0.05683438610528574,0.05683438610528574,0.1174651366223284
Zcchc3,-0.03581332085842513,0.03581332085842513,0.32413490623238694
Rem1,-0.01243748577508677,0.01243748577508677,0.7321050516539345
Gm8369,-0.1157959179171452,0.1157959179171452,0.0013848909461459471
Dcxr,-0.05213675147696563,0.05213675147696563,0.15102455564735734
Ms4a4b,0.001328634038323759,0.001328634038323759,0.9708297458537024
Sybu,0.013130301419853116,0.013130301419853116,0.7178025406240909
Pkhd1l1,-0.06350331087364679,0.06350331087364679,0.08019599154635042
Tbc1d20,0.022467041640626458,0.022467041640626458,0.53629049239839
Nudcd1,0.028232107934286207,0.028232107934286207,0.43705296786586917
Gna14,-0.0635033108736468,0.0635033108736468,0.08019599154635042
Sdcbp2,-0.0030272935436858484,0.0030272935436858484,0.933597458741517
Fam110a,0.07502251125350792,0.07502251125350792,0.03866464291580787
E030024N20Rik,0.04928817597467128,0.04928817597467128,0.17466375211713153
Gnaq,0.020564746108914195,0.020564746108914195,0.571354605514657
Slc52a3,-0.048357219077832726,0.048357219077832726,0.1829583354906026
Srxn1,-0.06849509433422639,0.06849509433422639,0.059108110712107545
Mtx3,0.02037928076870011,0.02037928076870011,0.5748305917833
Psat1,-0.0380304876738763,0.0380304876738763,0.2950620822352697
Dbn1,-0.03065987263466585,0.03065987263466585,0.3986461884327259
Trmt5,0.02659964729565384,0.02659964729565384,0.4640317182431669
Angpt1,-0.06350331087364679,0.06350331087364679,0.08019599154635042
Rapgef6,0.08322513661074557,0.08322513661074557,0.02175812447415136
Msh3,-0.03171896513247721,0.03171896513247721,0.3825475647847197
Ttc35,0.02941124265192614,0.02941124265192614,0.41813988064048546
Rasgrf2,-0.0023405210148483915,0.0023405210148483915,0.9486377204573126
Tcf15,0.018200004734973855,0.018200004734973855,0.6164026925525589
Sufu,0.046872014656848156,0.046872014656848156,0.19678869762478687
Trpm3,0.013130301419853118,0.013130301419853118,0.7178025406240909
Gps1,-0.010519997246844836,0.010519997246844836,0.7721628490382924
2900041M22Rik,0.03897663018576755,0.03897663018576755,0.2832034990684387
Asah2,0.03298277149874484,0.03298277149874484,0.363866244023099
Acot10,0.022404066942058324,0.022404066942058324,0.5374337508242303
Cstf2t,-0.09264431255781765,0.09264431255781765,0.010608990795426746
Frmd6,-0.0003941509915402581,0.0003941509915402581,0.9913446317571892
Prkg1,0.013130301419853111,0.013130301419853111,0.7178025406240909
Gm5803,-0.0005240380269254999,0.0005240380269254999,0.988492547177059
Actr10,0.01221105390943295,0.01221105390943295,0.7368000136486519
Basp1,-0.01715780576686318,0.01715780576686318,0.6367381749188372
9930021J03Rik,0.05755473790236811,0.05755473790236811,0.11288063286976081
Pitx1,0.013130301419853118,0.013130301419853118,0.7178025406240909
Myo10,0.012739080474710769,0.012739080474710769,0.7258671595813849
C030046E11Rik,0.03956682298615063,0.03956682298615063,0.2759716930056374
Pcbd2,-0.0014123507701367488,0.0014123507701367488,0.9689926354465952
A930007I19Rik,0.03312167853989654,0.03312167853989654,0.3618482611930415
Pygl,0.03268504580745126,0.03268504580745126,0.3682150820519598
Napb,0.018581295022800773,0.018581295022800773,0.6090346243526004
Gzf1,-0.010278313468440546,0.010278313468440546,0.7772576147259992
Cd93,-0.05824466030161713,0.05824466030161713,0.10862288286331769
Ccdc57,-0.06350331087364679,0.06350331087364679,0.08019599154635042
Rai14,-0.02045792254816641,0.02045792254816641,0.5733554710175496
Ralgapa2,0.01912549630389362,0.01912549630389362,0.5985868036468021
C1qtnf3,-0.023425941956670214,0.023425941956670214,0.519034666801848
Ch25h,0.03312167853989654,0.03312167853989654,0.3618482611930415
Cdkl1,-0.054276054356857145,0.054276054356857145,0.13493356376330248
1700023F06Rik,0.018555670697999647,0.018555670697999647,0.6095285623757739
Tifab,0.03312167853989654,0.03312167853989654,0.3618482611930415
Lipo1,0.00010706477590760697,0.00010706477590760697,0.9976488658346788
Rnls,-0.054276054356857145,0.054276054356857145,0.13493356376330248
Pdzd2,0.0029733796079214783,0.0029733796079214783,0.9347773843222774
Drosha,-0.02602990024215951,0.02602990024215951,0.47366100868026423
F2rl1,0.021354662475541325,0.021354662475541325,0.5566628893599136
Atl1,0.0325076324394564,0.0325076324394564,0.3708218233277899
Tnrc6c,0.024310263403651017,0.024310263403651017,0.5033784352027274
Itga7,-0.02606574570394065,0.02606574570394065,0.4730519701357184
Fasn,0.05548613430499108,0.05548613430499108,0.12643636279225978
Fam105a,0.0016562087267262297,0.0016562087267262297,0.9636422988814983
Gm9776,-0.03564258427578984,0.03564258427578984,0.32644841882828163
Kank1,0.02245475091424469,0.02245475091424469,0.5365135253453357
2810055F11Rik,0.013130301419853123,0.013130301419853123,0.7178025406240909
Pgm5,0.013130301419853111,0.013130301419853111,0.7178025406240909
E030010A14Rik,-0.010639209175981507,0.010639209175981507,0.7696534168472665
Rtn1,0.01149306246331569,0.01149306246331569,0.7517514370524524
Pip5k1b,-0.016179260301171543,0.016179260301171543,0.6560838819815744
Tjp2,0.06193545728591529,0.06193545728591529,0.08795770325129817
Fam189a2,0.013130301419853121,0.013130301419853121,0.7178025406240909
Apba1,0.04597003587523192,0.04597003587523192,0.20555256147487544
Matn2,-0.014776509547782288,0.014776509547782288,0.6842195606170756
Ptar1,0.0075322634132227945,0.0075322634132227945,0.8357667306723452
Mamdc2,0.013130301419853116,0.013130301419853116,0.7178025406240909
Cmya5,0.03403373518830403,0.03403373518830403,0.34877273540082065
Hrsp12,0.043885352247680136,0.043885352247680136,0.2268832414668303
Zfp937,-0.030268697915069663,0.030268697915069663,0.40469368110563064
2610016A17Rik,0.01857757170402805,0.01857757170402805,0.6091063845215416
Mtdh,0.11258289087493674,0.11258289087493674,0.0018805546571933718
Dact1,0.013130301419853113,0.013130301419853113,0.7178025406240909
Dmrt2,0.03403749132884535,0.03403749132884535,0.34871951324367567
Trio,-0.12166482674752649,0.12166482674752649,0.0007764947327066571
Mrpl10,-0.011810691234521989,0.011810691234521989,0.7451252960279025
A830009L08Rik,-0.03564258427578981,0.03564258427578981,0.3264484188282848
Ropn1l,0.03312167853989653,0.03312167853989653,0.3618482611930415
Gdf9,0.013130301419853121,0.013130301419853121,0.7178025406240909
Cmbl,0.022766481152159724,0.022766481152159724,0.5308711595923156
4430402I18Rik,0.032726654839824454,0.032726654839824454,0.36760537102752033
Il5,-0.06350331087364676,0.06350331087364676,0.08019599154635042
Slc1a1,-0.014065947834082982,0.014065947834082982,0.6986434541780908
Sept8,0.04831552862724128,0.04831552862724128,0.1833364882510152
Sema5a,-0.013798475926253507,0.013798475926253507,0.7041015417990721
Sdc2,0.02286499479567587,0.02286499479567587,0.529094316950302
Ssbp2,-0.050692930610206716,0.050692930610206716,0.16268285718420364
Lhfpl2,-0.020432983013131723,0.020432983013131723,0.5738230795710263
Vldlr,0.01807222178437978,0.01807222178437978,0.6188806789675381
Smarca2,0.07202007912356412,0.07202007912356412,0.04717046559318413
Scamp1,0.04251324484339567,0.04251324484339567,0.2417558003156474
2210009G21Rik,0.045585544440982194,0.045585544440982194,0.20937320632470396
Gm17821,0.03272665483982447,0.03272665483982447,0.36760537102752033
6720463M24Rik,-0.0029275390217731387,0.0029275390217731387,0.9357807343768251
Slc25a37,-0.007846975631405087,0.007846975631405087,0.8290084467615637
Il2ra,-0.05544233210331494,0.05544233210331494,0.12673651152527263
Rbm17,-0.022036491818423095,0.022036491818423095,0.5441310890769596
Entpd4,0.10364524534317357,0.10364524534317357,0.004232326717311151
Loxl2,-0.06115745480680623,0.06115745480680623,0.09202777518956572
Sgtb,-0.009948919715505853,0.009948919715505853,0.7842167146565978
Trim23,-0.0005240380269254856,0.0005240380269254856,0.988492547177059
Prkcq,0.013130301419853118,0.013130301419853118,0.7178025406240909
Tnfrsf10b,-0.011043273532976957,0.011043273532976957,0.7611658291807722
Itih2,0.013130301419853113,0.013130301419853113,0.7178025406240909
Thg1l,0.0016380697912439998,0.0016380697912439998,0.9640402207728546
Gm3604,-0.009973209147524257,0.009973209147524257,0.7837029559123186
Zfp808,0.007950902616963101,0.007950902616963101,0.8267794131530285
Gata3,-0.032128574315723434,0.032128574315723434,0.37642952926132117
Csf3,-0.0020488891035265033,0.0020488891035265033,0.9550302770276381
Egr3,0.033121678539896525,0.033121678539896525,0.3618482611930415
Cbx2,0.013130301419853115,0.013130301419853115,0.7178025406240909
Hspa12b,0.044035466341338786,0.044035466341338786,0.225296531291655
Kctd9,0.0019499460474986983,0.0019499460474986983,0.9571997804614546
Gnrh1,0.04634365889997846,0.04634365889997846,0.2018886020142906
Trdmt1,-0.027783956130286627,0.027783956130286627,0.44436818176320386
Dock5,0.0346294575258686,0.0346294575258686,0.3403961278491557
Adam28,0.023419234640998703,0.023419234640998703,0.519154366365945
Atrn,0.022316763644145917,0.022316763644145917,0.5390206954407653
Stc1,0.010718175941589067,0.010718175941589067,0.7679924752771242
6720489N17Rik,0.016125760720815854,0.016125760720815854,0.6571483812911761
Fam188a,0.03146821028309687,0.03146821028309687,0.38632275053231624
Gm12159,0.01313030141985312,0.01313030141985312,0.7178025406240909
Adam33,-0.013352907359859785,0.013352907359859785,0.7132276506446455
Zfp934,0.018528643901980543,0.018528643901980543,0.6100497271187009
Fbxo18,-0.03820766430606757,0.03820766430606757,0.2928165223462859
Il15ra,-0.06426689778067493,0.06426689778067493,0.07662215358690441
Pter,-0.042497742967673356,0.042497742967673356,0.2419276508040278
Engase,0.01623446375711416,0.01623446375711416,0.6549862102731807
1700037H04Rik,0.01525909365724381,0.01525909365724381,0.674488209211694
2700097O09Rik,0.035729863688843816,0.035729863688843816,0.3252644317994289
Aldoart2,0.018581295022800773,0.018581295022800773,0.6090346243526004
Mcm10,0.013130301419853115,0.013130301419853115,0.7178025406240909
Mblac2,0.04247335724780152,0.04247335724780152,0.2421981592750619
Fzd2,0.03312167853989652,0.03312167853989652,0.3618482611930415
Slc30a5,-0.05871765975731486,0.05871765975731486,0.10577784163187239
Reep4,-0.00933624968206697,0.00933624968206697,0.7972061050064592
Optn,0.00936237260122138,0.00936237260122138,0.796651092147727
Bend7,-0.06350331087364681,0.06350331087364681,0.08019599154634913
4921536K21Rik,0.01313030141985312,0.01313030141985312,0.7178025406240909
Frmd4a,-0.08986159573687816,0.08986159573687816,0.013202821495253975
Zpbp2,-0.0356425842757898,0.0356425842757898,0.3264484188282848
Dok2,0.02911409665897638,0.02911409665897638,0.4228601521613282
Gfra2,-0.031339994187268044,0.031339994187268044,0.388261819585829
Mbip,0.006308601561366615,0.006308601561366615,0.8621549899310931
Havcr2,0.02253399689052095,0.02253399689052095,0.5350763113071129
Ccdc3,0.0006376870827233413,0.0006376870827233413,0.985997138426165
Itk,-0.0306487596833633,0.0306487596833633,0.39881723964842114
2310035K24Rik,-0.02012769696678995,0.02012769696678995,0.5795616606788542
C1qtnf1,0.025907830538438155,0.025907830538438155,0.4757382793626654
Spef1,-0.0635033108736468,0.0635033108736468,0.08019599154635042
Nln,0.030206261888332944,0.030206261888332944,0.40566397352894135
Srp54b,0.11326118295837537,0.11326118295837537,0.001764052711986859
1110008L16Rik,-0.012471698209267428,0.012471698209267428,0.7313965368730293
5031426D15Rik,0.031895064980629634,0.031895064980629634,0.3799098703693063
BC052688,0.032726654839824454,0.032726654839824454,0.36760537102752033
Itga2b,0.03305060238848913,0.03305060238848913,0.3628799494909382
Echdc3,0.05032162900386624,0.05032162900386624,0.16578775097431206
5430407P10Rik,-0.013721339434225148,0.013721339434225148,0.7056784500599915
Bin3,-0.001981053527198433,0.001981053527198433,0.9565176584793511
Gsdma,0.022772372094156494,0.022772372094156494,0.5307648226518682
Sorbs3,0.022609596970943054,0.022609596970943054,0.5337070276963528
Sec61a2,0.010334069290761652,0.010334069290761652,0.7760814080028413
Polr3g,0.05289193060790666,0.05289193060790666,0.14518550650911116
Cdca2,0.046343658899978456,0.046343658899978456,0.2018886020142906
Timd2,0.0015840548201277451,0.0015840548201277451,0.9652252237616759
4921530L18Rik,-0.03564258427578984,0.03564258427578984,0.32644841882828163
A730017L22Rik,0.013130301419853115,0.013130301419853115,0.7178025406240909
Heatr5a,0.028680407399919856,0.028680407399919856,0.42980506987901135
Wdr85,-0.10533054382738469,0.10533054382738469,0.0036482752983684505
Fam113a,0.032953460573776204,0.032953460573776204,0.364292956509849
Zmynd19,0.04599831377062927,0.04599831377062927,0.20527357677773356
1110002L01Rik,0.011846240884122707,0.011846240884122707,0.7443848445372931
Scara5,0.011131770906194906,0.011131770906194906,0.759310677788655
Cpxm1,0.06328299505193527,0.06328299505193527,0.08125190307756437
Pbk,0.02075057443237308,0.02075057443237308,0.5678818581764539
Gm16907,0.013130301419853118,0.013130301419853118,0.7178025406240909
Arrdc3,-0.030412227942737187,0.030412227942737187,0.4024683993466141
Esco2,0.020969839140938883,0.020969839140938883,0.5637972650770574
Ehmt1,0.007412621818817715,0.007412621818817715,0.8383391793764624
Il1rn,0.013130301419853113,0.013130301419853113,0.7178025406240909
Spopl,0.014276792219092595,0.014276792219092595,0.6943518358176556
Kif3c,0.02161408207569257,0.02161408207569257,0.5518783304769289
Nubpl,-0.017983116478561736,0.017983116478561736,0.6206111872337556
Dtnb,0.06569332784038132,0.06569332784038132,0.07029351751956196
Pnpla7,-0.030317997947314095,0.030317997947314095,0.40392850935923424
Plk2,-0.10170670906441077,0.10170670906441077,0.00500788645214413
Odz2,0.013130301419853116,0.013130301419853116,0.7178025406240909
Stk35,0.0064340336197892325,0.0064340336197892325,0.8594424531329411
Gapt,0.021967862972629475,0.021967862972629475,0.5453861016216189
Coch,-0.035642584275789806,0.035642584275789806,0.3264484188282848
Dnmt3a,-0.031734112295278186,0.031734112295278186,0.38232024507248663
Slc35e4,0.010491774326435744,0.010491774326435744,0.7727572959381487
Hmmr,0.013130301419853116,0.013130301419853116,0.7178025406240909
Noxa1,0.013130301419853113,0.013130301419853113,0.7178025406240909
BC030867,0.013130301419853116,0.013130301419853116,0.7178025406240909
Hmbox1,-0.0018813428334568986,0.0018813428334568986,0.9587042153479203
Ercc8,-0.026436965190008536,0.026436965190008536,0.46677005851571485
Tmc2,0.013130301419853113,0.013130301419853113,0.7178025406240909
Atxn7l3,-0.0017221941769614254,0.0017221941769614254,0.9621948236942128
Msra,-0.01318495854968472,0.01318495854968472,0.7166783103633946
Ipo11,-0.011387499376859062,0.011387499376859062,0.7539576948841675
Mastl,0.018581295022800766,0.018581295022800766,0.6090346243526004
Scara3,0.040161186418566204,0.040161186418566204,0.2688168737263675
Dpysl2,-0.0083025450641846,0.0083025450641846,0.8192477859942708
Slc4a11,-0.015696186616006275,0.015696186616006275,0.6657207882975328
BC061194,0.033121678539896546,0.033121678539896546,0.3618482611930415
Ttc1,0.027843873985008746,0.027843873985008746,0.4433861184302754
Egln3,0.01856909347785394,0.01856909347785394,0.6092698008512484
Adra1b,0.013130301419853115,0.013130301419853115,0.7178025406240909
Cenpk,-0.01504998351061933,0.01504998351061933,0.6786983823497643
A930004D18Rik,0.03312167853989653,0.03312167853989653,0.3618482611930415
Plxdc2,-0.04907386405199853,0.04907386405199853,0.1765479371200003
Gm14057,-0.06540778779789141,0.06540778779789141,0.07152489664618196
Med24,-0.012642543789971535,0.012642543789971535,0.727861879674874
Ebf2,-0.017824450929764063,0.017824450929764063,0.6236978100480636
Arl5b,0.05260510665104169,0.05260510665104169,0.14738256910359188
Mrc1,0.017979231044321028,0.017979231044321028,0.6206866937958406
4930402H24Rik,0.028919119145105355,0.028919119145105355,0.42597429136101617
Stmn4,-0.010338028363446411,0.010338028363446411,0.7759979081409089
4930426L09Rik,0.013130301419853113,0.013130301419853113,0.7178025406240909
Pycr1,0.036328157260930985,0.036328157260930985,0.31722345987365
Rundc3a,0.02943791928546989,0.02943791928546989,0.4177176329287658
Ubox5,0.004039727821812376,0.004039727821812376,0.9114698404465841
Clu,-0.012907971842387417,0.012907971842387417,0.7223818541793903
Arhgap5,0.08126956252139514,0.08126956252139514,0.02506065514422489
Fastkd5,-0.05500380020561815,0.05500380020561815,0.12977208560119077
Thnsl1,-0.061898302971538866,0.061898302971538866,0.08814872303228836
Ephx2,-0.006861075700190372,0.006861075700190372,0.8502200276793784
1700001G11Rik,0.018581295022800766,0.018581295022800766,0.6090346243526004
Gm13375,0.022751459704984565,0.022751459704984565,0.5311423594006608
Akap6,0.033121678539896525,0.033121678539896525,0.3618482611930415
Otud1,0.009645193805168156,0.009645193805168156,0.7906488410054768
Fbp2,0.03312167853989653,0.03312167853989653,0.3618482611930415
Prosapip1,0.046535775915107526,0.046535775915107526,0.20002319812682703
Gm5141,0.016711341621358556,0.016711341621358556,0.6455350901104797
C1qtnf2,-0.09165292191402988,0.09165292191402988,0.011476006788883915
Stam,0.06551376745187053,0.06551376745187053,0.07106582091625932
Cdnf,-0.0658333183245092,0.0658333183245092,0.06969618666381826
2610301G19Rik,-0.03187983899180684,0.03187983899180684,0.38013748971913375
Erbb2,0.02273044070019034,0.02273044070019034,0.5315219578425532
Enox1,0.013130301419853118,0.013130301419853118,0.7178025406240909
Ccdc122,-0.04824432772076902,0.04824432772076902,0.18398365115355442
Gm5431,-0.03564258427578984,0.03564258427578984,0.32644841882828163
9030625A04Rik,-0.0024232785229851405,0.0024232785229851405,0.9468242630278562
Serp2,-0.046159595247328024,0.046159595247328024,0.20368765225455346
4930444M15Rik,0.013130301419853116,0.013130301419853116,0.7178025406240909
1200011I18Rik,0.06932359132212539,0.06932359132212539,0.05609814811002067
Pgap3,0.03876202645259241,0.03876202645259241,0.28586458717400215
Snora31,0.031085125655397266,0.031085125655397266,0.39213383992742584
Agtpbp1,0.04698164545702507,0.04698164545702507,0.19574239584815994
Gpam,0.004039727821812386,0.004039727821812386,0.9114698404465841
Gm4285,0.030578967730682194,0.030578967730682194,0.39989248936500893
Dnahc17,0.018581295022800766,0.018581295022800766,0.6090346243526004
Vti1a,0.02443367582970497,0.02443367582970497,0.5012134776466849
Crls1,0.07266599835850315,0.07266599835850315,0.04521873714287026
Lrrc63,0.03272665483982446,0.03272665483982446,0.36760537102752033
Mcm8,0.03265223736775429,0.03265223736775429,0.3686962777816667
Sip1,-0.03498760706898367,0.03498760706898367,0.3354225463252972
Marveld2,0.020599049261811674,0.020599049261811674,0.5707127921451406
Dclre1a,0.03919396828487098,0.03919396828487098,0.28052562710543766
Nhlrc2,0.0211883926338841,0.0211883926338841,0.5597400316724384
5031414D18Rik,-0.14990615824594897,0.14990615824594897,3.335034761513478e-05
AU019990,0.033121678539896546,0.033121678539896546,0.3618482611930415
Tbcd,-0.021217323832919483,0.021217323832919483,0.5592040131432576
Sec23a,0.039989010522413736,0.039989010522413736,0.2708762866124936
B230217O12Rik,-0.06350331087364676,0.06350331087364676,0.08019599154635042
Cdk7,0.029113555397609563,0.029113555397609563,0.42286877861286354
Trub1,0.0646230513280527,0.0646230513280527,0.07500013040171055
Clec14a,0.040659360036735405,0.040659360036735405,0.2629187110987922
Tcap,0.10814089217460304,0.10814089217460304,0.0028349512374696993
Atrnl1,0.025055939057331916,0.025055939057331916,0.4903728649910223
Tnfsf11,0.013130301419853116,0.013130301419853116,0.7178025406240909
1700001K23Rik,0.013130301419853118,0.013130301419853118,0.7178025406240909
Ntrk2,0.05754260735009062,0.05754260735009062,0.11295665245312349
Mis18bp1,0.03432963606180846,0.03432963606180846,0.34459578798709123
Pcdh9,0.033121678539896525,0.033121678539896525,0.3618482611930415
Tbc1d9b,0.008996482941336011,0.008996482941336011,0.8044340836081216
Tdrd3,0.004395289275696693,0.004395289275696693,0.9037140809475358
Diap3,0.013003795397220902,0.013003795397220902,0.7204069516645931
Pcdh17,-0.008532151898031679,0.008532151898031679,0.814338889403089
Ppp1r1b,0.033121678539896546,0.033121678539896546,0.3618482611930415
Stard3,0.02139370334504189,0.02139370334504189,0.5559415580006971
Kbtbd7,-0.05545811906470025,0.05545811906470025,0.12662826974437574
Plcb1,0.049083185085577734,0.049083185085577734,0.17646567534491805
As3mt,0.037099304011182145,0.037099304011182145,0.3070529216590132
Cnnm2,0.04705612657627731,0.04705612657627731,0.1950338831345557
Naip7,-0.021497224458766288,0.021497224458766288,0.5540310762581069
Myadml2,-0.03564258427578987,0.03564258427578987,0.32644841882828163
Rab40b,0.013130301419853111,0.013130301419853111,0.7178025406240909
Taf5,0.027165752714924347,0.027165752714924347,0.45457269300796904
Birc5,0.016850830379992503,0.016850830379992503,0.6427812752983498
Tgtp2,0.053330367459673865,0.053330367459673865,0.1418755963613711
Tgtp1,0.036526005613166684,0.036526005613166684,0.3145932790018559
Neurl1a,-0.006861075700190372,0.006861075700190372,0.8502200276793784
Tmx4,0.1254719536417052,0.1254719536417052,0.0005262238835419481
Fn3k,0.013130301419853113,0.013130301419853113,0.7178025406240909
Wdr96,-0.06350331087364686,0.06350331087364686,0.08019599154634913
Gsto2,-0.037248262447241456,0.037248262447241456,0.3051134475483676
Dgkh,0.04532087587200329,0.04532087587200329,0.2120328473700373
Gm12185,0.02277237209415648,0.02277237209415648,0.5307648226518682
Akap11,0.0703570792326405,0.0703570792326405,0.05252309660868448
Tha1,0.04634365889997845,0.04634365889997845,0.2018886020142906
Gm527,0.03703189704313187,0.03703189704313187,0.30793324850949255
Nudt15,-0.011760312716509898,0.011760312716509898,0.7461750154554195
Gchfr,0.03145568813335644,0.03145568813335644,0.3865118681933955
Smtn,-0.035155997649782555,0.035155997649782555,0.33310035024969187
Rpp38,-0.0182504252504107,0.0182504252504107,0.6154261270234198
Dapk1,-0.0032598424053833434,0.0032598424053833434,0.9285097453503821
Tug1,-0.025839401832946272,0.025839401832946272,0.47690491374108746
Ccnb1,0.03533827362362242,0.03533827362362242,0.3305983692752535
Nmt2,0.001966377702015446,0.001966377702015446,0.9568394647082645
Hspa12a,0.013130301419853116,0.013130301419853116,0.7178025406240909
4930506M07Rik,0.07073934794323491,0.07073934794323491,0.051249837964999684
Rcbtb2,0.08394195847946977,0.08394195847946977,0.0206459602355544
Cenph,-0.025734714241488994,0.025734714241488994,0.47869274358375763
Tmem161b,0.036766772918526584,0.036766772918526584,0.31141189296969013
Prnd,0.013130301419853113,0.013130301419853113,0.7178025406240909
Havcr1,-0.014132278630287518,0.014132278630287518,0.6972922837262601
Timd4,0.013130301419853116,0.013130301419853116,0.7178025406240909
Fam171a1,0.013130301419853115,0.013130301419853115,0.7178025406240909
Morc2a,-0.04880636470147909,0.04880636470147909,0.1789208951655233
Gm7102,-0.06350331087364679,0.06350331087364679,0.08019599154635042
Meig1,-0.06350331087364677,0.06350331087364677,0.08019599154635042
Emx2,0.01847670358471809,0.01847670358471809,0.6110518598330349
Fam45a,0.028220997795193846,0.028220997795193846,0.4372334788328424
Nanos1,-0.018952434036450142,0.018952434036450142,0.6019005285612116
Sfxn4,-0.036284111200155,0.036284111200155,0.3178109577312862
Dclre1c,0.11969515851072114,0.11969515851072114,0.0009456055368064722
Gfra1,0.045134984726420795,0.045134984726420795,0.21391536746956563
Ctla2b,0.007811677378192199,0.007811677378192199,0.8297658399168929
Rnf24,-0.021981017913687968,0.021981017913687968,0.545145426800631
Pax9,-0.03564258427578984,0.03564258427578984,0.32644841882828163
Hspa14,0.05664937248099144,0.05664937248099144,0.11866584129632243
Mipol1,0.01796640425601056,0.01796640425601056,0.620935988122894
Cysltr2,0.04687201465684816,0.04687201465684816,0.19678869762478687
Smox,0.0027465922859548097,0.0027465922859548097,0.939742241024308
Grk5,0.055513253832612804,0.055513253832612804,0.1262508069144034
Grb7,0.046872014656848156,0.046872014656848156,0.19678869762478687
Crybg3,-0.03088845789132358,0.03088845789132358,0.3951375789717151
Ankrd55,0.026655993568581605,0.026655993568581605,0.46308535726274347
Mre11a,0.08722962198344306,0.08722962198344306,0.016155529369367296
Rhbdd1,0.016899786531888894,0.016899786531888894,0.6418159309916887
Cd180,-0.04850339301068896,0.04850339301068896,0.18163702415365748
Tmem106a,0.045867936918036374,0.045867936918036374,0.20656214038616688
1110034B05Rik,-0.028145750958369985,0.028145750958369985,0.4384571718574457
1810063B07Rik,-0.04253410372424302,0.04253410372424302,0.24152469853556244
Eps8,-0.015789889122822576,0.015789889122822576,0.6638471285418549
Zfyve16,0.10303741551558579,0.10303741551558579,0.00446292208040227
Mast4,0.0428079517935103,0.0428079517935103,0.23850504062746358
Flot2,0.04874933465871392,0.04874933465871392,0.1794298502963257
Clec2g,0.09266949138146233,0.09266949138146233,0.010587749035820607
Aldoc,0.029490797599300476,0.029490797599300476,0.41688139667581003
Ppap2a,0.047700189892045566,0.047700189892045566,0.18898529487373195
Stk11ip,-0.026342997674107353,0.026342997674107353,0.46835583088348637
Evi2a,0.005319183060734845,0.005319183060734845,0.8836060801027572
Tspan9,-0.006062628498001856,0.006062628498001856,0.8674789754299725
Brca1,0.07280801348696489,0.07280801348696489,0.04479885547110896
Chml,0.009573600059775212,0.009573600059775212,0.7921671033504945
Parp11,-0.023708673603649588,0.023708673603649588,0.5140019716424136
Tmem97,0.03977114428649663,0.03977114428649663,0.27349763615256806
Isoc2b,0.034458115830493914,0.034458115830493914,0.34279212222994404
Fbxl12,-0.0055052136380238995,0.0055052136380238995,0.8795658455933397
Sesn3,-0.027900152824215357,0.027900152824215357,0.44246482738245
Zfp654,0.03226901969785243,0.03226901969785243,0.37434574779331364
Loh12cr1,0.06162505290145093,0.06162505290145093,0.08956384708838758
Myo18a,0.03610465030700733,0.03610465030700733,0.32021200585875853
Efcab2,0.06231801580197418,0.06231801580197418,0.08601018786771554
Smn1,0.021088737593663816,0.021088737593663816,0.5615882771484229
Dpy19l1,0.04646164802772944,0.04646164802772944,0.20074146587572814
Clcn4-2,-0.03809135895794344,0.03809135895794344,0.2942892967830964
Lin9,0.009900706511242145,0.009900706511242145,0.7852367757808095
Nudt13,0.03654887858505494,0.03654887858505494,0.31429013282178947
Slc5a3,0.06271235288011812,0.06271235288011812,0.0840392556407479
Dopey2,-0.035043657703037995,0.035043657703037995,0.33464842555420365
Sipa1l2,0.02901969892370116,0.02901969892370116,0.4243661879265301
Fam76b,-0.016086118934389004,0.016086118934389004,0.6579375955563618
Hist1h4d,0.06506292887302591,0.06506292887302591,0.07303554652165993
Abt1,-0.07935226829321816,0.07935226829321816,0.028710381156337013
Naip2,0.0530830180239293,0.0530830180239293,0.14373573687087565
Gins2,-0.02769556324867248,0.02769556324867248,0.4458192148593133
4833442J19Rik,0.03621440662165398,0.03621440662165398,0.3187421489019275
AI607873,0.08553590656093543,0.08553590656093543,0.018348735590289898
Gtf2h2,-0.08980791841954934,0.08980791841954934,0.013257928024985108
F2r,-0.0006251887547081578,0.0006251887547081578,0.9862715597717256
Cwc27,0.02562624019018191,0.02562624019018191,0.48054908534677215
Tm7sf3,0.03305262758351973,0.03305262758351973,0.3628505278607201
2610044O15Rik,-0.01532105416222028,0.01532105416222028,0.6732426548065208
Akt3,-0.061914317612169145,0.061914317612169145,0.08806634679672856
Arsb,-0.014268915720773993,0.014268915720773993,0.6945119828074754
Stk38l,0.03822063722528358,0.03822063722528358,0.2926525529713925
Snx19,0.03997133362893267,0.03997133362893267,0.27108833084821715
Leng9,0.023453134242034948,0.023453134242034948,0.518549535766132
Ccdc82,0.1138607706659997,0.1138607706659997,0.001666622639910184
Pdhb,0.05578865592702373,0.05578865592702373,0.12437843278347113
Alkbh8,0.0667883126869385,0.0667883126869385,0.06573136871022336
Rad17,-0.01467293613573219,0.01467293613573219,0.6863150345162385
Lgals9,-0.12829554505646026,0.12829554505646026,0.00039156412392086305
Cdca3,-0.0159589232106611,0.0159589232106611,0.6604724565529236
Ltn1,0.033765310909319654,0.033765310909319654,0.35258946855292933
Taf9,-0.04813040788650383,0.04813040788650383,0.18502260620178954
Zfp444,-0.04738669713426393,0.04738669713426393,0.19191192991830577
4930455C21Rik,0.019572119439896514,0.019572119439896514,0.5900734570891772
Gnb3,0.04629934481709047,0.04629934481709047,0.20232067048600721
Tbc1d23,-0.032830120002795296,0.032830120002795296,0.36609198424773187
Leng8,0.041516259016070534,0.041516259016070534,0.2529832555445939
Ell2,0.21070185355961826,0.21070185355961826,4.489858505570378e-09
Lilra6,0.012545687930533829,0.012545687930533829,0.7298650455678501
Nr1d2,-0.0182989434852125,0.0182989434852125,0.6144870470331247
Dhx8,0.004531027021164428,0.004531027021164428,0.900755648338331
Mx2,-0.006825930032779218,0.006825930032779218,0.8509782816238488
Wdr41,0.011931301780144487,0.011931301780144487,0.7426140982660999
Leprel2,-0.08422196713422796,0.08422196713422796,0.020225148694033076
Lilrb3,0.002148561870781199,0.002148561870781199,0.9528451095684238
Zfp787,-0.0032044034024803917,0.0032044034024803917,0.929722385200028
Brwd1,-0.05907694539556622,0.05907694539556622,0.10365645748391906
Ahctf1,0.00262905613385213,0.00262905613385213,0.9423162895062244
Hist1h4c,0.03388197931319177,0.03388197931319177,0.35092732734321536
Rnf135,-0.028675025400219618,0.028675025400219618,0.4298916682585134
A430110N23Rik,-0.11523300020219976,0.11523300020219976,0.0014619533716265128
Gse1,0.013293672086603122,0.013293672086603122,0.7144440286466222
Tmem205,0.05292391334678283,0.05292391334678283,0.14494207944856619
Lag3,0.11640971531221006,0.11640971531221006,0.0013051363496167632
Adamts6,0.036470340547017775,0.036470340547017775,0.3153318354406508
Adss,0.028333989936432862,0.028333989936432862,0.4353996475962382
Zfp606,-0.046898010649437064,0.046898010649437064,0.19654022639619914
BC064078,0.05305309610849309,0.05305309610849309,0.14396201825094418
Mrpl39,-0.029291462194326035,0.029291462194326035,0.420038899887563
Rabl3,-0.002238348115470366,0.002238348115470366,0.95087699084363
Hist1h1d,-0.1281794269695479,0.1281794269695479,0.0003963996968050886
Urb2,-0.0012313052898582394,0.0012313052898582394,0.9729657568502733
Nrp1,0.009886944276976742,0.009886944276976742,0.7855280150966527
Erap1,-0.011887071413547437,0.011887071413547437,0.7435346903107212
1190002F15Rik,-0.04614005743383359,0.04614005743383359,0.20387929767383378
4933424B01Rik,0.09593398851150967,0.09593398851150967,0.008133658172018256
Hist1h1b,-0.1251814853723499,0.1251814853723499,0.0005422859175825602
Gtpbp8,0.02589597291149002,0.02589597291149002,0.4759403269558204
Eepd1,0.04029951233996374,0.04029951233996374,0.2671701353481075
Klhdc5,-0.01855906568626902,0.01855906568626902,0.6094631099002148
Itpkb,0.06543607156735888,0.06543607156735888,0.07140214224121058
Ifi205,0.006715534852364318,0.006715534852364318,0.8533609055496871
Zfp865,0.011624176279509265,0.011624176279509265,0.7490139900877908
Jmy,0.051532771794734214,0.051532771794734214,0.15582171698032793
Gabpa,-0.007217292613757118,0.007217292613757118,0.8425427052514493
Mnda,0.05936920040357109,0.05936920040357109,0.10195586071597604
Zfp238,-0.015910796753210485,0.015910796753210485,0.6614325769446482
Fst,-0.05399282450446359,0.05399282450446359,0.13698462551844132
Isoc2a,0.06503101606479672,0.06503101606479672,0.07317664751100751
Bach1,0.03194511738866666,0.03194511738866666,0.37916220648665944
Rfx1,-0.03110578496443239,0.03110578496443239,0.3918191111682925
Ccdc58,-0.004231414578018148,0.004231414578018148,0.9072875389385334
Mfhas1,0.06065168674099246,0.06065168674099246,0.09475370737199539
Lonrf1,-0.00791655786763832,0.00791655786763832,0.8275158886966032
Cog3,0.0038845753847885564,0.0038845753847885564,0.9148568197406617
Naa35,0.01117141205396269,0.01117141205396269,0.7584801362870375
Phf2,0.0041874616314504795,0.0041874616314504795,0.908246300248858
Clpb,0.01837285487132436,0.01837285487132436,0.6130576894870119
Yod1,-0.031720441304829414,0.031720441304829414,0.38252540762240106
Parvg,-0.021040761583332,0.021040761583332,0.5624791099927925
Ldoc1l,0.05169929928623402,0.05169929928623402,0.15448768047896
Dctn6,0.013275740214323147,0.013275740214323147,0.7148123970747787
Lrch1,0.0950694396823229,0.0950694396823229,0.008728427108190748
E330020D12Rik,-0.058748348220544505,0.058748348220544505,0.10559531112532458
Tlr3,0.01877814555644831,0.01877814555644831,0.605246050027848
Fbln1,0.03442853307097538,0.03442853307097538,0.3432068857603989
Pdlim3,0.004934183330183695,0.004934183330183695,0.8919770373491875
1700029J07Rik,0.06204122302247182,0.06204122302247182,0.08741575826870394
2210021J22Rik,-0.03865223754885018,0.03865223754885018,0.2872324705736938
Bud13,-0.02033377720983454,0.02033377720983454,0.575684940795108
Snx25,-0.023744827429413716,0.023744827429413716,0.5133602562002999
Gas1,-0.03419664298297788,0.03419664298297788,0.3464691668461563
Golm1,0.008013414934523455,0.008013414934523455,0.82543931378937
1300010F03Rik,0.06981163739524467,0.06981163739524467,0.05438545815843681
Ppp2cb,0.05739369139491209,0.05739369139491209,0.11389316164434321
1190002H23Rik,0.0883479452839835,0.0883479452839835,0.014836675706575762
Zfp143,0.022603140871784663,0.022603140871784663,0.5338238928017124
Lmo7,0.005903116958640086,0.005903116958640086,0.870934761918408
Ppapdc1b,0.09872339695367631,0.09872339695367631,0.006453695591268423
Ddhd2,0.08657097698311152,0.08657097698311152,0.016979479002322186
Tob1,0.021686835843735423,0.021686835843735423,0.5505401381676781
Commd6,0.05066710092102719,0.05066710092102719,0.16289742304912766
Ctse,0.05754706872807946,0.05754706872807946,0.1129286892690963
Hgsnat,0.0850912438799025,0.0850912438799025,0.018965980718474666
Klf5,0.03659383317901404,0.03659383317901404,0.3136948874696443
Ep300,-0.02085901883759339,0.02085901883759339,0.5658599254089489
Glce,0.05814371639221247,0.05814371639221247,0.10923780306231246
Xrcc6,0.03360316856812011,0.03360316856812011,0.35490770522165016
Smpd1,0.028119929723898048,0.028119929723898048,0.43887753906118404
Rnf122,-0.12183488876553927,0.12183488876553927,0.0007632930241006853
Tti2,-0.003163382433403912,0.003163382433403912,0.9306197585336824
Ippk,0.013696570316171244,0.013696570316171244,0.7061850754586388
Mak16,-0.036772739296345135,0.036772739296345135,0.31133332586566126
Mtrf1,-0.021295889577516623,0.021295889577516623,0.5577496537468491
Trim30b,-0.05902604144928235,0.05902604144928235,0.10395494907187797
LOC622070,0.005092254840720027,0.005092254840720027,0.8885386180862317
Wrn,0.06141592938984829,0.06141592938984829,0.09065915477168025
Mlf1ip,0.0049595635501892,0.0049595635501892,0.8914248207969696
Tbc1d22a,0.04237334047693245,0.04237334047693245,0.24330985708055972
Rnasel,0.03561097654470349,0.03561097654470349,0.32687788132371987
Tubgcp6,0.00140962641009996,0.00140962641009996,0.9690524172617073
C78339,-0.004339578255609243,0.004339578255609243,0.9049287029299805
Senp1,0.04902796181400013,0.04902796181400013,0.17695345850684152
2010321M09Rik,0.03239727731328268,0.03239727731328268,0.37244902830524423
Bnip3l,0.015244399634614615,0.015244399634614615,0.6747837250148987
2310037I24Rik,0.02112956390142009,0.02112956390142009,0.5608307387381686
Dpp8,0.034781331609348244,0.034781331609348244,0.338281338936998
9330020H09Rik,0.03924661231127502,0.03924661231127502,0.27987957880626335
Zfp868,-0.008059108965931757,0.008059108965931757,0.8244600749744617
Ddx23,0.06748934065618155,0.06748934065618155,0.06294059846310311
Serpinc1,0.032269002158356604,0.032269002158356604,0.3743460075806653
Tmem177,0.04066946197914066,0.04066946197914066,0.2628000380494415
Clpx,-0.014315480686723368,0.014315480686723368,0.6935654097681682
Nmb,0.05004763576011825,0.05004763576011825,0.1681073121880934
Ccdc25,0.01928775730976995,0.01928775730976995,0.5954874208891823
Mtfmt,0.048421762630368896,0.048421762630368896,0.18237403242662595
Zbtb37,0.012253842445552516,0.012253842445552516,0.7359120549186516
Hddc3,-0.04382390487941628,0.04382390487941628,0.2275350307091779
Unc45a,-0.02751176412712558,0.02751176412712558,0.44884501845332353
Epb4.1l5,-0.03830146889577453,0.03830146889577453,0.2916322787888596
Elp3,0.009094005359625013,0.009094005359625013,0.8023577173650607
D330012F22Rik,-0.019792434358996153,0.019792434358996153,0.585894508920709
Ralgps2,-0.03624089764698545,0.03624089764698545,0.31838804254037395
Ankrd40,-0.0004275662687489666,0.0004275662687489666,0.9906108806512062
Insig2,-0.04581198938722751,0.04581198938722751,0.20711688449926274
Tex14,0.013919920423351814,0.013919920423351814,0.7016214142948994
Hdac10,0.052138686085074645,0.052138686085074645,0.15100937239496628
Mtap6,0.05695983417142981,0.05695983417142981,0.1166564303080335
Kdm1b,0.014092786797225232,0.014092786797225232,0.6980966245141
Wnt11,-0.040820687870230035,0.040820687870230035,0.26102791600886166
Mreg,0.0811020861047022,0.0811020861047022,0.02536263775514595
Mks1,0.005205305785535966,0.005205305785535966,0.886080779063178
Slc39a14,-0.036265537383984615,0.036265537383984615,0.31805891332522873
Ppp3cc,0.047060141772830355,0.047060141772830355,0.1949957413753696
Myo7a,0.055678360214689034,0.055678360214689034,0.12512568747406752
Zranb3,0.06627653766800556,0.06627653766800556,0.06783237096050031
Xpr1,0.0141278866878477,0.0141278866878477,0.6973817188418131
1810020D17Rik,0.033019117730602926,0.033019117730602926,0.36333754402524404
Galnt7,0.07721968346656745,0.07721968346656745,0.0332977504001197
Uchl4,0.01718628828280603,0.01718628828280603,0.6361786824015633
R3hcc1,-0.07769083036614437,0.07769083036614437,0.03223369376490813
Gxylt1,0.051501469446357896,0.051501469446357896,0.15607344843356746
Klhl2,-0.011834713492571635,0.011834713492571635,0.744624918836399
4632427E13Rik,0.039486902896707476,0.039486902896707476,0.2769435503503343
Dis3l,-0.003222059026609707,0.003222059026609707,0.9293361787465234
Mtmr4,-0.09154042535638074,0.09154042535638074,0.011578251098399025
Scaf11,0.02562364633241558,0.02562364633241558,0.48059352251284376
Prss23,-0.0585479109423595,0.0585479109423595,0.10679199884125344
Rfxank,-0.045866346765348356,0.045866346765348356,0.20657789256177947
Rsad1,0.04922355503858818,0.04922355503858818,0.17523030122689398
Slc41a1,0.03740587924801964,0.03740587924801964,0.30307009155574066
Nfe2l1,0.09791941440622304,0.09791941440622304,0.0069026800395273315
D030028A08Rik,0.017405165309673124,0.017405165309673124,0.6318861302068417
Vps13b,0.037953966928673956,0.037953966928673956,0.2960354670999197
Pstk,0.010234787242828305,0.010234787242828305,0.7781761842754491
Asap1,0.023867804153633657,0.023867804153633657,0.5111805908107998
Tg,0.07129531420066414,0.07129531420066414,0.049444137897738605
St3gal1,-0.05450642404078219,0.05450642404078219,0.1332828340815364
Pstpip1,-0.02584908026767955,0.02584908026767955,0.47673981218384015
Inpp5f,0.07156276930540942,0.07156276930540942,0.04859464026268938
Etfa,0.030696202812514253,0.030696202812514253,0.3980872998893732
Rpl30,0.012142285945722003,0.012142285945722003,0.738227838785365
Cox6a2,0.06571717958158799,0.06571717958158799,0.0701914483366853
Itgam,0.04418687869113434,0.04418687869113434,0.22370412657576708
C230081A13Rik,0.02768654476982659,0.02768654476982659,0.44596741100529363
Pgcp,0.031353268244779284,0.031353268244779284,0.3880607959645533
Fam173b,0.08395801830002245,0.08395801830002245,0.020621620350430452
Scrn2,-0.05093658503533678,0.05093658503533678,0.16066929201344615
Snx33,-0.01568752732367146,0.01568752732367146,0.6658940434661236
Ly6k,0.05277284601074288,0.05277284601074288,0.14609463199968417
Ccnd1,0.02360410106700213,0.02360410106700213,0.515860432543849
Gm12191,-0.031703975787035515,0.031703975787035515,0.3827725974451062
Fbxo22,0.030705215125108674,0.030705215125108674,0.3979487311451783
2700050L05Rik,0.07663975010871649,0.07663975010871649,0.034648550587270385
Tatdn1,0.012819449817798471,0.012819449817798471,0.7242079160583723
Ifitm1,0.034067417168650534,0.034067417168650534,0.34829566681811475
Cyb5r1,0.06326851719185739,0.06326851719185739,0.08132168386927266
Sirt3,-0.05640001653178446,0.05640001653178446,0.12029928486123641
Rab39,-0.009408355020713688,0.009408355020713688,0.7956743897626943
Hras1,0.034885092744143795,0.034885092744143795,0.33684135651160974
Npat,0.02864357425221627,0.02864357425221627,0.43039793113736036
Mtg1,-0.051951494863823014,0.051951494863823014,0.152483877637134
Paox,0.0021713002923950914,0.0021713002923950914,0.9523466546772661
Mtbp,-0.04415963682452268,0.04415963682452268,0.22399003523753439
Atm,0.029127046209174008,0.029127046209174008,0.42265379701750605
Slc25a22,-0.024263739224657754,0.024263739224657754,0.504195861195612
Idh1,0.06019625507145441,0.06019625507145441,0.09726324286818833
Inpp5a,-0.010879594750230705,0.010879594750230705,0.7646005984968904
Zhx1,0.08336576094875744,0.08336576094875744,0.021535928195480288
Bnip3,-0.11621457215284771,0.11621457215284771,0.0013300217336725945
Fbxo32,-0.032882468818540296,0.032882468818540296,0.36532775732365397
2810408I11Rik,-0.0847755609146889,0.0847755609146889,0.01941511343074494
Trmt12,-0.0874429124273933,0.0874429124273933,0.015896332422677413
Mki67,0.050128914623090486,0.050128914623090486,0.16741670212849863
Azin1,0.05068868681366941,0.05068868681366941,0.16271809556344397
Ptpre,-0.00865912241998397,0.00865912241998397,0.811627421467814
Bcl7c,0.008794575466019031,0.008794575466019031,0.8087372929293501
Ank,-0.034998532400061524,0.034998532400061524,0.3352715652799598
Tex2,-0.016304828700192814,0.016304828700192814,0.6535881441755305
Zfp358,-0.06646032423478318,0.06646032423478318,0.06707161104525203
Xylt2,0.0014643629084955857,0.0014643629084955857,0.9678513442518888
Cfh,0.02576015923828385,0.02576015923828385,0.47825786415278465
Foxred2,0.030465220763532655,0.030465220763532655,0.40164865577260916
Eif3d,-0.0027638339794222254,0.0027638339794222254,0.9393646991375741
Zfp828,-0.07123219090205563,0.07123219090205563,0.049646435158091674
Pvalb,0.10224329715430525,0.10224329715430525,0.004781294843267905
Gm2848,0.01436487457761509,0.01436487457761509,0.6925618516978597
BC030336,0.07097458258896507,0.07097458258896507,0.050479214010751755
Erich1,-0.00714885060696901,0.00714885060696901,0.8440166582227036
Cln8,0.0955660831109213,0.0955660831109213,0.008382186786413398
Thumpd1,-0.0013528204007358382,0.0013528204007358382,0.9702989752234262
Cyth4,0.03673149488569861,0.03673149488569861,0.31187671165999187
Rbbp5,-0.030306819716201194,0.030306819716201194,0.40410192768960573
Cdc73,-0.05451546839303807,0.05451546839303807,0.13321834580838293
Loxl1,-0.03550568568190793,0.03550568568190793,0.3283111364760216
Smurf2,0.05562950352598214,0.05562950352598214,0.12545780630782186
Ndufs1,0.026329287415030933,0.026329287415030933,0.46858745040207606
Tgds,-0.0041367698109290845,0.0041367698109290845,0.9093522246016786
Tead1,0.005568810820138215,0.005568810820138215,0.8781853463667019
Parva,-0.10795872261444031,0.10795872261444031,0.0028821866652007254
Gm17066,0.01251106380497107,0.01251106380497107,0.7305815866538476
AW549877,0.040582471593969285,0.040582471593969285,0.26382317171696307
Htra4,0.02840664572404281,0.02840664572404281,0.43422280745245284
Lamp1,0.005067468827826084,0.005067468827826084,0.889077634266441
Oxct1,0.015072329521487808,0.015072329521487808,0.6782479924384528
Mcoln1,-0.015130135767148091,0.015130135767148091,0.6770834243222639
E430018J23Rik,-0.010167655121533857,0.010167655121533857,0.7795935346116768
Fdxacb1,0.009724838577478388,0.009724838577478388,0.788960774874326
1110032A03Rik,0.04967160217997234,0.04967160217997234,0.17133019613438816
Ptpn9,0.04880278915027408,0.04880278915027408,0.1789527730570482
Cryab,-0.14361564119145762,0.14361564119145762,7.088132064924929e-05
1110028C15Rik,-0.024390680509502334,0.024390680509502334,0.5019671621414488
Tars,0.04811720688966511,0.04811720688966511,0.1851432795275612
Amacr,-0.0004374726027188121,0.0004374726027188121,0.9903933533956139
Neil1,0.0897014915343123,0.0897014915343123,0.013367789010067872
Tmem219,0.05743577615549545,0.05743577615549545,0.11362788074393386
Evi5l,0.05995697472953528,0.05995697472953528,0.09860282649219868
Hirip3,0.11406947334846511,0.11406947334846511,0.001633885834819596
Rad1,-0.010584705040505009,0.010584705040505009,0.7708004415662096
AU019823,-0.00710290211771843,0.00710290211771843,0.8450065016899642
Snapc2,-0.058733397459363415,0.058733397459363415,0.10568420489653606
Sult1a1,-0.0062742708954253434,0.0062742708954253434,0.8628976936026238
Mfsd3,-0.04147893908922519,0.04147893908922519,0.25341045527780237
Lrrc14,0.04234635102410004,0.04234635102410004,0.24361046014232013
Sptlc1,0.03300599957714313,0.03300599957714313,0.36352830811617143
Commd5,0.01252926752177983,0.01252926752177983,0.7302048341643022
Pcid2,0.013305061191729951,0.013305061191729951,0.714210100555784
Lrrc16a,0.0004542553937811619,0.0004542553937811619,0.9900248317714172
Mef2b,0.07617179609739051,0.07617179609739051,0.035772319728424644
Zfp395,0.0184652291674961,0.0184652291674961,0.6112733445813058
Fcgr4,0.03575674377607105,0.03575674377607105,0.3249003528018839
Hnrnpl,-0.00885635156657422,0.00885635156657422,0.8074200530002871
Gcap14,0.08617409098906562,0.08617409098906562,0.017493549510692638
Sars2,-0.02946389363793361,0.02946389363793361,0.41730674219277847
Yeats2,-0.020979308482056567,0.020979308482056567,0.563621183272803
Cxcr7,-0.06017394127826689,0.06017394127826689,0.0973875469397176
Papd7,0.02887534194483362,0.02887534194483362,0.4266753229181265
Eif2b5,0.05110142678054965,0.05110142678054965,0.1593177336292059
Cmtm4,0.03051335824279592,0.03051335824279592,0.40090488672621755
Tmbim1,0.001958301092765618,0.001958301092765618,0.9570165686964606
Serpinb9,0.09660331683921927,0.09660331683921927,0.00769834124036816
Ece2,-0.012215389981499625,0.012215389981499625,0.7367100143687951
Gdf10,0.012309903121724811,0.012309903121724811,0.7347492021356514
Itgb3,0.061038420804934546,0.061038420804934546,0.09266360575181179
Gm4636,0.010373530162361234,0.010373530162361234,0.7752492637101884
Map2k6,-0.03936660672403569,0.03936660672403569,0.2784107794920239
Zfp607,-0.046803099360541736,0.046803099360541736,0.1974485049270973
Tradd,-0.02471950548097385,0.02471950548097385,0.49621828717781774
Zfp60,0.013844815111781893,0.013844815111781893,0.7031548352310522
Parg,-0.0363210685180185,0.0363210685180185,0.31731796335818757
BC024479,0.06515265519403735,0.06515265519403735,0.07264001593400272
Ryr1,0.012804751895544893,0.012804751895544893,0.7245112617019909
Setd6,0.016534819827975958,0.016534819827975958,0.6490269790860341
Mtrr,-0.023294866107982225,0.023294866107982225,0.5213764366112251
Hsd17b7,0.005756349163059883,0.005756349163059883,0.8741166331291023
Abca9,0.06646112082263907,0.06646112082263907,0.06706832899627722
Snap29,0.06372453653610184,0.06372453653610184,0.07914694275057904
Crkl,-0.0015269170769265307,0.0015269170769265307,0.966478818804234
Thap7,-0.01387842091502937,0.01387842091502937,0.7024685579951675
Nup93,-0.04152944321203,0.04152944321203,0.25283245632943063
Uhmk1,0.06528005423460964,0.06528005423460964,0.07208142474729659
Scly,0.028734459417752666,0.028734459417752666,0.4289359137208581
Zfp146,0.04741587669273679,0.04741587669273679,0.19163812607080205
Zfp566,0.06504409125558265,0.06504409125558265,0.07311880927493579
Zfp82,-0.01634267569203419,0.01634267569203419,0.6528366715057511
Zfp568,0.0319695486583907,0.0319695486583907,0.37879758979950817
Zfp74,0.058026252811408954,0.058026252811408954,0.10995681083628132
Zfp420,0.008947538768885597,0.008947538768885597,0.8054766823672772
Zfp940,0.038781585951526865,0.038781585951526865,0.28562135305512903
Zfp790,0.016093765134042207,0.016093765134042207,0.6577853404257745
Ciapin1,-0.012211694835327021,0.012211694835327021,0.7367867103981187
Ramp1,0.014050918147116124,0.014050918147116124,0.698949744300809
Fermt2,0.06648464926818061,0.06648464926818061,0.06697144812606314
AA960436,-0.0764792278125372,0.0764792278125372,0.03503059818191073
2200002D01Rik,-0.0068477100489866445,0.0068477100489866445,0.850508370094144
Exoc2,-0.09821152428683229,0.09821152428683229,0.0067364103118987785
Fhod1,-0.04875240834550786,0.04875240834550786,0.1794023923316034
Ankrd28,0.049455502556091144,0.049455502556091144,0.17320309857552474
Ezh1,0.005291660824587176,0.005291660824587176,0.8842040705989948
Dhodh,0.006535017639036236,0.006535017639036236,0.8572598192944451
2400003C14Rik,0.05949532888884107,0.05949532888884107,0.10122881489051627
Clptm1,0.004282958450975658,0.004282958450975658,0.906163365871715
Arf4,0.08525843222815975,0.08525843222815975,0.018731809354622767
Tfrc,0.007140089507038002,0.007140089507038002,0.8442053749446777
Ppp1r37,0.03026915320004541,0.03026915320004541,0.4046866108016875
Brd9,0.037992348214447434,0.037992348214447434,0.2955469687856595
Tnk2,-0.05218061790968623,0.05218061790968623,0.15068056692530254
Slamf6,-0.03517866221708972,0.03517866221708972,0.3327885864452469
Cd3eap,0.05832227941665746,0.05832227941665746,0.10815191177998527
Phip,0.0013889522083684173,0.0013889522083684173,0.9695060858785419
Ddx19b,0.0702511775632251,0.0702511775632251,0.05288046620827066
Myo1d,0.031480881198350394,0.031480881198350394,0.3861314435122514
Fam118b,0.027539301804122607,0.027539301804122607,0.4483909383920313
Rfwd3,0.015605745432592341,0.015605745432592341,0.6675312126945829
Ap3m1,-0.015729927759938474,0.015729927759938474,0.665045865243365
Ndst2,-0.009869913104931334,0.009869913104931334,0.7858884738459245
Slamf9,0.02745677449217064,0.02745677449217064,0.4497525440256522
Tirap,0.013994326672357699,0.013994326672357699,0.7001034609195868
Ppp3cb,0.04841606242722812,0.04841606242722812,0.18242557984370666
Wdr5b,-0.03050920126157372,0.03050920126157372,0.40096908338294596
Pvrl2,0.03825209510466642,0.03825209510466642,0.29225520110989905
Abca8a,0.018226124437521325,0.018226124437521325,0.6158967105598039
Ccdc66,0.020368464788130928,0.020368464788130928,0.575033612266674
Ncbp2,-0.01059829352284536,0.01059829352284536,0.7705144287269662
Mettl6,0.022667883232426064,0.022667883232426064,0.5326525430220728
Tbccd1,-0.025432789779387552,0.025432789779387552,0.48386934076270804
Ranbp10,0.004725807669580279,0.004725807669580279,0.896512776248872
Bap1,-0.04299839551373637,0.04299839551373637,0.2364208025479738
Pskh1,0.02286013071884597,0.02286013071884597,0.5291819770145872
Ccdc97,-0.008654998308636891,0.008654998308636891,0.8117154570375231
B9d2,-0.026865545953705928,0.026865545953705928,0.45957526990789427
Lipe,-0.04797062019805075,0.04797062019805075,0.18648716896256332
Il1rap,-0.01638058404141799,0.01638058404141799,0.6520843328055992
Nisch,0.038059112622822265,0.038059112622822265,0.29469850814770926
Dedd,-0.023969328361771573,0.023969328361771573,0.5093847964232029
Zfp574,0.014827327023303067,0.014827327023303067,0.6831923183292767
Pla2g15,-0.03351439616508565,0.03351439616508565,0.35618099078185905
Eif4e2,-0.030807171192711716,0.030807171192711716,0.3963831277190632
Prmt7,0.043519100000045594,0.043519100000045594,0.2307878704357431
Mustn1,-0.056214173837534576,0.056214173837534576,0.12152806101214728
Zfp428,0.07504406192189271,0.07504406192189271,0.03860863593421115
Dcp1a,0.03156758447264296,0.03156758447264296,0.38482393653405694
Irgc1,-0.04938488561261557,0.04938488561261557,0.17381842390125496
Dlg1,0.05047917071330199,0.05047917071330199,0.16446496660896512
Pvr,0.021176464302080814,0.021176464302080814,0.5599611044681667
Senp5,0.0013163520157501904,0.0013163520157501904,0.9710992802510402
Tmem185b,-0.01355103348769858,0.01355103348769858,0.7091644920767106
Pnp,-0.02602521335875771,0.02602521335875771,0.473740673784296
Mzt2,0.020096393844461248,0.020096393844461248,0.5801515934288073
Gtpbp3,-0.03856936971911179,0.03856936971911179,0.2882678537152668
Rcbtb1,0.012986478246103219,0.012986478246103219,0.7207637170268126
Krt18,0.05592459356797724,0.05592459356797724,0.12346223876896632
Tenc1,-0.07530353285010634,0.07530353285010634,0.03793969355210754
Hivep1,0.1434424796033953,0.1434424796033953,7.233647077035576e-05
Ift88,0.03894315017023594,0.03894315017023594,0.2836175451782604
Map3k12,0.06633378849611625,0.06633378849611625,0.06759463289545241
Uevld,0.028887273514331624,0.028887273514331624,0.42648418875243876
Gorab,-0.06737106082233955,0.06737106082233955,0.06340449112882429
D14Ertd668e,-0.0006783620769403018,0.0006783620769403018,0.9851040636519043
Tarbp2,0.00896510588150612,0.00896510588150612,0.8051024315098565
Sergef,-0.006982085853537958,0.006982085853537958,0.8476103427650143
Pign,0.053925987169011105,0.053925987169011105,0.13747212330920972
Tmem143,0.02701906956427297,0.02701906956427297,0.45701315257201774
Grwd1,-0.057325360465009335,0.057325360465009335,0.11432492140085128
2810422O20Rik,0.03838774300101496,0.03838774300101496,0.29054594442618803
Sphk2,0.007223366141518441,0.007223366141518441,0.8424119335202793
Igfbp5,-0.0028723338573730453,0.0028723338573730453,0.9369891895209091
Gm5643,-0.11276795978484051,0.11276795978484051,0.0018480871283774402
Fut1,0.08069767924270685,0.08069767924270685,0.026104824115039116
Saal1,0.02763970719384743,0.02763970719384743,0.446737519647273
Ndnl2,0.06979385051241555,0.06979385051241555,0.054447103910044294
Cdadc1,-0.026200935654992073,0.026200935654992073,0.4707588762629921
Nupl1,0.023021177751081468,0.023021177751081468,0.526283523252153
Extl3,0.016942926054104843,0.016942926054104843,0.6409657825790069
Sugp2,0.040748534518627186,0.040748534518627186,0.2618724047842128
Ints9,0.021950939433180078,0.021950939433180078,0.5456958018091131
Racgap1,0.10527663685330892,0.10527663685330892,0.0036657627587599784
Upf1,0.06279399204541485,0.06279399204541485,0.08363580978685323
Comp,-0.17854205179638002,0.17854205179638002,7.277073514022449e-07
Abhd2,0.015977531042887957,0.015977531042887957,0.6601013806066914
Lass5,0.04149479203523594,0.04149479203523594,0.25322892601688163
Klhl20,0.036833461993886533,0.036833461993886533,0.3105344528135017
Tubd1,-0.01326959923261663,0.01326959923261663,0.7149385644464954
Slc35d2,-0.028793372974505307,0.028793372974505307,0.42798974670836615
Fam169b,-0.001881935524389911,0.001881935524389911,0.9586912172896735
Rab3a,-0.015097170901823047,0.015097170901823047,0.6777474423035763
Clasp1,0.031986016150972726,0.031986016150972726,0.3785519475149912
Kpna3,0.0695666211110859,0.0695666211110859,0.055239766975714207
I730030J21Rik,-0.027504691276381107,0.027504691276381107,0.4489616876188834
Acvrl1,-0.049517642371251495,0.049517642371251495,0.17266298461895271
Lrrc28,-0.01456936186952345,0.01456936186952345,0.688412935144271
Cd3g,0.07946929928928419,0.07946929928928419,0.02847518545717585
Lrrk1,0.04399035031502997,0.04399035031502997,0.22577257539498974
Vamp4,0.03668744140577991,0.03668744140577991,0.3124577950036463
Tom1,-0.014892575696828388,0.014892575696828388,0.6818742169243912
Pak1ip1,-0.0011976552693833025,0.0011976552693833025,0.97370429784979
Slc37a4,0.009555589108388381,0.009555589108388381,0.7925491791135065
Zfp263,-0.02194244151672123,0.02194244151672123,0.5458513462125238
Ciita,-0.08301825170242574,0.08301825170242574,0.022088635872972003
Nt5c3l,-0.01884941123578248,0.01884941123578248,0.6038770780481741
C2cd2l,-0.0029561636637149137,0.0029561636637149137,0.935154191606036
Rnf111,0.04387187235807789,0.04387187235807789,0.22702611247866636
Ccl4,-0.10685226046453213,0.10685226046453213,0.003184818112489365
1600014C10Rik,-0.07667354708842775,0.07667354708842775,0.03456856705158818
Ccne1,0.01975101389441818,0.01975101389441818,0.5866791281189633
Nlrx1,0.050771905805969096,0.050771905805969096,0.16202813421142398
Ercc4,-0.022636170964139737,0.022636170964139737,0.5332261343257566
Lipc,0.10451565998116732,0.10451565998116732,0.003920873532785979
Ccl6,-0.013569715232691666,0.013569715232691666,0.708781791496339
Ccdc123,-0.12055009403814818,0.12055009403814818,0.0008684042151339903
Zfp953,-0.0604146949619981,0.0604146949619981,0.09605304803804636
Mettl3,0.01334820435751008,0.01334820435751008,0.7133241988003527
Fbxw9,-0.02656787921866192,0.02656787921866192,0.46456575075858814
Pdxdc1,0.03379077421176518,0.03379077421176518,0.3522262767178789
Hdac4,-0.038711563401464956,0.038711563401464956,0.2864927705431804
Zfp58,0.05166696123946323,0.05166696123946323,0.1547460577786673
4931406P16Rik,0.015178108389852058,0.015178108389852058,0.6761175494822224
Ap2b1,0.10742948395954895,0.10742948395954895,0.0030235109405992965
Prkdc,0.015357069539236308,0.015357069539236308,0.6725190701160084
Nacc1,-0.015565307081400002,0.015565307081400002,0.668341321437506
Traf3ip1,-0.0064243942067965226,0.0064243942067965226,0.8596508524143814
Ccdc130,-0.07039531570807504,0.07039531570807504,0.0523945621403087
Clec11a,0.05455434494385197,0.05455434494385197,0.13294142166091621
Slc35b3,-0.03136374531196222,0.03136374531196222,0.38790217493648965
Inpp4b,0.070285735678862,0.070285735678862,0.052763626152922814
Il15,0.056836190250651265,0.056836190250651265,0.11745347507764625
Cluap1,-0.07521491676949285,0.07521491676949285,0.03816704000060537
Slc19a2,-0.016162167823731678,0.016162167823731678,0.6564239011756995
Tbc1d9,0.062273384918641456,0.062273384918641456,0.08623558588950868
Scoc,0.05813419209487331,0.05813419209487331,0.1092959637843051
Pih1d1,-0.016293683361367897,0.016293683361367897,0.65380950784132
Blzf1,0.011041944100309758,0.011041944100309758,0.7611937082716888
Fcgrt,-0.05343094819072954,0.05343094819072954,0.14112449914440212
Gipc1,-0.06474803245039851,0.06474803245039851,0.07443760787464956
Vps13c,0.11475488734339065,0.11475488734339065,0.001530483039163987
Pigw,0.009419126708366069,0.009419126708366069,0.7954456368548347
Mrm1,0.00799133438481315,0.00799133438481315,0.8259126048212063
Atf5,-0.0070160563927483405,0.0070160563927483405,0.8468780381216282
Asf1b,-0.03248686991901774,0.03248686991901774,0.37112763335391935
Il27ra,-0.1338696189630575,0.1338696189630575,0.00021464353850585095
Narg2,-0.0013105979502808893,0.0013105979502808893,0.9712255568883653
Dcaf15,-0.05743516644012518,0.05743516644012518,0.1136317206088486
Nagpa,0.0022222431873074057,0.0022222431873074057,0.9512299899691771
Cc2d1a,-0.07237437624874214,0.07237437624874214,0.04609133283548098
Mri1,0.025095125592212855,0.025095125592212855,0.48969442283957626
Zfp768,0.0569603405509402,0.0569603405509402,0.11665317477782847
Trex1,0.04936089260423112,0.04936089260423112,0.17402785906805063
Fndc1,-0.03955792012935033,0.03955792012935033,0.27607983993234375
Idua,-0.040629675793973134,0.040629675793973134,0.26326764178337964
Pigf,0.028138995467772307,0.028138995467772307,0.43856712827560923
Anp32b,-0.06787111530429127,0.06787111530429127,0.061462350497069045
Socs5,-0.04953961685026859,0.04953961685026859,0.1724722855002305
Mcfd2,-0.0225599891688574,0.0225599891688574,0.534605334678798
Ttc7,-0.01586504753187371,0.01586504753187371,0.6623457871991821
Galnt12,0.03104095676871379,0.03104095676871379,0.39280723225243636
Trim41,-0.008253978092324372,0.008253978092324372,0.8202870406738995
Nfic,0.010281849126327985,0.010281849126327985,0.7771830124709423
Glmn,0.07401321638896247,0.07401321638896247,0.041365923211956625
Lipt1,-0.04434910177664868,0.04434910177664868,0.22200695722912991
Cdc7,0.004089615193801994,0.004089615193801994,0.9103811365818291
5430427O19Rik,0.03922285449803146,0.03922285449803146,0.2801710100049709
Tex10,-0.030010583268375794,0.030010583268375794,0.40871390648059414
Lrrc8c,0.027018256335970832,0.027018256335970832,0.4570267032052757
Gbp8,0.046643196542949884,0.046643196542949884,0.19898566424080924
Cul2,0.04393282502677946,0.04393282502677946,0.22638059527527635
Dmd,0.07602366273174097,0.07602366273174097,0.03613445817831036
Nudt9,0.05375127027372651,0.05375127027372651,0.138752779079346
Dusp5,0.0016380697912439972,0.0016380697912439972,0.9640402207728546
Arhgap12,0.022920915535297317,0.022920915535297317,0.5280870471078042
2210404O07Rik,-0.02709613679946761,0.02709613679946761,0.45573002182813255
Smc2,-0.001434308659581019,0.001434308659581019,0.9685108103230246
Gna15,0.00943772829451858,0.00943772829451858,0.7950506456601965
Rhoq,-0.029620926357581095,0.029620926357581095,0.4148276954287285
Zfx,0.018193976687391967,0.018193976687391967,0.6165194916861392
Aldh1b1,-0.09814217454277793,0.09814217454277793,0.00677555579814596
Git2,0.002461474252574187,0.002461474252574187,0.9459873757859325
Galt,0.016671174953342086,0.016671174953342086,0.6463289708337178
BC057022,-0.038745486822328715,0.038745486822328715,0.286070376396124
Mvk,0.05276713396443242,0.05276713396443242,0.14613834841177645
Mmab,0.0017963252856314667,0.0017963252856314667,0.960568811634739
Ralgapa1,0.02623782595025289,0.02623782595025289,0.47013420763322367
Fancg,0.030249683251083875,0.030249683251083875,0.4049890333252528
2410091C18Rik,0.006427546128195496,0.006427546128195496,0.8595827083779227
Pigo,0.08355497691485206,0.08355497691485206,0.021240066530655844
Rusc2,-0.02657206574186585,0.02657206574186585,0.46449535431733574
Alkbh2,-0.019852585059689527,0.019852585059689527,0.5847559528966584
Slc10a6,-0.09833072972225208,0.09833072972225208,0.006669596894726346
Tesk1,0.0035081970587414503,0.0035081970587414503,0.923079456256459
Morn2,0.042510728381488824,0.042510728381488824,0.24178369144489004
Sos1,0.1299016229697792,0.1299016229697792,0.0003300824767926565
Sit1,0.034407966737300684,0.034407966737300684,0.34349542345033646
Csprs,0.12384403909250821,0.12384403909250821,0.0006222967394348581
Zxdb,0.04401253850886751,0.04401253850886751,0.22553836603321786
Haao,0.047942028067231635,0.047942028067231635,0.1867501345263213
Ulk1,-0.02984488247972191,0.02984488247972191,0.41130721370796547
Pfas,0.031019911833262314,0.031019911833262314,0.39312832612019694
Pdzd8,0.05960728240706045,0.05960728240706045,0.10058693640363132
Scml4,-0.0448058405663805,0.0448058405663805,0.21727807037833924
Prkce,-0.0017955515603608435,0.0017955515603608435,0.9605857819033491
Gemin6,0.019428384117180838,0.019428384117180838,0.5928072030232447
Nfyb,0.03575950552788469,0.03575950552788469,0.3248629610845517
Lars2,0.042118750396472476,0.042118750396472476,0.2461557891578046
Prkx,0.06918678735657646,0.06918678735657646,0.056586196713147546
Psip1,0.11944888070268517,0.11944888070268517,0.0009689941656083423
Rufy3,0.026978021795184163,0.026978021795184163,0.45769740315815893
Igj,0.1886451006451344,0.1886451006451344,1.6133000975441975e-07
Stap1,-0.028618194462133213,0.028618194462133213,0.43080671625373057
4930473A06Rik,0.015036452298997945,0.015036452298997945,0.6789711632832698
Scd2,0.009885159818408599,0.009885159818408599,0.7855657803820116
Dennd4c,0.04392154433581815,0.04392154433581815,0.22649996439418751
Cwf19l1,-0.01781807686996803,0.01781807686996803,0.6238219471006597
Hopx,0.031787738577047565,0.031787738577047565,0.3815161179127535
BC057079,0.010194683840761215,0.010194683840761215,0.7790227931071605
Gypc,0.03693360288202169,0.03693360288202169,0.30921994285829524
Cutc,-0.08778467235103948,0.08778467235103948,0.015488621542465013
Cox15,-0.007333786432654239,0.007333786432654239,0.8400351866298269
Tslp,-0.03824101557070332,0.03824101557070332,0.29239510802524843
5830433M19Rik,0.0399055918979946,0.0399055918979946,0.2718779356141773
Apc,0.03328916368284284,0.03328916368284284,0.3594244358605331
Dcun1d4,0.032673160721095766,0.032673160721095766,0.3683893534769233
Hps1,0.09271525173927489,0.09271525173927489,0.01054924059147319
Ociad2,0.045136014805346,0.045136014805346,0.2139049028097701
Pi4k2a,0.08327318246416567,0.08327318246416567,0.021681985751984278
Brd8,0.14483746595959793,0.14483746595959793,6.137249738985926e-05
Nfxl1,0.04927245041741309,0.04927245041741309,0.17480149649671692
Nfia,-0.03775301387952866,0.03775301387952866,0.29860190020884286
Adamts2,-0.03820468894122159,0.03820468894122159,0.29285413772509855
Fbxw4,-0.012903308347446863,0.012903308347446863,0.722478015041738
Rassf6,0.02729156771972252,0.02729156771972252,0.45248528204927924
Ldb1,-0.04076815287828792,0.04076815287828792,0.26164260360178937
Helq,0.05380019869254173,0.05380019869254173,0.13839321809180807
BC026590,0.05293036766193942,0.05293036766193942,0.14489299222027227
Ctnnal1,0.050773522411153224,0.050773522411153224,0.16201475293465875
Tbl1x,0.025166942881979504,0.025166942881979504,0.48845234959454503
Lin54,0.08013230586516384,0.08013230586516384,0.027173787940044648
Thoc1,0.04767451185116887,0.04767451185116887,0.1892237722145702
9930111J21Rik2,-0.09878886996877051,0.09878886996877051,0.006418313133285891
Ptgr1,0.04642834698740514,0.04642834698740514,0.2010647496089774
Fyco1,0.017493063149951985,0.017493063149951985,0.6301657720357126
Ccr1,-0.0020091259946906663,0.0020091259946906663,0.9559021152338891
Mapk9,-0.024958713097196147,0.024958713097196147,0.4920583281794864
Slc44a1,-0.03606612672086712,0.03606612672086712,0.32072896082592794
Fancm,0.020059652711162734,0.020059652711162734,0.5808443680228291
Mrpl1,0.00032706304770316655,0.00032706304770316655,0.9928178072989732
3110002H16Rik,-0.06462396079785869,0.06462396079785869,0.0749960245266402
Snx30,-0.07287545738736997,0.07287545738736997,0.044600603228208406
Sfxn2,-0.058762828754016797,0.058762828754016797,0.10550926966735288
Ccr5,0.05330484363447744,0.05330484363447744,0.1420666848602568
Matk,-0.017408736234559172,0.017408736234559172,0.6318162003236412
Trappc8,0.05252040329728926,0.05252040329728926,0.14803622161212326
Alad,0.09883214688423309,0.09883214688423309,0.006395021453480587
Pole3,0.02470328815144181,0.02470328815144181,0.496500992057285
6330416G13Rik,-0.08577397294285914,0.08577397294285914,0.01802554048941753
Maml1,0.02523527702404003,0.02523527702404003,0.4872720926510333
Tjp3,-0.05397693110799688,0.05397693110799688,0.13710042789629462
Inadl,-0.0852547175007076,0.0852547175007076,0.018736984819774014
Aqp7,-0.04656945671607815,0.04656945671607815,0.19969746501489155
Oasl1,-0.11047351659741665,0.11047351659741665,0.0022893922514304003
Asl,0.03597869818973092,0.03597869818973092,0.32190419829928535
Coq4,0.00917230673589657,0.00917230673589657,0.8006915962591687
Gtf3c4,0.014876079186623689,0.014876079186623689,0.6822073748954276
Ints12,-0.072450911418861,0.072450911418861,0.045860964561478396
Cenpe,-0.0063921799731732586,0.0063921799731732586,0.8603473787230642
Ncoa7,0.055683121275420945,0.055683121275420945,0.12509335926528592
Sfswap,0.08318336117017121,0.08318336117017121,0.021824515051433676
Gpr133,-0.03028021523226522,0.03028021523226522,0.40451484670269694
5930434B04Rik,0.01482579481226307,0.01482579481226307,0.6832232824344302
Manba,-0.030533793746877265,0.030533793746877265,0.4005893888918987
Fbxw11,0.028779079244908013,0.028779079244908013,0.42821919624669674
Snhg7,0.01460005259398737,0.01460005259398737,0.6877910430172918
Adh1,-0.009083352951856822,0.009083352951856822,0.8025844521156097
Egfl7,-0.05333234952996352,0.05333234952996352,0.14186076550061152
Ncor2,-0.017468692231190276,0.017468692231190276,0.6306425656751583
Chrnb1,0.03343518674457096,0.03343518674457096,0.3573195352310531
Atp6v0a2,0.025331162629638932,0.025331162629638932,0.4856185657387429
Eif2b1,-0.02121110380289756,0.02121110380289756,0.5593192328457501
Slc25a45,0.01280753627726502,0.01280753627726502,0.724453792436208
Nt5dc3,0.08569756064415114,0.08569756064415114,0.018128730053991026
Ubac1,0.0646680521599769,0.0646680521599769,0.07479719012453219
Ctbs,-0.06104156849880138,0.06104156849880138,0.09264674687490679
Ccdc99,0.07284281359660337,0.07284281359660337,0.04469646765147705
Kctd11,-0.0027320220844235786,0.0027320220844235786,0.9400612957116815
Dpp9,0.0019445977303274816,0.0019445977303274816,0.9573170610386139
Cenpw,-0.0033002399248299313,0.0033002399248299313,0.9276262181679318
Lrg1,-0.01827978634878557,0.01827978634878557,0.614857761947114
Fubp3,-0.0138199846007551,0.0138199846007551,0.7036620639533356
Foxp4,0.016096255557640222,0.016096255557640222,0.6577357528656753
AI314976,-0.026975234509152686,0.026975234509152686,0.45774388694653845
Med23,-0.015053341356022116,0.015053341356022116,0.6786306967479596
Dtx2,0.017555008424180427,0.017555008424180427,0.6289545643667382
Palmd,0.008293665576522037,0.008293665576522037,0.8194377690624822
Gdap10,0.07612386185972138,0.07612386185972138,0.035889163942818464
Tor1b,0.020879487681743105,0.020879487681743105,0.5654786736804721
F3,-0.04320541305090815,0.04320541305090815,0.23416979579320882
Abcd3,0.06907117700897158,0.06907117700897158,0.05700138186655875
Nsun5,0.026850449948901414,0.026850449948901414,0.4598276361006014
Abcb9,-0.04642803609125561,0.04642803609125561,0.20106776954796562
Kat2b,0.047726409694398154,0.047726409694398154,0.18874201435780238
Terf1,-0.013098685493173414,0.013098685493173414,0.7184531202592233
Arhgap18,0.03925282497735499,0.03925282497735499,0.27980340349851734
Usp53,0.07512638976691369,0.07512638976691369,0.03839531119913748
Zfp959,-0.008469160545465829,0.008469160545465829,0.8156849023903037
Zer1,0.00043252083176617,0.00043252083176617,0.9905020862806961
Ebi3,0.051030221627716636,0.051030221627716636,0.1599004967751352
Clip2,0.032655119594591525,0.032655119594591525,0.36865398901911367
Rhbdf1,0.05072268975983879,0.05072268975983879,0.16243591336267546
Gtf2ird2,0.03612742813350343,0.03612742813350343,0.31990660200480586
Ap1ar,-0.02020028971154758,0.02020028971154758,0.5781946735863293
Hdgfrp2,-0.03960820235865192,0.03960820235865192,0.27546941806006237
Pot1b,0.06564534534047309,0.06564534534047309,0.07049921806906853
Oasl2,0.034015257131114786,0.034015257131114786,0.3490346328694112
1810014B01Rik,-0.06305819797751945,0.06305819797751945,0.08234087132634654
Npdc1,0.0335570308732192,0.0335570308732192,0.355569111819584
Pdss1,-0.07653914334603981,0.07653914334603981,0.034887579764025456
Enkur,0.05263391461114617,0.05263391461114617,0.1471607617111373
C430048L16Rik,0.07597329699772103,0.07597329699772103,0.036258294644015504
Otud6b,0.019412931969141643,0.019412931969141643,0.5931014367475862
Gm3230,-0.03724826244724141,0.03724826244724141,0.3051134475483676
Msrb2,-0.1440408979065292,0.1440408979065292,6.742410371487618e-05
Dpy30,0.04880133608159778,0.04880133608159778,0.17896572912184464
Spast,0.03072623209400007,0.03072623209400007,0.3976256976259401
Nbn,0.023820717990067897,0.023820717990067897,0.5120145855693555
Ccnc,0.07240282940956096,0.07240282940956096,0.04600557645944499
Slc30a6,-0.028536502407988922,0.028536502407988922,0.4321240324397084
Nktr,0.13137476455516087,0.13137476455516087,0.0002817329922555661
Ptpla,-0.1064306743212145,0.1064306743212145,0.0033075361517456866
Vit,-0.0029317001786201124,0.0029317001786201124,0.9356896515402277
Fbxl4,0.0005457659912973712,0.0005457659912973712,0.9880154536866728
Manea,0.02001214126433995,0.02001214126433995,0.5817407955300095
4933421O10Rik,0.034247402421629984,0.034247402421629984,0.3457533923537268
Orc3,-0.025039757133688213,0.025039757133688213,0.4906531720649672
Pfkfb3,-0.033958144822539435,0.033958144822539435,0.3498448980449314
1810030N24Rik,-0.0048520294827678724,0.0048520294827678724,0.8937648776310754
Atp5c1,-0.03724581487423847,0.03724581487423847,0.30514524983217534
Eid3,0.048587455342108565,0.048587455342108565,0.18088036633117524
Zbtb24,-0.03833266633737213,0.03833266633737213,0.2912391370947484
Hspb8,0.024322234499425423,0.024322234499425423,0.503168217083962
Slc16a10,0.006860225076498296,0.006860225076498296,0.8502383779213534
Pdzd11,0.018969423558246067,0.018969423558246067,0.6015748550062285
Xdh,0.008568515091024834,0.008568515091024834,0.8135621214537545
Kdm2b,0.0996910835432639,0.0996910835432639,0.005948175113203773
Dpp7,-0.07345782263505538,0.07345782263505538,0.04291926332320772
Fam26f,-0.018257033540288552,0.018257033540288552,0.6152981852385869
Camkk2,-0.004110266026716196,0.004110266026716196,0.9099305176166618
Ppp4r1,0.08380918145185173,0.08380918145185173,0.02084815348111723
Anapc2,0.05552477155177872,0.05552477155177872,0.12617206501337713
Ddx11,0.04097351359969352,0.04097351359969352,0.25924544281525314
Lama4,-0.034910635110253635,0.034910635110253635,0.3364874874223467
Brap,0.07793137755265744,0.07793137755265744,0.03170173801767514
Lrrc40,-0.027690314246750697,0.027690314246750697,0.4459054656730993
Wls,0.09540445359358019,0.09540445359358019,0.008493498442087419
Bcl7a,0.004979478218344094,0.004979478218344094,0.8909915591501119
Nelf,-0.05320511294272929,0.05320511294272929,0.14281522754005418
Penk,0.02223282406577546,0.02223282406577546,0.5405487033753437
Oas2,0.03702554276120697,0.03702554276120697,0.30801632054441547
Chst10,-0.05647666204571567,0.05647666204571567,0.11979534747981971
Ddx54,0.027079804086206805,0.027079804086206805,0.45600178423509874
Slc24a6,0.06410785927499979,0.06410785927499979,0.07735562171268594
2610301B20Rik,0.037250489705296735,0.037250489705296735,0.30508450981119933
Mterfd3,0.012497464562623085,0.012497464562623085,0.730863085170145
2410131K14Rik,0.03583185545601758,0.03583185545601758,0.3238844017808177
Fbxw8,-0.006643072050493218,0.006643072050493218,0.8549255745695996
Lclat1,-0.02784934476881575,0.02784934476881575,0.4432965131009235
1110037F02Rik,0.029344124144282644,0.029344124144282644,0.41920336634701677
Zfp161,0.07126543864222057,0.07126543864222057,0.0495397967648877
2010109K11Rik,-0.008467162983379871,0.008467162983379871,0.8157275956366359
Gnpda2,0.08757168839552532,0.08757168839552532,0.01574161313958354
Cox10,0.022873037803352154,0.022873037803352154,0.5289493825871527
Setbp1,0.09431585918938083,0.09431585918938083,0.00927817637081529
Pard6g,0.028590955659368804,0.028590955659368804,0.43124569396265383
Rcc1,0.02993266589199797,0.02993266589199797,0.4099321435876742
Elk1,-0.09829277816027933,0.09829277816027933,0.006690803554541497
Phactr4,0.05013800737501953,0.05013800737501953,0.16733957534115376
Zfp182,0.03552157743758977,0.03552157743758977,0.3280945522113624
Sesn2,0.07601336903992123,0.07601336903992123,0.03615973843697124
Dnajc8,0.010505730150610983,0.010505730150610983,0.7724633339250472
Atp9b,0.004393694555380941,0.004393694555380941,0.9037488462229367
Zfp236,0.022526529502919376,0.022526529502919376,0.5352116579758833
Mib2,0.055390235788267794,0.055390235788267794,0.12709421493623788
Zadh2,0.008420277282363504,0.008420277282363504,0.8167298250414918
Top3a,0.04146466187849218,0.04146466187849218,0.2535740184594565
Rttn,-0.030741354602494712,0.030741354602494712,0.39739336035167505
Pigh,0.00789622593060973,0.00789622593060973,0.8279519502914653
Tmx3,-0.000673714386385494,0.000673714386385494,0.9852061090923996
Aldh6a1,-0.0019465678890098117,0.0019465678890098117,0.9572738583050348
Gpatch3,-0.02963625767963514,0.02963625767963514,0.41458612909534204
Hes5,0.018689225556051837,0.018689225556051837,0.6069560945457624
1810055G02Rik,0.034218736270853214,0.034218736270853214,0.3461575069201081
Entpd5,-0.019291785518636088,0.019291785518636088,0.5954105702212805
Adarb1,0.023638228394041727,0.023638228394041727,0.5152535401964601
Ccdc21,0.01125754725727296,0.01125754725727296,0.7566764342561033
Trappc10,0.08175961431025128,0.08175961431025128,0.024194805511351034
Agpat3,0.0016808624863794966,0.0016808624863794966,0.9631014729042074
Fam132a,0.030128677936165985,0.030128677936165985,0.4068716042268907
Xlr,0.11289493621497959,0.11289493621497959,0.0018261092192590994
1110012L19Rik,0.004197739907941516,0.004197739907941516,0.9080220845329086
Ms4a6c,0.12479936524749652,0.12479936524749652,0.0005641107186468029
Mxra7,-0.039000223369192774,0.039000223369192774,0.28291196864480783
Sgpp1,0.021663645924136915,0.021663645924136915,0.5509665075197436
Syne2,0.029053490037151755,0.029053490037151755,0.4238267201077396
Usp22,0.10472895512286182,0.10472895512286182,0.003847792094957936
Map2k3,0.04957484549107595,0.04957484549107595,0.1721668921263922
Mier2,0.027530339374036202,0.027530339374036202,0.44853869499649207
Kpna6,0.03969779857882546,0.03969779857882546,0.27438400738259483
Akap9,0.04910962890890867,0.04910962890890867,0.1762324534305861
Cybasc3,-0.05037820166572431,0.05037820166572431,0.1653118276893082
Man1c1,-0.03885713838322921,0.03885713838322921,0.2846831246806278
Ankib1,0.1043030337627126,0.1043030337627126,0.003994975785266408
Arid5b,0.03244474598186389,0.03244474598186389,0.3717485542582784
Tinagl1,-0.005776965667697511,0.005776965667697511,0.8736695510882966
Fut8,0.05332439404211283,0.05332439404211283,0.141920299707023
Cdk16,-0.06362818194985506,0.06362818194985506,0.07960247745501109
Sdc3,0.02428465037569997,0.02428465037569997,0.5038283675525902
Mpp5,0.09220289122403799,0.09220289122403799,0.010987583974420541
Usp11,0.0035504650585781827,0.0035504650585781827,0.9221556131126618
Dym,0.025974005698342822,0.025974005698342822,0.47461155265298194
Fcf1,-0.06651110173050205,0.06651110173050205,0.06686266464098327
Acox1,-0.004050408906840826,0.004050408906840826,0.9112367305878637
Smad2,0.0707909959087266,0.0707909959087266,0.051079803374863605
Tmem216,0.01702930958505133,0.01702930958505133,0.6392648397381937
Zmym1,0.030495564075704272,0.030495564075704272,0.4011797270009782
Runx3,0.09428042253955456,0.09428042253955456,0.00930477089190393
Irgm2,0.02108859266434041,0.02108859266434041,0.5615909672136298
Fbxo6,-0.00021896468511864418,0.00021896468511864418,0.9951915746208928
Imp4,0.010335586414084715,0.010335586414084715,0.7760494104097637
Nt5m,-0.08938124026660543,0.08938124026660543,0.013703232727125186
Plod1,-0.0013250568859316005,0.0013250568859316005,0.970908247697361
Nbl1,-0.08030570837273157,0.08030570837273157,0.026841993449817952
Mfn2,-0.06317495866193967,0.06317495866193967,0.08177379105012053
Rnf113a1,-0.04893321072291537,0.04893321072291537,0.1777927227188705
Gm16287,0.024983194628271935,0.024983194628271935,0.4916336359878709
Prpsap1,0.07554093708426676,0.07554093708426676,0.03733628562341705
Zbtb33,-0.008839469603122579,0.008839469603122579,0.8077799699219143
Dst,-0.03260965733685259,0.03260965733685259,0.36932137370116874
Hist1h2bm,-0.0059438173146444395,0.0059438173146444395,0.8700527601862165
Pdpn,-0.04329657611045675,0.04329657611045675,0.23318335524743888
D4Ertd22e,0.019479214149111183,0.019479214149111183,0.5918397890189784
Kazn,0.0144537730714182,0.0144537730714182,0.6907570179679164
Tmem51,0.07561443726311579,0.07561443726311579,0.037151131629560734
Mcts1,0.016894728579363947,0.016894728579363947,0.6419156385347718
Pcnxl3,-0.01004774584191277,0.01004774584191277,0.782126978780551
4933439C10Rik,-0.04213001141562269,0.04213001141562269,0.24602941782581983
Fbxo42,0.02458461562014085,0.02458461562014085,0.4985723295247576
Pcnx,0.09122436976459594,0.09122436976459594,0.011869833075180383
Plekhm2,0.01593873693373696,0.01593873693373696,0.660875103960159
Jmjd4,-0.002681245348853159,0.002681245348853159,0.9411732668782833
2310033P09Rik,-0.014978857405792877,0.014978857405792877,0.6801327101772764
Rps6ka4,0.04402435660974841,0.04402435660974841,0.22541368975658863
Dpp3,0.019570476338724312,0.019570476338724312,0.5901046749598368
Zdhhc24,0.04972359187723302,0.04972359187723302,0.17088187598318486
Rps6kb2,0.07109354673461403,0.07109354673461403,0.05009319417071019
Exd2,-0.06663014416998221,0.06663014416998221,0.06637490834249263
Plekhg5,-0.02463807716312998,0.02463807716312998,0.49763863237634887
Rbmx2,-0.02947560181020886,0.02947560181020886,0.4171216072806282
Slc25a14,0.020071085620635802,0.020071085620635802,0.5806287527075672
Zbtb48,-0.004258149515141498,0.004258149515141498,0.9067044260578826
E2f2,0.053330987771439756,0.053330987771439756,0.14187095474459863
Aifm1,-0.010295742709541582,0.010295742709541582,0.7768898782277481
Ube2o,0.02130979629454482,0.02130979629454482,0.5574924128606648
Thap3,0.026358285917806985,0.026358285917806985,0.46809762769846097
C1qb,-0.052035173040361066,0.052035173040361066,0.15182339864154507
Drg2,0.05112473426895132,0.05112473426895132,0.15912732732676924
Ssh3,0.017355543848715394,0.017355543848715394,0.6328582136365983
C1qa,-0.011028501872558863,0.011028501872558863,0.7614756181417442
Wnt4,0.019447401739105554,0.019447401739105554,0.5924451686458707
Kdm2a,0.03905175641132601,0.03905175641132601,0.282275903911327
Pcnt,0.11491940412609696,0.11491940412609696,0.0015065758732420228
Tmem201,0.05624576677329192,0.05624576677329192,0.12131848286946449
Nkrf,0.006722966827953208,0.006722966827953208,0.853200461419172
Hist3h2ba,-0.06116802974368722,0.06116802974368722,0.09197145783514334
Actn3,0.029815618891267347,0.029815618891267347,0.41176621536662283
Apitd1,-0.028558546336256846,0.028558546336256846,0.43176833630492606
Zfp280b,-0.01560496249252944,0.01560496249252944,0.6675468938068438
Dffa,0.08455358624726253,0.08455358624726253,0.019736451885938155
C1qc,0.0026380193976253963,0.0026380193976253963,0.9421199719942797
Gpkow,0.02254567758327255,0.02254567758327255,0.5348646328781743
Jmjd1c,0.04942388095837057,0.04942388095837057,0.17347843421581438
AU040320,0.05474979070249464,0.05474979070249464,0.1315559627431757
Ik,0.0050497904667839415,0.0050497904667839415,0.8894621131329268
Hhex,-0.09591571843907967,0.09591571843907967,0.008145842948326952
Hars2,-0.05570767572088723,0.05570767572088723,0.1249267346238495
Gpx7,-0.04656660433186622,0.04656660433186622,0.19972503594152818
Qdpr,0.013002831318743024,0.013002831318743024,0.7204268118694561
Sowahc,0.06848965670627927,0.06848965670627927,0.059128299256186095
Tram2,0.07309610983259851,0.07309610983259851,0.04395714679977528
Vaultrc5,0.041101193270025545,0.041101193270025545,0.25776272467767253
L2hgdh,-0.015298245906005044,0.015298245906005044,0.673701051538755
Cpeb2,0.05652647694656863,0.05652647694656863,0.11946870477478304
Bend5,-0.10945489390369907,0.10945489390369907,0.002514598206659635
Tmem128,0.026930192312977712,0.026930192312977712,0.45849542573231844
Gm12824,0.045488928303719464,0.045488928303719464,0.21034128829996288
Ftsj1,0.038289684318141316,0.038289684318141316,0.29178087742869757
Atp5s,0.0378501376114232,0.0378501376114232,0.29735965775207346
Fchsd1,-0.013990806771289617,0.013990806771289617,0.7001752431397206
Ifit1,0.06547443097325281,0.06547443097325281,0.07123593394839033
Btbd2,-0.06571392339323784,0.06571392339323784,0.07020537544385866
Ifit2,-0.029259396142970157,0.029259396142970157,0.42054813728247353
Chst3,-0.14283280724307837,0.14283280724307837,7.768740626966581e-05
Ogfrl1,0.034205974815307016,0.034205974815307016,0.3463375052000715
Tbc1d14,-0.1294815101594231,0.1294815101594231,0.00034522960410996795
Sorcs2,0.05846439511343153,0.05846439511343153,0.10729377538678674
Rbm3,-0.12453518370772564,0.12453518370772564,0.00057967378009829
9230114K14Rik,0.013507442959185106,0.013507442959185106,0.71005774056342
Sod3,-0.05581168102754015,0.05581168102754015,0.12422287670107524
Tmco6,0.01745868352022359,0.01745868352022359,0.6308384209829307
Atg4c,0.03307471333428859,0.03307471333428859,0.36252976723213465
Uchl1,-0.015744408720786612,0.015744408720786612,0.6647562860628001
1110034A24Rik,-0.0075128626893642015,0.0075128626893642015,0.8361837529571301
6330578E17Rik,0.0013179894744647016,0.0013179894744647016,0.9710633453070201
4930534B04Rik,0.09537700896234888,0.09537700896234888,0.008512529582778403
Rmnd5b,-0.028026825175562823,0.028026825175562823,0.44039518958237356
Frat1,-0.11268411392520636,0.11268411392520636,0.001862732394144235
Pim2,0.038039575112336556,0.038039575112336556,0.29494662746861533
Leprot,-0.015538155094356009,0.015538155094356009,0.6688854785329729
Hdac6,0.03534283137635005,0.03534283137635005,0.33053596397064666
Pole2,0.06697044536730713,0.06697044536730713,0.06499669377463664
Mast2,-0.03288864212615335,0.03288864212615335,0.36523770036854725
1700066B19Rik,-0.011109651517579436,0.011109651517579436,0.7597742326840218
Pgm1,-0.003910848084580541,0.003910848084580541,0.9142831762001016
Sorbs1,0.031129464063874075,0.031129464063874075,0.3914585664129352
Recql5,-0.02714653912917221,0.02714653912917221,0.4548919437554969
Hbegf,-0.012635150485148496,0.012635150485148496,0.72801472227653
Eif4ebp3,-0.04028933807938919,0.04028933807938919,0.2672910211863166
Lrrc42,-0.014932788727348646,0.014932788727348646,0.6810623474990493
6030468B19Rik,-0.025006241147534476,0.025006241147534476,0.4912340171086706
Anapc4,0.05875021296730652,0.05875021296730652,0.10558422792566773
Apbb3,-0.0316416590568241,0.0316416590568241,0.38370901626903114
5730455O13Rik,0.05245350113392066,0.05245350113392066,0.1485540636525453
Phf15,0.010172095602098275,0.010172095602098275,0.7794997607701262
Pars2,0.007062640489804028,0.007062640489804028,0.8458740370216516
Ptpn12,0.02893242397255617,0.02893242397255617,0.42576136585371543
Slc29a3,0.01078913526725886,0.01078913526725886,0.7665008637916875
Ccdc17,-0.008381896855965378,0.008381896855965378,0.8175504683507566
Tyms,0.056516409543069676,0.056516409543069676,0.11953466182109325
Ppm1a,-0.030605562374555195,0.030605562374555195,0.3994825539819756
Ppargc1b,0.0060127363938836335,0.0060127363938836335,0.8685596097589674
4831440E17Rik,-0.007046255560450219,0.007046255560450219,0.8462271438918938
D830031N03Rik,0.09466928937888151,0.09466928937888151,0.009016615429153788
Mycbp,0.05484088271372352,0.05484088271372352,0.13091406581342063
Cd99l2,0.03786943983691598,0.03786943983691598,0.2971131876229306
1110065P20Rik,-0.018784243011337735,0.018784243011337735,0.6051288672072956
9930104L06Rik,-0.04512849083839488,0.04512849083839488,0.21398134791897475
Adrb2,0.0534034520399842,0.0534034520399842,0.14132952593555728
Rufy2,-0.001476292995061911,0.001476292995061911,0.9675895741022713
Nupl2,-0.04648032992217699,0.04648032992217699,0.20056026944300318
Klhl7,0.09369590209190484,0.09369590209190484,0.009753343884224028
Sec14l1,0.01388796063089617,0.01388796063089617,0.7022737878046814
Cep78,0.01687057195947822,0.01687057195947822,0.642391927426116
Ankrd39,0.03449903194381386,0.03449903194381386,0.3422189872056944
Palm,0.0623076293475646,0.0623076293475646,0.0860625998115825
Fam176b,-0.03657566662142382,0.03657566662142382,0.313935342297755
Dtx4,0.023953681392017402,0.023953681392017402,0.5096613502185066
Nedd4l,-0.06059141257514229,0.06059141257514229,0.09508282854697263
Osbp,0.029568625245794802,0.029568625245794802,0.41565239690159733
Eif2c4,0.0727151464173337,0.0727151464173337,0.04507305296694565
Fam185a,0.04549977769678794,0.04549977769678794,0.21023241785010058
Kcnq4,0.03960015356321352,0.03960015356321352,0.27556706789316326
4930471M23Rik,0.01750465924841089,0.01750465924841089,0.6299389594496952
F8a,-0.003608631884102452,0.003608631884102452,0.9208844441550009
Preb,0.066886758560174,0.066886758560174,0.06533342033553663
Papss2,-0.003273138178303489,0.003273138178303489,0.9282189460288216
Toe1,-0.031338664776511274,0.031338664776511274,0.3882819557990102
Ythdc2,0.03688177280517044,0.03688177280517044,0.3098998369668817
Tnip2,0.01256554456911852,0.01256554456911852,0.7294542215417108
Eif2b3,0.04799934641549124,0.04799934641549124,0.1862232452711472
Btbd19,0.007813622744792838,0.007813622744792838,0.8297240941485862
Letm1,0.0014636990273307205,0.0014636990273307205,0.9678659112448
Dmap1,-0.053237943020289204,0.053237943020289204,0.14256848395900243
3110056K07Rik,0.021619567879444062,0.021619567879444062,0.551777372099316
Gm5506,-0.015888413152030028,0.015888413152030028,0.6618793182094037
Bcor,-0.022345857224184418,0.022345857224184418,0.5384915902945977
Gm4013,-0.02728112646177523,0.02728112646177523,0.4526583082197276
Dtwd2,-0.08499035080106457,0.08499035080106457,0.019108528642134897
Zfp512,-0.0036491391712614746,0.0036491391712614746,0.919999323013624
Ift172,0.045886638334670285,0.045886638334670285,0.20637694801299644
Krtcap3,0.020562845053912114,0.020562845053912114,0.5713901843508691
Szt2,-0.04990428854426675,0.04990428854426675,0.16933050323678048
Cdc37l1,0.039788702856537315,0.039788702856537315,0.27328573377127585
Unk,-0.025408716730247402,0.025408716730247402,0.4842833818953617
Supv3l1,-0.008464269410133729,0.008464269410133729,0.8157894400069485
Rfx3,0.01892573078230058,0.01892573078230058,0.6024125657415413
Zfp691,-0.04524382253497118,0.04524382253497118,0.2128117118804218
Mpv17,0.03574441707357827,0.03574441707357827,0.3250672797118869
Batf,-0.0695544056963311,0.0695544056963311,0.05528264950474873
Supt7l,-0.04719877018140994,0.04719877018140994,0.19368220807660197
Trip6,-0.07418268095367712,0.07418268095367712,0.04090152726981698
Pmpca,0.021395329689355237,0.021395329689355237,0.5559115190324287
Sass6,0.005514414076813205,0.005514414076813205,0.879366109655539
Cdan1,0.008663186925048453,0.008663186925048453,0.8115406606125125
Haus2,0.04052769720177845,0.04052769720177845,0.2644688034658381
Rnf103,0.04932303201303694,0.04932303201303694,0.17435872702215377
Rmnd5a,0.04416653634182666,0.04416653634182666,0.22391759882376763
Ap1b1,0.014601809584190061,0.014601809584190061,0.6877554471547793
Kdm5c,-0.09218433771726242,0.09218433771726242,0.011003755870469362
Smc1a,0.040330600136896724,0.040330600136896724,0.26680099708705257
Rpap1,-0.019406714162310525,0.019406714162310525,0.5932198526176812
Slc7a14,0.05012963245986215,0.05012963245986215,0.16741061230513055
Tacstd2,-0.025879350531231436,0.025879350531231436,0.4762236424065852
Mettl16,0.07388509558852663,0.07388509558852663,0.041719973365720746
Mad2l1,-0.06590172394060806,0.06590172394060806,0.06940582029055167
1300001I01Rik,0.0030135174563338876,0.0030135174563338876,0.9338989395482208
Atp11b,0.029315302653951453,0.029315302653951453,0.41966052667081305
Smarcad1,0.016355411581603675,0.016355411581603675,0.6525838724594673
Anks1,-0.06647826656791543,0.06647826656791543,0.06699771819940643
Def6,-0.06185831730604112,0.06185831730604112,0.08835467231501697
Exosc9,0.058938147989160215,0.058938147989160215,0.10447194455033063
Fkbp9,-0.039235443019513545,0.039235443019513545,0.280016564117305
Abhd14a,0.029638752886468625,0.029638752886468625,0.4145468214927381
Fkbp5,0.03362904252139646,0.03362904252139646,0.35453712879595795
Tbl1xr1,-0.006225257892234956,0.006225257892234956,0.8639582418686865
Tsr1,0.06680831755439716,0.06680831755439716,0.06565034187510305
Adal,-0.026542652197227186,0.026542652197227186,0.46499006882752164
Bnip1,-0.024777649103245585,0.024777649103245585,0.4952054166086321
Osm,-0.020614597488457773,0.020614597488457773,0.5704219971143089
Clcn7,-0.07363309813156514,0.07363309813156514,0.042423818645708614
2210403K04Rik,0.06815161173048923,0.06815161173048923,0.060394636464789035
Wdr81,0.02691005761799741,0.02691005761799741,0.458831600664228
Slc30a4,0.021642359445806975,0.021642359445806975,0.5513580228814107
Samd10,-0.021625144284498563,0.021625144284498563,0.5516747556157666
Prpf6,-0.016672720974593887,0.016672720974593887,0.6462984067965537
Gatm,0.07658117610533666,0.07658117610533666,0.03478754477958279
Metrn,0.015346410542986449,0.015346410542986449,0.6727331884399792
Wdr24,-0.01164689964521192,0.01164689964521192,0.748539882176896
Ivd,0.02192226870217475,0.02192226870217475,0.5462206737899888
Aste1,0.042440735893160615,0.042440735893160615,0.24256035679121712
Solh,0.05565758668686327,0.05565758668686327,0.12526681843163523
Zfhx4,0.005196354292251179,0.005196354292251179,0.8862753538051522
Rcor3,0.0211903560395194,0.0211903560395194,0.5597036470987825
Tmem8,-0.021204142169547784,0.021204142169547784,0.5594482036282795
Itfg3,0.052166681993142006,0.052166681993142006,0.1507897839597409
Wdr76,0.002941037613906359,0.002941037613906359,0.935485269106714
Ascc2,0.03762275526000887,0.03762275526000887,0.30027336958500445
Nf2,-0.008165927758159865,0.008165927758159865,0.8221719775407368
Usp39,0.01988983837689009,0.01988983837689009,0.5840513227712685
Tubgcp4,-0.0025494924588856166,0.0025494924588856166,0.9440590815361424
Fam195a,0.03652039175183439,0.03652039175183439,0.31466771144028205
Kremen1,0.03150395656898555,0.03150395656898555,0.38578319708537007
Srpk1,0.009047895540726849,0.009047895540726849,0.8033392766864206
Heatr1,0.07486077314866518,0.07486077314866518,0.03908717919575581
Gmps,0.07952445120294421,0.07952445120294421,0.028364922817116694
Zfp799,0.03743563148983945,0.03743563148983945,0.30268540234225083
Pdhx,0.015631195913008895,0.015631195913008895,0.6670215567727107
Rab3ip,0.04701515004272427,0.04701515004272427,0.19542344586408442
Zfp952,0.036040728600880874,0.036040728600880874,0.3210700803410972
Casp2,-0.1099212588471695,0.1099212588471695,0.0024090921749685963
Adamts10,-0.030297427435029223,0.030297427435029223,0.40424767328577216
Gfm1,0.036648714585977835,0.036648714585977835,0.31296920509656867
Igfbp3,-0.010728944366583212,0.010728944366583212,0.7677660605824779
Zfp414,-0.021875997426612108,0.021875997426612108,0.547068283382353
Zfp398,0.07356827777648883,0.07356827777648883,0.04260647841233301
Il12a,-0.0026293188017354483,0.0026293188017354483,0.9423105363840373
Ptprb,-0.023492185947829636,0.023492185947829636,0.5178532329835338
Trim59,-0.06455822747435735,0.06455822747435735,0.07529325516760063
Gm13889,-0.06305324986304467,0.06305324986304467,0.0823649733094313
Rapgef2,0.03853632927261713,0.03853632927261713,0.2886813734560663
Esyt2,-0.03105881969878515,0.03105881969878515,0.3925348124587205
Nup205,0.07174939193479508,0.07174939193479508,0.048009158023773216
Wdr91,-0.019709891245223272,0.019709891245223272,0.5874585862509717
Chst1,0.10048005636926079,0.10048005636926079,0.005562683490017548
Harbi1,-0.02981486569170132,0.02981486569170132,0.4117780333622912
6230427J02Rik,0.03589648089687977,0.03589648089687977,0.32301194113435555
Zbtb22,-0.08743868013187464,0.08743868013187464,0.01590143993278916
2310003C23Rik,0.006963633277585044,0.006963633277585044,0.8480081809671537
Fam49a,0.06881524920685095,0.06881524920685095,0.05792948302339075
Tusc2,0.004068233043415412,0.004068233043415412,0.9108477438410758
Hspa4l,0.06042176820825036,0.06042176820825036,0.09601406298338805
Mfsd8,-0.015303379679544468,0.015303379679544468,0.6735978632141013
Slc12a9,0.060534155751336874,0.060534155751336874,0.09539631967169195
Wipf3,0.047882324223966474,0.047882324223966474,0.18730011982266256
Phf8,-0.04616962667914559,0.04616962667914559,0.20358930530975614
Hibch,-0.03691902964235935,0.03691902964235935,0.3094110115065622
BC052040,0.025832736079429548,0.025832736079429548,0.47701864102653446
Tbc1d22b,-0.028035284875073008,0.028035284875073008,0.44025716832759343
Fam120c,0.05037439302155777,0.05037439302155777,0.1653438360438568
Snx10,0.05420504919609932,0.05420504919609932,0.13544552248561284
Nat6,0.030696143329286975,0.030696143329286975,0.3980882145696584
Nup107,-0.007604505883357709,0.007604505883357709,0.8342142709948568
Cish,0.008822962253760414,0.008822962253760414,0.8081319394849493
Sdc1,0.02454238743008553,0.02454238743008553,0.4993104945938846
Aebp1,-0.06617118666871924,0.06617118666871924,0.06827164190289248
Zfand3,-0.04016880889548592,0.04016880889548592,0.2687259492097127
2700007P21Rik,-0.04346802861674504,0.04346802861674504,0.23133610806685742
Frs2,0.0006422791823588132,0.0006422791823588132,0.9858963117404319
Tmem176a,0.0760309532497338,0.0760309532497338,0.03611656250655357
Apex2,0.07094711895621378,0.07094711895621378,0.050568681713687544
Camk2b,0.05078595244297251,0.05078595244297251,0.16191189248020052
Slc37a1,-0.009652595545927952,0.009652595545927952,0.790491920105951
Lhfp,-0.012233551770489785,0.012233551770489785,0.7363330884261691
Spr,0.03286849111906183,0.03286849111906183,0.36553171681849783
Smyd5,-0.04614597370337123,0.04614597370337123,0.20382125146722932
Tmem127,0.0160038964159113,0.0160038964159113,0.6595757472321968
Tbp,-0.044143242413379476,0.044143242413379476,0.22416222338117647
Prdm9,0.025445284395320712,0.025445284395320712,0.48365451688903216
Ankrd52,0.029794641980954745,0.029794641980954745,0.41209542636987806
Cep70,0.01516957314020894,0.01516957314020894,0.6762893582992336
Myl9,0.04598518264720009,0.04598518264720009,0.2054030919308692
5430405H02Rik,-0.0031075382132316753,0.0031075382132316753,0.9318415460965565
Polr3f,0.03316796453066202,0.03316796453066202,0.3611773957055675
Csrp2bp,-0.04848251589370516,0.04848251589370516,0.18182530509966124
Slc16a3,0.02292503303305538,0.02292503303305538,0.528012919425684
Ogg1,-0.034646295014056964,0.034646295014056964,0.3401612564068122
2900097C17Rik,0.047767396413592,0.047767396413592,0.18836218084542677
Rbl1,0.027931742535017352,0.027931742535017352,0.44194817944005305
Pan2,-0.027532915734866763,0.027532915734866763,0.4484962177167993
Sfi1,-0.01387744579158226,0.01387744579158226,0.7024884679655554
Rad18,0.0534845364821874,0.0534845364821874,0.14072557041752723
Rprd1b,-0.04710373340382535,0.04710373340382535,0.19458200056288666
Ralgapb,-0.027194076454177565,0.027194076454177565,0.45410229885793907
Bpnt1,0.12556563052817396,0.12556563052817396,0.0005211389320200646
Itpr1,0.05215211903335053,0.05215211903335053,0.1509039795199326
2310003L22Rik,-0.0156784318062392,0.0156784318062392,0.6660760457943188
Zfp760,0.012091696081936712,0.012091696081936712,0.7392788090713426
Dhx35,-0.03320231660913443,0.03320231660913443,0.3606800030226582
Rab3gap2,-0.0049721601707978895,0.0049721601707978895,0.8911507661359946
Mafb,-0.018295416855114818,0.018295416855114818,0.6145552844257539
Cpne1,0.06937112862817076,0.06937112862817076,0.05592937974716175
Plxnd1,0.011917742218904103,0.011917742218904103,0.7428962822281879
Tagap,0.04376424617480061,0.04376424617480061,0.22816912037443268
Pex26,-0.05477744080314319,0.05477744080314319,0.13136086428876864
Slc25a36,0.024383631992772697,0.024383631992772697,0.502090775871962
Cecr2,-0.09559038323306883,0.09559038323306883,0.008365564775060593
Ccr6,-0.05654577909497154,0.05654577909497154,0.11934232547135792
Nmnat3,-0.026108805667740324,0.026108805667740324,0.47232092134409426
Rfng,-0.06637653377299065,0.06637653377299065,0.06741757660067706
Erc1,0.0701006013413019,0.0701006013413019,0.05339208170462163
G530011O06Rik,0.039819460356450245,0.039819460356450245,0.272914812613902
Mid1,0.07996482214060761,0.07996482214060761,0.027497604936883698
Mbd4,0.022856358725000147,0.022856358725000147,0.5292499607089028
Fbxl14,0.001558748606908766,0.001558748606908766,0.9657804285615038
Pigu,0.02337130131834261,0.02337130131834261,0.5200102041024353
Igf2r,-0.012507229322925808,0.012507229322925808,0.7306609551325227
Gm14139,0.04629934481709047,0.04629934481709047,0.20232067048600721
Zfp120,-0.006800804735680805,0.006800804735680805,0.8515204343709756
Zfp239,-0.09878886996877051,0.09878886996877051,0.006418313133285891
Gss,0.03828528172611975,0.03828528172611975,0.2918364053169656
Edem2,0.11059969061384846,0.11059969061384846,0.002262818960000964
Zc3h10,-0.04882946403913068,0.04882946403913068,0.17871505417519662
Blmh,0.004746873480854968,0.004746873480854968,0.896054078185688
Mllt4,0.06648614733333788,0.06648614733333788,0.06696528357941556
Itch,0.06699832011915391,0.06699832011915391,0.06488485319826214
Ddb2,-0.04322105132033384,0.04322105132033384,0.2340003707204715
BC017643,-0.024535380552926433,0.024535380552926433,0.49943303352736673
Foxk2,0.006047063463796438,0.006047063463796438,0.8678160787080613
Dusp18,0.08172291424378672,0.08172291424378672,0.024258740449160442
Cenpf,0.04450717585051777,0.04450717585051777,0.22036206783691237
Smyd2,0.012897895171931902,0.012897895171931902,0.722589639739552
Ryk,-0.006378529473742013,0.006378529473742013,0.8606425583904803
2810021B07Rik,-0.04629803892651039,0.04629803892651039,0.2023334132943473
1700012B15Rik,0.04333814981318751,0.04333814981318751,0.23273447991769516
Srprb,-0.010235499852853963,0.010235499852853963,0.7781611429881263
Mafg,0.076201526443169,0.076201526443169,0.035700012035010185
Aplf,-0.008560285537004176,0.008560285537004176,0.8137379000848864
Zfp64,0.02002006240805915,0.02002006240805915,0.5815912976481458
D330041H03Rik,-0.032170701459352274,0.032170701459352274,0.3758037421531257
Zfp217,0.00048349618529082357,0.00048349618529082357,0.9893827587095575
Anxa4,0.009541605532334844,0.009541605532334844,0.792845854341254
Zc3h6,0.03059914933028619,0.03059914933028619,0.3995813828908737
Gm14295,0.029995883480785836,0.029995883480785836,0.4089435726878267
Gm14420,0.025760196582080962,0.025760196582080962,0.4782572260698344
Tbc1d10a,0.0111002832590851,0.0111002832590851,0.7599705887734195
Gm14326,0.01715805905384916,0.01715805905384916,0.6367331985978257
Cenpo,0.08222317699050138,0.08222317699050138,0.02339970266081346
Tprkb,0.02024838032816837,0.02024838032816837,0.5772899178933065
Fahd2a,-0.02781761481773706,0.02781761481773706,0.44381635800418207
Osbpl2,0.04652251614885003,0.04652251614885003,0.20015154189209913
A830080D01Rik,0.06083898326728484,0.06083898326728484,0.09373680397121645
Eif4e3,-0.02575296389549505,0.02575296389549505,0.478380817613422
Cse1l,0.03133689947979039,0.03133689947979039,0.3883086952362758
Prex1,0.012421284716066698,0.012421284716066698,0.7324406434546562
Baz2a,0.07237067176746434,0.07237067176746434,0.046102507831834054
Fitm2,-0.06583776295856407,0.06583776295856407,0.06967729001116367
Zfp758,0.023827956439121372,0.023827956439121372,0.5118863313815587
Bmp2,0.05247914180456599,0.05247914180456599,0.14835543453838201
Sdc4,-0.12058644607913144,0.12058644607913144,0.0008652546457038482
Dbndd2,0.055487253514334194,0.055487253514334194,0.12642870080364474
Zfp213,-0.01286196407940771,0.01286196407940771,0.7233307214555339
Gpatch2,-0.012996146317679966,0.012996146317679966,0.7205645293741052
Pkmyt1,0.02527503164474288,0.02527503164474288,0.4865861646756
Stag1,0.06676332301670435,0.06676332301670435,0.06583270132745467
Kctd3,-0.007188269817557222,0.007188269817557222,0.8431676673003696
Stard3nl,0.021679430514817688,0.021679430514817688,0.55067627476498
Xpc,0.06504270034099996,0.06504270034099996,0.07312496022461758
Flywch1,0.014494100325529792,0.014494100325529792,0.6899388639081272
Neurl2,-0.02778685113168316,0.02778685113168316,0.4443207037568644
Mavs,-0.02390404414653627,0.02390404414653627,0.5105391870731508
B3gntl1,0.018667961551301064,0.018667961551301064,0.6073653472658084
Cd40,-0.06566523022987543,0.06566523022987543,0.07041391200854866
Elmo2,-0.04983760652187168,0.04983760652187168,0.16990177033893464
Cdc25b,-0.06916418724978175,0.06916418724978175,0.0566671611289599
Cenpb,0.027083894006364545,0.027083894006364545,0.45593372291788564
Ap1s2,0.01687158861831505,0.01687158861831505,0.6423718793057064
Siah1b,0.0022289021436455243,0.0022289021436455243,0.951084033125674
Acp2,0.013575623636228999,0.013575623636228999,0.7086607715213189
Huwe1,0.10513457603546768,0.10513457603546768,0.0037122123532391106
Gpr146,0.0064480351116905435,0.0064480351116905435,0.8591397652985708
Ggta1,-0.030781248356082855,0.030781248356082855,0.3967808379390953
Trim39,0.04005479144899228,0.04005479144899228,0.2700882042587565
Cep68,-0.07880220677182771,0.07880220677182771,0.0298383254281985
Zkscan14,-0.0542107502033076,0.0542107502033076,0.13540436208765835
Gprasp1,0.0007796773863563851,0.0007796773863563851,0.9828796317534905
Gpr89,0.046769739121960696,0.046769739121960696,0.19776848158597446
Wdr6,-0.060084610201170466,0.060084610201170466,0.09788645585446179
Tnf,-0.06279036161867783,0.06279036161867783,0.08365371737671375
Gm16523,0.026947645854971388,0.026947645854971388,0.45820412769772134
Fbxo30,0.0035528716153407835,0.0035528716153407835,0.9221030166289563
Lst1,-0.017245070194182584,0.017245070194182584,0.6350246626992878
Armcx5,-0.011087922405435923,0.011087922405435923,0.7602296924470648
Gpr174,-0.07154329891974273,0.07154329891974273,0.04865606703291741
Npr1,0.030452638587883454,0.030452638587883454,0.40184319830045456
Rnf167,-0.044816487357428464,0.044816487357428464,0.21716870693547127
Gm5547,0.12567549872736153,0.12567549872736153,0.0005152333350978513
Wdr77,-0.012768096000370575,0.012768096000370575,0.7252679788117248
Aph1a,-0.02592863450070134,0.02592863450070134,0.4753839044779255
Flad1,-0.04076384638248243,0.04076384638248243,0.2616930361557553
E030030I06Rik,-0.030938070550877144,0.030938070550877144,0.3943785304353085
Cks1b,-0.0020916504447008612,0.0020916504447008612,0.9540927601124843
Poc1b,-0.055802829476038415,0.055802829476038415,0.12428265927452985
Atp8b2,0.011422538427960715,0.011422538427960715,0.7532251589966497
Cbll1,-0.04870343929000821,0.04870343929000821,0.17984021533771619
Nploc4,0.0795097371901992,0.0795097371901992,0.028394303888102226
Cyth3,-0.026404412757435113,0.026404412757435113,0.4673190684351192
Lnp,0.02796263060458558,0.02796263060458558,0.44144334018683434
Crtc2,-0.04985839554086305,0.04985839554086305,0.16972351564528482
BC028528,0.037797114103963005,0.037797114103963005,0.2980374167792645
Slc27a3,0.05014032720058752,0.05014032720058752,0.16731990231994462
Gm12070,0.0318226696744576,0.0318226696744576,0.38099288295125094
Zfp157,0.0049696972016544895,0.0049696972016544895,0.8912043499781626
Cir1,-0.00947706770236366,0.00947706770236366,0.7942154746474485
Heca,0.0023142122265220814,0.0023142122265220814,0.9492142785195998
Casd1,-0.010276074166302617,0.010276074166302617,0.7773048649813713
Ctss,0.08731833484265605,0.08731833484265605,0.01604727591371168
Supt3h,-0.02361592704864491,0.02361592704864491,0.5156500871036108
Trim33,0.03380365857669692,0.03380365857669692,0.35204259267890553
Dusp6,-0.11671547002851647,0.11671547002851647,0.0012670064827358864
Ttyh3,0.0014483966322514877,0.0014483966322514877,0.9682016819444825
Psmb7,0.027190179004695763,0.027190179004695763,0.45416701054615644
Hsph1,0.0036686339840786663,0.0036686339840786663,0.9195733787745205
C630004H02Rik,0.059902936746229166,0.059902936746229166,0.0989073777341177
Ldlr,0.03521899105883068,0.03521899105883068,0.33223430578973334
Galnt4,0.018360576606041217,0.018360576606041217,0.6132950349090426
Tmem63b,0.035398301927559876,0.035398301927559876,0.32977706427020104
Foxk1,-0.02828954529743348,0.02828954529743348,0.43612044284415014
Aig1,0.04343944176176625,0.04343944176176625,0.2316433830253827
Pan3,-0.04697447334033015,0.04697447334033015,0.19581072092583193
Dvl2,-0.07213960837793328,0.07213960837793328,0.04680405187555983
Cpsf3,-0.028501904354316945,0.028501904354316945,0.43268264070294604
2810403D21Rik,0.00195639913463119,0.00195639913463119,0.9570582751664997
Golga1,0.029090559278056004,0.029090559278056004,0.4232353784602028
Prkar2a,0.07040423019610788,0.07040423019610788,0.052364633253861155
1700011J10Rik,-0.006153500067365839,0.006153500067365839,0.8655113856726421
Fuca2,0.07865055906718242,0.07865055906718242,0.030155898609524525
Brwd3,0.026116195839208586,0.026116195839208586,0.4721955174790273
Phtf1,0.042701616360891335,0.042701616360891335,0.23967440271716242
Daglb,0.09115126694416274,0.09115126694416274,0.011938193563085953
Dcaf17,-0.06454440103357077,0.06454440103357077,0.07535589709977075
Gabarap,-0.04806533697965165,0.04806533697965165,0.18561799694304273
Ftsj2,-0.0016152867923828257,0.0016152867923828257,0.9645400341994892
Xkrx,-0.07376353007769688,0.07376353007769688,0.04205827230972032
Cdca7,-0.057369325502792015,0.057369325502792015,0.11404697414288266
Nudt1,-0.02188128419133021,0.02188128419133021,0.5469714061473642
Enpp4,0.07456199750945408,0.07456199750945408,0.039878018655367296
Mad2l1bp,-0.0036124805595960504,0.0036124805595960504,0.9208003428653224
Zbtb6,0.056285909651876256,0.056285909651876256,0.12105259407989256
Asap2,0.03605462788163208,0.03605462788163208,0.3208833712506209
Agps,-0.011799721018269746,0.011799721018269746,0.7453538384081245
Tes,0.08123748780122526,0.08123748780122526,0.025118248491999295
Fam102b,0.06945399154755809,0.06945399154755809,0.05563620640819259
Plxnc1,0.06781958330651443,0.06781958330651443,0.061660193961243295
Golga2,0.002036815766295181,0.002036815766295181,0.9552949890472756
Slc39a10,0.09138058623529756,0.09138058623529756,0.011724910710916922
Smg5,0.011804974999372279,0.011804974999372279,0.7452443794920782
Tssc1,-0.04822011847326884,0.04822011847326884,0.18420407923803575
Gabbr1,0.007630699155676101,0.007630699155676101,0.8336515477529994
Tbc1d8b,0.007003646114566174,0.007003646114566174,0.8471455518562372
Rnpc3,0.06711299655988139,0.06711299655988139,0.06442640787820555
Agpat1,0.08088898918579496,0.08088898918579496,0.025751419763324804
Tcta,0.0008910759719095942,0.0008910759719095942,0.980433970111075
Nup160,0.023858732559273028,0.023858732559273028,0.5113412126915569
Dhx33,0.011633552530768617,0.011633552530768617,0.7488183493567612
Kbtbd4,0.016263221899042935,0.016263221899042935,0.6544146746341676
Pdia6,0.10842990860593728,0.10842990860593728,0.002761456852942205
Zfp386,-0.028478480579059065,0.028478480579059065,0.43306106961850954
Nedd1,-0.007432725458674066,0.007432725458674066,0.8379068038411452
Tmem18,-0.06785962683327167,0.06785962683327167,0.06150641194377387
Fcrl5,0.1066980266088302,0.1066980266088302,0.0032292247763144257
Tsga14,0.038250267018672277,0.038250267018672277,0.29227828219030666
Cd1d1,-0.00892769070043831,0.00892769070043831,0.8058995803610082
Dclk2,0.023998756183448895,0.023998756183448895,0.5088648842343939
Sdpr,0.03308298205878293,0.03308298205878293,0.3624097226859117
Agfg2,0.05336892621477066,0.05336892621477066,0.1415872933799624
Tsc22d3,0.0954591203231464,0.0954591203231464,0.008455703579707992
Slc30a7,0.07503820525396532,0.07503820525396532,0.03862384973010353
Exoc4,0.06049749108975418,0.06049749108975418,0.09559749859858631
Fam78a,-0.029603989489330268,0.029603989489330268,0.41509465589670874
Vcam1,-0.003255828675266027,0.003255828675266027,0.9285975337716603
Trrap,-0.03711587553945359,0.03711587553945359,0.306836754493404
Rock2,0.16355044221886628,0.16355044221886628,5.845494395749181e-06
Ttc15,-0.01640818740403762,0.01640818740403762,0.6515367316709674
Ctnnd1,0.010586958570335927,0.010586958570335927,0.770753006709393
Mtx1,0.024958815709085022,0.024958815709085022,0.49205654771481205
Met,0.006160539580573257,0.006160539580573257,0.86535899770139
Lmtk2,0.039365296875270385,0.039365296875270385,0.2784267844654147
Tmem167b,0.07874423496782329,0.07874423496782329,0.029959386693901028
Cfb,0.0510076355231902,0.0510076355231902,0.16008568351478458
Gon4l,0.04603692837171205,0.04603692837171205,0.20489305577184022
Bhlha15,0.07356827777648883,0.07356827777648883,0.04260647841233301
5830417I10Rik,0.012810470690098937,0.012810470690098937,0.72439322822542
Fam102a,-0.046404041854814136,0.046404041854814136,0.2013009410066491
Col5a2,-0.17115113922401345,0.17115113922401345,2.0788562717660824e-06
Btbd6,0.04136733455719008,0.04136733455719008,0.25469097841591953
Cul7,0.01752582323415603,0.01752582323415603,0.6295250946107365
Tspan6,-0.01911073050383618,0.01911073050383618,0.5988692105952889
Cav2,-0.0410852214409632,0.0410852214409632,0.25794788038373617
Nap1l3,0.0657139078291633,0.0657139078291633,0.07020544201870156
Odc1,0.17463394628735388,0.17463394628735388,1.2746335066219878e-06
Csf1,0.03425619158296511,0.03425619158296511,0.34562954926781475
Rbm15,-0.007414635333884948,0.007414635333884948,0.8382958718541957
Ccdc71,-0.05271741763037427,0.05271741763037427,0.14651926800317522
1810043H04Rik,0.0792847732789842,0.0792847732789842,0.028846782634193723
8430410K20Rik,-0.03320673254454576,0.03320673254454576,0.36061609467429745
Lphn2,0.058631316478866324,0.058631316478866324,0.10629273907041906
Pdxk,0.048028271620803455,0.048028271620803455,0.1859577718439118
5730494N06Rik,0.034971267908572516,0.034971267908572516,0.33564842453773497
Slc7a7,0.1216041039875817,0.1216041039875817,0.0007812595962862999
Mettl21a,0.011655453110324433,0.011655453110324433,0.7483614443823607
Kif2a,0.03147198406855236,0.03147198406855236,0.38626576742327645
Mfsd11,0.06922534952598364,0.06922534952598364,0.056448270399232156
Snrnp40,0.03711701362230387,0.03711701362230387,0.3068219124737813
Gbp7,0.0648510246499928,0.0648510246499928,0.07397664440960473
Gm11648,-0.04932806368460287,0.04932806368460287,0.17431472768768777
Zhx2,0.023176018123042902,0.023176018123042902,0.5235044275024711
Gmeb1,0.07906286966043329,0.07906286966043329,0.029299161957689904
Lysmd3,0.09569263581444014,0.09569263581444014,0.00829594292482913
Immp2l,0.07038163922941038,0.07038163922941038,0.052440506352908534
Tmem189,-0.012271732109947212,0.012271732109947212,0.7355409082677563
Rabif,-0.005416275978722645,0.005416275978722645,0.8814970206242444
2900060B14Rik,-0.0005111550964257029,0.0005111550964257029,0.988775427089316
Ogt,0.025213044475153278,0.025213044475153278,0.48765592110633876
Ilvbl,6.268423810025709e-06,6.268423810025709e-06,0.9998623457017427
Cdc34,0.025539373284052518,0.025539373284052518,0.4820384771125029
Tmem109,0.032651573034940345,0.032651573034940345,0.36870602546820724
Ell,-0.09378564098808445,0.09378564098808445,0.00968325006811034
Zfp335,-0.0007875623789736553,0.0007875623789736553,0.9827065178650939
Traf2,0.05194459508616502,0.05194459508616502,0.15253843541517362
Ndor1,-0.07740273521598484,0.07740273521598484,0.032880828284172686
Arl6ip6,-0.02489235497919191,0.02489235497919191,0.4932104595638867
Taf2,0.09921069323265776,0.09921069323265776,0.006194500942502259
Rbm34,0.037963455945831295,0.037963455945831295,0.2959146453520002
Fam46c,0.18979936398246988,0.18979936398246988,1.3510230590139863e-07
Ccnh,-0.10483738556217194,0.10483738556217194,0.0038111160338336267
Cenpt,0.035504999761879,0.035504999761879,0.3283204867699874
Rpa2,0.03160461676037246,0.03160461676037246,0.38426630481907637
Fam40a,0.01590946738203266,0.01590946738203266,0.6614591057313491
Scrib,-0.001996942514478299,0.001996942514478299,0.9561692584432264
Aggf1,0.05237738873880999,0.05237738873880999,0.14914487303616314
Des,0.01769759534209355,0.01769759534209355,0.6261703694075522
Uqcc,0.008741815407044827,0.008741815407044827,0.8098627141442944
Gstm5,-0.0619458512668047,0.0619458512668047,0.08790432483130087
Eng,0.056170848519889266,0.056170848519889266,0.12181592762570555
Mettl11a,0.07747600322178895,0.07747600322178895,0.03271520605613602
Trp53inp2,0.039237202318177074,0.039237202318177074,0.2799949842561806
Asb6,0.022608725471885967,0.022608725471885967,0.533722802386874
Sharpin,0.048698850037330634,0.048698850037330634,0.17988128755294672
Snx15,0.01012968769615016,0.01012968769615016,0.7803954593271818
4833439L19Rik,0.0130462837889512,0.0130462837889512,0.7195318696510221
Znhit2-ps,0.003507839896064947,0.003507839896064947,0.923087263132045
Fau,-0.1694438089588973,0.1694438089588973,2.6328352780423134e-06
Mrpl49,-0.04620753347179334,0.04620753347179334,0.20321798318600223
Ddx59,-0.024952355921964528,0.024952355921964528,0.49216864109046515
4732471D19Rik,0.08633404024305279,0.08633404024305279,0.017284757867719134
Erlec1,0.03621482520204467,0.03621482520204467,0.31873655172448156
Slx1b,0.051850404051166546,0.051850404051166546,0.15328470420956175
Smad1,-0.03248724848694736,0.03248724848694736,0.3711220560499951
Mmaa,-0.07738021832069122,0.07738021832069122,0.032931871399201194
1810026J23Rik,-0.04658814130515152,0.04658814130515152,0.19951692982354843
Nup214,-0.007605423460218843,0.007605423460218843,0.8341945567956519
Rtcd1,0.07417462113372514,0.07417462113372514,0.04092351388266944
2310035C23Rik,0.051529071058866886,0.051529071058866886,0.15585146202001568
Plk1s1,0.006950106882789571,0.006950106882789571,0.8482998350825139
Zdhhc9,0.03677406188506047,0.03677406188506047,0.3113159113761885
Parp4,0.035941357178419175,0.035941357178419175,0.3224069999277716
Cxx1a,0.051337334441553924,0.051337334441553924,0.15739845431310115
Tomm34,0.028442078000447686,0.028442078000447686,0.4336495601173126
Rap1gds1,-0.008413968845712824,0.008413968845712824,0.8168646971431653
Rcn2,0.10395427557659499,0.10395427557659499,0.00411927305052672
Wdtc1,0.018667675874825356,0.018667675874825356,0.6073708463083638
Sumo3,0.0502053849133617,0.0502053849133617,0.16676889368877215
Rabgap1,0.035157544809748136,0.035157544809748136,0.3330790622170728
Zdhhc18,0.06930835781821094,0.06930835781821094,0.05615232001352727
Aim1l,0.002218230045534103,0.002218230045534103,0.9513179543181172
Emcn,-0.015308407289437624,0.015308407289437624,0.6734968147091277
Rdh12,-0.057156915033021546,0.057156915033021546,0.1153947621801454
2310015A10Rik,0.03980306557535748,0.03980306557535748,0.2731124832621182
Wipf2,-0.018017084677650973,0.018017084677650973,0.6199512451695525
Fam134a,0.033908518164125455,0.033908518164125455,0.3505499291020585
Med27,-0.0056550639820110715,0.0056550639820110715,0.8763136468093286
5530601H04Rik,-0.037631596311025875,0.037631596311025875,0.3001597253262597
Gpihbp1,0.03828717709282731,0.03828717709282731,0.2918124990511049
Slc39a9,-0.06343326695784837,0.06343326695784837,0.08053047908105763
Phlpp1,0.04546968164992605,0.04546968164992605,0.21053452295278152
Pspc1,0.07001099805022386,0.07001099805022386,0.053698481828667134
Stom,0.10009488949766562,0.10009488949766562,0.005747972535708079
Fbrs,0.043926162455365375,0.043926162455365375,0.2264510913272308
Tgif2,0.014413852210370389,0.014413852210370389,0.6915672824283207
Dcakd,-0.020025301254379253,0.020025301254379253,0.5814924333384129
Dus4l,-0.02672903776803292,0.02672903776803292,0.4618601469175764
Dtd1,0.03671526278068634,0.03671526278068634,0.31209073696782214
N6amt2,0.05570620375053683,0.05570620375053683,0.12493671843651265
Ankrd13c,0.03345292269170208,0.03345292269170208,0.35706440284370644
Ppdpf,-0.12647582192403073,0.12647582192403073,0.00047405696817441227
Rad21,0.07013029580840663,0.07013029580840663,0.05329086297321877
Zfp770,-0.04444371367485205,0.04444371367485205,0.22102139214299996
Atpbd4,-0.017355558532467327,0.017355558532467327,0.6328579258884474
Zdhhc16,-0.02149260068432257,0.02149260068432257,0.5541163395224664
Ubac2,-0.0074141714938151075,0.0074141714938151075,0.8383058482766386
Rasgrp1,0.09242000375753948,0.09242000375753948,0.01079990151214536
Pik3ap1,0.014868633337098572,0.014868633337098572,0.6823577690226816
Zfp518a,-0.0006142227668166995,0.0006142227668166995,0.9865123374061028
Naglu,0.03965932710451417,0.03965932710451417,0.274849711183264
Thop1,0.01761098979552074,0.01761098979552074,0.6278608244930894
Rps27,-0.026988387931041493,0.026988387931041493,0.4575245495011017
Sec24a,0.012818853622047049,0.012818853622047049,0.7242202199082419
Gadd45b,0.12121273215952977,0.12121273215952977,0.0008126259508337904
Spata5,0.02019750192161014,0.02019750192161014,0.5782471422412349
Mon1b,0.020008894478977343,0.020008894478977343,0.5818020781653004
Anxa7,0.021824354379126668,0.021824354379126668,0.5480150611014295
Fbxo4,-0.055631883387726545,0.055631883387726545,0.12544161257324102
Rab1,0.09443868238155204,0.09443868238155204,0.009186523081660484
Taf1c,-0.011181110895569007,0.011181110895569007,0.7582769733108323
Lsm11,0.003821184715012834,0.003821184715012834,0.9162410863487631
S100a4,0.06829293594020222,0.06829293594020222,0.05986252420663636
Lifr,0.035067558161892,0.035067558161892,0.33431868373979795
Txndc12,-0.01164551499938059,0.01164551499938059,0.7485687691787265
Aptx,0.011394655847826835,0.011394655847826835,0.7538080617829964
Glipr2,0.09661304521498973,0.09661304521498973,0.007692170777500728
Cdkn2aipnl,0.02851100519605431,0.02851100519605431,0.43253566122546494
Zyg11b,0.054787157793984506,0.054787157793984506,0.13129235461665534
Cul4a,-0.03835968067197704,0.03835968067197704,0.29089899721505286
Pik3ca,0.018910280980808915,0.018910280980808915,0.602708906404962
Ubap1,-0.014750400801726168,0.014750400801726168,0.6847475589630408
Atmin,-0.003976007569689001,0.003976007569689001,0.9128606635009203
Dnajc17,-0.0484632057041669,0.0484632057041669,0.1819995832700131
Arhgef7,0.021644467459630945,0.021644467459630945,0.5513192447714655
Sirt6,0.014799083637436934,0.014799083637436934,0.6837631679228435
Exosc3,0.07155492278370075,0.07155492278370075,0.0486193872906163
Fdps,0.05454050730544634,0.05454050730544634,0.133039938438302
Prkcd,0.0003122413266521622,0.0003122413266521622,0.9931432790392237
Stx17,0.0006614612835736028,0.0006614612835736028,0.98547514133982
Trim8,-0.05559856612419589,0.05559856612419589,0.1256684673911013
Cirh1a,0.04595015067609593,0.04595015067609593,0.2057489099321128
Tmem110,-0.025397787418386705,0.025397787418386705,0.48447142236260426
E130308A19Rik,0.029458359314195513,0.029458359314195513,0.41739427024374465
Fbxl20,0.03469698625387463,0.03469698625387463,0.33945477426938103
Arl16,0.03245547439011835,0.03245547439011835,0.3715903529444057
Phf21a,0.0029249741559610495,0.0029249741559610495,0.9358368766952664
Naa16,0.0016648131996464686,0.0016648131996464686,0.9634535418881831
Atg13,0.05246022107699141,0.05246022107699141,0.1485019870659321
Usp37,0.07349042169796441,0.07349042169796441,0.04282674900973569
Dohh,0.011439831453135749,0.011439831453135749,0.7528637079814158
Abca1,-0.10224283075682344,0.10224283075682344,0.0047814877067391395
Cnot6,-0.03647054500994473,0.03647054500994473,0.3153291205762022
Thoc5,-0.01087992257310047,0.01087992257310047,0.7645937145477468
Ssrp1,-0.04569222646110547,0.04569222646110547,0.20830801141459002
4931440P22Rik,0.026881052609552505,0.026881052609552505,0.4593161192995688
Cpm,-0.20442825029957798,0.20442825029957798,1.2960794850357834e-08
Tmsb15b1,-0.007620333203744563,0.007620333203744563,0.8338742345604524
Mmrn2,-0.004595064476133043,0.004595064476133043,0.899360413562973
Slc20a2,0.012830126213462516,0.012830126213462516,0.7239875964892234
Msto1,0.05261538371309084,0.05261538371309084,0.14730341143748982
Ddx25,0.01419043082588756,0.01419043082588756,0.6961085003395237
Fam178a,0.08387687335106216,0.08387687335106216,0.02074485784663612
Ikbkb,0.047043120150984566,0.047043120150984566,0.1951574732215031
D14Abb1e,0.07298858874925968,0.07298858874925968,0.044269710971217714
Plin2,-0.0024741546537867614,0.0024741546537867614,0.9457095550580611
Hyls1,0.05580090711809668,0.05580090711809668,0.12429564566536426
Casp7,0.011163069394080898,0.011163069394080898,0.7586549044536276
Coro2a,-0.007907421341697453,0.007907421341697453,0.8277118343534815
Rmi1,0.002173968758628289,0.002173968758628289,0.9522881597466378
Arhgef2,0.0026618170741968994,0.0026618170741968994,0.9415987614324045
Rab2b,0.025117645745646535,0.025117645745646535,0.48930475641897936
Hltf,-0.014341776680462305,0.014341776680462305,0.6930310752356424
Mdn1,0.08826315303151731,0.08826315303151731,0.014933246696422636
Xlr4a,0.037802750956774864,0.037802750956774864,0.2979653163061427
1810048J11Rik,0.0528503987746807,0.0528503987746807,0.14550207989202837
Xpnpep1,-0.030811439689505917,0.030811439689505917,0.3963176631395744
Smc5,0.014698687338871535,0.014698687338871535,0.6857938163779403
Mon2,-0.029867632570942906,0.029867632570942906,0.41095058625863184
Trpm7,0.10452970561885928,0.10452970561885928,0.003916022644114414
Ccdc47,0.04554874217805231,0.04554874217805231,0.20974158010209118
Dos,0.11830785728667428,0.11830785728667428,0.0010844955538693883
Papd5,0.031320595922117354,0.031320595922117354,0.38855570263686806
Plekho1,-0.21325241004420145,0.21325241004420145,2.8901524637088407e-09
AA987161,0.05115043034535913,0.05115043034535913,0.15891760710940883
Asph,0.1251952476342244,0.1251952476342244,0.000541514731348189
Adi1,0.022617895735173955,0.022617895735173955,0.5335568265335564
Bola1,-0.03336491665928968,0.03336491665928968,0.35833149926695623
C030046I01Rik,-0.009965235473044497,0.009965235473044497,0.7838716009947809
Taf4a,0.045733200717666164,0.045733200717666164,0.2078999369931444
Ubxn2b,0.01895415958973036,0.01895415958973036,0.6018674476673503
Lyn,0.12283491445952247,0.12283491445952247,0.0006897776776189599
Zmym4,0.03552406296716855,0.03552406296716855,0.3280606859958475
Supt16h,0.020353940362060594,0.020353940362060594,0.5753062950397457
2010011I20Rik,-0.003082633506917903,0.003082633506917903,0.9323864754775335
Patl1,0.008909382747791787,0.008909382747791787,0.8062897137185776
Rae1,-0.06261430948545997,0.06261430948545997,0.08452584448232497
Spg7,0.07128181845798298,0.07128181845798298,0.04948733089106396
Rab22a,0.018272330687924717,0.018272330687924717,0.6150020649986848
Tmem80,-0.05215538827281397,0.05215538827281397,0.150878338029724
Pdlim4,-0.08423501007664477,0.08423501007664477,0.020205730465315624
Prr7,0.02067570795296583,0.02067570795296583,0.5692797449450206
Abcb10,0.06462792928713457,0.06462792928713457,0.07497811060418938
Mrpl41,0.047312658210898244,0.047312658210898244,0.1926079560384115
2310045N01Rik,0.021716496996707232,0.021716496996707232,0.5499950252167572
Pex11b,0.021465719927021062,0.021465719927021062,0.5546121526131554
Myef2,-0.05115963916164766,0.05115963916164766,0.1588424995857492
Ppih,-0.05140688499299675,0.05140688499299675,0.15683596144721926
Slc24a5,-0.016869147054516528,0.016869147054516528,0.6424200264403715
Mudeng,-0.045842691876244526,0.045842691876244526,0.206812322514598
Sc5d,0.04914747715647606,0.04914747715647606,0.17589904906139822
Mthfsd,-0.024146534341926807,0.024146534341926807,0.506258235164193
2610029I01Rik,0.046233997351869,0.046233997351869,0.20295904387007235
Atad2b,0.031631566292058544,0.031631566292058544,0.38386080946250867
Fbxo34,-0.005275878522357295,0.005275878522357295,0.8845470109342332
Tpd52,0.09917759718152178,0.09917759718152178,0.006211804166690161
Mtmr12,-0.017096328338922936,0.017096328338922936,0.6379465031781398
1110058L19Rik,0.050802313692418895,0.050802313692418895,0.1617765755919716
Mtfr1,0.03922800301939612,0.03922800301939612,0.2801078369138618
Ebf1,-0.0060821046753300086,0.0060821046753300086,0.8670571995574362
Zdhhc7,-0.03188491796170857,0.03188491796170857,0.38006155288648447
Tmem62,0.02270913844859022,0.02270913844859022,0.5319068116475313
Atpaf1,0.00624228760757453,0.00624228760757453,0.8635897233519907
Slc25a12,0.012440633603669099,0.012440633603669099,0.7320398528673828
Cxcl14,0.01783961319085234,0.01783961319085234,0.6234025625545352
Uhrf2,0.01496224723021562,0.01496224723021562,0.6804678373655274
Psma3,0.05130323094857496,0.05130323094857496,0.15767482455583642
2700049A03Rik,0.03894555641039948,0.03894555641039948,0.28358777365673876
Ecm1,-0.013595672120340473,0.013595672120340473,0.7082501794373586
Ctu2,-0.023189757030100955,0.023189757030100955,0.5232582031909015
Abhd6,0.0491542390970824,0.0491542390970824,0.17583953273613828
Rpp14,0.011769599118167788,0.011769599118167788,0.7459814825636936
Hyi,-0.06215760837532202,0.06215760837532202,0.08682250906016618
A430078G23Rik,-0.0024950068274258047,0.0024950068274258047,0.9452527095619833
Prune,-0.05062741593757378,0.05062741593757378,0.16322749905979725
Cttn,0.05038695973484161,0.05038695973484161,0.16523824136303883
Fadd,-0.017996799490276567,0.017996799490276567,0.6203453138017021
Zfpm1,0.05336643035790673,0.05336643035790673,0.14160594123932863
Oraov1,-0.06158491486083309,0.06158491486083309,0.08977324581608324
Banp,0.030649438643700372,0.030649438643700372,0.3988067877853558
Slc7a5,0.16449521451096025,0.16449521451096025,5.153434419199716e-06
Aktip,0.027874097474266918,0.027874097474266918,0.4428912205235176
Scamp2,0.013507859080496969,0.013507859080496969,0.7100492116055838
Thoc3,-0.03131458394862689,0.03131458394862689,0.3886468112636211
Rffl,0.011673055592053125,0.011673055592053125,0.7479942731945189
Grpel1,0.057418742122849274,0.057418742122849274,0.11373519604470618
Tmem108,-0.0550538330758069,0.0550538330758069,0.12942293068551095
Gpn3,0.017536627435860572,0.017536627435860572,0.6293138616104559
Ccdc61,-0.055985775539679684,0.055985775539679684,0.1230516036026574
Pphln1,0.04343592446463686,0.04343592446463686,0.23168120979453616
Slc43a2,-0.0643295120979878,0.0643295120979878,0.07633494019871431
Wdr48,-0.02558502616025927,0.02558502616025927,0.48125541554590123
A930024E05Rik,-0.0016530701123564434,0.0016530701123564434,0.9637111514163755
Eif1a,0.04592337623095039,0.04592337623095039,0.2060134982903166
Atg12,0.01475155289175509,0.01475155289175509,0.6847242569496979
Snhg9,0.026861752584853887,0.026861752584853887,0.4596386779509618
Tmem129,0.002578479162006865,0.002578479162006865,0.9434241147314424
Emr1,0.10030861595591412,0.10030861595591412,0.005644482247891493
Tysnd1,0.021004474032152325,0.021004474032152325,0.5631533600433234
Sgpl1,0.08906980577822633,0.08906980577822633,0.014036535356774764
Pcyox1,0.009945421053970801,0.009945421053970801,0.7842907244544448
Tmem209,-0.036512428797186205,0.036512428797186205,0.3147733095910067
Atf3,-0.029897331055943714,0.029897331055943714,0.4104853125526794
Gng13,0.05961797223547518,0.05961797223547518,0.10052581664200948
Lap3,0.07640033986638706,0.07640033986638706,0.03521966536093304
Rev3l,0.10187784716807037,0.10187784716807037,0.004934586918247644
Rbm19,0.07574097140161015,0.07574097140161015,0.036834207636525694
4930453N24Rik,-0.04241592263868157,0.04241592263868157,0.24283611478009226
Etfb,0.037775846216748246,0.037775846216748246,0.29830955712455737
Arhgap26,0.04140283363817961,0.04140283363817961,0.25428318440436243
Fam108c,0.04050962355307661,0.04050962355307661,0.26468207785987796
Rasal1,0.013469557039136975,0.013469557039136975,0.7108344144767393
Rxrb,-0.011884975133759856,0.011884975133759856,0.7435783304818632
Pyroxd1,0.043459933107392636,0.043459933107392636,0.23142309589656745
Cramp1l,0.030671766223960062,0.030671766223960062,0.39846317044141144
Ascc1,0.014214267981930965,0.014214267981930965,0.6956234691402015
Gspt1,0.08727925357291082,0.08727925357291082,0.016094886858186986
Tbc1d25,0.004092289357009429,0.004092289357009429,0.9103227824120896
Prkab1,-0.03751434197636653,0.03751434197636653,0.3016692584831183
Gpn1,0.02982039377832116,0.02982039377832116,0.41169130019385775
Fam116b,0.002193235283868839,0.002193235283868839,0.9518658296165311
Abcb8,0.03659527500638091,0.03659527500638091,0.3136758084442068
Magohb,0.0010287370901735694,0.0010287370901735694,0.9774119928098579
Traf4,0.0738424023956497,0.0738424023956497,0.04183851938351706
Mcm2,-0.11276871005155505,0.11276871005155505,0.00184795655804163
Dom3z,0.008950928994601214,0.008950928994601214,0.8054044533221025
Mcat,0.0503701663501425,0.0503701663501425,0.1653793630044569
4933433P14Rik,0.05872426776017495,0.05872426776017495,0.10573851710744522
Tmem149,-0.00620618328079932,0.00620618328079932,0.8643710464612013
Kdm4b,0.0525123503273723,0.0525123503273723,0.14809848095618036
Gtf2i,-0.009667203140517286,0.009667203140517286,0.7901822560925317
Cln6,-0.0006453186681354626,0.0006453186681354626,0.9858295752289946
BC017647,0.006685594851702559,0.006685594851702559,0.8540073221813661
Mdfic,-0.07013983538412949,0.07013983538412949,0.05325837964727299
A630072M18Rik,-0.04254864144054567,0.04254864144054567,0.24136372262923012
Srpk2,0.04800039926399308,0.04800039926399308,0.1862135774045396
Tia1,-0.00524415703648563,0.00524415703648563,0.8852363657873862
Heg1,0.018837256544553718,0.018837256544553718,0.6041104643355497
Slc15a4,0.06607205711818438,0.06607205711818438,0.06868710072083807
C87436,-0.036037025479969335,0.036037025479969335,0.3211198363248369
Mapk11,-0.015611619025047494,0.015611619025047494,0.6674135780898689
Trpv2,0.01754290168709629,0.01754290168709629,0.6291912075835572
Gtf3c2,0.05818141324666071,0.05818141324666071,0.10900784445379703
Cdk2ap1,-0.0373227097966097,0.0373227097966097,0.30414717237827815
Adamts1,-0.035962228864750014,0.035962228864750014,0.3221258969295167
Trf,0.10036182331315532,0.10036182331315532,0.0056189804619139125
Calu,0.04296621113525008,0.04296621113525008,0.23677212659614433
2010002N04Rik,-0.09350673383938486,0.09350673383938486,0.009902580783327914
Gprc5a,0.009764049674955179,0.009764049674955179,0.7881300606042135
Aak1,-0.011625878226306875,0.011625878226306875,0.7489784768171368
Hps5,-0.006733999395545524,0.006733999395545524,0.8529622976070004
Zfp280d,0.02981124114712771,0.02981124114712771,0.4118349066920517
2610019E17Rik,0.0008773094407247755,0.0008773094407247755,0.9807361931758071
Pgm2l1,0.03395071402644393,0.03395071402644393,0.3499504079331301
Iqsec1,-0.06617243467988614,0.06617243467988614,0.06826642457385405
Lcorl,0.053564243420726534,0.053564243420726534,0.14013380753040977
Whamm,0.1119116718594575,0.1119116718594575,0.0020027461642658315
Zfp524,-0.01752435288713421,0.01752435288713421,0.629553843711311
Ube3a,0.08213765929710455,0.08213765929710455,0.023544656657229105
Zfp932,0.06409790151001513,0.06409790151001513,0.07740173510029741
Selp,-0.13904469984518267,0.13904469984518267,0.00012026589551839826
D9Ertd402e,0.05324028443017616,0.05324028443017616,0.1425508989268113
Pgm3,0.05363670081077223,0.05363670081077223,0.13959752649810475
Gpr137b-ps,0.12927752326643688,0.12927752326643688,0.00035281611707116466
Ccng2,-0.04704863925721505,0.04704863925721505,0.19510502238778585
1500010J02Rik,-0.02104726810274235,0.02104726810274235,0.5623582550996653
B3galnt2,0.03711700673706066,0.03711700673706066,0.30682200226450973
Prkd3,0.057092279413352744,0.057092279413352744,0.115807359613129
Rnf125,0.0730345244159148,0.0730345244159148,0.04413594752279733
Per1,0.04408825203531242,0.04408825203531242,0.22474046899269814
Stx8,-0.07075258178752976,0.07075258178752976,0.05120622471727744
Mboat7,0.010044057591408624,0.010044057591408624,0.7822049408963331
1700052N19Rik,-0.04786702309303406,0.04786702309303406,0.18744126412746084
Bcat2,0.030969184849867742,0.030969184849867742,0.39390294698880624
1810012P15Rik,0.02490741224814928,0.02490741224814928,0.492948903903515
Zfp644,0.038990131213303886,0.038990131213303886,0.2830366480543615
Tax1bp3,0.036726632982668796,0.036726632982668796,0.3119408072182676
Cog1,-0.0119891301965342,0.0119891301965342,0.7414110363612334
Rpap2,0.03062702176569204,0.03062702176569204,0.399151958458602
1700021F05Rik,-0.005595602394987517,0.005595602394987517,0.8776038940799394
Mtf2,-0.0016257727308063633,0.0016257727308063633,0.9643099919443666
Ift57,-0.03214817416098634,0.03214817416098634,0.3761382991729443
Arhgap24,0.02298931857068996,0.02298931857068996,0.5268562678344741
Gak,0.10139873771646096,0.10139873771646096,0.005142271609405088
Coq2,0.0004437624011385081,0.0004437624011385081,0.9902552398474227
Prmt3,-0.056838994141235194,0.056838994141235194,0.11743535322972584
Lancl2,0.009886031770472415,0.009886031770472415,0.7855473268121775
Znhit3,-0.010227788910033422,0.010227788910033422,0.7783239047263311
Tubgcp5,-0.007739669708457683,0.007739669708457683,0.8313113944099704
Myg1,0.021773561723933098,0.021773561723933098,0.5489470361051443
Pacrgl,-0.021926593440040706,0.021926593440040706,0.5461414852909019
Gimap3,-0.013932216711620694,0.013932216711620694,0.7013704769500683
Dpt,-0.08184705475751036,0.08184705475751036,0.024043063289493887
Rasgrp3,-0.08246995683479341,0.08246995683479341,0.022985732700525147
Mrps35,0.01935087590969534,0.01935087590969534,0.5942837558399446
Inpp4a,0.04737597293206998,0.04737597293206998,0.19201263165574328
Man2a2,0.026154662076269743,0.026154662076269743,0.47154307938952383
Fes,-0.007756970959744345,0.007756970959744345,0.8309399850399953
Zc3hav1,0.07778235349678281,0.07778235349678281,0.032030402881563336
Plekho2,-0.02274723694840888,0.02274723694840888,0.5312186104059899
Napa,0.021009348677538193,0.021009348677538193,0.5630627628416416
Mon1a,0.019092592964134385,0.019092592964134385,0.5992161870697101
Vps52,0.004650584231956069,0.004650584231956069,0.8981510116731983
Eaf2,0.08096357174783643,0.08096357174783643,0.02561476737799021
Pik3r4,-0.08652480780620471,0.08652480780620471,0.01703859208784183
Lims1,0.0011104804545347502,0.0011104804545347502,0.9756176887861269
Jmjd8,-0.031059997235498633,0.031059997235498633,0.39251685837455674
Tbc1d1,-0.01229050354939645,0.01229050354939645,0.7351515341676221
1500011B03Rik,0.012096408936299487,0.012096408936299487,0.7391808821364068
Tmem199,-0.0025032362277705137,0.0025032362277705137,0.9450724184514205
Tbc1d17,-0.004302910240757789,0.004302910240757789,0.9057282671154271
2700062C07Rik,0.011103637696359503,0.011103637696359503,0.7599002789271915
Lims2,0.005268680361649103,0.005268680361649103,0.8847034299920562
Smpd2,0.0024267245663318064,0.0024267245663318064,0.9467487561042229
Traf3ip3,-0.00154693270229777,0.00154693270229777,0.9660396688833595
Snx14,0.11904356439261542,0.11904356439261542,0.0010086534988510002
Snhg5,-0.020691602803165177,0.020691602803165177,0.5689828235183073
Ndufb2,0.05721294464671365,0.05721294464671365,0.11503803489045146
Poglut1,0.008787990031254899,0.008787990031254899,0.808877744873606
Pnkp,-0.05201747330469326,0.05201747330469326,0.1519629225485336
Ezh2,-0.0013148210687082432,0.0013148210687082432,0.9711328777900218
AI848100,0.1440022812775419,0.1440022812775419,6.773134810427062e-05
Crlf3,-0.02212677089492243,0.02212677089492243,0.5424823453095842
Cyp4f13,0.05399163902695876,0.05399163902695876,0.13699326053822128
A930001N09Rik,0.03410071613218854,0.03410071613218854,0.3478244303614655
Tbce,-0.004444212739625551,0.004444212739625551,0.9026476278407405
Tbrg3,-0.0025666971890154567,0.0025666971890154567,0.9436821998583438
Appbp2,0.021407342090897438,0.021407342090897438,0.5556896715906949
Tcf20,0.025251190114253502,0.025251190114253502,0.4869974649623171
Coq7,0.011688067564781506,0.011688067564781506,0.7476811826467775
Mapk6,-0.010063099445260815,0.010063099445260815,0.7818024583086336
Phf13,0.026775208958145693,0.026775208958145693,0.4610866249352013
Sun1,0.003772321874066066,0.003772321874066066,0.9173082809573503
Mia3,0.07350064882041589,0.07350064882041589,0.04279775970562391
Mrpl27,-0.076502178201074,0.076502178201074,0.03497575667306802
Kcnn4,0.13768832295470082,0.13768832295470082,0.0001402614388484669
Vhl,-0.009528702537242287,0.009528702537242287,0.7931196305390792
Heatr2,-0.04276773341443868,0.04276773341443868,0.23894684542745107
Sdhc,0.05750321007385167,0.05750321007385167,0.11320382455367026
Chd4,0.10420041725066836,0.10420041725066836,0.0040311906601811255
Polr2f,0.10290657556283662,0.10290657556283662,0.004514021706445611
Klhl6,-0.07284388717470439,0.07284388717470439,0.04469331213787374
Alyref2,-0.013755554640542896,0.013755554640542896,0.7049788293457172
Rpusd3,0.025726136777507506,0.025726136777507506,0.47883938924786706
Pick1,-0.01881716614434592,0.01881716614434592,0.6044963154237986
Eln,-0.18416203197322664,0.18416203197322664,3.1804147662738604e-07
Thumpd3,0.02932990339232832,0.02932990339232832,0.41942889633258246
Dscr3,-0.019829356953170313,0.019829356953170313,0.5851955018995058
Zfp53,0.014768497227697982,0.014768497227697982,0.684381577757893
Pank4,-0.07729454385080556,0.07729454385080556,0.03312670451145432
Zcwpw1,-0.023901665707206702,0.023901665707206702,0.5105812696736957
Prg4,-0.020756316113007177,0.020756316113007177,0.5677747187819795
Ighmbp2,0.05379157245556245,0.05379157245556245,0.1384565577686937
Prkcz,0.11478233832018876,0.11478233832018876,0.001526469845849559
Ppil3,0.05332109084954585,0.05332109084954585,0.1419450244897868
Dusp12,0.03011849482448753,0.03011849482448753,0.4070302679032982
Tshz1,0.07198684641662563,0.07198684641662563,0.047272766333940945
Fam98c,0.008562055449210591,0.008562055449210591,0.8137000949681068
Aida,0.017551822936709933,0.017551822936709933,0.629016825516925
Zfand2a,0.021743052227460535,0.021743052227460535,0.549507218191092
Usp5,-0.044454688623877595,0.044454688623877595,0.22090726985180809
Acot2,0.034044308098096526,0.034044308098096526,0.3486229370500729
Bcl6,-0.012730092599896485,0.012730092599896485,0.7260527963362431
Nme6,-0.037797783767895055,0.037797783767895055,0.29802885055983985
Nfatc2ip,0.10217827588396072,0.10217827588396072,0.00480825015969409
Bcl2l13,0.05163164748574681,0.05163164748574681,0.1550285846725407
Ccdc50,-0.012443729969146779,0.012443729969146779,0.7319757218837971
B3gnt8,-0.03624935136831545,0.03624935136831545,0.31827509552996924
Rtp4,0.007295855460281748,0.007295855460281748,0.8408514707124354
Pelp1,0.0351472259970542,0.0351472259970542,0.3332210597247565
Cul4b,0.000936860568564783,0.000936860568564783,0.9794288599594814
Ckb,0.013795558872786969,0.013795558872786969,0.7041611523441214
3300005D01Rik,0.050058441073331295,0.050058441073331295,0.16801537879424455
Fosl1,0.029185496685278065,0.029185496685278065,0.4217231032122244
4930481A15Rik,0.03204628192574524,0.03204628192574524,0.3776538098431413
Map3k4,-0.006918589987198493,0.006918589987198493,0.8489794780596441
Lrch4,-0.1513405338521317,0.1513405338521317,2.796228082667072e-05
Hnrnpul1,0.02437387913472927,0.02437387913472927,0.5022618436337247
Dctn5,0.005885999062787889,0.005885999062787889,0.8713057651701522
Ppox,-0.03302885019045647,0.03302885019045647,0.36319605506766756
Ccz1,-0.03162385579327234,0.03162385579327234,0.38397679855810357
1300002E11Rik,0.02213930569334463,0.02213930569334463,0.5422536221369835
Zfp187,0.029384134242720655,0.029384134242720655,0.4185692195271146
Pfkfb4,-0.002555388656221529,0.002555388656221529,0.9439299197870966
Zfp637,0.03617483861213943,0.03617483861213943,0.31927153480275433
Psen1,0.026942836042353334,0.026942836042353334,0.45828439269137006
Diras2,0.05191795806001898,0.05191795806001898,0.15274919826050687
Csf2rb,0.04098586817868608,0.04098586817868608,0.259101714470144
2310022A10Rik,-0.024791498197803068,0.024791498197803068,0.4949643259480895
Akt1,0.050349029170890576,0.050349029170890576,0.16555711596841421
Atp13a3,0.04679438574010737,0.04679438574010737,0.19753204561338522
Pds5b,0.04378273934565625,0.04378273934565625,0.2279724292915242
Nit1,0.009068120485065768,0.009068120485065768,0.8029087014848431
Mbp,0.028284383010524983,0.028284383010524983,0.4362042083710768
Ccdc12,-0.08334651864916044,0.08334651864916044,0.02156621546504288
Med15,-0.04829307876937527,0.04829307876937527,0.18354035868517002
Pstpip2,0.05634169181655352,0.05634169181655352,0.12068387324960339
Wars,0.02628361960302135,0.02628361960302135,0.46935941331339587
Rnf168,0.06277125853198778,0.06277125853198778,0.08374799709266
Tmem11,-0.011822031505019207,0.011822031505019207,0.7448890678460778
Tnfrsf18,-0.04888030343283313,0.04888030343283313,0.1782626375809653
Rangap1,0.04911398066006114,0.04911398066006114,0.17619409504608818
Suclg2,0.029826284786879025,0.029826284786879025,0.4115988848518908
Ndufaf3,-0.047038742327890855,0.047038742327890855,0.19519908520827836
Runx1,0.02445039459319764,0.02445039459319764,0.5009205684817712
Thoc6,-0.0010730387636936154,0.0010730387636936154,0.9764395361914769
Cnot10,-0.05101180450845081,0.05101180450845081,0.16005148922836843
Epb4.1l2,-0.04606774027534766,0.04606774027534766,0.20458979249594125
Tle3,0.026198577280225926,0.026198577280225926,0.47079882650211197
Ogn,-0.010880318299216814,0.010880318299216814,0.7645854047237434
Mmd,-0.027121595985796443,0.027121595985796443,0.4553065841404754
Smad4,0.046210776476303075,0.046210776476303075,0.2031862386800404
Gigyf1,0.012902370070736269,0.012902370070736269,0.7224973627551184
Zfp383,-0.01349804065442312,0.01349804065442312,0.7102504629226516
Smyd3,0.03405987909005182,0.03405987909005182,0.3484023995250033
Gart,0.029885742635979005,0.029885742635979005,0.41066682629455437
Susd3,-0.004137496205481265,0.004137496205481265,0.9093363758820052
Slamf7,-0.03855847545469025,0.03855847545469025,0.28840415748229836
Ctdp1,-0.024471836223302203,0.024471836223302203,0.5005450482543299
Lin52,0.009438250561059435,0.009438250561059435,0.7950395564650383
Zfp119a,0.033000535003622405,0.033000535003622405,0.36360779235099633
Ado,-0.0872166351693153,0.0872166351693153,0.01617143039463257
Zfp322a,0.028885950633268095,0.028885950633268095,0.42650537778875586
4930549G23Rik,-0.03411563493116237,0.03411563493116237,0.34761343552636564
Rala,0.07195719634583614,0.07195719634583614,0.047364195717152065
Comt,0.04602591850007649,0.04602591850007649,0.20500149847043547
Ccdc6,0.024220033786876215,0.024220033786876215,0.5049643982799671
Eral1,0.05935473955532459,0.05935473955532459,0.10203948217272128
Dgcr8,0.06793210805481917,0.06793210805481917,0.06122886312744216
Tctex1d2,0.00336402770083652,0.00336402770083652,0.9262313084551089
Tsr2,-0.03191463635728331,0.03191463635728331,0.3796174129417122
Cpsf6,-0.015697846167245837,0.015697846167245837,0.66568758602025
Wdr37,-0.01208095614304763,0.01208095614304763,0.7395019866831255
Pde12,0.004933129093856909,0.004933129093856909,0.8919999762953684
Rpl34-ps1,0.004788954396406249,0.004788954396406249,0.8951378901499478
Cdc123,0.028797829841377177,0.028797829841377177,0.4279182176360981
Zcchc8,0.06117318453590195,0.06117318453590195,0.09194401575157288
Rbm28,0.02254910088242759,0.02254910088242759,0.5348026035708737
Arhgef3,-0.04799722105621908,0.04799722105621908,0.18624276268276221
Tmem39a,0.03201027405891979,0.03201027405891979,0.37819027549176804
Tubg1,0.06573423798159989,0.06573423798159989,0.0701185244883343
N4bp2l1,-0.021490382359609123,0.021490382359609123,0.5541572481195516
Hipk3,0.06683461941563265,0.06683461941563265,0.06554393503846515
Mical1,-0.01249902521085196,0.01249902521085196,0.7308307785791917
Usf1,0.07786492784393163,0.07786492784393163,0.031847931151390764
Dus3l,-0.016765217623553253,0.016765217623553253,0.6444708817234914
Zfp871,-0.008610123778725514,0.008610123778725514,0.8126735270019312
Zfp148,0.05341621457882564,0.05341621457882564,0.1412343328632089
Stk19,0.05850669613488884,0.05850669613488884,0.10703939159174805
Cd55,0.0006262756111298499,0.0006262756111298499,0.9862476959867841
Ahsa2,0.03860775486485954,0.03860775486485954,0.2877879428297898
Zmynd11,-0.010654510624639747,0.010654510624639747,0.7693314923072133
Scyl3,0.028718824269825423,0.028718824269825423,0.4291872219159788
Vps45,0.03350483268501548,0.03350483268501548,0.35631833354095216
Tmem42,-0.04832594375552143,0.04832594375552143,0.18324196383464533
Fam65b,0.014015668555681019,0.014015668555681019,0.6996682878418626
Wasl,-0.07638048262889442,0.07638048262889442,0.035267393009684005
Glg1,0.0840417256542078,0.0840417256542078,0.020495159313678072
Osgep,-0.061534541003028305,0.061534541003028305,0.09003660085067382
Tgfb1,-0.03722463066967572,0.03722463066967572,0.3054205962894592
Nkiras2,-0.02131243281881047,0.02131243281881047,0.5574436499902765
Etaa1,-0.012077039205058256,0.012077039205058256,0.7395833867177544
Pot1a,0.00468741503883838,0.00468741503883838,0.8973488462909747
Casp6,0.03523796303053832,0.03523796303053832,0.3319737605090316
Pias3,-0.005275129188549775,0.005275129188549775,0.8845632940635223
Adk,0.13131614491101568,0.13131614491101568,0.0002835230910626596
Wbp7,0.10244454534449188,0.10244454534449188,0.0046987278453801155
2610027L16Rik,0.014843444299048499,0.014843444299048499,0.6828666401968445
Lnx2,0.03289105794745175,0.03289105794745175,0.36520246184333466
Arcn1,0.015055205272091516,0.015055205272091516,0.6785931260689944
Nr4a2,0.05818697621014187,0.05818697621014187,0.10897394160386772
Fgd2,-0.05059679669138695,0.05059679669138695,0.1634825154432423
Asna1,0.043785963413242174,0.043785963413242174,0.22793815085181404
Usp36,-0.015638280506621423,0.015638280506621423,0.666879712254377
Zfp935,0.0443967467146627,0.0443967467146627,0.22151025150130682
Tecpr1,0.012406743554901,0.012406743554901,0.7327418953061067
Lpar6,-0.08321724319122449,0.08321724319122449,0.02177065543638619
Cdc42ep3,0.016891890435852097,0.016891890435852097,0.641971589750189
Snx4,0.028315805115646162,0.028315805115646162,0.4356944828359158
Trap1,-0.08498110862128003,0.08498110862128003,0.019121633175229736
Rnf144a,-0.004602006932863849,0.004602006932863849,0.8992091713277764
Dhrs11,0.06347725262810645,0.06347725262810645,0.0803202981914519
Nup62,0.0001049584485176193,0.0001049584485176193,0.9976951204909112
Snx13,-0.0408616968037665,0.0408616968037665,0.2605487826764813
Zscan21,0.011411709499118315,0.011411709499118315,0.7534515278781313
2310039H08Rik,0.0677627823185119,0.0677627823185119,0.06187887559558854
Pqlc3,0.08800153318781101,0.08800153318781101,0.015234701028817708
Psmd10,0.04870617042897581,0.04870617042897581,0.1798157758955802
Tbcc,-0.06877442440850193,0.06877442440850193,0.058078683639696885
Obfc2a,0.0020494998670725862,0.0020494998670725862,0.9550168859607382
Mpv17l2,-0.04331686534480775,0.04331686534480775,0.23296421391190977
Med12,0.06595967532214143,0.06595967532214143,0.06916060621555979
Gm16039,0.043911532895068335,0.043911532895068335,0.2266059401904637
Pwp1,-0.05556850653686325,0.05556850653686325,0.12587341457333376
Krr1,0.07947207765444426,0.07947207765444426,0.02846962200065737
Snx29,-0.11204278428946124,0.11204278428946124,0.0019783210889832183
Naa25,0.043774465668347765,0.043774465668347765,0.22806041219372786
Prdm4,0.008418967197227468,0.008418967197227468,0.8167578337439757
Cry1,0.06110584446131187,0.06110584446131187,0.09230302552575873
Pinx1,0.003984047761704018,0.003984047761704018,0.9126851553147917
Glcci1,-0.07915952966367541,0.07915952966367541,0.029101364565127276
Dync1h1,0.04103668653600159,0.04103668653600159,0.2585110929875621
Abce1,0.05956498155627874,0.05956498155627874,0.10082908411525379
Ndufa4,0.130409287855763,0.130409287855763,0.0003126070723967195
Styx,-0.00016695861877371048,0.00016695861877371048,0.9963336092780196
Uck2,0.04353183905700211,0.04353183905700211,0.2306512637845929
Rnf34,0.018052773889752766,0.018052773889752766,0.6192581958411256
Ccl7,-0.08790666563292558,0.08790666563292558,0.015345327042975532
Lrrc25,0.06911852871941895,0.06911852871941895,0.056831025435319656
Cldn5,-0.016329889440256318,0.016329889440256318,0.6530905102374874
Derl2,-0.01512985913131022,0.01512985913131022,0.6770889956130024
Casp8,-0.01564221378356383,0.01564221378356383,0.6668009670980846
Phlda1,-0.06654022483652298,0.06654022483652298,0.06674306633031736
Pja2,-0.02616414767039113,0.02616414767039113,0.47138226749107226
Wash,-0.06876327665542709,0.06876327665542709,0.05811948019454664
6530401N04Rik,0.00475344869152166,0.00475344869152166,0.8959109131812746
Elk3,-0.08685099237327767,0.08685099237327767,0.016624792644993013
4933434E20Rik,-0.0742577119314114,0.0742577119314114,0.040697327089804655
Yipf3,-0.0246769922960288,0.0246769922960288,0.4969595706290365
D230025D16Rik,0.05198538991093335,0.05198538991093335,0.15221607865056327
Pno1,-0.027944409787217322,0.027944409787217322,0.4417411040835976
Atg2b,0.034835499155156366,0.034835499155156366,0.3375291178859247
F11r,-0.0022362317889049396,0.0022362317889049396,0.9509233774279988
Unc119b,0.0016100964934530637,0.0016100964934530637,0.9646539009287457
Mkrn1,0.05421048193176004,0.05421048193176004,0.1354062987508542
Mlec,0.015269109102696823,0.015269109102696823,0.6742868143569473
St8sia4,-0.10500132366419364,0.10500132366419364,0.0037562665427442197
Api5,0.06494647593745598,0.06494647593745598,0.07355151377824297
Cdc27,0.0208658301446261,0.0208658301446261,0.5657330446505688
Tmed2,0.05489767240531576,0.05489767240531576,0.13051511508267907
Spata13,-0.04534352322698006,0.04534352322698006,0.21180431652186707
Cept1,-0.023019397972092223,0.023019397972092223,0.5263155106402
Acap2,0.0814094761331036,0.0814094761331036,0.024810758841134997
Samd4b,0.029423898979320674,0.029423898979320674,0.417939520300564
Wdr20a,0.004304119171621607,0.004304119171621607,0.9057019042555917
Sympk,-0.014349417206405672,0.014349417206405672,0.6928758483206595
Ndufb7,0.10131302556977546,0.10131302556977546,0.0051802468107215085
Klhdc3,0.02201518199868777,0.02201518199868777,0.5445206273154943
P2ry10,0.045958646269564626,0.045958646269564626,0.20566500695343942
Dusp14,0.11789279477978193,0.11789279477978193,0.0011295721860626062
Uba7,0.05382363687564034,0.05382363687564034,0.1382212315857515
Fam100a,-0.01830524983563911,0.01830524983563911,0.6143650326399809
Gstm1,-0.015779037264828988,0.015779037264828988,0.6640640134139734
Ptrf,0.00028613343380357503,0.00028613343380357503,0.9937165877558795
Rreb1,0.003947649970475771,0.003947649970475771,0.9134797112300315
Gramd1a,-0.10018358168026384,0.10018358168026384,0.005704820616318706
Clp1,0.06781870929523656,0.06781870929523656,0.061663554028283316
Deb1,-0.04969344518989819,0.04969344518989819,0.17114173146280243
Klhl24,-0.040498081743636255,0.040498081743636255,0.2648183365028365
Memo1,0.0010145257625112875,0.0010145257625112875,0.9777239498097526
Gm3258,0.020675955202134017,0.020675955202134017,0.569275125677816
Ran,-0.005034608534461481,0.005034608534461481,0.8897923189890009
5830416P10Rik,0.08203706436799015,0.08203706436799015,0.023716161714530594
Csda,0.0692852265749294,0.0692852265749294,0.05623466020625926
Cd151,0.0017037321949083398,0.0017037321949083398,0.962599798542543
Vps13a,0.1750069036090298,0.1750069036090298,1.2088859794943492e-06
Itgb1,0.1843695861587797,0.1843695861587797,3.0831471337176465e-07
Map2k5,0.0029449764490540025,0.0029449764490540025,0.9353990551931979
Trappc3,0.025611627944171354,0.025611627944171354,0.48079944696802956
2810008D09Rik,0.008847679838167807,0.008847679838167807,0.8076049258139938
Ulk2,-0.0015958094756036347,0.0015958094756036347,0.9649673386061989
Ifnar1,-0.05834407952486389,0.05834407952486389,0.10801992537801709
Slc9a7,-0.13270662405642944,0.13270662405642944,0.0002438009910697864
Utp23,0.05177646693590239,0.05177646693590239,0.1538724415187636
Snapc1,0.026033210917729272,0.026033210917729272,0.47360474004204484
Psmg2,-0.09156193841498836,0.09156193841498836,0.0115586364513688
Mapk7,0.009250245931747905,0.009250245931747905,0.7990340799357363
AI848285,0.014951204339901445,0.014951204339901445,0.6806906737709609
1600012F09Rik,0.056996356336341335,0.056996356336341335,0.1164218107460097
Fbln2,0.015059767917762602,0.015059767917762602,0.6785011608633108
Vps41,0.0002538684690216919,0.0002538684690216919,0.994425105352769
Kdm5b,0.09314412749991592,0.09314412749991592,0.010194331137174863
Rrp8,-0.03194060943270425,0.03194060943270425,0.3792295075787286
Pias2,-0.008999684903443718,0.008999684903443718,0.8043658881407522
Eif2s1,0.05109034426190665,0.05109034426190665,0.15940833057924753
Asrgl1,-0.03674224107893963,0.03674224107893963,0.31173507292454544
Atp6v1h,0.007599194337706108,0.007599194337706108,0.8343283919456383
Cbr1,0.029899507250087477,0.029899507250087477,0.4104512313188077
2700089E24Rik,0.08811437073364942,0.08811437073364942,0.01510403303298452
Dusp16,0.043009630106622364,0.043009630106622364,0.2362982526168297
Map4k5,0.03768579412679642,0.03768579412679642,0.2994636835868187
Htt,0.01337712005094427,0.01337712005094427,0.712730659762015
Dcp2,0.025699254476386952,0.025699254476386952,0.4792991443843416
Nin,0.029925897897156745,0.029925897897156745,0.4100380626922728
Plk3,0.10291159828985702,0.10291159828985702,0.004512050354299089
Whsc1,-0.05570577934847242,0.05570577934847242,0.12493959710892139
Eri3,0.017271976847678793,0.017271976847678793,0.6344967201200608
Bfsp2,0.006056968687408294,0.006056968687408294,0.8676015512893616
Pdcd1lg2,0.07619780782979146,0.07619780782979146,0.03570904932621151
Rbks,-0.0796278277687251,0.0796278277687251,0.028159235638190686
March6,0.028864492729147536,0.028864492729147536,0.42684916190069006
Mfsd7b,0.03697425472874388,0.03697425472874388,0.3086873709562373
Dynll2,0.12781639948946585,0.12781639948946585,0.0004118790298470754
Tmem87b,0.0638043453489122,0.0638043453489122,0.07877123550782064
Th1l,-0.09949409708396117,0.09949409708396117,0.006048096454551121
Il1b,0.0636990913116744,0.0636990913116744,0.07926703380366047
Rrp9,0.04606101164098049,0.04606101164098049,0.2046559906272615
Ankrd46,-0.0047025548401433475,0.0047025548401433475,0.8970191356777434
Stk11,0.07196853653256499,0.07196853653256499,0.04732920944438433
Nub1,0.052045574787594126,0.052045574787594126,0.151741448926474
Ndufaf2,0.05190582259245512,0.05190582259245512,0.15284529224400586
Angel2,-0.01690841696474098,0.01690841696474098,0.6416458139371081
Grpel2,-0.04610599139893401,0.04610599139893401,0.20421376287091955
Copg,0.06327944791997411,0.06327944791997411,0.08126899515502928
Stard7,0.02808249972826458,0.02808249972826458,0.4394873058713976
Rrp15,-0.07628688062122858,0.07628688062122858,0.035493111645862475
Il5ra,0.12691851465017318,0.12691851465017318,0.0004526178206181496
Acbd4,0.03780825661507897,0.03780825661507897,0.2978949051578813
Ccs,0.02930735229141811,0.02930735229141811,0.4197866850736878
Mylpf,0.11330467789026448,0.11330467789026448,0.001756812949372383
Tmem9,0.023759701562645025,0.023759701562645025,0.5130963674179188
Msl3,0.024634608475550334,0.024634608475550334,0.49769918424350607
Sema7a,0.07299048650386097,0.07299048650386097,0.044264178005540805
Vpreb3,-0.17379351480911343,0.17379351480911343,1.4356082845763554e-06
Banf1,-0.12394874170875789,0.12394874170875789,0.0006156579237851653
Tuba4a,0.15785016894646542,0.15785016894646542,1.2316820319506367e-05
Papd4,-0.01417686683272945,0.01417686683272945,0.6963845517454542
Akr7a5,-0.01176517298417289,0.01176517298417289,0.746073723242614
C230096C10Rik,-0.05752419938551307,0.05752419938551307,0.11307208814603763
Stag2,0.13608829212402246,0.13608829212402246,0.00016786036694576412
Ubl7,-0.034404481151628655,0.034404481151628655,0.3435443401863594
Wibg,-0.056401494988343764,0.056401494988343764,0.12028954849927252
Flcn,-0.02117097349793494,0.02117097349793494,0.5600628820513621
Clk3,0.06417243675400504,0.06417243675400504,0.07705711195371771
Ssh2,0.14208685096802443,0.14208685096802443,8.474284579448124e-05
Gtf3c1,0.022338811737308773,0.022338811737308773,0.5386196979104517
Atg9a,0.02261015625509989,0.02261015625509989,0.5336969044191301
2310046O06Rik,0.023618542993600583,0.023618542993600583,0.5156035640204154
Capn1,0.015386067420012889,0.015386067420012889,0.6719366937441492
Pdrg1,0.0585480974678518,0.0585480974678518,0.10679088024688696
Chpf,0.062047084268917155,0.062047084268917155,0.08738580397712709
Josd1,0.06974985843626703,0.06974985843626703,0.05459982149990221
Zfp688,-0.033842263213418426,0.033842263213418426,0.35149259385551057
Mkrn2,0.027935210493436207,0.027935210493436207,0.4418914821757878
Ccdc43,0.05282826034282218,0.05282826034282218,0.1456710438754341
Crbn,0.15458438547440595,0.15458438547440595,1.866102211962252e-05
Pkm2,0.031167765662320646,0.031167765662320646,0.39087580094280794
Efr3a,0.06219846854919496,0.06219846854919496,0.08661500410401327
Hspd1,-0.022333153021920682,0.022333153021920682,0.5387226009973238
Tgm2,-0.002274581235679595,0.002274581235679595,0.9500828431428224
Pigv,-0.02428278842597227,0.02428278842597227,0.5038610838296038
Rps6ka1,0.036419967598588426,0.036419967598588426,0.31600115583583993
Tspan3,0.021758231895801592,0.021758231895801592,0.5492284705258983
Dhdds,0.05314694958375836,0.05314694958375836,0.14325317337190918
Btbd10,-0.031307200248526186,0.031307200248526186,0.3887587255224029
Tmem184b,0.06516629134334576,0.06516629134334576,0.07258005867020663
Larp1,0.029530928726281932,0.029530928726281932,0.4162474070892669
Tmem50a,0.03328817008895048,0.03328817008895048,0.3594387849486396
Tspan17,0.06595047391503307,0.06595047391503307,0.06919949332844236
A430005L14Rik,-0.021120408027021614,0.021120408027021614,0.5610005844375457
Zfp560,-0.03698233315478051,0.03698233315478051,0.30858160921325933
Lnpep,0.11361602140275237,0.11361602140275237,0.0017057804221327754
Pnrc2,-0.16186205851331037,0.16186205851331037,7.308928531212448e-06
Dlgap4,-0.05149845779223047,0.05149845779223047,0.15609768418935402
Map3k14,0.11968618475303741,0.11968618475303741,0.0009464485169926413
Obfc2b,-0.08182496659669398,0.08182496659669398,0.02408131664246809
Pml,-0.044585861741559124,0.044585861741559124,0.2195465372317806
Thbd,-0.08858013298794959,0.08858013298794959,0.014575039724147308
Lipa,0.07497904317149134,0.07497904317149134,0.0387778196624743
Pnpo,0.04432210076851626,0.04432210076851626,0.22228880004247029
Emb,0.02106839342545068,0.02106839342545068,0.5619659505678655
9430023L20Rik,0.011608225318043784,0.011608225318043784,0.7493468528667427
Fryl,0.001585095215700528,0.001585095215700528,0.9652023983968223
Uso1,0.10159991566289578,0.10159991566289578,0.005054123165646911
Pibf1,0.014860468225483457,0.014860468225483457,0.6825227055554709
E2f5,-0.0010667075273876271,0.0010667075273876271,0.9765785097071134
Impact,0.02357589679711518,0.02357589679711518,0.5163622733035105
Hspa9,0.08194720287989023,0.08194720287989023,0.0238702809206713
Mms19,0.021914715087820297,0.021914715087820297,0.5463589985412607
Impa1,0.06041276359503684,0.06041276359503684,0.09606369519857104
Pmp22,-0.06468578502157962,0.06468578502157962,0.07471734327849797
Klf3,0.06023989008439204,0.06023989008439204,0.09702052991330147
Gm6654,-0.055631151800918516,0.055631151800918516,0.12544659047194445
Eif2ak3,-0.08525336834953662,0.08525336834953662,0.01873886480501194
Hells,-0.018486645819790697,0.018486645819790697,0.6108599787177279
Kcmf1,0.07531029146011212,0.07531029146011212,0.037922401471867186
Gm2382,0.06580562627842716,0.06580562627842716,0.06981401581116987
Akna,-0.05536684430746312,0.05536684430746312,0.12725508023461155
Srd5a3,-0.016820146016113223,0.016820146016113223,0.6433866336478559
Nfkb2,-0.10842129890700951,0.10842129890700951,0.002763620882935839
Tacc1,0.08585452764648341,0.08585452764648341,0.01791731319305302
Gas7,0.09878708576080175,0.09878708576080175,0.006419275028759034
A730098P11Rik,0.07914118758358622,0.07914118758358622,0.029138809931833397
Gopc,0.034731553762272646,0.034731553762272646,0.3389735470424952
Chmp3,0.048969240234357884,0.048969240234357884,0.1774732410573301
Adam9,0.10490848003977367,0.10490848003977367,0.003787241060297123
Polr2d,0.009948755565796502,0.009948755565796502,0.7842201869943313
Rc3h1,0.09454115038877156,0.09454115038877156,0.009110677272059203
Sft2d3,-0.006011936478570989,0.006011936478570989,0.8685769374670971
Smagp,0.089909173166362,0.089909173166362,0.013154146339600836
Myst3,0.10123780857377732,0.10123780857377732,0.00521378023631375
Rdm1,0.08247522145171432,0.08247522145171432,0.02297697098178392
Zbtb11,0.1446325810698148,0.1446325810698148,6.287802609493794e-05
Snrnp200,-0.004201472101722914,0.004201472101722914,0.9079406703086765
Atf1,-0.07778983113959873,0.07778983113959873,0.032013842137211215
Slc25a28,-0.009188076999123709,0.009188076999123709,0.8003561408735205
Gins4,0.02461264074024001,0.02461264074024001,0.4980827594683977
Gpr137b,0.06931524230539783,0.06931524230539783,0.05612783268897402
Sfxn3,0.060583412972661795,0.060583412972661795,0.09512657820846891
Carkd,0.001205480250959616,0.001205480250959616,0.9735325553670741
Leprotl1,-0.03141823087028035,0.03141823087028035,0.3870779087165371
P4ha1,-0.029899409717315223,0.029899409717315223,0.4104527587372425
Dok1,-0.009083345878467984,0.009083345878467984,0.8025846026770402
Dut,-0.023838054944506918,0.023838054944506918,0.5117074293482318
Plcxd2,0.036497471640616425,0.036497471640616425,0.3149717219270034
Zfp740,0.0023952943013821584,0.0023952943013821584,0.947437448324937
Usp14,0.06197842069302937,0.06197842069302937,0.0877372329666404
Cdkn2c,0.046380995504152756,0.046380995504152756,0.20152508636176122
Rbbp8,0.046630500551781646,0.046630500551781646,0.19910808489263612
Nbr1,0.01592571736857369,0.01592571736857369,0.6611348518805132
Suv420h2,0.05506892650380433,0.05506892650380433,0.12931774411503721
Ide,0.06984372959474969,0.06984372959474969,0.05427438008244423
Spsb3,0.009317643319366412,0.009317643319366412,0.7976014820053867
Btla,-0.13369691580204512,0.13369691580204512,0.00021875632664435947
Sp1,0.024745879678696524,0.024745879678696524,0.4957587080929809
4732418C07Rik,0.06017412435160289,0.06017412435160289,0.09738652657257695
Fam113b,-0.00011519184033189064,0.00011519184033189064,0.9974703967067081
Nod1,0.06738499336711538,0.06738499336711538,0.06334970171089427
Uckl1,0.007897529766550072,0.007897529766550072,0.8279239851693241
Kif20b,0.022624824217113995,0.022624824217113995,0.5334314427443155
2010305A19Rik,-0.0681377228737606,0.0681377228737606,0.060447141137880404
Stx18,0.032100190446443605,0.032100190446443605,0.3768515254439153
Rnf14,0.05898902006175908,0.05898902006175908,0.10417246362862478
Mllt6,0.02321883845030453,0.02321883845030453,0.5227372109866866
Arid2,0.04946904617024338,0.04946904617024338,0.17308527135490792
Pum2,0.0570613362627861,0.0570613362627861,0.11600529249199433
Eftud2,-0.0007441861920107,0.0007441861920107,0.9836588457074416
Vat1,0.07414778603896137,0.07414778603896137,0.04099679015718338
Hist1h2ao,-0.08588846523418976,0.08588846523418976,0.01787188754780604
Aarsd1,0.03446459430840397,0.03446459430840397,0.34270133376669243
P4hb,0.009401396729845227,0.009401396729845227,0.795822168802695
Cnot3,0.006067576515004115,0.006067576515004115,0.8673718176580774
Prrc2a,-0.09358374322419954,0.09358374322419954,0.009841583933146807
Bag6,-0.073146709712131,0.073146709712131,0.0438106974499104
Pigy,0.04736279502918345,0.04736279502918345,0.19213642707792547
Ccrn4l,0.017274141662007463,0.017274141662007463,0.6344542517844932
Gng2,0.0006684898206370456,0.0006684898206370456,0.9853208207856395
1110021J02Rik,0.05597323789749664,0.05597323789749664,0.12313566568349375
Arnt,0.04308056129182351,0.04308056129182351,0.2355255514674834
Scnm1,-0.022653760546021865,0.022653760546021865,0.5329079466831115
1700029F09Rik,0.07246620678386981,0.07246620678386981,0.045815042276356265
Scaf8,0.037168402262148514,0.037168402262148514,0.3061522350811289
2310061I04Rik,-0.015030239955255148,0.015030239955255148,0.6790964143858121
Ttc5,0.008867561412415773,0.008867561412415773,0.807181085900299
Ubl3,-0.004707458664505001,0.004707458664505001,0.896912345282017
Ilkap,-0.0199633301504753,0.0199633301504753,0.5826624161906221
Lin7c,-0.03772189546458783,0.03772189546458783,0.29900064474915095
Tlk1,0.019329625905695966,0.019329625905695966,0.5946888672125599
Cbx3,-0.09872103798449078,0.09872103798449078,0.0064549736708124335
Prps2,-0.01926045982249631,0.01926045982249631,0.5960083246885327
Fxr1,0.04086746472491685,0.04086746472491685,0.2604814411459169
Cxcl12,0.03859895634461434,0.03859895634461434,0.28789789892292056
Mgst2,0.07478513714589977,0.07478513714589977,0.03928611537985825
Pdk1,-0.024793749644152423,0.024793749644152423,0.4949251377720189
Zfp422,-0.06789971647608552,0.06789971647608552,0.06135277042107862
Slc12a6,-0.04313148062807348,0.04313148062807348,0.23497195437122398
Ola1,0.007921547273345438,0.007921547273345438,0.8274088883921275
Cdca4,0.041866622037731435,0.041866622037731435,0.24899707310461877
Mapkapk3,0.026241721444734478,0.026241721444734478,0.47006827135557744
Ccdc32,-0.025832499178952903,0.025832499178952903,0.4770226831600179
Snx9,0.14253842717976237,0.14253842717976237,8.040281199735775e-05
Vamp7,-0.040543369760635516,0.040543369760635516,0.2642839583820974
Timm22,-0.008902018946168037,0.008902018946168037,0.8064466462393455
Skap2,0.09344345786273114,0.09344345786273114,0.009952951133484416
Dennd5b,-0.04314628165997477,0.04314628165997477,0.23481120956785217
Psmg1,0.05627182099732832,0.05627182099732832,0.12114585926547211
Il10rb,-0.033931979766083226,0.033931979766083226,0.35021650516436426
Sgk3,-0.08721398072484983,0.08721398072484983,0.01617468217951184
Zc3h18,0.05492060298847324,0.05492060298847324,0.13035429351426106
Spata2,0.016303385602115902,0.016303385602115902,0.6536168046212458
Ino80b,-0.06312170494455394,0.06312170494455394,0.08203203890240934
Bbc3,0.0823133263582729,0.0823133263582729,0.02324773554716123
Sae1,0.029851864488857714,0.029851864488857714,0.41119774515362983
D930015E06Rik,0.0206436862542648,0.0206436862542648,0.5698781457028785
Ppp3r1,0.03560406598594191,0.03560406598594191,0.3269718256572816
Mrpl44,-0.024890282313305517,0.024890282313305517,0.4932464690786173
Cstf1,0.02805162468097224,0.02805162468097224,0.4399906520786553
Cbfa2t3,0.09547803384713213,0.09547803384713213,0.00844266235572991
Pxk,-0.0534998977734392,0.0534998977734392,0.14061137568724394
Slc9a3r2,0.07736456429577968,0.07736456429577968,0.032967397086325054
Arfgap2,-0.07852087872350098,0.07852087872350098,0.030429763940402036
Ctsz,-0.06098804517730208,0.06098804517730208,0.09293374948910928
Zc3h12d,0.015530775276653074,0.015530775276653074,0.669033408599721
Slmo2,0.025435877965839137,0.025435877965839137,0.48381623979309885
Tmem154,0.11389988659227687,0.11389988659227687,0.0016604414798928055
Fbxw7,0.11165554878747348,0.11165554878747348,0.002051258126665657
Mtch2,0.04761259270576872,0.04761259270576872,0.1897997387102714
BC006779,0.013601043218268256,0.013601043218268256,0.7081401939516503
H2-DMb2,-0.07439561793199351,0.07439561793199351,0.0403242586338837
Dera,-0.027697467720316414,0.027697467720316414,0.44578792321157606
Fam65a,0.04935548558683178,0.04935548558683178,0.17407508293016166
Ndufb10,0.061803689343051395,0.061803689343051395,0.08863666342655158
Pmf1,-0.057628501478612926,0.057628501478612926,0.1124192382686703
Lypla1,-0.007910572391620348,0.007910572391620348,0.8276442544435966
Ctdspl2,0.11457924695596688,0.11457924695596688,0.0015563911742569323
2410002O22Rik,-0.01062069622478386,0.01062069622478386,0.770042960606247
Tspyl2,0.05986298923927598,0.05986298923927598,0.09913299821248582
Rpa3,-0.0007791470580966435,0.0007791470580966435,0.9828912750637678
Dennd4b,-0.08314906855293211,0.08314906855293211,0.021879145155228194
Rdh14,-0.13127979575923857,0.13127979575923857,0.00028463844069886714
Rasal3,-0.14015051026721265,0.14015051026721265,0.00010598231754493822
Rybp,0.03810686703810227,0.03810686703810227,0.29409263211641246
Morc3,0.010192166231243268,0.010192166231243268,0.7790759502186377
Phf14,-0.026248643895991512,0.026248643895991512,0.46995111250499244
1810031K17Rik,0.010493751350888286,0.010493751350888286,0.7727156504066833
Wbp5,-0.0007097403519473351,0.0007097403519473351,0.9844151236526985
Trmt6,-0.07999126358957925,0.07999126358957925,0.02744626262875641
Selm,0.016275717674650796,0.016275717674650796,0.6541663981556709
Zfp945,0.012726123330120825,0.012726123330120825,0.7261347832721963
5730469M10Rik,0.0916505846633624,0.0916505846633624,0.011478122874795616
Atxn7,0.060892780999733075,0.060892780999733075,0.09344633642907728
Ndufb4,0.06996081115511382,0.06996081115511382,0.05387073605350794
Poldip2,-0.04818267017560488,0.04818267017560488,0.184545434740802
Tfg,0.09423127128035545,0.09423127128035545,0.009341770331822177
Clec2d,-0.033459687554445984,0.033459687554445984,0.3569671201683678
Tmem106b,-0.10196997383725166,0.10196997383725166,0.004895530753844312
2310001H17Rik,-0.060524863104457614,0.060524863104457614,0.09544727636675439
R3hdm2,0.009192076991818846,0.009192076991818846,0.8002710613176296
Rab11b,-0.03919916162031856,0.03919916162031856,0.2804618495088399
C1d,-0.04776624446678483,0.04776624446678483,0.18837284851404903
Ing3,-0.018163451127873126,0.018163451127873126,0.6171111020187188
Rusc1,0.024645445156645567,0.024645445156645567,0.49751002445180215
Atp6v0e,0.024696473313593554,0.024696473313593554,0.49661981572708924
Btf3,-0.09004696161542262,0.09004696161542262,0.013014071086907697
Mynn,0.058203830367694546,0.058203830367694546,0.10887127665786121
Frmd8,-0.025391427566292864,0.025391427566292864,0.4845808627582478
Zfr,0.13485950832191276,0.13485950832191276,0.00019243418545093993
Ube2k,0.005662673334400653,0.005662673334400653,0.8761485563137837
Rngtt,0.006655355669712413,0.006655355669712413,0.8546602975592975
Fam175b,-0.05687902171184244,0.05687902171184244,0.11717688946454957
Akt1s1,-0.037378450114131614,0.037378450114131614,0.30342503081425803
Lrrc41,0.05008513817912079,0.05008513817912079,0.16778839694091632
Mtss1,0.07014157476507515,0.07014157476507515,0.053252458639564834
Rbfa,-0.04185496114853021,0.04185496114853021,0.2491290333563938
Snhg4,-0.013545654145534233,0.013545654145534233,0.7092747029397257
2010003O02Rik,0.052084456334770025,0.052084456334770025,0.15143542003212745
2310004N24Rik,0.0419522591895379,0.0419522591895379,0.24802945604506257
Mapk1ip1,0.05573747427780774,0.05573747427780774,0.12472475586025507
Fbxo8,0.03812331532419127,0.03812331532419127,0.29388414042554156
Ubap2,0.08133827277771123,0.08133827277771123,0.024937662962505394
Pmm1,0.027090923529523706,0.027090923529523706,0.45581675630624685
1810032O08Rik,-0.07515084967778304,0.07515084967778304,0.03833212462220216
Polr3d,0.10372805062605556,0.10372805062605556,0.004201761492055929
Pabpc4,0.0198589780045663,0.0198589780045663,0.5846350051169572
Txlna,0.10499556620968589,0.10499556620968589,0.0037581806426160947
Slc25a19,0.008113131831292796,0.008113131831292796,0.8233026981566799
Ube2j1,0.0899121222391511,0.0899121222391511,0.013151134443657484
Ormdl3,0.09563160478143042,0.09563160478143042,0.008337435289690043
1810074P20Rik,0.14190431325097727,0.14190431325097727,8.655912699293433e-05
Rnf145,-0.004378985181955268,0.004378985181955268,0.9040695226743779
Zc3h7a,0.023911553617716803,0.023911553617716803,0.5104063311197176
Lage3,-0.011324669677769014,0.011324669677769014,0.755271782687786
Mef2a,0.06660160890351231,0.06660160890351231,0.06649155941097475
Sra1,0.03512262126691888,0.03512262126691888,0.3335598035064532
Rbpj,0.07304331878998788,0.07304331878998788,0.04411037740919539
Pttg1ip,0.06282416110968658,0.06282416110968658,0.0834871164562899
Arrdc1,0.0018474321478760402,0.0018474321478760402,0.9594479146241894
Arid1a,0.000877282407252966,0.000877282407252966,0.980736786656923
Ubr7,0.023258987302990492,0.023258987302990492,0.5220183834781944
Phf6,0.024744081299766567,0.024744081299766567,0.4957900382333339
Usp7,0.0662871517410395,0.0662871517410395,0.06778824352310807
Serinc1,0.12245135600775915,0.12245135600775915,0.0007171612322369802
Alg1,0.021768226085579576,0.021768226085579576,0.549044982979697
Rell1,0.129115687485091,0.129115687485091,0.0003589453803772001
Rpf2,-0.02028691258552674,0.02028691258552674,0.5765654695611285
Osgin2,-0.02541370754129354,0.02541370754129354,0.48419752737095234
Pip4k2a,0.02906224248538753,0.02906224248538753,0.423687054473953
Iigp1,0.044569032450942146,0.044569032450942146,0.21972078039937437
Pura,0.11085049139463526,0.11085049139463526,0.0022108339080977196
Nudt16l1,-0.006691829867341109,0.006691829867341109,0.8538726976117208
1110001A16Rik,-0.012828169297034635,0.012828169297034635,0.7240279779783326
2510006D16Rik,0.049439424836256435,0.049439424836256435,0.17334304976495668
Mbd2,0.009847083159933118,0.009847083159933118,0.7863717334352132
Sacm1l,0.040944773605866056,0.040944773605866056,0.25958000588557095
Pnpla2,0.03160420750062843,0.03160420750062843,0.3842724647495634
Oxr1,0.052318466925480187,0.052318466925480187,0.14960347133524968
Nt5c2,0.0403837781739702,0.0403837781739702,0.26617037013114553
Mrpl38,0.07889030130241202,0.07889030130241202,0.0296551631663593
Dcaf13,0.03295061501205584,0.03295061501205584,0.36433439920800104
Dazap2,0.006629049503640378,0.006629049503640378,0.8552284254606731
Antxr2,0.12317733268537999,0.12317733268537999,0.000666153940804812
Gm5617,-0.00927062595615291,0.00927062595615291,0.7986008109699275
Riok3,0.08047030988069091,0.08047030988069091,0.0265302748879039
1110054O05Rik,0.017493725021142284,0.017493725021142284,0.6301528253039452
Mcm3,-0.03089286087112721,0.03089286087112721,0.39507017999424326
Slc31a1,0.0888995716303131,0.0888995716303131,0.014221724747420129
Mzt1,0.04028092554469247,0.04028092554469247,0.26739100335972166
Myoc,0.08910886262436069,0.08910886262436069,0.013994348115914147
Chsy1,0.04715376465327574,0.04715376465327574,0.19410793216450586
Agpat6,0.08246194174089742,0.08246194174089742,0.022999077503513297
2810002N01Rik,0.03047878875790128,0.03047878875790128,0.4014389339811286
Abcf2,0.09314763021411186,0.09314763021411186,0.010191476735486971
Asf1a,0.044096264024805175,0.044096264024805175,0.22465615361485813
2700038G22Rik,-0.022395916777806522,0.022395916777806522,0.5375818002036865
Hnrnph3,0.04637816934355751,0.04637816934355751,0.2015525856752134
Ppm1d,-0.021323301350032853,0.021323301350032853,0.5572426569270077
Mcm6,0.05421917423693943,0.05421917423693943,0.13534355951003246
Trim12a,0.020635243369254763,0.020635243369254763,0.5700359707329613
Zbtb25,0.03792791698715963,0.03792791698715963,0.2963673251535441
Eml4,0.04947484781605879,0.04947484781605879,0.1730348162876981
Tubb6,0.014103108169928517,0.014103108169928517,0.6978863736270876
Mll3,0.05086044273028357,0.05086044273028357,0.1612965043006719
Chmp1b,-0.09460417372513123,0.09460417372513123,0.009064305592652639
Dcaf7,0.00013617758293013265,0.00013617758293013265,0.9970095535213498
Tm2d1,-0.007094849470809381,0.007094849470809381,0.8451800007085457
Trafd1,0.10902303470232264,0.10902303470232264,0.002616042262402336
Ufsp2,0.007035783207034444,0.007035783207034444,0.8464528466994744
Dhx9,0.015721355343346746,0.015721355343346746,0.6652173133824988
Ncbp1,0.0571438701416389,0.0571438701416389,0.11547794037509947
Msh6,0.06746281877986939,0.06746281877986939,0.06304437278141932
Mgat4a,0.08633199485489314,0.08633199485489314,0.017287414009817315
Gm12657,-0.1250095046328,0.1250095046328,0.0005520095898059117
Shoc2,0.10643991649749185,0.10643991649749185,0.003304800429319931
Fbxo33,0.008480072831062257,0.008480072831062257,0.8154516872935874
Mrpl50,-0.028964086455969925,0.028964086455969925,0.4252549006374513
Aff1,0.08460869185114726,0.08460869185114726,0.019656249538123158
Epas1,-0.017160113862241252,0.017160113862241252,0.6366928284500716
Ap4s1,0.003080626600769149,0.003080626600769149,0.9324303891254704
Zfp593,-0.005561377043190711,0.005561377043190711,0.8783466918051244
Med28,-0.02489539005529866,0.02489539005529866,0.4931577321259046
Tomm40l,0.003272098024945728,0.003272098024945728,0.9282416954630036
Trim11,0.054098438082754025,0.054098438082754025,0.13621701643796338
Sf3a2,0.004828684518761131,0.004828684518761131,0.8942730117914092
Atp5f1,0.02487057882781545,0.02487057882781545,0.4935888582675024
Sash3,-0.13440861729689169,0.13440861729689169,0.00020226889642219534
Atxn1,0.0879826067185046,0.0879826067185046,0.015256715248179776
Pkn1,0.0498739157008619,0.0498739157008619,0.1695905298515995
Insl6,0.11401331142901139,0.11401331142901139,0.0016426367362643432
Dhrs4,0.09801679433196141,0.09801679433196141,0.006846846713398593
Uck1,-0.033430613269030476,0.033430613269030476,0.3573853434550675
Hspg2,-0.03393657858957635,0.03393657858957635,0.35015117264735834
Ptdss1,0.07497311797274321,0.07497311797274321,0.0387932686866952
Otud4,0.048875643137099835,0.048875643137099835,0.17830407381461771
Rcl1,0.03854993286867928,0.03854993286867928,0.2885110685150354
A930005H10Rik,-0.03799476686091926,0.03799476686091926,0.29551620348478436
Ing5,-0.008419189910571605,0.008419189910571605,0.8167530722722105
Vps26a,-0.01960254879563706,0.01960254879563706,0.5894954560850609
Tm9sf1,-0.014449401757536819,0.014449401757536819,0.6908457242947916
Ptger4,-0.003905469806417079,0.003905469806417079,0.9144006030162171
Mettl21d,-0.02527892647860744,0.02527892647860744,0.4865189910658342
9030624J02Rik,-0.053643903631103385,0.053643903631103385,0.1395443023134154
Sptlc2,0.027135328041793957,0.027135328041793957,0.45507828411768325
2900092E17Rik,0.042718211233540415,0.042718211233540415,0.23949164506787105
Otud7b,0.0014830131859864945,0.0014830131859864945,0.9674421210987121
Neat1,0.10878045202592293,0.10878045202592293,0.0026746495127264163
Rab11a,0.0867104873864247,0.0867104873864247,0.016801945743978683
Dusp22,-0.027683469530177855,0.027683469530177855,0.44601795127984195
St6gal1,0.025434151622660914,0.025434151622660914,0.4838459236535357
Ppp1r11,0.01948982542965529,0.01948982542965529,0.591637922934198
Wdr83,0.010984270052969385,0.010984270052969385,0.7624034689977615
Syvn1,0.0021055668061912333,0.0021055668061912333,0.9537876657917843
Nsmce1,-0.14883379965950078,0.14883379965950078,3.8006660459606095e-05
Prpf40a,0.08134414968625102,0.08134414968625102,0.024927167484371612
Aimp2,0.04609774560244008,0.04609774560244008,0.20429478113465233
Man1a2,0.09743965444273321,0.09743965444273321,0.007183756863529619
Gstt2,0.05566848784639453,0.05566848784639453,0.12519274282477078
Dennd4a,0.14792992347175876,0.14792992347175876,4.240335972076492e-05
Fam203a,-0.04990244819618757,0.04990244819618757,0.16934625024359656
Actb,-0.13093593831971106,0.13093593831971106,0.000295394361710313
Hsp90ab1,0.02000351742212949,0.02000351742212949,0.5819035760096523
Faf1,0.04894718251791627,0.04894718251791627,0.17766878102841907
Lfng,0.07838649441008519,0.07838649441008519,0.030715810325877228
Alg3,-0.012437242195427346,0.012437242195427346,0.7321100968306629
Gmpr2,0.008048713193984664,0.008048713193984664,0.8246828360425635
Galnt1,-0.01645435370071618,0.01645435370071618,0.650621294475356
Hadh,-0.025600925540874134,0.025600925540874134,0.4809828635525884
C3,0.041128399600739114,0.041128399600739114,0.2574475432833745
Zdhhc20,-0.009280899442415183,0.009280899442415183,0.7983824253245684
Tgfbr2,-0.015053471811951828,0.015053471811951828,0.6786280671412408
Uba2,0.005101000661956813,0.005101000661956813,0.8883484368245588
Ifrd1,-0.0158399726872122,0.0158399726872122,0.6628465244554342
Plcl2,0.014968154636215793,0.014968154636215793,0.6803486422204427
Tufm,-0.01835843994777725,0.01835843994777725,0.6133363417882283
Mki67ip,-0.0260754482176008,0.0260754482176008,0.4728871918861522
Nap1l4,0.0219442479029713,0.0219442479029713,0.5458182805925645
Dnm1l,0.060589791826352594,0.060589791826352594,0.09509169108913476
1110049F12Rik,0.0723166313549948,0.0723166313549948,0.04626578606606167
Cltb,0.04783154746854548,0.04783154746854548,0.18776880821556408
Lypla2,-0.054021706187646616,0.054021706187646616,0.13677438074192105
H1f0,-0.014753184050289126,0.014753184050289126,0.6846912658752586
Gbp3,0.06603042723012843,0.06603042723012843,0.06886219164027411
Nol9,0.022396202204888485,0.022396202204888485,0.5375766150176737
Ttc33,-0.10926516330781845,0.10926516330781845,0.0025587154006271955
Setd8,0.09190204371430306,0.09190204371430306,0.011252430246053931
Prrc1,0.03515702157207753,0.03515702157207753,0.3330862615688469
Pkn2,0.12347706089830966,0.12347706089830966,0.0006460939121351566
Diablo,-0.01932162974612325,0.01932162974612325,0.5948413390837972
Tmem120a,0.08939295027448749,0.08939295027448749,0.013690837718747578
2810428I15Rik,0.009425125364253233,0.009425125364253233,0.7953182540252965
Baz1b,0.050877553140658976,0.050877553140658976,0.1611553990160802
Bcl7b,-0.03904823534910518,0.03904823534910518,0.28231933303545803
Khnyn,0.02274964013182596,0.02274964013182596,0.5311752150510907
Prr14,0.034427454197667684,0.034427454197667684,0.343222018092617
Snrnp25,0.005760980968790954,0.005760980968790954,0.8740161859714438
Vrk1,0.03899556117841436,0.03899556117841436,0.28296956115569044
Camta1,0.07658740628615529,0.07658740628615529,0.03477273821458602
Pnpla8,0.051885688720596936,0.051885688720596936,0.15300482236235785
Rnf40,0.008996025378342437,0.008996025378342437,0.8044438289172599
Sema4d,-0.05489048338697943,0.05489048338697943,0.13056556623152937
Lin37,-0.046915570043814823,0.046915570043814823,0.1963725224899051
Asb8,-0.006097547878683097,0.006097547878683097,0.8667227885659785
Zbtb32,0.15065475573134324,0.15065475573134324,3.042618050064174e-05
Tbc1d10c,-0.029610080632410538,0.029610080632410538,0.4149986350760204
Alkbh6,-0.03342241465195968,0.03342241465195968,0.3575033332871185
Yipf5,0.08931266990147742,0.08931266990147742,0.013776012999490588
Fcer2a,-0.2504525564710446,0.2504525564710446,2.468460183343941e-12
Rb1cc1,0.15963120094316785,0.15963120094316785,9.785031061837329e-06
Ddx47,-0.016185894338988833,0.016185894338988833,0.655951930783123
Rragc,0.008553651533210867,0.008553651533210867,0.8138796054794133
Naa10,-0.061571701127095604,0.061571701127095604,0.08984226739400268
Dynlt3,0.07306836109212436,0.07306836109212436,0.04403763393131132
Galnt11,0.026312935155148813,0.026312935155148813,0.4688637862955399
Mxd1,0.09836655067944983,0.09836655067944983,0.006649636123837572
Il6,0.02107983466798543,0.02107983466798543,0.5617535378605367
Commd10,-0.027751881111171002,0.027751881111171002,0.4448944052134676
Timm9,-0.01955932360785273,0.01955932360785273,0.5903165897718015
Tcof1,-0.03439911470613763,0.03439911470613763,0.3436196616041237
Nol11,-0.02281129642756126,0.02281129642756126,0.5300624737612829
Serpinh1,-0.08604299638953718,0.08604299638953718,0.017666317625846525
Zfand5,0.01869430960226741,0.01869430960226741,0.6068582638461648
Anxa1,-0.012772979022917755,0.012772979022917755,0.7251671591741442
2810004N23Rik,-0.004179339340256847,0.004179339340256847,0.9084234893320016
Cxcl2,-0.06619065233512629,0.06619065233512629,0.06819030263449008
Tollip,-0.02976157735705362,0.02976157735705362,0.41261465776050343
Adck3,0.03941436875547511,0.03941436875547511,0.2778276045147857
Faf2,0.019362388336124314,0.019362388336124314,0.5940643348411434
Atl3,0.09174125808283615,0.09174125808283615,0.011396282439971567
Chd1,0.12288084314007844,0.12288084314007844,0.0006865645053636796
Pgrmc1,0.08303400171312471,0.08303400171312471,0.022063321874615585
Crnkl1,0.07169642291511164,0.07169642291511164,0.048174730832858254
Rere,-0.009508311311012235,0.009508311311012235,0.7935523441647463
Slc25a33,-0.0074095035716238355,0.0074095035716238355,0.8384062489026927
Zfp295,0.052702666174053704,0.052702666174053704,0.1466324373072848
Adora2a,0.13785562355556086,0.13785562355556086,0.00013763613853608338
Rassf4,0.08920578535797453,0.08920578535797453,0.0138901392338207
Prdx5,-0.07244049984880284,0.07244049984880284,0.045892246037504456
Nop16,-0.013620017894281532,0.013620017894281532,0.7077516928192958
Ift27,0.06599328065184282,0.06599328065184282,0.06901873507466842
Auh,0.045022524537355474,0.045022524537355474,0.21506007783600214
Trp53bp2,0.022919663633945785,0.022919663633945785,0.5281095862494429
Mvp,0.11899237597209378,0.11899237597209378,0.001013767459126304
Cdkn2d,-0.004003974697634399,0.004003974697634399,0.9122501914571151
Rasa2,-0.020348473416783502,0.020348473416783502,0.5754089477177446
Mapre1,0.10092525116469263,0.10092525116469263,0.005355231825580206
Mprip,-0.0003124206346943094,0.0003124206346943094,0.9931393415880468
Xiap,0.03223803158053062,0.03223803158053062,0.3748049038158154
Prdm2,0.10592385082001368,0.10592385082001368,0.00346074739228351
Alkbh5,-0.05142369476755567,0.05142369476755567,0.15670024023825263
Setd5,0.0127346245431141,0.0127346245431141,0.7259591909737154
Csnk1e,-0.02258361750955713,0.02258361750955713,0.5341773735022181
Flii,0.05736981008598943,0.05736981008598943,0.11404391356575116
Arid3a,0.07879135172921926,0.07879135172921926,0.029860961786838853
Tmub1,-0.02920696926576473,0.02920696926576473,0.42138150161486654
Grn,0.057139847648071736,0.057139847648071736,0.11550359850609956
1500012F01Rik,0.030563528372106612,0.030563528372106612,0.4001305906324241
Nars,0.030835368421284044,0.030835368421284044,0.3959507964174008
Pias1,0.053217128508320506,0.053217128508320506,0.14272488329062955
Dnajc2,0.03057564914750368,0.03057564914750368,0.39994366040795054
Pmpcb,0.07684962757660127,0.07684962757660127,0.034154398830230685
Kctd5,-0.03612190862126459,0.03612190862126459,0.3199805898644874
Acat1,-0.022173343614177422,0.022173343614177422,0.5416327724929243
Casp4,0.0824271548831952,0.0824271548831952,0.02305707405317201
Gpx4,0.18516855956555545,0.18516855956555545,2.7347920425416585e-07
Ddb1,0.09059439968457174,0.09059439968457174,0.012470470594018365
Cxxc1,0.019005030377368996,0.019005030377368996,0.6008925624707361
Hcfc1r1,0.026828114316410925,0.026828114316410925,0.4602011721361502
Snhg12,0.02719010082932426,0.02719010082932426,0.45416830859175444
Fam53b,-0.06011037172287625,0.06011037172287625,0.09774237056683141
Chd6,0.04630864267063734,0.04630864267063734,0.20222995941558505
Stx12,0.03286474970752182,0.03286474970752182,0.36558632270101
Ube2g2,0.06262567435713019,0.06262567435713019,0.08446932437840933
1810009A15Rik,-0.020257904918340074,0.020257904918340074,0.5771108054348107
Arl8a,0.012029360206045576,0.012029360206045576,0.7405744632938374
Tmem222,-0.019671725603334873,0.019671725603334873,0.5881824235167816
Mfap3,-9.396265666730404e-05,9.396265666730404e-05,0.9979365866710258
Cyp51,0.11705371686243926,0.11705371686243926,0.0012260221332308584
Atad3a,0.06257005860752685,0.06257005860752685,0.08474620521276573
Id1,-0.07842898080973788,0.07842898080973788,0.030625126977720813
Nfat5,0.08294900552462951,0.08294900552462951,0.022200230218397052
Fam162a,-0.0535532094586161,0.0535532094586161,0.14021561211506386
Nr2c2ap,-0.014243303188558959,0.014243303188558959,0.6950328374547289
Socs1,0.09119286214082953,0.09119286214082953,0.011899254140272196
Tmem160,0.04622480074982126,0.04622480074982126,0.20304900202781506
Ring1,-0.025811271048964614,0.025811271048964614,0.47738496579873774
Acbd5,0.004234163969674754,0.004234163969674754,0.9072275699424599
Ppid,0.07663362265413134,0.07663362265413134,0.03466306863020543
Atp6v1b2,-0.018827484843869167,0.018827484843869167,0.6042981233330964
Tcp11l2,0.03233464751152447,0.03233464751152447,0.373374476536339
Creg1,0.1153775680507081,0.1153775680507081,0.0014417945657081795
Anxa2,0.010781930412077362,0.010781930412077362,0.7666522752798407
Fkrp,-0.024667624722836342,0.024667624722836342,0.4971229879706014
Ifrd2,0.03633562541614872,0.03633562541614872,0.317123918185196
Akirin2,0.04903873926454021,0.04903873926454021,0.1768581834124397
Riok1,0.0356370833987424,0.0356370833987424,0.32652313436990577
Sike1,-0.04415849443912205,0.04415849443912205,0.22400203048719325
Actr8,0.06485086966091716,0.06485086966091716,0.07397733634243664
Acads,0.02326379581200184,0.02326379581200184,0.5219323256643206
Ly96,0.05933314604178359,0.05933314604178359,0.1021644504606546
Las1l,0.015638351106969997,0.015638351106969997,0.6668782987860289
Cstf3,-0.0420304721213824,0.0420304721213824,0.2471480226833311
2810453I06Rik,0.06174527156087753,0.06174527156087753,0.08893901819304623
Pknox1,0.014029522183619208,0.014029522183619208,0.6993858571979364
Nudt5,0.0412662922890539,0.0412662922890539,0.2558541809191275
Zyx,-0.05772553668589249,0.05772553668589249,0.11181454020632316
Aim2,0.08957641047121828,0.08957641047121828,0.013497931942884005
Chst12,0.029829655350797644,0.029829655350797644,0.41154601457301954
Pop4,-0.019217989901642387,0.019217989901642387,0.596819167978868
S100a6,0.11556450163537789,0.11556450163537789,0.0014161072918682698
Hdlbp,0.12533624272223715,0.12533624272223715,0.0005336724158363446
Rrp36,0.013304882578376424,0.013304882578376424,0.7142137690025064
Rpl12,-0.2232261726379583,0.2232261726379583,4.893748624596838e-10
Serpinb6a,-0.04007167182567444,0.04007167182567444,0.2698862237368116
Ppp1r35,0.005294225616839895,0.005294225616839895,0.884148341184529
Pop7,-0.07973375573751973,0.07973375573751973,0.02794980399873923
Hax1,-0.02935713727345524,0.02935713727345524,0.41899705069905613
Tspan14,0.047090333964626384,0.047090333964626384,0.19470911004096086
Lrrc8a,-0.010711149252537267,0.010711149252537267,0.7681402276539742
Gmnn,-0.012763510094592048,0.012763510094592048,0.7253626682152022
Hat1,0.04563855844764565,0.04563855844764565,0.20884338281403939
Ripk1,0.05234833313941659,0.05234833313941659,0.14937088359826117
Gar1,-0.024152897545902642,0.024152897545902642,0.5061461526520528
Pdcl,0.06512604760772515,0.06512604760772515,0.07275712426728193
Hiatl1,0.055935436339575324,0.055935436339575324,0.12338938757660543
Bri3bp,0.004510325516386872,0.004510325516386872,0.9012067541026398
Sp3,0.057347369651559434,0.057347369651559434,0.11418571273643292
Pdlim5,0.05659302583948988,0.05659302583948988,0.1190334222639491
Rilpl2,-0.012443332008538966,0.012443332008538966,0.7319839642187065
Serping1,-0.007219761682117857,0.007219761682117857,0.8424895421585811
Tab2,0.015453736582057205,0.015453736582057205,0.6705784307530767
Mafk,-0.07164131116866636,0.07164131116866636,0.04834750942454628
Fbxw5,-0.027623085625815738,0.027623085625815738,0.44701099477203005
Ubxn6,-0.028413364079155873,0.028413364079155873,0.43411407979984956
Cep110,0.0738231692873932,0.0738231692873932,0.04189201677517302
Zbtb20,0.14444459118215924,0.14444459118215924,6.4290043117619e-05
1190007I07Rik,0.04070787454297063,0.04070787454297063,0.26234912166481783
Ppat,0.09771447456116879,0.09771447456116879,0.007021518955247309
Vmp1,-0.008929527232993345,0.008929527232993345,0.8058604474254312
Akap13,0.024600492965420294,0.024600492965420294,0.4982949372661497
Rnpepl1,-0.013408871323465871,0.013408871323465871,0.7120791160571842
Kdm3b,0.017422439539208315,0.017422439539208315,0.6315478772567017
0610030E20Rik,-0.0545962750927258,0.0545962750927258,0.13264324499904157
Idh2,0.012859135906147666,0.012859135906147666,0.7233890637638413
Spg21,-0.10317425558458425,0.10317425558458425,0.004410039292976064
Sgta,-0.02213418337899216,0.02213418337899216,0.542347083496127
Zbtb10,0.014818939512176705,0.014818939512176705,0.6833618261507345
Rnf13,0.017300164778942764,0.017300164778942764,0.6339438362233537
Med21,-0.01436457101538827,0.01436457101538827,0.6925680176669035
Bag5,0.05774972184320916,0.05774972184320916,0.1116642240151136
Rnf166,0.0116577112913236,0.0116577112913236,0.7483143376671967
Serpinf1,-0.2113218389491975,0.2113218389491975,4.035984698980562e-09
Cmas,0.028323146736058378,0.028323146736058378,0.4355754374003344
Oaz1,0.023701415157048756,0.023701415157048756,0.5141308562450131
Dnajc13,0.0681076862084552,0.0681076862084552,0.06056081923657868
Cops2,0.0069010407084044234,0.0069010407084044234,0.8493579663450136
Sdhd,0.004464840107152476,0.004464840107152476,0.9021980367098904
Lum,0.009516046700771722,0.009516046700771722,0.7933881872410811
Paip1,-0.005259491840626577,0.005259491840626577,0.8849031069318606
Nudt16,0.02639637148253894,0.02639637148253894,0.46745474279503285
Mgea5,0.04737271766182457,0.04737271766182457,0.1920432067630858
Bak1,-0.014963080980699942,0.014963080980699942,0.6804510140994865
Plcg2,0.045275479621929425,0.045275479621929425,0.21249146902771227
Anxa11,0.05402649361549436,0.05402649361549436,0.1367395545882252
Xpo7,0.006102618128526499,0.006102618128526499,0.8666130012948217
Snrk,0.010515957566362174,0.010515957566362174,0.77224792686831
Csf2ra,-0.029424540108035562,0.029424540108035562,0.4179293721942547
Pus1,0.013242935326322012,0.013242935326322012,0.7154864684392768
Setd7,0.005695041880758874,0.005695041880758874,0.8754463570790735
2700078E11Rik,-0.007353676001395874,0.007353676001395874,0.8396072266496203
Isca1,0.034117764239032816,0.034117764239032816,0.34758332760026756
Pi16,-0.015209939647759787,0.015209939647759787,0.6754769562182328
Nomo1,0.08949099614410219,0.08949099614410219,0.013587443666009062
Kif5b,0.010273720520264878,0.010273720520264878,0.7773545288291971
Epsti1,0.006947832418274272,0.006947832418274272,0.8483488787855409
Eri1,0.05207960976147769,0.05207960976147769,0.15147354082432857
Arf2,0.06207351064093576,0.06207351064093576,0.08725085286840839
4932438A13Rik,0.1181843589608359,0.1181843589608359,0.0010977310921676607
Cops4,0.0477172602647639,0.0477172602647639,0.18882688117296884
Sec31a,0.08178761603509116,0.08178761603509116,0.024146121998838692
Ugcg,0.15082834846062274,0.15082834846062274,2.9783715377147317e-05
Eif4ebp1,0.05245375495208949,0.05245375495208949,0.14855209642110073
Dnajc19,-0.021209715624801635,0.021209715624801635,0.5593449489964533
Mcee,0.032334855019083106,0.032334855019083106,0.37337140796036156
Rbm7,-0.053537709986772646,0.053537709986772646,0.1403305854135346
Cox19,0.04746341094783136,0.04746341094783136,0.19119270680626996
Dld,-0.015517659766631664,0.015517659766631664,0.6692963435172548
Fbxo9,-0.027952137050726127,0.027952137050726127,0.4416148114279266
Irf4,-0.08647871196402483,0.08647871196402483,0.017097790994597756
Elovl5,0.07918309599284266,0.07918309599284266,0.029053314563518572
Aamp,0.07007019896059595,0.07007019896059595,0.05349587945797464
Ppcdc,-0.04354101794228185,0.04354101794228185,0.23055287001935493
Ahsa1,-0.06208054886321257,0.06208054886321257,0.08721493921633658
Tubb2b,0.10161109683331804,0.10161109683331804,0.0050492642365939115
Ormdl1,0.03490548298256413,0.03490548298256413,0.336558846815364
Ubqln2,0.0023559619102993022,0.0023559619102993022,0.9482993451459056
Mrpl3,-0.12270261040673248,0.12270261040673248,0.0006991118087742625
5133401N09Rik,0.030899760121851198,0.030899760121851198,0.39496458309462856
Dkc1,-0.031821320619295275,0.031821320619295275,0.38101308236072967
Bcl2a1d,0.17870176466547746,0.17870176466547746,7.110409447204528e-07
Glrx,0.10623057991166793,0.10623057991166793,0.0033672719527908625
Tmem115,0.02304975095222668,0.02304975095222668,0.5257701221578674
Rbm10,-0.0506222145854404,0.0506222145854404,0.16327079808062778
Itsn2,0.07305408640207572,0.07305408640207572,0.04407908699603873
Nt5c,-0.0044980485178147825,0.0044980485178147825,0.9014742967996401
Cmah,-0.013885017104805948,0.013885017104805948,0.7023338830208425
Trim27,0.051688616740163784,0.051688616740163784,0.1545729965966568
1700081L11Rik,0.047864034195138426,0.047864034195138426,0.18746884417224868
Ctsl,0.015316173667413103,0.015316173667413103,0.6733407320405497
H2afx,0.010228749896421396,0.010228749896421396,0.7783036198011481
Tlk2,0.03101629789765103,0.03101629789765103,0.3931834818373043
Prpf38b,0.12020609321747872,0.12020609321747872,0.0008987383336226083
Psme1,-0.046654761251798585,0.046654761251798585,0.19887419973146275
Ugp2,-0.017518990694686,0.017518990694686,0.6296586932378259
Zfp830,0.006247045227063865,0.006247045227063865,0.863486775019287
Tbpl1,0.03218339059071637,0.03218339059071637,0.3756153743099829
Strbp,-0.042074887146465845,0.042074887146465845,0.24664845611276223
C130022K22Rik,0.007127213423196262,0.007127213423196262,0.8444827458502231
Trim30a,0.02698070233804334,0.02698070233804334,0.457652702028448
Mtpap,-0.0195751003861874,0.0195751003861874,0.5900168229557775
Tmem192,0.03461324081927752,0.03461324081927752,0.34062243782884233
Clcn3,0.09101256600765904,0.09101256600765904,0.012068854800149957
Fuca1,0.04015916709091682,0.04015916709091682,0.26884096475523617
Rb1,0.04869581342452344,0.04869581342452344,0.17990846800574312
Fyttd1,-0.03281317564776012,0.03281317564776012,0.36633956363348996
1810008A18Rik,-0.015395284517322692,0.015395284517322692,0.6717516241164176
Sucla2,0.00017575741424023257,0.00017575741424023257,0.9961403902788355
Rapgef1,0.012558324047004734,0.012558324047004734,0.7296036016100962
Myo1c,-0.003538437165263628,0.003538437165263628,0.9224184937349366
Nfkb1,0.0790861728144295,0.0790861728144295,0.02925137091787091
Inpp5k,-0.001936129693944566,0.001936129693944566,0.957502754265731
Mrpl34,-0.03965649885926583,0.03965649885926583,0.2748839688188607
Etv3,0.09389205778940546,0.09389205778940546,0.009600710449213878
Ccdc85b,0.06074629541774253,0.06074629541774253,0.09423894396578807
Ddt,0.05553597352375202,0.05553597352375202,0.1260955183686419
Dnajc10,0.07589066185549591,0.07589066185549591,0.036462255394060804
Ccni,-0.11503784513637406,0.11503784513637406,0.0014895774234785159
Zfml,0.09531366502515855,0.09531366502515855,0.008556600000410088
Actr2,0.025461570366973527,0.025461570366973527,0.4833745845957543
Mtx2,0.029260887818694736,0.029260887818694736,0.42052444012483264
Gatad2b,-0.031093366254509737,0.031093366254509737,0.3920082823652022
Sepx1,0.01727401127912628,0.01727401127912628,0.6344568095421257
Mdp1,-0.09078749106279843,0.09078749106279843,0.012283576546256746
Atxn10,-0.01561376786197949,0.01561376786197949,0.6673705438452676
Vps72,-0.0019643802389209155,0.0019643802389209155,0.9568832649062924
Phf23,0.021873057489446165,0.021873057489446165,0.5471221598804707
Epc1,0.016432428103741823,0.016432428103741823,0.6510559943673125
Tsn,-0.004240855953412962,0.004240855953412962,0.9070816083878784
Rnase6,-0.054202389216446975,0.054202389216446975,0.1354647304308701
Rassf5,-0.07318671134010528,0.07318671134010528,0.0436952134452118
Mycbp2,0.10718241995687777,0.10718241995687777,0.003091620936712971
Tnfaip1,0.019720708752764812,0.019720708752764812,0.5872534997438171
Atad1,0.029239101161631743,0.029239101161631743,0.4208706265091969
Mapk3,0.003065163371077766,0.003065163371077766,0.9327687510461566
Nans,0.033427246772016,0.033427246772016,0.3574337892032946
Hsf1,-0.05802265811173973,0.05802265811173973,0.10997887311212541
Maf1,-0.012297116523759408,0.012297116523759408,0.7350143780718137
Mgat1,-0.027465152691221694,0.027465152691221694,0.44961420678697134
Pptc7,0.031886786491074716,0.031886786491074716,0.38003361842100997
Arl3,0.08395850403104618,0.08395850403104618,0.020620884577152616
Hdac2,0.01768545455534763,0.01768545455534763,0.6264072277737275
Nsmce2,0.032134456388561126,0.032134456388561126,0.37634211416515384
Trib1,0.039879511855158346,0.039879511855158346,0.2721916103592988
Rps6,-0.1323382596935282,0.1323382596935282,0.00025378367159194454
Gsdmd,0.0814253884398046,0.0814253884398046,0.024782475134636214
Pcgf5,0.012756474913537503,0.012756474913537503,0.7255079381976047
Taok1,0.03379650315300745,0.03379650315300745,0.35214459544160315
Fbxl3,0.02303800647159565,0.02303800647159565,0.5259811151488152
Psmd9,0.03572874269512232,0.03572874269512232,0.32527962091947465
Il4ra,-0.01702316656797317,0.01702316656797317,0.6393857370071523
Calm3,-0.003903274005966657,0.003903274005966657,0.9144485456349899
Triobp,-0.004277150761936725,0.004277150761936725,0.9062900223675168
Gsk3b,0.0475593735508421,0.0475593735508421,0.1902958079136524
Bms1,0.05143931231808725,0.05143931231808725,0.15657422464803095
Sec63,0.06064575792584745,0.06064575792584745,0.09478604063123387
Ostm1,0.007126184440063395,0.007126184440063395,0.8445049125808353
Uqcrc2,-0.07887366310006719,0.07887366310006719,0.02968968248103864
Rab5a,0.011818632255169196,0.011818632255169196,0.7449598748100273
Zzz3,0.04162933880651051,0.04162933880651051,0.2516918936989588
Zc3h11a,0.08979929319150123,0.08979929319150123,0.013266801807309988
Abhd11,0.013353725594004438,0.013353725594004438,0.7132108535456751
Zbed6,0.11236461697661937,0.11236461697661937,0.0019195191354146976
Cd47,0.07367207850871439,0.07367207850871439,0.0423142929655528
Rnaset2b,0.05100935088941114,0.05100935088941114,0.16007161330286346
2310011J03Rik,-0.01820205827861313,0.01820205827861313,0.616362905411517
Urod,-0.02734612978791142,0.02734612978791142,0.45158171952541654
Eif1ad,-0.013135031222730024,0.013135031222730024,0.7177052302181025
Btaf1,0.09211010067811601,0.09211010067811601,0.01106867489848657
Yif1a,0.03295382300832998,0.03295382300832998,0.3642876782321529
Pldn,-0.054580238984824836,0.054580238984824836,0.13275722101595216
Aldh3b1,0.10229568426260843,0.10229568426260843,0.004759676527279975
Chka,0.03611177347852638,0.03611177347852638,0.32011647832600454
1810013L24Rik,0.02268857061152863,0.02268857061152863,0.5322785309145575
Gimap8,0.009314244714952577,0.009314244714952577,0.7976737064507174
Prnp,0.03152290648331366,0.03152290648331366,0.38549735400700164
Gpatch8,0.07545911107655803,0.07545911107655803,0.03754333470967999
Pcif1,-0.012128501876569478,0.012128501876569478,0.7385141452275774
Npepl1,0.04167574230028977,0.04167574230028977,0.2511632997005355
Ruvbl2,-0.004812339131668118,0.004812339131668118,0.8946288166479753
Isg15,0.08935646336429418,0.08935646336429418,0.01372949161613102
Hars,-0.02790170311733745,0.02790170311733745,0.44243946438289466
Rfc1,-0.10314639080825616,0.10314639080825616,0.004420761643310187
Unc93b1,0.007961028221550287,0.007961028221550287,0.8265623125886866
Snrnp70,0.048372710244627054,0.048372710244627054,0.1828179701567323
Bre,0.004331945318389123,0.004331945318389123,0.9050951349980346
C80913,-0.05504322808683711,0.05504322808683711,0.12949687684034822
Miip,-0.024584338060674775,0.024584338060674775,0.498577179480126
Gcsh,-0.03225767121883464,0.03225767121883464,0.3745138597650866
Afg3l1,-0.02547339829363785,0.02547339829363785,0.4831713346827446
Dhrsx,0.025272532255219485,0.025272532255219485,0.48662927390336014
Mphosph6,0.06490045123534832,0.06490045123534832,0.07375625366735986
Gm11428,-0.02341002933878951,0.02341002933878951,0.5193186684538529
A630001G21Rik,-0.0062851079530737,0.0062851079530737,0.8626632334822041
Vps16,-0.006100741825210161,0.006100741825210161,0.8666536290173447
Acaa2,0.005335980507800369,0.005335980507800369,0.8832411453944519
Atf6b,0.02111682040715,0.02111682040715,0.56106714321813
Fgl2,0.0818626000017332,0.0818626000017332,0.024016172816905778
Rcn3,0.034512593825080366,0.034512593825080366,0.3420291533472129
Taf7,-0.0004507241309695632,0.0004507241309695632,0.9901023721391103
Mkks,0.019704977800134353,0.019704977800134353,0.5875517499906309
Mtmr3,0.0644036677421301,0.0644036677421301,0.07599592056074223
Dnpep,0.003947877647460511,0.003947877647460511,0.9134747408215765
Zfp397,-0.017233806523985755,0.017233806523985755,0.6352457251870463
Akt2,0.054733132259970514,0.054733132259970514,0.13167361247923606
Hexim1,0.06713452714366724,0.06713452714366724,0.06434063266563683
H13,0.07613008753111544,0.07613008753111544,0.035873969953038
Ier3,-0.00976705517001458,0.00976705517001458,0.7880663970181313
Gtl3,0.016465338849505545,0.016465338849505545,0.6504035459888219
Chordc1,-0.033522919290195456,0.033522919290195456,0.3560586168107356
Psmb10,0.008364904025700169,0.008364904025700169,0.8179138697707903
1810058I24Rik,-0.09685957849308012,0.09685957849308012,0.007537270270402596
Matr3,0.055802357097325124,0.055802357097325124,0.12428585030688337
Atp2a3,0.011973567298797817,0.011973567298797817,0.7417347448636458
Mnt,0.029231299341413435,0.029231299341413435,0.4209946367323035
Dusp3,0.05832350255503558,0.05832350255503558,0.10814450304897173
Igfbp6,-0.1999575731318782,0.1999575731318782,2.703664189012418e-08
Dstn,-0.006011807919160084,0.006011807919160084,0.8685797223177105
Lemd3,0.11627688277276811,0.11627688277276811,0.0013220285642970217
Fam134c,0.022299279225933367,0.022299279225933367,0.5393387977051791
Zfp639,0.08580423731873016,0.08580423731873016,0.01798481269499475
H2-Eb2,0.035840587232689326,0.035840587232689326,0.3237664310357031
Cbfb,-0.016203798140228223,0.016203798140228223,0.6555958771576137
Ptcd2,0.028413650475410526,0.028413650475410526,0.43410944520587574
Rfk,-0.04433500185342427,0.04433500185342427,0.22215410362883772
Plbd2,0.019836696080151036,0.019836696080151036,0.5850566059248229
Ap3s1,0.07502627720185152,0.07502627720185152,0.038654850810933845
Slbp,0.12371632402306934,0.12371632402306934,0.0006304846782066451
Txndc11,0.09324407769671525,0.09324407769671525,0.010113159048425545
Pop5,0.04311626697470073,0.04311626697470073,0.23513726142361965
Armc10,-0.03949494575089453,0.03949494575089453,0.2768456411152381
Sap30bp,0.002027733390755566,0.002027733390755566,0.9554941264610575
Bop1,0.00022839270711424496,0.00022839270711424496,0.9949845396070228
Fam122a,0.034581342653210945,0.034581342653210945,0.34106786884723883
Commd4,0.031540198947509965,0.031540198947509965,0.3852366248623651
Ndufab1,0.09207399894458938,0.09207399894458938,0.011100367800161017
Nek7,0.057637820270637886,0.057637820270637886,0.11236105452571601
Hist1h1e,-0.17939354626838602,0.17939354626838602,6.429952855760599e-07
Fh1,-0.05112652636041265,0.05112652636041265,0.15911269427798908
Pecam1,-0.019827800905435327,0.019827800905435327,0.5852249527027025
Wdr43,0.07113397461003082,0.07113397461003082,0.04996257564302076
Plec,0.09910090819094267,0.09910090819094267,0.006252065606845461
Sparc,-0.6646027496574685,0.6646027496574685,5.04023464247454e-98
Ankle2,0.0514087573652662,0.0514087573652662,0.15682083961443705
Ethe1,0.023251351972263953,0.023251351972263953,0.522155047836523
Usp48,0.025181013350609724,0.025181013350609724,0.48820920090809683
Aagab,0.005305571572398018,0.005305571572398018,0.8839018160139576
Eif4g3,-0.023704877631121668,0.023704877631121668,0.5140693727338763
Bckdk,0.05002661008638189,0.05002661008638189,0.16828631012437043
Hp1bp3,0.07591254383408472,0.07591254383408472,0.03640815135895905
Tm2d3,0.06648891166771455,0.06648891166771455,0.06695390955160398
Supt5h,-0.027391026151865523,0.027391026151865523,0.4508389881418096
Stx6,0.051706927666069505,0.051706927666069505,0.15442677830470053
Ndufc2,-0.010670789615853668,0.010670789615853668,0.7689890449818202
Sssca1,-0.04935770742504106,0.04935770742504106,0.1740556766615952
Mesdc2,0.022972168936064144,0.022972168936064144,0.5271647047528761
Sept6,-0.07514326310095597,0.07514326310095597,0.038351713360666846
Pisd-ps3,0.25396784467870204,0.25396784467870204,1.188263496810058e-12
Tardbp,0.04219537039324428,0.04219537039324428,0.24529685461786754
Polr2h,0.003198669310499886,0.003198669310499886,0.929847818667082
Drap1,0.030219621193936928,0.030219621193936928,0.4054562455394477
1110003E01Rik,0.019223672563722993,0.019223672563722993,0.5967106445517805
Trim25,0.05661442181932436,0.05661442181932436,0.11889373945076989
Fkbp2,0.0708515289343025,0.0708515289343025,0.05088111786940721
Mrpl21,0.04551451345619852,0.04551451345619852,0.2100846140532596
Cd36,0.024147106964178048,0.024147106964178048,0.5062481483690517
Cript,-0.040206083393737956,0.040206083393737956,0.26828162487611384
Trmt2a,0.022827432194728724,0.022827432194728724,0.5297714589438257
Vrk3,-0.01051464629208482,0.01051464629208482,0.7722755435929376
Icosl,-0.06670529494496727,0.06670529494496727,0.06606849970081978
Dr1,-0.015047749950288765,0.015047749950288765,0.6787434066636129
Gja1,0.029768624578257276,0.029768624578257276,0.4125039590576393
AI462493,-0.04878949766470916,0.04878949766470916,0.17907131050164235
Ms4a6b,0.04321885201371434,0.04321885201371434,0.2340241927768129
Pqbp1,-0.0023485908819499976,0.0023485908819499976,0.948460874388428
Tmem57,0.07335423584975205,0.07335423584975205,0.04321435663231564
Fbxo11,0.061113255162483296,0.061113255162483296,0.09226346195521828
Mark2,0.026333092017376138,0.026333092017376138,0.4685231695510883
Timp1,-0.10685900156750143,0.10685900156750143,0.0031828899591752045
BC031353,-0.00013505429102907642,0.00013505429102907642,0.9970342207884129
Mrpl20,0.07030522249755645,0.07030522249755645,0.05269783674717574
Kpna2,0.06514693614217978,0.06514693614217978,0.07266517427463975
Fermt3,-0.018678126789871147,0.018678126789871147,0.6071696890303548
Cd84,-0.02301322490242708,0.02301322490242708,0.5264264648919906
Utp14a,0.06452206074590064,0.06452206074590064,0.07545720150326887
Smarcd2,-0.020113179575996797,0.020113179575996797,0.5798352177645942
Sdf2l1,0.1076003552944323,0.1076003552944323,0.0029772076588023594
Cenpq,0.017318869275258882,0.017318869275258882,0.633577074874724
Tmem93,0.013733349109551369,0.013733349109551369,0.7054328520488482
Fli1,-0.11001531594902735,0.11001531594902735,0.002388309965938258
Pycard,0.06221026328247416,0.06221026328247416,0.08655517993437269
Zfp330,0.06540378859302566,0.06540378859302566,0.07154226751685626
Tbl3,-0.009462888816985326,0.009462888816985326,0.7945164636378014
Klf11,0.009037800593353225,0.009037800593353225,0.8035542134935272
Mrps18a,-0.044263768545116274,0.044263768545116274,0.2228985580823724
Dnase2a,-0.12434426801242258,0.12434426801242258,0.0005911680445539586
Aftph,0.039258168098969,0.039258168098969,0.27973790117790703
Rnf115,-0.007962084053290552,0.007962084053290552,0.8265396755249538
Mrpl2,0.04832196803187381,0.04832196803187381,0.1832780419935757
Cab39,0.06574312493547355,0.06574312493547355,0.07008055777370256
Ptpn1,0.08007298298696604,0.08007298298696604,0.027288106550834253
Il10ra,-0.11323543878120135,0.11323543878120135,0.001768350734680699
Trim35,-0.03160832861725249,0.03160832861725249,0.38421043894450446
Tmf1,0.044601648697913956,0.044601648697913956,0.21938317594287715
Tor2a,0.03512866785042153,0.03512866785042153,0.33347653707741415
Ctdnep1,-0.018749433683364614,0.018749433683364614,0.6057979802563751
Mark3,-0.010701955540056943,0.010701955540056943,0.7683335594036236
Cdkn1a,0.09605770709776068,0.09605770709776068,0.008051574661199644
Gars,0.10520640335041988,0.10520640335041988,0.0036886606638783953
Polr3k,-0.018934026811232706,0.018934026811232706,0.6022534677089693
Ddx39b,-0.10225918921259942,0.10225918921259942,0.004774727397811679
Xbp1,0.03966643060769567,0.03966643060769567,0.2747636815377613
Alg5,0.020398672377872278,0.020398672377872278,0.5744666878973816
Psme3,-0.01669859884726205,0.01669859884726205,0.6457869031723359
Rfxap,0.046597278649837,0.046597278649837,0.19942868584313764
Gnpnat1,0.05884771759707532,0.05884771759707532,0.10500598723551184
Ssr3,0.11299061126989406,0.11299061126989406,0.0018097077890611192
Stx16,-0.10920567373028171,0.10920567373028171,0.0025726930288203936
Itpr3,0.08891695871681748,0.08891695871681748,0.01420271204354396
Ube2f,-0.04638151766960603,0.04638151766960603,0.20152000584836607
Dhx16,0.010332283362640077,0.010332283362640077,0.7761190754342467
Impdh2,0.09352001133979047,0.09352001133979047,0.009892040147494634
Atxn7l3b,0.02555720723627456,0.02555720723627456,0.4817324977333219
Pomp,0.00700315943046947,0.00700315943046947,0.847156043089911
Polr1d,-0.04814711006941941,0.04814711006941941,0.184870010968898
Zfp655,-0.02863390979475531,0.02863390979475531,0.4305535673292566
Snhg6,-0.0027930909413585825,0.0027930909413585825,0.9387240897172795
Dap3,-0.021058670747595737,0.021058670747595737,0.5621464876552832
Snrpc,0.03254834113813106,0.03254834113813106,0.37022268042289574
Hmgb2,-0.007888246389629795,0.007888246389629795,0.8281231029749883
Psmd6,-0.019966652479961648,0.019966652479961648,0.5825996644984012
Ubr5,0.08424279977768757,0.08424279977768757,0.020194140965713998
Exosc2,-0.030715489023965686,0.030715489023965686,0.39779080028097635
Hint3,0.050234145645435824,0.050234145645435824,0.1665257379904949
Mars,0.07545380282615924,0.07545380282615924,0.03755680009847393
Glrx5,-0.027191756047123025,0.027191756047123025,0.45414082534114864
Gpbp1,0.07866577392980624,0.07866577392980624,0.03012390609853685
Tfb2m,0.025977681724123163,0.025977681724123163,0.4745490059671546
Cyfip2,0.07176473492495879,0.07176473492495879,0.047961287485784446
Zrsr2,0.031782562159190154,0.031782562159190154,0.3815936932036578
Birc3,-0.08495471091557073,0.08495471091557073,0.01915910580355963
Add1,0.08877255957482366,0.08877255957482366,0.014361292985141945
Tspyl1,0.025886799244063324,0.025886799244063324,0.4760966735266791
Vps29,0.09215490217964444,0.09215490217964444,0.011029456240710694
Add3,0.02405188421309457,0.02405188421309457,0.5079269550197498
Cdkn1b,0.07170266175706241,0.07170266175706241,0.048155204354569485
Rnf139,0.05111238951213745,0.05111238951213745,0.15922815416377015
Uimc1,0.06358646074083348,0.06358646074083348,0.07980038127786881
Marcks,-0.08474783844911063,0.08474783844911063,0.019454994539127305
Akap8l,0.02270490943084126,0.02270490943084126,0.5319832312957503
Pcmt1,0.011440421250419108,0.011440421250419108,0.7528513812574548
Eif2s3y,-0.001884247465824184,0.001884247465824184,0.9586405151688268
Socs3,-0.05306456696418378,0.05306456696418378,0.14387523889666937
Papola,0.008005936405416147,0.008005936405416147,0.8255996070987733
B630005N14Rik,0.046094623081351545,0.046094623081351545,0.2043254672501454
Sdcbp,0.01030204470999511,0.01030204470999511,0.7767569257031401
Slc25a4,0.026405000114708723,0.026405000114708723,0.46730915925327055
Ftsjd2,-0.03175389626145894,0.03175389626145894,0.38202346345442256
Tomm6,0.06225075407931806,0.06225075407931806,0.08635005955644243
Pdcd6ip,0.00420335649764214,0.00420335649764214,0.9078995643874452
1810037I17Rik,0.06838449513316792,0.06838449513316792,0.059519862478855635
Camk2d,-0.029345524093704868,0.029345524093704868,0.4191811680952725
BC013529,-0.005330896689622188,0.005330896689622188,0.883351591816603
Rlim,0.007549941132330884,0.007549941132330884,0.8353867848176275
Taf5l,0.014348210620078192,0.014348210620078192,0.6929003607872696
Gm6222,-0.06168538929004063,0.06168538929004063,0.08924981298140892
Tfeb,-0.09881536302034066,0.09881536302034066,0.006404045520402325
Dapp1,0.11249391736293314,0.11249391736293314,0.0018963491002274597
Abcg1,-0.06988373288559113,0.06988373288559113,0.054136184583140415
Dnlz,0.007266391049543116,0.007266391049543116,0.8414856701715154
Cyr61,0.008154347491612297,0.008154347491612297,0.8224199585002091
BC029214,0.007945916041065973,0.007945916041065973,0.8268863339414724
6330407A03Rik,0.030680191172328834,0.030680191172328834,0.3983335582974748
Surf4,0.08638109456822403,0.08638109456822403,0.017223751656209266
Ufd1l,-0.06625205050494153,0.06625205050494153,0.06793426498056927
Hspa1b,-0.09180889685883688,0.09180889685883688,0.011335569809356032
Btbd9,0.04545629159336884,0.04545629159336884,0.21066903349228555
Kbtbd2,0.002539194017897986,0.002539194017897986,0.9442846820923493
Qrich1,0.002752288136948733,0.002752288136948733,0.9396175173024742
Tyrobp,0.0638389391076362,0.0638389391076362,0.07860883276961919
Mapk14,0.03136780340607038,0.03136780340607038,0.3878407466730708
Rnf8,-0.013711190819280343,0.013711190819280343,0.7058860132218847
Tmed3,0.0531027704008248,0.0531027704008248,0.1435865107995908
Mrps12,0.06105059926716958,0.06105059926716958,0.09259839221205333
Golt1b,0.018963991248976627,0.018963991248976627,0.6016789787649319
Lrmp,-0.047117362770515266,0.047117362770515266,0.19445277229644156
Erp29,-0.007282155996065516,0.007282155996065516,0.8411463286636444
Ralbp1,0.05560827935791561,0.05560827935791561,0.1256022977691881
Rcan1,-0.0009007278132107939,0.0009007278132107939,0.9802220804167502
Gpr108,0.058487193685925636,0.058487193685925636,0.10715661329859286
Fyn,-0.011595238839673602,0.011595238839673602,0.7496178875826786
Ptpn6,-0.20157269889417753,0.20157269889417753,2.0769656506512722e-08
Nfya,0.0049415356577815995,0.0049415356577815995,0.8918170618320722
Ccdc9,-0.0017176005916714264,0.0017176005916714264,0.9622955858865211
Dcaf8,-0.0022571649422603946,0.0022571649422603946,0.9504645626107165
Ubp1,0.06905146352821528,0.06905146352821528,0.05707242960863362
Jagn1,-0.00928308303308852,0.00928308303308852,0.7983360103091528
Pon2,0.06721714570905968,0.06721714570905968,0.06401236314085337
Bhlhe40,-0.118069808224766,0.118069808224766,0.0011101408173584263
Mospd3,-0.0760213158896065,0.0760213158896065,0.03614022045982842
Ict1,-0.007278734164682368,0.007278734164682368,0.8412199813081492
Ubr2,0.1092570646944617,0.1092570646944617,0.002560614160597656
Arhgef1,-0.059176838445309306,0.059176838445309306,0.10307267886334424
Kdelr2,0.03265173441295608,0.03265173441295608,0.36870365757059126
Pou2f2,-0.08391162769399949,0.08391162769399949,0.020691997055112953
Erf,0.06459622042993861,0.06459622042993861,0.0751213431146623
Nup54,0.0575903399104532,0.0575903399104532,0.11265775503068294
Zcchc9,0.056433805838588834,0.056433805838588834,0.12007691942393152
Sertad1,0.06291768899117287,0.06291768899117287,0.0830275060626652
Suclg1,0.07750470421466302,0.07750470421466302,0.0326505221268374
Srp72,0.02474045229799637,0.02474045229799637,0.4958532634569747
Samd9l,0.0684133980094031,0.0684133980094031,0.059412030873627356
Ppp4r2,-0.0026764145310165344,0.0026764145310165344,0.9412790640424238
Eef1a1,-0.12208598975018467,0.12208598975018467,0.0007441802302071835
Cdc37,-0.034981940480838185,0.034981940480838185,0.3355008721343049
Mapk1,0.0648862588978975,0.0648862588978975,0.07381948170611537
Cklf,0.04790936586359701,0.04790936586359701,0.18705086748979052
Stx5a,0.04498519829666069,0.04498519829666069,0.2154409864270571
Slc25a17,-0.037314519224681576,0.037314519224681576,0.3042533809351378
Srsf4,-0.05966276605540741,0.05966276605540741,0.10027002637064185
Pum1,0.09799669902842373,0.09799669902842373,0.006858335193943169
Zbtb1,0.04780227019439198,0.04780227019439198,0.18803944073817694
Ak2,-0.038830595639250697,0.038830595639250697,0.28501250149851826
Nptn,-0.020982183314768435,0.020982183314768435,0.5635677311733713
Ms4a4c,-0.14071801520708443,0.14071801520708443,9.928778861265889e-05
Psmc3,0.05751305839585294,0.05751305839585294,0.11314199795056204
Oxa1l,-0.00867103660107649,0.00867103660107649,0.8113731081014701
Lrp10,-0.05175279944482003,0.05175279944482003,0.15406093874477197
Itgb1bp1,0.0028356988360655165,0.0028356988360655165,0.9377912196342131
Lyl1,-0.13358323431594574,0.13358323431594574,0.00022150373697624553
2500003M10Rik,-0.057698966652875355,0.057698966652875355,0.11197986253846923
Dctpp1,0.09836309424571561,0.09836309424571561,0.006651559838103433
Stx4a,-0.05852587746721701,0.05852587746721701,0.10692419892291317
Trappc5,-0.02043308876268422,0.02043308876268422,0.5738210964190376
Ndufb6,0.05372137680909631,0.05372137680909631,0.1389728107579313
B4galt1,0.013697886357984168,0.013697886357984168,0.7061581539818863
Med7,0.020693019006111583,0.020693019006111583,0.5689563719285654
Stoml2,0.04601193836270964,0.04601193836270964,0.20513925706923328
BC005624,0.027314154270494682,0.027314154270494682,0.45211111909833246
Dusp2,-0.11554220363103195,0.11554220363103195,0.0014191490740127562
Fnbp1,0.11963424691672234,0.11963424691672234,0.0009513411351226106
D19Ertd737e,-0.08186364085078235,0.08186364085078235,0.02401437326561186
Tmem163,-0.08131728882649017,0.08131728882649017,0.024975169038133967
Actr3,-0.09354759872621676,0.09354759872621676,0.009870171186538993
Hspb11,0.021096300574449986,0.021096300574449986,0.561447907620355
Mcmbp,-0.03982421231754019,0.03982421231754019,0.2728575368360429
Ppp6c,-0.02243512048079805,0.02243512048079805,0.5368698444253752
Swi5,0.02853652014328683,0.02853652014328683,0.43212374619864513
Ubn2,0.08065878294627024,0.08065878294627024,0.026177186326260298
Ctso,0.023912595249987532,0.023912595249987532,0.5103879042099693
Lamc1,-0.005832276574580074,0.005832276574580074,0.8724702980835027
Mrpl11,-0.0013267212751505485,0.0013267212751505485,0.970871722066556
Cd83,-0.021618951143574906,0.021618951143574906,0.5517887217897363
2400001E08Rik,-0.21820887442513567,0.21820887442513567,1.2085462242777054e-09
Tmbim6,0.09826928875921381,0.09826928875921381,0.006703959304335117
Asxl2,-0.004803222099691961,0.004803222099691961,0.8948272845439935
Cebpb,0.10562015060581208,0.10562015060581208,0.0035556160053979127
Brms1,0.019898438248030743,0.019898438248030743,0.5838887160515774
Rbm14,0.026656912436871533,0.026656912436871533,0.4630699333599542
Ddit3,-0.0026617878190333052,0.0026617878190333052,0.9415994021561608
Tiprl,0.015373816742332347,0.015373816742332347,0.6721827051969524
Hccs,0.013892955356332707,0.013892955356332707,0.7021718194224519
Hck,0.04867913147453386,0.04867913147453386,0.1800578409979647
Aldh9a1,0.06381880488156905,0.06381880488156905,0.07870332114676075
Fxyd5,0.19325394560502235,0.19325394560502235,7.892383231892016e-08
Trappc2l,0.02166913287969708,0.02166913287969708,0.5508656098368674
Kars,0.03746194600753397,0.03746194600753397,0.3023454322672398
B230219D22Rik,0.027351155380838616,0.027351155380838616,0.45149854561318864
D14Ertd449e,0.04770829529312796,0.04770829529312796,0.1889100642582949
Slc48a1,0.04886424428202313,0.04886424428202313,0.17840545495818266
Uvrag,0.0452029098573845,0.0452029098573845,0.21322609922715177
Tsfm,0.0680792798498356,0.0680792798498356,0.060668489837318665
Prdx4,0.08008624356932471,0.08008624356932471,0.02726251676320279
Chchd10,-0.10767710827731673,0.10767710827731673,0.0029566198078627834
Zmiz2,-0.019396499147961203,0.019396499147961203,0.5934144173115292
Samhd1,-0.007030649775577291,0.007030649775577291,0.8465634883050077
Mybbp1a,0.024998796532158946,0.024998796532158946,0.49136308519027966
Fkbp1a,0.033691192486887955,0.033691192486887955,0.353647990629764
Mbnl1,0.07867554381257014,0.07867554381257014,0.03010337817693263
Ggct,-0.01689247968541918,0.01689247968541918,0.641959973106097
Rpl32,-0.1860281676098007,0.1860281676098007,2.402425339137058e-07
Bank1,0.12410995805386336,0.12410995805386336,0.0006055642688430085
Nuak2,0.0710847114834261,0.0710847114834261,0.05012177801511292
Limd2,-0.2670897435506202,0.2670897435506202,7.021145413483651e-14
Adh5,0.0009036652810081094,0.0009036652810081094,0.980157593602991
Mrps28,-0.0749692274211118,0.0749692274211118,0.03880341552660362
Pycr2,-0.01837495222780056,0.01837495222780056,0.6130171505149566
Bcar3,-0.07567416948239278,0.07567416948239278,0.037001235647209044
Tapbp,0.046126402219910524,0.046126402219910524,0.20401331870508568
Med20,-0.017488119798619573,0.017488119798619573,0.6302624715406231
N4bp1,0.06724941336982099,0.06724941336982099,0.06388452896620059
Lsm2,-0.06913550621066691,0.06913550621066691,0.056770048869855906
Morf4l2,0.06251420578386774,0.06251420578386774,0.0850250032461936
Ppp2r5a,0.12579673694029136,0.12579673694029136,0.000508788867052944
Ifi35,-0.0041380564280314265,0.0041380564280314265,0.9093241527833346
Glipr1,0.17317967947823834,0.17317967947823834,1.5653259982523762e-06
Capza2,0.05787224824042597,0.05787224824042597,0.11090513854565164
Sertad2,0.036105126632195485,0.036105126632195485,0.3202056173696782
Ssb,0.1162079704744846,0.1162079704744846,0.0013308711951579369
Cab39l,0.046825172400995915,0.046825172400995915,0.1972369980550945
Rabggtb,-0.022695021217597706,0.022695021217597706,0.5321619360030273
Phgdh,0.04504143004396814,0.04504143004396814,0.21486733492451737
Fam192a,-0.017813511042822583,0.017813511042822583,0.6239108747419514
Dleu2,-0.09103264321469749,0.09103264321469749,0.01204986338905105
Vapb,0.03153582764419248,0.03153582764419248,0.3853025235370848
Nmi,0.023103968762364466,0.023103968762364466,0.524796643761734
Hsd17b12,0.05990980835749204,0.05990980835749204,0.09886860866490435
Trip12,0.08183506668143471,0.08183506668143471,0.024063818293176015
Slc6a6,0.029983989255872985,0.029983989255872985,0.40912946150407625
Use1,-0.032265585593670834,0.032265585593670834,0.3743966143670245
Sbno1,0.03865519885638978,0.03865519885638978,0.2871955172519919
1110001J03Rik,0.014160499593040587,0.014160499593040587,0.696717707648642
Man1a,0.19466837659375277,0.19466837659375277,6.315228601058512e-08
Cltc,0.1298114776904296,0.1298114776904296,0.00033327937918642967
Sbk1,-0.07865507426536919,0.07865507426536919,0.03014640139786314
Eif4g1,0.10204515446915342,0.10204515446915342,0.004863865721471225
Myadm,0.09723918569122153,0.09723918569122153,0.0073042117795296905
Nfkbiz,0.08154238962406085,0.08154238962406085,0.02457536321087603
Cbwd1,-0.034757583758734126,0.034757583758734126,0.3386114622190391
Gltp,-0.019304983047397927,0.019304983047397927,0.5951588177745498
Bbx,0.005804912624302673,0.005804912624302673,0.8730635678209868
2810474O19Rik,-0.07652535658997207,0.07652535658997207,0.034920444609264814
2410127L17Rik,-0.053293805587808406,0.053293805587808406,0.14214938416916464
Lrrc58,-0.03960025107130058,0.03960025107130058,0.2755658847616398
Rnaseh2c,0.08928324648392073,0.08928324648392073,0.013807347194866815
Tagln2,-0.027029404439569967,0.027029404439569967,0.4568409645811494
Fam89b,0.0897891940444612,0.0897891940444612,0.013277198642388322
Tomm22,-0.08458709540685015,0.08458709540685015,0.019687647736855524
Zfand6,0.1452205258420592,0.1452205258420592,5.864863988626826e-05
Syf2,0.0683522823532757,0.0683522823532757,0.059640233662907736
Fxc1,-0.0562891388567272,0.0562891388567272,0.12103122503498484
Vezf1,0.02438825612709894,0.02438825612709894,0.5020096780610588
Acap1,-0.14466992162139095,0.14466992162139095,6.260106670715815e-05
Psmc1,0.046834472621455334,0.046834472621455334,0.1971479316580734
Arid4a,0.12068555974132743,0.12068555974132743,0.0008567209822517513
Pqlc1,0.045176853695659866,0.045176853695659866,0.2134903139581727
Smad7,-0.09457551955302172,0.09457551955302172,0.009085362791001667
Ifnar2,-0.0055662533959804595,0.0055662533959804595,0.878240853075037
Pten,-0.050224284707505014,0.050224284707505014,0.16660907664951916
Rogdi,-0.023843379037009955,0.023843379037009955,0.5116131224669161
Taf15,0.040521267971669106,0.040521267971669106,0.2645446567277025
Mxi1,0.04717882389754526,0.04717882389754526,0.19387080291759426
Pttg1,0.13448543291371262,0.13448543291371262,0.00020056077645830799
Pddc1,-0.020473671231093983,0.020473671231093983,0.5730602810139563
Fam53a,0.009869214290864866,0.009869214290864866,0.7859032649781498
Pip5k1c,0.011246193520636973,0.011246193520636973,0.7569141101288873
Hnrnph1,0.11057831600526037,0.11057831600526037,0.0022673006944851685
Ube2a,0.020226071457368704,0.020226071457368704,0.5777095444102105
Parp1,-0.06451640621044956,0.06451640621044956,0.07548286018055216
Unc50,0.033655414518626595,0.033655414518626595,0.3541596702518417
Csnk1g2,-0.003767919555730614,0.003767919555730614,0.9174044376390947
Fam18b,0.07948848876513218,0.07948848876513218,0.028436779107586144
2410001C21Rik,0.0009616191305306397,0.0009616191305306397,0.9788853482377512
B4galt5,0.007486505009509698,0.007486505009509698,0.8367503899569334
Romo1,0.04073883745088154,0.04073883745088154,0.2619860435312781
Pfdn4,0.0847214365974876,0.0847214365974876,0.01949304222108257
Sys1,-0.030143906928258194,0.030143906928258194,0.40663438911161043
Crip2,0.0413126595354208,0.0413126595354208,0.25531994280326237
Adrbk1,-0.05175877133731946,0.05175877133731946,0.15401335972604796
Snrpb,0.0043797626226259245,0.0043797626226259245,0.9040525734363388
Syap1,0.062233320869076285,0.062233320869076285,0.08643832553153827
BC031181,0.10606031563458662,0.10606031563458662,0.003418872586066958
Sept11,0.03298294204029925,0.03298294204029925,0.3638637621688152
Apbb1ip,0.023538726993610253,0.023538726993610253,0.5170240240874087
Snrpd1,-0.05875323103925487,0.05875323103925487,0.10556629184172728
1810027O10Rik,0.053117412869434555,0.053117412869434555,0.14347596583577077
Azi2,-0.022269906259545242,0.022269906259545242,0.5398734051134634
Snx6,0.06214711249743138,0.06214711249743138,0.08687587610150801
Stx7,0.12960462843937376,0.12960462843937376,0.000340724677391147
Sigmar1,0.038542271808339544,0.038542271808339544,0.2886069698704371
P2rx4,0.0796848661313502,0.0796848661313502,0.028046297201075786
Srrt,0.0604161533984175,0.0604161533984175,0.09604500865425418
Hint2,0.1056282220118133,0.1056282220118133,0.003553064451906766
Sfr1,0.07624573728332242,0.07624573728332242,0.03559271617825547
Ndufa8,-0.019491880346174613,0.019491880346174613,0.591598834415652
Rbm18,0.06596436986700754,0.06596436986700754,0.06914077296839136
Tgif1,-0.04102185677508931,0.04102185677508931,0.25868335122569874
Zcchc11,0.0662189403742002,0.0662189403742002,0.06807223995220586
Ssr4,0.0333854893477913,0.0333854893477913,0.3580350445570965
Sgk1,-0.04713945332534284,0.04713945332534284,0.19424345189925557
Arfgef1,-0.03294875882203995,0.03294875882203995,0.36436143430337353
Slc2a1,0.08591343190666467,0.08591343190666467,0.01783853384293127
Ilf2,0.03168423075093916,0.03168423075093916,0.3830691500698766
Coro1c,0.02536796318005644,0.02536796318005644,0.48498475379070133
Ppm1b,0.043260846763216544,0.043260846763216544,0.23356961780190807
Zbtb8os,-0.04254437187493005,0.04254437187493005,0.24141099164247135
Fam69a,-0.039846543198531696,0.039846543198531696,0.27258849078699277
Ndel1,0.028628679866646276,0.028628679866646276,0.4306378035569474
Necap2,-0.038043648473612184,0.038043648473612184,0.29489488573048517
BC003266,0.016694601569704197,0.016694601569704197,0.6458659026982208
Ptms,0.059317137358903864,0.059317137358903864,0.1022571760631334
Ccnt1,0.008983978227559078,0.008983978227559078,0.8047004235303342
Psmd12,0.06540892144706086,0.06540892144706086,0.07151997317661171
Stxbp2,-0.08342740377334915,0.08342740377334915,0.021439151445903245
Rpl18a,-0.20359657654535365,0.20359657654535365,1.4879383605405277e-08
Hnrnpf,-0.02149783537217642,0.02149783537217642,0.5540198113800971
Il16,-0.10493517032136222,0.10493517032136222,0.0037783129997669986
Kdelr1,0.04895241510912529,0.04895241510912529,0.17762238002861083
Tox4,0.02478449474960074,0.02478449474960074,0.4950862369937362
Myeov2,0.025238446415686615,0.025238446415686615,0.48721738871889514
Med4,0.032061531247398176,0.032061531247398176,0.37742675793067565
Twf2,0.07345348829971754,0.07345348829971754,0.04293157661358404
Rrp7a,0.036457244537642416,0.036457244537642416,0.31550575654487545
Glo1,0.010228321817475215,0.010228321817475215,0.7783126558620198
Ube2l3,0.0985368580314352,0.0985368580314352,0.006555465884839223
Nfkbid,0.1037019586714201,0.1037019586714201,0.004211370965258935
Polb,0.03692133277942613,0.03692133277942613,0.3093808100711219
Med30,-0.03611979123175382,0.03611979123175382,0.32000897597355293
Vps25,-0.009632891460904906,0.009632891460904906,0.7909096760806272
Ankrd10,0.06552996004041663,0.06552996004041663,0.07099589170764413
Uchl5,0.04644106783039345,0.04644106783039345,0.20094121200543316
Lgals1,0.0783302593478571,0.0783302593478571,0.030836192734408036
Tmem111,0.07530520140173969,0.07530520140173969,0.0379354238970703
Map3k1,-0.05503165630638245,0.05503165630638245,0.12957760156263387
Snrnp27,0.07882309086571587,0.07882309086571587,0.029794816586980116
Prkcb,-0.03205169633595178,0.03205169633595178,0.37757318338223705
Timm17a,-0.020826562174142277,0.020826562174142277,0.5664647140883418
Prkag1,-0.008908873914177343,0.008908873914177343,0.8063005573972617
Ergic2,0.028885317456760335,0.028885317456760335,0.42651551980921787
Rpl29,-0.2113632964920111,0.2113632964920111,4.007278924868888e-09
Irf2,-0.047383506235194384,0.047383506235194384,0.19194188884884916
Ndufa7,0.0065959435081659095,0.0065959435081659095,0.8559435140504214
Pla2g16,0.09021923120062368,0.09021923120062368,0.012840795787626357
Ptp4a2,0.03528377350579114,0.03528377350579114,0.3313451809573662
Cirbp,-0.02229483250940185,0.02229483250940185,0.5394197138825465
Tnrc6a,0.04933321298313642,0.04933321298313642,0.17426970833484293
Yaf2,0.029050681043580287,0.029050681043580287,0.4238715498191513
Scpep1,0.008077883521133323,0.008077883521133323,0.8240578087251926
Cyfip1,0.15125029928549488,0.15125029928549488,2.8275308306804765e-05
Errfi1,-0.12688043978273061,0.12688043978273061,0.000454425631355537
Irf3,-0.024873274315636275,0.024873274315636275,0.49354201104353845
Ggnbp2,0.06107153596636802,0.06107153596636802,0.0924863658072994
Uba1,-0.015447153392121205,0.015447153392121205,0.6707105221956933
1810035L17Rik,0.06279048809825562,0.06279048809825562,0.08365309344633551
Ube2d2,-0.06037216048014973,0.06037216048014973,0.09628774868739298
Rsl24d1,-0.039246994075413606,0.039246994075413606,0.2798748974794272
Egr1,0.07898421183324317,0.07898421183324317,0.02946097200064035
Dedd2,-0.002099294397372602,0.002099294397372602,0.9539251776481451
Esco1,0.08751964288133503,0.08751964288133503,0.015803983891458175
Atg5,-0.026699143649631673,0.026699143649631673,0.46236135885697055
Fosb,0.17582805989762146,0.17582805989762146,1.0754093771183633e-06
Trim28,0.01480800300005961,0.01480800300005961,0.6835828720636281
Cyb5r4,0.010746354883104934,0.010746354883104934,0.767400032479746
Mbd3,-0.023260199908104618,0.023260199908104618,0.5219966808160605
Sgms1,-0.01039016690659874,0.01039016690659874,0.7748985079335845
Wdr61,0.027841965845792325,0.027841965845792325,0.44341737404904136
Eps15,0.08877922438834021,0.08877922438834021,0.014353939436064696
Apoa1bp,0.0037996847255049766,0.0037996847255049766,0.9167106409459513
Amfr,0.017747438776008456,0.017747438776008456,0.6251983619563892
Ptx3,-0.046690330801309694,0.046690330801309694,0.19853165409113632
Ghitm,0.1692669577260159,0.1692669577260159,2.6976986480499485e-06
Wdfy4,0.02257852027108492,0.02257852027108492,0.5342696810874351
Ehd4,0.057826973827811615,0.057826973827811615,0.11118515123049974
Tmem208,0.05077593000059649,0.05077593000059649,0.1619948259132463
Scamp3,0.0009155411507084254,0.0009155411507084254,0.9798968816011975
Mrps5,0.015760476966473713,0.015760476966473713,0.6644350240042852
Psmd1,-0.037239076139645506,0.037239076139645506,0.3052328202157081
Idh3b,-0.042911888271864304,0.042911888271864304,0.23736594908609593
Irf2bp2,0.09782191110524296,0.09782191110524296,0.006958992747429357
Cetn3,0.023025105369556487,0.023025105369556487,0.5262129369524042
Rpn2,0.09160614113565904,0.09160614113565904,0.011518426712433846
Cep57,-0.07074136633328565,0.07074136633328565,0.051243184185527216
Ubl5,0.08645710541878855,0.08645710541878855,0.017125601290787544
Psmd7,0.014338132343456898,0.014338132343456898,0.6931051190663978
Glt25d1,0.07790888457353398,0.07790888457353398,0.0317511594181583
Dcn,0.04994605394503385,0.04994605394503385,0.1689734306452761
Ccdc124,-0.010745710706984374,0.010745710706984374,0.7674135743245077
Osbpl9,0.09147951902547806,0.09147951902547806,0.011633942725780952
Gdi1,-0.03570790170942724,0.03570790170942724,0.3255620937299857
Zbtb7a,0.03862676876542797,0.03862676876542797,0.2875504205612941
Npm3,-0.006494896778879339,0.006494896778879339,0.8581268483192962
Aldh2,0.011649379327172017,0.011649379327172017,0.7484881509999616
Mrpl13,0.0005699415642416764,0.0005699415642416764,0.987484621672575
Acsl5,0.06660603496330116,0.06660603496330116,0.06647345481465995
Mcart1,-0.017355885521155485,0.017355885521155485,0.6328515181134253
Bag1,0.07037729296085667,0.07037729296085667,0.0524551140700876
Smu1,0.011595008103688772,0.011595008103688772,0.7496227034446133
Yme1l1,0.1404246280517529,0.1404246280517529,0.00010269732148357358
Chd7,0.082401020819631,0.082401020819631,0.023100728036972065
Tceb1,0.0774081989690441,0.0774081989690441,0.03286845280461673
Phpt1,-0.08951197593193481,0.08951197593193481,0.01356540910760615
Bcl10,0.019739155648019178,0.019739155648019178,0.58690384584558
Kpnb1,0.061917495291702006,0.061917495291702006,0.08805000879182391
Lsm4,-0.1608913241333625,0.1608913241333625,8.302315541161548e-06
Sept1,0.015277569766199352,0.015277569766199352,0.6741167018669423
Sod1,0.098749660606311,0.098749660606311,0.00643948139434052
Rnf19b,-0.008534910324157492,0.008534910324157492,0.8142799592203804
Lpgat1,-0.002712521079597159,0.002712521079597159,0.9404883389326777
Akap8,0.12273623094328773,0.12273623094328773,0.0006967288205749808
H2-Oa,-0.006445833775371223,0.006445833775371223,0.8591873529827431
Vars,0.04070221408752763,0.04070221408752763,0.2624155349425739
Ppp1r10,0.0928607187966673,0.0928607187966673,0.010427651091868528
Lsm3,-0.030000636927352275,0.030000636927352275,0.40886929751236956
Lat2,-0.010940408180836523,0.010940408180836523,0.7633238961132962
Gtf2f1,-0.0014892975460163763,0.0014892975460163763,0.9673042320093113
Trim26,0.0317983466570916,0.0317983466570916,0.3813571723466261
Ing4,-0.03653199151796879,0.03653199151796879,0.3145139264817889
Bet1l,0.0366314689187706,0.0366314689187706,0.31319712104439684
Maea,0.022307832582908384,0.022307832582908384,0.5391831707235502
Cebpg,0.07524822751099482,0.07524822751099482,0.0380814453384569
Usf2,-0.0804403967278091,0.0804403967278091,0.026586690572994842
Tmem147,0.038734386039873704,0.038734386039873704,0.28620855045014315
Brp44l,-0.02081755856710531,0.02081755856710531,0.5666325396751215
Ebp,0.0532179927363164,0.0532179927363164,0.14271838690512412
Cuta,-0.012160456100666468,0.012160456100666468,0.7378504850998772
Rab43,0.03767271925981467,0.03767271925981467,0.29963150064967814
Hcst,0.029981155602788932,0.029981155602788932,0.4091737546330542
Gabarapl2,0.009417726777309406,0.009417726777309406,0.7954753654942611
2510002D24Rik,-0.016804583213498498,0.016804583213498498,0.6436937556952163
Gripap1,-0.030411222969060875,0.030411222969060875,0.40248395490603484
Rhoh,-0.12431969890042609,0.12431969890042609,0.0005926625340343173
Tmem33,-0.030093141148987063,0.030093141148987063,0.40742546502724236
Commd8,-0.10141094666111262,0.10141094666111262,0.00513688285314982
Srp19,0.03668533428613704,0.03668533428613704,0.3124856065968973
Mrps16,-0.06306545430370948,0.06306545430370948,0.08230553649744501
Srpr,0.12708120450771368,0.12708120450771368,0.0004449684372974307
1110059E24Rik,-0.018999153861080382,0.018999153861080382,0.6010051433558726
Vma21,0.005601311453989096,0.005601311453989096,0.8774800000005745
Fos,0.12015115855967165,0.12015115855967165,0.0009036722854384009
Rad23a,0.0185752702248579,0.0185752702248579,0.6091507432064224
Eif3e,-0.10223965166360711,0.10223965166360711,0.0047828025042685185
Exoc5,0.07132007513009479,0.07132007513009479,0.04936497286277515
Cycs,0.09470511002769083,0.09470511002769083,0.008990476133450543
Polr2c,0.04076071070559083,0.04076071070559083,0.2617297616902018
Ube2r2,0.014190666400547456,0.014190666400547456,0.6961037063306816
Fam114a2,0.053368049042355495,0.053368049042355495,0.141593846981821
Nol7,-0.0914931160151291,0.0914931160151291,0.011621489364341197
Fam195b,-0.06146252322349283,0.06146252322349283,0.09041418796287574
Zc3h13,0.13325500105034588,0.13325500105034588,0.00022961887696365755
Got2,0.003827885126285483,0.003827885126285483,0.9160947569318801
D1Ertd622e,-0.05120320798370397,0.05120320798370397,0.15848751378338227
Eci1,0.08748584668820253,0.08748584668820253,0.01584460093163559
Psmb4,0.010114239632953952,0.010114239632953952,0.7807218106576552
Rftn1,-0.02219891583392033,0.02219891583392033,0.5411665698032097
Rcsd1,-0.09727783579850698,0.09727783579850698,0.007280848454712104
Josd2,-0.08745314414779294,0.08745314414779294,0.015883990787998688
Txn2,-0.046844533542921105,0.046844533542921105,0.19705161326824003
Timm8a1,-0.02734494259469211,0.02734494259469211,0.45160136891855923
Ufc1,0.010136358006094214,0.010136358006094214,0.7802545562135699
H2afz,0.18337940348165185,0.18337940348165185,3.574470535293473e-07
Tnfaip8l2,-0.021512528733662915,0.021512528733662915,0.5537489082949557
1110008P14Rik,0.08072784860966929,0.08072784860966929,0.026048816275979766
Rel,0.12888814538153232,0.12888814538153232,0.00036773139181029384
Ndufa9,0.042091572824909766,0.042091572824909766,0.24646096330665623
Bccip,-0.02752002948277118,0.02752002948277118,0.44870870026161025
Minpp1,0.05185498557823622,0.05185498557823622,0.15324834109984217
Ric8,-0.08596608696310182,0.08596608696310182,0.017768368824760215
Tigd2,-0.08642724309003616,0.08642724309003616,0.01716410299635101
Cobra1,0.056491018603441634,0.056491018603441634,0.11970113816068316
Csnk1d,0.05672854159572253,0.05672854159572253,0.1181508778732829
Ormdl2,0.042866577550718404,0.042866577550718404,0.2378620592946857
Ywhah,0.04765864152731071,0.04765864152731071,0.18937127388945332
Smchd1,0.010921331055148583,0.010921331055148583,0.7637243276900119
Gga2,-0.1550233936867791,0.1550233936867791,1.7655951748737685e-05
Dmxl1,0.02818697278740852,0.02818697278740852,0.4377865634157326
Glud1,0.09841318936589537,0.09841318936589537,0.006623727646435707
Psmd3,0.016147395536300624,0.016147395536300624,0.656717822258111
Midn,0.08924592991405658,0.08924592991405658,0.013847177463347817
Cd2ap,0.10279608326055578,0.10279608326055578,0.004557585898991645
Ptpn22,0.16032112671542675,0.16032112671542675,8.9445373473972e-06
Skp1a,0.03288887553333045,0.03288887553333045,0.36523429566799626
Prkca,0.04491556767694445,0.04491556767694445,0.21615285222544006
Pdap1,0.06433847216179739,0.06433847216179739,0.07629391193156715
Mll5,0.15515044787114435,0.15515044787114435,1.7374815578945474e-05
Gm15421,-0.06238167709041998,0.06238167709041998,0.08568950347253938
Syncrip,0.09813465063864575,0.09813465063864575,0.006779815021848706
Brix1,-0.00799648321983206,0.00799648321983206,0.8258022351855113
Bcl2,-0.09485771462765655,0.09485771462765655,0.00887987160101157
Tpm4,0.07901254246441532,0.07901254246441532,0.029402603789881528
Cxcr5,0.018616736178843643,0.018616736178843643,0.6083517488375335
Snap23,0.05244123366732087,0.05244123366732087,0.1486491669879571
Csnk2b,0.005701737627767374,0.005701737627767374,0.8753011125699363
Ddx17,0.0016410346951692568,0.0016410346951692568,0.9639751777436539
2610029G23Rik,-0.006929528102773953,0.006929528102773953,0.8487435914273921
Tob2,0.10170567707555114,0.10170567707555114,0.00500833142410143
Cd19,-0.014802507768574334,0.014802507768574334,0.6836939504597783
Cib1,-0.09524133248776964,0.09524133248776964,0.008607172946485697
H2-K2,0.00361143218716439,0.00361143218716439,0.9208232518210694
Apod,0.08937424291267909,0.08937424291267909,0.013710644125908136
Arf3,-0.09289726986614986,0.09289726986614986,0.010397295972460361
Ifi27l1,0.008411313659749743,0.008411313659749743,0.816921465680693
Actn4,-0.010406301690889953,0.010406301690889953,0.7745583788627641
Siva1,-0.015919923600387013,0.015919923600387013,0.6612504540327618
Tpi1,0.0517428474364897,0.0517428474364897,0.15414025274971238
Pld3,0.060345572168680646,0.060345572168680646,0.09643469256501457
Sugt1,0.06869477503423084,0.06869477503423084,0.05837069218062116
Senp6,0.07783884547837945,0.07783884547837945,0.03190547128344954
Vapa,0.019230629497469724,0.019230629497469724,0.5965777982000778
G3bp2,0.1591395687471498,0.1591395687471498,1.0429339032113877e-05
Mtch1,0.007423165920515049,0.007423165920515049,0.8381123978613267
Sell,-0.10262248684007956,0.10262248684007956,0.004626798423304444
Baz1a,0.04154097691499108,0.04154097691499108,0.2527005865172599
Thoc2,0.10408372552242603,0.10408372552242603,0.004072734116938858
Ash1l,-0.01282461710654783,0.01282461710654783,0.7241012803288421
Atp5j,0.06011652326816871,0.06011652326816871,0.09770798974097805
Aco2,0.052729925396948645,0.052729925396948645,0.14642336395245112
Hnrnpul2,0.09652642073432474,0.09652642073432474,0.007747270504688892
Prdx3,0.04736857853045338,0.04736857853045338,0.19208208869064977
Fkbp3,-0.051620898516273626,0.051620898516273626,0.15511465912005362
Ndufc1,0.024904933795651948,0.024904933795651948,0.4929919513168235
Smarca5,0.17027106326441774,0.17027106326441774,2.348754500467276e-06
Cops8,0.038297884349244846,0.038297884349244846,0.2916774730618569
Atp5j2,0.026837120671831752,0.026837120671831752,0.46005053151475533
Pold4,-0.12336071077437144,0.12336071077437144,0.0006538133926416331
Pabpn1,0.018851507301311663,0.018851507301311663,0.6038368348807999
Prrc2c,0.11585505562362043,0.11585505562362043,0.0013770159558281069
Sec13,0.020290000660702072,0.020290000660702072,0.5765074289154304
Taf1d,0.07658246466579698,0.07658246466579698,0.034784481963222535
Agpat4,0.07523221057154472,0.07523221057154472,0.03812258181266541
1110005A03Rik,-0.05783613760023335,0.05783613760023335,0.11112843032342376
Thrap3,0.07770283413917849,0.07770283413917849,0.032206968310615286
Tkt,-0.017450334707649957,0.017450334707649957,0.6310018143946001
Yy1,0.023988122038864305,0.023988122038864305,0.509052729561813
Nrp,0.05250828198213313,0.05250828198213313,0.14812994184929854
Eif4h,-0.052146569812842235,0.052146569812842235,0.15094751107841556
Relb,0.019477656672436554,0.019477656672436554,0.5918694206834718
Peli1,-0.07911619051259432,0.07911619051259432,0.02918990808968878
Rab18,0.010671847882522437,0.010671847882522437,0.7689667846800435
Rrs1,-0.013423788485487562,0.013423788485487562,0.71177308470675
Cs,0.0337176797312828,0.0337176797312828,0.3532694831386123
Hspa4,0.18182670467618361,0.18182670467618361,4.499999709966396e-07
Tspan32,-0.024444614400723003,0.024444614400723003,0.5010218259784738
Sp100,0.030637017183794683,0.030637017183794683,0.3989980288177147
Utp3,0.00818030850274016,0.00818030850274016,0.8218640515518912
Rac1,0.009661606695935162,0.009661606695935162,0.7903008903035554
Ube2n,-0.016588488502873783,0.016588488502873783,0.6479645058442447
Rnf7,-0.03304142440844499,0.03304142440844499,0.36301330404050786
Irf8,-0.06646690847495927,0.06646690847495927,0.06704448705281672
Spag7,-0.054313258191102394,0.054313258191102394,0.13466591464521876
Fam36a,-0.01646432660249092,0.01646432660249092,0.6504236095836157
Zc3h15,0.06877808936419276,0.06877808936419276,0.058065276478080734
Srsf11,0.07747283163836312,0.07747283163836312,0.03272236062442027
Hnrnph2,0.05630908323585243,0.05630908323585243,0.12089930972289002
Crlf2,0.08484702611368133,0.08484702611368133,0.019312633300629396
Skil,0.12071607876209792,0.12071607876209792,0.0008541090286870802
Dazap1,-0.016233339987685762,0.016233339987685762,0.6550085480223276
Fam63b,-0.0005552728934070957,0.0005552728934070957,0.9878067064693004
Map2k2,0.0471897149675729,0.0471897149675729,0.19376780969151935
Mrps18b,-0.05068731221903907,0.05068731221903907,0.16272951074667377
U2af1,0.0114649735681249,0.0114649735681249,0.7523382952862682
Ppp1cb,0.05081671053498836,0.05081671053498836,0.16165757596198443
Fkbp8,-0.0020079016050748594,0.0020079016050748594,0.9559289618039545
Ncf4,-0.0077403647910600885,0.0077403647910600885,0.8312964722092588
Arid4b,0.12249391975317747,0.12249391975317747,0.000714073482099774
Rnf6,0.10369421684184094,0.10369421684184094,0.00421422604857763
Marcksl1,0.0736439629431772,0.0736439629431772,0.04239326705477843
Esd,0.06522762034865295,0.06522762034865295,0.07231089865284833
Lman2,0.022316677857270727,0.022316677857270727,0.539022255972717
Mdh1,0.12078824475556006,0.12078824475556006,0.0008479620337599551
Smap1,0.0027333505327378858,0.0027333505327378858,0.9400322052788543
Mapkapk2,0.04505299418195888,0.04505299418195888,0.21474949902726978
Aqp1,-0.1360604138031347,0.1360604138031347,0.0001683836281495723
Cetn2,0.029709683018314868,0.029709683018314868,0.41343036199978705
Nubp2,-0.05939295340754016,0.05939295340754016,0.10181862449953955
Rnh1,0.031555153012211574,0.031555153012211574,0.3850112399590103
Ythdf2,0.00269434021709075,0.00269434021709075,0.9408864883708671
Oat,0.15875776028425514,0.15875776028425514,1.095740609167137e-05
Lmna,0.05876131030066276,0.05876131030066276,0.10551828951461908
Cd164,0.013196937397582912,0.013196937397582912,0.7164320018675484
Anapc11,0.04041235272206937,0.04041235272206937,0.26583193393228555
Cct8,-0.0018073032463217144,0.0018073032463217144,0.9603280317876489
Bax,0.02782503780054629,0.02782503780054629,0.44369471308502373
Ndfip1,0.12046641296340434,0.12046641296340434,0.0008756947713600568
Spcs1,0.027736503612403964,0.027736503612403964,0.44514681452058474
Pfdn1,0.013781512074201462,0.013781512074201462,0.7044482267498456
Rhof,-0.005593595263753747,0.005593595263753747,0.8776474521752191
Ap2m1,-0.015302652911254143,0.015302652911254143,0.67361247081019
Ociad1,0.0194087265938957,0.0194087265938957,0.5931815254069703
Itgb7,0.1882783407063682,0.1882783407063682,1.7064698530157087e-07
Hectd1,0.05148266464137891,0.05148266464137891,0.15622482344141142
Rdx,0.02659920982754112,0.02659920982754112,0.46403906991845323
Rad23b,0.04467532399659447,0.04467532399659447,0.21862194553879336
Uqcrfs1,-0.04239874957628633,0.04239874957628633,0.24302709351689436
Dcun1d5,0.009263044448308787,0.009263044448308787,0.7987619827531348
Lrrfip1,0.02998544354475557,0.02998544354475557,0.40910673046753077
Tuba1b,0.16319406817019294,0.16319406817019294,6.128918925473226e-06
Rbm25,0.12668734336903545,0.12668734336903545,0.000463697915718763
Sec11a,0.09817948547391098,0.09817948547391098,0.006754469809389468
Mrpl30,-0.0804420531604108,0.0804420531604108,0.026583563867296347
Mrps14,0.04326715747617264,0.04326715747617264,0.2335013610975549
Ubc,0.17882836330533758,0.17882836330533758,6.980914757713222e-07
Pin1,0.005545861341414075,0.005545861341414075,0.8786834665625965
Hnrnpc,0.05892612503061214,0.05892612503061214,0.10454282260457387
Fam49b,-0.11218077860418985,0.11218077860418985,0.0019529089809203687
Abi1,-0.04188296307677909,0.04188296307677909,0.24881223209353484
Dbi,-0.04558154240553983,0.04558154240553983,0.2094132421871267
Ptp4a3,-0.16231169398409004,0.16231169398409004,6.888244867004372e-06
H2-Q4,0.09033619738293923,0.09033619738293923,0.012724311066393195
Tpst2,0.04655171193297155,0.04655171193297155,0.19986902978942425
Jun,-0.03886990208722181,0.03886990208722181,0.2845248276221212
Rpl27,-0.15864462252197833,0.15864462252197833,1.1118713863377628e-05
Pkig,-0.22189630625178186,0.22189630625178186,6.231972088548001e-10
Top1,0.09096027290360252,0.09096027290360252,0.012118444187403142
Sumo2,-0.028089251745342683,0.028089251745342683,0.43937727383732794
Csnk1a1,-0.026758019470448688,0.026758019470448688,0.461374521929663
Bcap31,0.06781190122054623,0.06781190122054623,0.06168973231015656
Ssbp1,-0.07597493679952651,0.07597493679952651,0.036254257112097406
Cr1l,0.0891513965381985,0.0891513965381985,0.013948532217123897
H2-Ob,-0.0962420899417478,0.0962420899417478,0.007930615570689954
Hsd17b10,0.007390785398841033,0.007390785398841033,0.8388088775706731
Mrpl24,0.005218219170984589,0.005218219170984589,0.8858000984619255
Tor1aip1,0.017917724870846686,0.017917724870846686,0.6218824887493437
Edem1,0.1332133823625544,0.1332133823625544,0.00023066751277574932
Glrx3,-0.022087337762809814,0.022087337762809814,0.5432021967490358
Atox1,0.026557460690177673,0.026557460690177673,0.4647409641620762
Gimap4,0.07171197329036876,0.07171197329036876,0.04812607323662954
Rer1,0.07561099339994612,0.07561099339994612,0.03715978959676777
Ccnl2,0.005951481191419026,0.005951481191419026,0.8698866972789915
Dnajb1,-0.031147662436233035,0.031147662436233035,0.39118160941460334
Ddx21,0.11605826144059087,0.11605826144059087,0.00135026942244091
AW112010,0.13500636668732321,0.13500636668732321,0.00018932901687642015
Satb1,-0.09098342101751088,0.09098342101751088,0.012096470714797239
H2afj,0.00933897862635351,0.00933897862635351,0.797148120508305
Taldo1,0.04649650939355546,0.04649650939355546,0.20040344040467242
Tspo,0.16296714836283815,0.16296714836283815,6.316176965757574e-06
Phb2,-0.0496162433593918,0.0496162433593918,0.17180853459535683
Morf4l1,0.07011742312173065,0.07011742312173065,0.05333472209509602
Gadd45g,-0.07572428910682263,0.07572428910682263,0.03687585901359406
Srrm2,0.18115784261318435,0.18115784261318435,4.966241452753709e-07
Ube2b,-0.03038132828210053,0.03038132828210053,0.4029468465319189
Rpl7a,-0.08887274891425,0.08887274891425,0.014251099226423605
0610007C21Rik,0.032963497245743045,0.032963497245743045,0.3641468061216067
Sar1a,0.09163699778783109,0.09163699778783109,0.011490430924022766
Napsa,0.08258958120525924,0.08258958120525924,0.022787359247287156
Asnsd1,-0.025629212370316956,0.025629212370316956,0.4804981696264098
Ubtf,0.03334054915897321,0.03334054915897321,0.35868283692509234
Srp14,-0.005681149129853,0.005681149129853,0.8757477327410452
Kras,0.18750760375517517,0.18750760375517517,1.9194805954437743e-07
Prpf19,-0.055903123573663074,0.055903123573663074,0.12360659178529024
Txnl4a,0.01940752396794263,0.01940752396794263,0.5932044295517468
AI662270,0.004528037702234964,0.004528037702234964,0.9008207865095664
Akr1a1,0.034496114142412895,0.034496114142412895,0.342259838226813
Tprgl,0.0070495105439705,0.0070495105439705,0.8461569942285623
Snx2,-0.16117020003516763,0.16117020003516763,8.004468040841122e-06
Psma1,0.020940986546239403,0.020940986546239403,0.5643339402888359
Lmbrd1,0.1488083965049138,0.1488083965049138,3.812409852238123e-05
Ahnak,0.12881887008532597,0.12881887008532597,0.00037044588708032007
Gpr132,0.07754051874090312,0.07754051874090312,0.03256995963929495
Sik1,0.01939239879747352,0.01939239879747352,0.5934925246140019
Mrps26,0.03529471472547227,0.03529471472547227,0.3311951668368895
Snrpf,-0.06142732581430995,0.06142732581430995,0.09059918896764135
Gnai2,0.002880490091204094,0.002880490091204094,0.936810638292108
Jak1,0.07737565422962904,0.07737565422962904,0.03294222589702883
Smc3,0.09649076373694587,0.09649076373694587,0.00777005341601814
Mgat2,0.08708545328430477,0.08708545328430477,0.016332820450404163
Rpl11,-0.15049550214974736,0.15049550214974736,3.102711820406338e-05
Ndufa3,0.009283132716806478,0.009283132716806478,0.7983349542263937
Grb2,0.025583738712472867,0.025583738712472867,0.4812774890370931
Ube2s,0.1044964388708401,0.1044964388708401,0.003927520681731269
Cd2,0.03131693622390345,0.03131693622390345,0.38861116209377117
Ptprc,0.08860648697636297,0.08860648697636297,0.014545601346879744
Ppp3ca,0.039368718526917305,0.039368718526917305,0.27838497679918206
Hint1,0.08804988608799068,0.08804988608799068,0.015178586319497136
Ppia,-0.07757243883256854,0.07757243883256854,0.03249830070342618
Rbx1,0.0012241252231413816,0.0012241252231413816,0.9731233409755404
Tpm3,0.010318318798410107,0.010318318798410107,0.7764136234669654
Pim3,0.015431702022579442,0.015431702022579442,0.6710205932007045
Ctage5,0.06502279402753096,0.06502279402753096,0.07321303690101076
Erp44,0.09340595341743053,0.09340595341743053,0.009982913654694978
Cited2,0.1359643641240959,0.1359643641240959,0.00017019817970632785
Adipor1,0.05609798928394558,0.05609798928394558,0.1223012259927129
Hnrnpk,0.039447022059550654,0.039447022059550654,0.27742938536354433
Hsp90b1,0.14808045776999929,0.14808045776999929,4.163914648258828e-05
Pde4b,0.024733533086599098,0.024733533086599098,0.4959738232960136
Ncf2,-0.023804443185521523,0.023804443185521523,0.5123030111690962
Cnp,-0.10157071430721093,0.10157071430721093,0.005066832912709131
Fam96a,-0.045601771680909516,0.045601771680909516,0.20921092774186312
Nop58,0.15335380405986385,0.15335380405986385,2.1776340016336965e-05
Tomm7,0.1452767800739123,0.1452767800739123,5.825838363091624e-05
Txnl1,0.06918748261205229,0.06918748261205229,0.0565837074990247
Eif3i,0.082054374835681,0.082054374835681,0.023686572139370664
Neu1,-0.06211148612093535,0.06211148612093535,0.08705721808800192
Actg1,0.01681819037870164,0.01681819037870164,0.6434252235742914
Prkar1a,-0.01027266019169342,0.01027266019169342,0.777376902922099
Epn1,0.007320742898737241,0.007320742898737241,0.840315867444109
Snf8,0.019715336145614343,0.019715336145614343,0.5873553535676218
Mrpl15,0.010323178391923933,0.010323178391923933,0.77631111868743
Cd79a,-0.15860041535066643,0.15860041535066643,1.1182355557324511e-05
Fam173a,0.12581987624924731,0.12581987624924731,0.0005075674419444159
Calm2,0.05105171395284111,0.05105171395284111,0.15972442824721203
Dph3,-0.019828302072314053,0.019828302072314053,0.5852154672071583
Cox6a1,0.11687897821862567,0.11687897821862567,0.0012470395949370746
H2-D1,0.16254485174167352,0.16254485174167352,6.679302894067377e-06
Yeats4,-0.03271705335371635,0.03271705335371635,0.36774600907091715
Ucp2,-0.23502266846372566,0.23502266846372566,5.3601723327004775e-11
D10Wsu52e,-0.09480630716820938,0.09480630716820938,0.008916994380260515
Rps26,-0.19366582985391206,0.19366582985391206,7.397559371930964e-08
2900010M23Rik,0.07921677116086055,0.07921677116086055,0.028984771664427214
Tnrc6b,0.11486491522802664,0.11486491522802664,0.0015144557675769654
Pdcd4,-0.06482224716607768,0.06482224716607768,0.07410520908777998
Syngr2,0.0786036926801081,0.0786036926801081,0.030254628428033815
Metap2,0.10290053793237267,0.10290053793237267,0.004516392425069712
Sh3bgrl,0.0391111279060599,0.0391111279060599,0.28154429092626815
Tram1,0.03534929216688044,0.03534929216688044,0.33044751507839915
Lsm5,0.005235060580965284,0.005235060580965284,0.8854340612523991
1810046J19Rik,-0.020143213890640634,0.020143213890640634,0.5792693358207464
Coro1a,-0.154595788085559,0.154595788085559,1.863424237683032e-05
Vps37b,0.0933086083306552,0.0933086083306552,0.010061057700143072
Smap2,0.026533881334784213,0.026533881334784213,0.46513764495862864
Laptm5,-0.0468739266696935,0.0468739266696935,0.19677041467542203
Grk6,-0.04344214426478054,0.04344214426478054,0.23161432193263776
Tpr,0.07250636227577018,0.07250636227577018,0.04569466473949303
G3bp1,0.07168338803930183,0.07168338803930183,0.048215549127751375
Sfn,0.013691462320769907,0.013691462320769907,0.7062895701276215
Dpm3,0.0924297411626028,0.0924297411626028,0.010791551078198822
Cyba,0.09057092027546006,0.09057092027546006,0.012493366940520476
Adrm1,0.018016394863082284,0.018016394863082284,0.6199646440110406
Rpl23,-0.19499221406992223,0.19499221406992223,5.999581593169003e-08
Ube2e1,0.013889816618933888,0.013889816618933888,0.7022358967895453
Rbbp7,0.005075911750349824,0.005075911750349824,0.8888940220553921
Wbp11,-0.015479794706248558,0.015479794706248558,0.6700556752835306
Luc7l2,0.09732805526698597,0.09732805526698597,0.007250591630412235
2900053A13Rik,-0.0017940940431365906,0.0017940940431365906,0.9606177499638439
Il21r,0.06072210616091129,0.06072210616091129,0.09437034370997047
D4Wsu53e,0.172063935913909,0.172063935913909,1.830441084771729e-06
Atp6v1e1,-0.05667038429580507,0.05667038429580507,0.11852899694498129
Hn1,0.03175795666604256,0.03175795666604256,0.38196257029030295
Commd3,-0.04352332893113071,0.04352332893113071,0.23074251533955245
Ythdc1,0.03894140294243317,0.03894140294243317,0.28363916430684494
Rock1,0.08833139616075449,0.08833139616075449,0.01485548046555844
Zmat2,0.006746849927309061,0.006746849927309061,0.8526849056464666
Pdcd5,0.003965233160825407,0.003965233160825407,0.9130958631595874
Srsf10,0.05379415674871871,0.05379415674871871,0.13843757979908977
Ndufa13,0.0815884336155426,0.0815884336155426,0.024494268883674206
Aup1,0.03197015478153007,0.03197015478153007,0.3787885466469687
B4galnt1,-0.03909635635886076,0.03909635635886076,0.2817261951320045
Stub1,0.01739349307908516,0.01739349307908516,0.6321147319340599
H2-Ke6,0.0065103178737856236,0.0065103178737856236,0.8577935715659271
Rps15a-ps6,-0.11580176668774893,0.11580176668774893,0.0013841102597647156
Ptges3,0.17130346166865382,0.17130346166865382,2.0352683515869226e-06
Dnaja1,0.07318849366810934,0.07318849366810934,0.043690073871729955
Tubb4b,0.23045751424877461,0.23045751424877461,1.2797526390465887e-10
Hnrnpr,-0.015727609183712892,0.015727609183712892,0.6650922349914296
Tmem30a,0.11373768612237495,0.11373768612237495,0.0016862107537187398
Cox7c,0.002298446228212394,0.002298446228212394,0.9495598036879941
Cdc42se2,0.03862125021937975,0.03862125021937975,0.2876193448185197
Tcp1,-0.019016190131823048,0.019016190131823048,0.6006787927559339
Lass2,0.024319471707893933,0.024319471707893933,0.5032167289045887
Atp5g3,-0.03794029799153844,0.03794029799153844,0.2962095688440982
Rps23,-0.19200752573258173,0.19200752573258173,9.592497593942061e-08
Clptm1l,0.06204697289225188,0.06204697289225188,0.08738637309796637
Lamtor2,-0.006879132881014483,0.006879132881014483,0.8498305048173543
Fam134b,-0.02831026505991735,0.02831026505991735,0.43578432803682726
Rnasek,-0.014193663176980453,0.014193663176980453,0.6960427221672791
Pdcd10,0.030811259422140486,0.030811259422140486,0.39632042771113923
Dnajc7,0.06303814146169766,0.06303814146169766,0.08243860079739318
Mob4,-0.06266854878896165,0.06266854878896165,0.0842563747200997
Hnrnpab,0.10934810022779183,0.10934810022779183,0.0025393442635070324
Aes,0.004935932931118836,0.004935932931118836,0.8919389682836678
Tax1bp1,0.07018380772620081,0.07018380772620081,0.05310886221941784
Snx20,0.008887455473328178,0.008887455473328178,0.8067570363379046
Cct2,-0.011630003085342936,0.011630003085342936,0.7488924086251904
Cnbp,0.02561334230192331,0.02561334230192331,0.48077007003114536
Rpl38,-0.05410719524835082,0.05410719524835082,0.13615351764382036
Ablim1,-0.021949476031699684,0.021949476031699684,0.5457225860945398
Gas5,0.024923848506121348,0.024923848506121348,0.49266347890414014
Mrps21,-0.029020588578341264,0.029020588578341264,0.42435197964955806
Tpt1,-0.13923937747532128,0.13923937747532128,0.00011762652553163693
Strap,0.15183913070436025,0.15183913070436025,2.629106456776735e-05
Mrps36,-0.0017823816849310188,0.0017823816849310188,0.9608746421001224
Ndufa6,0.0007426046834575669,0.0007426046834575669,0.9836935683084274
Psma2,-0.005520122863368043,0.005520122863368043,0.8792421792177512
Ptma,-0.11222453391127651,0.11222453391127651,0.0019449139679613143
Ppm1g,0.06329282403664618,0.06329282403664618,0.08120455671215972
Chchd2,0.020652859773050477,0.020652859773050477,0.5697066863287371
Ubxn4,0.06583768627831202,0.06583768627831202,0.06967761598668398
Serf2,0.03307758450298893,0.03307758450298893,0.3624880810650497
H2afy,-0.10087744018414398,0.10087744018414398,0.005377171636568865
Ndufb9,0.06508413545185003,0.06508413545185003,0.07294190555750216
Rpl23a,-0.2072958101277787,0.2072958101277787,8.016412111124694e-09
Ndufa5,0.04233099615950371,0.04233099615950371,0.2437815956877044
2310016M24Rik,-0.00782697745159062,0.00782697745159062,0.8294375274473571
Tubb5,0.05876701594939694,0.05876701594939694,0.1054844002435696
Trmt112,-0.05887976982831483,0.05887976982831483,0.10481645377528553
Park7,0.04181004235337215,0.04181004235337215,0.24963781207850946
Sept7,0.0726262076449103,0.0726262076449103,0.045336974395758865
H2-Aa,-0.010718996571235772,0.010718996571235772,0.7679752201907898
Ccr7,-0.10439556787726317,0.10439556787726317,0.00396257218716878
Eif3g,-0.053782022390514196,0.053782022390514196,0.1385267068134519
Pnrc1,0.0825535400741028,0.0825535400741028,0.022846969515962972
Ddrgk1,0.07618058722862871,0.07618058722862871,0.035750925694904304
Arpp19,0.05067264345552407,0.05067264345552407,0.16285136356698332
2010001M09Rik,0.0614370304178774,0.0614370304178774,0.09054815030881834
Serp1,-0.05603020355364963,0.05603020355364963,0.12275408377284905
Txndc17,0.04626644637459993,0.04626644637459993,0.20264186957436925
Hnrnpa3,-0.054435606796736376,0.054435606796736376,0.13378861088552746
Atp5a1,-0.015163439834521222,0.015163439834521222,0.676412827992518
Rhoa,-0.03569833643811706,0.03569833643811706,0.32569179199591075
Ptprcap,-0.14562620907121895,0.14562620907121895,5.588870171200532e-05
Smc6,-0.03157162774318959,0.03157162774318959,0.38476302901441084
Arl6ip1,0.031852735002003925,0.031852735002003925,0.3805428849489234
Hsp90aa1,-0.023313063707528604,0.023313063707528604,0.5210509985413145
Rps16,-0.20741136279001865,0.20741136279001865,7.861565972612222e-09
Emg1,-0.019595695918633645,0.019595695918633645,0.5896256027124983
Arf1,0.05804615108949372,0.05804615108949372,0.10983474935339853
Scp2,-0.018964388145694396,0.018964388145694396,0.6016713709744962
Ccdc72,0.006046019919523691,0.006046019919523691,0.8678386803648831
Arf6,0.006452502056528645,0.006452502056528645,0.8590432020870031
1110004F10Rik,-0.032744044698272655,0.032744044698272655,0.3673507377098368
Cytip,0.07564908625537513,0.07564908625537513,0.03706411843940399
Erh,-0.025618580460017627,0.025618580460017627,0.48068031590924915
Supt4h1,-0.046596246203711646,0.046596246203711646,0.1994386552736136
Eif5a,0.01314286480876334,0.01314286480876334,0.717544072999324
Crip1,0.2343327429769095,0.2343327429769095,6.120783276360284e-11
Pfdn2,0.10193192492853757,0.10193192492853757,0.004911627247858651
Bud31,0.01507317193224209,0.01507317193224209,0.6782310156636395
Emd,0.08792802234030736,0.08792802234030736,0.015320361400918586
Brd2,0.09309514296082043,0.09309514296082043,0.010234323687078545
Ly6e,-0.0901111557732663,0.0901111557732663,0.012949262361463909
Vps28,0.055383836840153466,0.055383836840153466,0.12713820537201057
Cox6b1,0.013703890041106025,0.013703890041106025,0.7060353448989334
H3f3a,-0.34415785668046767,0.34415785668046767,1.4813139965991672e-22
Prelid1,0.024716268397187713,0.024716268397187713,0.49627471005248835
Rplp2,-0.18886305001102485,0.18886305001102485,1.5602795909531575e-07
Tmem123,0.1484095031641922,0.1484095031641922,4.001385743330847e-05
Nfkbia,0.06749399833463586,0.06749399833463586,0.06292238853943781
Ddx6,0.21615665666789416,0.21615665666789416,1.7384074493380882e-09
Pcmtd1,0.03984032892962591,0.03984032892962591,0.2726633431008301
Cnn2,-0.11101494499891372,0.11101494499891372,0.0021773420110972356
Sub1,0.08703281508830352,0.08703281508830352,0.016397976024415922
Csnk2a1,0.0020230667270938205,0.0020230667270938205,0.9555964473934127
Rps28,-0.1135666547637544,0.1135666547637544,0.0017137802952187126
Sri,-0.0431376164874318,0.0431376164874318,0.2349053071849407
Rpl36,-0.12368760905992464,0.12368760905992464,0.0006323393432609019
Hnrnpd,0.019408442150333327,0.019408442150333327,0.5931869426296855
Rpl22l1,-0.1749331635098897,0.1749331635098897,1.2216215687872578e-06
Slc25a3,0.011174410574802956,0.011174410574802956,0.758417324078318
Fbl,-0.002374967838112517,0.002374967838112517,0.9478828576838312
Ehd1,0.055237414362796854,0.055237414362796854,0.12814804091397408
Mrpl33,0.005674905932704591,0.005674905932704591,0.8758831723733864
Ppp1ca,-0.09189875215106025,0.09189875215106025,0.01125535894191162
Psmd4,0.02377095403418098,0.02377095403418098,0.5128967790503817
Calm1,0.1642135584984571,0.1642135584984571,5.351104161006438e-06
Rps20,-0.17178428277715915,0.17178428277715915,1.9033524431441153e-06
S100a10,-0.04490432046227584,0.04490432046227584,0.21626799602856012
Serinc3,-0.10941033283587899,0.10941033283587899,0.002524896935314969
Gm9320,-0.0915064607643842,0.0915064607643842,0.011609278506707928
Gtf2a2,-0.05141959287656515,0.05141959287656515,0.15673335048289266
Rpl41,-0.033121678539896574,0.033121678539896574,0.3618482611930388
Rplp1,-0.16428461293973692,0.16428461293973692,5.300564818499022e-06
Dynlrb1,-0.01657696555888231,0.01657696555888231,0.6481925641631204
Cst3,0.13529696234229743,0.13529696234229743,0.00018332268972775706
Eif4g2,0.07985504268139282,0.07985504268139282,0.027711652885932622
Snrpe,-0.09081007268396309,0.09081007268396309,0.012261882253918234
Nop10,0.0355857620963988,0.0355857620963988,0.3272207391062821
Ezr,0.2345747569354543,0.2345747569354543,5.842688237386569e-11
Dad1,0.18648705105987473,0.18648705105987473,2.241308303818366e-07
Cd79b,-0.33794139813102875,0.33794139813102875,9.293980769486214e-22
Rpl35a,-0.20462418547118072,0.20462418547118072,1.2544993776972617e-08
Hmgn1,-0.08162091535513184,0.08162091535513184,0.024437200185282948
Rps8,-0.2052936449173501,0.2052936449173501,1.1219659180394874e-08
Ndufa2,-0.0008911695946357098,0.0008911695946357098,0.9804319147773523
Eif3h,-0.14565077744464944,0.14565077744464944,5.572556482195767e-05
Uqcrq,-0.061141212373749684,0.061141212373749684,0.092114328921155
Rps5,-0.1602372513028078,0.1602372513028078,9.042914091081308e-06
Cox4i1,0.03714248819294945,0.03714248819294945,0.3064898165172208
Uqcrh,-0.06313132703237014,0.06313132703237014,0.08198532888011653
Selk,0.08736576805508413,0.08736576805508413,0.015989656210072454
Stat3,0.1417533529203897,0.1417533529203897,8.808887635162994e-05
Prdx1,0.1668708859859865,0.1668708859859865,3.7422243809099843e-06
Uqcrb,0.11811088652301659,0.11811088652301659,0.001105675833339523
Gnb2l1,-0.19503492613637854,0.19503492613637854,5.959106248983321e-08
Cxcl1,-0.08614167740251685,0.08614167740251685,0.017536128866031054
Rpl24,-0.14267961068566648,0.14267961068566648,7.908952812145846e-05
Ldha,0.071588048722021,0.071588048722021,0.048514983665932786
Eif4a2,0.08341265560013093,0.08341265560013093,0.021462271024395144
Rpl6,-0.17499705617737968,0.17499705617737968,1.2105793157600223e-06
Rpl3,-0.16979651080135963,0.16979651080135963,2.507907999629428e-06
Uba52,-0.18395703474071504,0.18395703474071504,3.279382782214468e-07
Psap,0.13935148283205784,0.13935148283205784,0.00011613147558529515
Btg2,-0.09900217666517115,0.09900217666517115,0.006304244455179327
Srgn,0.16428229494189545,0.16428229494189545,5.302206334009422e-06
Rpl7,-0.2290127617249123,0.2290127617249123,1.6791373077367357e-10
Gng5,-0.0819761825961421,0.0819761825961421,0.023820484085404672
Rpl15,-0.19236588099665228,0.19236588099665228,9.070475792047795e-08
Snrpg,-0.053787780495565804,0.053787780495565804,0.13848440796019093
Rpl10,-0.15937419625422883,0.15937419625422883,1.0116961232784996e-05
Tceb2,0.20249772141416597,0.20249772141416597,1.784071995707526e-08
Pfdn5,0.053270391523860955,0.053270391523860955,0.14232492927250803
Ybx1,0.013603010145888902,0.013603010145888902,0.7080999181401751
Rplp0,-0.19485923116000647,0.19485923116000647,6.127310132653103e-08
D8Ertd738e,0.03452767530288119,0.03452767530288119,0.34181812774109716
Rps15a,-0.1643668459462663,0.1643668459462663,5.242643802072169e-06
Srsf3,-0.05566257195294626,0.05566257195294626,0.12523293829997742
Btg1,-0.29881746102388435,0.29881746102388435,3.851520653512385e-17
Rps19,-0.12987021652470404,0.12987021652470404,0.00033119300650205
Rps27a,-0.21973007084997873,0.21973007084997873,9.209108758491857e-10
Rpsa,-0.15484762136632466,0.15484762136632466,1.805202695192326e-05
Rps21,-0.071578463983729,0.071578463983729,0.048545172724130996
